# vtk DataFile Version 3.0
Lid-Driven Cavity Re=100 Step=600
ASCII
DATASET STRUCTURED_POINTS
DIMENSIONS 64 64 1
ORIGIN 0.007812 0.007812 0.0
SPACING 0.015625 0.015625 1.0
POINT_DATA 4096
VECTORS velocity double
1.52261044e-04 1.17643494e-04 0.0
2.83501655e-04 1.56033803e-04 0.0
2.25455071e-04 1.72078962e-04 0.0
1.32837969e-04 1.90692650e-04 0.0
1.10706964e-06 2.11279646e-04 0.0
-1.70966319e-04 2.31129655e-04 0.0
-3.80286624e-04 2.48623560e-04 0.0
-6.21520769e-04 2.63149401e-04 0.0
-8.88626980e-04 2.74604232e-04 0.0
-1.17566093e-03 2.83193977e-04 0.0
-1.47716091e-03 2.89189019e-04 0.0
-1.78828705e-03 2.92945995e-04 0.0
-2.10485332e-03 2.94756078e-04 0.0
-2.42328585e-03 2.94945205e-04 0.0
-2.74056390e-03 2.93734961e-04 0.0
-3.05413657e-03 2.91378242e-04 0.0
-3.36184842e-03 2.88012513e-04 0.0
-3.66185763e-03 2.83818204e-04 0.0
-3.95257137e-03 2.78859212e-04 0.0
-4.23257986e-03 2.73258584e-04 0.0
-4.50060937e-03 2.67025164e-04 0.0
-4.75547587e-03 2.60243195e-04 0.0
-4.99605609e-03 2.52885560e-04 0.0
-5.22125925e-03 2.45014776e-04 0.0
-5.43001350e-03 2.36584138e-04 0.0
-5.62125228e-03 2.27648036e-04 0.0
-5.79391229e-03 2.18152847e-04 0.0
-5.94693093e-03 2.08154729e-04 0.0
-6.07925231e-03 1.97602425e-04 0.0
-6.18983284e-03 1.86560768e-04 0.0
-6.27765278e-03 1.74987694e-04 0.0
-6.34172798e-03 1.62961649e-04 0.0
-6.38112568e-03 1.50455149e-04 0.0
-6.39498128e-03 1.37564180e-04 0.0
-6.38251769e-03 1.24280594e-04 0.0
-6.34306700e-03 1.10721491e-04 0.0
-6.27609309e-03 9.69026454e-05 0.0
-6.18121803e-03 8.29657616e-05 0.0
-6.05824806e-03 6.89550239e-05 0.0
-5.90720446e-03 5.50400158e-05 0.0
-5.72835239e-03 4.12973574e-05 0.0
-5.52223547e-03 2.79270269e-05 0.0
-5.28970636e-03 1.50408956e-05 0.0
-5.03196336e-03 2.87016450e-06 0.0
-4.75058039e-03 -8.43752356e-06 0.0
-4.44754276e-03 -1.86217815e-05 0.0
-4.12527309e-03 -2.75021928e-05 0.0
-3.78666216e-03 -3.47952364e-05 0.0
-3.43508630e-03 -4.02952064e-05 0.0
-3.07442863e-03 -4.37061286e-05 0.0
-2.70908348e-03 -4.48090650e-05 0.0
-2.34396378e-03 -4.33102294e-05 0.0
-1.98448977e-03 -3.89924484e-05 0.0
-1.63658130e-03 -3.15798693e-05 0.0
-1.30663216e-03 -2.08707029e-05 0.0
-1.00149222e-03 -6.61785173e-06 0.0
-7.28436570e-04 1.13606707e-05 0.0
-4.95151031e-04 3.32859823e-05 0.0
-3.09706802e-04 5.93264400e-05 0.0
-1.80507176e-04 8.96377504e-05 0.0
-1.15900980e-04 1.24013312e-04 0.0
-1.22071804e-04 1.60483698e-04 0.0
-1.92559748e-04 1.88371501e-04 0.0
-1.20872229e-04 1.57407356e-04 0.0
1.79396405e-04 1.90905230e-04 0.0
3.41813540e-04 3.29044232e-04 0.0
2.38240111e-04 4.30757703e-04 0.0
3.93797061e-08 5.32986606e-04 0.0
-3.62946851e-04 6.33948258e-04 0.0
-8.39299110e-04 7.27224073e-04 0.0
-1.41558868e-03 8.08576999e-04 0.0
-2.07682302e-03 8.76205839e-04 0.0
-2.80747895e-03 9.29963412e-04 0.0
-3.59245057e-03 9.70608273e-04 0.0
-4.41765609e-03 9.99370227e-04 0.0
-5.27037473e-03 1.01762313e-03 0.0
-6.13935036e-03 1.02676448e-03 0.0
-7.01477900e-03 1.02807243e-03 0.0
-7.88819296e-03 1.02271049e-03 0.0
-8.75231982e-03 1.01164942e-03 0.0
-9.60090293e-03 9.95724545e-04 0.0
-1.04285379e-02 9.75579427e-04 0.0
-1.12305004e-02 9.51747789e-04 0.0
-1.20026056e-02 9.24601428e-04 0.0
-1.27410727e-02 8.94443601e-04 0.0
-1.34424235e-02 8.61453034e-04 0.0
-1.41033901e-02 8.25781933e-04 0.0
-1.47208542e-02 7.87492583e-04 0.0
-1.52917943e-02 7.46656584e-04 0.0
-1.58132595e-02 7.03283347e-04 0.0
-1.62823489e-02 6.57419235e-04 0.0
-1.66962111e-02 6.09068914e-04 0.0
-1.70520484e-02 5.58294221e-04 0.0
-1.73471352e-02 5.05130118e-04 0.0
-1.75788403e-02 4.49683525e-04 0.0
-1.77446596e-02 3.92045832e-04 0.0
-1.78422522e-02 3.32391869e-04 0.0
-1.78694846e-02 2.70890742e-04 0.0
-1.78244793e-02 2.07804797e-04 0.0
-1.77056685e-02 1.43400198e-04 0.0
-1.75118548e-02 7.80453078e-05 0.0
-1.72422737e-02 1.21219680e-05 0.0
-1.68966658e-02 -5.38777240e-05 0.0
-1.64753477e-02 -1.19438960e-04 0.0
-1.59792934e-02 -1.83930533e-04 0.0
-1.54102118e-02 -2.46691208e-04 0.0
-1.47706343e-02 -3.06941045e-04 0.0
-1.40639934e-02 -3.63867015e-04 0.0
-1.32947108e-02 -4.16541562e-04 0.0
-1.24682694e-02 -4.64008158e-04 0.0
-1.15912919e-02 -5.05209355e-04 0.0
-1.06715949e-02 -5.39072902e-04 0.0
-9.71824456e-03 -5.64451173e-04 0.0
-8.74157913e-03 -5.80207925e-04 0.0
-7.75322524e-03 -5.85170161e-04 0.0
-6.76607059e-03 -5.78214825e-04 0.0
-5.79422237e-03 -5.58233540e-04 0.0
-4.85290710e-03 -5.24218945e-04 0.0
-3.95833968e-03 -4.75245432e-04 0.0
-3.12750145e-03 -4.10563376e-04 0.0
-2.37782861e-03 -3.29620706e-04 0.0
-1.72668131e-03 -2.32227705e-04 0.0
-1.19044119e-03 -1.18785549e-04 0.0
-7.82739450e-04 9.01675951e-06 0.0
-5.10835268e-04 1.46382097e-04 0.0
-3.68041934e-04 2.79822107e-04 0.0
-3.20036694e-04 3.69882844e-04 0.0
-1.56586389e-04 2.97408234e-04 0.0
1.50114880e-04 1.31458298e-04 0.0
2.45720069e-04 4.00536168e-04 0.0
4.00101561e-05 6.68551773e-04 0.0
-3.59853481e-04 9.33262517e-04 0.0
-9.47602617e-04 1.18441312e-03 0.0
-1.70636889e-03 1.41188604e-03 0.0
-2.61532022e-03 1.60916403e-03 0.0
-3.65193029e-03 1.77347413e-03 0.0
-4.79334826e-03 1.90477974e-03 0.0
-6.01738314e-03 2.00481186e-03 0.0
-7.30322175e-03 2.07622401e-03 0.0
-8.63182962e-03 2.12211166e-03 0.0
-9.98615401e-03 2.14559162e-03 0.0
-1.13511218e-02 2.14965975e-03 0.0
-1.27135527e-02 2.13698595e-03 0.0
-1.40619697e-02 2.10993792e-03 0.0
-1.53864008e-02 2.07047025e-03 0.0
-1.66781394e-02 2.02022928e-03 0.0
-1.79295359e-02 1.96047870e-03 0.0
-1.91337795e-02 1.89224311e-03 0.0
-2.02847280e-02 1.81624100e-03 0.0
-2.13767406e-02 1.73304422e-03 0.0
-2.24045619e-02 1.64300360e-03 0.0
-2.33632125e-02 1.54641199e-03 0.0
-2.42479254e-02 1.44341637e-03 0.0
-2.50540883e-02 1.33417915e-03 0.0
-2.57772241e-02 1.21877576e-03 0.0
-2.64129743e-02 1.09735286e-03 0.0
-2.69571125e-02 9.70013776e-04 0.0
-2.74055607e-02 8.36974082e-04 0.0
-2.77544261e-02 6.98438515e-04 0.0
-2.80000423e-02 5.54755073e-04 0.0
-2.81390254e-02 4.06286975e-04 0.0
-2.81683348e-02 2.53566080e-04 0.0
-2.80853449e-02 9.71628818e-05 0.0
-2.78879244e-02 -6.21608421e-05 0.0
-2.75745216e-02 -2.23581939e-04 0.0
-2.71442606e-02 -3.86065130e-04 0.0
-2.65970396e-02 -5.48491869e-04 0.0
-2.59336420e-02 -7.09513710e-04 0.0
-2.51558449e-02 -8.67680311e-04 0.0
-2.42665420e-02 -1.02130025e-03 0.0
-2.32698562e-02 -1.16856949e-03 0.0
-2.21712674e-02 -1.30744391e-03 0.0
-2.09777198e-02 -1.43577047e-03 0.0
-1.96977412e-02 -1.55117646e-03 0.0
-1.83415309e-02 -1.65120594e-03 0.0
-1.69210527e-02 -1.73323072e-03 0.0
-1.54500805e-02 -1.79459472e-03 0.0
-1.39442404e-02 -1.83255099e-03 0.0
-1.24209860e-02 -1.84441624e-03 0.0
-1.08995540e-02 -1.82753856e-03 0.0
-9.40082852e-03 -1.77946657e-03 0.0
-7.94715586e-03 -1.69795939e-03 0.0
-6.56202185e-03 -1.58119177e-03 0.0
-5.26960984e-03 -1.42785527e-03 0.0
-4.09409663e-03 -1.23750267e-03 0.0
-3.05861535e-03 -1.01096489e-03 0.0
-2.18357269e-03 -7.51321520e-04 0.0
-1.48399529e-03 -4.65719639e-04 0.0
-9.65333680e-04 -1.69440324e-04 0.0
-6.17777783e-04 1.05299344e-04 0.0
-4.11967281e-04 2.90594117e-04 0.0
-1.69771338e-04 2.49401509e-04 0.0
1.13488353e-04 1.37991322e-04 0.0
1.10940123e-04 5.71082797e-04 0.0
-2.38225108e-04 1.05288590e-03 0.0
-8.24161925e-04 1.53473480e-03 0.0
-1.64221838e-03 1.98875584e-03 0.0
-2.67359371e-03 2.39769468e-03 0.0
-3.89318760e-03 2.75191373e-03 0.0
-5.27334613e-03 3.04750650e-03 0.0
-6.78584453e-03 3.28468046e-03 0.0
-8.40316633e-03 3.46628486e-03 0.0
-1.00992999e-02 3.59674333e-03 0.0
-1.18502612e-02 3.68118203e-03 0.0
-1.36343211e-02 3.72492891e-03 0.0
-1.54320842e-02 3.73307702e-03 0.0
-1.72263884e-02 3.71033022e-03 0.0
-1.90021531e-02 3.66080206e-03 0.0
-2.07461346e-02 3.58804792e-03 0.0
-2.24466943e-02 3.49497931e-03 0.0
-2.40935284e-02 3.38399101e-03 0.0
-2.56774450e-02 3.25692295e-03 0.0
-2.71901310e-02 3.11522958e-03 0.0
-2.86239798e-02 2.95995118e-03 0.0
-2.99719212e-02 2.79189520e-03 0.0
-3.12273111e-02 2.61159695e-03 0.0
-3.23838273e-02 2.41949780e-03 0.0
-3.34354164e-02 2.21588733e-03 0.0
-3.43762472e-02 2.00107268e-03 0.0
-3.52007044e-02 1.77530215e-03 0.0
-3.59033879e-02 1.53892567e-03 0.0
-3.64791416e-02 1.29230360e-03 0.0
-3.69230882e-02 1.03596089e-03 0.0
-3.72306854e-02 7.70486163e-04 0.0
-3.73977886e-02 4.96682268e-04 0.0
-3.74207287e-02 2.15460323e-04 0.0
-3.72963985e-02 -7.20116455e-05 0.0
-3.70223491e-02 -3.64416364e-04 0.0
-3.65968987e-02 -6.60140537e-04 0.0
-3.60192444e-02 -9.57382706e-04 0.0
-3.52895914e-02 -1.25401016e-03 0.0
-3.44092789e-02 -1.54766743e-03 0.0
-3.33809250e-02 -1.83564074e-03 0.0
-3.22085615e-02 -2.11496960e-03 0.0
-3.08977878e-02 -2.38232447e-03 0.0
-2.94559046e-02 -2.63412592e-03 0.0
-2.78920647e-02 -2.86644297e-03 0.0
-2.62173889e-02 -3.07512549e-03 0.0
-2.44450934e-02 -3.25573180e-03 0.0
-2.25905649e-02 -3.40368110e-03 0.0
-2.06714342e-02 -3.51421910e-03 0.0
-1.87075752e-02 -3.58259783e-03 0.0
-1.67210844e-02 -3.60408941e-03 0.0
-1.47361530e-02 -3.57420378e-03 0.0
-1.27788892e-02 -3.48876852e-03 0.0
-1.08769846e-02 -3.34421282e-03 0.0
-9.05927031e-03 -3.13776785e-03 0.0
-7.35502431e-03 -2.86791871e-03 0.0
-5.79303826e-03 -2.53492320e-03 0.0
-4.40024051e-03 -2.14180843e-03 0.0
-3.19982539e-03 -1.69592411e-03 0.0
-2.20868639e-03 -1.21182215e-03 0.0
-1.43439928e-03 -7.16278655e-04 0.0
-8.72680225e-04 -2.57129749e-04 0.0
-5.08452472e-04 8.29890006e-05 0.0
-1.86634221e-04 1.71310576e-04 0.0
7.95159376e-05 2.15177701e-04 0.0
-2.56805693e-05 8.71835866e-04 0.0
-5.34219886e-04 1.60984279e-03 0.0
-1.31986721e-03 2.34937147e-03 0.0
-2.37271860e-03 3.04503734e-03 0.0
-3.67077608e-03 3.67086023e-03 0.0
-5.18554157e-03 4.21312267e-03 0.0
-6.88554309e-03 4.66647655e-03 0.0
-8.73856875e-03 5.03125426e-03 0.0
-1.07130474e-02 5.31153496e-03 0.0
-1.27789915e-02 5.51359512e-03 0.0
-1.49085320e-02 5.64485993e-03 0.0
-1.70762449e-02 5.71305228e-03 0.0
-1.92592193e-02 5.72572293e-03 0.0
-2.14370299e-02 5.68983155e-03 0.0
-2.35915537e-02 5.61162483e-03 0.0
-2.57067715e-02 5.49646063e-03 0.0
-2.77684876e-02 5.34888128e-03 0.0
-2.97640856e-02 5.17256072e-03 0.0
-3.16822502e-02 4.97047642e-03 0.0
-3.35127504e-02 4.74490483e-03 0.0
-3.52462133e-02 4.49763220e-03 0.0
-3.68739670e-02 4.22995439e-03 0.0
-3.83878848e-02 3.94289247e-03 0.0
-3.97802940e-02 3.63717486e-03 0.0
-4.10438877e-02 3.31344180e-03 0.0
-4.21716924e-02 2.97220267e-03 0.0
-4.31570381e-02 2.61402520e-03 0.0
-4.39935717e-02 2.23946989e-03 0.0
-4.46752739e-02 1.84926616e-03 0.0
-4.51965078e-02 1.44422985e-03 0.0
-4.55520728e-02 1.02543075e-03 0.0
-4.57372803e-02 5.94099834e-04 0.0
-4.57480383e-02 1.51792030e-04 0.0
-4.55809493e-02 -2.99711347e-04 0.0
-4.52334218e-02 -7.58242758e-04 0.0
-4.47037880e-02 -1.22134779e-03 0.0
-4.39914391e-02 -1.68612900e-03 0.0
-4.30969596e-02 -2.14934686e-03 0.0
-4.20222837e-02 -2.60727096e-03 0.0
-4.07708416e-02 -3.05578536e-03 0.0
-3.93477299e-02 -3.49025396e-03 0.0
-3.77598617e-02 -3.90563610e-03 0.0
-3.60161397e-02 -4.29637561e-03 0.0
-3.41275940e-02 -4.65653545e-03 0.0
-3.21075392e-02 -4.97972255e-03 0.0
-2.99716765e-02 -5.25925237e-03 0.0
-2.77382040e-02 -5.48812356e-03 0.0
-2.54278488e-02 -5.65922530e-03 0.0
-2.30638870e-02 -5.76537792e-03 0.0
-2.06720537e-02 -5.79959973e-03 0.0
-1.82804113e-02 -5.75523678e-03 0.0
-1.59190606e-02 -5.62632011e-03 0.0
-1.36197643e-02 -5.40783571e-03 0.0
-1.14153420e-02 -5.09625585e-03 0.0
-9.33889972e-03 -4.69009695e-03 0.0
-7.42272863e-03 -4.19088086e-03 0.0
-5.69693699e-03 -3.60442267e-03 0.0
-4.18768832e-03 -2.94295703e-03 0.0
-2.91528167e-03 -2.22832214e-03 0.0
-1.89239004e-03 -1.49694556e-03 0.0
-1.12361189e-03 -8.06952170e-04 0.0
-6.07954708e-04 -2.47066537e-04 0.0
-2.06541142e-04 5.64074939e-05 0.0
4.96297332e-05 3.56267991e-04 0.0
-1.53038091e-04 1.30884734e-03 0.0
-8.21049937e-04 2.34939078e-03 0.0
-1.80821014e-03 3.38264076e-03 0.0
-3.09454999e-03 4.35097353e-03 0.0
-4.65241366e-03 5.22086085e-03 0.0
-6.44919092e-03 5.97468486e-03 0.0
-8.44985789e-03 6.60560429e-03 0.0
-1.06188160e-02 7.11413594e-03 0.0
-1.29212496e-02 7.50559256e-03 0.0
-1.53239887e-02 7.78825170e-03 0.0
-1.77961128e-02 7.97190040e-03 0.0
-2.03092323e-02 8.06688035e-03 0.0
-2.28376345e-02 8.08330868e-03 0.0
-2.53582150e-02 8.03067782e-03 0.0
-2.78503634e-02 7.91749271e-03 0.0
-3.02957170e-02 7.75120953e-03 0.0
-3.26779343e-02 7.53811198e-03 0.0
-3.49823978e-02 7.28344072e-03 0.0
-3.71959748e-02 6.99138819e-03 0.0
-3.93067478e-02 6.66531901e-03 0.0
-4.13038186e-02 6.30780510e-03 0.0
-4.31771021e-02 5.92087437e-03 0.0
-4.49171959e-02 5.50604049e-03 0.0
-4.65152475e-02 5.06454580e-03 0.0
-4.79628890e-02 4.59736484e-03 0.0
-4.92521722e-02 4.10542766e-03 0.0
-5.03755585e-02 3.58959277e-03 0.0
-5.13259109e-02 3.05084978e-03 0.0
-5.20965273e-02 2.49026656e-03 0.0
-5.26811776e-02 1.90917602e-03 0.0
-5.30741713e-02 1.30910572e-03 0.0
-5.32704312e-02 6.91954814e-04 0.0
-5.32655876e-02 5.99138767e-05 0.0
-5.30560840e-02 -5.84363668e-04 0.0
-5.26392937e-02 -1.23784620e-03 0.0
-5.20136538e-02 -1.89695683e-03 0.0
-5.11788008e-02 -2.55766090e-03 0.0
-5.01357297e-02 -3.21530583e-03 0.0
-4.88869446e-02 -3.86471377e-03 0.0
-4.74366365e-02 -4.50003515e-03 0.0
-4.57908424e-02 -5.11485294e-03 0.0
-4.39576318e-02 -5.70206086e-03 0.0
-4.19472605e-02 -6.25398991e-03 0.0
-3.97723493e-02 -6.76232612e-03 0.0
-3.74480109e-02 -7.21827399e-03 0.0
-3.49919941e-02 -7.61253220e-03 0.0
-3.24247508e-02 -7.93551215e-03 0.0
-2.97695049e-02 -8.17739369e-03 0.0
-2.70522117e-02 -8.32842125e-03 0.0
-2.43014938e-02 -8.37906788e-03 0.0
-2.15484241e-02 -8.32044214e-03 0.0
-1.88262474e-02 -8.14460722e-03 0.0
-1.61698936e-02 -7.84516503e-03 0.0
-1.36153775e-02 -7.41783521e-03 0.0
-1.11989277e-02 -6.86138122e-03 0.0
-8.95595766e-03 -6.17871348e-03 0.0
-6.91975203e-03 -5.37856442e-03 0.0
-5.12008518e-03 -4.47771219e-03 0.0
-3.58184650e-03 -3.50419514e-03 0.0
-2.32426019e-03 -2.50153777e-03 0.0
-1.36128057e-03 -1.53410643e-03 0.0
-7.04112236e-04 -6.92731021e-04 0.0
-2.26657803e-04 -9.85607317e-05 0.0
2.35006522e-05 5.53405096e-04 0.0
-2.68489091e-04 1.87664036e-03 0.0
-1.08834223e-03 3.26947085e-03 0.0
-2.27074196e-03 4.63213376e-03 0.0
-3.78370211e-03 5.90079565e-03 0.0
-5.59196851e-03 7.03718883e-03 0.0
-7.65778354e-03 8.02097116e-03 0.0
-9.94217458e-03 8.84440275e-03 0.0
-1.24062823e-02 9.50843195e-03 0.0
-1.50123577e-02 1.00198389e-02 0.0
-1.77245618e-02 1.03889836e-02 0.0
-2.05094287e-02 1.06281990e-02 0.0
-2.33361875e-02 1.07505012e-02 0.0
-2.61768276e-02 1.07687753e-02 0.0
-2.90060963e-02 1.06951073e-02 0.0
-3.18013213e-02 1.05404872e-02 0.0
-3.45422317e-02 1.03145312e-02 0.0
-3.72106725e-02 1.00255039e-02 0.0
-3.97903657e-02 9.68026239e-03 0.0
-4.22666150e-02 9.28445275e-03 0.0
-4.46260835e-02 8.84255709e-03 0.0
-4.68565455e-02 8.35816356e-03 0.0
-4.89467201e-02 7.83403877e-03 0.0
-5.08860937e-02 7.27241047e-03 0.0
-5.26648205e-02 6.67502202e-03 0.0
-5.42736180e-02 6.04339728e-03 0.0
-5.57037297e-02 5.37886040e-03 0.0
-5.69468854e-02 4.68277365e-03 0.0
-5.79953146e-02 3.95652244e-03 0.0
-5.88417602e-02 3.20172875e-03 0.0
-5.94795323e-02 2.42020942e-03 0.0
-5.99025653e-02 1.61417256e-03 0.0
-6.01055028e-02 7.86158952e-04 0.0
-6.00837917e-02 -6.07715721e-05 0.0
-5.98337926e-02 -9.23107647e-04 0.0
-5.93529062e-02 -1.79670628e-03 0.0
-5.86397054e-02 -2.67686521e-03 0.0
-5.76940898e-02 -3.55814973e-03 0.0
-5.65174364e-02 -4.43447078e-03 0.0
-5.51127769e-02 -5.29892436e-03 0.0
-5.34849598e-02 -6.14388134e-03 0.0
-5.16408436e-02 -6.96085064e-03 0.0
-4.95894595e-02 -7.74059228e-03 0.0
-4.73422056e-02 -8.47302069e-03 0.0
-4.49129923e-02 -9.14735797e-03 0.0
-4.23184145e-02 -9.75209920e-03 0.0
-3.95778523e-02 -1.02752282e-02 0.0
-3.67135855e-02 -1.07042716e-02 0.0
-3.37508073e-02 -1.10266052e-02 0.0
-3.07176305e-02 -1.12296301e-02 0.0
-2.76449540e-02 -1.13012055e-02 0.0
-2.45662913e-02 -1.12299928e-02 0.0
-2.15174112e-02 -1.10060709e-02 0.0
-1.85359030e-02 -1.06215252e-02 0.0
-1.56605048e-02 -1.00713529e-02 0.0
-1.29303310e-02 -9.35445506e-03 0.0
-1.03838544e-02 -8.47505625e-03 0.0
-8.05784524e-03 -7.44441105e-03 0.0
-5.98622515e-03 -6.28312902e-03 0.0
-4.19921860e-03 -5.02400494e-03 0.0
-2.72299241e-03 -3.71552385e-03 0.0
-1.58039921e-03 -2.42568153e-03 0.0
-7.93011606e-04 -1.24570223e-03 0.0
-2.45417500e-04 -2.92434519e-04 0.0
5.79201961e-07 7.99618116e-04 0.0
-3.72229703e-04 2.56552144e-03 0.0
-1.33320497e-03 4.36142909e-03 0.0
-2.70026803e-03 6.08965177e-03 0.0
-4.42920417e-03 7.68519287e-03 0.0
-6.47626534e-03 9.10814062e-03 0.0
-8.79765991e-03 1.03372558e-02 0.0
-1.13500051e-02 1.13648836e-02 0.0
-1.40909610e-02 1.21930491e-02 0.0
-1.69799480e-02 1.28303208e-02 0.0
-1.99786406e-02 1.32894401e-02 0.0
-2.30513861e-02 1.35853987e-02 0.0
-2.61653665e-02 1.37340892e-02 0.0
-2.92907005e-02 1.37512120e-02 0.0
-3.24003399e-02 1.36516336e-02 0.0
-3.54699547e-02 1.34488575e-02 0.0
-3.84776772e-02 1.31548547e-02 0.0
-4.14038838e-02 1.27798904e-02 0.0
-4.42308897e-02 1.23326412e-02 0.0
-4.69427153e-02 1.18202167e-02 0.0
-4.95248055e-02 1.12484228e-02 0.0
-5.19638342e-02 1.06218609e-02 0.0
-5.42474855e-02 9.94424239e-03 0.0
-5.63643215e-02 9.21849256e-03 0.0
-5.83036363e-02 8.44706002e-03 0.0
-6.00553900e-02 7.63198977e-03 0.0
-6.16101325e-02 6.77520324e-03 0.0
-6.29589942e-02 5.87852996e-03 0.0
-6.40936711e-02 4.94395510e-03 0.0
-6.50064603e-02 3.97361438e-03 0.0
-6.56902961e-02 2.97001574e-03 0.0
-6.61388209e-02 1.93600833e-03 0.0
-6.63464632e-02 8.74987448e-04 0.0
-6.63085383e-02 -2.09151755e-04 0.0
-6.60213616e-02 -1.31181932e-03 0.0
-6.54823739e-02 -2.42778505e-03 0.0
-6.46902872e-02 -3.55099140e-03 0.0
-6.36452293e-02 -4.67461480e-03 0.0
-6.23489176e-02 -5.79089013e-03 0.0
-6.08048190e-02 -6.89118329e-03 0.0
-5.90183433e-02 -7.96583730e-03 0.0
-5.69970101e-02 -9.00426717e-03 0.0
-5.47506512e-02 -9.99484429e-03 0.0
-5.22915692e-02 -1.09250315e-02 0.0
-4.96347305e-02 -1.17813290e-02 0.0
-4.67978933e-02 -1.25494745e-02 0.0
-4.38017620e-02 -1.32144811e-02 0.0
-4.06700493e-02 -1.37609344e-02 0.0
-3.74295505e-02 -1.41731595e-02 0.0
-3.41100895e-02 -1.44356555e-02 0.0
-3.07444530e-02 -1.45334392e-02 0.0
-2.73681547e-02 -1.44526682e-02 0.0
-2.40191568e-02 -1.41812261e-02 0.0
-2.07373783e-02 -1.37096116e-02 0.0
-1.75641381e-02 -1.30318645e-02 0.0
-1.45413683e-02 -1.21468490e-02 0.0
-1.17107909e-02 -1.10596833e-02 0.0
-9.11294627e-03 -9.78360714e-03 0.0
-6.78636924e-03 -8.34210468e-03 0.0
-4.76691946e-03 -6.77146270e-03 0.0
-3.08770912e-03 -5.12348513e-03 0.0
-1.77971160e-03 -3.46829600e-03 0.0
-8.73425716e-04 -1.89675181e-03 0.0
-2.62273583e-04 -5.21945185e-04 0.0
-1.96881564e-05 1.08903452e-03 0.0
-4.65372535e-04 3.36491182e-03 0.0
-1.55613462e-03 5.61378678e-03 0.0
-3.09555849e-03 7.74379773e-03 0.0
-5.02798266e-03 9.69242699e-03 0.0
-7.30094083e-03 1.14209515e-02 0.0
-9.86420747e-03 1.29091347e-02 0.0
-1.26695425e-02 1.41507193e-02 0.0
-1.56709310e-02 1.51495952e-02 0.0
-1.88248417e-02 1.59167151e-02 0.0
-2.20905702e-02 1.64675126e-02 0.0
-2.54303957e-02 1.68199479e-02 0.0
-2.88097252e-02 1.69929033e-02 0.0
-3.21970336e-02 1.70050986e-02 0.0
-3.55638019e-02 1.68742154e-02 0.0
-3.88842908e-02 1.66164447e-02 0.0
-4.21353496e-02 1.62461164e-02 0.0
-4.52961117e-02 1.57756691e-02 0.0
-4.83477601e-02 1.52155904e-02 0.0
-5.12732215e-02 1.45746319e-02 0.0
-5.40569510e-02 1.38599063e-02 0.0
-5.66846753e-02 1.30772127e-02 0.0
-5.91432308e-02 1.22311814e-02 0.0
-6.14203781e-02 1.13256232e-02 0.0
-6.35047042e-02 1.03636581e-02 0.0
-6.53855103e-02 9.34804141e-03 0.0
-6.70527757e-02 8.28125031e-03 0.0
-6.84971107e-02 7.16577212e-03 0.0
-6.97097722e-02 6.00414443e-03 0.0
-7.06826725e-02 4.79920881e-03 0.0
-7.14084353e-02 3.55411437e-03 0.0
-7.18804520e-02 2.27254617e-03 0.0
-7.20929702e-02 9.58705129e-04 0.0
-7.20411903e-02 -3.82479307e-04 0.0
-7.17213814e-02 -1.74538272e-03 0.0
-7.11310133e-02 -3.12348340e-03 0.0
-7.02688949e-02 -4.50940477e-03 0.0
-6.91353379e-02 -5.89472427e-03 0.0
-6.77323121e-02 -7.27002676e-03 0.0
-6.60636354e-02 -8.62473255e-03 0.0
-6.41351396e-02 -9.94717123e-03 0.0
-6.19548758e-02 -1.12244443e-02 0.0
-5.95332806e-02 -1.24425367e-02 0.0
-5.68833828e-02 -1.35862373e-02 0.0
-5.40209508e-02 -1.46393137e-02 0.0
-5.09646791e-02 -1.55845221e-02 0.0
-4.77362899e-02 -1.64038794e-02 0.0
-4.43606649e-02 -1.70788032e-02 0.0
-4.08658618e-02 -1.75905240e-02 0.0
-3.72831437e-02 -1.79204059e-02 0.0
-3.36468558e-02 -1.80505514e-02 0.0
-2.99942896e-02 -1.79643634e-02 0.0
-2.63653548e-02 -1.76474089e-02 0.0
-2.28022161e-02 -1.70882964e-02 0.0
-1.93487090e-02 -1.62798801e-02 0.0
-1.60497274e-02 -1.52205434e-02 0.0
-1.29504192e-02 -1.39158358e-02 0.0
-1.00954468e-02 -1.23802386e-02 0.0
-7.52821347e-03 -1.06392535e-02 0.0
-5.29040825e-03 -8.73154460e-03 0.0
-3.42183928e-03 -6.71116131e-03 0.0
-1.96094307e-03 -4.64949827e-03 0.0
-9.45870434e-04 -2.63689585e-03 0.0
-2.77300910e-04 -7.83345660e-04 0.0
-3.77418776e-05 1.41678303e-03 0.0
-5.49322166e-04 4.26475011e-03 0.0
-1.75908298e-03 7.01448482e-03 0.0
-3.45851445e-03 9.58197208e-03 0.0
-5.58151719e-03 1.19097030e-02 0.0
-8.06724961e-03 1.39623931e-02 0.0
-1.08588993e-02 1.57226428e-02 0.0
-1.39032061e-02 1.71868897e-02 0.0
-1.71502369e-02 1.83618868e-02 0.0
-2.05534520e-02 1.92615952e-02 0.0
-2.40697026e-02 1.99046635e-02 0.0
-2.76593144e-02 2.03122893e-02 0.0
-3.12860008e-02 2.05066382e-02 0.0
-3.49168109e-02 2.05095458e-02 0.0
-3.85219093e-02 2.03417035e-02 0.0
-4.20744007e-02 2.00220081e-02 0.0
-4.55500231e-02 1.95673101e-02 0.0
-4.89269133e-02 1.89922063e-02 0.0
-5.21852812e-02 1.83091521e-02 0.0
-5.53071774e-02 1.75285127e-02 0.0
-5.82762029e-02 1.66588691e-02 0.0
-6.10773202e-02 1.57071820e-02 0.0
-6.36966281e-02 1.46791692e-02 0.0
-6.61212345e-02 1.35794845e-02 0.0
-6.83391052e-02 1.24120915e-02 0.0
-7.03389998e-02 1.11804080e-02 0.0
-7.21103910e-02 9.88764155e-03 0.0
-7.36434557e-02 8.53688279e-03 0.0
-7.49290550e-02 7.13139826e-03 0.0
-7.59587718e-02 5.67467633e-03 0.0
-7.67249422e-02 4.17068513e-03 0.0
-7.72207295e-02 2.62388472e-03 0.0
-7.74402008e-02 1.03946154e-03 0.0
-7.73784309e-02 -5.76680108e-04 0.0
-7.70316185e-02 -2.21769837e-03 0.0
-7.63972149e-02 -3.87583489e-03 0.0
-7.54740758e-02 -5.54220728e-03 0.0
-7.42626104e-02 -7.20684169e-03 0.0
-7.27649622e-02 -8.85848239e-03 0.0
-7.09851732e-02 -1.04846428e-02 0.0
-6.89293869e-02 -1.20714456e-02 0.0
-6.66060176e-02 -1.36037071e-02 0.0
-6.40259639e-02 -1.50648296e-02 0.0
-6.12027704e-02 -1.64369445e-02 0.0
-5.81528343e-02 -1.77008868e-02 0.0
-5.48955386e-02 -1.88364307e-02 0.0
-5.14534275e-02 -1.98223892e-02 0.0
-4.78522812e-02 -2.06369853e-02 0.0
-4.41212226e-02 -2.12581285e-02 0.0
-4.02926915e-02 -2.16639782e-02 0.0
-3.64024329e-02 -2.18334582e-02 0.0
-3.24893145e-02 -2.17470766e-02 0.0
-2.85951380e-02 -2.13877477e-02 0.0
-2.47642430e-02 -2.07419351e-02 0.0
-2.10430961e-02 -1.98008448e-02 0.0
-1.74796655e-02 -1.85619435e-02 0.0
-1.41228166e-02 -1.70305514e-02 0.0
-1.10215603e-02 -1.52217135e-02 0.0
-8.22445644e-03 -1.31620838e-02 0.0
-5.77905037e-03 -1.08918971e-02 0.0
-3.73170071e-03 -8.46670534e-03 0.0
-2.12768076e-03 -5.95885192e-03 0.0
-1.01187973e-03 -3.45840386e-03 0.0
-2.90816905e-04 -1.07328704e-03 0.0
-5.40091921e-05 1.77885549e-03 0.0
-6.25499189e-04 5.25607630e-03 0.0
-1.94464093e-03 8.55207441e-03 0.0
-3.79255870e-03 1.15917519e-02 0.0
-6.09386952e-03 1.43242610e-02 0.0
-8.77980854e-03 1.67195375e-02 0.0
-1.17871765e-02 1.87645511e-02 0.0
-1.50575912e-02 2.04597445e-02 0.0
-1.85371612e-02 2.18156783e-02 0.0
-2.21761987e-02 2.28501082e-02 0.0
-2.59291289e-02 2.35853870e-02 0.0
-2.97542870e-02 2.40463973e-02 0.0
-3.36138098e-02 2.42588044e-02 0.0
-3.74733735e-02 2.42478242e-02 0.0
-4.13020051e-02 2.40372290e-02 0.0
-4.50717531e-02 2.36488013e-02 0.0
-4.87574439e-02 2.31019124e-02 0.0
-5.23363303e-02 2.24134676e-02 0.0
-5.57878415e-02 2.15978596e-02 0.0
-5.90932580e-02 2.06672120e-02 0.0
-6.22354975e-02 1.96315310e-02 0.0
-6.51988487e-02 1.84990885e-02 0.0
-6.79688153e-02 1.72766392e-02 0.0
-7.05319243e-02 1.59698350e-02 0.0
-7.28756331e-02 1.45834273e-02 0.0
-7.49882114e-02 1.31216544e-02 0.0
-7.68587071e-02 1.15883927e-02 0.0
-7.84768946e-02 9.98749622e-03 0.0
-7.98332901e-02 8.32289303e-03 0.0
-8.09191565e-02 6.59887929e-03 0.0
-8.17265598e-02 4.82017100e-03 0.0
-8.22484233e-02 2.99216521e-03 0.0
-8.24786172e-02 1.12096189e-03 0.0
-8.24120561e-02 -7.86395891e-04 0.0
-8.20448176e-02 -2.72191835e-03 0.0
-8.13742782e-02 -4.67644356e-03 0.0
-8.03992548e-02 -6.63964733e-03 0.0
-7.91201757e-02 -8.59983404e-03 0.0
-7.75392393e-02 -1.05439637e-02 0.0
-7.56606119e-02 -1.24574690e-02 0.0
-7.34905976e-02 -1.43243125e-02 0.0
-7.10378536e-02 -1.61268488e-02 0.0
-6.83135593e-02 -1.78459330e-02 0.0
-6.53316367e-02 -1.94608578e-02 0.0
-6.21089041e-02 -2.09495450e-02 0.0
-5.86652828e-02 -2.22885963e-02 0.0
-5.50239144e-02 -2.34536123e-02 0.0
-5.12113281e-02 -2.44194087e-02 0.0
-4.72574906e-02 -2.51605179e-02 0.0
-4.31958968e-02 -2.56516355e-02 0.0
-3.90635099e-02 -2.58683712e-02 0.0
-3.49007253e-02 -2.57879968e-02 0.0
-3.07511466e-02 -2.53905165e-02 0.0
-2.66613677e-02 -2.46597797e-02 0.0
-2.26805389e-02 -2.35849190e-02 0.0
-1.88599383e-02 -2.21618498e-02 0.0
-1.52523342e-02 -2.03950513e-02 0.0
-1.19114056e-02 -1.82993580e-02 0.0
-8.89103302e-03 -1.59018794e-02 0.0
-6.24477838e-03 -1.32437325e-02 0.0
-4.02538873e-03 -1.03815836e-02 0.0
-2.28466354e-03 -7.38870004e-03 0.0
-1.07349852e-03 -4.35550713e-03 0.0
-3.03318488e-04 -1.38922900e-03 0.0
-6.88145629e-05 2.17200240e-03 0.0
-6.95291321e-04 6.33122400e-03 0.0
-2.11555672e-03 1.02163496e-02 0.0
-4.10183943e-03 1.37616976e-02 0.0
-6.57039477e-03 1.69242092e-02 0.0
-9.44518252e-03 1.96803484e-02 0.0
-1.26568276e-02 2.20227928e-02 0.0
-1.61419771e-02 2.39571109e-02 0.0
-1.98427125e-02 2.54986679e-02 0.0
-2.37062262e-02 2.66697248e-02 0.0
-2.76844321e-02 2.74969681e-02 0.0
-3.17337334e-02 2.80093413e-02 0.0
-3.58146629e-02 2.82363846e-02 0.0
-3.98916358e-02 2.82068563e-02 0.0
-4.39325668e-02 2.79478408e-02 0.0
-4.79085940e-02 2.74840496e-02 0.0
-5.17936871e-02 2.68375384e-02 0.0
-5.55643709e-02 2.60275052e-02 0.0
-5.91993589e-02 2.50704196e-02 0.0
-6.26793109e-02 2.39801216e-02 0.0
-6.59865233e-02 2.27681787e-02 0.0
-6.91047429e-02 2.14441195e-02 0.0
-7.20189312e-02 2.00158747e-02 0.0
-7.47151416e-02 1.84900326e-02 0.0
-7.71803614e-02 1.68722750e-02 0.0
-7.94024502e-02 1.51675920e-02 0.0
-8.13700518e-02 1.33806730e-02 0.0
-8.30725871e-02 1.15160605e-02 0.0
-8.45002276e-02 9.57848819e-03 0.0
-8.56439329e-02 7.57297996e-03 0.0
-8.64954782e-02 5.50514403e-03 0.0
-8.70475287e-02 3.38123162e-03 0.0
-8.72937158e-02 1.20840197e-03 0.0
-8.72287423e-02 -1.00524497e-03 0.0
-8.68485023e-02 -3.25042288e-03 0.0
-8.61502129e-02 -5.51664353e-03 0.0
-8.51325723e-02 -7.79198812e-03 0.0
-8.37959136e-02 -1.00631089e-02 0.0
-8.21423945e-02 -1.23150242e-02 0.0
-8.01761656e-02 -1.45311461e-02 0.0
-7.79035841e-02 -1.66931152e-02 0.0
-7.53333874e-02 -1.87808727e-02 0.0
-7.24769200e-02 -2.07725600e-02 0.0
-6.93483006e-02 -2.26446642e-02 0.0
-6.59646489e-02 -2.43720183e-02 0.0
-6.23462313e-02 -2.59280598e-02 0.0
-5.85166706e-02 -2.72849804e-02 0.0
-5.45030509e-02 -2.84141521e-02 0.0
-5.03360848e-02 -2.92864888e-02 0.0
-4.60501494e-02 -2.98731078e-02 0.0
-4.16833746e-02 -3.01459799e-02 0.0
-3.72775677e-02 -3.00789028e-02 0.0
-3.28781717e-02 -2.96485144e-02 0.0
-2.85340226e-02 -2.88356429e-02 0.0
-2.42971215e-02 -2.76267252e-02 0.0
-2.02221745e-02 -2.60155349e-02 0.0
-1.63661461e-02 -2.40049491e-02 0.0
-1.27875842e-02 -2.16089055e-02 0.0
-9.54600285e-03 -1.88542477e-02 0.0
-6.70109916e-03 -1.57824889e-02 0.0
-4.31213080e-03 -1.24511588e-02 0.0
-2.43723946e-03 -8.93471952e-03 0.0
-1.13306509e-03 -5.32481257e-03 0.0
-3.15306884e-04 -1.72963515e-03 0.0
-8.24992985e-05 2.59363571e-03 0.0
-7.59971454e-04 7.48386690e-03 0.0
-2.27459406e-03 1.19986104e-02 0.0
-4.39068864e-03 1.60818375e-02 0.0
-7.01704654e-03 1.96990110e-02 0.0
-1.00708429e-02 2.28341669e-02 0.0
-1.34769314e-02 2.54867490e-02 0.0
-1.71670898e-02 2.76685111e-02 0.0
-2.10795113e-02 2.94004780e-02 0.0
-2.51582215e-02 3.07101991e-02 0.0
-2.93526891e-02 3.16292323e-02 0.0
-3.36173246e-02 3.21910858e-02 0.0
-3.79111314e-02 3.24294526e-02 0.0
-4.21972306e-02 3.23769429e-02 0.0
-4.64425228e-02 3.20640640e-02 0.0
-5.06172323e-02 3.15186556e-02 0.0
-5.46945866e-02 3.07654762e-02 0.0
-5.86503989e-02 2.98261651e-02 0.0
-6.24627870e-02 2.87192408e-02 0.0
-6.61118161e-02 2.74603912e-02 0.0
-6.95792758e-02 2.60626941e-02 0.0
-7.28483986e-02 2.45370633e-02 0.0
-7.59037030e-02 2.28925428e-02 0.0
-7.87307915e-02 2.11367862e-02 0.0
-8.13162587e-02 1.92763333e-02 0.0
-8.36475640e-02 1.73170555e-02 0.0
-8.57129978e-02 1.52643742e-02 0.0
-8.75016207e-02 1.31236488e-02 0.0
-8.90032785e-02 1.09003308e-02 0.0
-9.02086008e-02 8.60029883e-03 0.0
-9.11090569e-02 6.22996101e-03 0.0
-9.16970070e-02 3.79655039e-03 0.0
-9.19657939e-02 1.30819240e-03 0.0
-9.19098421e-02 -1.22582567e-03 0.0
-9.15247796e-02 -3.79501003e-03 0.0
-9.08075812e-02 -6.38741051e-03 0.0
-8.97567154e-02 -8.98959472e-03 0.0
-8.83723247e-02 -1.15864205e-02 0.0
-8.66563920e-02 -1.41610346e-02 0.0
-8.46129501e-02 -1.66946792e-02 0.0
-8.22482581e-02 -1.91667302e-02 0.0
-7.95710305e-02 -2.15545596e-02 0.0
-7.65926135e-02 -2.38336373e-02 0.0
-7.33272228e-02 -2.59774806e-02 0.0
-6.97921087e-02 -2.79578542e-02 0.0
-6.60077906e-02 -2.97448503e-02 0.0
-6.19981997e-02 -3.13072356e-02 0.0
-5.77908958e-02 -3.26127197e-02 0.0
-5.34171721e-02 -3.36285138e-02 0.0
-4.89122346e-02 -3.43218641e-02 0.0
-4.43152419e-02 -3.46609033e-02 0.0
-3.96694118e-02 -3.46155349e-02 0.0
-3.50219505e-02 -3.41586623e-02 0.0
-3.04240261e-02 -3.32674976e-02 0.0
-2.59305184e-02 -3.19252129e-02 0.0
-2.15997796e-02 -3.01226736e-02 0.0
-1.74931249e-02 -2.78604389e-02 0.0
-1.36743107e-02 -2.51507443e-02 0.0
-1.02087222e-02 -2.20195363e-02 0.0
-7.16256537e-03 -1.85082260e-02 0.0
-4.60180167e-03 -1.46751239e-02 0.0
-2.59116736e-03 -1.05962580e-02 0.0
-1.19303709e-03 -6.36556181e-03 0.0
-3.27366981e-04 -2.09404972e-03 0.0
-9.53066776e-05 3.04175858e-03 0.0
-8.20732522e-04 8.70896462e-03 0.0
-2.42434618e-03 1.38917670e-02 0.0
-4.66341048e-03 1.85438635e-02 0.0
-7.43983169e-03 2.26397960e-02 0.0
-1.06645744e-02 2.61719584e-02 0.0
-1.42569892e-02 2.91475060e-02 0.0
-1.81442770e-02 3.15852509e-02 0.0
-2.22607961e-02 3.35127371e-02 0.0
-2.65475438e-02 3.49634613e-02 0.0
-3.09515060e-02 3.59744708e-02 0.0
-3.54251824e-02 3.65842348e-02 0.0
-3.99259875e-02 3.68309980e-02 0.0
-4.44158196e-02 3.67514160e-02 0.0
-4.88605139e-02 3.63796711e-02 0.0
-5.32294577e-02 3.57467996e-02 0.0
-5.74951031e-02 3.48804358e-02 0.0
-6.16326373e-02 3.38046597e-02 0.0
-6.56195666e-02 3.25401766e-02 0.0
-6.94354514e-02 3.11044858e-02 0.0
-7.30615719e-02 2.95123009e-02 0.0
-7.64807324e-02 2.77758640e-02 0.0
-7.96770109e-02 2.59054532e-02 0.0
-8.26356322e-02 2.39097164e-02 0.0
-8.53427971e-02 2.17961692e-02 0.0
-8.77856175e-02 1.95714814e-02 0.0
-8.99520172e-02 1.72419205e-02 0.0
-9.18307210e-02 1.48135694e-02 0.0
-9.34112194e-02 1.22927084e-02 0.0
-9.46838032e-02 9.68597024e-03 0.0
-9.56395862e-02 7.00067261e-03 0.0
-9.62705798e-02 4.24492687e-03 0.0
-9.65697689e-02 1.42793643e-03 0.0
-9.65312214e-02 -1.43992466e-03 0.0
-9.61502135e-02 -4.34683758e-03 0.0
-9.54233695e-02 -7.27948230e-03 0.0
-9.43488302e-02 -1.02227863e-02 0.0
-9.29264169e-02 -1.31598925e-02 0.0
-9.11578352e-02 -1.60719387e-02 0.0
-8.90468541e-02 -1.89380615e-02 0.0
-8.65995353e-02 -2.17352250e-02 0.0
-8.38244168e-02 -2.44382795e-02 0.0
-8.07327573e-02 -2.70198663e-02 0.0
-7.73387140e-02 -2.94505608e-02 0.0
-7.36595921e-02 -3.16988895e-02 0.0
-6.97160093e-02 -3.37315985e-02 0.0
-6.55321431e-02 -3.55138323e-02 0.0
-6.11358764e-02 -3.70095849e-02 0.0
-5.65590354e-02 -3.81821102e-02 0.0
-5.18375076e-02 -3.89946341e-02 0.0
-4.70114549e-02 -3.94110859e-02 0.0
-4.21253795e-02 -3.93971694e-02 0.0
-3.72282718e-02 -3.89215152e-02 0.0
-3.23735648e-02 -3.79571993e-02 0.0
-2.76191317e-02 -3.64833823e-02 0.0
-2.30270190e-02 -3.44872909e-02 0.0
-1.86631585e-02 -3.19662797e-02 0.0
-1.45967296e-02 -2.89300947e-02 0.0
-1.08994356e-02 -2.54030243e-02 0.0
-7.64436816e-03 -2.14259236e-02 0.0
-4.90477182e-03 -1.70577557e-02 0.0
-2.75242080e-03 -1.23765865e-02 0.0
-1.25599236e-03 -7.47977513e-03 0.0
-3.40036960e-04 -2.48314538e-03 0.0
-1.07515647e-04 3.51489234e-03 0.0
-8.78628100e-04 1.00026892e-02 0.0
-2.56725437e-03 1.58903002e-02 0.0
-4.92403888e-03 2.11412056e-02 0.0
-7.84457360e-03 2.57394424e-02 0.0
-1.12339465e-02 2.96864685e-02 0.0
-1.50064126e-02 3.29979237e-02 0.0
-1.90847581e-02 3.57005214e-02 0.0
-2.33997515e-02 3.78290399e-02 0.0
-2.78893926e-02 3.94236159e-02 0.0
-3.24983196e-02 4.05272795e-02 0.0
-3.71770755e-02 4.11839399e-02 0.0
-4.18815612e-02 4.14366705e-02 0.0
-4.65723745e-02 4.13264825e-02 0.0
-5.12143371e-02 4.08913600e-02 0.0
-5.57759211e-02 4.01657434e-02 0.0
-6.02288547e-02 3.91801803e-02 0.0
-6.45476377e-02 3.79613475e-02 0.0
-6.87092255e-02 3.65321250e-02 0.0
-7.26926343e-02 3.49119555e-02 0.0
-7.64787020e-02 3.31171474e-02 0.0
-8.00497825e-02 3.11613912e-02 0.0
-8.33895794e-02 2.90561370e-02 0.0
-8.64829248e-02 2.68111388e-02 0.0
-8.93156797e-02 2.44348084e-02 0.0
-9.18745898e-02 2.19347176e-02 0.0
-9.41472441e-02 1.93178852e-02 0.0
-9.61220008e-02 1.65912143e-02 0.0
-9.77879958e-02 1.37617073e-02 0.0
-9.91351322e-02 1.08368435e-02 0.0
-1.00154134e-01 7.82473692e-03 0.0
-1.00836594e-01 4.73446985e-03 0.0
-1.01175070e-01 1.57621130e-03 0.0
-1.01163183e-01 -1.63848004e-03 0.0
-1.00795756e-01 -4.89656444e-03 0.0
-1.00068960e-01 -8.18324349e-03 0.0
-9.89804797e-02 -1.14818942e-02 0.0
-9.75297074e-02 -1.47738214e-02 0.0
-9.57179261e-02 -1.80382254e-02 0.0
-9.35485385e-02 -2.12519989e-02 0.0
-9.10272577e-02 -2.43897448e-02 0.0
-8.81623570e-02 -2.74236399e-02 0.0
-8.49648591e-02 -3.03235270e-02 0.0
-8.14487951e-02 -3.30568754e-02 0.0
-7.76313835e-02 -3.55889796e-02 0.0
-7.35332936e-02 -3.78830573e-02 0.0
-6.91788128e-02 -3.99006005e-02 0.0
-6.45961139e-02 -4.16016677e-02 0.0
-5.98174167e-02 -4.29454554e-02 0.0
-5.48792625e-02 -4.38908667e-02 0.0
-4.98226687e-02 -4.43974003e-02 0.0
-4.46934006e-02 -4.44261057e-02 0.0
-3.95420914e-02 -4.39409080e-02 0.0
-3.44244546e-02 -4.29100697e-02 0.0
-2.94012762e-02 -4.13080482e-02 0.0
-2.45384277e-02 -3.91175188e-02 0.0
-1.99065402e-02 -3.63317379e-02 0.0
-1.55805783e-02 -3.29569733e-02 0.0
-1.16389261e-02 -2.90150439e-02 0.0
-8.16224747e-03 -2.45456103e-02 0.0
-5.23175734e-03 -1.96081217e-02 0.0
-2.92724469e-03 -1.42830589e-02 0.0
-1.32457575e-03 -8.67238100e-03 0.0
-3.53941066e-04 -2.89875204e-03 0.0
-1.19304946e-04 4.01202216e-03 0.0
-9.34627945e-04 1.13623107e-02 0.0
-2.70548602e-03 1.79901831e-02 0.0
-5.17630617e-03 2.38689540e-02 0.0
-8.23662100e-03 2.89925790e-02 0.0
-1.17860624e-02 3.33721881e-02 0.0
-1.57340079e-02 3.70326663e-02 0.0
-1.99991686e-02 4.00093419e-02 0.0
-2.45088407e-02 4.23449502e-02 0.0
-2.91982478e-02 4.40868249e-02 0.0
-3.40096866e-02 4.52845154e-02 0.0
-3.88918577e-02 4.59877160e-02 0.0
-4.37990728e-02 4.62446878e-02 0.0
-4.86906754e-02 4.61009790e-02 0.0
-5.35303626e-02 4.55986182e-02 0.0
-5.82857131e-02 4.47755297e-02 0.0
-6.29276238e-02 4.36653547e-02 0.0
-6.74299341e-02 4.22973874e-02 0.0
-7.17689661e-02 4.06968316e-02 0.0
-7.59232348e-02 3.88850572e-02 0.0
-7.98730824e-02 3.68800969e-02 0.0
-8.36004669e-02 3.46970460e-02 0.0
-8.70886845e-02 3.23486405e-02 0.0
-9.03222290e-02 2.98456719e-02 0.0
-9.32865962e-02 2.71975477e-02 0.0
-9.59682058e-02 2.44126507e-02 0.0
-9.83542817e-02 2.14988378e-02 0.0
-1.00432829e-01 1.84637229e-02 0.0
-1.02192584e-01 1.53151075e-02 0.0
-1.03623040e-01 1.20611966e-02 0.0
-1.04714467e-01 8.71097382e-03 0.0
-1.05457980e-01 5.27436794e-03 0.0
-1.05845619e-01 1.76259002e-03 0.0
-1.05870468e-01 -1.81173441e-03 0.0
-1.05526787e-01 -5.43425738e-03 0.0
-1.04810168e-01 -9.08880457e-03 0.0
-1.03717725e-01 -1.27570977e-02 0.0
-1.02248274e-01 -1.64186838e-02 0.0
-1.00402563e-01 -2.00506998e-02 0.0
-9.81834729e-02 -2.36278491e-02 0.0
-9.55962711e-02 -2.71222272e-02 0.0
-9.26488155e-02 -3.05033665e-02 0.0
-8.93518225e-02 -3.37381480e-02 0.0
-8.57190606e-02 -3.67909403e-02 0.0
-8.17676228e-02 -3.96236287e-02 0.0
-7.75181075e-02 -4.21958818e-02 0.0
-7.29948977e-02 -4.44653407e-02 0.0
-6.82263376e-02 -4.63880647e-02 0.0
-6.32450320e-02 -4.79189455e-02 0.0
-5.80880393e-02 -4.90124126e-02 0.0
-5.27972078e-02 -4.96231757e-02 0.0
-4.74193951e-02 -4.97073123e-02 0.0
-4.20068324e-02 -4.92234817e-02 0.0
-3.66173296e-02 -4.81345496e-02 0.0
-3.13145751e-02 -4.64094230e-02 0.0
-2.61681664e-02 -4.40253288e-02 0.0
-2.12536033e-02 -4.09703143e-02 0.0
-1.66518138e-02 -3.72460903e-02 0.0
-1.24484300e-02 -3.28709135e-02 0.0
-8.73235903e-03 -2.78824471e-02 0.0
-5.59391178e-03 -2.23401879e-02 0.0
-3.12210937e-03 -1.63272799e-02 0.0
-1.40158815e-03 -9.95133126e-03 0.0
-3.69661254e-04 -3.34391084e-03 0.0
-1.30902977e-04 4.53253656e-03 0.0
-9.89558096e-04 1.27860903e-02 0.0
-2.84100365e-03 2.01887272e-02 0.0
-5.42348438e-03 2.67237400e-02 0.0
-8.62077373e-03 3.23954333e-02 0.0
-1.23272217e-02 3.72252684e-02 0.0
-1.64477048e-02 4.12480667e-02 0.0
-2.08970454e-02 4.45085036e-02 0.0
-2.55993865e-02 4.70578692e-02 0.0
-3.04872627e-02 4.89512652e-02 0.0
-3.55008169e-02 5.02451504e-02 0.0
-4.05868662e-02 5.09953917e-02 0.0
-4.56981991e-02 5.12556563e-02 0.0
-5.07927772e-02 5.10762950e-02 0.0
-5.58331736e-02 5.05034951e-02 0.0
-6.07859214e-02 4.95788676e-02 0.0
-6.56210762e-02 4.83392036e-02 0.0
-7.03116860e-02 4.68165864e-02 0.0
-7.48334502e-02 4.50385612e-02 0.0
-7.91642905e-02 4.30285747e-02 0.0
-8.32840902e-02 4.08063688e-02 0.0
-8.71743553e-02 3.83885707e-02 0.0
-9.08180264e-02 3.57891550e-02 0.0
-9.41992247e-02 3.30200549e-02 0.0
-9.73031299e-02 3.00915946e-02 0.0
-1.00115807e-01 2.70130511e-02 0.0
-1.02624143e-01 2.37930128e-02 0.0
-1.04815753e-01 2.04398702e-02 0.0
-1.06678969e-01 1.69620982e-02 0.0
-1.08202820e-01 1.33686820e-02 0.0
-1.09377075e-01 9.66933956e-03 0.0
-1.10192290e-01 5.87489986e-03 0.0
-1.10639905e-01 1.99748288e-03 0.0
-1.10712356e-01 -1.94915647e-03 0.0
-1.10403223e-01 -5.94948084e-03 0.0
-1.09707396e-01 -9.98585845e-03 0.0
-1.08621265e-01 -1.40384498e-02 0.0
-1.07142946e-01 -1.80849365e-02 0.0
-1.05272486e-01 -2.21004545e-02 0.0
-1.03012129e-01 -2.60573811e-02 0.0
-1.00366535e-01 -2.99253334e-02 0.0
-9.73430603e-02 -3.36710365e-02 0.0
-9.39519707e-02 -3.72584093e-02 0.0
-9.02067274e-02 -4.06485377e-02 0.0
-8.61241806e-02 -4.37998730e-02 0.0
-8.17248558e-02 -4.66683400e-02 0.0
-7.70331351e-02 -4.92076798e-02 0.0
-7.20775565e-02 -5.13697371e-02 0.0
-6.68910090e-02 -5.31050038e-02 0.0
-6.15110788e-02 -5.43631615e-02 0.0
-5.59802982e-02 -5.50939285e-02 0.0
-5.03465755e-02 -5.52479919e-02 0.0
-4.46635193e-02 -5.47783236e-02 0.0
-3.89909393e-02 -5.36417011e-02 0.0
-3.33951741e-02 -5.18007079e-02 0.0
-2.79495012e-02 -4.92260506e-02 0.0
-2.27341910e-02 -4.58993972e-02 0.0
-1.78364065e-02 -4.18165214e-02 0.0
-1.33494240e-02 -3.69907954e-02 0.0
-9.37134961e-03 -3.14566662e-02 0.0
-6.00280742e-03 -2.52729210e-02 0.0
-3.34388178e-03 -1.85252467e-02 0.0
-1.48997906e-03 -1.13277673e-02 0.0
-3.87900804e-04 -3.82294344e-03 0.0
-1.42434936e-04 5.07618322e-03 0.0
-1.04416835e-03 1.42731484e-02 0.0
-2.97545421e-03 2.24844224e-02 0.0
-5.66841194e-03 2.97035127e-02 0.0
-9.00106096e-03 3.59456380e-02 0.0
-1.28627848e-02 4.12432817e-02 0.0
-1.71541597e-02 4.56419670e-02 0.0
-2.17865230e-02 4.91963698e-02 0.0
-2.66810494e-02 5.19669421e-02 0.0
-3.17678781e-02 5.40169756e-02 0.0
-3.69850281e-02 5.54102311e-02 0.0
-4.22775500e-02 5.62089757e-02 0.0
-4.75965875e-02 5.64725443e-02 0.0
-5.28987113e-02 5.62562168e-02 0.0
-5.81451760e-02 5.56105497e-02 0.0
-6.33014188e-02 5.45809245e-02 0.0
-6.83364654e-02 5.32074758e-02 0.0
-7.32225407e-02 5.15251323e-02 0.0
-7.79345805e-02 4.95639586e-02 0.0
-8.24499225e-02 4.73495035e-02 0.0
-8.67479045e-02 4.49033709e-02 0.0
-9.08096237e-02 4.22437063e-02 0.0
-9.46176190e-02 3.93858437e-02 0.0
-9.81556960e-02 3.63428027e-02 0.0
-1.01408691e-01 3.31259124e-02 0.0
-1.04362362e-01 2.97452491e-02 0.0
-1.07003233e-01 2.62101927e-02 0.0
-1.09318545e-01 2.25297849e-02 0.0
-1.11296183e-01 1.87132133e-02 0.0
-1.12924689e-01 1.47700995e-02 0.0
-1.14193261e-01 1.07109261e-02 0.0
-1.15091828e-01 6.54727325e-03 0.0
-1.15611130e-01 2.29220442e-03 0.0
-1.15742843e-01 -2.03953495e-03 0.0
-1.15479736e-01 -6.43116569e-03 0.0
-1.14815848e-01 -1.08637127e-02 0.0
-1.13746705e-01 -1.53156932e-02 0.0
-1.12269543e-01 -1.97630010e-02 0.0
-1.10383571e-01 -2.41786516e-02 0.0
-1.08090213e-01 -2.85327309e-02 0.0
-1.05393406e-01 -3.27922200e-02 0.0
-1.02299839e-01 -3.69210298e-02 0.0
-9.88192592e-02 -4.08799277e-02 0.0
-9.49646902e-02 -4.46266778e-02 0.0
-9.07527308e-02 -4.81160903e-02 0.0
-8.62037470e-02 -5.13002868e-02 0.0
-8.13421667e-02 -5.41288953e-02 0.0
-7.61966626e-02 -5.65494705e-02 0.0
-7.08004753e-02 -5.85078779e-02 0.0
-6.51916386e-02 -5.99489325e-02 0.0
-5.94133939e-02 -6.08170683e-02 0.0
-5.35145287e-02 -6.10573314e-02 0.0
-4.75499464e-02 -6.06165218e-02 0.0
-4.15811532e-02 -5.94447816e-02 0.0
-3.56769560e-02 -5.74975035e-02 0.0
-2.99139687e-02 -5.47378357e-02 0.0
-2.43771541e-02 -5.11396662e-02 0.0
-1.91598660e-02 -4.66912612e-02 0.0
-1.43635202e-02 -4.13993294e-02 0.0
-1.00962413e-02 -3.52934381e-02 0.0
-6.47059574e-03 -2.84302988e-02 0.0
-3.59982949e-03 -2.08975302e-02 0.0
-1.59297930e-03 -1.28162157e-02 0.0
-4.09349334e-04 -4.34156925e-03 0.0
-1.54090177e-04 5.64302088e-03 0.0
-1.09907149e-03 1.58233480e-02 0.0
-3.11026052e-03 2.48767196e-02 0.0
-5.91334399e-03 3.28072884e-02 0.0
-9.38069851e-03 3.96419053e-02 0.0
-1.33968546e-02 4.54249435e-02 0.0
-1.78585296e-02 5.02134120e-02 0.0
-2.26738607e-02 5.40726853e-02 0.0
-2.77614876e-02 5.70728535e-02 0.0
-3.30493013e-02 5.92857893e-02 0.0
-3.84734080e-02 6.07827638e-02 0.0
-4.39770085e-02 6.16326637e-02 0.0
-4.95096010e-02 6.19005912e-02 0.0
-5.50261343e-02 6.16469401e-02 0.0
-6.04864480e-02 6.09267240e-02 0.0
-6.58546250e-02 5.97892969e-02 0.0
-7.10985718e-02 5.82782291e-02 0.0
-7.61894843e-02 5.64315059e-02 0.0
-8.11015020e-02 5.42817869e-02 0.0
-8.58112493e-02 5.18569149e-02 0.0
-9.02975443e-02 4.91803914e-02 0.0
-9.45410121e-02 4.62720330e-02 0.0
-9.85238513e-02 4.31485156e-02 0.0
-1.02229526e-01 3.98240514e-02 0.0
-1.05642599e-01 3.63109030e-02 0.0
-1.08748504e-01 3.26200094e-02 0.0
-1.11533448e-01 2.87614251e-02 0.0
-1.13984276e-01 2.47448723e-02 0.0
-1.16088432e-01 2.05801028e-02 0.0
-1.17833916e-01 1.62773834e-02 0.0
-1.19209315e-01 1.18477973e-02 0.0
-1.20203840e-01 7.30368040e-03 0.0
-1.20807434e-01 2.65887817e-03 0.0
-1.21010889e-01 -2.07085574e-03 0.0
-1.20806015e-01 -6.86764086e-03 0.0
-1.20185846e-01 -1.17111114e-02 0.0
-1.19144857e-01 -1.65782433e-02 0.0
-1.17679238e-01 -2.14430517e-02 0.0
-1.15787151e-01 -2.62764821e-02 0.0
-1.13469047e-01 -3.10461872e-02 0.0
-1.10727940e-01 -3.57165062e-02 0.0
-1.07569738e-01 -4.02483444e-02 0.0
-1.04003504e-01 -4.45992619e-02 0.0
-1.00041783e-01 -4.87234740e-02 0.0
-9.57008192e-02 -5.25720617e-02 0.0
-9.10008636e-02 -5.60931049e-02 0.0
-8.59663540e-02 -5.92320219e-02 0.0
-8.06262141e-02 -6.19318493e-02 0.0
-7.50140343e-02 -6.41337330e-02 0.0
-6.91684242e-02 -6.57773981e-02 0.0
-6.31332829e-02 -6.68018686e-02 0.0
-5.69583127e-02 -6.71462540e-02 0.0
-5.06994972e-02 -6.67508910e-02 0.0
-4.44198808e-02 -6.55587244e-02 0.0
-3.81903078e-02 -6.35172402e-02 0.0
-3.20904143e-02 -6.05808979e-02 0.0
-2.62093944e-02 -5.67143639e-02 0.0
-2.06467035e-02 -5.18964772e-02 0.0
-1.55120114e-02 -4.61250936e-02 0.0
-1.09243971e-02 -3.94225188e-02 0.0
-7.00995298e-03 -3.18412673e-02 0.0
-3.89782414e-03 -2.34694261e-02 0.0
-1.71411369e-03 -1.44348576e-02 0.0
-4.34872235e-04 -4.90705880e-03 0.0
-1.65957264e-04 6.23339102e-03 0.0
-1.15482598e-03 1.74371589e-02 0.0
-3.24650716e-03 2.73658025e-02 0.0
-6.15997793e-03 3.60347917e-02 0.0
-9.76182486e-03 4.34836455e-02 0.0
-1.39320955e-02 4.97696802e-02 0.0
-1.85640059e-02 5.49623206e-02 0.0
-2.35630989e-02 5.91382687e-02 0.0
-2.88458086e-02 6.23776840e-02 0.0
-3.43381517e-02 6.47612004e-02 0.0
-3.99743321e-02 6.63677337e-02 0.0
-4.56957425e-02 6.72728058e-02 0.0
-5.14499798e-02 6.75473886e-02 0.0
-5.71902221e-02 6.72570349e-02 0.0
-6.28745490e-02 6.64613942e-02 0.0
-6.84655186e-02 6.52139041e-02 0.0
-7.39296221e-02 6.35618103e-02 0.0
-7.92369284e-02 6.15462874e-02 0.0
-8.43605893e-02 5.92028344e-02 0.0
-8.92765099e-02 5.65616906e-02 0.0
-9.39628965e-02 5.36484586e-02 0.0
-9.83999627e-02 5.04846655e-02 0.0
-1.02569541e-01 4.70884710e-02 0.0
-1.06454843e-01 4.34752477e-02 0.0
-1.10040157e-01 3.96582716e-02 0.0
-1.13310677e-01 3.56492469e-02 0.0
-1.16252291e-01 3.14589311e-02 0.0
-1.18851490e-01 2.70975801e-02 0.0
-1.21095251e-01 2.25755019e-02 0.0
-1.22971025e-01 1.79034321e-02 0.0
-1.24466715e-01 1.30930294e-02 0.0
-1.25570749e-01 8.15720001e-03 0.0
-1.26272154e-01 3.11055008e-03 0.0
-1.26560704e-01 -2.03033084e-03 0.0
-1.26427095e-01 -7.24645705e-03 0.0
-1.25863160e-01 -1.25162084e-02 0.0
-1.24862136e-01 -1.78149706e-02 0.0
-1.23418932e-01 -2.31149598e-02 0.0
-1.21530467e-01 -2.83849414e-02 0.0
-1.19195973e-01 -3.35901441e-02 0.0
-1.16417366e-01 -3.86920859e-02 0.0
-1.13199554e-01 -4.36486037e-02 0.0
-1.09550812e-01 -4.84138080e-02 0.0
-1.05483050e-01 -5.29382441e-02 0.0
-1.01012161e-01 -5.71689839e-02 0.0
-9.61582257e-02 -6.10499174e-02 0.0
-9.09458181e-02 -6.45219767e-02 0.0
-8.54041605e-02 -6.75235476e-02 0.0
-7.95674147e-02 -6.99908229e-02 0.0
-7.34748555e-02 -7.18583459e-02 0.0
-6.71712565e-02 -7.30595374e-02 0.0
-6.07072261e-02 -7.35274684e-02 0.0
-5.41398681e-02 -7.31957411e-02 0.0
-4.75334770e-02 -7.19997799e-02 0.0
-4.09606433e-02 -6.98784981e-02 0.0
-3.45033919e-02 -6.67766990e-02 0.0
-2.82546283e-02 -6.26482698e-02 0.0
-2.23192975e-02 -5.74605244e-02 0.0
-1.68152801e-02 -5.11996968e-02 0.0
-1.18730899e-02 -4.38776690e-02 0.0
-7.63411443e-03 -3.55394955e-02 0.0
-4.24631538e-03 -2.62710929e-02 0.0
-1.85735975e-03 -1.62058341e-02 0.0
-4.65371068e-04 -5.52845454e-03 0.0
-1.78212739e-04 6.84789695e-03 0.0
-1.21188364e-03 1.91155390e-02 0.0
-3.38504036e-03 2.99522839e-02 0.0
-6.40924923e-03 3.93860239e-02 0.0
-1.01453599e-02 4.74704134e-02 0.0
-1.44692497e-02 5.42771255e-02 0.0
-1.92714189e-02 5.98890160e-02 0.0
-2.44554160e-02 6.43947345e-02 0.0
-2.99361210e-02 6.78847119e-02 0.0
-3.56378830e-02 7.04483662e-02 0.0
-4.14931566e-02 7.21721183e-02 0.0
-4.74412778e-02 7.31380582e-02 0.0
-5.34277416e-02 7.34229499e-02 0.0
-5.94035021e-02 7.30975977e-02 0.0
-6.53245921e-02 7.22263762e-02 0.0
-7.11516205e-02 7.08670560e-02 0.0
-7.68494631e-02 6.90707466e-02 0.0
-8.23867765e-02 6.68821199e-02 0.0
-8.77356615e-02 6.43397028e-02 0.0
-9.28711656e-02 6.14764082e-02 0.0
-9.77709327e-02 5.83200611e-02 0.0
-1.02414732e-01 5.48941001e-02 0.0
-1.06784138e-01 5.12181970e-02 0.0
-1.10862133e-01 4.73089994e-02 0.0
-1.14632850e-01 4.31807351e-02 0.0
-1.18081272e-01 3.88459125e-02 0.0
-1.21193059e-01 3.43158575e-02 0.0
-1.23954355e-01 2.96013426e-02 0.0
-1.26351707e-01 2.47130482e-02 0.0
-1.28371978e-01 1.96621269e-02 0.0
-1.30002359e-01 1.44606045e-02 0.0
-1.31230397e-01 9.12189551e-03 0.0
-1.32044097e-01 3.66115903e-03 0.0
-1.32432062e-01 -1.90422613e-03 0.0
-1.32383686e-01 -7.55434892e-03 0.0
-1.31889400e-01 -1.32663403e-02 0.0
-1.30940947e-01 -1.90141200e-02 0.0
-1.29531723e-01 -2.47680451e-02 0.0
-1.27657107e-01 -3.04947454e-02 0.0
-1.25314874e-01 -3.61568803e-02 0.0
-1.22505550e-01 -4.17130965e-02 0.0
-1.19232850e-01 -4.71179243e-02 0.0
-1.15504021e-01 -5.23218821e-02 0.0
-1.11330252e-01 -5.72715287e-02 0.0
-1.06726957e-01 -6.19097171e-02 0.0
-1.01714120e-01 -6.61757954e-02 0.0
-9.63164836e-02 -7.00059870e-02 0.0
-9.05638225e-02 -7.33337071e-02 0.0
-8.44910555e-02 -7.60900333e-02 0.0
-7.81385068e-02 -7.82041080e-02 0.0
-7.15520587e-02 -7.96036936e-02 0.0
-6.47835732e-02 -8.02157074e-02 0.0
-5.78913280e-02 -7.99669918e-02 0.0
-5.09408964e-02 -7.87852471e-02 0.0
-4.40061941e-02 -7.66004697e-02 0.0
-3.71711062e-02 -7.33469787e-02 0.0
-3.05312809e-02 -6.89664989e-02 0.0
-2.41963068e-02 -6.34125300e-02 0.0
-1.82914789e-02 -5.66564744e-02 0.0
-1.29588974e-02 -4.86956112e-02 0.0
-8.35651816e-03 -3.95628645e-02 0.0
-4.65446119e-03 -2.93375467e-02 0.0
-2.02716645e-03 -1.81556062e-02 0.0
-5.02001636e-04 -6.21685370e-03 0.0
-1.90955037e-04 7.48742102e-03 0.0
-1.27070118e-03 2.08597974e-02 0.0
-3.52633028e-03 3.26368365e-02 0.0
-6.66125485e-03 4.28606389e-02 0.0
-1.05305093e-02 5.16012083e-02 0.0
-1.50066539e-02 5.89464185e-02 0.0
-1.99784261e-02 6.49937281e-02 0.0
-2.53484882e-02 6.98441539e-02 0.0
-3.10307565e-02 7.35983480e-02 0.0
-3.69483196e-02 7.63541457e-02 0.0
-4.30317219e-02 7.82051147e-02 0.0
-4.92180119e-02 7.92395809e-02 0.0
-5.54499998e-02 7.95399956e-02 0.0
-6.16759656e-02 7.91824025e-02 0.0
-6.78492854e-02 7.82361136e-02 0.0
-7.39282585e-02 7.67634595e-02 0.0
-7.98757155e-02 7.48197897e-02 0.0
-8.56587396e-02 7.24535675e-02 0.0
-9.12481668e-02 6.97067276e-02 0.0
-9.66182049e-02 6.66150912e-02 0.0
-1.01745885e-01 6.32089972e-02 0.0
-1.06610659e-01 5.95139134e-02 0.0
-1.11193886e-01 5.55511991e-02 0.0
-1.15478480e-01 5.13387720e-02 0.0
-1.19448489e-01 4.68918789e-02 0.0
-1.23088831e-01 4.22237252e-02 0.0
-1.26384991e-01 3.73461889e-02 0.0
-1.29322861e-01 3.22703767e-02 0.0
-1.31888562e-01 2.70072689e-02 0.0
-1.34068390e-01 2.15682074e-02 0.0
-1.35848764e-01 1.59654837e-02 0.0
-1.37216282e-01 1.02127765e-02 0.0
-1.38157795e-01 4.32569654e-03 0.0
-1.38660571e-01 -1.67781811e-03 0.0
-1.38712498e-01 -7.77700186e-03 0.0
-1.38302348e-01 -1.39479197e-02 0.0
-1.37420107e-01 -2.01630336e-02 0.0
-1.36057320e-01 -2.63909435e-02 0.0
-1.34207528e-01 -3.25960580e-02 0.0
-1.31866677e-01 -3.87384587e-02 0.0
-1.29033611e-01 -4.47737178e-02 0.0
-1.25710504e-01 -5.06529235e-02 0.0
-1.21903359e-01 -5.63226755e-02 0.0
-1.17622396e-01 -6.17252902e-02 0.0
-1.12882496e-01 -6.67989791e-02 0.0
-1.07703483e-01 -7.14782176e-02 0.0
-1.02110454e-01 -7.56940703e-02 0.0
-9.61339170e-02 -7.93746678e-02 0.0
-8.98100035e-02 -8.24456065e-02 0.0
-8.31804949e-02 -8.48304519e-02 0.0
-7.62930178e-02 -8.64511428e-02 0.0
-6.92011503e-02 -8.72284862e-02 0.0
-6.19648822e-02 -8.70826101e-02 0.0
-5.46512018e-02 -8.59336321e-02 0.0
-4.73353252e-02 -8.37025644e-02 0.0
-4.01023236e-02 -8.03128821e-02 0.0
-3.30496257e-02 -7.56930370e-02 0.0
-2.62899231e-02 -6.97805954e-02 0.0
-1.99545647e-02 -6.25285321e-02 0.0
-1.41962669e-02 -5.39143786e-02 0.0
-9.19029444e-03 -4.39524049e-02 0.0
-5.13190639e-03 -3.27084164e-02 0.0
-2.22861770e-03 -2.03152956e-02 0.0
-5.46040369e-04 -6.98579138e-03 0.0
-2.04429592e-04 8.15318627e-03 0.0
-1.33171715e-03 2.26714574e-02 0.0
-3.67052586e-03 3.54196393e-02 0.0
-6.91480610e-03 4.64570767e-02 0.0
-1.09141993e-02 5.58734633e-02 0.0
-1.55391928e-02 6.37753572e-02 0.0
-2.06785526e-02 7.02759862e-02 0.0
-2.62353535e-02 7.54888339e-02 0.0
-3.21234924e-02 7.95241590e-02 0.0
-3.82649071e-02 8.24874063e-02 0.0
-4.45880472e-02 8.44784985e-02 0.0
-5.10269548e-02 8.55915062e-02 0.0
-5.75210834e-02 8.59143061e-02 0.0
-6.40151602e-02 8.55282629e-02 0.0
-7.04592959e-02 8.45078442e-02 0.0
-7.68088265e-02 8.29203765e-02 0.0
-8.30242132e-02 8.08258669e-02 0.0
-8.90706275e-02 7.82770867e-02 0.0
-9.49175949e-02 7.53197671e-02 0.0
-1.00538397e-01 7.19930627e-02 0.0
-1.05909589e-01 6.83300738e-02 0.0
-1.11010365e-01 6.43585688e-02 0.0
-1.15822084e-01 6.01016762e-02 0.0
-1.20327709e-01 5.55787043e-02 0.0
-1.24511416e-01 5.08058579e-02 0.0
-1.28358168e-01 4.57970390e-02 0.0
-1.31853440e-01 4.05645093e-02 0.0
-1.34982934e-01 3.51196248e-02 0.0
-1.37732430e-01 2.94734256e-02 0.0
-1.40087650e-01 2.36373065e-02 0.0
-1.42034228e-01 1.76235466e-02 0.0
-1.43557719e-01 1.14459323e-02 0.0
-1.44643697e-01 5.12024308e-03 0.0
-1.45277908e-01 -1.33516696e-03 0.0
-1.45446495e-01 -7.89892940e-03 0.0
-1.45136292e-01 -1.45461358e-02 0.0
-1.44335174e-01 -2.12479701e-02 0.0
-1.43032488e-01 -2.79712758e-02 0.0
-1.41219498e-01 -3.46783051e-02 0.0
-1.38889931e-01 -4.13264308e-02 0.0
-1.36040485e-01 -4.78680626e-02 0.0
-1.32671426e-01 -5.42505534e-02 0.0
-1.28787105e-01 -6.04163241e-02 0.0
-1.24396537e-01 -6.63029914e-02 0.0
-1.19513829e-01 -7.18437096e-02 0.0
-1.14158654e-01 -7.69675048e-02 0.0
-1.08356513e-01 -8.15997881e-02 0.0
-1.02139021e-01 -8.56628219e-02 0.0
-9.55439403e-02 -8.90762951e-02 0.0
-8.86152822e-02 -9.17577866e-02 0.0
-8.14031773e-02 -9.36232537e-02 0.0
-7.39639412e-02 -9.45873513e-02 0.0
-6.63600895e-02 -9.45637448e-02 0.0
-5.86608395e-02 -9.34653168e-02 0.0
-5.09429374e-02 -9.12045557e-02 0.0
-4.32924623e-02 -8.76942743e-02 0.0
-3.58074566e-02 -8.28492639e-02 0.0
-2.86019478e-02 -7.65895055e-02 0.0
-2.18108118e-02 -6.88460509e-02 0.0
-1.55952468e-02 -5.95706676e-02 0.0
-1.01469009e-02 -4.87503884e-02 0.0
-5.68853809e-03 -3.64271486e-02 0.0
-2.46741581e-03 -2.27209485e-02 0.0
-5.99145203e-04 -7.85173652e-03 0.0
-2.18892845e-04 8.84692073e-03 0.0
-1.39551114e-03 2.45520505e-02 0.0
-3.81715410e-03 3.82995242e-02 0.0
-7.16685925e-03 5.01712132e-02 0.0
-1.12897614e-02 6.02816690e-02 0.0
-1.60568625e-02 6.87593023e-02 0.0
-2.13594633e-02 7.57340687e-02 0.0
-2.71030687e-02 8.13312339e-02 0.0
-3.32023275e-02 8.56692433e-02 0.0
-3.95780872e-02 8.88595918e-02 0.0
-4.61558875e-02 9.10073585e-02 0.0
-5.28658053e-02 9.22115852e-02 0.0
-5.96426718e-02 9.25653451e-02 0.0
-6.64266723e-02 9.21554319e-02 0.0
-7.31636507e-02 9.10619288e-02 0.0
-7.98053900e-02 8.93577086e-02 0.0
-8.63094424e-02 8.71081284e-02 0.0
-9.26389053e-02 8.43708638e-02 0.0
-9.87618397e-02 8.11960602e-02 0.0
-1.04650732e-01 7.76266385e-02 0.0
-1.10281738e-01 7.36988774e-02 0.0
-1.15634068e-01 6.94430571e-02 0.0
-1.20689253e-01 6.48842827e-02 0.0
-1.25430600e-01 6.00432648e-02 0.0
-1.29842598e-01 5.49372028e-02 0.0
-1.33910505e-01 4.95805564e-02 0.0
-1.37619920e-01 4.39858855e-02 0.0
-1.40956521e-01 3.81645532e-02 0.0
-1.43905810e-01 3.21274946e-02 0.0
-1.46452990e-01 2.58858510e-02 0.0
-1.48582876e-01 1.94516809e-02 0.0
-1.50279916e-01 1.28385438e-02 0.0
-1.51528260e-01 6.06217018e-03 0.0
-1.52311932e-01 -8.58995180e-04 0.0
-1.52615063e-01 -7.90316854e-03 0.0
-1.52422208e-01 -1.50447404e-02 0.0
-1.51718753e-01 -2.22537267e-02 0.0
-1.50491367e-01 -2.94953818e-02 0.0
-1.48728569e-01 -3.67297800e-02 0.0
-1.46421297e-01 -4.39115904e-02 0.0
-1.43563593e-01 -5.09898540e-02 0.0
-1.40153236e-01 -5.79079825e-02 0.0
-1.36192472e-01 -6.46037884e-02 0.0
-1.31688631e-01 -7.10097492e-02 0.0
-1.26654800e-01 -7.70533111e-02 0.0
-1.21110292e-01 -8.26574105e-02 0.0
-1.15081140e-01 -8.77410078e-02 0.0
-1.08600295e-01 -9.22197777e-02 0.0
-1.01707824e-01 -9.60067368e-02 0.0
-9.44507636e-02 -9.90129157e-02 0.0
-8.68830068e-02 -1.01147847e-01 0.0
-7.90649138e-02 -1.02319956e-01 0.0
-7.10631381e-02 -1.02436645e-01 0.0
-6.29504760e-02 -1.01404214e-01 0.0
-5.48064112e-02 -9.91275208e-02 0.0
-4.67183410e-02 -9.55097585e-02 0.0
-3.87843689e-02 -9.04526715e-02 0.0
-3.11177235e-02 -8.38581752e-02 0.0
-2.38535359e-02 -7.56326384e-02 0.0
-1.71572674e-02 -6.56958564e-02 0.0
-1.12338085e-02 -5.39969581e-02 0.0
-6.33348362e-03 -4.05392299e-02 0.0
-2.74994823e-03 -2.54134992e-02 0.0
-6.63255918e-04 -8.83476294e-03 0.0
-2.34922159e-04 9.57118306e-03 0.0
-1.46279689e-03 2.65027398e-02 0.0
-3.96475426e-03 4.12724615e-02 0.0
-7.41099749e-03 5.39942616e-02 0.0
-1.16448458e-02 6.48154183e-02 0.0
-1.65420915e-02 7.38899581e-02 0.0
-2.20006224e-02 8.13646124e-02 0.0
-2.79306134e-02 8.73743651e-02 0.0
-3.42482346e-02 9.20430798e-02 0.0
-4.08724824e-02 9.54858607e-02 0.0
-4.77246800e-02 9.78111944e-02 0.0
-5.47291197e-02 9.91222233e-02 0.0
-6.18144390e-02 9.95170178e-02 0.0
-6.89147417e-02 9.90881965e-02 0.0
-7.59705904e-02 9.79221332e-02 0.0
-8.29293541e-02 9.60981574e-02 0.0
-8.97453141e-02 9.36878496e-02 0.0
-9.63792231e-02 9.07546798e-02 0.0
-1.02797778e-01 8.73539048e-02 0.0
-1.08972760e-01 8.35328465e-02 0.0
-1.14880261e-01 7.93313618e-02 0.0
-1.20499753e-01 7.47825847e-02 0.0
-1.25813337e-01 6.99137186e-02 0.0
-1.30804939e-01 6.47469778e-02 0.0
-1.35459714e-01 5.93004671e-02 0.0
-1.39763441e-01 5.35891337e-02 0.0
-1.43702109e-01 4.76256027e-02 0.0
-1.47261518e-01 4.14210604e-02 0.0
-1.50427036e-01 3.49860109e-02 0.0
-1.53183391e-01 2.83310879e-02 0.0
-1.55514591e-01 2.14677487e-02 0.0
-1.57403892e-01 1.44090372e-02 0.0
-1.58833887e-01 7.17023664e-03 0.0
-1.59786654e-01 -2.30403515e-04 0.0
-1.60244006e-01 -7.77105682e-03 0.0
-1.60187848e-01 -1.54256470e-02 0.0
-1.59600594e-01 -2.31633130e-02 0.0
-1.58465721e-01 -3.09478405e-02 0.0
-1.56768363e-01 -3.87372662e-02 0.0
-1.54496041e-01 -4.64834896e-02 0.0
-1.51639399e-01 -5.41320958e-02 0.0
-1.48193068e-01 -6.16222304e-02 0.0
-1.44156459e-01 -6.88867183e-02 0.0
-1.39534664e-01 -7.58522641e-02 0.0
-1.34339198e-01 -8.24399088e-02 0.0
-1.28588773e-01 -8.85655678e-02 0.0
-1.22309811e-01 -9.41407924e-02 0.0
-1.15536925e-01 -9.90735595e-02 0.0
-1.08313007e-01 -1.03269186e-01 0.0
-1.00689240e-01 -1.06631143e-01 0.0
-9.27246602e-02 -1.09061814e-01 0.0
-8.44856681e-02 -1.10462940e-01 0.0
-7.60452076e-02 -1.10735771e-01 0.0
-6.74821727e-02 -1.09780669e-01 0.0
-5.88809601e-02 -1.07496236e-01 0.0
-5.03320598e-02 -1.03777917e-01 0.0
-4.19339585e-02 -9.85164982e-02 0.0
-3.37976945e-02 -9.15971800e-02 0.0
-2.60545931e-02 -8.29008542e-02 0.0
-1.88682703e-02 -7.23101742e-02 0.0
-1.24498241e-02 -5.97244975e-02 0.0
-7.07328814e-03 -4.50885145e-02 0.0
-3.08297824e-03 -2.84380330e-02 0.0
-7.40935388e-04 -9.95945002e-03 0.0
-2.53385909e-04 1.03299796e-02 0.0
-1.53445907e-03 2.85233899e-02 0.0
-4.10943098e-03 4.43287680e-02 0.0
-7.63458877e-03 5.79093937e-02 0.0
-1.19572481e-02 6.94568425e-02 0.0
-1.69656271e-02 7.91542174e-02 0.0
-2.25695629e-02 8.71628893e-02 0.0
-2.86864258e-02 9.36230214e-02 0.0
-3.52336019e-02 9.86593106e-02 0.0
-4.21265451e-02 1.02386920e-01 0.0
-4.92797352e-02 1.04915632e-01 0.0
-5.66092061e-02 1.06351815e-01 0.0
-6.40350232e-02 1.06798691e-01 0.0
-7.14835218e-02 1.06355461e-01 0.0
-7.88886188e-02 1.05115960e-01 0.0
-8.61925850e-02 1.03167214e-01 0.0
-9.33459702e-02 1.00588299e-01 0.0
-1.00307218e-01 9.74495541e-02 0.0
-1.07041756e-01 9.38122985e-02 0.0
-1.13521069e-01 8.97289297e-02 0.0
-1.19721529e-01 8.52434284e-02 0.0
-1.25623392e-01 8.03920657e-02 0.0
-1.31209718e-01 7.52043467e-02 0.0
-1.36465540e-01 6.97039772e-02 0.0
-1.41377021e-01 6.39099308e-02 0.0
-1.45930844e-01 5.78374320e-02 0.0
-1.50113635e-01 5.14989790e-02 0.0
-1.53911568e-01 4.49052442e-02 0.0
-1.57310012e-01 3.80660094e-02 0.0
-1.60293329e-01 3.09909830e-02 0.0
-1.62844720e-01 2.36906681e-02 0.0
-1.64946205e-01 1.61771289e-02 0.0
-1.66578662e-01 8.46482150e-03 0.0
-1.67721988e-01 5.71328428e-04 0.0
-1.68355357e-01 -7.48184418e-03 0.0
-1.68457573e-01 -1.56685793e-02 0.0
-1.68007565e-01 -2.39574222e-02 0.0
-1.66984955e-01 -3.23109957e-02 0.0
-1.65370791e-01 -4.06854185e-02 0.0
-1.63148327e-01 -4.90299113e-02 0.0
-1.60303975e-01 -5.72864595e-02 0.0
-1.56828254e-01 -6.53897156e-02 0.0
-1.52716887e-01 -7.32670104e-02 0.0
-1.47971815e-01 -8.08386443e-02 0.0
-1.42602301e-01 -8.80183212e-02 0.0
-1.36625829e-01 -9.47138711e-02 0.0
-1.30069001e-01 -1.00828103e-01 0.0
-1.22968075e-01 -1.06259893e-01 0.0
-1.15369379e-01 -1.10905305e-01 0.0
-1.07329216e-01 -1.14658801e-01 0.0
-9.89135442e-02 -1.17414264e-01 0.0
-9.01970635e-02 -1.19065826e-01 0.0
-8.12621189e-02 -1.19508163e-01 0.0
-7.21971588e-02 -1.18636154e-01 0.0
-6.30954295e-02 -1.16343584e-01 0.0
-5.40539956e-02 -1.12520803e-01 0.0
-4.51743536e-02 -1.07051266e-01 0.0
-3.65655025e-02 -9.98074477e-02 0.0
-2.83517438e-02 -9.06473775e-02 0.0
-2.06868697e-02 -7.94147885e-02 0.0
-1.37766620e-02 -6.59484889e-02 0.0
-7.90756806e-03 -5.01101150e-02 0.0
-3.47292218e-03 -3.18413615e-02 0.0
-8.35344878e-04 -1.12561119e-02 0.0
-2.75892064e-04 1.11297898e-02 0.0
-1.61081843e-03 3.06101229e-02 0.0
-4.24151428e-03 4.74477300e-02 0.0
-7.81240233e-03 6.18865161e-02 0.0
-1.21876015e-02 7.41776274e-02 0.0
-1.72796210e-02 8.45338912e-02 0.0
-2.30169526e-02 9.31245532e-02 0.0
-2.93253099e-02 1.00086659e-01 0.0
-3.61212306e-02 1.05538861e-01 0.0
-4.33127465e-02 1.09591930e-01 0.0
-5.08035604e-02 1.12354737e-01 0.0
-5.84977303e-02 1.13936471e-01 0.0
-6.63040029e-02 1.14446253e-01 0.0
-7.41388059e-02 1.13991339e-01 0.0
-8.19282298e-02 1.12674750e-01 0.0
-8.96086997e-02 1.10593015e-01 0.0
-9.71269631e-02 1.07834310e-01 0.0
-1.04439253e-01 1.04477252e-01 0.0
-1.11510234e-01 1.00590297e-01 0.0
-1.18311567e-01 9.62317623e-02 0.0
-1.24820590e-01 9.14502701e-02 0.0
-1.31018894e-01 8.62855860e-02 0.0
-1.36891155e-01 8.07696164e-02 0.0
-1.42423996e-01 7.49275779e-02 0.0
-1.47605115e-01 6.87791405e-02 0.0
-1.52422470e-01 6.23396158e-02 0.0
-1.56863700e-01 5.56210351e-02 0.0
-1.60915595e-01 4.86332372e-02 0.0
-1.64563746e-01 4.13848348e-02 0.0
-1.67792251e-01 3.38842049e-02 0.0
-1.70583564e-01 2.61403779e-02 0.0
-1.72918407e-01 1.81639752e-02 0.0
-1.74775812e-01 9.96806484e-03 0.0
-1.76133250e-01 1.56907728e-03 0.0
-1.76966887e-01 -7.01236063e-03 0.0
-1.77251964e-01 -1.57505431e-02 0.0
-1.76963298e-01 -2.46139086e-02 0.0
-1.76075944e-01 -3.35642511e-02 0.0
-1.74565969e-01 -4.25560839e-02 0.0
-1.72411415e-01 -5.15360488e-02 0.0
-1.69593337e-01 -6.04425407e-02 0.0
-1.66097038e-01 -6.92054472e-02 0.0
-1.61913312e-01 -7.77461703e-02 0.0
-1.57039841e-01 -8.59778299e-02 0.0
-1.51482500e-01 -9.38058000e-02 0.0
-1.45256715e-01 -1.01128465e-01 0.0
-1.38388562e-01 -1.07838312e-01 0.0
-1.30915786e-01 -1.13823215e-01 0.0
-1.22888339e-01 -1.18967963e-01 0.0
-1.14368656e-01 -1.23155834e-01 0.0
-1.05431239e-01 -1.26270173e-01 0.0
-9.61618172e-02 -1.28195682e-01 0.0
-8.66556825e-02 -1.28819257e-01 0.0
-7.70156267e-02 -1.28029956e-01 0.0
-6.73492375e-02 -1.25717789e-01 0.0
-5.77663802e-02 -1.21770788e-01 0.0
-4.83772267e-02 -1.16069985e-01 0.0
-3.92927561e-02 -1.08481970e-01 0.0
-3.06298072e-02 -9.88494924e-02 0.0
-2.25251032e-02 -8.69821919e-02 0.0
-1.51628350e-02 -7.26535119e-02 0.0
-8.81995133e-03 -5.56170314e-02 0.0
-3.92331596e-03 -3.56656986e-02 0.0
-9.50600385e-04 -1.27623490e-02 0.0
-3.04626745e-04 1.19808876e-02 0.0
-1.68884099e-03 3.27487555e-02 0.0
-4.33644283e-03 5.05874231e-02 0.0
-7.89356948e-03 6.58748764e-02 0.0
-1.22659854e-02 7.89369323e-02 0.0
-1.74073958e-02 9.00080767e-02 0.0
-2.32701447e-02 9.92505198e-02 0.0
-2.97859545e-02 1.06784941e-01 0.0
-3.68644321e-02 1.12715069e-01 0.0
-4.43996821e-02 1.17142590e-01 0.0
-5.22786657e-02 1.20173987e-01 0.0
-6.03890259e-02 1.21921873e-01 0.0
-6.86248817e-02 1.22503112e-01 0.0
-7.68908554e-02 1.22035397e-01 0.0
-8.51040758e-02 1.20633485e-01 0.0
-9.31949203e-02 1.18405751e-01 0.0
-1.01106461e-01 1.15451543e-01 0.0
-1.08793371e-01 1.11859392e-01 0.0
-1.16220218e-01 1.07706166e-01 0.0
-1.23359760e-01 1.03056955e-01 0.0
-1.30191073e-01 9.79656065e-02 0.0
-1.36697956e-01 9.24756353e-02 0.0
-1.42867375e-01 8.66214527e-02 0.0
-1.48688250e-01 8.04296663e-02 0.0
-1.54150327e-01 7.39204620e-02 0.0
-1.59243361e-01 6.71089007e-02 0.0
-1.63956362e-01 6.00062038e-02 0.0
-1.68277083e-01 5.26209080e-02 0.0
-1.72191549e-01 4.49600081e-02 0.0
-1.75683773e-01 3.70299892e-02 0.0
-1.78735515e-01 2.88378788e-02 0.0
-1.81326189e-01 2.03922225e-02 0.0
-1.83432846e-01 1.17041102e-02 0.0
-1.85030288e-01 2.78814311e-03 0.0
-1.86091306e-01 -6.33654175e-03 0.0
-1.86587047e-01 -1.56453147e-02 0.0
-1.86487560e-01 -2.51070636e-02 0.0
-1.85762475e-01 -3.46833099e-02 0.0
-1.84381908e-01 -4.43273453e-02 0.0
-1.82317492e-01 -5.39835395e-02 0.0
-1.79543659e-01 -6.35867471e-02 0.0
-1.76039020e-01 -7.30619698e-02 0.0
-1.71787979e-01 -8.23242108e-02 0.0
-1.66782366e-01 -9.12786723e-02 0.0
-1.61023240e-01 -9.98212316e-02 0.0
-1.54522546e-01 -1.07839326e-01 0.0
-1.47304813e-01 -1.15213157e-01 0.0
-1.39408481e-01 -1.21817305e-01 0.0
-1.30887040e-01 -1.27522596e-01 0.0
-1.21809517e-01 -1.32198247e-01 0.0
-1.12260513e-01 -1.35714031e-01 0.0
-1.02339275e-01 -1.37942343e-01 0.0
-9.21580829e-02 -1.38759791e-01 0.0
-8.18394596e-02 -1.38047978e-01 0.0
-7.15126374e-02 -1.35692866e-01 0.0
-6.13090139e-02 -1.31582089e-01 0.0
-5.13575441e-02 -1.25599215e-01 0.0
-4.17808060e-02 -1.17613866e-01 0.0
-3.26947932e-02 -1.07466486e-01 0.0
-2.42171796e-02 -9.49474548e-02 0.0
-1.64939532e-02 -7.97736939e-02 0.0
-9.75761694e-03 -6.15760303e-02 0.0
-4.42771103e-03 -3.99332134e-02 0.0
-1.09114996e-03 -1.45243444e-02 0.0
-3.41089064e-04 1.28972295e-02 0.0
-1.75154490e-03 3.48977214e-02 0.0
-4.33210884e-03 5.36666510e-02 0.0
-7.77455012e-03 6.97952559e-02 0.0
-1.20696103e-02 8.36840792e-02 0.0
-1.72291503e-02 9.55619414e-02 0.0
-2.32271514e-02 1.05557477e-01 0.0
-2.99906372e-02 1.13757362e-01 0.0
-3.74106299e-02 1.20241212e-01 0.0
-4.53572424e-02 1.25098414e-01 0.0
-5.36934657e-02 1.28433483e-01 0.0
-6.22854977e-02 1.30364892e-01 0.0
-7.10099964e-02 1.31020579e-01 0.0
-7.97582231e-02 1.30532271e-01 0.0
-8.84380762e-02 1.29029834e-01 0.0
-9.69741503e-02 1.26636480e-01 0.0
-1.05306764e-01 1.23465136e-01 0.0
-1.13390019e-01 1.19616138e-01 0.0
-1.21189653e-01 1.15176083e-01 0.0
-1.28680614e-01 1.10217730e-01 0.0
-1.35844894e-01 1.04800619e-01 0.0
-1.42669423e-01 9.89722358e-02 0.0
-1.49144386e-01 9.27694413e-02 0.0
-1.55261688e-01 8.62200667e-02 0.0
-1.61013811e-01 7.93444778e-02 0.0
-1.66392788e-01 7.21571162e-02 0.0
-1.71389481e-01 6.46679059e-02 0.0
-1.75992923e-01 5.68835955e-02 0.0
-1.80189879e-01 4.88089723e-02 0.0
-1.83964447e-01 4.04480486e-02 0.0
-1.87297820e-01 3.18051662e-02 0.0
-1.90168101e-01 2.28861244e-02 0.0
-1.92550269e-01 1.36992662e-02 0.0
-1.94416226e-01 4.25661980e-03 0.0
-1.95735006e-01 -5.42498833e-03 0.0
-1.96473133e-01 -1.53227689e-02 0.0
-1.96595146e-01 -2.54068544e-02 0.0
-1.96064350e-01 -3.56391729e-02 0.0
-1.94843745e-01 -4.59724291e-02 0.0
-1.92897247e-01 -5.63491495e-02 0.0
-1.90191074e-01 -6.67009264e-02 0.0
-1.86695459e-01 -7.69478333e-02 0.0
-1.82386487e-01 -8.69981536e-02 0.0
-1.77248221e-01 -9.67484057e-02 0.0
-1.71274849e-01 -1.06083801e-01 0.0
-1.64472999e-01 -1.14879111e-01 0.0
-1.56863870e-01 -1.23000051e-01 0.0
-1.48485325e-01 -1.30305113e-01 0.0
-1.39393480e-01 -1.36647907e-01 0.0
-1.29663945e-01 -1.41879834e-01 0.0
-1.19392189e-01 -1.45853054e-01 0.0
-1.08693174e-01 -1.48423431e-01 0.0
-9.76997201e-02 -1.49453217e-01 0.0
-8.65597946e-02 -1.48812978e-01 0.0
-7.54321745e-02 -1.46382194e-01 0.0
-6.44808059e-02 -1.42047649e-01 0.0
-5.38674366e-02 -1.35698400e-01 0.0
-4.37433666e-02 -1.27215406e-01 0.0
-3.42413086e-02 -1.16452945e-01 0.0
-2.54722161e-02 -1.03207641e-01 0.0
-1.75379890e-02 -8.71709105e-02 0.0
-1.05859716e-02 -6.78671282e-02 0.0
-4.94830908e-03 -4.46096555e-02 0.0
-1.25863355e-03 -1.65943914e-02 0.0
-3.76696404e-04 1.38856885e-02 0.0
-1.73263240e-03 3.69463389e-02 0.0
-4.07264917e-03 5.65386427e-02 0.0
-7.24730769e-03 7.35404035e-02 0.0
-1.13887494e-02 8.83754844e-02 0.0
-1.65669349e-02 1.01208323e-01 0.0
-2.27550717e-02 1.12097306e-01 0.0
-2.98518703e-02 1.21077901e-01 0.0
-3.77113936e-02 1.28200283e-01 0.0
-4.61677321e-02 1.33542398e-01 0.0
-5.50524720e-02 1.37210577e-01 0.0
-6.42065785e-02 1.39334061e-01 0.0
-7.34875367e-02 1.40057001e-01 0.0
-8.27732612e-02 1.39529944e-01 0.0
-9.19631708e-02 1.37902077e-01 0.0
-1.00977583e-01 1.35314884e-01 0.0
-1.09755641e-01 1.31897571e-01 0.0
-1.18252704e-01 1.27764198e-01 0.0
-1.26437269e-01 1.23012406e-01 0.0
-1.34288077e-01 1.17723367e-01 0.0
-1.41791299e-01 1.11962681e-01 0.0
-1.48938214e-01 1.05781820e-01 0.0
-1.55723125e-01 9.92199396e-02 0.0
-1.62141785e-01 9.23057445e-02 0.0
-1.68190020e-01 8.50593762e-02 0.0
-1.73862745e-01 7.74941416e-02 0.0
-1.79153090e-01 6.96181439e-02 0.0
-1.84051792e-01 6.14357300e-02 0.0
-1.88546632e-01 5.29488650e-02 0.0
-1.92622052e-01 4.41583776e-02 0.0
-1.96258811e-01 3.50652035e-02 0.0
-1.99433777e-01 2.56715696e-02 0.0
-2.02119787e-01 1.59822344e-02 0.0
-2.04285657e-01 6.00571391e-03 0.0
-2.05896315e-01 -4.24441039e-03 0.0
-2.06913107e-01 -1.47481941e-02 0.0
-2.07294324e-01 -2.54779683e-02 0.0
-2.06995925e-01 -3.63970260e-02 0.0
-2.05972572e-01 -4.74583078e-02 0.0
-2.04178900e-01 -5.86032183e-02 0.0
-2.01571163e-01 -6.97605496e-02 0.0
-1.98109113e-01 -8.08456615e-02 0.0
-1.93758285e-01 -9.17599173e-02 0.0
-1.88492454e-01 -1.02390535e-01 0.0
-1.82296438e-01 -1.12610863e-01 0.0
-1.75168909e-01 -1.22281238e-01 0.0
-1.67125374e-01 -1.31250404e-01 0.0
-1.58200879e-01 -1.39357624e-01 0.0
-1.48452561e-01 -1.46435391e-01 0.0
-1.37961515e-01 -1.52312770e-01 0.0
-1.26834083e-01 -1.56819156e-01 0.0
-1.15201967e-01 -1.59788316e-01 0.0
-1.03221312e-01 -1.61062307e-01 0.0
-9.10701209e-02 -1.60494880e-01 0.0
-7.89442129e-02 -1.57953706e-01 0.0
-6.70510113e-02 -1.53320603e-01 0.0
-5.56012681e-02 -1.46488465e-01 0.0
-4.47977207e-02 -1.37352875e-01 0.0
-3.48205617e-02 -1.25794620e-01 0.0
-2.58096757e-02 -1.11645882e-01 0.0
-1.78502134e-02 -9.46263080e-02 0.0
-1.09873603e-02 -7.42265613e-02 0.0
-5.35241211e-03 -4.95228048e-02 0.0
-1.43514658e-03 -1.90085578e-02 0.0
-3.50278735e-04 1.48833849e-02 0.0
-1.40152740e-03 3.86265600e-02 0.0
-3.17823802e-03 5.89751775e-02 0.0
-5.91027102e-03 7.70106003e-02 0.0
-9.88739448e-03 9.30239039e-02 0.0
-1.51796749e-02 1.07030432e-01 0.0
-2.17037355e-02 1.18987468e-01 0.0
-2.92930910e-02 1.28873978e-01 0.0
-3.77444737e-02 1.36715207e-01 0.0
-4.68457653e-02 1.42585209e-01 0.0
-5.63932701e-02 1.46600125e-01 0.0
-6.62020215e-02 1.48907495e-01 0.0
-7.61117406e-02 1.49674378e-01 0.0
-8.59891740e-02 1.49075868e-01 0.0
-9.57281035e-02 1.47285144e-01 0.0
-1.05247312e-01 1.44465600e-01 0.0
-1.14487590e-01 1.40765360e-01 0.0
-1.23407943e-01 1.36314003e-01 0.0
-1.31981869e-01 1.31221276e-01 0.0
-1.40193648e-01 1.25577276e-01 0.0
-1.48035204e-01 1.19453749e-01 0.0
-1.55503307e-01 1.12905974e-01 0.0
-1.62597417e-01 1.05975018e-01 0.0
-1.69317861e-01 9.86899845e-02 0.0
-1.75664504e-01 9.10702340e-02 0.0
-1.81635629e-01 8.31273566e-02 0.0
-1.87227132e-01 7.48670044e-02 0.0
-1.92431806e-01 6.62904752e-02 0.0
-1.97238815e-01 5.73962017e-02 0.0
-2.01633201e-01 4.81810819e-02 0.0
-2.05595518e-01 3.86418108e-02 0.0
-2.09101503e-01 2.87761499e-02 0.0
-2.12121878e-01 1.85842771e-02 0.0
-2.14622240e-01 8.07013917e-03 0.0
-2.16563103e-01 -2.75707885e-03 0.0
-2.17900138e-01 -1.38814632e-02 0.0
-2.18584611e-01 -2.52787772e-02 0.0
-2.18564120e-01 -3.69148774e-02 0.0
-2.17783608e-01 -4.87440941e-02 0.0
-2.16186780e-01 -6.07077080e-02 0.0
-2.13717840e-01 -7.27325175e-02 0.0
-2.10323722e-01 -8.47296472e-02 0.0
-2.05956639e-01 -9.65936321e-02 0.0
-2.00577143e-01 -1.08201942e-01 0.0
-1.94157404e-01 -1.19415013e-01 0.0
-1.86684891e-01 -1.30076938e-01 0.0
-1.78166048e-01 -1.40016897e-01 0.0
-1.68630081e-01 -1.49051416e-01 0.0
-1.58132340e-01 -1.56987488e-01 0.0
-1.46757366e-01 -1.63626532e-01 0.0
-1.34620972e-01 -1.68769067e-01 0.0
-1.21871458e-01 -1.72219892e-01 0.0
-1.08689281e-01 -1.73793429e-01 0.0
-9.52853702e-02 -1.73318734e-01 0.0
-8.18974762e-02 -1.70643539e-01 0.0
-6.87848221e-02 -1.65636521e-01 0.0
-5.62203366e-02 -1.58186681e-01 0.0
-4.44802255e-02 -1.48198234e-01 0.0
-3.38285672e-02 -1.35578006e-01 0.0
-2.44932568e-02 -1.20208631e-01 0.0
-1.66258460e-02 -1.01890381e-01 0.0
-1.02446520e-02 -8.02064951e-02 0.0
-5.22108897e-03 -5.42013536e-02 0.0
-1.51232390e-03 -2.16766993e-02 0.0
3.36788805e-05 1.54707593e-02 0.0
-3.56167186e-06 3.93984607e-02 0.0
-7.76448251e-04 6.07529026e-02 0.0
-3.05613380e-03 8.02446337e-02 0.0
-7.09198230e-03 9.78028938e-02 0.0
-1.27969872e-02 1.13248790e-01 0.0
-1.99523568e-02 1.26448614e-01 0.0
-2.82947193e-02 1.37344634e-01 0.0
-3.75537309e-02 1.45955040e-01 0.0
-4.74712213e-02 1.52364264e-01 0.0
-5.78121485e-02 1.56709618e-01 0.0
-6.83713122e-02 1.59166043e-01 0.0
-7.89765195e-02 1.59930893e-01 0.0
-8.94892239e-02 1.59209636e-01 0.0
-9.98027287e-02 1.57203964e-01 0.0
-1.09838986e-01 1.54102408e-01 0.0
-1.19544216e-01 1.50074230e-01 0.0
-1.28884332e-01 1.45265780e-01 0.0
-1.37840257e-01 1.39799535e-01 0.0
-1.46403832e-01 1.33774562e-01 0.0
-1.54574133e-01 1.27268520e-01 0.0
-1.62354601e-01 1.20339979e-01 0.0
-1.69750629e-01 1.13031363e-01 0.0
-1.76767825e-01 1.05371494e-01 0.0
-1.83410569e-01 9.73783313e-02 0.0
-1.89681005e-01 8.90610441e-02 0.0
-1.95578159e-01 8.04222026e-02 0.0
-2.01097296e-01 7.14593177e-02 0.0
-2.06229286e-01 6.21665926e-02 0.0
-2.10960121e-01 5.25361472e-02 0.0
-2.15270410e-01 4.25595874e-02 0.0
-2.19134988e-01 3.22291740e-02 0.0
-2.22522561e-01 2.15394392e-02 0.0
-2.25395478e-01 1.04884936e-02 0.0
-2.27709640e-01 -9.20171745e-04 0.0
-2.29414589e-01 -1.26761506e-02 0.0
-2.30453868e-01 -2.47601046e-02 0.0
-2.30765651e-01 -3.71420271e-02 0.0
-2.30283777e-01 -4.97791027e-02 0.0
-2.28939156e-01 -6.26139234e-02 0.0
-2.26661723e-01 -7.55724557e-02 0.0
-2.23382819e-01 -8.85625146e-02 0.0
-2.19038229e-01 -1.01472227e-01 0.0
-2.13571635e-01 -1.14169233e-01 0.0
-2.06938707e-01 -1.26500191e-01 0.0
-1.99111480e-01 -1.38291307e-01 0.0
-1.90083158e-01 -1.49349508e-01 0.0
-1.79872853e-01 -1.59464897e-01 0.0
-1.68530334e-01 -1.68414096e-01 0.0
-1.56140120e-01 -1.75964951e-01 0.0
-1.42824945e-01 -1.81882064e-01 0.0
-1.28747856e-01 -1.85933353e-01 0.0
-1.14113006e-01 -1.87896860e-01 0.0
-9.91644958e-02 -1.87567598e-01 0.0
-8.41835695e-02 -1.84763379e-01 0.0
-6.94838212e-02 -1.79328978e-01 0.0
-5.54051335e-02 -1.71137302e-01 0.0
-4.23062377e-02 -1.60086535e-01 0.0
-3.05561791e-02 -1.46091348e-01 0.0
-2.05214638e-02 -1.29065252e-01 0.0
-1.25376644e-02 -1.08884919e-01 0.0
-6.82730737e-03 -8.53034681e-02 0.0
-3.27927593e-03 -5.76759464e-02 0.0
-1.00055637e-03 -2.39107917e-02 0.0
2.04646683e-03 6.86325610e-03 0.0
4.82100900e-03 2.05579610e-02 0.0
4.88796369e-03 3.36325360e-02 0.0
2.33098651e-03 4.57197536e-02 0.0
-2.50459541e-03 5.65831821e-02 0.0
-9.24067969e-03 6.60753416e-02 0.0
-1.75124329e-02 7.41180651e-02 0.0
-2.69758998e-02 8.06912862e-02 0.0
-3.73133782e-02 8.58243316e-02 0.0
-4.82386071e-02 8.95872445e-02 0.0
-5.95014096e-02 9.20813631e-02 0.0
-7.08903881e-02 9.34293275e-02 0.0
-8.22337746e-02 9.37651662e-02 0.0
-9.33978817e-02 9.32252524e-02 0.0
-1.04283973e-01 9.19407879e-02 0.0
-1.14823586e-01 9.00322164e-02 0.0
-1.24973386e-01 8.76056514e-02 0.0
-1.34709661e-01 8.47511505e-02 0.0
-1.44023346e-01 8.15424903e-02 0.0
-1.52915435e-01 7.80380256e-02 0.0
-1.61393340e-01 7.42822221e-02 0.0
-1.69467807e-01 7.03075140e-02 0.0
-1.77150698e-01 6.61362249e-02 0.0
-1.84453178e-01 6.17823828e-02 0.0
-1.91384477e-01 5.72533331e-02 0.0
-1.97950833e-01 5.25511242e-02 0.0
-2.04154746e-01 4.76736719e-02 0.0
-2.09994245e-01 4.26157447e-02 0.0
-2.15462308e-01 3.73698151e-02 0.0
-2.20546227e-01 3.19268346e-02 0.0
-2.25227058e-01 2.62769769e-02 0.0
-2.29479048e-01 2.04104009e-02 0.0
-2.33269140e-01 1.43180627e-02 0.0
-2.36556551e-01 7.99261298e-03 0.0
-2.39292488e-01 1.42939359e-03 0.0
-2.41420068e-01 -5.37244791e-03 0.0
-2.42874474e-01 -1.24087292e-02 0.0
-2.43583489e-01 -1.96688894e-02 0.0
-2.43468389e-01 -2.71345552e-02 0.0
-2.42445408e-01 -3.47780413e-02 0.0
-2.40427696e-01 -4.25608393e-02 0.0
-2.37328011e-01 -5.04321519e-02 0.0
-2.33062013e-01 -5.83275645e-02 0.0
-2.27552385e-01 -6.61679513e-02 0.0
-2.20733526e-01 -7.38587477e-02 0.0
-2.12557016e-01 -8.12897209e-02 0.0
-2.02997407e-01 -8.83353913e-02 0.0
-1.92058447e-01 -9.48562409e-02 0.0
-1.79779085e-01 -1.00700828e-01 0.0
-1.66239245e-01 -1.05708873e-01 0.0
-1.51564521e-01 -1.09715309e-01 0.0
-1.35929730e-01 -1.12555174e-01 0.0
-1.19560416e-01 -1.14069087e-01 0.0
-1.02732406e-01 -1.14108892e-01 0.0
-8.57687617e-02 -1.12542854e-01 0.0
-6.90347774e-02 -1.09259662e-01 0.0
-5.29311279e-02 -1.04170276e-01 0.0
-3.78870138e-02 -9.72065765e-02 0.0
-2.43551304e-02 -8.83156023e-02 0.0
-1.28132163e-02 -7.74479164e-02 0.0
-3.77900465e-03 -6.45380795e-02 0.0
2.15087477e-03 -4.94735650e-02 0.0
4.25790291e-03 -3.20440220e-02 0.0
2.12860021e-03 -1.18517975e-02 0.0
-2.21111803e-04 -1.48644687e-03 0.0
-9.42380990e-04 2.15643185e-03 0.0
-2.61901195e-03 7.00450554e-03 0.0
-5.83252879e-03 1.16816394e-02 0.0
-1.07399762e-02 1.58140578e-02 0.0
-1.72066871e-02 1.93014365e-02 0.0
-2.49932923e-02 2.21317678e-02 0.0
-3.38347113e-02 2.43301000e-02 0.0
-4.34720077e-02 2.59417382e-02 0.0
-5.36665801e-02 2.70248645e-02 0.0
-6.42067746e-02 2.76454288e-02 0.0
-7.49110586e-02 2.78728966e-02 0.0
-8.56286394e-02 2.77761692e-02 0.0
-9.62386000e-02 2.74203148e-02 0.0
-1.06647542e-01 2.68638423e-02 0.0
-1.16786554e-01 2.61571933e-02 0.0
-1.26607461e-01 2.53418594e-02 0.0
-1.36079113e-01 2.44506062e-02 0.0
-1.45183590e-01 2.35079464e-02 0.0
-1.53912891e-01 2.25313097e-02 0.0
-1.62265883e-01 2.15319993e-02 0.0
-1.70245864e-01 2.05165043e-02 0.0
-1.77858425e-01 1.94873109e-02 0.0
-1.85109840e-01 1.84439299e-02 0.0
-1.92005644e-01 1.73833384e-02 0.0
-1.98549565e-01 1.63006504e-02 0.0
-2.04742529e-01 1.51892341e-02 0.0
-2.10581856e-01 1.40411337e-02 0.0
-2.16060454e-01 1.28470085e-02 0.0
-2.21166119e-01 1.15964552e-02 0.0
-2.25880809e-01 1.02779164e-02 0.0
-2.30180006e-01 8.87903465e-03 0.0
-2.34032100e-01 7.38665190e-03 0.0
-2.37397882e-01 5.78729703e-03 0.0
-2.40230166e-01 4.06737242e-03 0.0
-2.42473593e-01 2.21385547e-03 0.0
-2.44064711e-01 2.14746630e-04 0.0
-2.44932351e-01 -1.93995714e-03 0.0
-2.44998460e-01 -4.25750790e-03 0.0
-2.44179374e-01 -6.74114467e-03 0.0
-2.42387743e-01 -9.38904659e-03 0.0
-2.39535030e-01 -1.21928468e-02 0.0
-2.35534827e-01 -1.51364168e-02 0.0
-2.30306831e-01 -1.81943599e-02 0.0
-2.23781684e-01 -2.13309190e-02 0.0
-2.15906405e-01 -2.44988446e-02 0.0
-2.06650533e-01 -2.76389212e-02 0.0
-1.96012513e-01 -3.06797932e-02 0.0
-1.84026326e-01 -3.35387481e-02 0.0
-1.70767661e-01 -3.61231338e-02 0.0
-1.56359497e-01 -3.83329420e-02 0.0
-1.40976213e-01 -4.00641523e-02 0.0
-1.24846078e-01 -4.12131048e-02 0.0
-1.08251249e-01 -4.16812642e-02 0.0
-9.15253661e-02 -4.13802479e-02 0.0
-7.50482122e-02 -4.02361558e-02 0.0
-5.92380321e-02 -3.81926804e-02 0.0
-4.45412997e-02 -3.52118487e-02 0.0
-3.14200817e-02 -3.12719632e-02 0.0
-2.03333220e-02 -2.63630101e-02 0.0
-1.16993510e-02 -2.04854046e-02 0.0
-5.79673735e-03 -1.36802102e-02 0.0
-2.50304382e-03 -6.21981759e-03 0.0
-7.28122550e-04 4.63168468e-04 0.0
-7.08937375e-04 -2.86063866e-04 0.0
-2.80465238e-03 4.04337814e-03 0.0
-6.07219306e-03 1.00617595e-02 0.0
-1.04213758e-02 1.61871247e-02 0.0
-1.59680447e-02 2.17627399e-02 0.0
-2.26879845e-02 2.65394672e-02 0.0
-3.04521913e-02 3.04446225e-02 0.0
-3.90812531e-02 3.34878101e-02 0.0
-4.83813518e-02 3.57215179e-02 0.0
-5.81641221e-02 3.72225323e-02 0.0
-6.82571992e-02 3.80811478e-02 0.0
-7.85091117e-02 3.83934991e-02 0.0
-8.87912642e-02 3.82554345e-02 0.0
-9.89977690e-02 3.77576585e-02 0.0
-1.09044285e-01 3.69821104e-02 0.0
-1.18865882e-01 3.59996946e-02 0.0
-1.28414668e-01 3.48692207e-02 0.0
-1.37657033e-01 3.36374390e-02 0.0
-1.46571073e-01 3.23398156e-02 0.0
-1.55143975e-01 3.10018349e-02 0.0
-1.63369782e-01 2.96404712e-02 0.0
-1.71247269e-01 2.82657055e-02 0.0
-1.78778240e-01 2.68818512e-02 0.0
-1.85965925e-01 2.54887046e-02 0.0
-1.92813738e-01 2.40823992e-02 0.0
-1.99324075e-01 2.26560718e-02 0.0
-2.05497355e-01 2.12002834e-02 0.0
-2.11331049e-01 1.97033362e-02 0.0
-2.16818858e-01 1.81514456e-02 0.0
-2.21949851e-01 1.65289102e-02 0.0
-2.26707702e-01 1.48182376e-02 0.0
-2.31069910e-01 1.30003550e-02 0.0
-2.35007108e-01 1.10548603e-02 0.0
-2.38482429e-01 8.96042910e-03 0.0
-2.41451003e-01 6.69533403e-03 0.0
-2.43859625e-01 4.23817760e-03 0.0
-2.45646647e-01 1.56879691e-03 0.0
-2.46742207e-01 -1.33057676e-03 0.0
-2.47068811e-01 -4.47394877e-03 0.0
-2.46542448e-01 -7.86992883e-03 0.0
-2.45074223e-01 -1.15198992e-02 0.0
-2.42572737e-01 -1.54159785e-02 0.0
-2.38947129e-01 -1.95388854e-02 0.0
-2.34111042e-01 -2.38557706e-02 0.0
-2.27987312e-01 -2.83181861e-02 0.0
-2.20513624e-01 -3.28603532e-02 0.0
-2.11648754e-01 -3.73979696e-02 0.0
-2.01379543e-01 -4.18277992e-02 0.0
-1.89727982e-01 -4.60283201e-02 0.0
-1.76758373e-01 -4.98616745e-02 0.0
-1.62583676e-01 -5.31771099e-02 0.0
-1.47370816e-01 -5.58159843e-02 0.0
-1.31343860e-01 -5.76182286e-02 0.0
-1.14784766e-01 -5.84299385e-02 0.0
-9.80306014e-02 -5.81115059e-02 0.0
-8.14670609e-02 -5.65454869e-02 0.0
-6.55171675e-02 -5.36433282e-02 0.0
-5.06245975e-02 -4.93504191e-02 0.0
-3.72288423e-02 -4.36502928e-02 0.0
-2.57273820e-02 -3.65728382e-02 0.0
-1.64142491e-02 -2.82226293e-02 0.0
-9.38601642e-03 -1.88737918e-02 0.0
-4.45519618e-03 -9.25072121e-03 0.0
-1.23553984e-03 -1.22218319e-03 0.0
-7.71788649e-04 1.46471998e-03 0.0
-3.35377739e-03 7.24036746e-03 0.0
-7.55690363e-03 1.43354654e-02 0.0
-1.28501471e-02 2.15558848e-02 0.0
-1.91299983e-02 2.82205507e-02 0.0
-2.63269739e-02 3.39986338e-02 0.0
-3.43387329e-02 3.87614944e-02 0.0
-4.30322335e-02 4.24935841e-02 0.0
-5.22599635e-02 4.52436665e-02 0.0
-6.18743071e-02 4.70976021e-02 0.0
-7.17367459e-02 4.81617082e-02 0.0
-8.17231770e-02 4.85514067e-02 0.0
-9.17261626e-02 4.83827986e-02 0.0
-1.01655584e-01 4.77663636e-02 0.0
-1.11437946e-01 4.68024362e-02 0.0
-1.21015216e-01 4.55783959e-02 0.0
-1.30343063e-01 4.41673208e-02 0.0
-1.39389110e-01 4.26279261e-02 0.0
-1.48130934e-01 4.10053761e-02 0.0
-1.56554287e-01 3.93327198e-02 0.0
-1.64651245e-01 3.76325482e-02 0.0
-1.72418650e-01 3.59187244e-02 0.0
-1.79856555e-01 3.41979165e-02 0.0
-1.86966957e-01 3.24709399e-02 0.0
-1.93752529e-01 3.07337668e-02 0.0
-2.00215585e-01 2.89783199e-02 0.0
-2.06357022e-01 2.71929777e-02 0.0
-2.12175413e-01 2.53629565e-02 0.0
-2.17666063e-01 2.34705152e-02 0.0
-2.22820155e-01 2.14951583e-02 0.0
-2.27623858e-01 1.94137780e-02 0.0
-2.32057506e-01 1.72009061e-02 0.0
-2.36094773e-01 1.48290095e-02 0.0
-2.39701928e-01 1.22689924e-02 0.0
-2.42837183e-01 9.49083384e-03 0.0
-2.45450167e-01 6.46451675e-03 0.0
-2.47481630e-01 3.16117374e-03 0.0
-2.48863386e-01 -4.45408018e-04 0.0
-2.49518665e-01 -4.37700889e-03 0.0
-2.49362865e-01 -8.64880973e-03 0.0
-2.48304938e-01 -1.32669524e-02 0.0
-2.46249372e-01 -1.82257641e-02 0.0
-2.43099047e-01 -2.35048233e-02 0.0
-2.38758873e-01 -2.90658911e-02 0.0
-2.33140488e-01 -3.48499825e-02 0.0
-2.26167818e-01 -4.07747246e-02 0.0
-2.17783709e-01 -4.67323934e-02 0.0
-2.07957220e-01 -5.25888992e-02 0.0
-1.96691638e-01 -5.81841946e-02 0.0
-1.84032471e-01 -6.33344151e-02 0.0
-1.70075230e-01 -6.78361555e-02 0.0
-1.54971870e-01 -7.14730155e-02 0.0
-1.38935421e-01 -7.40244677e-02 0.0
-1.22241394e-01 -7.52766970e-02 0.0
-1.05225323e-01 -7.50348679e-02 0.0
-8.82749503e-02 -7.31359336e-02 0.0
-7.18163900e-02 -6.94612411e-02 0.0
-5.62926087e-02 -6.39487740e-02 0.0
-4.21332527e-02 -5.66069761e-02 0.0
-2.97141931e-02 -4.75366129e-02 0.0
-1.93098732e-02 -3.69762565e-02 0.0
-1.10573453e-02 -2.54008857e-02 0.0
-5.00346559e-03 -1.37082988e-02 0.0
-1.26499667e-03 -3.44394327e-03 0.0
-7.46489087e-04 3.25284512e-03 0.0
-3.47714561e-03 1.10347460e-02 0.0
-8.16467522e-03 1.94317711e-02 0.0
-1.41040398e-02 2.76922264e-02 0.0
-2.10114138e-02 3.52714848e-02 0.0
-2.87202062e-02 4.18535288e-02 0.0
-3.70971225e-02 4.72953470e-02 0.0
-4.60136280e-02 5.15698202e-02 0.0
-5.53420918e-02 5.47237176e-02 0.0
-6.49592653e-02 5.68491716e-02 0.0
-7.47507497e-02 5.80641756e-02 0.0
-8.46139288e-02 5.84986725e-02 0.0
-9.44596190e-02 5.82843414e-02 0.0
-1.04212314e-01 5.75470792e-02 0.0
-1.13809856e-01 5.64017753e-02 0.0
-1.23202405e-01 5.49490348e-02 0.0
-1.32351348e-01 5.32736392e-02 0.0
-1.41227865e-01 5.14443457e-02 0.0
-1.49811633e-01 4.95147309e-02 0.0
-1.58089359e-01 4.75246330e-02 0.0
-1.66053514e-01 4.55019428e-02 0.0
-1.73700974e-01 4.34643958e-02 0.0
-1.81031884e-01 4.14212682e-02 0.0
-1.88048460e-01 3.93747776e-02 0.0
-1.94753981e-01 3.73212383e-02 0.0
-2.01151733e-01 3.52518776e-02 0.0
-2.07244101e-01 3.31534484e-02 0.0
-2.13031589e-01 3.10085921e-02 0.0
-2.18511948e-01 2.87961174e-02 0.0
-2.23679226e-01 2.64911572e-02 0.0
-2.28522885e-01 2.40653740e-02 0.0
-2.33026863e-01 2.14871693e-02 0.0
-2.37168681e-01 1.87220650e-02 0.0
-2.40918561e-01 1.57332058e-02 0.0
-2.44238602e-01 1.24821491e-02 0.0
-2.47082071e-01 8.92988502e-03 0.0
-2.49392823e-01 5.03825042e-03 0.0
-2.51104996e-01 7.71670575e-04 0.0
-2.52142957e-01 -3.90062334e-03 0.0
-2.52421743e-01 -9.00198896e-03 0.0
-2.51847955e-01 -1.45452715e-02 0.0
-2.50321407e-01 -2.05293470e-02 0.0
-2.47737483e-01 -2.69352820e-02 0.0
-2.43990540e-01 -3.37223481e-02 0.0
-2.38978259e-01 -4.08239963e-02 0.0
-2.32607269e-01 -4.81441811e-02 0.0
-2.24799818e-01 -5.55543152e-02 0.0
-2.15501693e-01 -6.28914163e-02 0.0
-2.04690896e-01 -6.99578899e-02 0.0
-1.92387020e-01 -7.65236020e-02 0.0
-1.78660393e-01 -8.23306871e-02 0.0
-1.63640513e-01 -8.71015818e-02 0.0
-1.47522351e-01 -9.05503791e-02 0.0
-1.30569622e-01 -9.23974184e-02 0.0
-1.13113235e-01 -9.23864911e-02 0.0
-9.55439657e-02 -9.03038488e-02 0.0
-7.82977335e-02 -8.59980253e-02 0.0
-6.18332529e-02 -7.94001685e-02 0.0
-4.66020387e-02 -7.05460798e-02 0.0
-3.30143397e-02 -5.96042062e-02 0.0
-2.14100154e-02 -4.69172572e-02 0.0
-1.20580426e-02 -3.30643461e-02 0.0
-5.22829867e-03 -1.89284340e-02 0.0
-1.24081208e-03 -5.67061300e-03 0.0
-7.13209943e-04 4.98223444e-03 0.0
-3.47677548e-03 1.50692805e-02 0.0
-8.40977174e-03 2.50177900e-02 0.0
-1.47686657e-02 3.44045050e-02 0.0
-2.21632416e-02 4.28612059e-02 0.0
-3.03378356e-02 5.01472550e-02 0.0
-3.91071569e-02 5.61479296e-02 0.0
-4.83214684e-02 6.08481368e-02 0.0
-5.78511810e-02 6.43036697e-02 0.0
-6.75816152e-02 6.66169296e-02 0.0
-7.74114837e-02 6.79178827e-02 0.0
-8.72527038e-02 6.83494867e-02 0.0
-9.70299769e-02 6.80566217e-02 0.0
-1.06680307e-01 6.71779652e-02 0.0
-1.16152048e-01 6.58403201e-02 0.0
-1.25403995e-01 6.41551441e-02 0.0
-1.34404213e-01 6.22168559e-02 0.0
-1.43129028e-01 6.01026345e-02 0.0
-1.51561857e-01 5.78732191e-02 0.0
-1.59692223e-01 5.55744234e-02 0.0
-1.67514643e-01 5.32389205e-02 0.0
-1.75027702e-01 5.08881363e-02 0.0
-1.82233007e-01 4.85339477e-02 0.0
-1.89134313e-01 4.61801901e-02 0.0
-1.95736555e-01 4.38238018e-02 0.0
-2.02045001e-01 4.14557314e-02 0.0
-2.08064332e-01 3.90615145e-02 0.0
-2.13797795e-01 3.66217021e-02 0.0
-2.19246280e-01 3.41120770e-02 0.0
-2.24407433e-01 3.15038578e-02 0.0
-2.29274698e-01 2.87638273e-02 0.0
-2.33836364e-01 2.58545909e-02 0.0
-2.38074565e-01 2.27348942e-02 0.0
-2.41964286e-01 1.93602084e-02 0.0
-2.45472378e-01 1.56835100e-02 0.0
-2.48556619e-01 1.16564625e-02 0.0
-2.51164895e-01 7.23092825e-03 0.0
-2.53234515e-01 2.36100908e-03 0.0
-2.54691828e-01 -2.99446517e-03 0.0
-2.55452147e-01 -8.86882407e-03 0.0
-2.55420219e-01 -1.52839381e-02 0.0
-2.54491261e-01 -2.22459771e-02 0.0
-2.52552886e-01 -2.97407461e-02 0.0
-2.49487911e-01 -3.77286021e-02 0.0
-2.45178440e-01 -4.61393014e-02 0.0
-2.39511137e-01 -5.48669814e-02 0.0
-2.32384077e-01 -6.37658456e-02 0.0
-2.23714901e-01 -7.26470143e-02 0.0
-2.13450477e-01 -8.12773480e-02 0.0
-2.01577427e-01 -8.93809117e-02 0.0
-1.88133305e-01 -9.66439780e-02 0.0
-1.73217174e-01 -1.02724161e-01 0.0
-1.56998769e-01 -1.07264235e-01 0.0
-1.39724323e-01 -1.09910615e-01 0.0
-1.21717785e-01 -1.10336107e-01 0.0
-1.03375333e-01 -1.08265852e-01 0.0
-8.51523797e-02 -1.03505115e-01 0.0
-6.75423710e-02 -9.59674866e-02 0.0
-5.10494574e-02 -8.57028180e-02 0.0
-3.61594729e-02 -7.29250909e-02 0.0
-2.33197342e-02 -5.80403853e-02 0.0
-1.29435578e-02 -4.16693284e-02 0.0
-5.45775402e-03 -2.46389714e-02 0.0
-1.24694017e-03 -7.87890902e-03 0.0
-6.89050370e-04 6.65407319e-03 0.0
-3.45606899e-03 1.91976149e-02 0.0
-8.52668170e-03 3.08930923e-02 0.0
-1.51689506e-02 4.15304037e-02 0.0
-2.29393585e-02 5.09003406e-02 0.0
-3.15169092e-02 5.88603245e-02 0.0
-4.06649269e-02 6.53522697e-02 0.0
-5.02018199e-02 7.03950818e-02 0.0
-5.99830116e-02 7.40677204e-02 0.0
-6.98904343e-02 7.64908367e-02 0.0
-7.98267519e-02 7.78102728e-02 0.0
-8.97116326e-02 7.81833175e-02 0.0
-9.94793298e-02 7.77678911e-02 0.0
-1.09076580e-01 7.67144148e-02 0.0
-1.18461028e-01 7.51602060e-02 0.0
-1.27599679e-01 7.32260118e-02 0.0
-1.36467743e-01 7.10144334e-02 0.0
-1.45047444e-01 6.86097439e-02 0.0
-1.53327131e-01 6.60788039e-02 0.0
-1.61300310e-01 6.34725669e-02 0.0
-1.68964882e-01 6.08279614e-02 0.0
-1.76322283e-01 5.81697518e-02 0.0
-1.83376768e-01 5.55123238e-02 0.0
-1.90134585e-01 5.28611437e-02 0.0
-1.96603266e-01 5.02139817e-02 0.0
-2.02790806e-01 4.75617539e-02 0.0
-2.08704927e-01 4.48891619e-02 0.0
-2.14352221e-01 4.21750340e-02 0.0
-2.19737353e-01 3.93925850e-02 0.0
-2.24862136e-01 3.65095112e-02 0.0
-2.29724620e-01 3.34881504e-02 0.0
-2.34318081e-01 3.02856224e-02 0.0
-2.38629974e-01 2.68541850e-02 0.0
-2.42640829e-01 2.31417217e-02 0.0
-2.46323113e-01 1.90925999e-02 0.0
-2.49640093e-01 1.46488201e-02 0.0
-2.52544722e-01 9.75169858e-03 0.0
-2.54978645e-01 4.34400329e-03 0.0
-2.56871352e-01 -1.62722025e-03 0.0
-2.58139657e-01 -8.20722944e-03 0.0
-2.58687537e-01 -1.54293696e-02 0.0
-2.58406621e-01 -2.33102129e-02 0.0
-2.57177363e-01 -3.18439409e-02 0.0
-2.54871308e-01 -4.09962403e-02 0.0
-2.51354467e-01 -5.06977837e-02 0.0
-2.46492299e-01 -6.08377858e-02 0.0
-2.40156224e-01 -7.12579986e-02 0.0
-2.32232129e-01 -8.17479608e-02 0.0
-2.22630566e-01 -9.20422261e-02 0.0
-2.11298779e-01 -1.01820715e-01 0.0
-1.98233761e-01 -1.10713168e-01 0.0
-1.83495842e-01 -1.18308882e-01 0.0
-1.67221147e-01 -1.24172484e-01 0.0
-1.49631611e-01 -1.27866228e-01 0.0
-1.31040103e-01 -1.28978430e-01 0.0
-1.11849036e-01 -1.27156946e-01 0.0
-9.25404289e-02 -1.22145489e-01 0.0
-7.36574432e-02 -1.13820025e-01 0.0
-5.57786438e-02 -1.02221922e-01 0.0
-3.94901290e-02 -8.75844256e-02 0.0
-2.53631583e-02 -7.03477109e-02 0.0
-1.39476252e-02 -5.11536736e-02 0.0
-5.78594529e-03 -3.08020826e-02 0.0
-1.29334811e-03 -1.01394448e-02 0.0
-6.76259053e-04 8.28888513e-03 0.0
-3.45094666e-03 2.33740231e-02 0.0
-8.62235743e-03 3.69587344e-02 0.0
-1.54808040e-02 4.89655151e-02 0.0
-2.35573571e-02 5.93122384e-02 0.0
-3.24865136e-02 6.79551932e-02 0.0
-4.19880430e-02 7.49070174e-02 0.0
-5.18472557e-02 8.02365196e-02 0.0
-6.18985424e-02 8.40588503e-02 0.0
-7.20134456e-02 8.65221324e-02 0.0
-8.20919430e-02 8.77939009e-02 0.0
-9.20563409e-02 8.80490865e-02 0.0
-1.01846538e-01 8.74601438e-02 0.0
-1.11416598e-01 8.61896089e-02 0.0
-1.20731911e-01 8.43849172e-02 0.0
-1.29767170e-01 8.21753636e-02 0.0
-1.38504630e-01 7.96707659e-02 0.0
-1.46932917e-01 7.69615672e-02 0.0
-1.55045923e-01 7.41198490e-02 0.0
-1.62842051e-01 7.12010105e-02 0.0
-1.70323419e-01 6.82456460e-02 0.0
-1.77495271e-01 6.52815138e-02 0.0
-1.84365289e-01 6.23252634e-02 0.0
-1.90943036e-01 5.93839719e-02 0.0
-1.97239277e-01 5.64562825e-02 0.0
-2.03265378e-01 5.35333068e-02 0.0
-2.09032591e-01 5.05991574e-02 0.0
-2.14551372e-01 4.76313324e-02 0.0
-2.19830576e-01 4.46008434e-02 0.0
-2.24876654e-01 4.14723354e-02 0.0
-2.29692712e-01 3.82040928e-02 0.0
-2.34277540e-01 3.47481923e-02 0.0
-2.38624505e-01 3.10506982e-02 0.0
-2.42720387e-01 2.70521697e-02 0.0
-2.46544110e-01 2.26883825e-02 0.0
-2.50065414e-01 1.78915445e-02 0.0
-2.53243507e-01 1.25919161e-02 0.0
-2.56025703e-01 6.72012303e-03 0.0
-2.58346195e-01 2.10073394e-04 0.0
-2.60124958e-01 -6.99724288e-03 0.0
-2.61267043e-01 -1.49491823e-02 0.0
-2.61662277e-01 -2.36758791e-02 0.0
-2.61185745e-01 -3.31838653e-02 0.0
-2.59699133e-01 -4.34487898e-02 0.0
-2.57053418e-01 -5.44076010e-02 0.0
-2.53093008e-01 -6.59503659e-02 0.0
-2.47661909e-01 -7.79124169e-02 0.0
-2.40611954e-01 -9.00674236e-02 0.0
-2.31813572e-01 -1.02122547e-01 0.0
-2.21168813e-01 -1.13716788e-01 0.0
-2.08626663e-01 -1.24424117e-01 0.0
-1.94199593e-01 -1.33762785e-01 0.0
-1.77980432e-01 -1.41212308e-01 0.0
-1.60157333e-01 -1.46238922e-01 0.0
-1.41024815e-01 -1.48329653e-01 0.0
-1.20987847e-01 -1.47033660e-01 0.0
-1.00557006e-01 -1.42008134e-01 0.0
-8.03330527e-02 -1.33064240e-01 0.0
-6.09821232e-02 -1.20207366e-01 0.0
-4.32046710e-02 -1.03664890e-01 0.0
-2.77047775e-02 -8.38940621e-02 0.0
-1.51660995e-02 -6.15614959e-02 0.0
-6.23725584e-03 -3.74847566e-02 0.0
-1.37691031e-03 -1.25296654e-02 0.0
-6.74280664e-04 9.90888294e-03 0.0
-3.47416172e-03 2.75980621e-02 0.0
-8.74697344e-03 4.31789448e-02 0.0
-1.57998105e-02 5.66566252e-02 0.0
-2.41493585e-02 6.80472772e-02 0.0
-3.33983489e-02 7.73983589e-02 0.0
-4.32311756e-02 8.47982762e-02 0.0
-5.34024047e-02 9.03757804e-02 0.0
-6.37241012e-02 9.42926610e-02 0.0
-7.40539983e-02 9.67332194e-02 0.0
-8.42857377e-02 9.78931582e-02 0.0
-9.43407509e-02 9.79693565e-02 0.0
-1.04161991e-01 9.71514368e-02 0.0
-1.13708831e-01 9.56153500e-02 0.0
-1.22953312e-01 9.35191118e-02 0.0
-1.31877123e-01 9.10003889e-02 0.0
-1.40469529e-01 8.81757642e-02 0.0
-1.48725681e-01 8.51411729e-02 0.0
-1.56645533e-01 8.19732736e-02 0.0
-1.64232883e-01 7.87312427e-02 0.0
-1.71494764e-01 7.54588470e-02 0.0
-1.78440804e-01 7.21863942e-02 0.0
-1.85082778e-01 6.89325702e-02 0.0
-1.91434056e-01 6.57058913e-02 0.0
-1.97509164e-01 6.25059150e-02 0.0
-2.03323204e-01 5.93240236e-02 0.0
-2.08891346e-01 5.61440076e-02 0.0
-2.14228173e-01 5.29423037e-02 0.0
-2.19347032e-01 4.96881523e-02 0.0
-2.24259251e-01 4.63435411e-02 0.0
-2.28973303e-01 4.28632174e-02 0.0
-2.33493827e-01 3.91946398e-02 0.0
-2.37820554e-01 3.52781629e-02 0.0
-2.41947081e-01 3.10473343e-02 0.0
-2.45859532e-01 2.64296119e-02 0.0
-2.49535089e-01 2.13473947e-02 0.0
-2.52940405e-01 1.57196910e-02 0.0
-2.56029979e-01 9.46433300e-03 0.0
-2.58744484e-01 2.50107108e-03 0.0
-2.61009215e-01 -5.24453856e-03 0.0
-2.62732677e-01 -1.38361354e-02 0.0
-2.63805607e-01 -2.33205624e-02 0.0
-2.64100488e-01 -3.37206378e-02 0.0
-2.63472006e-01 -4.50269203e-02 0.0
-2.61758592e-01 -5.71884153e-02 0.0
-2.58785663e-01 -7.01027123e-02 0.0
-2.54370779e-01 -8.36058809e-02 0.0
-2.48331437e-01 -9.74630915e-02 0.0
-2.40495639e-01 -1.11360902e-01 0.0
-2.30715832e-01 -1.24902849e-01 0.0
-2.18885891e-01 -1.37610005e-01 0.0
-2.04961033e-01 -1.48928691e-01 0.0
-1.88979207e-01 -1.58247263e-01 0.0
-1.71082417e-01 -1.64923740e-01 0.0
-1.51534828e-01 -1.68324834e-01 0.0
-1.30734662e-01 -1.67875515e-01 0.0
-1.09215927e-01 -1.63115766e-01 0.0
-8.76376773e-02 -1.53758733e-01 0.0
-6.67595116e-02 -1.39741900e-01 0.0
-4.74057799e-02 -1.21261481e-01 0.0
-3.04230018e-02 -9.87800948e-02 0.0
-1.66373746e-02 -7.29997310e-02 0.0
-6.81645048e-03 -4.47962631e-02 0.0
-1.49418399e-03 -1.51204500e-02 0.0
-6.82274731e-04 1.15348754e-02 0.0
-3.53074244e-03 3.18898665e-02 0.0
-8.92561888e-03 4.95548542e-02 0.0
-1.61799191e-02 6.45878897e-02 0.0
-2.47967321e-02 7.70824199e-02 0.0
-3.43528741e-02 8.71684058e-02 0.0
-4.45027073e-02 9.50109556e-02 0.0
-5.49733254e-02 1.00805025e-01 0.0
-6.55551743e-02 1.04767048e-01 0.0
-7.60915374e-02 1.07125189e-01 0.0
-8.64681106e-02 1.08109606e-01 0.0
-9.66039111e-02 1.07943837e-01 0.0
-1.06443401e-01 1.06837809e-01 0.0
-1.15950281e-01 1.04982830e-01 0.0
-1.25102452e-01 1.02548423e-01 0.0
-1.33888361e-01 9.96809454e-02 0.0
-1.42304147e-01 9.65035544e-02 0.0
-1.50351753e-01 9.31173024e-02 0.0
-1.58037441e-01 8.96028527e-02 0.0
-1.65370899e-01 8.60226454e-02 0.0
-1.72364459e-01 8.24230658e-02 0.0
-1.79032647e-01 7.88365896e-02 0.0
-1.85391685e-01 7.52835779e-02 0.0
-1.91459165e-01 7.17738378e-02 0.0
-1.97253611e-01 6.83077220e-02 0.0
-2.02794133e-01 6.48769825e-02 0.0
-2.08099938e-01 6.14652031e-02 0.0
-2.13189875e-01 5.80480816e-02 0.0
-2.18081832e-01 5.45934021e-02 0.0
-2.22792103e-01 5.10609940e-02 0.0
-2.27334595e-01 4.74025239e-02 0.0
-2.31719953e-01 4.35614315e-02 0.0
-2.35954501e-01 3.94728618e-02 0.0
-2.40039046e-01 3.50639233e-02 0.0
-2.43967496e-01 3.02541393e-02 0.0
-2.47725300e-01 2.49564413e-02 0.0
-2.51287725e-01 1.90785975e-02 0.0
-2.54617960e-01 1.25254453e-02 0.0
-2.57665134e-01 5.20184483e-03 0.0
-2.60362247e-01 -2.98326470e-03 0.0
-2.62624212e-01 -1.21117829e-02 0.0
-2.64346021e-01 -2.22499798e-02 0.0
-2.65401408e-01 -3.34407607e-02 0.0
-2.65642091e-01 -4.56944093e-02 0.0
-2.64898167e-01 -5.89780839e-02 0.0
-2.62979886e-01 -7.32040798e-02 0.0
-2.59681608e-01 -8.82175063e-02 0.0
-2.54788318e-01 -1.03783936e-01 0.0
-2.48085647e-01 -1.19578371e-01 0.0
-2.39373718e-01 -1.35176969e-01 0.0
-2.28485544e-01 -1.50053862e-01 0.0
-2.15309608e-01 -1.63585498e-01 0.0
-1.99816229e-01 -1.75065538e-01 0.0
-1.82085570e-01 -1.83732800e-01 0.0
-1.62334668e-01 -1.88814158e-01 0.0
-1.40938865e-01 -1.89582064e-01 0.0
-1.18443042e-01 -1.85423689e-01 0.0
-9.55574212e-02 -1.75914605e-01 0.0
-7.31352101e-02 -1.60886339e-01 0.0
-5.21316568e-02 -1.40474272e-01 0.0
-3.35490910e-02 -1.15132602e-01 0.0
-1.83751438e-02 -8.56067625e-02 0.0
-7.52344721e-03 -5.28618259e-02 0.0
-1.64297857e-03 -1.79770491e-02 0.0
-6.99889293e-04 1.31864760e-02 0.0
-3.62345828e-03 3.62797486e-02 0.0
-9.17294175e-03 5.61093577e-02 0.0
-1.66542863e-02 7.27690661e-02 0.0
-2.55523695e-02 8.64161855e-02 0.0
-3.54184061e-02 9.72568738e-02 0.0
-4.58792608e-02 1.05533241e-01 0.0
-5.66368561e-02 1.11511028e-01 0.0
-6.74617505e-02 1.15467873e-01 0.0
-7.81834452e-02 1.17682514e-01 0.0
-8.86799799e-02 1.18425491e-01 0.0
-9.88677316e-02 1.17951615e-01 0.0
-1.08692566e-01 1.16494475e-01 0.0
-1.18122258e-01 1.14262863e-01 0.0
-1.27140620e-01 1.11439058e-01 0.0
-1.35742844e-01 1.08178585e-01 0.0
-1.43932230e-01 1.04611238e-01 0.0
-1.51717710e-01 1.00842861e-01 0.0
-1.59112273e-01 9.69577101e-02 0.0
-1.66131779e-01 9.30209221e-02 0.0
-1.72794286e-01 8.90810325e-02 0.0
-1.79119471e-01 8.51721772e-02 0.0
-1.85128327e-01 8.13160717e-02 0.0
-1.90842812e-01 7.75234992e-02 0.0
-1.96285625e-01 7.37955163e-02 0.0
-2.01479885e-01 7.01241684e-02 0.0
-2.06448851e-01 6.64929904e-02 0.0
-2.11215522e-01 6.28771071e-02 0.0
-2.15802223e-01 5.92432421e-02 0.0
-2.20230044e-01 5.55494541e-02 0.0
-2.24518206e-01 5.17449277e-02 0.0
-2.28683253e-01 4.77696428e-02 0.0
-2.32738108e-01 4.35542648e-02 0.0
-2.36690928e-01 3.90200961e-02 0.0
-2.40543754e-01 3.40794521e-02 0.0
-2.44290939e-01 2.86363265e-02 0.0
-2.47917334e-01 2.25877390e-02 0.0
-2.51396252e-01 1.58256618e-02 0.0
-2.54687196e-01 8.23994870e-03 0.0
-2.57733446e-01 -2.77806759e-04 0.0
-2.60459484e-01 -9.82904256e-03 0.0
-2.62768513e-01 -2.05016913e-02 0.0
-2.64540065e-01 -3.23619228e-02 0.0
-2.65628164e-01 -4.54442830e-02 0.0
-2.65860167e-01 -5.97399551e-02 0.0
-2.65037015e-01 -7.51834719e-02 0.0
-2.62935265e-01 -9.16379777e-02 0.0
-2.59311965e-01 -1.08879896e-01 0.0
-2.53913006e-01 -1.26583890e-01 0.0
-2.46486251e-01 -1.44309991e-01 0.0
-2.36800020e-01 -1.61495109e-01 0.0
-2.24667851e-01 -1.77452227e-01 0.0
-2.09979023e-01 -1.91380896e-01 0.0
-1.92733881e-01 -2.02393131e-01 0.0
-1.73080598e-01 -2.09557910e-01 0.0
-1.51348849e-01 -2.11965771e-01 0.0
-1.28073368e-01 -2.08811202e-01 0.0
-1.04000405e-01 -1.99485599e-01 0.0
-8.00703403e-02 -1.83667555e-01 0.0
-5.73740920e-02 -1.61392801e-01 0.0
-3.70857799e-02 -1.33084905e-01 0.0
-2.03814039e-02 -9.95327467e-02 0.0
-8.35714024e-03 -6.18117768e-02 0.0
-1.82233424e-03 -2.11615749e-02 0.0
-7.27149287e-04 1.48829630e-02 0.0
-3.75511751e-03 4.08042580e-02 0.0
-9.49997881e-03 6.28792175e-02 0.0
-1.72469234e-02 8.12275304e-02 0.0
-2.64543371e-02 9.60632618e-02 0.0
-3.66446064e-02 1.07666158e-01 0.0
-4.74167366e-02 1.16357005e-01 0.0
-5.84488497e-02 1.22477045e-01 0.0
-6.94932423e-02 1.26371224e-01 0.0
-8.03674209e-02 1.28375128e-01 0.0
-9.09431023e-02 1.28805193e-01 0.0
-1.01135298e-01 1.27951968e-01 0.0
-1.10892133e-01 1.26075908e-01 0.0
-1.20186343e-01 1.23405458e-01 0.0
-1.29008238e-01 1.20136852e-01 0.0
-1.37360445e-01 1.16435362e-01 0.0
-1.45253875e-01 1.12437425e-01 0.0
-1.52705015e-01 1.08253447e-01 0.0
-1.59733937e-01 1.03970769e-01 0.0
-1.66363124e-01 9.96567232e-02 0.0
-1.72616598e-01 9.53613836e-02 0.0
-1.78519489e-01 9.11200791e-02 0.0
-1.84097662e-01 8.69553803e-02 0.0
-1.89377560e-01 8.28787590e-02 0.0
-1.94385988e-01 7.88916886e-02 0.0
-1.99150003e-01 7.49864642e-02 0.0
-2.03696684e-01 7.11465383e-02 0.0
-2.08052941e-01 6.73466865e-02 0.0
-2.12245181e-01 6.35528054e-02 0.0
-2.16298942e-01 5.97216761e-02 0.0
-2.20238365e-01 5.58004947e-02 0.0
-2.24085559e-01 5.17265212e-02 0.0
-2.27859769e-01 4.74266567e-02 0.0
-2.31576360e-01 4.28173209e-02 0.0
-2.35245566e-01 3.78044627e-02 0.0
-2.38870967e-01 3.22841064e-02 0.0
-2.42447711e-01 2.61432987e-02 0.0
-2.45960390e-01 1.92618987e-02 0.0
-2.49380654e-01 1.15151168e-02 0.0
-2.52664471e-01 2.77728498e-03 0.0
-2.55749182e-01 -7.07319359e-03 0.0
-2.58550298e-01 -1.81472105e-02 0.0
-2.60958302e-01 -3.05366646e-02 0.0
-2.62835521e-01 -4.43040466e-02 0.0
-2.64013548e-01 -5.94699901e-02 0.0
-2.64291485e-01 -7.59984862e-02 0.0
-2.63435900e-01 -9.37801383e-02 0.0
-2.61183123e-01 -1.12613660e-01 0.0
-2.57245311e-01 -1.32186749e-01 0.0
-2.51321361e-01 -1.52057698e-01 0.0
-2.43114444e-01 -1.71640417e-01 0.0
-2.32357195e-01 -1.90196212e-01 0.0
-2.18845626e-01 -2.06837191e-01 0.0
-2.02480923e-01 -2.20546573e-01 0.0
-1.83317013e-01 -2.30221561e-01 0.0
-1.61608302e-01 -2.34742490e-01 0.0
-1.37849824e-01 -2.33068360e-01 0.0
-1.12799042e-01 -2.24352114e-01 0.0
-8.74692565e-02 -2.08060827e-01 0.0
-6.30871994e-02 -1.84077781e-01 0.0
-4.10156444e-02 -1.52759747e-01 0.0
-2.26510299e-02 -1.14926860e-01 0.0
-9.31625518e-03 -7.17766763e-02 0.0
-2.03190918e-03 -2.47348475e-02 0.0
-7.64697451e-04 1.66442800e-02 0.0
-3.92957587e-03 4.55052666e-02 0.0
-9.91800671e-03 6.99115254e-02 0.0
-1.79793099e-02 9.00035034e-02 0.0
-2.75347267e-02 1.06050163e-01 0.0
-3.80715365e-02 1.18406388e-01 0.0
-4.91586095e-02 1.27476040e-01 0.0
-6.04503587e-02 1.33681943e-01 0.0
-7.16826037e-02 1.37443044e-01 0.0
-8.26630954e-02 1.39158066e-01 0.0
-9.32598144e-02 1.39194753e-01 0.0
-1.03388647e-01 1.37883541e-01 0.0
-1.13002136e-01 1.35514772e-01 0.0
-1.22079631e-01 1.32338420e-01 0.0
-1.30619471e-01 1.28565754e-01 0.0
-1.38632802e-01 1.24372133e-01 0.0
-1.46139173e-01 1.19900599e-01 0.0
-1.53163294e-01 1.15265683e-01 0.0
-1.59732978e-01 1.10557296e-01 0.0
-1.65877701e-01 1.05844267e-01 0.0
-1.71627826e-01 1.01177606e-01 0.0
-1.77014066e-01 9.65931591e-02 0.0
-1.82067284e-01 9.21138676e-02 0.0
-1.86818320e-01 8.77513853e-02 0.0
-1.91297982e-01 8.35073372e-02 0.0
-1.95536967e-01 7.93740040e-02 0.0
-1.99565858e-01 7.53347608e-02 0.0
-2.03414996e-01 7.13640524e-02 0.0
-2.07114375e-01 6.74272541e-02 0.0
-2.10693384e-01 6.34801948e-02 0.0
-2.14180492e-01 5.94687047e-02 0.0
-2.17602754e-01 5.53279666e-02 0.0
-2.20985185e-01 5.09820516e-02 0.0
-2.24349902e-01 4.63434335e-02 0.0
-2.27715039e-01 4.13128908e-02 0.0
-2.31093384e-01 3.57796219e-02 0.0
-2.34490680e-01 2.96220187e-02 0.0
-2.37903600e-01 2.27089706e-02 0.0
-2.41317290e-01 1.49021892e-02 0.0
-2.44702553e-01 6.05948078e-03 0.0
-2.48012554e-01 -3.96049208e-03 0.0
-2.51179194e-01 -1.52919756e-02 0.0
-2.54109077e-01 -2.80538361e-02 0.0
-2.56679365e-01 -4.23391953e-02 0.0
-2.58733588e-01 -5.82024257e-02 0.0
-2.60077996e-01 -7.56435431e-02 0.0
-2.60478877e-01 -9.45896315e-02 0.0
-2.59661970e-01 -1.14873700e-01 0.0
-2.57315043e-01 -1.36211305e-01 0.0
-2.53095561e-01 -1.58176438e-01 0.0
-2.46645265e-01 -1.80178763e-01 0.0
-2.37614142e-01 -2.01446116e-01 0.0
-2.25695440e-01 -2.21017447e-01 0.0
-2.10672876e-01 -2.37753478e-01 0.0
-1.92478394e-01 -2.50372951e-01 0.0
-1.71256035e-01 -2.57522082e-01 0.0
-1.47422381e-01 -2.57880821e-01 0.0
-1.21710525e-01 -2.50302219e-01 0.0
-9.51815643e-02 -2.33969406e-01 0.0
-6.91908283e-02 -2.08541942e-01 0.0
-4.53039871e-02 -1.74253940e-01 0.0
-2.51733277e-02 -1.31927907e-01 0.0
-1.03992083e-02 -8.28844999e-02 0.0
-2.27190550e-03 -2.87575643e-02 0.0
-8.13675770e-04 1.84921467e-02 0.0
-4.15260654e-03 5.04307128e-02 0.0
-1.04408660e-02 7.72627923e-02 0.0
-1.88749407e-02 9.91476473e-02 0.0
-2.88254698e-02 1.16412006e-01 0.0
-3.97361764e-02 1.29492112e-01 0.0
-5.11416477e-02 1.38882919e-01 0.0
-6.26721664e-02 1.45097400e-01 0.0
-7.40487773e-02 1.48636519e-01 0.0
-8.50726551e-02 1.49969046e-01 0.0
-9.56115033e-02 1.49519433e-01 0.0
-1.05585695e-01 1.47661988e-01 0.0
-1.14955280e-01 1.44719509e-01 0.0
-1.23709033e-01 1.40965048e-01 0.0
-1.31855465e-01 1.36625522e-01 0.0
-1.39416103e-01 1.31886465e-01 0.0
-1.46420429e-01 1.26897101e-01 0.0
-1.52902492e-01 1.21775509e-01 0.0
-1.58898534e-01 1.16613346e-01 0.0
-1.64445616e-01 1.11480176e-01 0.0
-1.69580706e-01 1.06427074e-01 0.0
-1.74340315e-01 1.01489706e-01 0.0
-1.78760255e-01 9.66906487e-02 0.0
-1.82875675e-01 9.20412356e-02 0.0
-1.86721078e-01 8.75427302e-02 0.0
-1.90330458e-01 8.31871584e-02 0.0
-1.93737361e-01 7.89575835e-02 0.0
-1.96974991e-01 7.48281852e-02 0.0
-2.00076206e-01 7.07639052e-02 0.0
-2.03073494e-01 6.67200319e-02 0.0
-2.05998807e-01 6.26414798e-02 0.0
-2.08883309e-01 5.84621480e-02 0.0
-2.11756936e-01 5.41041207e-02 0.0
-2.14647781e-01 4.94771189e-02 0.0
-2.17581233e-01 4.44779865e-02 0.0
-2.20578828e-01 3.89906565e-02 0.0
-2.23656779e-01 3.28864202e-02 0.0
-2.26824092e-01 2.60249889e-02 0.0
-2.30080274e-01 1.82562272e-02 0.0
-2.33412489e-01 9.42310303e-03 0.0
-2.36792228e-01 -6.34196037e-04 0.0
-2.40171316e-01 -1.20723693e-02 0.0
-2.43477408e-01 -2.50372967e-02 0.0
-2.46608846e-01 -3.96538417e-02 0.0
-2.49429195e-01 -5.60130464e-02 0.0
-2.51761535e-01 -7.41560181e-02 0.0
-2.53383248e-01 -9.40544134e-02 0.0
-2.54021899e-01 -1.15587029e-01 0.0
-2.53353795e-01 -1.38512870e-01 0.0
-2.51006837e-01 -1.62441181e-01 0.0
-2.46570531e-01 -1.86800497e-01 0.0
-2.39615986e-01 -2.10809932e-01 0.0
-2.29729542e-01 -2.33458667e-01 0.0
-2.16562422e-01 -2.53501840e-01 0.0
-1.99897425e-01 -2.69483974e-01 0.0
-1.79729055e-01 -2.79801704e-01 0.0
-1.56348323e-01 -2.82815508e-01 0.0
-1.30415779e-01 -2.77011864e-01 0.0
-1.03001601e-01 -2.61202840e-01 0.0
-7.55705685e-02 -2.34730227e-01 0.0
-4.98993954e-02 -1.97623627e-01 0.0
-2.79320917e-02 -1.50656151e-01 0.0
-1.16040065e-02 -9.52584368e-02 0.0
-2.54272930e-03 -3.32910427e-02 0.0
-8.76068111e-04 2.04514063e-02 0.0
-4.43265812e-03 5.56364977e-02 0.0
-1.10872010e-02 8.49998327e-02 0.0
-1.99627495e-02 1.08720261e-01 0.0
-3.03629500e-02 1.27190163e-01 0.0
-4.16769944e-02 1.40938754e-01 0.0
-5.33999970e-02 1.50564808e-01 0.0
-6.51372580e-02 1.56683356e-01 0.0
-7.65975258e-02 1.59887516e-01 0.0
-8.75794622e-02 1.60723945e-01 0.0
-9.79554594e-02 1.59679470e-01 0.0
-1.07655134e-01 1.57175914e-01 0.0
-1.16650530e-01 1.53570669e-01 0.0
-1.24943503e-01 1.49160726e-01 0.0
-1.32555871e-01 1.44188765e-01 0.0
-1.39521844e-01 1.38849958e-01 0.0
-1.45882722e-01 1.33298944e-01 0.0
-1.51683145e-01 1.27656290e-01 0.0
-1.56968773e-01 1.22014381e-01 0.0
-1.61784783e-01 1.16442383e-01 0.0
-1.66175148e-01 1.10990477e-01 0.0
-1.70182226e-01 1.05693150e-01 0.0
-1.73846762e-01 1.00571845e-01 0.0
-1.77207931e-01 9.56367978e-02 0.0
-1.80303593e-01 9.08884054e-02 0.0
-1.83170488e-01 8.63179326e-02 0.0
-1.85844528e-01 8.19079297e-02 0.0
-1.88361003e-01 7.76321238e-02 0.0
-1.90754808e-01 7.34551696e-02 0.0
-1.93060567e-01 6.93319982e-02 0.0
-1.95312713e-01 6.52071576e-02 0.0
-1.97545433e-01 6.10138766e-02 0.0
-1.99792493e-01 5.66732652e-02 0.0
-2.02086882e-01 5.20933936e-02 0.0
-2.04460225e-01 4.71686923e-02 0.0
-2.06941944e-01 4.17794486e-02 0.0
-2.09558061e-01 3.57918774e-02 0.0
-2.12329629e-01 2.90585938e-02 0.0
-2.15270661e-01 2.14200140e-02 0.0
-2.18385533e-01 1.27065792e-02 0.0
-2.21665692e-01 2.74239678e-03 0.0
-2.25085680e-01 -8.64971779e-03 0.0
-2.28598264e-01 -2.16411078e-02 0.0
-2.32128758e-01 -3.63879379e-02 0.0
-2.35568370e-01 -5.30188349e-02 0.0
-2.38766882e-01 -7.16192260e-02 0.0
-2.41524790e-01 -9.22114415e-02 0.0
-2.43585765e-01 -1.14730235e-01 0.0
-2.44630421e-01 -1.38992979e-01 0.0
-2.44273534e-01 -1.64664790e-01 0.0
-2.42067330e-01 -1.91219278e-01 0.0
-2.37515056e-01 -2.17897858e-01 0.0
-2.30099339e-01 -2.43672798e-01 0.0
-2.19330643e-01 -2.67223426e-01 0.0
-2.04819103e-01 -2.86938834e-01 0.0
-1.86369823e-01 -3.00964411e-01 0.0
-1.64093904e-01 -3.07309378e-01 0.0
-1.38518247e-01 -3.04026128e-01 0.0
-1.10666162e-01 -2.89454781e-01 0.0
-8.20762598e-02 -2.62499171e-01 0.0
-5.47329428e-02 -2.22869133e-01 0.0
-3.09055585e-02 -1.71205302e-01 0.0
-1.29281221e-02 -1.09014786e-01 0.0
-2.84515529e-03 -3.83978001e-02 0.0
-9.54768625e-04 2.25517706e-02 0.0
-4.78203172e-03 6.11895237e-02 0.0
-1.18826943e-02 9.32020331e-02 0.0
-2.12806536e-02 1.18791599e-01 0.0
-3.21918119e-02 1.38430221e-01 0.0
-4.39375917e-02 1.52758567e-01 0.0
-5.59674272e-02 1.62497888e-01 0.0
-6.78614532e-02 1.68381627e-01 0.0
-7.93197026e-02 1.71107833e-01 0.0
-9.01442710e-02 1.71310212e-01 0.0
-1.00218783e-01 1.69543799e-01 0.0
-1.09488665e-01 1.66281236e-01 0.0
-1.17943644e-01 1.61915822e-01 0.0
-1.25603589e-01 1.56768599e-01 0.0
-1.32507413e-01 1.51097200e-01 0.0
-1.38705062e-01 1.45105267e-01 0.0
-1.44251776e-01 1.38951354e-01 0.0
-1.49204402e-01 1.32757062e-01 0.0
-1.53618986e-01 1.26613960e-01 0.0
-1.57549502e-01 1.20589475e-01 0.0
-1.61047151e-01 1.14731547e-01 0.0
-1.64160231e-01 1.09072392e-01 0.0
-1.66934177e-01 1.03631242e-01 0.0
-1.69411881e-01 9.84164367e-02 0.0
-1.71634004e-01 9.34267166e-02 0.0
-1.73639425e-01 8.86521052e-02 0.0
-1.75465622e-01 8.40741651e-02 0.0
-1.77149119e-01 7.96660325e-02 0.0
-1.78725838e-01 7.53919601e-02 0.0
-1.80231471e-01 7.12067764e-02 0.0
-1.81701740e-01 6.70549724e-02 0.0
-1.83172610e-01 6.28698294e-02 0.0
-1.84680361e-01 5.85723020e-02 0.0
-1.86261527e-01 5.40700899e-02 0.0
-1.87952642e-01 4.92566313e-02 0.0
-1.89789723e-01 4.40104867e-02 0.0
-1.91807475e-01 3.81948820e-02 0.0
-1.94038067e-01 3.16579227e-02 0.0
-1.96509482e-01 2.42333040e-02 0.0
-1.99243236e-01 1.57420833e-02 0.0
-2.02251439e-01 5.99541885e-03 0.0
-2.05532951e-01 -5.20107796e-03 0.0
-2.09068607e-01 -1.80413489e-02 0.0
-2.12815189e-01 -3.27104674e-02 0.0
-2.16698182e-01 -4.93735515e-02 0.0
-2.20603054e-01 -6.81609811e-02 0.0
-2.24365335e-01 -8.91493589e-02 0.0
-2.27759663e-01 -1.12336881e-01 0.0
-2.30488901e-01 -1.37612311e-01 0.0
-2.32174781e-01 -1.64716345e-01 0.0
-2.32353210e-01 -1.93195382e-01 0.0
-2.30478395e-01 -2.22348736e-01 0.0
-2.25942170e-01 -2.51173761e-01 0.0
-2.18115688e-01 -2.78317548e-01 0.0
-2.06421151e-01 -3.02050701e-01 0.0
-1.90437665e-01 -3.20285232e-01 0.0
-1.70038406e-01 -3.30663664e-01 0.0
-1.45542793e-01 -3.30743050e-01 0.0
-1.17851687e-01 -3.18280993e-01 0.0
-8.85194244e-02 -2.91595078e-01 0.0
-5.97172315e-02 -2.49918698e-01 0.0
-3.40662929e-02 -1.93634031e-01 0.0
-1.43688299e-02 -1.24260934e-01 0.0
-3.18024299e-03 -4.41421990e-02 0.0
-1.05416191e-03 2.48302282e-02 0.0
-5.21837856e-03 6.71720800e-02 0.0
-1.28631772e-02 1.01964959e-01 0.0
-2.28793382e-02 1.29442821e-01 0.0
-3.43688302e-02 1.50179686e-01 0.0
-4.65691740e-02 1.64955270e-01 0.0
-5.88779194e-02 1.74639819e-01 0.0
-7.08511675e-02 1.80107030e-01 0.0
-8.21863737e-02 1.82175955e-01 0.0
-9.26974307e-02 1.81577791e-01 0.0
-1.02288341e-01 1.78941726e-01 0.0
-1.10928769e-01 1.74793707e-01 0.0
-1.18633585e-01 1.69563244e-01 0.0
-1.25446605e-01 1.63594245e-01 0.0
-1.31428593e-01 1.57157476e-01 0.0
-1.36648635e-01 1.50462798e-01 0.0
-1.41178458e-01 1.43670483e-01 0.0
-1.45088713e-01 1.36900943e-01 0.0
-1.48446918e-01 1.30243001e-01 0.0
-1.51316315e-01 1.23760484e-01 0.0
-1.53755544e-01 1.17497559e-01 0.0
-1.55818647e-01 1.11482709e-01 0.0
-1.57555440e-01 1.05731815e-01 0.0
-1.59011942e-01 1.00250224e-01 0.0
-1.60230976e-01 9.50342447e-02 0.0
-1.61252717e-01 9.00718993e-02 0.0
-1.62115329e-01 8.53433433e-02 0.0
-1.62855525e-01 8.08207122e-02 0.0
-1.63509171e-01 7.64678122e-02 0.0
-1.64111802e-01 7.22393568e-02 0.0
-1.64699144e-01 6.80801732e-02 0.0
-1.65307538e-01 6.39240636e-02 0.0
-1.65974307e-01 5.96927576e-02 0.0
-1.66737985e-01 5.52946489e-02 0.0
-1.67638404e-01 5.06237752e-02 0.0
-1.68716573e-01 4.55587622e-02 0.0
-1.70014273e-01 3.99622252e-02 0.0
-1.71573326e-01 3.36803899e-02 0.0
-1.73434381e-01 2.65434705e-02 0.0
-1.75635175e-01 1.83666256e-02 0.0
-1.78208027e-01 8.95208894e-03 0.0
-1.81176497e-01 -1.90761122e-03 0.0
-1.84550861e-01 -1.44246449e-02 0.0
-1.88322305e-01 -2.88089977e-02 0.0
-1.92455397e-01 -4.52587936e-02 0.0
-1.96878739e-01 -6.39473882e-02 0.0
-2.01473409e-01 -8.50058680e-02 0.0
-2.06059410e-01 -1.08499914e-01 0.0
-2.10380311e-01 -1.34399017e-01 0.0
-2.14087524e-01 -1.62536430e-01 0.0
-2.16726456e-01 -1.92557825e-01 0.0
-2.17729210e-01 -2.23858249e-01 0.0
-2.16420488e-01 -2.55509097e-01 0.0
-2.12046679e-01 -2.86182413e-01 0.0
-2.03839404e-01 -3.14087566e-01 0.0
-1.91124504e-01 -3.36946676e-01 0.0
-1.73480359e-01 -3.52045556e-01 0.0
-1.50935359e-01 -3.56401711e-01 0.0
-1.24170738e-01 -3.47078007e-01 0.0
-9.46703334e-02 -3.21630687e-01 0.0
-6.47452545e-02 -2.78610324e-01 0.0
-3.73818334e-02 -2.17956735e-01 0.0
-1.59239146e-02 -1.41093592e-01 0.0
-3.54979577e-03 -5.05914831e-02 0.0
-1.18057962e-03 2.73344734e-02 0.0
-5.76708280e-03 7.36880673e-02 0.0
-1.40785964e-02 1.11405303e-01 0.0
-2.48270516e-02 1.40767122e-01 0.0
-3.69665152e-02 1.62484376e-01 0.0
-4.96318612e-02 1.77516313e-01 0.0
-6.21632906e-02 1.86919001e-01 0.0
-7.40972919e-02 1.91735156e-01 0.0
-8.51386452e-02 1.92924452e-01 0.0
-9.51254350e-02 1.91327213e-01 0.0
-1.03994297e-01 1.87652154e-01 0.0
-1.11750266e-01 1.82479761e-01 0.0
-1.18442457e-01 1.76274290e-01 0.0
-1.24145909e-01 1.69399769e-01 0.0
-1.28948534e-01 1.62136668e-01 0.0
-1.32942449e-01 1.54697673e-01 0.0
-1.36218355e-01 1.47241451e-01 0.0
-1.38862348e-01 1.39884345e-01 0.0
-1.40954184e-01 1.32709766e-01 0.0
-1.42566698e-01 1.25775762e-01 0.0
-1.43765778e-01 1.19120725e-01 0.0
-1.44610824e-01 1.12767831e-01 0.0
-1.45155335e-01 1.06728140e-01 0.0
-1.45447696e-01 1.01002910e-01 0.0
-1.45531926e-01 9.55849728e-02 0.0
-1.45448519e-01 9.04596583e-02 0.0
-1.45235202e-01 8.56050344e-02 0.0
-1.44927747e-01 8.09919199e-02 0.0
-1.44560706e-01 7.65833672e-02 0.0
-1.44168170e-01 7.23340573e-02 0.0
-1.43784468e-01 6.81892746e-02 0.0
-1.43444851e-01 6.40839021e-02 0.0
-1.43186101e-01 5.99410998e-02 0.0
-1.43047075e-01 5.56711206e-02 0.0
-1.43069132e-01 5.11699408e-02 0.0
-1.43296392e-01 4.63181865e-02 0.0
-1.43775794e-01 4.09800625e-02 0.0
-1.44556829e-01 3.50027972e-02 0.0
-1.45690909e-01 2.82163542e-02 0.0
-1.47230184e-01 2.04339631e-02 0.0
-1.49225711e-01 1.14532815e-02 0.0
-1.51724700e-01 1.05880236e-03 0.0
-1.54766681e-01 -1.09745705e-02 0.0
-1.58378143e-01 -2.48760264e-02 0.0
-1.62565422e-01 -4.08712567e-02 0.0
-1.67305215e-01 -5.91716606e-02 0.0
-1.72532417e-01 -7.99595961e-02 0.0
-1.78124704e-01 -1.03367777e-01 0.0
-1.83883879e-01 -1.29450961e-01 0.0
-1.89514257e-01 -1.58146787e-01 0.0
-1.94599948e-01 -1.89222740e-01 0.0
-1.98584583e-01 -2.22205848e-01 0.0
-2.00760640e-01 -2.56294071e-01 0.0
-2.00279273e-01 -2.90252531e-01 0.0
-1.96196472e-01 -3.22307445e-01 0.0
-1.87573341e-01 -3.50064756e-01 0.0
-1.73645557e-01 -3.70499341e-01 0.0
-1.54062375e-01 -3.80076051e-01 0.0
-1.29167554e-01 -3.75063058e-01 0.0
-1.00253904e-01 -3.52059648e-01 0.0
-6.96894594e-02 -3.08670851e-01 0.0
-4.08159563e-02 -2.44133106e-01 0.0
-1.75933351e-02 -1.59597741e-01 0.0
-3.95675117e-03 -5.78176429e-02 0.0
-1.34345000e-03 3.01279593e-02 0.0
-6.46464777e-03 8.08717448e-02 0.0
-1.55987599e-02 1.21667270e-01 0.0
-2.72152340e-02 1.52870109e-01 0.0
-4.00764071e-02 1.75382059e-01 0.0
-5.31932125e-02 1.90400821e-01 0.0
-6.58462052e-02 1.99218963e-01 0.0
-7.75621664e-02 2.03085210e-01 0.0
-8.80694865e-02 2.03123133e-01 0.0
-9.72481944e-02 2.00294096e-01 0.0
-1.05084284e-01 1.95390297e-01 0.0
-1.11632164e-01 1.89045547e-01 0.0
-1.16986360e-01 1.81754980e-01 0.0
-1.21261311e-01 1.73897574e-01 0.0
-1.24577952e-01 1.65758228e-01 0.0
-1.27055185e-01 1.57547366e-01 0.0
-1.28805051e-01 1.49417641e-01 0.0
-1.29930188e-01 1.41477400e-01 0.0
-1.30522979e-01 1.33801458e-01 0.0
-1.30665553e-01 1.26439282e-01 0.0
-1.30430441e-01 1.19421302e-01 0.0
-1.29881436e-01 1.12763427e-01 0.0
-1.29074672e-01 1.06470427e-01 0.0
-1.28059660e-01 1.00538110e-01 0.0
-1.26880394e-01 9.49548799e-02 0.0
-1.25576358e-01 8.97024523e-02 0.0
-1.24183552e-01 8.47562653e-02 0.0
-1.22735444e-01 8.00852746e-02 0.0
-1.21263932e-01 7.56516092e-02 0.0
-1.19800250e-01 7.14097496e-02 0.0
-1.18375893e-01 6.73056768e-02 0.0
-1.17023491e-01 6.32756345e-02 0.0
-1.15777680e-01 5.92449600e-02 0.0
-1.14675916e-01 5.51266240e-02 0.0
-1.13759224e-01 5.08199547e-02 0.0
-1.13072843e-01 4.62092040e-02 0.0
-1.12666701e-01 4.11624556e-02 0.0
-1.12595677e-01 3.55305641e-02 0.0
-1.12919513e-01 2.91466506e-02 0.0
-1.13702311e-01 2.18258848e-02 0.0
-1.15011391e-01 1.33661093e-02 0.0
-1.16915383e-01 3.54909504e-03 0.0
-1.19481178e-01 -7.85695139e-03 0.0
-1.22769525e-01 -2.10937043e-02 0.0
-1.26828652e-01 -3.64070443e-02 0.0
-1.31685513e-01 -5.40390942e-02 0.0
-1.37333779e-01 -7.42165755e-02 0.0
-1.43717941e-01 -9.71342329e-02 0.0
-1.50712599e-01 -1.22930562e-01 0.0
-1.58096656e-01 -1.51652646e-01 0.0
-1.65522698e-01 -1.83205049e-01 0.0
-1.72484135e-01 -2.17277373e-01 0.0
-1.78285714e-01 -2.53244823e-01 0.0
-1.82028870e-01 -2.90039908e-01 0.0
-1.82630015e-01 -3.26001650e-01 0.0
-1.78897445e-01 -3.58726183e-01 0.0
-1.69694602e-01 -3.84968481e-01 0.0
-1.54208435e-01 -4.00676204e-01 0.0
-1.32310445e-01 -4.01255670e-01 0.0
-1.04943305e-01 -3.82147786e-01 0.0
-7.43999544e-02 -3.39690476e-01 0.0
-4.43311261e-02 -2.72055786e-01 0.0
-1.93819700e-02 -1.79846820e-01 0.0
-4.40635741e-03 -6.59008663e-02 0.0
-1.55671401e-03 3.32974978e-02 0.0
-7.36398100e-03 8.89000538e-02 0.0
-1.75210522e-02 1.32930161e-01 0.0
-3.01651997e-02 1.65867864e-01 0.0
-4.38102899e-02 1.88890598e-01 0.0
-5.73215511e-02 2.03520388e-01 0.0
-6.99242516e-02 2.11355133e-01 0.0
-8.11552190e-02 2.13896020e-01 0.0
-9.07920044e-02 2.12456486e-01 0.0
-9.87821052e-02 2.08129617e-01 0.0
-1.05182828e-01 2.01791659e-01 0.0
-1.10115452e-01 1.94124765e-01 0.0
-1.13732692e-01 1.85647281e-01 0.0
-1.16197322e-01 1.76744943e-01 0.0
-1.17668913e-01 1.67699183e-01 0.0
-1.18296476e-01 1.58711306e-01 0.0
-1.18214821e-01 1.49922015e-01 0.0
-1.17543439e-01 1.41426890e-01 0.0
-1.16386702e-01 1.33288135e-01 0.0
-1.14834945e-01 1.25543540e-01 0.0
-1.12965831e-01 1.18212939e-01 0.0
-1.10845937e-01 1.11303016e-01 0.0
-1.08532258e-01 1.04810522e-01 0.0
-1.06073724e-01 9.87245996e-02 0.0
-1.03512549e-01 9.30280851e-02 0.0
-1.00885568e-01 8.76983660e-02 0.0
-9.82254198e-02 8.27075359e-02 0.0
-9.55617334e-02 7.80223500e-02 0.0
-9.29222220e-02 7.36036517e-02 0.0
-9.03337901e-02 6.94057364e-02 0.0
-8.78235963e-02 6.53752829e-02 0.0
-8.54201374e-02 6.14503122e-02 0.0
-8.31543119e-02 5.75587906e-02 0.0
-8.10604841e-02 5.36173459e-02 0.0
-7.91775191e-02 4.95297194e-02 0.0
-7.75497599e-02 4.51854418e-02 0.0
-7.62279177e-02 4.04583757e-02 0.0
-7.52697875e-02 3.52056304e-02 0.0
-7.47407484e-02 2.92665196e-02 0.0
-7.47138816e-02 2.24620836e-02 0.0
-7.52696310e-02 1.45948746e-02 0.0
-7.64947242e-02 5.44954530e-03 0.0
-7.84801939e-02 -5.20600788e-03 0.0
-8.13180301e-02 -1.76183406e-02 0.0
-8.50961167e-02 -3.20450735e-02 0.0
-8.98906656e-02 -4.87495379e-02 0.0
-9.57554482e-02 -6.79929709e-02 0.0
-1.02706559e-01 -9.00224566e-02 0.0
-1.10701571e-01 -1.15052565e-01 0.0
-1.19611523e-01 -1.43236536e-01 0.0
-1.29184955e-01 -1.74621592e-01 0.0
-1.39004157e-01 -2.09080103e-01 0.0
-1.48437374e-01 -2.46207213e-01 0.0
-1.56596129e-01 -2.85175531e-01 0.0
-1.62316683e-01 -3.24544257e-01 0.0
-1.64196370e-01 -3.62036394e-01 0.0
-1.60727127e-01 -3.94330299e-01 0.0
-1.50568505e-01 -4.16959123e-01 0.0
-1.32977714e-01 -4.24461486e-01 0.0
-1.08347594e-01 -4.10939194e-01 0.0
-7.87003053e-02 -3.71089674e-01 0.0
-4.78914984e-02 -3.01534199e-01 0.0
-2.13042548e-02 -2.01904788e-01 0.0
-4.90776811e-03 -7.49357384e-02 0.0
-1.84153678e-03 3.69650073e-02 0.0
-8.54231046e-03 9.80098489e-02 0.0
-1.99811341e-02 1.45416278e-01 0.0
-3.38345104e-02 1.79879293e-01 0.0
-4.82963090e-02 2.02986087e-01 0.0
-6.20680735e-02 2.16707959e-01 0.0
-7.43380253e-02 2.23040257e-01 0.0
-8.46885669e-02 2.23792453e-01 0.0
-9.29858768e-02 2.20494204e-01 0.0
-9.92802727e-02 2.14376456e-01 0.0
-1.03728679e-01 2.06394016e-01 0.0
-1.06539774e-01 1.97266198e-01 0.0
-1.07938402e-01 1.87521793e-01 0.0
-1.08144135e-01 1.77540876e-01 0.0
-1.07359794e-01 1.67590587e-01 0.0
-1.05766185e-01 1.57853947e-01 0.0
-1.03520797e-01 1.48452429e-01 0.0
-1.00758556e-01 1.39462954e-01 0.0
-9.75937701e-02 1.30930654e-01 0.0
-9.41224403e-02 1.22878043e-01 0.0
-9.04247390e-02 1.15311734e-01 0.0
-8.65673029e-02 1.08227008e-01 0.0
-8.26054186e-02 1.01611088e-01 0.0
-7.85849227e-02 9.54451262e-02 0.0
-7.45439729e-02 8.97055600e-02 0.0
-7.05145848e-02 8.43646494e-02 0.0
-6.65240912e-02 7.93907402e-02 0.0
-6.25964480e-02 7.47479473e-02 0.0
-5.87535192e-02 7.03957470e-02 0.0
-5.50162845e-02 6.62881083e-02 0.0
-5.14060657e-02 6.23726331e-02 0.0
-4.79457329e-02 5.85893054e-02 0.0
-4.46609445e-02 5.48693188e-02 0.0
-4.15813965e-02 5.11335771e-02 0.0
-3.87420883e-02 4.72913497e-02 0.0
-3.61845885e-02 4.32386864e-02 0.0
-3.39582544e-02 3.88570876e-02 0.0
-3.21213873e-02 3.40120528e-02 0.0
-3.07422124e-02 2.85520127e-02 0.0
-2.98996459e-02 2.23072850e-02 0.0
-2.96836545e-02 1.50895562e-02 0.0
-3.01951159e-02 6.69154134e-03 0.0
-3.15448526e-02 -3.11267793e-03 0.0
-3.38516244e-02 -1.45669457e-02 0.0
-3.72385050e-02 -2.79313882e-02 0.0
-4.18271421e-02 -4.34799272e-02 0.0
-4.77288492e-02 -6.14959866e-02 0.0
-5.50314293e-02 -8.22656487e-02 0.0
-6.37798540e-02 -1.06065840e-01 0.0
-7.39488133e-02 -1.33144257e-01 0.0
-8.54045262e-02 -1.63684640e-01 0.0
-9.78540459e-02 -1.97748251e-01 0.0
-1.10781989e-01 -2.35177828e-01 0.0
-1.23380337e-01 -2.75447741e-01 0.0
-1.34486863e-01 -3.17444902e-01 0.0
-1.42564923e-01 -3.59177941e-01 0.0
-1.45778055e-01 -3.97444810e-01 0.0
-1.42229873e-01 -4.27551367e-01 0.0
-1.30430566e-01 -4.43259298e-01 0.0
-1.09987548e-01 -4.37214484e-01 0.0
-8.23763613e-02 -4.02072830e-01 0.0
-5.14657218e-02 -3.32270466e-01 0.0
-2.33911575e-02 -2.25830314e-01 0.0
-5.47717139e-03 -8.50421838e-02 0.0
-2.23046716e-03 4.13061120e-02 0.0
-1.01135387e-02 1.08521698e-01 0.0
-2.31665737e-02 1.59396303e-01 0.0
-3.84201806e-02 1.95006274e-01 0.0
-5.36621465e-02 2.17562898e-01 0.0
-6.74268595e-02 2.29667660e-01 0.0
-7.89093702e-02 2.33833057e-01 0.0
-8.77985317e-02 2.32239401e-01 0.0
-9.41076269e-02 2.26653710e-01 0.0
-9.80373627e-02 2.18441137e-01 0.0
-9.98785752e-02 2.08619013e-01 0.0
-9.99499055e-02 1.97923692e-01 0.0
-9.85613988e-02 1.86874491e-01 0.0
-9.59958324e-02 1.75828423e-01 0.0
-9.25009451e-02 1.65023893e-01 0.0
-8.82881642e-02 1.54614338e-01 0.0
-8.35346079e-02 1.44693184e-01 0.0
-7.83867320e-02 1.35312175e-01 0.0
-7.29643683e-02 1.26494380e-01 0.0
-6.73647831e-02 1.18243504e-01 0.0
-6.16663119e-02 1.10550205e-01 0.0
-5.59316453e-02 1.03396542e-01 0.0
-5.02106045e-02 9.67587394e-02 0.0
-4.45425960e-02 9.06090845e-02 0.0
-3.89586693e-02 8.49168413e-02 0.0
-3.34833681e-02 7.96487975e-02 0.0
-2.81363228e-02 7.47691733e-02 0.0
-2.29337446e-02 7.02394149e-02 0.0
-1.78897789e-02 6.60175081e-02 0.0
-1.30178405e-02 6.20572985e-02 0.0
-8.33189927e-03 5.83074079e-02 0.0
-3.84779824e-03 5.47102224e-02 0.0
4.15414576e-04 5.12005264e-02 0.0
4.43410097e-03 4.77042606e-02 0.0
8.17860343e-03 4.41369806e-02 0.0
1.16117780e-02 4.04025052e-02 0.0
1.46874956e-02 3.63913407e-02 0.0
1.73491698e-02 3.19793803e-02 0.0
1.95283260e-02 2.70264747e-02 0.0
2.11433334e-02 2.13753675e-02 0.0
2.20983406e-02 1.48505918e-02 0.0
2.22826279e-02 7.25779352e-03 0.0
2.15704810e-02 -1.61693476e-03 0.0
1.98219547e-02 -1.20072829e-02 0.0
1.68848018e-02 -2.41669119e-02 0.0
1.25982542e-02 -3.83691175e-02 0.0
6.79936513e-03 -5.49061017e-02 0.0
-6.66685611e-04 -7.40868091e-02 0.0
-9.93062020e-03 -9.62322295e-02 0.0
-2.10746005e-02 -1.21664842e-01 0.0
-3.40958836e-02 -1.50686977e-01 0.0
-4.88541707e-02 -1.83538031e-01 0.0
-6.49990622e-02 -2.20315141e-01 0.0
-8.18769964e-02 -2.60834081e-01 0.0
-9.84267221e-02 -3.04402250e-01 0.0
-1.13090773e-01 -3.49478426e-01 0.0
-1.23801485e-01 -3.93220431e-01 0.0
-1.28136833e-01 -4.30988537e-01 0.0
-1.23763938e-01 -4.55994291e-01 0.0
-1.09248557e-01 -4.59437858e-01 0.0
-8.51499081e-02 -4.31559265e-01 0.0
-5.50259545e-02 -3.63818603e-01 0.0
-2.57005256e-02 -2.51682154e-01 0.0
-6.14274790e-03 -9.63844750e-02 0.0
-2.77499476e-03 4.65804788e-02 0.0
-1.22471713e-02 1.20871488e-01 0.0
-2.73325739e-02 1.75184965e-01 0.0
-4.41498946e-02 2.11288558e-01 0.0
-5.99893076e-02 2.32362018e-01 0.0
-7.32506334e-02 2.41894608e-01 0.0
-8.32257013e-02 2.43063723e-01 0.0
-8.98085649e-02 2.38480800e-01 0.0
-9.32429041e-02 2.30155792e-01 0.0
-9.39398086e-02 2.19565746e-01 0.0
-9.23622822e-02 2.07758148e-01 0.0
-8.89598658e-02 1.95453532e-01 0.0
-8.41367193e-02 1.83133064e-01 0.0
-7.82397359e-02 1.71107369e-01 0.0
-7.15578623e-02 1.59568260e-01 0.0
-6.43267687e-02 1.48626174e-01 0.0
-5.67357735e-02 1.38336879e-01 0.0
-4.89350598e-02 1.28719976e-01 0.0
-4.10425006e-02 1.19771747e-01 0.0
-3.31495701e-02 1.11473714e-01 0.0
-2.53264313e-02 1.03798482e-01 0.0
-1.76261036e-02 9.67133705e-02 0.0
-1.00879691e-02 9.01828383e-02 0.0
-2.74061130e-03 8.41697238e-02 0.0
4.39576577e-03 7.86360057e-02 0.0
1.13073426e-02 7.35428640e-02 0.0
1.79849148e-02 6.88506005e-02 0.0
2.44223627e-02 6.45180737e-02 0.0
3.06152110e-02 6.05021490e-02 0.0
3.65592927e-02 5.67567520e-02 0.0
4.22494133e-02 5.32320079e-02 0.0
4.76780242e-02 4.98730260e-02 0.0
5.28338400e-02 4.66188098e-02 0.0
5.77004027e-02 4.34008438e-02 0.0
6.22545659e-02 4.01418469e-02 0.0
6.64648982e-02 3.67542467e-02 0.0
7.02900215e-02 3.31388718e-02 0.0
7.36768827e-02 2.91834262e-02 0.0
7.65590274e-02 2.47612387e-02 0.0
7.88548806e-02 1.97298523e-02 0.0
8.04661679e-02 1.39299194e-02 0.0
8.12765086e-02 7.18394310e-03 0.0
8.11504056e-02 -7.04732181e-04 0.0
7.99327396e-02 -9.95319303e-03 0.0
7.74491648e-02 -2.08001775e-02 0.0
7.35077351e-02 -3.35077806e-02 0.0
6.79025754e-02 -4.83633001e-02 0.0
6.04205597e-02 -6.56814571e-02 0.0
5.08528860e-02 -8.58058909e-02 0.0
3.90141424e-02 -1.09108378e-01 0.0
2.47731926e-02 -1.35981134e-01 0.0
8.10163484e-03 -1.66813958e-01 0.0
-1.08525278e-02 -2.01940095e-01 0.0
-3.16590116e-02 -2.41524647e-01 0.0
-5.34653544e-02 -2.85355559e-01 0.0
-7.48384097e-02 -3.32487958e-01 0.0
-9.36378692e-02 -3.80700682e-01 0.0
-1.07030807e-01 -4.25779957e-01 0.0
-1.11821680e-01 -4.60784857e-01 0.0
-1.05292912e-01 -4.75691409e-01 0.0
-8.66201561e-02 -4.58077095e-01 0.0
-5.85353262e-02 -3.95509537e-01 0.0
-2.83310078e-02 -2.79520955e-01 0.0
-6.95361485e-03 -1.09204162e-01 0.0
-3.55862259e-03 5.31827642e-02 0.0
-1.51971328e-02 1.35648564e-01 0.0
-3.28131865e-02 1.93109357e-01 0.0
-5.12401024e-02 2.28608421e-01 0.0
-6.72034756e-02 2.46844963e-01 0.0
-7.90804627e-02 2.52550004e-01 0.0
-8.64269697e-02 2.49729934e-01 0.0
-8.94943042e-02 2.41464825e-01 0.0
-8.88671547e-02 2.29978998e-01 0.0
-8.52355008e-02 2.16807838e-01 0.0
-7.92695973e-02 2.02972676e-01 0.0
-7.15622523e-02 1.89129299e-01 0.0
-6.26099466e-02 1.75681905e-01 0.0
-5.28142484e-02 1.62865912e-01 0.0
-4.24921503e-02 1.50805814e-01 0.0
-3.18893881e-02 1.39554837e-01 0.0
-2.11935183e-02 1.29121426e-01 0.0
-1.05456151e-02 1.19486892e-01 0.0
-5.00241411e-05 1.10616763e-01 0.0
1.02176288e-02 1.02468201e-01 0.0
2.02040983e-02 9.49944751e-02 0.0
2.98734322e-02 8.81478070e-02 0.0
3.92030001e-02 8.18807925e-02 0.0
4.81802809e-02 7.61472271e-02 0.0
5.68003258e-02 7.09021780e-02 0.0
6.50636347e-02 6.61019058e-02 0.0
7.29744118e-02 6.17033103e-02 0.0
8.05390135e-02 5.76634168e-02 0.0
8.77645815e-02 5.39384932e-02 0.0
9.46577282e-02 5.04832839e-02 0.0
1.01223277e-01 4.72499118e-02 0.0
1.07462965e-01 4.41869288e-02 0.0
1.13374111e-01 4.12380505e-02 0.0
1.18948194e-01 3.83410625e-02 0.0
1.24169335e-01 3.54264292e-02 0.0
1.29012669e-01 3.24161029e-02 0.0
1.33442595e-01 2.92220697e-02 0.0
1.37410937e-01 2.57451281e-02 0.0
1.40854988e-01 2.18734425e-02 0.0
1.43695533e-01 1.74813489e-02 0.0
1.45834830e-01 1.24279366e-02 0.0
1.47154680e-01 6.55583144e-03 0.0
1.47514609e-01 -3.10353169e-04 0.0
1.46750380e-01 -8.36558612e-03 0.0
1.44672910e-01 -1.78266509e-02 0.0
1.41068013e-01 -2.89348954e-02 0.0
1.35697318e-01 -4.19602477e-02 0.0
1.28301303e-01 -5.72064001e-02 0.0
1.18605711e-01 -7.50176065e-02 0.0
1.06333897e-01 -9.57860326e-02 0.0
9.12290121e-02 -1.19957576e-01 0.0
7.30927758e-02 -1.48029659e-01 0.0
5.18506058e-02 -1.80528001e-01 0.0
2.76565906e-02 -2.17936186e-01 0.0
1.05184447e-03 -2.60532879e-01 0.0
-2.68193185e-02 -3.08066374e-01 0.0
-5.39632731e-02 -3.59178809e-01 0.0
-7.73588638e-02 -4.10513265e-01 0.0
-9.30592168e-02 -4.55560291e-01 0.0
-9.69022830e-02 -4.83601650e-01 0.0
-8.61412422e-02 -4.79600627e-01 0.0
-6.19038639e-02 -4.26308195e-01 0.0
-3.14378883e-02 -3.09392576e-01 0.0
-7.99502059e-03 -1.23877120e-01 0.0
-4.72078102e-03 6.17305706e-02 0.0
-1.93421910e-02 1.53629083e-01 0.0
-4.00061660e-02 2.13408878e-01 0.0
-5.97680753e-02 2.46497740e-01 0.0
-7.48275930e-02 2.59978556e-01 0.0
-8.38092524e-02 2.60275082e-01 0.0
-8.68214651e-02 2.52363606e-01 0.0
-8.46892357e-02 2.39766291e-01 0.0
-7.84690373e-02 2.24830223e-01 0.0
-6.91918091e-02 2.09047773e-01 0.0
-5.77517599e-02 1.93326836e-01 0.0
-4.48753665e-02 1.78191451e-01 0.0
-3.11290250e-02 1.63921160e-01 0.0
-1.69417558e-02 1.50643746e-01 0.0
-2.63130061e-03 1.38395488e-01 0.0
1.15718201e-02 1.27159344e-01 0.0
2.55039809e-02 1.16888957e-01 0.0
3.90522445e-02 1.07523265e-01 0.0
5.21416921e-02 9.89954261e-02 0.0
6.47257894e-02 9.12378639e-02 0.0
7.67790217e-02 8.41851899e-02 0.0
8.82913740e-02 7.77754876e-02 0.0
9.92640932e-02 7.19509094e-02 0.0
1.09706492e-01 6.66575162e-02 0.0
1.19633429e-01 6.18449954e-02 0.0
1.29063347e-01 5.74659509e-02 0.0
1.38016639e-01 5.34752880e-02 0.0
1.46514287e-01 4.98292814e-02 0.0
1.54576628e-01 4.64848134e-02 0.0
1.62222216e-01 4.33983229e-02 0.0
1.69466689e-01 4.05249465e-02 0.0
1.76321618e-01 3.78173717e-02 0.0
1.82793286e-01 3.52248882e-02 0.0
1.88881370e-01 3.26921530e-02 0.0
1.94577500e-01 3.01581619e-02 0.0
1.99863685e-01 2.75549459e-02 0.0
2.04710588e-01 2.48064911e-02 0.0
2.09075644e-01 2.18274018e-02 0.0
2.12901053e-01 1.85217997e-02 0.0
2.16111618e-01 1.47819706e-02 0.0
2.18612508e-01 1.04872154e-02 0.0
2.20286917e-01 5.50238097e-03 0.0
2.20993734e-01 -3.23565191e-04 0.0
2.20565209e-01 -7.15953747e-03 0.0
2.18804786e-01 -1.51947275e-02 0.0
2.15485151e-01 -2.46422091e-02 0.0
2.10346839e-01 -3.57438536e-02 0.0
2.03097761e-01 -4.87776290e-02 0.0
1.93414642e-01 -6.40675993e-02 0.0
1.80947984e-01 -8.19975027e-02 0.0
1.65333938e-01 -1.03027114e-01 0.0
1.46218926e-01 -1.27708814e-01 0.0
1.23307645e-01 -1.56695341e-01 0.0
9.64512350e-02 -1.90718370e-01 0.0
6.58000205e-02 -2.30494689e-01 0.0
3.20475250e-02 -2.76480862e-01 0.0
-3.22377007e-03 -3.28349034e-01 0.0
-3.71483039e-02 -3.84022881e-01 0.0
-6.53342822e-02 -4.38164315e-01 0.0
-8.22064202e-02 -4.80282397e-01 0.0
-8.25746236e-02 -4.93312698e-01 0.0
-6.48661861e-02 -4.54541924e-01 0.0
-3.52395620e-02 -3.41251437e-01 0.0
-9.41427110e-03 -1.41011741e-01 0.0
-6.49886384e-03 7.32183308e-02 0.0
-2.52289365e-02 1.75760927e-01 0.0
-4.92615197e-02 2.35973603e-01 0.0
-6.93302210e-02 2.63763641e-01 0.0
-8.14434899e-02 2.69885459e-01 0.0
-8.50323326e-02 2.62938704e-01 0.0
-8.12105671e-02 2.48890457e-01 0.0
-7.16462829e-02 2.31542958e-01 0.0
-5.79850237e-02 2.13172131e-01 0.0
-4.16190774e-02 1.95062728e-01 0.0
-2.36355583e-02 1.77888353e-01 0.0
-4.84217417e-03 1.61960201e-01 0.0
1.41818700e-02 1.47382071e-01 0.0
3.30333788e-02 1.34144109e-01 0.0
5.14401331e-02 1.22177969e-01 0.0
6.92252149e-02 1.11388718e-01 0.0
8.62800934e-02 1.01672604e-01 0.0
1.02544738e-01 9.29267739e-02 0.0
1.17993237e-01 8.50540360e-02 0.0
1.32623393e-01 7.79650701e-02 0.0
1.46449301e-01 7.15789133e-02 0.0
1.59495981e-01 6.58228046e-02 0.0
1.71795542e-01 6.06313863e-02 0.0
1.83384353e-01 5.59459068e-02 0.0
1.94300981e-01 5.17131171e-02 0.0
2.04584603e-01 4.78843698e-02 0.0
2.14273765e-01 4.44144956e-02 0.0
2.23405342e-01 4.12609307e-02 0.0
2.32013625e-01 3.83826239e-02 0.0
2.40129436e-01 3.57391962e-02 0.0
2.47779263e-01 3.32898575e-02 0.0
2.54984313e-01 3.09925664e-02 0.0
2.61759493e-01 2.88029296e-02 0.0
2.68112270e-01 2.66733349e-02 0.0
2.74041387e-01 2.45518176e-02 0.0
2.79535414e-01 2.23811616e-02 0.0
2.84571133e-01 2.00977366e-02 0.0
2.89111740e-01 1.76305748e-02 0.0
2.93104853e-01 1.49001867e-02 0.0
2.96480351e-01 1.18175996e-02 0.0
2.99148024e-01 8.28310174e-03 0.0
3.00995071e-01 4.18511474e-03 0.0
3.01883412e-01 -6.01381985e-04 0.0
3.01646875e-01 -6.21658613e-03 0.0
3.00088187e-01 -1.28184970e-02 0.0
2.96975857e-01 -2.05864061e-02 0.0
2.92040880e-01 -2.97263016e-02 0.0
2.84973476e-01 -4.04786358e-02 0.0
2.75420080e-01 -5.31300167e-02 0.0
2.62981537e-01 -6.80298274e-02 0.0
2.47214333e-01 -8.56134833e-02 0.0
2.27639259e-01 -1.06432309e-01 0.0
2.03766074e-01 -1.31187334e-01 0.0
1.75151010e-01 -1.60754858e-01 0.0
1.41516373e-01 -1.96172307e-01 0.0
1.02977900e-01 -2.38512239e-01 0.0
6.04343935e-02 -2.88502822e-01 0.0
1.61453324e-02 -3.45655469e-01 0.0
-2.56115945e-02 -4.06588794e-01 0.0
-5.82359132e-02 -4.62361439e-01 0.0
-7.38046581e-02 -4.95296689e-01 0.0
-6.66698969e-02 -4.77401118e-01 0.0
-3.99717110e-02 -3.74717041e-01 0.0
-1.14585619e-02 -1.61610866e-01 0.0
-9.29451679e-03 8.92795414e-02 0.0
-3.35543586e-02 2.02957463e-01 0.0
-6.04639519e-02 2.59719253e-01 0.0
-7.81789692e-02 2.77801722e-01 0.0
-8.35495509e-02 2.73331246e-01 0.0
-7.78317255e-02 2.57363952e-01 0.0
-6.37535279e-02 2.36565269e-01 0.0
-4.40667297e-02 2.14617089e-01 0.0
-2.10217100e-02 1.93391751e-01 0.0
3.71847479e-03 1.73737009e-01 0.0
2.89984031e-02 1.55950661e-01 0.0
5.40516453e-02 1.40051305e-01 0.0
7.83917482e-02 1.25926863e-01 0.0
1.01726510e-01 1.13413091e-01 0.0
1.23895216e-01 1.02333576e-01 0.0
1.44824557e-01 9.25187388e-02 0.0
1.64498288e-01 8.38140261e-02 0.0
1.82936714e-01 7.60823360e-02 0.0
2.00182848e-01 6.92038977e-02 0.0
2.16293217e-01 6.30747439e-02 0.0
2.31331681e-01 5.76049287e-02 0.0
2.45365385e-01 5.27164683e-02 0.0
2.58462022e-01 4.83415901e-02 0.0
2.70688053e-01 4.44209277e-02 0.0
2.82107475e-01 4.09021136e-02 0.0
2.92780991e-01 3.77383058e-02 0.0
3.02765371e-01 3.48870876e-02 0.0
3.12112960e-01 3.23092433e-02 0.0
3.20871198e-01 2.99678641e-02 0.0
3.29082140e-01 2.78272750e-02 0.0
3.36781909e-01 2.58522558e-02 0.0
3.44000060e-01 2.40070415e-02 0.0
3.50758815e-01 2.22545924e-02 0.0
3.57072165e-01 2.05556184e-02 0.0
3.62944795e-01 1.88678615e-02 0.0
3.68370837e-01 1.71451209e-02 0.0
3.73332435e-01 1.53365320e-02 0.0
3.77798092e-01 1.33855868e-02 0.0
3.81720828e-01 1.12293971e-02 0.0
3.85036103e-01 8.79768526e-03 0.0
3.87659545e-01 6.01196918e-03 0.0
3.89484414e-01 2.78439794e-03 0.0
3.90378851e-01 -9.83378588e-04 0.0
3.90182802e-01 -5.40193891e-03 0.0
3.88704621e-01 -1.05962143e-02 0.0
3.85717183e-01 -1.67088605e-02 0.0
3.80953420e-01 -2.39050504e-02 0.0
3.74101017e-01 -3.23800241e-02 0.0
3.64796154e-01 -4.23703175e-02 0.0
3.52616162e-01 -5.41709409e-02 0.0
3.37071654e-01 -6.81606107e-02 0.0
3.17599859e-01 -8.48382663e-02 0.0
2.93564389e-01 -1.04872681e-01 0.0
2.64273558e-01 -1.29163575e-01 0.0
2.29043833e-01 -1.58899193e-01 0.0
1.87360145e-01 -1.95563158e-01 0.0
1.39221635e-01 -2.40769857e-01 0.0
8.57904555e-02 -2.95668167e-01 0.0
3.04114801e-02 -3.59440172e-01 0.0
-2.02286172e-02 -4.26245625e-01 0.0
-5.58230656e-02 -4.80249294e-01 0.0
-6.53200450e-02 -4.90086281e-01 0.0
-4.56425789e-02 -4.08407522e-01 0.0
-1.45033401e-02 -1.87299935e-01 0.0
-1.37275407e-02 1.12569163e-01 0.0
-4.48031317e-02 2.35270843e-01 0.0
-7.16884204e-02 2.81200762e-01 0.0
-8.11180429e-02 2.83464864e-01 0.0
-7.32206860e-02 2.65141341e-01 0.0
-5.26212721e-02 2.39236635e-01 0.0
-2.42111173e-02 2.12204252e-01 0.0
8.20461118e-03 1.86875602e-01 0.0
4.20339309e-02 1.64258924e-01 0.0
7.56492847e-02 1.44514326e-01 0.0
1.08096780e-01 1.27445949e-01 0.0
1.38862524e-01 1.12737064e-01 0.0
1.67708203e-01 1.00055356e-01 0.0
1.94562507e-01 8.90955697e-02 0.0
2.19452015e-01 7.95929225e-02 0.0
2.42458105e-01 7.13240042e-02 0.0
2.63690587e-01 6.41025918e-02 0.0
2.83271743e-01 5.77742363e-02 0.0
3.01326903e-01 5.22107506e-02 0.0
3.17978963e-01 4.73055139e-02 0.0
3.33345378e-01 4.29693315e-02 0.0
3.47536585e-01 3.91272091e-02 0.0
3.60655332e-01 3.57155202e-02 0.0
3.72796466e-01 3.26798890e-02 0.0
3.84047014e-01 2.99732395e-02 0.0
3.94486352e-01 2.75543857e-02 0.0
4.04186418e-01 2.53866213e-02 0.0
4.13211865e-01 2.34367343e-02 0.0
4.21620151e-01 2.16739111e-02 0.0
4.29461505e-01 2.00689936e-02 0.0
4.36778778e-01 1.85935572e-02 0.0
4.43607134e-01 1.72192961e-02 0.0
4.49973590e-01 1.59171887e-02 0.0
4.55896379e-01 1.46569459e-02 0.0
4.61384130e-01 1.34062156e-02 0.0
4.66434857e-01 1.21300590e-02 0.0
4.71034741e-01 1.07901737e-02 0.0
4.75156710e-01 9.34437917e-03 0.0
4.78758798e-01 7.74584238e-03 0.0
4.81782279e-01 5.94254177e-03 0.0
4.84149568e-01 3.87643962e-03 0.0
4.85761870e-01 1.48281369e-03 0.0
4.86496515e-01 -1.31082109e-03 0.0
4.86203976e-01 -4.58585442e-03 0.0
4.84704382e-01 -8.43447080e-03 0.0
4.81783435e-01 -1.29621688e-02 0.0
4.77187390e-01 -1.82918849e-02 0.0
4.70616755e-01 -2.45701058e-02 0.0
4.61718071e-01 -3.19766432e-02 0.0
4.50073065e-01 -4.07395754e-02 0.0
4.35184241e-01 -5.11586033e-02 0.0
4.16456377e-01 -6.36405762e-02 0.0
3.93174561e-01 -7.87530502e-02 0.0
3.64483765e-01 -9.73015473e-02 0.0
3.29385514e-01 -1.20433215e-01 0.0
2.86792425e-01 -1.49752333e-01 0.0
2.35732411e-01 -1.87382133e-01 0.0
1.75881431e-01 -2.35773710e-01 0.0
1.08696412e-01 -2.96770615e-01 0.0
3.93467618e-02 -3.68925419e-01 0.0
-2.10848153e-02 -4.41543460e-01 0.0
-5.58182016e-02 -4.84561740e-01 0.0
-5.11278561e-02 -4.38299866e-01 0.0
-1.89357046e-02 -2.20466884e-01 0.0
-2.03722632e-02 1.46936318e-01 0.0
-5.73737059e-02 2.69248073e-01 0.0
-7.51375375e-02 2.91872658e-01 0.0
-6.45771842e-02 2.71662244e-01 0.0
-3.36275653e-02 2.38096997e-01 0.0
8.26730853e-03 2.03786704e-01 0.0
5.43178161e-02 1.73193537e-01 0.0
1.00467321e-01 1.47321101e-01 0.0
1.44571231e-01 1.25880216e-01 0.0
1.85645395e-01 1.08203538e-01 0.0
2.23356381e-01 9.35982822e-02 0.0
2.57713372e-01 8.14620231e-02 0.0
2.88892729e-01 7.13053919e-02 0.0
3.17142062e-01 6.27419276e-02 0.0
3.42729613e-01 5.54695386e-02 0.0
3.65918802e-01 4.92521437e-02 0.0
3.86956347e-01 4.39044634e-02 0.0
4.06067645e-01 3.92799479e-02 0.0
4.23455824e-01 3.52617402e-02 0.0
4.39302627e-01 3.17557031e-02 0.0
4.53770054e-01 2.86853436e-02 0.0
4.67002294e-01 2.59877946e-02 0.0
4.79127593e-01 2.36109342e-02 0.0
4.90260012e-01 2.15109683e-02 0.0
5.00500936e-01 1.96507360e-02 0.0
5.09940380e-01 1.79981549e-02 0.0
5.18658043e-01 1.65251728e-02 0.0
5.26724147e-01 1.52066816e-02 0.0
5.34200052e-01 1.40198241e-02 0.0
5.41138666e-01 1.29431629e-02 0.0
5.47584652e-01 1.19561799e-02 0.0
5.53574439e-01 1.10385821e-02 0.0
5.59136034e-01 1.01699034e-02 0.0
5.64288646e-01 9.32888101e-03 0.0
5.69042116e-01 8.49311061e-03 0.0
5.73396143e-01 7.63846105e-03 0.0
5.77339324e-01 6.73875726e-03 0.0
5.80847983e-01 5.76521732e-03 0.0
5.83884804e-01 4.68614473e-03 0.0
5.86397247e-01 3.46636382e-03 0.0
5.88315746e-01 2.06687602e-03 0.0
5.89551657e-01 4.44212748e-04 0.0
5.89994927e-01 -1.45009099e-03 0.0
5.89511400e-01 -3.67047358e-03 0.0
5.87939653e-01 -6.27846803e-03 0.0
5.85087142e-01 -9.34467139e-03 0.0
5.80725363e-01 -1.29515186e-02 0.0
5.74583479e-01 -1.71979145e-02 0.0
5.66339667e-01 -2.22063020e-02 0.0
5.55608935e-01 -2.81341431e-02 0.0
5.41925708e-01 -3.51919520e-02 0.0
5.24718651e-01 -4.36722744e-02 0.0
5.03274762e-01 -5.39956186e-02 0.0
4.76689917e-01 -6.67833103e-02 0.0
4.43807019e-01 -8.29702786e-02 0.0
4.03156786e-01 -1.03971923e-01 0.0
3.52957401e-01 -1.31903123e-01 0.0
2.91331753e-01 -1.69776073e-01 0.0
2.17114989e-01 -2.21366455e-01 0.0
1.31932198e-01 -2.89797123e-01 0.0
4.42003417e-02 -3.72508313e-01 0.0
-2.62524174e-02 -4.48410733e-01 0.0
-5.12289753e-02 -4.54164656e-01 0.0
-2.43103142e-02 -2.63441378e-01 0.0
-2.74083444e-02 1.94984127e-01 0.0
-5.95942383e-02 2.90654806e-01 0.0
-4.54821531e-02 2.74117676e-01 0.0
3.99001105e-03 2.29384717e-01 0.0
6.83111487e-02 1.85103776e-01 0.0
1.34647525e-01 1.48548687e-01 0.0
1.96980027e-01 1.20048556e-01 0.0
2.53142529e-01 9.81540891e-02 0.0
3.02805149e-01 8.12807132e-02 0.0
3.46401332e-01 6.81327116e-02 0.0
3.84616638e-01 5.77428353e-02 0.0
4.18164970e-01 4.94121691e-02 0.0
4.47701397e-01 4.26394847e-02 0.0
4.73796195e-01 3.70637292e-02 0.0
4.96934490e-01 3.24219146e-02 0.0
5.17525245e-01 2.85198523e-02 0.0
5.35912599e-01 2.52118844e-02 0.0
5.52386717e-01 2.23871409e-02 0.0
5.67193234e-01 1.99598820e-02 0.0
5.80541086e-01 1.78629393e-02 0.0
5.92608912e-01 1.60428870e-02 0.0
6.03550189e-01 1.44567697e-02 0.0
6.13497377e-01 1.30695065e-02 0.0
6.22565217e-01 1.18521738e-02 0.0
6.30853377e-01 1.07804839e-02 0.0
6.38448539e-01 9.83383835e-03 0.0
6.45426057e-01 8.99434675e-03 0.0
6.51851221e-01 8.24627837e-03 0.0
6.57780221e-01 7.57536190e-03 0.0
6.63260823e-01 6.96844879e-03 0.0
6.68332809e-01 6.41296164e-03 0.0
6.73028192e-01 5.89667105e-03 0.0
6.77371228e-01 5.40722326e-03 0.0
6.81378239e-01 4.93197806e-03 0.0
6.85057242e-01 4.45758030e-03 0.0
6.88407415e-01 3.96983181e-03 0.0
6.91418369e-01 3.45329035e-03 0.0
6.94069272e-01 2.89116121e-03 0.0
6.96327777e-01 2.26491290e-03 0.0
6.98148797e-01 1.55417080e-03 0.0
6.99473081e-01 7.36322940e-04 0.0
7.00225609e-01 -2.13636221e-04 0.0
7.00313730e-01 -1.32359826e-03 0.0
6.99625027e-01 -2.62470094e-03 0.0
6.98024737e-01 -4.15217065e-03 0.0
6.95352609e-01 -5.94629756e-03 0.0
6.91418810e-01 -8.05428283e-03 0.0
6.85998450e-01 -1.05328768e-02 0.0
6.78823859e-01 -1.34529067e-02 0.0
6.69573371e-01 -1.69062922e-02 0.0
6.57854528e-01 -2.10177062e-02 0.0
6.43178487e-01 -2.59633990e-02 0.0
6.24920495e-01 -3.20025893e-02 0.0
6.02258746e-01 -3.95297246e-02 0.0
5.74080695e-01 -4.91628959e-02 0.0
5.38844747e-01 -6.18931076e-02 0.0
4.94395181e-01 -7.93329699e-02 0.0
4.37781711e-01 -1.04107094e-01 0.0
3.65323709e-01 -1.40360654e-01 0.0
2.73689584e-01 -1.93985996e-01 0.0
1.63834114e-01 -2.70732104e-01 0.0
5.02733597e-02 -3.66173422e-01 0.0
-2.77823654e-02 -4.33369678e-01 0.0
-2.55928450e-02 -3.13073396e-01 0.0
-1.67818821e-02 2.39441475e-01 0.0
1.99412731e-03 2.59874464e-01 0.0
9.04359684e-02 2.02344096e-01 0.0
1.94449520e-01 1.47672585e-01 0.0
2.89293344e-01 1.07650953e-01 0.0
3.68920829e-01 8.00376555e-02 0.0
4.34091930e-01 6.10559943e-02 0.0
4.87295977e-01 4.77801115e-02 0.0
5.31031786e-01 3.82562745e-02 0.0
5.67358262e-01 3.12345032e-02 0.0
5.97864422e-01 2.59195918e-02 0.0
6.23751583e-01 2.17999339e-02 0.0
6.45926984e-01 1.85399091e-02 0.0
6.65081445e-01 1.59140625e-02 0.0
6.81747599e-01 1.37671508e-02 0.0
6.96341923e-01 1.19895564e-02 0.0
7.09194694e-01 1.05020761e-02 0.0
7.20571376e-01 9.24617082e-03 0.0
7.30687982e-01 8.17775174e-03 0.0
7.39722270e-01 7.26295235e-03 0.0
7.47821964e-01 6.47537879e-03 0.0
7.55110906e-01 5.79408313e-03 0.0
7.61693682e-01 5.20225374e-03 0.0
7.67659159e-01 4.68613559e-03 0.0
7.73083181e-01 4.23436790e-03 0.0
7.78030658e-01 3.83734221e-03 0.0
7.82557158e-01 3.48685201e-03 0.0
7.86710129e-01 3.17566562e-03 0.0
7.90529797e-01 2.89733452e-03 0.0
7.94049824e-01 2.64587616e-03 0.0
7.97297735e-01 2.41566591e-03 0.0
8.00295170e-01 2.20117774e-03 0.0
8.03057957e-01 1.99692111e-03 0.0
8.05596042e-01 1.79721344e-03 0.0
8.07913270e-01 1.59614217e-03 0.0
8.10007040e-01 1.38735667e-03 0.0
8.11867833e-01 1.16404584e-03 0.0
8.13478620e-01 9.18744043e-04 0.0
8.14814154e-01 6.43317771e-04 0.0
8.15840149e-01 3.28778993e-04 0.0
8.16512338e-01 -3.47326435e-05 0.0
8.16775408e-01 -4.58151448e-04 0.0
8.16561778e-01 -9.53550011e-04 0.0
8.15790183e-01 -1.53442550e-03 0.0
8.14363978e-01 -2.21592809e-03 0.0
8.12169010e-01 -3.01542052e-03 0.0
8.09070847e-01 -3.95317501e-03 0.0
8.04910935e-01 -5.05369129e-03 0.0
7.99501100e-01 -6.34764591e-03 0.0
7.92615304e-01 -7.87524871e-03 0.0
7.83976998e-01 -9.69158266e-03 0.0
7.73239191e-01 -1.18756569e-02 0.0
7.59952447e-01 -1.45455794e-02 0.0
7.43512469e-01 -1.78849918e-02 0.0
7.23072839e-01 -2.21899343e-02 0.0
6.97397535e-01 -2.79548034e-02 0.0
6.64610178e-01 -3.60343402e-02 0.0
6.21774384e-01 -4.79564494e-02 0.0
5.64246658e-01 -6.65255630e-02 0.0
4.84963168e-01 -9.69034649e-02 0.0
3.74964513e-01 -1.47960505e-01 0.0
2.30246817e-01 -2.30666564e-01 0.0
7.60031724e-02 -3.36577164e-01 0.0
1.30699279e-03 -3.37088316e-01 0.0
1.18191185e-01 1.28178451e-01 0.0
3.39701556e-01 1.12158288e-01 0.0
5.11905999e-01 7.47300713e-02 0.0
6.25334606e-01 4.82714954e-02 0.0
6.99422384e-01 3.19683620e-02 0.0
7.49397493e-01 2.20622018e-02 0.0
7.84588710e-01 1.58990738e-02 0.0
8.10446146e-01 1.19169584e-02 0.0
8.30170964e-01 9.23333161e-03 0.0
8.45692997e-01 7.34882255e-03 0.0
8.58217451e-01 5.97514696e-03 0.0
8.68526756e-01 4.94103890e-03 0.0
8.77148895e-01 4.14118486e-03 0.0
8.84453312e-01 3.50857434e-03 0.0
8.90707100e-01 2.99895854e-03 0.0
8.96108943e-01 2.58223750e-03 0.0
9.00810320e-01 2.23719671e-03 0.0
9.04929157e-01 1.94859091e-03 0.0
9.08558918e-01 1.70507113e-03 0.0
9.11774799e-01 1.49814217e-03 0.0
9.14638090e-01 1.32118089e-03 0.0
9.17199283e-01 1.16908442e-03 0.0
9.19500357e-01 1.03770041e-03 0.0
9.21576457e-01 9.23761424e-04 0.0
9.23457158e-01 8.24484515e-04 0.0
9.25167419e-01 7.37637817e-04 0.0
9.26728293e-01 6.61214231e-04 0.0
9.28157466e-01 5.93564872e-04 0.0
9.29469644e-01 5.33106590e-04 0.0
9.30676833e-01 4.78491364e-04 0.0
9.31788513e-01 4.28329793e-04 0.0
9.32811735e-01 3.81380333e-04 0.0
9.33751149e-01 3.36281024e-04 0.0
9.34608962e-01 2.91749482e-04 0.0
9.35384843e-01 2.46320213e-04 0.0
9.36075773e-01 1.98549956e-04 0.0
9.36675850e-01 1.46760624e-04 0.0
9.37176045e-01 8.92463666e-05 0.0
9.37563919e-01 2.40230445e-05 0.0
9.37823301e-01 -5.09668567e-05 0.0
9.37933927e-01 -1.38099125e-04 0.0
9.37871032e-01 -2.39872826e-04 0.0
9.37604900e-01 -3.59157633e-04 0.0
9.37100334e-01 -4.99028199e-04 0.0
9.36316028e-01 -6.63040742e-04 0.0
9.35203765e-01 -8.55145492e-04 0.0
9.33707345e-01 -1.08006539e-03 0.0
9.31761073e-01 -1.34340817e-03 0.0
9.29287509e-01 -1.65233833e-03 0.0
9.26194037e-01 -2.01620746e-03 0.0
9.22367466e-01 -2.44805088e-03 0.0
9.17665353e-01 -2.96666272e-03 0.0
9.11901741e-01 -3.60057932e-03 0.0
9.04823142e-01 -4.39471507e-03 0.0
8.96066830e-01 -5.42292929e-03 0.0
8.85085737e-01 -6.81178580e-03 0.0
8.71006789e-01 -8.78910446e-03 0.0
8.52348528e-01 -1.17883920e-02 0.0
8.26421907e-01 -1.66887486e-02 0.0
7.87986779e-01 -2.53840198e-02 0.0
7.26220162e-01 -4.20486357e-02 0.0
6.18892997e-01 -7.49060505e-02 0.0
4.29183891e-01 -1.31593990e-01 0.0
1.54126421e-01 -1.67822944e-01 0.0
SCALARS velocity_magnitude double 1
LOOKUP_TABLE default
1.92414701e-04
3.23604289e-04
2.83621505e-04
2.32399683e-04
2.11282546e-04
2.87489825e-04
4.54347435e-04
6.74933829e-04
9.30088917e-04
1.20928799e-03
1.50520252e-03
1.81212249e-03
2.12539141e-03
2.44116918e-03
2.75626028e-03
3.06800447e-03
3.37416301e-03
3.67284006e-03
3.96239611e-03
4.24139158e-03
4.50852383e-03
4.76259145e-03
5.00245215e-03
5.22700492e-03
5.43516500e-03
5.62586001e-03
5.79801779e-03
5.95057273e-03
6.08246294e-03
6.19264366e-03
6.28009117e-03
6.34382143e-03
6.38289916e-03
6.39646069e-03
6.38372758e-03
6.34403328e-03
6.27684113e-03
6.18177480e-03
6.05864047e-03
5.90746087e-03
5.72850125e-03
5.52230609e-03
5.28972774e-03
5.03196418e-03
4.75058788e-03
4.44758174e-03
4.12536477e-03
3.78682202e-03
3.43532263e-03
3.07473928e-03
2.70945403e-03
2.34436388e-03
1.98487280e-03
1.63688596e-03
1.30679883e-03
1.00151408e-03
7.28525155e-04
4.96268577e-04
3.15337803e-04
2.01538500e-04
1.69741976e-04
2.01634676e-04
2.69375349e-04
1.98462015e-04
2.61969229e-04
4.74454005e-04
4.92250495e-04
5.32986607e-04
7.30493539e-04
1.11053044e-03
1.63024172e-03
2.25409196e-03
2.95749388e-03
3.72126074e-03
4.52928540e-03
5.36771894e-03
6.22461791e-03
7.08971490e-03
7.95421429e-03
8.81059230e-03
9.65239890e-03
1.04740708e-02
1.12707570e-02
1.20381656e-02
1.27724298e-02
1.34699982e-02
1.41275450e-02
1.47419026e-02
1.53100120e-02
1.58288908e-02
1.62956155e-02
1.67073167e-02
1.70611854e-02
1.73544880e-02
1.75845910e-02
1.77489899e-02
1.78453481e-02
1.78715377e-02
1.78256906e-02
1.77062492e-02
1.75120287e-02
1.72422780e-02
1.68967517e-02
1.64757806e-02
1.59803520e-02
1.54121862e-02
1.47738231e-02
1.40686996e-02
1.33012346e-02
1.24769005e-02
1.16022965e-02
1.06852017e-02
9.73462287e-03
8.76081314e-03
7.77527657e-03
6.79073219e-03
5.82105125e-03
4.88113847e-03
3.98676702e-03
3.15433473e-03
2.40056633e-03
1.74222790e-03
1.19635289e-03
7.82791382e-04
5.31394758e-04
4.62336757e-04
4.89118395e-04
3.36111521e-04
1.99538872e-04
4.69901665e-04
6.69747927e-04
1.00023670e-03
1.51683393e-03
2.21474987e-03
3.07071795e-03
4.05977897e-03
5.15794275e-03
6.34256813e-03
7.59261181e-03
8.88886047e-03
1.02140509e-02
1.15528785e-02
1.28919018e-02
1.42193822e-02
1.55250822e-02
1.68000494e-02
1.80364002e-02
1.92271189e-02
2.03658764e-02
2.14468758e-02
2.24647247e-02
2.34143351e-02
2.42908488e-02
2.50895870e-02
2.58060205e-02
2.64357597e-02
2.69745592e-02
2.74183385e-02
2.77632128e-02
2.80055374e-02
2.81419583e-02
2.81694761e-02
2.80855130e-02
2.78879937e-02
2.75754280e-02
2.71470060e-02
2.66026945e-02
2.59433459e-02
2.51708045e-02
2.42880241e-02
2.32991795e-02
2.22097841e-02
2.10267963e-02
1.97587235e-02
1.84157063e-02
1.70095888e-02
1.55539563e-02
1.40641417e-02
1.25571798e-02
1.10517046e-02
9.56776244e-03
8.12652154e-03
6.74983690e-03
5.45962989e-03
4.27703637e-03
3.22136273e-03
2.30921496e-03
1.55535745e-03
9.80091392e-04
6.26687594e-04
5.04144802e-04
3.01700878e-04
1.78665081e-04
5.81758774e-04
1.07949985e-03
1.74202577e-03
2.57915316e-03
3.59124535e-03
4.76759256e-03
6.09060550e-03
7.53901928e-03
9.09001293e-03
1.07206539e-02
1.24088594e-02
1.41339947e-02
1.58771876e-02
1.76214360e-02
1.93515709e-02
2.10541252e-02
2.27171513e-02
2.43300125e-02
2.58831746e-02
2.73680083e-02
2.87766143e-02
3.01016733e-02
3.13363272e-02
3.24740857e-02
3.35087634e-02
3.44344400e-02
3.52454436e-02
3.59363542e-02
3.65020249e-02
3.69376184e-02
3.72386571e-02
3.74010867e-02
3.74213490e-02
3.72964680e-02
3.70241426e-02
3.66028521e-02
3.60319656e-02
3.53118649e-02
3.44440670e-02
3.34313585e-02
3.22779264e-02
3.09894944e-02
2.95734499e-02
2.80389687e-02
2.63971187e-02
2.46609485e-02
2.28455394e-02
2.09680215e-02
1.90475295e-02
1.71050906e-02
1.51634144e-02
1.32465661e-02
1.13794795e-02
9.58728145e-03
7.89438664e-03
6.32337947e-03
4.89381854e-03
3.62146947e-03
2.51928730e-03
1.60329548e-03
9.09772764e-04
5.15180638e-04
2.53337021e-04
2.29399711e-04
8.72214004e-04
1.69616765e-03
2.69473482e-03
3.86031682e-03
5.19132082e-03
6.68133550e-03
8.31785471e-03
1.00834569e-02
1.19574992e-02
1.39176993e-02
1.59414169e-02
1.80065851e-02
2.00923227e-02
2.21792794e-02
2.42497781e-02
2.62878143e-02
2.82789574e-02
3.02101999e-02
3.20697773e-02
3.38469875e-02
3.55320172e-02
3.71157912e-02
3.85898445e-02
3.99462242e-02
4.11774163e-02
4.22763011e-02
4.32361315e-02
4.40505343e-02
4.47135313e-02
4.52195767e-02
4.55636131e-02
4.57411387e-02
4.57482901e-02
4.55819346e-02
4.52397765e-02
4.47204691e-02
4.40237407e-02
4.31505229e-02
4.21030901e-02
4.08851972e-02
3.95022242e-02
3.79613112e-02
3.62714924e-02
3.44438093e-02
3.24914098e-02
3.04296094e-02
2.82759166e-02
2.60499966e-02
2.37735666e-02
2.14701924e-02
1.91649729e-02
1.68840744e-02
1.46541007e-02
1.25012742e-02
1.04504573e-02
8.52410598e-03
6.74143559e-03
5.11837177e-03
3.66937144e-03
2.41287921e-03
1.38335660e-03
6.56239895e-04
2.14105228e-04
3.59708204e-04
1.31776402e-03
2.48872659e-03
3.83560718e-03
5.33921439e-03
6.99302087e-03
8.79141187e-03
1.07253954e-02
1.27816346e-02
1.49429787e-02
1.71895751e-02
1.95000725e-02
2.18526767e-02
2.42259660e-02
2.65994522e-02
2.89539191e-02
3.12715801e-02
3.35361078e-02
3.57325715e-02
3.78473255e-02
3.98678680e-02
4.17826978e-02
4.35811760e-02
4.52534083e-02
4.67901472e-02
4.81827198e-02
4.94229805e-02
5.05032878e-02
5.14165033e-02
5.21560120e-02
5.27157607e-02
5.30903138e-02
5.32749251e-02
5.32656213e-02
5.30593020e-02
5.26538460e-02
5.20482336e-02
5.12426705e-02
5.02387260e-02
4.90394674e-02
4.76496044e-02
4.60756223e-02
4.43259167e-02
4.24109073e-02
4.03431385e-02
3.81373439e-02
3.58104775e-02
3.33816839e-02
3.08722074e-02
2.83052073e-02
2.57054737e-02
2.30990117e-02
2.05124893e-02
1.79725367e-02
1.55049277e-02
1.31337175e-02
1.08805183e-02
8.76424117e-03
6.80185113e-03
5.01088893e-03
3.41465615e-03
2.05099179e-03
9.87750125e-04
2.47159822e-04
5.53903855e-04
1.89574931e-03
3.44585670e-03
5.15877235e-03
7.00969265e-03
8.98844472e-03
1.10895278e-02
1.33067763e-02
1.56309347e-02
1.80490459e-02
2.05448551e-02
2.30996814e-02
2.56934024e-02
2.83053498e-02
3.09150278e-02
3.35026253e-02
3.60493457e-02
3.85375774e-02
4.09509546e-02
4.32743319e-02
4.54937154e-02
4.75961632e-02
4.95696840e-02
5.14031369e-02
5.30861492e-02
5.46090493e-02
5.59628238e-02
5.71390946e-02
5.81301177e-02
5.89288029e-02
5.95287508e-02
5.99243096e-02
6.01106440e-02
6.00838225e-02
5.98409130e-02
5.93800946e-02
5.87007722e-02
5.78037060e-02
5.66911382e-02
5.53669285e-02
5.38366808e-02
5.21078705e-02
5.01899519e-02
4.80944541e-02
4.58350415e-02
4.34275448e-02
4.08899340e-02
3.82422383e-02
3.55063800e-02
3.27059233e-02
2.98657116e-02
2.70113940e-02
2.41688349e-02
2.13634383e-02
1.86194404e-02
1.59593011e-02
1.34033955e-02
1.09703293e-02
8.67828335e-03
6.54782884e-03
4.60649597e-03
2.89509802e-03
1.47669951e-03
3.81769167e-04
7.99618325e-04
2.59238408e-03
4.56064679e-03
6.66147927e-03
8.87017694e-03
1.11758775e-02
1.35741547e-02
1.60618553e-02
1.86339913e-02
2.12822876e-02
2.39949015e-02
2.67568582e-02
2.95508309e-02
3.23580124e-02
3.51589124e-02
3.79340145e-02
4.06642576e-02
4.33313650e-02
4.59180317e-02
4.84080163e-02
5.07861534e-02
5.30383257e-02
5.51514066e-02
5.71131976e-02
5.89123657e-02
6.05383939e-02
6.19815441e-02
6.32328401e-02
6.42840677e-02
6.51277936e-02
6.57574026e-02
6.61671501e-02
6.63522327e-02
6.63088682e-02
6.60343930e-02
6.55273640e-02
6.47876747e-02
6.38166689e-02
6.26172655e-02
6.11940717e-02
5.95535004e-02
5.77038646e-02
5.56554644e-02
5.34206376e-02
5.10137843e-02
4.84513377e-02
4.57516870e-02
4.29350233e-02
4.00231146e-02
3.70389843e-02
3.40065030e-02
3.09498871e-02
2.78931366e-02
2.48594511e-02
2.18707211e-02
1.89472249e-02
1.61077378e-02
1.33702939e-02
1.07538606e-02
8.28107651e-03
5.98197689e-03
3.89826250e-03
2.08819058e-03
5.84135437e-04
1.08921247e-03
3.39694027e-03
5.82547483e-03
8.33959745e-03
1.09189629e-02
1.35551418e-02
1.62464873e-02
1.89936875e-02
2.17965207e-02
2.46519062e-02
2.75530808e-02
3.04895994e-02
3.34478553e-02
3.64118436e-02
3.93639829e-02
4.22858641e-02
4.51588749e-02
4.79646690e-02
5.06855019e-02
5.33044383e-02
5.58054742e-02
5.81735842e-02
6.03947311e-02
6.24558451e-02
6.43447967e-02
6.60503659e-02
6.75622219e-02
6.88709116e-02
6.99678647e-02
7.08454134e-02
7.14968277e-02
7.19163670e-02
7.20993444e-02
7.20422056e-02
7.17426157e-02
7.11995590e-02
7.04134385e-02
6.93861853e-02
6.81213578e-02
6.66242444e-02
6.49019441e-02
6.29634401e-02
6.08196368e-02
5.84833744e-02
5.59693902e-02
5.32942384e-02
5.04761393e-02
4.75347673e-02
4.44909563e-02
4.13663360e-02
3.81828929e-02
3.49624907e-02
3.17263767e-02
2.84947527e-02
2.52864991e-02
2.21191928e-02
1.90095724e-02
1.59746159e-02
1.30333309e-02
1.02092258e-02
7.53317132e-03
5.04610066e-03
2.80140868e-03
8.30979071e-04
1.41728564e-03
4.29998236e-03
7.23169207e-03
1.01870266e-02
1.31527320e-02
1.61254128e-02
1.91080400e-02
2.21062959e-02
2.51254753e-02
2.81683056e-02
3.12337351e-02
3.43165670e-02
3.74077004e-02
4.04947546e-02
4.35628557e-02
4.65954504e-02
4.95750363e-02
5.24837761e-02
5.53039657e-02
5.80183819e-02
6.06105085e-02
6.30646859e-02
6.53661873e-02
6.75012596e-02
6.94571329e-02
7.12220220e-02
7.27851218e-02
7.41366099e-02
7.52676566e-02
7.61704468e-02
7.68382156e-02
7.72652952e-02
7.74471768e-02
7.73805798e-02
7.70635350e-02
7.64954674e-02
7.56772898e-02
7.46114862e-02
7.33021994e-02
7.17552963e-02
6.99784265e-02
6.79810446e-02
6.57744111e-02
6.33715413e-02
6.07871165e-02
5.80373266e-02
5.51396619e-02
5.21126278e-02
4.89754052e-02
4.57474473e-02
4.24480508e-02
3.90959192e-02
3.57087898e-02
3.23031825e-02
2.88943826e-02
2.54967538e-02
2.21245029e-02
1.87929603e-02
1.55203780e-02
1.23300789e-02
9.25260448e-03
6.32731710e-03
3.60339532e-03
1.11198900e-03
1.77967521e-03
5.29316421e-03
8.77038226e-03
1.21964017e-02
1.55666213e-02
1.88845962e-02
2.21595557e-02
2.54033895e-02
2.86277866e-02
3.18419728e-02
3.50512511e-02
3.82563305e-02
4.14533207e-02
4.46341876e-02
4.77874879e-02
5.08992016e-02
5.39535605e-02
5.69337773e-02
5.98226612e-02
6.26030893e-02
6.52583647e-02
6.77724586e-02
7.01301798e-02
7.23172730e-02
7.43204834e-02
7.61275880e-02
7.77274193e-02
7.91098797e-02
8.02659626e-02
8.11877767e-02
8.18685814e-02
8.23028322e-02
8.24862343e-02
8.24158081e-02
8.20899564e-02
8.15085411e-02
8.06729514e-02
7.95861756e-02
7.82528517e-02
7.66793109e-02
7.48735859e-02
7.28453972e-02
7.06060883e-02
6.81685245e-02
6.55469252e-02
6.27566485e-02
5.98139038e-02
5.67354179e-02
5.35380433e-02
5.02383509e-02
4.68522191e-02
4.33944859e-02
3.98787079e-02
3.63171207e-02
3.27208687e-02
2.91005989e-02
2.54674658e-02
2.18345618e-02
1.82186782e-02
1.46421893e-02
1.11346770e-02
7.73385905e-03
4.48584902e-03
1.42195616e-03
2.17309223e-03
6.36928782e-03
1.04330906e-02
1.43599933e-02
1.81548601e-02
2.18295118e-02
2.54007615e-02
2.88878276e-02
3.23096782e-02
3.56827603e-02
3.90193675e-02
4.23267414e-02
4.56068360e-02
4.88566203e-02
5.20687260e-02
5.52322945e-02
5.83338624e-02
6.13582133e-02
6.42891129e-02
6.71099266e-02
6.98040917e-02
7.23554819e-02
7.47486567e-02
7.69690437e-02
7.90030496e-02
8.08381404e-02
8.24628870e-02
8.38670041e-02
8.50413776e-02
8.59780976e-02
8.66704930e-02
8.71131734e-02
8.73020793e-02
8.72345345e-02
8.69093068e-02
8.63266618e-02
8.54884200e-02
8.43979935e-02
8.30604166e-02
8.14823400e-02
7.96720058e-02
7.76391682e-02
7.53949811e-02
7.29518171e-02
7.03230415e-02
6.75227136e-02
6.45652453e-02
6.14650031e-02
5.82358984e-02
5.48909722e-02
5.14420434e-02
4.78994514e-02
4.42719841e-02
4.05670401e-02
3.67911138e-02
3.29506358e-02
2.90531981e-02
2.51091040e-02
2.11331216e-02
1.71461857e-02
1.31767154e-02
9.26117428e-03
5.44403025e-03
1.75813998e-03
2.59494747e-03
7.52235471e-03
1.22123065e-02
1.66704423e-02
2.09114796e-02
2.49563831e-02
2.88305750e-02
3.25615644e-02
3.61764275e-02
3.96995269e-02
4.31507670e-02
4.65445004e-02
4.98891098e-02
5.31871479e-02
5.64359116e-02
5.96282639e-02
6.27535841e-02
6.57987038e-02
6.87487785e-02
7.15880249e-02
7.43003341e-02
7.68697382e-02
7.92807710e-02
8.15187173e-02
8.35697969e-02
8.54212818e-02
8.70615823e-02
8.84803017e-02
8.96682820e-02
9.06176407e-02
9.13218082e-02
9.17755681e-02
9.19750978e-02
9.19180163e-02
9.16034245e-02
9.10319494e-02
9.02057690e-02
8.91286313e-02
8.78058379e-02
8.62442093e-02
8.44519953e-02
8.24387526e-02
8.02151526e-02
7.77927445e-02
7.51836421e-02
7.24001695e-02
6.94544438e-02
6.63579469e-02
6.31210838e-02
5.97527995e-02
5.62602780e-02
5.26488128e-02
4.89218890e-02
4.50815679e-02
4.11291989e-02
3.70665070e-02
3.28970132e-02
2.86277263e-02
2.42709289e-02
1.98458250e-02
1.53797217e-02
1.09084752e-02
6.47639673e-03
2.11948422e-03
3.04325132e-03
8.74755203e-03
1.41017249e-02
1.91212518e-02
2.38308929e-02
2.82613615e-02
3.24474783e-02
3.64258543e-02
4.02324072e-02
4.39000650e-02
4.74569096e-02
5.09249427e-02
5.43194891e-02
5.76492117e-02
6.09165847e-02
6.41187090e-02
6.72482839e-02
7.02946441e-02
7.32447309e-02
7.60839730e-02
7.87970126e-02
8.13683050e-02
8.37825672e-02
8.60251257e-02
8.80821549e-02
8.99408557e-02
9.15895694e-02
9.30178647e-02
9.42165940e-02
9.51779418e-02
9.58954632e-02
9.63641217e-02
9.65803255e-02
9.65419603e-02
9.62484211e-02
9.57006286e-02
9.49010386e-02
9.38536186e-02
9.25638058e-02
9.10384117e-02
8.92854944e-02
8.73141590e-02
8.51343132e-02
8.27563425e-02
8.01907420e-02
7.74476771e-02
7.45365283e-02
7.14654095e-02
6.82407358e-02
6.48668535e-02
6.13458278e-02
5.76774181e-02
5.38593406e-02
4.98878410e-02
4.57586454e-02
4.14682630e-02
3.70156254e-02
3.24039333e-02
2.76425639e-02
2.27487707e-02
1.77489103e-02
1.26789477e-02
7.58449423e-03
2.50631923e-03
3.51653634e-03
1.00412041e-02
1.60963485e-02
2.17070664e-02
2.69082929e-02
3.17409509e-02
3.62499019e-02
4.04815417e-02
4.44812840e-02
4.82911970e-02
5.19480621e-02
5.54819957e-02
5.89157265e-02
6.22644700e-02
6.55363384e-02
6.87331094e-02
7.18512454e-02
7.48829850e-02
7.78174391e-02
8.06415756e-02
8.33410902e-02
8.59011058e-02
8.83067441e-02
9.05435445e-02
9.25977889e-02
9.44567207e-02
9.61087107e-02
9.75433618e-02
9.87515909e-02
9.97256818e-02
1.00459330e-01
1.00947679e-01
1.01187347e-01
1.01176451e-01
1.00914621e-01
1.00402999e-01
9.96442134e-02
9.86423318e-02
9.74027667e-02
9.59321454e-02
9.42381096e-02
9.23290703e-02
9.02138769e-02
8.79014404e-02
8.54002762e-02
8.27180228e-02
7.98609170e-02
7.68333045e-02
7.36371881e-02
7.02719122e-02
6.67340054e-02
6.30172907e-02
5.91132844e-02
5.50119728e-02
5.07029574e-02
4.61769933e-02
4.14278351e-02
3.64543072e-02
3.12623955e-02
2.58671466e-02
2.02940810e-02
1.45799360e-02
8.77295236e-03
2.92028041e-03
4.01379564e-03
1.14006857e-02
1.81924804e-02
2.44237816e-02
3.01398667e-02
3.53922902e-02
4.02365179e-02
4.47293436e-02
4.89262515e-02
5.28789732e-02
5.66334364e-02
6.02282875e-02
6.36940337e-02
6.70528309e-02
7.03188005e-02
7.34987919e-02
7.65934007e-02
7.95981469e-02
8.25046459e-02
8.53017307e-02
8.79764221e-02
9.05147671e-02
9.29024947e-02
9.51255443e-02
9.71704463e-02
9.90246133e-02
1.00676535e-01
1.02115925e-01
1.03333812e-01
1.04322610e-01
1.05076166e-01
1.05589793e-01
1.05860294e-01
1.05885969e-01
1.05666617e-01
1.05203506e-01
1.04499330e-01
1.03558113e-01
1.02385083e-01
1.00986482e-01
9.93693225e-02
9.75410599e-02
9.55092185e-02
9.32809232e-02
9.08624019e-02
8.82584242e-02
8.54717591e-02
8.25026405e-02
7.93483422e-02
7.60028743e-02
7.24569163e-02
6.86980052e-02
6.47110896e-02
6.04794485e-02
5.59860443e-02
5.12152566e-02
4.61549813e-02
4.07989478e-02
3.51491161e-02
2.92178875e-02
2.30298903e-02
1.66231054e-02
1.00495494e-02
3.36428137e-03
4.53442645e-03
1.28243257e-02
2.03876435e-02
2.72685251e-02
3.35228555e-02
3.92132758e-02
4.44064185e-02
4.91700457e-02
5.35702496e-02
5.76688786e-02
6.15214039e-02
6.51753303e-02
6.86692631e-02
7.20325907e-02
7.52857642e-02
7.84410119e-02
8.15034002e-02
8.44720424e-02
8.73413834e-02
9.01024036e-02
9.27437298e-02
9.52525621e-02
9.76154575e-02
9.98189258e-02
1.01849905e-01
1.03696093e-01
1.05346202e-01
1.06790123e-01
1.08019051e-01
1.09025556e-01
1.09803646e-01
1.10348789e-01
1.10657934e-01
1.10729513e-01
1.10563411e-01
1.10160928e-01
1.09524688e-01
1.08658529e-01
1.07567311e-01
1.06256698e-01
1.04732836e-01
1.03001991e-01
1.01070084e-01
9.89421916e-02
9.66219611e-02
9.41110302e-02
9.14084222e-02
8.85100223e-02
8.54081291e-02
8.20912063e-02
7.85438397e-02
7.47470285e-02
7.06788136e-02
6.63153484e-02
6.16323859e-02
5.66072316e-02
5.12210709e-02
4.54616196e-02
3.93258956e-02
3.28229194e-02
2.59760319e-02
1.88246198e-02
1.14253380e-02
3.84257252e-03
5.07818115e-03
1.43112911e-02
2.26804449e-02
3.02395364e-02
3.70554718e-02
4.32025407e-02
4.87591463e-02
5.38046037e-02
5.84161062e-02
6.26660333e-02
6.66197119e-02
7.03337770e-02
7.38551514e-02
7.72206940e-02
8.04574094e-02
8.35831738e-02
8.66077824e-02
8.95342377e-02
9.23600825e-02
9.50787316e-02
9.76806616e-02
1.00154473e-01
1.02487748e-01
1.04667760e-01
1.06681998e-01
1.08518581e-01
1.10166538e-01
1.11616018e-01
1.12858428e-01
1.13886528e-01
1.14694484e-01
1.15277906e-01
1.15633851e-01
1.15760811e-01
1.15658676e-01
1.15328657e-01
1.14773183e-01
1.13995731e-01
1.13000619e-01
1.11792714e-01
1.10377080e-01
1.08758538e-01
1.06941173e-01
1.04927750e-01
1.02719114e-01
1.00313536e-01
9.77061175e-02
9.48882185e-02
9.18470418e-02
8.85653671e-02
8.50215689e-02
8.11899162e-02
7.70412883e-02
7.25442924e-02
6.76668907e-02
6.23784914e-02
5.66525472e-02
5.04695388e-02
4.38202600e-02
3.67091387e-02
2.91573404e-02
2.12053187e-02
1.29148352e-02
4.36082451e-03
5.64512430e-03
1.58614722e-02
2.50703989e-02
3.33359537e-02
4.07366931e-02
4.73592779e-02
5.32945947e-02
5.86341134e-02
6.34666117e-02
6.78753352e-02
7.19357179e-02
7.57136877e-02
7.92646439e-02
8.26330483e-02
8.58526417e-02
8.89471285e-02
9.19312727e-02
9.48121953e-02
9.75908091e-02
1.00263204e-01
1.02821969e-01
1.05257323e-01
1.07558094e-01
1.09712493e-01
1.11708730e-01
1.13535466e-01
1.15182159e-01
1.16639289e-01
1.17898536e-01
1.18952869e-01
1.19796624e-01
1.20425525e-01
1.20836690e-01
1.21028606e-01
1.21001065e-01
1.20755073e-01
1.20292706e-01
1.19616920e-01
1.18731284e-01
1.17639664e-01
1.16345801e-01
1.14852852e-01
1.13162816e-01
1.11275942e-01
1.09190057e-01
1.06899923e-01
1.04396583e-01
1.01666811e-01
9.86926595e-02
9.54512284e-02
9.19146400e-02
8.80503766e-02
8.38219570e-02
7.91901014e-02
7.41143671e-02
6.85553782e-02
6.24776074e-02
5.58527592e-02
4.86636081e-02
4.09081586e-02
3.26037688e-02
2.37909015e-02
1.45362753e-02
4.92629068e-03
6.23559984e-03
1.74753579e-02
2.75577023e-02
3.65575100e-02
4.45659136e-02
5.16829213e-02
5.80127486e-02
6.36596769e-02
6.87244945e-02
7.33015807e-02
7.74765985e-02
8.13248503e-02
8.49102474e-02
8.82849378e-02
9.14894848e-02
9.45535855e-02
9.74971423e-02
1.00331632e-01
1.03061558e-01
1.05685950e-01
1.08199737e-01
1.10595000e-01
1.12862016e-01
1.14990133e-01
1.16968434e-01
1.18786271e-01
1.20433631e-01
1.21901417e-01
1.23181627e-01
1.24267477e-01
1.25153468e-01
1.25835420e-01
1.26310461e-01
1.26576989e-01
1.26634598e-01
1.26483954e-01
1.26126627e-01
1.25564860e-01
1.24801280e-01
1.23838515e-01
1.22678770e-01
1.21323285e-01
1.19771771e-01
1.18021742e-01
1.16067865e-01
1.13901259e-01
1.11508866e-01
1.08872862e-01
1.05970226e-01
1.02772449e-01
9.92455223e-02
9.53501752e-02
9.10425276e-02
8.62751398e-02
8.09986345e-02
7.51638982e-02
6.87250298e-02
6.16430280e-02
5.38902830e-02
4.54556938e-02
3.63501780e-02
2.66120558e-02
1.63119234e-02
5.54800683e-03
6.85021550e-03
1.91539159e-02
3.01429562e-02
3.99041020e-02
4.85424400e-02
5.61726405e-02
6.29132881e-02
6.88821400e-02
7.41923544e-02
7.89495472e-02
8.32496048e-02
8.71771208e-02
9.08044775e-02
9.41914798e-02
9.73855829e-02
1.00422571e-01
1.03327673e-01
1.06116911e-01
1.08798638e-01
1.11375052e-01
1.13843686e-01
1.16198707e-01
1.18432073e-01
1.20534452e-01
1.22495985e-01
1.24306845e-01
1.25957674e-01
1.27439875e-01
1.28745830e-01
1.29869026e-01
1.30804138e-01
1.31547049e-01
1.32094843e-01
1.32445752e-01
1.32599051e-01
1.32554930e-01
1.32314279e-01
1.31878441e-01
1.31248873e-01
1.30426752e-01
1.29412488e-01
1.28205192e-01
1.26802043e-01
1.25197656e-01
1.23383372e-01
1.21346603e-01
1.19070161e-01
1.16531706e-01
1.13703261e-01
1.10550933e-01
1.07034785e-01
1.03109025e-01
9.87224677e-02
9.38194548e-02
8.83412536e-02
8.22281608e-02
7.54223912e-02
6.78720135e-02
5.95359916e-02
5.03904314e-02
4.04357719e-02
2.97044720e-02
1.82684274e-02
6.23708871e-03
7.48985563e-03
2.08984647e-02
3.28267894e-02
4.33751851e-02
5.26647541e-02
6.08266382e-02
6.79950160e-02
7.43017610e-02
7.98725527e-02
8.48241351e-02
8.92623608e-02
9.32808870e-02
9.69603702e-02
1.00368210e-01
1.03558751e-01
1.06573994e-01
1.09444647e-01
1.12191529e-01
1.14827069e-01
1.17356925e-01
1.19781478e-01
1.22097250e-01
1.24298093e-01
1.26376219e-01
1.28322990e-01
1.30129563e-01
1.31787343e-01
1.33288333e-01
1.34625352e-01
1.35792197e-01
1.36783710e-01
1.37595817e-01
1.38225497e-01
1.38670721e-01
1.38930338e-01
1.39003899e-01
1.38891445e-01
1.38593204e-01
1.38109245e-01
1.37439036e-01
1.36580960e-01
1.35531729e-01
1.34285787e-01
1.32834632e-01
1.31166160e-01
1.29263977e-01
1.27106794e-01
1.24667830e-01
1.21914375e-01
1.18807408e-01
1.15301451e-01
1.11344546e-01
1.06878565e-01
1.01839791e-01
9.61600348e-02
8.97683430e-02
8.25936657e-02
7.45687036e-02
6.56353714e-02
5.57520781e-02
4.49029555e-02
3.31085633e-02
2.04371713e-02
7.00709935e-03
8.15574876e-03
2.27105361e-02
3.56093191e-02
4.69688675e-02
5.69294620e-02
6.56411662e-02
7.32551484e-02
7.99178192e-02
8.57671885e-02
9.09306072e-02
9.55233514e-02
9.96476595e-02
1.03392181e-01
1.06831758e-01
1.10027670e-01
1.13028247e-01
1.15869930e-01
1.18578577e-01
1.21171024e-01
1.23656663e-01
1.26039042e-01
1.28317289e-01
1.30487420e-01
1.32543389e-01
1.34477983e-01
1.36283484e-01
1.37952198e-01
1.39476810e-01
1.40850648e-01
1.42067843e-01
1.43123413e-01
1.44013291e-01
1.44734294e-01
1.45284043e-01
1.45660825e-01
1.45863406e-01
1.45890777e-01
1.45741843e-01
1.45415032e-01
1.44907857e-01
1.44216382e-01
1.43334678e-01
1.42254177e-01
1.40963063e-01
1.39445595e-01
1.37681499e-01
1.35645344e-01
1.33306034e-01
1.30626302e-01
1.27562376e-01
1.24063657e-01
1.20072610e-01
1.15524730e-01
1.10348808e-01
1.04467477e-01
9.77983795e-02
9.02561603e-02
8.17558791e-02
7.22183511e-02
6.15782117e-02
4.97951801e-02
3.68686401e-02
2.28545322e-02
7.87456293e-03
8.84962826e-03
2.45916782e-02
3.84892741e-02
5.06805140e-02
6.13297508e-02
7.06092380e-02
7.86884733e-02
8.57283263e-02
9.18782553e-02
9.72751358e-02
1.02042664e-01
1.06290968e-01
1.10116263e-01
1.13600732e-01
1.16812648e-01
1.19806930e-01
1.22626041e-01
1.25301275e-01
1.27854218e-01
1.30298391e-01
1.32640817e-01
1.34883564e-01
1.37025056e-01
1.39061242e-01
1.40986512e-01
1.42794450e-01
1.44478374e-01
1.46031757e-01
1.47448493e-01
1.48723084e-01
1.49850722e-01
1.50827323e-01
1.51649476e-01
1.52314354e-01
1.52819559e-01
1.53162899e-01
1.53342128e-01
1.53354586e-01
1.53196814e-01
1.52864071e-01
1.52349830e-01
1.51645191e-01
1.50738312e-01
1.49613770e-01
1.48251985e-01
1.46628614e-01
1.44714039e-01
1.42472845e-01
1.39863415e-01
1.36837510e-01
1.33339956e-01
1.29308290e-01
1.24672515e-01
1.19354837e-01
1.13269626e-01
1.06323644e-01
9.84170364e-02
8.94455491e-02
7.93050261e-02
6.78993179e-02
5.51531499e-02
4.10309905e-02
2.55618497e-02
8.85962440e-03
9.57406568e-03
2.65430780e-02
4.14624572e-02
5.45004878e-02
6.58531767e-02
7.57189983e-02
8.42865798e-02
9.17300324e-02
9.82082996e-02
1.03865824e-01
1.08833243e-01
1.13227610e-01
1.17152301e-01
1.20696778e-01
1.23936576e-01
1.26933580e-01
1.29736790e-01
1.32383407e-01
1.34900288e-01
1.37305495e-01
1.39609955e-01
1.41818989e-01
1.43933748e-01
1.45952400e-01
1.47871158e-01
1.49685051e-01
1.51388554e-01
1.52976008e-01
1.54441945e-01
1.55781263e-01
1.56989338e-01
1.58062031e-01
1.58995648e-01
1.59786820e-01
1.60432325e-01
1.60928858e-01
1.61272715e-01
1.61459449e-01
1.61483421e-01
1.61337353e-01
1.61011774e-01
1.60494500e-01
1.59770036e-01
1.58819043e-01
1.57617762e-01
1.56137543e-01
1.54344351e-01
1.52198394e-01
1.49653708e-01
1.46657846e-01
1.43151465e-01
1.39067931e-01
1.34332739e-01
1.28862869e-01
1.22565934e-01
1.15339379e-01
1.07069871e-01
9.76336394e-02
8.68987540e-02
7.47313382e-02
6.10083087e-02
4.56399556e-02
2.86046583e-02
9.98697301e-03
1.03330868e-02
2.85646344e-02
4.45188398e-02
5.84104855e-02
7.04785694e-02
8.09519774e-02
9.00375169e-02
9.79192584e-02
1.04761950e-01
1.10714621e-01
1.15912821e-01
1.20479503e-01
1.24524875e-01
1.28145924e-01
1.31425945e-01
1.34434503e-01
1.37227826e-01
1.39849753e-01
1.42333007e-01
1.44700774e-01
1.46968319e-01
1.49144630e-01
1.51233871e-01
1.53236706e-01
1.55151349e-01
1.56974456e-01
1.58701759e-01
1.60328575e-01
1.61850119e-01
1.63261729e-01
1.64558958e-01
1.65737594e-01
1.66793596e-01
1.67722961e-01
1.68521524e-01
1.69184687e-01
1.69707101e-01
1.70082262e-01
1.70302090e-01
1.70356417e-01
1.70232496e-01
1.69914438e-01
1.69382710e-01
1.68613595e-01
1.67578761e-01
1.66244803e-01
1.64572936e-01
1.62518652e-01
1.60031498e-01
1.57054771e-01
1.53525238e-01
1.49372626e-01
1.44518971e-01
1.38877524e-01
1.32351285e-01
1.24830948e-01
1.16192494e-01
1.06294697e-01
9.49777259e-02
8.20649451e-02
6.73720981e-02
5.07302006e-02
3.20301966e-02
1.12870659e-02
1.11332087e-02
3.06524773e-02
4.76369344e-02
6.23776764e-02
7.51721893e-02
8.62818872e-02
9.59268603e-02
1.04294358e-01
1.11549068e-01
1.17840507e-01
1.23306888e-01
1.28076165e-01
1.32265512e-01
1.35980101e-01
1.39312003e-01
1.42339503e-01
1.45127135e-01
1.47726280e-01
1.50176363e-01
1.52506324e-01
1.54736330e-01
1.56879421e-01
1.58943132e-01
1.60930844e-01
1.62842992e-01
1.64677980e-01
1.66432930e-01
1.68104195e-01
1.69687745e-01
1.71179376e-01
1.72574829e-01
1.73869795e-01
1.75059837e-01
1.76140239e-01
1.77105765e-01
1.77950382e-01
1.78666878e-01
1.79246470e-01
1.79678318e-01
1.79949050e-01
1.80042219e-01
1.79937823e-01
1.79611769e-01
1.79035469e-01
1.78175408e-01
1.76992880e-01
1.75443711e-01
1.73478147e-01
1.71040697e-01
1.68070071e-01
1.64498945e-01
1.60253636e-01
1.55253368e-01
1.49409090e-01
1.42621465e-01
1.34777890e-01
1.25748151e-01
1.15378761e-01
1.03486266e-01
8.98514439e-02
7.42188949e-02
5.63120389e-02
3.58808370e-02
1.27977027e-02
1.19847598e-02
3.27922730e-02
5.07729467e-02
6.63461210e-02
7.98842518e-02
9.16759035e-02
1.01941970e-01
1.10861295e-01
1.18590359e-01
1.25274571e-01
1.31052837e-01
1.36057993e-01
1.40415052e-01
1.44238836e-01
1.47631776e-01
1.50682498e-01
1.53465225e-01
1.56040127e-01
1.58454275e-01
1.60743169e-01
1.62932426e-01
1.65039615e-01
1.67075920e-01
1.69047706e-01
1.70957766e-01
1.72806402e-01
1.74592191e-01
1.76312610e-01
1.77964412e-01
1.79543889e-01
1.81046976e-01
1.82469256e-01
1.83805863e-01
1.85051294e-01
1.86199157e-01
1.87241827e-01
1.88170068e-01
1.88972562e-01
1.89635444e-01
1.90141764e-01
1.90470995e-01
1.90598499e-01
1.90495106e-01
1.90126678e-01
1.89453852e-01
1.88431785e-01
1.87010106e-01
1.85132872e-01
1.82738692e-01
1.79760772e-01
1.76127003e-01
1.71759766e-01
1.66575484e-01
1.60483461e-01
1.53383869e-01
1.45164188e-01
1.35693626e-01
1.24814491e-01
1.12329850e-01
9.79871979e-02
8.14609890e-02
6.23443549e-02
4.01779312e-02
1.45652733e-02
1.29017391e-02
3.49416494e-02
5.38412166e-02
7.02269277e-02
8.45499888e-02
9.71026687e-02
1.08082753e-01
1.17644276e-01
1.25926583e-01
1.33067248e-01
1.39205416e-01
1.44480062e-01
1.49026212e-01
1.52970742e-01
1.56428870e-01
1.59501673e-01
1.62274935e-01
1.64819042e-01
1.67189898e-01
1.69430365e-01
1.71572157e-01
1.73637748e-01
1.75642298e-01
1.77595303e-01
1.79502071e-01
1.81364852e-01
1.83183766e-01
1.84957434e-01
1.86683444e-01
1.88358601e-01
1.89979056e-01
1.91540287e-01
1.93036981e-01
1.94462818e-01
1.95810171e-01
1.97069732e-01
1.98230067e-01
1.99277143e-01
2.00193779e-01
2.00959136e-01
2.01548153e-01
2.01931086e-01
2.02073030e-01
2.01933618e-01
2.01466739e-01
2.00620481e-01
1.99337117e-01
1.97553320e-01
1.95200391e-01
1.92204647e-01
1.88487687e-01
1.83966630e-01
1.78553912e-01
1.72156616e-01
1.64674709e-01
1.55997785e-01
1.45999166e-01
1.34525989e-01
1.21382682e-01
1.06304520e-01
8.89176512e-02
6.86877710e-02
4.48832611e-02
1.66420547e-02
1.38907972e-02
3.69869432e-02
5.66851356e-02
7.38966469e-02
8.91062841e-02
1.02555293e-01
1.14383562e-01
1.24703618e-01
1.33631814e-01
1.41297670e-01
1.47842880e-01
1.53415987e-01
1.58165678e-01
1.62234454e-01
1.65753454e-01
1.68838948e-01
1.71590413e-01
1.74090184e-01
1.76404180e-01
1.78583534e-01
1.80666583e-01
1.82681102e-01
1.84646387e-01
1.86575210e-01
1.88475410e-01
1.90351244e-01
1.92204359e-01
1.94034561e-01
1.95840278e-01
1.97618869e-01
1.99366721e-01
2.01079240e-01
2.02750685e-01
2.04373918e-01
2.05940058e-01
2.07438047e-01
2.08854169e-01
2.10171493e-01
2.11369324e-01
2.12422599e-01
2.13301355e-01
2.13970188e-01
2.14387862e-01
2.14506939e-01
2.14273652e-01
2.13627825e-01
2.12503081e-01
2.10827099e-01
2.08522150e-01
2.05505619e-01
2.01690685e-01
1.96986800e-01
1.91300041e-01
1.84532852e-01
1.76583018e-01
1.67341105e-01
1.56685581e-01
1.44473693e-01
1.30524932e-01
1.14590324e-01
9.62952142e-02
7.50353550e-02
4.98112087e-02
1.90626576e-02
1.48875062e-02
3.86519781e-02
5.90607548e-02
7.72370627e-02
9.35478876e-02
1.08101508e-01
1.20950691e-01
1.32161217e-01
1.41829803e-01
1.50083535e-01
1.57072587e-01
1.62960577e-01
1.67914909e-01
1.72098090e-01
1.75660990e-01
1.78738094e-01
1.81445019e-01
1.83877752e-01
1.86113506e-01
1.88212410e-01
1.90219925e-01
1.92169294e-01
1.94084066e-01
1.95980231e-01
1.97868152e-01
1.99753996e-01
2.01640936e-01
2.03529916e-01
2.05420238e-01
2.07309827e-01
2.09195378e-01
2.11072275e-01
2.12934418e-01
2.14773911e-01
2.16580652e-01
2.18341854e-01
2.20041470e-01
2.21659610e-01
2.23171877e-01
2.24548769e-01
2.25755031e-01
2.26749159e-01
2.27482894e-01
2.27900967e-01
2.27940876e-01
2.27532983e-01
2.26600688e-01
2.25060944e-01
2.22824838e-01
2.19798468e-01
2.15883774e-01
2.10979486e-01
2.04981745e-01
1.97784441e-01
1.89278668e-01
1.79351077e-01
1.67880172e-01
1.54729464e-01
1.39734633e-01
1.22678582e-01
1.03237922e-01
8.08581149e-02
5.44522406e-02
2.17293906e-02
1.54707960e-02
3.93984609e-02
6.07578640e-02
8.03028093e-02
9.80596872e-02
1.13969519e-01
1.28013079e-01
1.40228883e-01
1.50708846e-01
1.59588175e-01
1.67033377e-01
1.73229517e-01
1.78368105e-01
1.82636331e-01
1.86208675e-01
1.89240997e-01
1.91867386e-01
1.94199171e-01
1.96325869e-01
1.98317209e-01
2.00225969e-01
2.02090888e-01
2.03939612e-01
2.05791195e-01
2.07658316e-01
2.09548928e-01
2.11467603e-01
2.13416392e-01
2.15395459e-01
2.17403356e-01
2.19437162e-01
2.21492353e-01
2.23562603e-01
2.25639381e-01
2.27711499e-01
2.29764528e-01
2.31780172e-01
2.33735568e-01
2.35602582e-01
2.37347089e-01
2.38928300e-01
2.40298154e-01
2.41400825e-01
2.42172370e-01
2.42540567e-01
2.42424972e-01
2.41737218e-01
2.40381565e-01
2.38255706e-01
2.35251782e-01
2.31257540e-01
2.26157516e-01
2.19834046e-01
2.12167861e-01
2.03037877e-01
1.92319744e-01
1.79882475e-01
1.65582355e-01
1.49252678e-01
1.30686532e-01
1.09604373e-01
8.55762456e-02
5.77690959e-02
2.39317169e-02
7.16186504e-03
2.11156788e-02
3.39858745e-02
4.57791368e-02
5.66385866e-02
6.67183702e-02
7.61588661e-02
8.50810369e-02
9.35847428e-02
1.01748895e-01
1.09633002e-01
1.17279522e-01
1.24716880e-01
1.31962540e-01
1.39026097e-01
1.45911809e-01
1.52620763e-01
1.59152287e-01
1.65504990e-01
1.71677208e-01
1.77667270e-01
1.83473388e-01
1.89093548e-01
1.94525159e-01
1.99764767e-01
2.04807600e-01
2.09647178e-01
2.14274787e-01
2.18679009e-01
2.22845150e-01
2.26754730e-01
2.30384935e-01
2.33708148e-01
2.36691537e-01
2.39296757e-01
2.41479839e-01
2.43191256e-01
2.44376310e-01
2.44975795e-01
2.44927108e-01
2.44165726e-01
2.42627259e-01
2.40249884e-01
2.36977395e-01
2.32762548e-01
2.27570877e-01
2.21384482e-01
2.14205867e-01
2.06061098e-01
1.97002163e-01
1.87107597e-01
1.76481043e-01
1.65246633e-01
1.53540830e-01
1.41499733e-01
1.29241922e-01
1.16846697e-01
1.04329020e-01
9.16123244e-02
7.85006896e-02
6.46486239e-02
4.95202978e-02
3.23256722e-02
1.20414303e-02
1.50280230e-03
2.35335511e-03
7.47812286e-03
1.30567642e-02
1.91162630e-02
2.58576011e-02
3.33838255e-02
4.16742301e-02
5.06239986e-02
6.00869796e-02
6.99055051e-02
7.99284998e-02
9.00209945e-02
1.00068685e-01
1.09978927e-01
1.19679981e-01
1.29118778e-01
1.38258299e-01
1.47074465e-01
1.55553328e-01
1.63688252e-01
1.71477640e-01
1.78922818e-01
1.86026427e-01
1.92790943e-01
1.99217572e-01
2.05305177e-01
2.11049453e-01
2.16442060e-01
2.21469930e-01
2.26114518e-01
2.30351193e-01
2.34148641e-01
2.37468413e-01
2.40264596e-01
2.42483700e-01
2.44064806e-01
2.44940033e-01
2.45035450e-01
2.44272409e-01
2.42569520e-01
2.39845150e-01
2.36020690e-01
2.31024395e-01
2.24796020e-01
2.17291899e-01
2.08490654e-01
1.98398979e-01
1.87057574e-01
1.74546483e-01
1.60989772e-01
1.46558619e-01
1.31472671e-01
1.15998538e-01
1.00445097e-01
8.51538748e-02
7.04828013e-02
5.67785318e-02
4.43300938e-02
3.32934270e-02
2.35908164e-02
1.48576685e-02
6.70457748e-03
8.62952767e-04
7.64476773e-04
4.92087205e-03
1.17520438e-02
1.92517033e-02
2.69925045e-02
3.49154401e-02
4.30605503e-02
5.14662780e-02
6.01396878e-02
6.90549203e-02
7.81614935e-02
8.73941726e-02
9.66817815e-02
1.05953759e-01
1.15144833e-01
1.24197729e-01
1.33064607e-01
1.41707219e-01
1.50096446e-01
1.58211146e-01
1.66036873e-01
1.73564332e-01
1.80787978e-01
1.87704553e-01
1.94311861e-01
2.00607538e-01
2.06588032e-01
2.12247577e-01
2.17577325e-01
2.22564465e-01
2.27191466e-01
2.31435331e-01
2.35266977e-01
2.38650704e-01
2.41543815e-01
2.43896451e-01
2.45651656e-01
2.46745795e-01
2.47109315e-01
2.46668025e-01
2.45344824e-01
2.43062101e-01
2.39744653e-01
2.35323347e-01
2.29739274e-01
2.22948561e-01
2.14927437e-01
2.05677624e-01
1.95231436e-01
1.83656497e-01
1.71059220e-01
1.57586743e-01
1.43426183e-01
1.28800622e-01
1.13960282e-01
9.91679086e-02
8.46764778e-02
7.06987534e-02
5.73701557e-02
4.47154412e-02
3.26488036e-02
2.10788359e-02
1.02676490e-02
1.73789828e-03
1.65561540e-03
7.97939495e-03
1.62053189e-02
2.50954667e-02
3.40933471e-02
4.30001936e-02
5.17841871e-02
6.04770850e-02
6.91237524e-02
7.77599769e-02
8.64043451e-02
9.50574392e-02
1.03704311e-01
1.12318668e-01
1.20867216e-01
1.29313854e-01
1.37622914e-01
1.45761669e-01
1.53701706e-01
1.61419663e-01
1.68897132e-01
1.76120259e-01
1.83078884e-01
1.89765658e-01
1.96174939e-01
2.02301813e-01
2.08141006e-01
2.13685950e-01
2.18927797e-01
2.23854558e-01
2.28450247e-01
2.32694128e-01
2.36560016e-01
2.40015713e-01
2.43022578e-01
2.45535282e-01
2.47501819e-01
2.48863785e-01
2.49557053e-01
2.49512806e-01
2.48659113e-01
2.46922926e-01
2.44232724e-01
2.40521569e-01
2.35730797e-01
2.29813969e-01
2.22741241e-01
2.14503608e-01
2.05117042e-01
1.94625791e-01
1.83104691e-01
1.70659522e-01
1.57425135e-01
1.43560229e-01
1.29238539e-01
1.14635647e-01
9.99122509e-02
8.51956777e-02
7.05660027e-02
5.60594581e-02
4.17146826e-02
2.77032467e-02
1.45928792e-02
3.66891834e-03
3.33740129e-03
1.15696223e-02
2.10773729e-02
3.10770549e-02
4.10555374e-02
5.07599066e-02
6.01086213e-02
6.91136768e-02
7.78295085e-02
8.63222709e-02
9.46526443e-02
1.02866961e-01
1.10994072e-01
1.19045675e-01
1.27019068e-01
1.34900812e-01
1.42670810e-01
1.50305790e-01
1.57782236e-01
1.65078273e-01
1.72174900e-01
1.79056365e-01
1.85710163e-01
1.92126512e-01
1.98297725e-01
2.04217322e-01
2.09879176e-01
2.15276545e-01
2.20401197e-01
2.25242486e-01
2.29786534e-01
2.34015421e-01
2.37906492e-01
2.41431744e-01
2.44557353e-01
2.47243387e-01
2.49443710e-01
2.51106181e-01
2.52173126e-01
2.52582208e-01
2.52267630e-01
2.51161822e-01
2.49197452e-01
2.46309928e-01
2.42440110e-01
2.37537374e-01
2.31562605e-01
2.24491224e-01
2.16315670e-01
2.07047403e-01
1.96717762e-01
1.85377730e-01
1.73095971e-01
1.59955335e-01
1.46047484e-01
1.31466477e-01
1.16302173e-01
1.00636663e-01
8.45487988e-02
6.81366863e-02
5.15714822e-02
3.51944225e-02
1.96372279e-02
5.80477962e-03
5.03302379e-03
1.54651603e-02
2.63934476e-02
3.74403987e-02
4.82523808e-02
5.86099944e-02
6.84248472e-02
7.77010943e-02
8.64969427e-02
9.48951528e-02
1.02982409e-01
1.10836306e-01
1.18518016e-01
1.26069691e-01
1.33514965e-01
1.40861792e-01
1.48106143e-01
1.55236096e-01
1.62235341e-01
1.69086139e-01
1.75771267e-01
1.82275338e-01
1.88585293e-01
1.94690520e-01
2.00582463e-01
2.06254116e-01
2.11699240e-01
2.16911610e-01
2.21884125e-01
2.26608007e-01
2.31071947e-01
2.35261354e-01
2.39157634e-01
2.42737581e-01
2.45972886e-01
2.48829794e-01
2.51268961e-01
2.53245521e-01
2.54709431e-01
2.55606056e-01
2.55877094e-01
2.55461710e-01
2.54297999e-01
2.52324524e-01
2.49482069e-01
2.45715223e-01
2.40973946e-01
2.35214680e-01
2.28401211e-01
2.20504890e-01
2.11504607e-01
2.01386302e-01
1.90142656e-01
1.77772973e-01
1.64284131e-01
1.49692866e-01
1.34030730e-01
1.17353016e-01
9.97548000e-02
8.13976435e-02
6.25499507e-02
4.36333430e-02
2.52362039e-02
7.97697105e-03
6.68965473e-03
1.95062255e-02
3.20482052e-02
4.42139287e-02
5.58306264e-02
6.67671578e-02
7.69711338e-02
8.64620741e-02
9.53099621e-02
1.03612359e-01
1.11475329e-01
1.18999194e-01
1.26269481e-01
1.33352172e-01
1.40292807e-01
1.47118071e-01
1.53839184e-01
1.60455782e-01
1.66959928e-01
1.73339426e-01
1.79580546e-01
1.85669781e-01
1.91595035e-01
1.97346043e-01
2.02914485e-01
2.08293619e-01
2.13477829e-01
2.18461915e-01
2.23240409e-01
2.27806770e-01
2.32152660e-01
2.36267183e-01
2.40136236e-01
2.43741895e-01
2.47061942e-01
2.50069518e-01
2.52732926e-01
2.55015646e-01
2.56876506e-01
2.58270093e-01
2.59147269e-01
2.59455868e-01
2.59141337e-01
2.58147390e-01
2.56416329e-01
2.53889128e-01
2.50504918e-01
2.46200104e-01
2.40906912e-01
2.34551981e-01
2.27055124e-01
2.18329374e-01
2.08282783e-01
1.96823249e-01
1.83866647e-01
1.69349036e-01
1.53242460e-01
1.35574397e-01
1.16449897e-01
9.60755010e-02
7.47802797e-02
5.30210767e-02
3.13407954e-02
1.02215992e-02
8.31642610e-03
2.36273991e-02
3.79511936e-02
5.13544249e-02
6.38192032e-02
7.53211912e-02
8.58723297e-02
9.55302936e-02
1.04390229e-01
1.12570048e-01
1.20195075e-01
1.27385288e-01
1.34246021e-01
1.40862724e-01
1.47299045e-01
1.53597880e-01
1.59784115e-01
1.65868517e-01
1.71851652e-01
1.77727650e-01
1.83487153e-01
1.89119664e-01
1.94615000e-01
1.99964245e-01
2.05160045e-01
2.10196643e-01
2.15069521e-01
2.19774964e-01
2.24309424e-01
2.28668896e-01
2.32848223e-01
2.36840458e-01
2.40636241e-01
2.44223271e-01
2.47585865e-01
2.50704645e-01
2.53556365e-01
2.56113883e-01
2.58346280e-01
2.60219052e-01
2.61694375e-01
2.62731221e-01
2.63285325e-01
2.63308634e-01
2.62748258e-01
2.61544492e-01
2.59628130e-01
2.56916822e-01
2.53311166e-01
2.48690876e-01
2.42912423e-01
2.35809170e-01
2.27195841e-01
2.16878292e-01
2.04669696e-01
1.90412595e-01
1.74005809e-01
1.55433238e-01
1.34791062e-01
1.12307849e-01
8.83502595e-02
6.34021163e-02
3.80001360e-02
1.26050940e-02
9.93179821e-03
2.78158737e-02
4.40559964e-02
5.88184256e-02
7.22054254e-02
8.42968307e-02
9.51823628e-02
1.04974275e-01
1.13806270e-01
1.21824917e-01
1.29178775e-01
1.36007985e-01
1.42436379e-01
1.48566461e-01
1.54477639e-01
1.60226859e-01
1.65851301e-01
1.71371957e-01
1.76797739e-01
1.82129208e-01
1.87361927e-01
1.92488950e-01
1.97502744e-01
2.02396300e-01
2.07163846e-01
2.11801003e-01
2.16304748e-01
2.20673056e-01
2.24904497e-01
2.28997675e-01
2.32950700e-01
2.36760612e-01
2.40422887e-01
2.43930988e-01
2.47276028e-01
2.50446545e-01
2.53428406e-01
2.56204848e-01
2.58756572e-01
2.61061900e-01
2.63096746e-01
2.64834376e-01
2.66244529e-01
2.67291829e-01
2.67932968e-01
2.68112681e-01
2.67758168e-01
2.66772481e-01
2.65027174e-01
2.62355707e-01
2.58548926e-01
2.53355048e-01
2.46485977e-01
2.37632139e-01
2.26486322e-01
2.12776269e-01
1.96303010e-01
1.76980537e-01
1.54869723e-01
1.30198521e-01
1.03358919e-01
7.48716432e-02
4.53119099e-02
1.51940974e-02
1.15550357e-02
3.20847274e-02
5.03522616e-02
6.65836713e-02
8.09726952e-02
9.36933878e-02
1.04916980e-01
1.14820380e-01
1.23586468e-01
1.31399118e-01
1.38435621e-01
1.44859199e-01
1.50812847e-01
1.56415671e-01
1.61761561e-01
1.66920292e-01
1.71940124e-01
1.76851581e-01
1.81671418e-01
1.86406624e-01
1.91057762e-01
1.95621820e-01
2.00094213e-01
2.04470280e-01
2.08746094e-01
2.12918959e-01
2.16987455e-01
2.20951358e-01
2.24811310e-01
2.28568471e-01
2.32224067e-01
2.35778996e-01
2.39233429e-01
2.42586525e-01
2.45836230e-01
2.48979212e-01
2.52010940e-01
2.54925856e-01
2.57717637e-01
2.60379338e-01
2.62903351e-01
2.65280757e-01
2.67499891e-01
2.69543503e-01
2.71384328e-01
2.72978493e-01
2.74256934e-01
2.75114872e-01
2.75400572e-01
2.74904692e-01
2.73352895e-01
2.70404221e-01
2.65658555e-01
2.58675273e-01
2.49004680e-01
2.36231079e-01
2.20024313e-01
2.00192829e-01
1.76729095e-01
1.49835679e-01
1.19921047e-01
8.75566313e-02
5.33945212e-02
1.80519715e-02
1.32050367e-02
3.64602470e-02
5.68542249e-02
7.46505340e-02
9.01148195e-02
1.03505377e-01
1.15074635e-01
1.25069752e-01
1.33730765e-01
1.41286324e-01
1.47948423e-01
1.53907153e-01
1.59326824e-01
1.64343755e-01
1.69066262e-01
1.73576283e-01
1.77932566e-01
1.82174493e-01
1.86326361e-01
1.90401313e-01
1.94404979e-01
1.98338308e-01
2.02199904e-01
2.05987552e-01
2.09699368e-01
2.13334345e-01
2.16892706e-01
2.20375877e-01
2.23786419e-01
2.27127749e-01
2.30403911e-01
2.33619282e-01
2.36778379e-01
2.39885730e-01
2.42945892e-01
2.45963620e-01
2.48944191e-01
2.51893881e-01
2.54820456e-01
2.57733596e-01
2.60644879e-01
2.63567089e-01
2.66512177e-01
2.69487485e-01
2.72489432e-01
2.75494417e-01
2.78446534e-01
2.81242825e-01
2.83716929e-01
2.85623608e-01
2.86626795e-01
2.86295191e-01
2.84108848e-01
2.79480462e-01
2.71792956e-01
2.60453378e-01
2.44958988e-01
2.24967972e-01
2.00362247e-01
1.71287544e-01
1.38155517e-01
1.01598077e-01
6.23741737e-02
2.12398953e-02
1.49007159e-02
4.09766809e-02
6.35928108e-02
8.30383530e-02
9.96392605e-02
1.13731388e-01
1.25647521e-01
1.35708860e-01
1.44218574e-01
1.51456580e-01
1.57675064e-01
1.63095232e-01
1.67905329e-01
1.72260454e-01
1.76283830e-01
1.80069668e-01
1.83686861e-01
1.87183414e-01
1.90590796e-01
1.93928212e-01
1.97206195e-01
2.00429731e-01
2.03600558e-01
2.06719009e-01
2.09785154e-01
2.12799656e-01
2.15764151e-01
2.18681509e-01
2.21555808e-01
2.24392315e-01
2.27197343e-01
2.29978196e-01
2.32743125e-01
2.35501452e-01
2.38263832e-01
2.41042740e-01
2.43853162e-01
2.46713466e-01
2.49646367e-01
2.52679734e-01
2.55846975e-01
2.59186377e-01
2.62738888e-01
2.66543355e-01
2.70628589e-01
2.75001380e-01
2.79630449e-01
2.84426546e-01
2.89220481e-01
2.93741332e-01
2.97598833e-01
3.00273984e-01
3.01122951e-01
2.99398254e-01
2.94290833e-01
2.84993473e-01
2.70783003e-01
2.51112514e-01
2.25699310e-01
1.94588346e-01
1.58170236e-01
1.17137750e-01
7.23787529e-02
2.48181654e-02
1.66618372e-02
4.56746194e-02
7.06115305e-02
9.17817314e-02
1.09566410e-01
1.24376503e-01
1.36626168e-01
1.46714374e-01
1.55012858e-01
1.61858440e-01
1.67548716e-01
1.72340022e-01
1.76447545e-01
1.80046921e-01
1.83277384e-01
1.86245755e-01
1.89031245e-01
1.91690303e-01
1.94261525e-01
1.96769968e-01
1.99231069e-01
2.01653708e-01
2.04042791e-01
2.06401042e-01
2.08730432e-01
2.11033026e-01
2.13311645e-01
2.15570147e-01
2.17813679e-01
2.20048716e-01
2.22283175e-01
2.24526485e-01
2.26789818e-01
2.29086430e-01
2.31432267e-01
2.33846816e-01
2.36354275e-01
2.38984979e-01
2.41776983e-01
2.44777566e-01
2.48044174e-01
2.51644257e-01
2.55652969e-01
2.60147850e-01
2.65199155e-01
2.70855145e-01
2.77121712e-01
2.83937151e-01
2.91143523e-01
2.98457951e-01
3.05447660e-01
3.11514074e-01
3.15891031e-01
3.17662993e-01
3.15807769e-01
3.09267283e-01
2.97045242e-01
2.78324726e-01
2.52589020e-01
2.19720532e-01
1.80046902e-01
1.34308113e-01
8.35343274e-02
2.88471673e-02
1.85100393e-02
5.06013926e-02
7.79650611e-02
1.00928288e-01
1.19927740e-01
1.35451729e-01
1.47999775e-01
1.58053965e-01
1.66060339e-01
1.72418304e-01
1.77475689e-01
1.81527964e-01
1.84820055e-01
1.87550179e-01
1.89874688e-01
1.91913755e-01
1.93757106e-01
1.95469810e-01
1.97097480e-01
1.98671060e-01
2.00210734e-01
2.01729289e-01
2.03234618e-01
2.04731780e-01
2.06224370e-01
2.07715639e-01
2.09209141e-01
2.10709289e-01
2.12221626e-01
2.13753144e-01
2.15312479e-01
2.16910257e-01
2.18559502e-01
2.20276315e-01
2.22080806e-01
2.23998417e-01
2.26061654e-01
2.28312218e-01
2.30803428e-01
2.33602622e-01
2.36793077e-01
2.40474537e-01
2.44761341e-01
2.49776601e-01
2.55641125e-01
2.62455683e-01
2.70276345e-01
2.79083297e-01
2.88745494e-01
2.98984229e-01
3.09340351e-01
3.19149884e-01
3.27534138e-01
3.33410356e-01
3.35530316e-01
3.32553043e-01
3.23155395e-01
3.06176172e-01
2.80777943e-01
2.46595195e-01
2.03826023e-01
1.53223620e-01
9.59626112e-02
3.33880068e-02
2.04701616e-02
5.58127972e-02
8.57198786e-02
1.10537806e-01
1.30764086e-01
1.46971781e-01
1.59753939e-01
1.69683636e-01
1.77288462e-01
1.83036468e-01
1.87330737e-01
1.90509569e-01
1.92850451e-01
1.94575952e-01
1.95860815e-01
1.96839162e-01
1.97611683e-01
1.98252124e-01
1.98813241e-01
1.99331745e-01
1.99832594e-01
2.00332304e-01
2.00841710e-01
2.01367942e-01
2.01916042e-01
2.02490032e-01
2.03093815e-01
2.03731721e-01
2.04409048e-01
2.05132417e-01
2.05910246e-01
2.06753213e-01
2.07674985e-01
2.08693147e-01
2.09830573e-01
2.11117244e-01
2.12592661e-01
2.14308827e-01
2.16333711e-01
2.18754882e-01
2.21682656e-01
2.25251817e-01
2.29620348e-01
2.34963492e-01
2.41461081e-01
2.49276829e-01
2.58528865e-01
2.69252765e-01
2.81359363e-01
2.94591331e-01
3.08482422e-01
3.22324182e-01
3.35144951e-01
3.45708389e-01
3.52540437e-01
3.53996169e-01
3.48376037e-01
3.34094584e-01
3.09888802e-01
2.75031502e-01
2.29491494e-01
1.73972437e-01
1.09778686e-01
3.85030643e-02
2.25719725e-02
6.13760999e-02
9.39564654e-02
1.20682684e-01
1.42124027e-01
1.58951854e-01
1.71865984e-01
1.81542142e-01
1.88598796e-01
1.93579902e-01
1.96948989e-01
1.99090977e-01
2.00318338e-01
2.00879703e-01
2.00969098e-01
2.00735231e-01
2.00289924e-01
1.99715776e-01
1.99072569e-01
1.98402790e-01
1.97735967e-01
1.97092283e-01
1.96485251e-01
1.95923915e-01
1.95414387e-01
1.94961139e-01
1.94567854e-01
1.94238222e-01
1.93976475e-01
1.93787998e-01
1.93679869e-01
1.93661614e-01
1.93746097e-01
1.93950847e-01
1.94299797e-01
1.94825722e-01
1.95573404e-01
1.96603650e-01
1.97998055e-01
1.99864155e-01
2.02340281e-01
2.05598748e-01
2.09845593e-01
2.15314374e-01
2.22251771e-01
2.30893107e-01
2.41427860e-01
2.53956766e-01
2.68444187e-01
2.84669287e-01
3.02179532e-01
3.20248733e-01
3.37843340e-01
3.53603042e-01
3.65847397e-01
3.72624656e-01
3.71821890e-01
3.61349789e-01
3.39399191e-01
3.04734931e-01
2.56954282e-01
1.96607859e-01
1.25088941e-01
4.42566117e-02
2.48525952e-02
6.73744744e-02
1.02773120e-01
1.31449261e-01
1.54062178e-01
1.71402827e-01
1.84297791e-01
1.93541804e-01
1.99856645e-01
2.03870812e-01
2.06114158e-01
2.07021815e-01
2.06943522e-01
2.06155106e-01
2.04870562e-01
2.03253298e-01
2.01426325e-01
1.99480833e-01
1.97483485e-01
1.95482185e-01
1.93510837e-01
1.91592915e-01
1.89744390e-01
1.87975810e-01
1.86294051e-01
1.84703508e-01
1.83207167e-01
1.81807342e-01
1.80506441e-01
1.79307580e-01
1.78215369e-01
1.77236757e-01
1.76382244e-01
1.75667452e-01
1.75115394e-01
1.74759500e-01
1.74647738e-01
1.74847862e-01
1.75453813e-01
1.76592887e-01
1.78432735e-01
1.81186539e-01
1.85113723e-01
1.90513120e-01
1.97705433e-01
2.07003638e-01
2.18672202e-01
2.32879179e-01
2.49645691e-01
2.68796501e-01
2.89911836e-01
3.12279562e-01
3.34847318e-01
3.56179965e-01
3.74434910e-01
3.87377902e-01
3.92468481e-01
3.87044780e-01
3.68621099e-01
3.35274173e-01
2.86034369e-01
2.21139186e-01
1.41989340e-01
5.07158674e-02
2.73599563e-02
7.39133987e-02
1.12291355e-01
1.42939725e-01
1.66636418e-01
1.84324071e-01
1.96984739e-01
2.05554807e-01
2.10875397e-01
2.13670191e-01
2.14541709e-01
2.13978936e-01
2.12370528e-01
2.10020210e-01
2.07161829e-01
2.03973196e-01
2.00587849e-01
1.97105002e-01
1.93597428e-01
1.90117873e-01
1.86703900e-01
1.83381772e-01
1.80169273e-01
1.77078005e-01
1.74114987e-01
1.71284038e-01
1.68586731e-01
1.66023321e-01
1.63593428e-01
1.61296860e-01
1.59134379e-01
1.57108790e-01
1.55226270e-01
1.53498337e-01
1.51944527e-01
1.50596250e-01
1.49501989e-01
1.48734235e-01
1.48398126e-01
1.48641427e-01
1.49664593e-01
1.51728395e-01
1.55155299e-01
1.60319845e-01
1.67624510e-01
1.77460757e-01
1.90160385e-01
2.05944913e-01
2.24879595e-01
2.46832048e-01
2.71430258e-01
2.98012207e-01
3.25563336e-01
3.52644748e-01
3.77326311e-01
3.97151220e-01
4.09172996e-01
4.10113423e-01
3.96681931e-01
3.66055790e-01
3.16440065e-01
2.47521546e-01
1.60564518e-01
5.79528749e-02
3.01578977e-02
8.11297158e-02
1.22663140e-01
1.55273755e-01
1.79902710e-01
1.97691655e-01
2.09818774e-01
2.17392484e-01
2.21393861e-01
2.22654298e-01
2.21855978e-01
2.19544891e-01
2.16149673e-01
2.12001585e-01
2.07353457e-01
2.02396128e-01
1.97272331e-01
1.92087762e-01
1.86919978e-01
1.81825132e-01
1.76843285e-01
1.72002261e-01
1.67320718e-01
1.62810282e-01
1.58477329e-01
1.54324177e-01
1.50350188e-01
1.46552518e-01
1.42926929e-01
1.39468463e-01
1.36172340e-01
1.33034970e-01
1.30055513e-01
1.27238007e-01
1.24594658e-01
1.22150556e-01
1.19950545e-01
1.18068656e-01
1.16620511e-01
1.15778171e-01
1.15785461e-01
1.16969239e-01
1.19739232e-01
1.24568458e-01
1.31950672e-01
1.42342187e-01
1.56104666e-01
1.73464422e-01
1.94489615e-01
2.19073225e-01
2.46904543e-01
2.77417075e-01
3.09707501e-01
3.42429055e-01
3.73672046e-01
4.00860038e-01
4.20710101e-01
4.29326987e-01
4.22507002e-01
3.96295379e-01
3.47742681e-01
2.75643972e-01
1.80888196e-01
6.60480141e-02
3.33338675e-02
8.92045278e-02
1.34079883e-01
1.68588516e-01
1.93904614e-01
2.11438664e-01
2.22621637e-01
2.28774292e-01
2.31043171e-01
2.30381947e-01
2.27559445e-01
2.23181176e-01
2.17715498e-01
2.11519722e-01
2.04863342e-01
1.97947809e-01
1.90922378e-01
1.83896779e-01
1.76950816e-01
1.70141838e-01
1.63510177e-01
1.57083364e-01
1.50879079e-01
1.44907493e-01
1.39172815e-01
1.33674610e-01
1.28408604e-01
1.23367467e-01
1.18541288e-01
1.13918172e-01
1.09484755e-01
1.05227091e-01
1.01131864e-01
9.71885892e-02
9.33931081e-02
8.97534925e-02
8.62993372e-02
8.30961932e-02
8.02664852e-02
7.80173654e-02
7.66715574e-02
7.66885935e-02
7.86526755e-02
8.32047351e-02
9.09298400e-02
1.02258737e-01
1.17439984e-01
1.36574814e-01
1.59661925e-01
1.86610883e-01
2.17212921e-01
2.51070996e-01
2.87491993e-01
3.25342022e-01
3.62871438e-01
3.97530877e-01
4.25828127e-01
4.43312288e-01
4.44804030e-01
4.24982614e-01
3.79343227e-01
3.05313722e-01
2.03025651e-01
7.50962787e-02
3.70108501e-02
9.83814086e-02
1.46782627e-01
1.83033697e-01
2.08652546e-01
2.25421351e-01
2.35102314e-01
2.39280620e-01
2.39299116e-01
2.36249523e-01
2.30993785e-01
2.24197851e-01
2.16368023e-01
2.07884383e-01
1.99029471e-01
1.90011459e-01
1.80982538e-01
1.72052904e-01
1.63301500e-01
1.54783873e-01
1.46538150e-01
1.38589260e-01
1.30952161e-01
1.23633985e-01
1.16635721e-01
1.09953175e-01
1.03577721e-01
9.74965175e-02
9.16926236e-02
8.61446740e-02
8.08265362e-02
7.57066709e-02
7.07477358e-02
6.59064127e-02
6.11344515e-02
5.63818095e-02
5.16046151e-02
4.67825102e-02
4.19559418e-02
3.73042061e-02
3.32988596e-02
3.09276858e-02
3.16980519e-02
3.68527934e-02
4.65496370e-02
6.03325276e-02
7.78447135e-02
9.89752250e-02
1.23765230e-01
1.52301740e-01
1.84625552e-01
2.20634959e-01
2.59963959e-01
3.01818100e-01
3.44757860e-01
3.86436994e-01
4.23336295e-01
4.50587958e-01
4.62050796e-01
4.50836740e-01
4.10424689e-01
3.36232632e-01
2.27038492e-01
8.52183809e-02
4.13662891e-02
1.08991938e-01
1.61071014e-01
1.98755018e-01
2.24083110e-01
2.39360848e-01
2.46788547e-01
2.48281537e-01
2.45414241e-01
2.39432360e-01
2.31295531e-01
2.21729050e-01
2.11273341e-01
2.00326818e-01
1.89180628e-01
1.78046043e-01
1.67075277e-01
1.56377315e-01
1.46029542e-01
1.36086517e-01
1.26586263e-01
1.17555067e-01
1.09010818e-01
1.00965583e-01
9.34272330e-02
8.64006185e-02
7.98879337e-02
7.38886463e-02
6.83985056e-02
6.34079843e-02
5.88996974e-02
5.48453643e-02
5.12022116e-02
4.79098918e-02
4.48883349e-02
4.20380282e-02
3.92434988e-02
3.63823371e-02
3.33434529e-02
3.00657094e-02
2.66247391e-02
2.34348261e-02
2.16309992e-02
2.31750886e-02
2.94811154e-02
4.03844672e-02
5.53255038e-02
7.40898087e-02
9.67432644e-02
1.23476608e-01
1.54496260e-01
1.89928773e-01
2.29703372e-01
2.73382992e-01
3.19919598e-01
3.67320968e-01
4.12248851e-01
4.49633369e-01
4.72491593e-01
4.72248232e-01
4.39879422e-01
3.67956291e-01
2.52990955e-01
9.65800206e-02
4.66630646e-02
1.21490369e-01
1.77304375e-01
2.15851959e-01
2.39980883e-01
2.52742274e-01
2.56917284e-01
2.54830670e-01
2.48326253e-01
2.38817513e-01
2.27363672e-01
2.14746225e-01
2.01535869e-01
1.88146720e-01
1.74878693e-01
1.61949599e-01
1.49519364e-01
1.37707924e-01
1.26608682e-01
1.16298250e-01
1.06843591e-01
9.83064371e-02
9.07453109e-02
8.42143299e-02
7.87587719e-02
7.44070483e-02
7.11608203e-02
6.89857495e-02
6.78070880e-02
6.75123009e-02
6.79607209e-02
6.89964689e-02
7.04608266e-02
7.22008983e-02
7.40742793e-02
7.59503610e-02
7.77101791e-02
7.92461697e-02
8.04636789e-02
8.12856646e-02
8.16630077e-02
8.15933814e-02
8.11534656e-02
8.05500398e-02
8.01936438e-02
8.07846426e-02
8.33652718e-02
8.92451558e-02
9.97430044e-02
1.15873817e-01
1.38219318e-01
1.67010578e-01
2.02231499e-01
2.43590739e-01
2.90321097e-01
3.40806440e-01
3.92047268e-01
4.39026384e-01
4.74159017e-01
4.87205207e-01
4.66194891e-01
3.99817681e-01
2.80953039e-01
1.09425325e-01
5.33016904e-02
1.36497200e-01
1.95877332e-01
2.34280512e-01
2.55829519e-01
2.64641690e-01
2.64262485e-01
2.57516004e-01
2.46551639e-01
2.32960789e-01
2.17902676e-01
2.02215349e-01
1.86505059e-01
1.71215216e-01
1.56677938e-01
1.43151967e-01
1.30849180e-01
1.19951354e-01
1.10616774e-01
1.02976367e-01
9.71192869e-02
9.30723258e-02
9.07818231e-02
9.01095981e-02
9.08482023e-02
9.27509489e-02
9.55644457e-02
9.90535327e-02
1.03014479e-01
1.07278364e-01
1.11708128e-01
1.16192829e-01
1.20641062e-01
1.24974837e-01
1.29124187e-01
1.33022827e-01
1.36604742e-01
1.39801921e-01
1.42543239e-01
1.44754979e-01
1.46363422e-01
1.47300641e-01
1.47514936e-01
1.46988629e-01
1.45767076e-01
1.44004904e-01
1.42036701e-01
1.40477032e-01
1.40338719e-01
1.43114855e-01
1.50706844e-01
1.65091895e-01
1.87826634e-01
2.19684019e-01
2.60535002e-01
3.09231575e-01
3.63209928e-01
4.17738596e-01
4.64967952e-01
4.93214566e-01
4.87275153e-01
4.30779254e-01
3.10985702e-01
1.24134851e-01
6.19108159e-02
1.54841905e-01
2.17126329e-01
2.53640215e-01
2.70532842e-01
2.73435749e-01
2.66880791e-01
2.54283584e-01
2.38130256e-01
2.20200994e-01
2.01768509e-01
1.83755249e-01
1.66850720e-01
1.51593408e-01
1.38420500e-01
1.27684791e-01
1.19638962e-01
1.14395500e-01
1.11887669e-01
1.11864988e-01
1.13939301e-01
1.17662200e-01
1.22598098e-01
1.28369541e-01
1.34673534e-01
1.41278743e-01
1.48014185e-01
1.54755916e-01
1.61414906e-01
1.67926954e-01
1.74244741e-01
1.80331546e-01
1.86156327e-01
1.91689720e-01
1.96900783e-01
2.01754226e-01
2.06208115e-01
2.10211941e-01
2.13705206e-01
2.16616569e-01
2.18863908e-01
2.20355626e-01
2.20993971e-01
2.20681378e-01
2.19331745e-01
2.16889577e-01
2.13362171e-01
2.08873066e-01
2.03749554e-01
1.98659919e-01
1.94807333e-01
1.94137878e-01
1.99394597e-01
2.13720231e-01
2.39702825e-01
2.78332016e-01
3.28364860e-01
3.85815460e-01
4.43008504e-01
4.87266945e-01
5.00175956e-01
4.59147016e-01
3.43066131e-01
1.41325651e-01
7.35061847e-02
1.77562391e-01
2.41060653e-01
2.72723190e-01
2.81906373e-01
2.76346267e-01
2.61804537e-01
2.42374362e-01
2.20917678e-01
1.99453291e-01
1.79451681e-01
1.62032569e-01
1.48062826e-01
1.38151533e-01
1.32565242e-01
1.31147157e-01
1.33347564e-01
1.38386447e-01
1.45453061e-01
1.53842505e-01
1.63005946e-01
1.72544515e-01
1.82180881e-01
1.91728363e-01
2.01064959e-01
2.10113713e-01
2.18828458e-01
2.27183651e-01
2.35167064e-01
2.42774456e-01
2.50005556e-01
2.56860933e-01
2.63339402e-01
2.69435811e-01
2.75139007e-01
2.80429962e-01
2.85279948e-01
2.89648814e-01
2.93483339e-01
2.96715780e-01
2.99262677e-01
3.01024165e-01
3.01884011e-01
3.01710927e-01
3.00361838e-01
2.97688528e-01
2.93549874e-01
2.87833983e-01
2.80497806e-01
2.71638263e-01
2.61619179e-01
2.51291600e-01
2.42344238e-01
2.37739354e-01
2.41889351e-01
2.59793256e-01
2.94764642e-01
3.46032332e-01
4.07394651e-01
4.66014508e-01
5.00765351e-01
4.82033923e-01
3.76842937e-01
1.62016575e-01
8.97620441e-02
2.05712485e-01
2.66664545e-01
2.88592702e-01
2.85815496e-01
2.68875401e-01
2.45005385e-01
2.19094435e-01
1.94530928e-01
1.73776797e-01
1.58623819e-01
1.50119780e-01
1.48333546e-01
1.52350950e-01
1.60692829e-01
1.71854209e-01
1.84619820e-01
1.98127139e-01
2.11807347e-01
2.25302417e-01
2.38396045e-01
2.50964535e-01
2.62943960e-01
2.74308660e-01
2.85057206e-01
2.95203131e-01
3.04768730e-01
3.13780795e-01
3.22267588e-01
3.30256585e-01
3.37772695e-01
3.44836743e-01
3.51464100e-01
3.57663339e-01
3.63434891e-01
3.68769615e-01
3.73647316e-01
3.78035147e-01
3.81885964e-01
3.85136599e-01
3.87706160e-01
3.89494367e-01
3.90380090e-01
3.90220194e-01
3.88849022e-01
3.86078918e-01
3.81702711e-01
3.75499716e-01
3.67248523e-01
3.56752924e-01
3.43894125e-01
3.28735763e-01
3.11734390e-01
2.94149184e-01
2.78765190e-01
2.70829786e-01
2.78123691e-01
3.07863065e-01
3.60724404e-01
4.26725356e-01
4.83482781e-01
4.94420137e-01
4.10950057e-01
1.87860620e-01
1.13403095e-01
2.39498831e-01
2.90194931e-01
2.94843121e-01
2.75065810e-01
2.44955436e-01
2.13580952e-01
1.87055623e-01
1.69551896e-01
1.63117151e-01
1.67114882e-01
1.78864323e-01
1.95287264e-01
2.13992032e-01
2.33439971e-01
2.52731174e-01
2.71370352e-01
2.89103342e-01
3.05816718e-01
3.21478510e-01
3.36103413e-01
3.49732206e-01
3.62419463e-01
3.74226108e-01
3.85214880e-01
3.95447501e-01
4.04982890e-01
4.13875979e-01
4.22176870e-01
4.29930167e-01
4.37174360e-01
4.43941205e-01
4.50255026e-01
4.56131927e-01
4.61578858e-01
4.66592557e-01
4.71158312e-01
4.75248584e-01
4.78821453e-01
4.81818927e-01
4.84165087e-01
4.85764133e-01
4.86498281e-01
4.86225603e-01
4.84777762e-01
4.81957774e-01
4.77537850e-01
4.71257701e-01
4.62824030e-01
4.51913130e-01
4.38180929e-01
4.21290917e-01
4.00984137e-01
3.77247938e-01
3.50712099e-01
3.23536175e-01
3.01134245e-01
2.94148806e-01
3.16050166e-01
3.71017698e-01
4.42046600e-01
4.87766083e-01
4.41271833e-01
2.21278575e-01
1.48341871e-01
2.75293057e-01
3.01388948e-01
2.79232140e-01
2.40459962e-01
2.03954331e-01
1.81511505e-01
1.78317664e-01
1.91694209e-01
2.14877217e-01
2.42174960e-01
2.70281785e-01
2.97562544e-01
3.23288782e-01
3.47189369e-01
3.69218558e-01
3.89439105e-01
4.07963046e-01
4.24921435e-01
4.40448888e-01
4.54675831e-01
4.67724821e-01
4.79709002e-01
4.90731700e-01
5.00886552e-01
5.10257901e-01
5.18921234e-01
5.26943612e-01
5.34383992e-01
5.41293434e-01
5.47715165e-01
5.53684486e-01
5.59228514e-01
5.64365754e-01
5.69105493e-01
5.73447018e-01
5.77378650e-01
5.80876593e-01
5.83903609e-01
5.86407492e-01
5.88319377e-01
5.89551824e-01
5.89996709e-01
5.89522826e-01
5.87973175e-01
5.85161761e-01
5.80869770e-01
5.74840798e-01
5.66774857e-01
5.56320788e-01
5.43067166e-01
5.26532934e-01
5.06163030e-01
4.81345289e-01
4.51496110e-01
4.16347877e-01
3.76798833e-01
3.37191496e-01
3.10067776e-01
3.18415573e-01
3.75121465e-01
4.49178555e-01
4.57044793e-01
2.64560676e-01
1.96901059e-01
2.96701347e-01
2.77865303e-01
2.29419416e-01
1.97306414e-01
2.00491068e-01
2.30678969e-01
2.71505737e-01
3.13524341e-01
3.53038170e-01
3.88926977e-01
4.21074227e-01
4.49727325e-01
4.75243679e-01
4.97991032e-01
5.18310487e-01
5.36505315e-01
5.52840184e-01
5.67544325e-01
5.80815838e-01
5.92826026e-01
6.03723305e-01
6.13636573e-01
6.22678026e-01
6.30945482e-01
6.38524268e-01
6.45488724e-01
6.51903379e-01
6.57823841e-01
6.63297429e-01
6.68363576e-01
6.73054023e-01
6.77392810e-01
6.81396088e-01
6.85071745e-01
6.88418861e-01
6.91426993e-01
6.94075294e-01
6.96331461e-01
6.98150527e-01
6.99473469e-01
7.00225641e-01
7.00314981e-01
6.99629950e-01
6.98037087e-01
6.95378034e-01
6.91465720e-01
6.86079307e-01
6.78957151e-01
6.69786774e-01
6.58190189e-01
6.43702311e-01
6.25739396e-01
6.03554634e-01
5.76181946e-01
5.42387701e-01
5.00719797e-01
4.49990126e-01
3.91359842e-01
3.35464685e-01
3.16445081e-01
3.69608422e-01
4.34259298e-01
3.14117724e-01
2.40028855e-01
2.59882114e-01
2.21634378e-01
2.44167582e-01
3.08673560e-01
3.77503118e-01
4.38364732e-01
4.89632830e-01
5.32408020e-01
5.68217380e-01
5.98426012e-01
6.24132418e-01
6.46193003e-01
6.65271814e-01
6.81886591e-01
6.96445133e-01
7.09272450e-01
7.20630695e-01
7.30733743e-01
7.39757925e-01
7.47849998e-01
7.55133135e-01
7.61711447e-01
7.67673462e-01
7.73094777e-01
7.78040121e-01
7.82564926e-01
7.86716539e-01
7.90535107e-01
7.94054232e-01
7.97301394e-01
8.00298197e-01
8.03060440e-01
8.05598047e-01
8.07914847e-01
8.10008228e-01
8.11868667e-01
8.13479138e-01
8.14814408e-01
8.15840215e-01
8.16512339e-01
8.16775536e-01
8.16562335e-01
8.15791627e-01
8.14366993e-01
8.12174608e-01
8.09080504e-01
8.04926800e-01
7.99526298e-01
7.92654426e-01
7.84036899e-01
7.73330381e-01
7.60091636e-01
7.43727547e-01
7.23413245e-01
6.97957587e-01
6.65586330e-01
6.23621043e-01
5.68154857e-01
4.94549852e-01
4.03101349e-01
3.25915112e-01
3.45051691e-01
3.37090850e-01
1.74352722e-01
3.57738213e-01
5.17331939e-01
6.27194951e-01
7.00152588e-01
7.49722178e-01
7.84749784e-01
8.10533756e-01
8.30222310e-01
8.45724925e-01
8.58238252e-01
8.68540811e-01
8.77158670e-01
8.84460271e-01
8.90712149e-01
8.96112664e-01
9.00813098e-01
9.04931255e-01
9.08560518e-01
9.11776030e-01
9.14639044e-01
9.17200028e-01
9.19500943e-01
9.21576920e-01
9.23457526e-01
9.25167713e-01
9.26728529e-01
9.28157655e-01
9.29469797e-01
9.30676956e-01
9.31788611e-01
9.32811813e-01
9.33751210e-01
9.34609008e-01
9.35384875e-01
9.36075794e-01
9.36675862e-01
9.37176049e-01
9.37563919e-01
9.37823303e-01
9.37933937e-01
9.37871063e-01
9.37604969e-01
9.37100467e-01
9.36316263e-01
9.35204156e-01
9.33707970e-01
9.31762042e-01
9.29288978e-01
9.26196232e-01
9.22370715e-01
9.17670148e-01
9.11908849e-01
9.04833814e-01
8.96083240e-01
8.85111949e-01
8.71051132e-01
8.52430044e-01
8.26590396e-01
7.88395531e-01
7.27436466e-01
6.23409543e-01
4.48905102e-01
2.27858496e-01
SCALARS pressure double 1
LOOKUP_TABLE default
-7.05292217e-01
-7.05871215e-01
-7.06190225e-01
-7.06481443e-01
-7.06756110e-01
-7.07008313e-01
-7.07228568e-01
-7.07408256e-01
-7.07541078e-01
-7.07622735e-01
-7.07650885e-01
-7.07624349e-01
-7.07543132e-01
-7.07407683e-01
-7.07219127e-01
-7.06978589e-01
-7.06687615e-01
-7.06347522e-01
-7.05959954e-01
-7.05526242e-01
-7.05048057e-01
-7.04526749e-01
-7.03964073e-01
-7.03361500e-01
-7.02720995e-01
-7.02044286e-01
-7.01333682e-01
-7.00591307e-01
-6.99819938e-01
-6.99022208e-01
-6.98201456e-01
-6.97360909e-01
-6.96504526e-01
-6.95636166e-01
-6.94760424e-01
-6.93881788e-01
-6.93005452e-01
-6.92136470e-01
-6.91280546e-01
-6.90443174e-01
-6.89630403e-01
-6.88847974e-01
-6.88102037e-01
-6.87398300e-01
-6.86742685e-01
-6.86140495e-01
-6.85597004e-01
-6.85116647e-01
-6.84703537e-01
-6.84360686e-01
-6.84090446e-01
-6.83893762e-01
-6.83770525e-01
-6.83718850e-01
-6.83735302e-01
-6.83814146e-01
-6.83947335e-01
-6.84123515e-01
-6.84327357e-01
-6.84537475e-01
-6.84723285e-01
-6.84837973e-01
-6.84805317e-01
-6.84320372e-01
-7.05753462e-01
-7.06080111e-01
-7.06298575e-01
-7.06531179e-01
-7.06759206e-01
-7.06970427e-01
-7.07154664e-01
-7.07303884e-01
-7.07411823e-01
-7.07474302e-01
-7.07488408e-01
-7.07452758e-01
-7.07366556e-01
-7.07230041e-01
-7.07043524e-01
-7.06808047e-01
-7.06524411e-01
-7.06194006e-01
-7.05817816e-01
-7.05397390e-01
-7.04933801e-01
-7.04428736e-01
-7.03883392e-01
-7.03299657e-01
-7.02678953e-01
-7.02023475e-01
-7.01334986e-01
-7.00616099e-01
-6.99869026e-01
-6.99096894e-01
-6.98302449e-01
-6.97489396e-01
-6.96661070e-01
-6.95821777e-01
-6.94975453e-01
-6.94126988e-01
-6.93280878e-01
-6.92442523e-01
-6.91616885e-01
-6.90809737e-01
-6.90026341e-01
-6.89272638e-01
-6.88553948e-01
-6.87876092e-01
-6.87244124e-01
-6.86663377e-01
-6.86138230e-01
-6.85673070e-01
-6.85271116e-01
-6.84935274e-01
-6.84667039e-01
-6.84467235e-01
-6.84334987e-01
-6.84268340e-01
-6.84263286e-01
-6.84314209e-01
-6.84412905e-01
-6.84548733e-01
-6.84707468e-01
-6.84870944e-01
-6.85015741e-01
-6.85113592e-01
-6.85136883e-01
-6.84911364e-01
-7.05777300e-01
-7.06051852e-01
-7.06220167e-01
-7.06412794e-01
-7.06606626e-01
-7.06786961e-01
-7.06943539e-01
-7.07068429e-01
-7.07156040e-01
-7.07202043e-01
-7.07203879e-01
-7.07159590e-01
-7.07068560e-01
-7.06930235e-01
-7.06745113e-01
-7.06513371e-01
-7.06236087e-01
-7.05913783e-01
-7.05547842e-01
-7.05138960e-01
-7.04688730e-01
-7.04197995e-01
-7.03668571e-01
-7.03101506e-01
-7.02498914e-01
-7.01862141e-01
-7.01193689e-01
-7.00495306e-01
-6.99769969e-01
-6.99019918e-01
-6.98248670e-01
-6.97459017e-01
-6.96655057e-01
-6.95840159e-01
-6.95018995e-01
-6.94195493e-01
-6.93374849e-01
-6.92561479e-01
-6.91760989e-01
-6.90978151e-01
-6.90218808e-01
-6.89487883e-01
-6.88791202e-01
-6.88133560e-01
-6.87520438e-01
-6.86956144e-01
-6.86445407e-01
-6.85991609e-01
-6.85598252e-01
-6.85267293e-01
-6.85000470e-01
-6.84797764e-01
-6.84658569e-01
-6.84580291e-01
-6.84559347e-01
-6.84589901e-01
-6.84664668e-01
-6.84773796e-01
-6.84905505e-01
-6.85045350e-01
-6.85177396e-01
-6.85285856e-01
-6.85361623e-01
-6.85237243e-01
-7.05663477e-01
-7.05957151e-01
-7.06117427e-01
-7.06293581e-01
-7.06468028e-01
-7.06628409e-01
-7.06765390e-01
-7.06872354e-01
-7.06943999e-01
-7.06976930e-01
-7.06968305e-01
-7.06916812e-01
-7.06821149e-01
-7.06681295e-01
-7.06496834e-01
-7.06268492e-01
-7.05996316e-01
-7.05681462e-01
-7.05324224e-01
-7.04926038e-01
-7.04487375e-01
-7.04009928e-01
-7.03494364e-01
-7.02942674e-01
-7.02355797e-01
-7.01736095e-01
-7.01084870e-01
-7.00404936e-01
-6.99698045e-01
-6.98967530e-01
-6.98215665e-01
-6.97446344e-01
-6.96662402e-01
-6.95868305e-01
-6.95067448e-01
-6.94264837e-01
-6.93464380e-01
-6.92671537e-01
-6.91890626e-01
-6.91127412e-01
-6.90386457e-01
-6.89673611e-01
-6.88993440e-01
-6.88351592e-01
-6.87752315e-01
-6.87200690e-01
-6.86700258e-01
-6.86255099e-01
-6.85867596e-01
-6.85540342e-01
-6.85274074e-01
-6.85069387e-01
-6.84924867e-01
-6.84838611e-01
-6.84806581e-01
-6.84823931e-01
-6.84883626e-01
-6.84977634e-01
-6.85095962e-01
-6.85228004e-01
-6.85362647e-01
-6.85490911e-01
-6.85608668e-01
-6.85542924e-01
-7.05486834e-01
-7.05823050e-01
-7.05999066e-01
-7.06176492e-01
-7.06344771e-01
-7.06494871e-01
-7.06620050e-01
-7.06714692e-01
-7.06775054e-01
-7.06797835e-01
-7.06781313e-01
-7.06723688e-01
-7.06624564e-01
-7.06483049e-01
-7.06299568e-01
-7.06073742e-01
-7.05806495e-01
-7.05497727e-01
-7.05148698e-01
-7.04759496e-01
-7.04331662e-01
-7.03865473e-01
-7.03362773e-01
-7.02824086e-01
-7.02251620e-01
-7.01646228e-01
-7.01010552e-01
-7.00345864e-01
-6.99655309e-01
-6.98940650e-01
-6.98205586e-01
-6.97452425e-01
-6.96685439e-01
-6.95907500e-01
-6.95123437e-01
-6.94336661e-01
-6.93552498e-01
-6.92774822e-01
-6.92009334e-01
-6.91260238e-01
-6.90533424e-01
-6.89833223e-01
-6.89165460e-01
-6.88534313e-01
-6.87945212e-01
-6.87401836e-01
-6.86908824e-01
-6.86468942e-01
-6.86085592e-01
-6.85760174e-01
-6.85494384e-01
-6.85287809e-01
-6.85139993e-01
-6.85048314e-01
-6.85009828e-01
-6.85019468e-01
-6.85071713e-01
-6.85159207e-01
-6.85274381e-01
-6.85408756e-01
-6.85554849e-01
-6.85706589e-01
-6.85861582e-01
-6.85843569e-01
-7.05291819e-01
-7.05676583e-01
-7.05879583e-01
-7.06069709e-01
-7.06241324e-01
-7.06389331e-01
-7.06508904e-01
-7.06596682e-01
-7.06649465e-01
-7.06665541e-01
-7.06642958e-01
-7.06581189e-01
-7.06479083e-01
-7.06336897e-01
-7.06153939e-01
-7.05930966e-01
-7.05667545e-01
-7.05364770e-01
-7.05022377e-01
-7.04641747e-01
-7.04222778e-01
-7.03767151e-01
-7.03274982e-01
-7.02748302e-01
-7.02187524e-01
-7.01595103e-01
-7.00971834e-01
-7.00320665e-01
-6.99642858e-01
-6.98941906e-01
-6.98219599e-01
-6.97480011e-01
-6.96725496e-01
-6.95960706e-01
-6.95188558e-01
-6.94414238e-01
-6.93641179e-01
-6.92875010e-01
-6.92119574e-01
-6.91380789e-01
-6.90662741e-01
-6.89971415e-01
-6.89310900e-01
-6.88686955e-01
-6.88103360e-01
-6.87565287e-01
-6.87075831e-01
-6.86639159e-01
-6.86257259e-01
-6.85932847e-01
-6.85666382e-01
-6.85458706e-01
-6.85308374e-01
-6.85214037e-01
-6.85172133e-01
-6.85179036e-01
-6.85229189e-01
-6.85317076e-01
-6.85435928e-01
-6.85579641e-01
-6.85742214e-01
-6.85919648e-01
-6.86109856e-01
-6.86135861e-01
-7.05106572e-01
-7.05539293e-01
-7.05773926e-01
-7.05982903e-01
-7.06164514e-01
-7.06316051e-01
-7.06435443e-01
-7.06520294e-01
-7.06569408e-01
-7.06581111e-01
-7.06555069e-01
-7.06490156e-01
-7.06386661e-01
-7.06243773e-01
-7.06062194e-01
-7.05841274e-01
-7.05582007e-01
-7.05283841e-01
-7.04948022e-01
-7.04574108e-01
-7.04163618e-01
-7.03716278e-01
-7.03233941e-01
-7.02716585e-01
-7.02166470e-01
-7.01583922e-01
-7.00971679e-01
-7.00330505e-01
-6.99663680e-01
-6.98972479e-01
-6.98260766e-01
-6.97530379e-01
-6.96785780e-01
-6.96029388e-01
-6.95266242e-01
-6.94499319e-01
-6.93734162e-01
-6.92974235e-01
-6.92225464e-01
-6.91491662e-01
-6.90778951e-01
-6.90091289e-01
-6.89434735e-01
-6.88813122e-01
-6.88232112e-01
-6.87695072e-01
-6.87206881e-01
-6.86770043e-01
-6.86388226e-01
-6.86062659e-01
-6.85795381e-01
-6.85585972e-01
-6.85434506e-01
-6.85338671e-01
-6.85296433e-01
-6.85303623e-01
-6.85356329e-01
-6.85449040e-01
-6.85576820e-01
-6.85734084e-01
-6.85916569e-01
-6.86120686e-01
-6.86345032e-01
-6.86412114e-01
-7.04949962e-01
-7.05427935e-01
-7.05695078e-01
-7.05926186e-01
-7.06121462e-01
-7.06280886e-01
-7.06403543e-01
-7.06489275e-01
-7.06537151e-01
-7.06547386e-01
-7.06519208e-01
-7.06453187e-01
-7.06348629e-01
-7.06206350e-01
-7.06025651e-01
-7.05807526e-01
-7.05551249e-01
-7.05257988e-01
-7.04927030e-01
-7.04559761e-01
-7.04155559e-01
-7.03716106e-01
-7.03240971e-01
-7.02732213e-01
-7.02189705e-01
-7.01615966e-01
-7.01011270e-01
-7.00378671e-01
-6.99718933e-01
-6.99035697e-01
-6.98330283e-01
-6.97606947e-01
-6.96867604e-01
-6.96117122e-01
-6.95358011e-01
-6.94595704e-01
-6.93833260e-01
-6.93076583e-01
-6.92329181e-01
-6.91597271e-01
-6.90884640e-01
-6.90197594e-01
-6.89539968e-01
-6.88917858e-01
-6.88334837e-01
-6.87796433e-01
-6.87305588e-01
-6.86866853e-01
-6.86482143e-01
-6.86154609e-01
-6.85884754e-01
-6.85673966e-01
-6.85521044e-01
-6.85425400e-01
-6.85384056e-01
-6.85394519e-01
-6.85452336e-01
-6.85553649e-01
-6.85693369e-01
-6.85867421e-01
-6.86071523e-01
-6.86303024e-01
-6.86560146e-01
-6.86665448e-01
-7.04835589e-01
-7.05355267e-01
-7.05654382e-01
-7.05908524e-01
-7.06119900e-01
-7.06289463e-01
-7.06418482e-01
-7.06507174e-01
-7.06556633e-01
-7.06566775e-01
-7.06538712e-01
-7.06472127e-01
-7.06368152e-01
-7.06226236e-01
-7.06047518e-01
-7.05831241e-01
-7.05578593e-01
-7.05288688e-01
-7.04962835e-01
-7.04600133e-01
-7.04202115e-01
-7.03767989e-01
-7.03299621e-01
-7.02796454e-01
-7.02260787e-01
-7.01692421e-01
-7.01094171e-01
-7.00466298e-01
-6.99812203e-01
-6.99132691e-01
-6.98431791e-01
-6.97710907e-01
-6.96974714e-01
-6.96225234e-01
-6.95467764e-01
-6.94704932e-01
-6.93942580e-01
-6.93183873e-01
-6.92435077e-01
-6.91699758e-01
-6.90984414e-01
-6.90292816e-01
-6.89631429e-01
-6.89003959e-01
-6.88416509e-01
-6.87872380e-01
-6.87376926e-01
-6.86932658e-01
-6.86543767e-01
-6.86211584e-01
-6.85938739e-01
-6.85725053e-01
-6.85571308e-01
-6.85475635e-01
-6.85436902e-01
-6.85451656e-01
-6.85517138e-01
-6.85628846e-01
-6.85783153e-01
-6.85975521e-01
-6.86202676e-01
-6.86461408e-01
-6.86750196e-01
-6.86890785e-01
-7.04773497e-01
-7.05331578e-01
-7.05661031e-01
-7.05938470e-01
-7.06166610e-01
-7.06348240e-01
-7.06484954e-01
-7.06578964e-01
-7.06631147e-01
-7.06643397e-01
-7.06616031e-01
-7.06550699e-01
-7.06447217e-01
-7.06307034e-01
-7.06129536e-01
-7.05916048e-01
-7.05665645e-01
-7.05379640e-01
-7.05056943e-01
-7.04698992e-01
-7.04304692e-01
-7.03875743e-01
-7.03411199e-01
-7.02913145e-01
-7.02380932e-01
-7.01817135e-01
-7.01221523e-01
-7.00597246e-01
-6.99944595e-01
-6.99267356e-01
-6.98566414e-01
-6.97846224e-01
-6.97108311e-01
-6.96357797e-01
-6.95596853e-01
-6.94831222e-01
-6.94063682e-01
-6.93300498e-01
-6.92544962e-01
-6.91803701e-01
-6.91080356e-01
-6.90381688e-01
-6.89711454e-01
-6.89076254e-01
-6.88479652e-01
-6.87927723e-01
-6.87423480e-01
-6.86972067e-01
-6.86575556e-01
-6.86237747e-01
-6.85959406e-01
-6.85742644e-01
-6.85586653e-01
-6.85491662e-01
-6.85455237e-01
-6.85475801e-01
-6.85549567e-01
-6.85673606e-01
-6.85843455e-01
-6.86055700e-01
-6.86306245e-01
-6.86592342e-01
-6.86911493e-01
-6.87085119e-01
-7.04771677e-01
-7.05364928e-01
-7.05723207e-01
-7.06023098e-01
-7.06268614e-01
-7.06462689e-01
-7.06608721e-01
-7.06708720e-01
-7.06765533e-01
-7.06780329e-01
-7.06755464e-01
-7.06691335e-01
-7.06589867e-01
-7.06450782e-01
-7.06275677e-01
-7.06063742e-01
-7.05816395e-01
-7.05532476e-01
-7.05213396e-01
-7.04857842e-01
-7.04467386e-01
-7.04040754e-01
-7.03579836e-01
-7.03083569e-01
-7.02554292e-01
-7.01991304e-01
-7.01397497e-01
-7.00772656e-01
-7.00120309e-01
-6.99440819e-01
-6.98738400e-01
-6.98014063e-01
-6.97272724e-01
-6.96516073e-01
-6.95749707e-01
-6.94975986e-01
-6.94201115e-01
-6.93428062e-01
-6.92663514e-01
-6.91910916e-01
-6.91177248e-01
-6.90466233e-01
-6.89784877e-01
-6.89136917e-01
-6.88529050e-01
-6.87964691e-01
-6.87449840e-01
-6.86987212e-01
-6.86581697e-01
-6.86234924e-01
-6.85950285e-01
-6.85727995e-01
-6.85569654e-01
-6.85473880e-01
-6.85440384e-01
-6.85466245e-01
-6.85549479e-01
-6.85686013e-01
-6.85872724e-01
-6.86105123e-01
-6.86379819e-01
-6.86692919e-01
-6.87041864e-01
-6.87246773e-01
-7.04836413e-01
-7.05462291e-01
-7.05847500e-01
-7.06169314e-01
-7.06431663e-01
-7.06638974e-01
-7.06794407e-01
-7.06901832e-01
-7.06963425e-01
-7.06982392e-01
-7.06959904e-01
-7.06898523e-01
-7.06798489e-01
-7.06661823e-01
-7.06487991e-01
-7.06278637e-01
-7.06032666e-01
-7.05751546e-01
-7.05433851e-01
-7.05081085e-01
-7.04691718e-01
-7.04267477e-01
-7.03806939e-01
-7.03312220e-01
-7.02782180e-01
-7.02219455e-01
-7.01623341e-01
-7.00997093e-01
-7.00340560e-01
-6.99657691e-01
-6.98948977e-01
-6.98219095e-01
-6.97469236e-01
-6.96704807e-01
-6.95927715e-01
-6.95144055e-01
-6.94356415e-01
-6.93571480e-01
-6.92792430e-01
-6.92026383e-01
-6.91276947e-01
-6.90551442e-01
-6.89853677e-01
-6.89190869e-01
-6.88566727e-01
-6.87988002e-01
-6.87457942e-01
-6.86982429e-01
-6.86563864e-01
-6.86206846e-01
-6.85912564e-01
-6.85683975e-01
-6.85520773e-01
-6.85424043e-01
-6.85391869e-01
-6.85423442e-01
-6.85515379e-01
-6.85665247e-01
-6.85868635e-01
-6.86122074e-01
-6.86420871e-01
-6.86761392e-01
-6.87139683e-01
-6.87375293e-01
-7.04973168e-01
-7.05629309e-01
-7.06040161e-01
-7.06382684e-01
-7.06661910e-01
-7.06881975e-01
-7.07047707e-01
-7.07162351e-01
-7.07230052e-01
-7.07252905e-01
-7.07234248e-01
-7.07175019e-01
-7.07077801e-01
-7.06942510e-01
-7.06771141e-01
-7.06562808e-01
-7.06319143e-01
-7.06038722e-01
-7.05723053e-01
-7.05370441e-01
-7.04982500e-01
-7.04557509e-01
-7.04097386e-01
-7.03600599e-01
-7.03069531e-01
-7.02503019e-01
-7.01904040e-01
-7.01271942e-01
-7.00610389e-01
-6.99919353e-01
-6.99203244e-01
-6.98462737e-01
-6.97703013e-01
-6.96925494e-01
-6.96136112e-01
-6.95337032e-01
-6.94534871e-01
-6.93732482e-01
-6.92937037e-01
-6.92151954e-01
-6.91384768e-01
-6.90639265e-01
-6.89923074e-01
-6.89240087e-01
-6.88597692e-01
-6.87999552e-01
-6.87452427e-01
-6.86959378e-01
-6.86526121e-01
-6.86154736e-01
-6.85849494e-01
-6.85611149e-01
-6.85442206e-01
-6.85341854e-01
-6.85310644e-01
-6.85346136e-01
-6.85446956e-01
-6.85609206e-01
-6.85829883e-01
-6.86104090e-01
-6.86427787e-01
-6.86795848e-01
-6.87204134e-01
-6.87470595e-01
-7.05186477e-01
-7.05871288e-01
-7.06306252e-01
-7.06668993e-01
-7.06964196e-01
-7.07197414e-01
-7.07372896e-01
-7.07495738e-01
-7.07569059e-01
-7.07597079e-01
-7.07581592e-01
-7.07525880e-01
-7.07430474e-01
-7.07297851e-01
-7.07127489e-01
-7.06921291e-01
-7.06677968e-01
-7.06399116e-01
-7.06082980e-01
-7.05731117e-01
-7.05341589e-01
-7.04916152e-01
-7.04452936e-01
-7.03954093e-01
-7.03418034e-01
-7.02847463e-01
-7.02241243e-01
-7.01602748e-01
-7.00931433e-01
-7.00231420e-01
-6.99502862e-01
-6.98750675e-01
-6.97975775e-01
-6.97183881e-01
-6.96376700e-01
-6.95560714e-01
-6.94738392e-01
-6.93916885e-01
-6.93099342e-01
-6.92293422e-01
-6.91502792e-01
-6.90735388e-01
-6.89995171e-01
-6.89290047e-01
-6.88623971e-01
-6.88004455e-01
-6.87435099e-01
-6.86922618e-01
-6.86469871e-01
-6.86082366e-01
-6.85761855e-01
-6.85512255e-01
-6.85333895e-01
-6.85228804e-01
-6.85195673e-01
-6.85234481e-01
-6.85342228e-01
-6.85516875e-01
-6.85753897e-01
-6.86049522e-01
-6.86398166e-01
-6.86794964e-01
-6.87234148e-01
-6.87533010e-01
-7.05480670e-01
-7.06192666e-01
-7.06650987e-01
-7.07032848e-01
-7.07344046e-01
-7.07589612e-01
-7.07775486e-01
-7.07905842e-01
-7.07985848e-01
-7.08018286e-01
-7.08007260e-01
-7.07954079e-01
-7.07861830e-01
-7.07730515e-01
-7.07562423e-01
-7.07356538e-01
-7.07114638e-01
-7.06835022e-01
-7.06519261e-01
-7.06165289e-01
-7.05774746e-01
-7.05345493e-01
-7.04879476e-01
-7.04374729e-01
-7.03833691e-01
-7.03254776e-01
-7.02641056e-01
-7.01991491e-01
-7.01309894e-01
-7.00595896e-01
-6.99854121e-01
-6.99084962e-01
-6.98293884e-01
-6.97482099e-01
-6.96655899e-01
-6.95817320e-01
-6.94973417e-01
-6.94127000e-01
-6.93285760e-01
-6.92453161e-01
-6.91637334e-01
-6.90842206e-01
-6.90076076e-01
-6.89343072e-01
-6.88651325e-01
-6.88004837e-01
-6.87411191e-01
-6.86873898e-01
-6.86399583e-01
-6.85990893e-01
-6.85653094e-01
-6.85387618e-01
-6.85198009e-01
-6.85084184e-01
-6.85047676e-01
-6.85086670e-01
-6.85200507e-01
-6.85385555e-01
-6.85638955e-01
-6.85955387e-01
-6.86330074e-01
-6.86756521e-01
-6.87228802e-01
-6.87562430e-01
-7.05859551e-01
-7.06598001e-01
-7.07078637e-01
-7.07479421e-01
-7.07805694e-01
-7.08063971e-01
-7.08259409e-01
-7.08398121e-01
-7.08483980e-01
-7.08522017e-01
-7.08514475e-01
-7.08465185e-01
-7.08374830e-01
-7.08246207e-01
-7.08078717e-01
-7.07874423e-01
-7.07631797e-01
-7.07352502e-01
-7.07034444e-01
-7.06679204e-01
-7.06284450e-01
-7.05851955e-01
-7.05379438e-01
-7.04869088e-01
-7.04318910e-01
-7.03731682e-01
-7.03105888e-01
-7.02445025e-01
-7.01748211e-01
-7.01019751e-01
-7.00259514e-01
-6.99472669e-01
-6.98659912e-01
-6.97827291e-01
-6.96976369e-01
-6.96114034e-01
-6.95242698e-01
-6.94369996e-01
-6.93499109e-01
-6.92638259e-01
-6.91791238e-01
-6.90966620e-01
-6.90168582e-01
-6.89405744e-01
-6.88682376e-01
-6.88006783e-01
-6.87382986e-01
-6.86818582e-01
-6.86316983e-01
-6.85884681e-01
-6.85524120e-01
-6.85240304e-01
-6.85034375e-01
-6.84909502e-01
-6.84865216e-01
-6.84902536e-01
-6.85019122e-01
-6.85213592e-01
-6.85481569e-01
-6.85819185e-01
-6.86220115e-01
-6.86678313e-01
-6.87186150e-01
-6.87558460e-01
-7.06327090e-01
-7.07091253e-01
-7.07593975e-01
-7.08012811e-01
-7.08354329e-01
-7.08624423e-01
-7.08830055e-01
-7.08976230e-01
-7.09068992e-01
-7.09111669e-01
-7.09108963e-01
-7.09062408e-01
-7.08975435e-01
-7.08848014e-01
-7.08682597e-01
-7.08477959e-01
-7.08235939e-01
-7.07954519e-01
-7.07635282e-01
-7.07275790e-01
-7.06877688e-01
-7.06438443e-01
-7.05960022e-01
-7.05440070e-01
-7.04881080e-01
-7.04281098e-01
-7.03643300e-01
-7.02966309e-01
-7.02254098e-01
-7.01506010e-01
-7.00726890e-01
-6.99916907e-01
-6.99081816e-01
-6.98222673e-01
-6.97346138e-01
-6.96454173e-01
-6.95554279e-01
-6.94649276e-01
-6.93747383e-01
-6.92852162e-01
-6.91972346e-01
-6.91112051e-01
-6.90280251e-01
-6.89481353e-01
-6.88724239e-01
-6.88013293e-01
-6.87356929e-01
-6.86759166e-01
-6.86227570e-01
-6.85765450e-01
-6.85379149e-01
-6.85070939e-01
-6.84845582e-01
-6.84703988e-01
-6.84648977e-01
-6.84679752e-01
-6.84796806e-01
-6.84997261e-01
-6.85278903e-01
-6.85636472e-01
-6.86064853e-01
-6.86556463e-01
-6.87103693e-01
-6.87519490e-01
-7.06886981e-01
-7.07676816e-01
-7.08200992e-01
-7.08637966e-01
-7.08993858e-01
-7.09276209e-01
-7.09491107e-01
-7.09645647e-01
-7.09744377e-01
-7.09793012e-01
-7.09794110e-01
-7.09751876e-01
-7.09667007e-01
-7.09542457e-01
-7.09377437e-01
-7.09174050e-01
-7.08930463e-01
-7.08648329e-01
-7.08325191e-01
-7.07962617e-01
-7.07557893e-01
-7.07112801e-01
-7.06624681e-01
-7.06095762e-01
-7.05523692e-01
-7.04911333e-01
-7.04256842e-01
-7.03563850e-01
-7.02831189e-01
-7.02063358e-01
-7.01259991e-01
-7.00426515e-01
-6.99563458e-01
-6.98677196e-01
-6.97769196e-01
-6.96846752e-01
-6.95912263e-01
-6.94973849e-01
-6.94034760e-01
-6.93103778e-01
-6.92184853e-01
-6.91287186e-01
-6.90415198e-01
-6.89578203e-01
-6.88780804e-01
-6.88032077e-01
-6.87336484e-01
-6.86702493e-01
-6.86134104e-01
-6.85638826e-01
-6.85219892e-01
-6.84883521e-01
-6.84631890e-01
-6.84469589e-01
-6.84397411e-01
-6.84417912e-01
-6.84530059e-01
-6.84733846e-01
-6.85025843e-01
-6.85402879e-01
-6.85858620e-01
-6.86386395e-01
-6.86977024e-01
-6.87442832e-01
-7.07543362e-01
-7.08358677e-01
-7.08904450e-01
-7.09358822e-01
-7.09729362e-01
-7.10023020e-01
-7.10247896e-01
-7.10409874e-01
-7.10515821e-01
-7.10569515e-01
-7.10576092e-01
-7.10537150e-01
-7.10456270e-01
-7.10333236e-01
-7.10170503e-01
-7.09966533e-01
-7.09723117e-01
-7.09437871e-01
-7.09112336e-01
-7.08743696e-01
-7.08333584e-01
-7.07879101e-01
-7.07382238e-01
-7.06840297e-01
-7.06255840e-01
-7.05626596e-01
-7.04955855e-01
-7.04241961e-01
-7.03489054e-01
-7.02696239e-01
-7.01868588e-01
-7.01006087e-01
-7.00114782e-01
-6.99195614e-01
-6.98255605e-01
-6.97296678e-01
-6.96326770e-01
-6.95348745e-01
-6.94371330e-01
-6.93398211e-01
-6.92438700e-01
-6.91497113e-01
-6.90583063e-01
-6.89701237e-01
-6.88861216e-01
-6.88067750e-01
-6.87330036e-01
-6.86652584e-01
-6.86043867e-01
-6.85507880e-01
-6.85052081e-01
-6.84679714e-01
-6.84396953e-01
-6.84206043e-01
-6.84111558e-01
-6.84114378e-01
-6.84216968e-01
-6.84418222e-01
-6.84717698e-01
-6.85111407e-01
-6.85595039e-01
-6.86160880e-01
-6.86800233e-01
-6.87323569e-01
-7.08300298e-01
-7.09141528e-01
-7.09708452e-01
-7.10180380e-01
-7.10564598e-01
-7.10870012e-01
-7.11103889e-01
-7.11274401e-01
-7.11386767e-01
-7.11447253e-01
-7.11458559e-01
-7.11425036e-01
-7.11347184e-01
-7.11227901e-01
-7.11066049e-01
-7.10863618e-01
-7.10618383e-01
-7.10331908e-01
-7.10001353e-01
-7.09628240e-01
-7.09209502e-01
-7.08746926e-01
-7.08237526e-01
-7.07683586e-01
-7.07082455e-01
-7.06437094e-01
-7.05745394e-01
-7.05011130e-01
-7.04232900e-01
-7.03415400e-01
-7.02558074e-01
-7.01666601e-01
-7.00741379e-01
-6.99789098e-01
-6.98811163e-01
-6.97815254e-01
-6.96803781e-01
-6.95785320e-01
-6.94763212e-01
-6.93746760e-01
-6.92740074e-01
-6.91752935e-01
-6.90789990e-01
-6.89861180e-01
-6.88971402e-01
-6.88130413e-01
-6.87343062e-01
-6.86618590e-01
-6.85961539e-01
-6.85380370e-01
-6.84879129e-01
-6.84465300e-01
-6.84142299e-01
-6.83916456e-01
-6.83790361e-01
-6.83768870e-01
-6.83853296e-01
-6.84046312e-01
-6.84347007e-01
-6.84754612e-01
-6.85264516e-01
-6.85870940e-01
-6.86564213e-01
-6.87154490e-01
-7.09162590e-01
-7.10029860e-01
-7.10618121e-01
-7.11106647e-01
-7.11504626e-01
-7.11820632e-01
-7.12064284e-01
-7.12242523e-01
-7.12363011e-01
-7.12429814e-01
-7.12448230e-01
-7.12419636e-01
-7.12347464e-01
-7.12231070e-01
-7.12072689e-01
-7.11870329e-01
-7.11625610e-01
-7.11335739e-01
-7.11002165e-01
-7.10621723e-01
-7.10196027e-01
-7.09721876e-01
-7.09201304e-01
-7.08631340e-01
-7.08014638e-01
-7.07348679e-01
-7.06636885e-01
-7.05877379e-01
-7.05074470e-01
-7.04227077e-01
-7.03340487e-01
-7.02414543e-01
-7.01455560e-01
-7.00464395e-01
-6.99448403e-01
-6.98409486e-01
-6.97355983e-01
-6.96290808e-01
-6.95223153e-01
-6.94156825e-01
-6.93101650e-01
-6.92062122e-01
-6.91048410e-01
-6.90065425e-01
-6.89123334e-01
-6.88227171e-01
-6.87386767e-01
-6.86607017e-01
-6.85897151e-01
-6.85261755e-01
-6.84709311e-01
-6.84244052e-01
-6.83873671e-01
-6.83602055e-01
-6.83436052e-01
-6.83379079e-01
-6.83436781e-01
-6.83611474e-01
-6.83906533e-01
-6.84321627e-01
-6.84855765e-01
-6.85503473e-01
-6.86256771e-01
-6.86924473e-01
-7.10135285e-01
-7.11029227e-01
-7.11638071e-01
-7.12142848e-01
-7.12553035e-01
-7.12879787e-01
-7.13132139e-01
-7.13319561e-01
-7.13447871e-01
-7.13523586e-01
-7.13549160e-01
-7.13528654e-01
-7.13461994e-01
-7.13351676e-01
-7.13195980e-01
-7.12996590e-01
-7.12750806e-01
-7.12460028e-01
-7.12121052e-01
-7.11735359e-01
-7.11299599e-01
-7.10815599e-01
-7.10280136e-01
-7.09695589e-01
-7.09059093e-01
-7.08373739e-01
-7.07637217e-01
-7.06853461e-01
-7.06020890e-01
-7.05144387e-01
-7.04223247e-01
-7.03263377e-01
-7.02265070e-01
-7.01235295e-01
-7.00175410e-01
-6.99093433e-01
-6.97991789e-01
-6.96879456e-01
-6.95759852e-01
-6.94642730e-01
-6.93532332e-01
-6.92438921e-01
-6.91367311e-01
-6.90327941e-01
-6.89325897e-01
-6.88371446e-01
-6.87469669e-01
-6.86630370e-01
-6.85858445e-01
-6.85163089e-01
-6.84549001e-01
-6.84024808e-01
-6.83595183e-01
-6.83268376e-01
-6.83049264e-01
-6.82945837e-01
-6.82963124e-01
-6.83108418e-01
-6.83385936e-01
-6.83800524e-01
-6.84352928e-01
-6.85041890e-01
-6.85860299e-01
-6.86617836e-01
-7.11224718e-01
-7.12145411e-01
-7.12774257e-01
-7.13293160e-01
-7.13714637e-01
-7.14050298e-01
-7.14312103e-01
-7.14508292e-01
-7.14647076e-01
-7.14732299e-01
-7.14768780e-01
-7.14757067e-01
-7.14699885e-01
-7.14595759e-01
-7.14446388e-01
-7.14249159e-01
-7.14005411e-01
-7.13711943e-01
-7.13370126e-01
-7.12976529e-01
-7.12532818e-01
-7.12035599e-01
-7.11487023e-01
-7.10883958e-01
-7.10229199e-01
-7.09520074e-01
-7.08760160e-01
-7.07947424e-01
-7.07086346e-01
-7.06175701e-01
-7.05220966e-01
-7.04221867e-01
-7.03184948e-01
-7.02110989e-01
-7.01007623e-01
-6.99876729e-01
-6.98726979e-01
-6.97561324e-01
-6.96389334e-01
-6.95214902e-01
-6.94048265e-01
-6.92894029e-01
-6.91762778e-01
-6.90659539e-01
-6.89594875e-01
-6.88573931e-01
-6.87606921e-01
-6.86698880e-01
-6.85859485e-01
-6.85093622e-01
-6.84410477e-01
-6.83815024e-01
-6.83316289e-01
-6.82919834e-01
-6.82635066e-01
-6.82468698e-01
-6.82430908e-01
-6.82529627e-01
-6.82775201e-01
-6.83175185e-01
-6.83737035e-01
-6.84463079e-01
-6.85351134e-01
-6.86211712e-01
-7.12438360e-01
-7.13386044e-01
-7.14032419e-01
-7.14562966e-01
-7.14992308e-01
-7.15336049e-01
-7.15606105e-01
-7.15813336e-01
-7.15963586e-01
-7.16062687e-01
-7.16111855e-01
-7.16113932e-01
-7.16067554e-01
-7.15974272e-01
-7.15831461e-01
-7.15640307e-01
-7.15397600e-01
-7.15104594e-01
-7.14757838e-01
-7.14358878e-01
-7.13904242e-01
-7.13395917e-01
-7.12830599e-01
-7.12210852e-01
-7.11533723e-01
-7.10802482e-01
-7.10014710e-01
-7.09174510e-01
-7.08280175e-01
-7.07336755e-01
-7.06343424e-01
-7.05306274e-01
-7.04225493e-01
-7.03108272e-01
-7.01955905e-01
-7.00776676e-01
-6.99572998e-01
-6.98354157e-01
-6.97123603e-01
-6.95891430e-01
-6.94661937e-01
-6.93445726e-01
-6.92247661e-01
-6.91078482e-01
-6.89943290e-01
-6.88852588e-01
-6.87811428e-01
-6.86829809e-01
-6.85912620e-01
-6.85069331e-01
-6.84304858e-01
-6.83628488e-01
-6.83045764e-01
-6.82566566e-01
-6.82198068e-01
-6.81951832e-01
-6.81837781e-01
-6.81870021e-01
-6.82061521e-01
-6.82428046e-01
-6.82982793e-01
-6.83737436e-01
-6.84695921e-01
-6.85673907e-01
-7.13786670e-01
-7.14760242e-01
-7.15420150e-01
-7.15956230e-01
-7.16389466e-01
-7.16737884e-01
-7.17017060e-01
-7.17236198e-01
-7.17402768e-01
-7.17518782e-01
-7.17586995e-01
-7.17605834e-01
-7.17576341e-01
-7.17495590e-01
-7.17364381e-01
-7.17179373e-01
-7.16941630e-01
-7.16647697e-01
-7.16299037e-01
-7.15892194e-01
-7.15429075e-01
-7.14906326e-01
-7.14326368e-01
-7.13686085e-01
-7.12988514e-01
-7.12230946e-01
-7.11417155e-01
-7.10545023e-01
-7.09619193e-01
-7.08638325e-01
-7.07608047e-01
-7.06527967e-01
-7.05404792e-01
-7.04239204e-01
-7.03039028e-01
-7.01806086e-01
-7.00549279e-01
-6.99271537e-01
-6.97982691e-01
-6.96686636e-01
-6.95393869e-01
-6.94108991e-01
-6.92842799e-01
-6.91600257e-01
-6.90392054e-01
-6.89223172e-01
-6.88103833e-01
-6.87038820e-01
-6.86037740e-01
-6.85105239e-01
-6.84250543e-01
-6.83478696e-01
-6.82799323e-01
-6.82219009e-01
-6.81749222e-01
-6.81399887e-01
-6.81186329e-01
-6.81123935e-01
-6.81233698e-01
-6.81537334e-01
-6.82060163e-01
-6.82824847e-01
-6.83849174e-01
-6.84957727e-01
-7.15284518e-01
-7.16281238e-01
-7.16945315e-01
-7.17477349e-01
-7.17906066e-01
-7.18256350e-01
-7.18544002e-01
-7.18779791e-01
-7.18967012e-01
-7.19108056e-01
-7.19200542e-01
-7.19244287e-01
-7.19235442e-01
-7.19173906e-01
-7.19055873e-01
-7.18882001e-01
-7.18648770e-01
-7.18357551e-01
-7.18004997e-01
-7.17593037e-01
-7.17118418e-01
-7.16583548e-01
-7.15985306e-01
-7.15326608e-01
-7.14604590e-01
-7.13822783e-01
-7.12978760e-01
-7.12076805e-01
-7.11115129e-01
-7.10098915e-01
-7.09027214e-01
-7.07906232e-01
-7.06736032e-01
-7.05523926e-01
-7.04271103e-01
-7.02985993e-01
-7.01670934e-01
-7.00335384e-01
-6.98982740e-01
-6.97623269e-01
-6.96261205e-01
-6.94907283e-01
-6.93566238e-01
-6.92248839e-01
-6.90959933e-01
-6.89709887e-01
-6.88503331e-01
-6.87349940e-01
-6.86254023e-01
-6.85224608e-01
-6.84266020e-01
-6.83387238e-01
-6.82593619e-01
-6.81895497e-01
-6.81301204e-01
-6.80824899e-01
-6.80481008e-01
-6.80291219e-01
-6.80280212e-01
-6.80481189e-01
-6.80931529e-01
-6.81673877e-01
-6.82746734e-01
-6.83995575e-01
-7.16956439e-01
-7.17967576e-01
-7.18617954e-01
-7.19127239e-01
-7.19539970e-01
-7.19886578e-01
-7.20185608e-01
-7.20443268e-01
-7.20661411e-01
-7.20835820e-01
-7.20963762e-01
-7.21039232e-01
-7.21060190e-01
-7.21021635e-01
-7.20923327e-01
-7.20761437e-01
-7.20537156e-01
-7.20247308e-01
-7.19893952e-01
-7.19474133e-01
-7.18990422e-01
-7.18439908e-01
-7.17825565e-01
-7.17144557e-01
-7.16400311e-01
-7.15590231e-01
-7.14718335e-01
-7.13782485e-01
-7.12787462e-01
-7.11731818e-01
-7.10621263e-01
-7.09455256e-01
-7.08240563e-01
-7.06977715e-01
-7.05674603e-01
-7.04332914e-01
-7.02961630e-01
-7.01563563e-01
-7.00148628e-01
-6.98720589e-01
-6.97289989e-01
-6.95861236e-01
-6.94445069e-01
-6.93046124e-01
-6.91674843e-01
-6.90335670e-01
-6.89038326e-01
-6.87786788e-01
-6.86589884e-01
-6.85451211e-01
-6.84379019e-01
-6.83377236e-01
-6.82454625e-01
-6.81617095e-01
-6.80876179e-01
-6.80242875e-01
-6.79735595e-01
-6.79375901e-01
-6.79196161e-01
-6.79237286e-01
-6.79555165e-01
-6.80217177e-01
-6.81299142e-01
-6.82685967e-01
-7.18845273e-01
-7.19848203e-01
-7.20447230e-01
-7.20902675e-01
-7.21280699e-01
-7.21620066e-01
-7.21934924e-01
-7.22227062e-01
-7.22488747e-01
-7.22712268e-01
-7.22887100e-01
-7.23007271e-01
-7.23065111e-01
-7.23058461e-01
-7.22982605e-01
-7.22838268e-01
-7.22622425e-01
-7.22337379e-01
-7.21980705e-01
-7.21555394e-01
-7.21059043e-01
-7.20494936e-01
-7.19860541e-01
-7.19159382e-01
-7.18388907e-01
-7.17553008e-01
-7.16649346e-01
-7.15682383e-01
-7.14650268e-01
-7.13558245e-01
-7.12405214e-01
-7.11197385e-01
-7.09934632e-01
-7.08624256e-01
-7.07267250e-01
-7.05872035e-01
-7.04440762e-01
-7.02982876e-01
-7.01501574e-01
-7.00007074e-01
-6.98503353e-01
-6.97000992e-01
-6.95504332e-01
-6.94023800e-01
-6.92563614e-01
-6.91133513e-01
-6.89737171e-01
-6.88383266e-01
-6.87074768e-01
-6.85819303e-01
-6.84619487e-01
-6.83482559e-01
-6.82411937e-01
-6.81416143e-01
-6.80501822e-01
-6.79682134e-01
-6.78971716e-01
-6.78395165e-01
-6.77985078e-01
-6.77792026e-01
-6.77887067e-01
-6.78372317e-01
-6.79379206e-01
-6.80872385e-01
-7.21033112e-01
-7.21965953e-01
-7.22438528e-01
-7.22786875e-01
-7.23107655e-01
-7.23438373e-01
-7.23783398e-01
-7.24128563e-01
-7.24456546e-01
-7.24747770e-01
-7.24988529e-01
-7.25165631e-01
-7.25273006e-01
-7.25303825e-01
-7.25257690e-01
-7.25131525e-01
-7.24927946e-01
-7.24645340e-01
-7.24287469e-01
-7.23852857e-01
-7.23345486e-01
-7.22763512e-01
-7.22110874e-01
-7.21385362e-01
-7.20590964e-01
-7.19725351e-01
-7.18792806e-01
-7.17791207e-01
-7.16725407e-01
-7.15593823e-01
-7.14402128e-01
-7.13149565e-01
-7.11842816e-01
-7.10482166e-01
-7.09075405e-01
-7.07623965e-01
-7.06136717e-01
-7.04616204e-01
-7.03072190e-01
-7.01508113e-01
-6.99934267e-01
-6.98354595e-01
-6.96779397e-01
-6.95212604e-01
-6.93663916e-01
-6.92136715e-01
-6.90639564e-01
-6.89174923e-01
-6.87749952e-01
-6.86366204e-01
-6.85029695e-01
-6.83741722e-01
-6.82508191e-01
-6.81331733e-01
-6.80220339e-01
-6.79181120e-01
-6.78228670e-01
-6.77381510e-01
-6.76672019e-01
-6.76149143e-01
-6.75895742e-01
-6.76045378e-01
-6.76809752e-01
-6.78301152e-01
-7.23683154e-01
-7.24379362e-01
-7.24576144e-01
-7.24738699e-01
-7.24979815e-01
-7.25315120e-01
-7.25717345e-01
-7.26149553e-01
-7.26573935e-01
-7.26961730e-01
-7.27288826e-01
-7.27541480e-01
-7.27708360e-01
-7.27786571e-01
-7.27772418e-01
-7.27668768e-01
-7.27475139e-01
-7.27196547e-01
-7.26833040e-01
-7.26389876e-01
-7.25866471e-01
-7.25267656e-01
-7.24592002e-01
-7.23843933e-01
-7.23021430e-01
-7.22128807e-01
-7.21163870e-01
-7.20131197e-01
-7.19028841e-01
-7.17861986e-01
-7.16629304e-01
-7.15336857e-01
-7.13984229e-01
-7.12578534e-01
-7.11120454e-01
-7.09618200e-01
-7.08073588e-01
-7.06495815e-01
-7.04887684e-01
-7.03259068e-01
-7.01613411e-01
-6.99960761e-01
-6.98304678e-01
-6.96654737e-01
-6.95014000e-01
-6.93390908e-01
-6.91787478e-01
-6.90210529e-01
-6.88660776e-01
-6.87143334e-01
-6.85657867e-01
-6.84208314e-01
-6.82794208e-01
-6.81419574e-01
-6.80085542e-01
-6.78798453e-01
-6.77564167e-01
-6.76396139e-01
-6.75313558e-01
-6.74354276e-01
-6.73588168e-01
-6.73159053e-01
-6.73356145e-01
-6.74542820e-01
-7.27125379e-01
-7.27133559e-01
-7.26784147e-01
-7.26667310e-01
-7.26832351e-01
-7.27213512e-01
-7.27726935e-01
-7.28295861e-01
-7.28861862e-01
-7.29379828e-01
-7.29821496e-01
-7.30166608e-01
-7.30407136e-01
-7.30537481e-01
-7.30560412e-01
-7.30476874e-01
-7.30293788e-01
-7.30013579e-01
-7.29643653e-01
-7.29185539e-01
-7.28645700e-01
-7.28024139e-01
-7.27326227e-01
-7.26550692e-01
-7.25702202e-01
-7.24778757e-01
-7.23784847e-01
-7.22718318e-01
-7.21583959e-01
-7.20379959e-01
-7.19111786e-01
-7.17778365e-01
-7.16386109e-01
-7.14934943e-01
-7.13432362e-01
-7.11879405e-01
-7.10284612e-01
-7.08650071e-01
-7.06985121e-01
-7.05292613e-01
-7.03582219e-01
-7.01857042e-01
-7.00126429e-01
-6.98393068e-01
-6.96665225e-01
-6.94944493e-01
-6.93237388e-01
-6.91543929e-01
-6.89868539e-01
-6.88209615e-01
-6.86569675e-01
-6.84946013e-01
-6.83339977e-01
-6.81748731e-01
-6.80173443e-01
-6.78612056e-01
-6.77066129e-01
-6.75534611e-01
-6.74019834e-01
-6.72525198e-01
-6.71070937e-01
-6.69731786e-01
-6.68773805e-01
-6.68844950e-01
-7.31990392e-01
-7.30114013e-01
-7.28831624e-01
-7.28408550e-01
-7.28576190e-01
-7.29100849e-01
-7.29811911e-01
-7.30590901e-01
-7.31353478e-01
-7.32045145e-01
-7.32629129e-01
-7.33087521e-01
-7.33410278e-01
-7.33599069e-01
-7.33656428e-01
-7.33591984e-01
-7.33411772e-01
-7.33126636e-01
-7.32741536e-01
-7.32265686e-01
-7.31701537e-01
-7.31056169e-01
-7.30329724e-01
-7.29527674e-01
-7.28648619e-01
-7.27697200e-01
-7.26671295e-01
-7.25575413e-01
-7.24407395e-01
-7.23172165e-01
-7.21868052e-01
-7.20500774e-01
-7.19069519e-01
-7.17581027e-01
-7.16035552e-01
-7.14440902e-01
-7.12798408e-01
-7.11116786e-01
-7.09398220e-01
-7.07651916e-01
-7.05880440e-01
-7.04092826e-01
-7.02291325e-01
-7.00483975e-01
-6.98671913e-01
-6.96861358e-01
-6.95051663e-01
-6.93246658e-01
-6.91443630e-01
-6.89643972e-01
-6.87843214e-01
-6.86040859e-01
-6.84231473e-01
-6.82413421e-01
-6.80580783e-01
-6.78730364e-01
-6.76853608e-01
-6.74940278e-01
-6.72967639e-01
-6.70895699e-01
-6.68645928e-01
-6.66086270e-01
-6.63079257e-01
-6.59918253e-01
-7.47822753e-01
-7.55013010e-01
-7.64878142e-01
-7.75230811e-01
-7.85090130e-01
-7.93998950e-01
-8.01737798e-01
-8.08211999e-01
-8.13408043e-01
-8.17361776e-01
-8.20147179e-01
-8.21856527e-01
-8.22597456e-01
-8.22476526e-01
-8.21601485e-01
-8.20067274e-01
-8.17962901e-01
-8.15359382e-01
-8.12320303e-01
-8.08890739e-01
-8.05110231e-01
-8.01001661e-01
-7.96585537e-01
-7.91868148e-01
-7.86856484e-01
-7.81545446e-01
-7.75933114e-01
-7.70007129e-01
-7.63760246e-01
-7.57176159e-01
-7.50245374e-01
-7.42950789e-01
-7.35283922e-01
-7.27230543e-01
-7.18787268e-01
-7.09947504e-01
-7.00718351e-01
-6.91107072e-01
-6.81138168e-01
-6.70840469e-01
-6.60264108e-01
-6.49468137e-01
-6.38536903e-01
-6.27567813e-01
-6.16686299e-01
-6.06033015e-01
-5.95776287e-01
-5.86097794e-01
-5.77201320e-01
-5.69296141e-01
-5.62601391e-01
-5.57327229e-01
-5.53675415e-01
-5.51819920e-01
-5.51906051e-01
-5.54033700e-01
-5.58258153e-01
-5.64578297e-01
-5.72937994e-01
-5.83209639e-01
-5.95163077e-01
-6.08342832e-01
-6.21683994e-01
-6.32069653e-01
-7.31630225e-01
-7.29714224e-01
-7.27855040e-01
-7.26451315e-01
-7.25373581e-01
-7.24525671e-01
-7.23862178e-01
-7.23369238e-01
-7.23041672e-01
-7.22877211e-01
-7.22865802e-01
-7.22994335e-01
-7.23240486e-01
-7.23581815e-01
-7.23989823e-01
-7.24440294e-01
-7.24905673e-01
-7.25365518e-01
-7.25796914e-01
-7.26185031e-01
-7.26512011e-01
-7.26767969e-01
-7.26938869e-01
-7.27018183e-01
-7.26994090e-01
-7.26861834e-01
-7.26610436e-01
-7.26235651e-01
-7.25726321e-01
-7.25077805e-01
-7.24278089e-01
-7.23321580e-01
-7.22195119e-01
-7.20892058e-01
-7.19398373e-01
-7.17706970e-01
-7.15804136e-01
-7.13684040e-01
-7.11335763e-01
-7.08757956e-01
-7.05946623e-01
-7.02909801e-01
-6.99656117e-01
-6.96209133e-01
-6.92596390e-01
-6.88862718e-01
-6.85059112e-01
-6.81253930e-01
-6.77520661e-01
-6.73945861e-01
-6.70615017e-01
-6.67616614e-01
-6.65026247e-01
-6.62907491e-01
-6.61295880e-01
-6.60198600e-01
-6.59580631e-01
-6.59364646e-01
-6.59418710e-01
-6.59551719e-01
-6.59492980e-01
-6.58876951e-01
-6.57288207e-01
-6.54689447e-01
-7.27122481e-01
-7.27448140e-01
-7.26940614e-01
-7.26294582e-01
-7.25670192e-01
-7.25114868e-01
-7.24650728e-01
-7.24291951e-01
-7.24051282e-01
-7.23933329e-01
-7.23938777e-01
-7.24058060e-01
-7.24279095e-01
-7.24581463e-01
-7.24946131e-01
-7.25348604e-01
-7.25769289e-01
-7.26184920e-01
-7.26579144e-01
-7.26932296e-01
-7.27232303e-01
-7.27463211e-01
-7.27616616e-01
-7.27679304e-01
-7.27645312e-01
-7.27502940e-01
-7.27247416e-01
-7.26867448e-01
-7.26358397e-01
-7.25708514e-01
-7.24912506e-01
-7.23957601e-01
-7.22837416e-01
-7.21538031e-01
-7.20052094e-01
-7.18365114e-01
-7.16469776e-01
-7.14352701e-01
-7.12008943e-01
-7.09429444e-01
-7.06615661e-01
-7.03567836e-01
-7.00299540e-01
-6.96826672e-01
-6.93181410e-01
-6.89401483e-01
-6.85542626e-01
-6.81667268e-01
-6.77854287e-01
-6.74186093e-01
-6.70754617e-01
-6.67646279e-01
-6.64944108e-01
-6.62711473e-01
-6.60991939e-01
-6.59794388e-01
-6.59093713e-01
-6.58820847e-01
-6.58867819e-01
-6.59087600e-01
-6.59314956e-01
-6.59412252e-01
-6.59417191e-01
-6.59743366e-01
-7.24627152e-01
-7.25845089e-01
-7.26162839e-01
-7.26125414e-01
-7.25930143e-01
-7.25681077e-01
-7.25436714e-01
-7.25236356e-01
-7.25104222e-01
-7.25057122e-01
-7.25100023e-01
-7.25233220e-01
-7.25446902e-01
-7.25730048e-01
-7.26064180e-01
-7.26433323e-01
-7.26816320e-01
-7.27197268e-01
-7.27556224e-01
-7.27879973e-01
-7.28151343e-01
-7.28360408e-01
-7.28492728e-01
-7.28541111e-01
-7.28493061e-01
-7.28343114e-01
-7.28079717e-01
-7.27698080e-01
-7.27186648e-01
-7.26540376e-01
-7.25746944e-01
-7.24800363e-01
-7.23687092e-01
-7.22399904e-01
-7.20924105e-01
-7.19251620e-01
-7.17367543e-01
-7.15264427e-01
-7.12929427e-01
-7.10358770e-01
-7.07545699e-01
-7.04495029e-01
-7.01211958e-01
-6.97716395e-01
-6.94032394e-01
-6.90201591e-01
-6.86272601e-01
-6.82312445e-01
-6.78394872e-01
-6.74608481e-01
-6.71042977e-01
-6.67793156e-01
-6.64943083e-01
-6.62566636e-01
-6.60711545e-01
-6.59399450e-01
-6.58614028e-01
-6.58305625e-01
-6.58389784e-01
-6.58764789e-01
-6.59334159e-01
-6.60061359e-01
-6.61055074e-01
-6.62506485e-01
-7.23415044e-01
-7.24990384e-01
-7.25771112e-01
-7.26155176e-01
-7.26304945e-01
-7.26326630e-01
-7.26292549e-01
-7.26250784e-01
-7.26236448e-01
-7.26270270e-01
-7.26366021e-01
-7.26525912e-01
-7.26748761e-01
-7.27024271e-01
-7.27342367e-01
-7.27686260e-01
-7.28042521e-01
-7.28392675e-01
-7.28723735e-01
-7.29018353e-01
-7.29265785e-01
-7.29450835e-01
-7.29565311e-01
-7.29596035e-01
-7.29536836e-01
-7.29375856e-01
-7.29108063e-01
-7.28722038e-01
-7.28212936e-01
-7.27568922e-01
-7.26784484e-01
-7.25846678e-01
-7.24748718e-01
-7.23476207e-01
-7.22020949e-01
-7.20367390e-01
-7.18506630e-01
-7.16423323e-01
-7.14109897e-01
-7.11554170e-01
-7.08753755e-01
-7.05704582e-01
-7.02415331e-01
-6.98896840e-01
-6.95176141e-01
-6.91286330e-01
-6.87279343e-01
-6.83215398e-01
-6.79173197e-01
-6.75237745e-01
-6.71506642e-01
-6.68075471e-01
-6.65039812e-01
-6.62478962e-01
-6.60455527e-01
-6.59000918e-01
-6.58117244e-01
-6.57770689e-01
-6.57902621e-01
-6.58438516e-01
-6.59315945e-01
-6.60514686e-01
-6.62096247e-01
-6.64033859e-01
-7.23063663e-01
-7.24787949e-01
-7.25826153e-01
-7.26488047e-01
-7.26893169e-01
-7.27135148e-01
-7.27282355e-01
-7.27386963e-01
-7.27484810e-01
-7.27602828e-01
-7.27755380e-01
-7.27951756e-01
-7.28190962e-01
-7.28470310e-01
-7.28779076e-01
-7.29108038e-01
-7.29441834e-01
-7.29769140e-01
-7.30073645e-01
-7.30344716e-01
-7.30567099e-01
-7.30732066e-01
-7.30826060e-01
-7.30842347e-01
-7.30768839e-01
-7.30600245e-01
-7.30325275e-01
-7.29939245e-01
-7.29430827e-01
-7.28795035e-01
-7.28019683e-01
-7.27098661e-01
-7.26018280e-01
-7.24770770e-01
-7.23340705e-01
-7.21718697e-01
-7.19888139e-01
-7.17839096e-01
-7.15555644e-01
-7.13029979e-01
-7.10250610e-01
-7.07216663e-01
-7.03927068e-01
-7.00394849e-01
-6.96637177e-01
-6.92689050e-01
-6.88593605e-01
-6.84414091e-01
-6.80223290e-01
-6.76112277e-01
-6.72177634e-01
-6.68525744e-01
-6.65257339e-01
-6.62467683e-01
-6.60230346e-01
-6.58596636e-01
-6.57583728e-01
-6.57179594e-01
-6.57342279e-01
-6.58016004e-01
-6.59144108e-01
-6.60691759e-01
-6.62655222e-01
-6.64875009e-01
-7.23338809e-01
-7.25132135e-01
-7.26320126e-01
-7.27163552e-01
-7.27752545e-01
-7.28163492e-01
-7.28459509e-01
-7.28688149e-01
-7.28887375e-01
-7.29082392e-01
-7.29292318e-01
-7.29525454e-01
-7.29787003e-01
-7.30073223e-01
-7.30380258e-01
-7.30697145e-01
-7.31015478e-01
-7.31321151e-01
-7.31604628e-01
-7.31851421e-01
-7.32052872e-01
-7.32195505e-01
-7.32272304e-01
-7.32271142e-01
-7.32186547e-01
-7.32007405e-01
-7.31729184e-01
-7.31341088e-01
-7.30838675e-01
-7.30210627e-01
-7.29451672e-01
-7.28549139e-01
-7.27496114e-01
-7.26277945e-01
-7.24885594e-01
-7.23302311e-01
-7.21517164e-01
-7.19512158e-01
-7.17275970e-01
-7.14791806e-01
-7.12051386e-01
-7.09043808e-01
-7.05769745e-01
-7.02231402e-01
-6.98446645e-01
-6.94439778e-01
-6.90254828e-01
-6.85946295e-01
-6.81590219e-01
-6.77273478e-01
-6.73100922e-01
-6.69181838e-01
-6.65632103e-01
-6.62557907e-01
-6.60054276e-01
-6.58189329e-01
-6.57004085e-01
-6.56503622e-01
-6.56664576e-01
-6.57437953e-01
-6.58764658e-01
-6.60583382e-01
-6.62839063e-01
-6.65296038e-01
-7.24108749e-01
-7.25944018e-01
-7.27226595e-01
-7.28192799e-01
-7.28912307e-01
-7.29450622e-01
-7.29861993e-01
-7.30192187e-01
-7.30475002e-01
-7.30737826e-01
-7.30997306e-01
-7.31266137e-01
-7.31547662e-01
-7.31843865e-01
-7.32148932e-01
-7.32458261e-01
-7.32760888e-01
-7.33049260e-01
-7.33310451e-01
-7.33536530e-01
-7.33714634e-01
-7.33837845e-01
-7.33894274e-01
-7.33878425e-01
-7.33779465e-01
-7.33593044e-01
-7.33308927e-01
-7.32923223e-01
-7.32425541e-01
-7.31811540e-01
-7.31069773e-01
-7.30194484e-01
-7.29172292e-01
-7.27995172e-01
-7.26647181e-01
-7.25117586e-01
-7.23387871e-01
-7.21445039e-01
-7.19269190e-01
-7.16847068e-01
-7.14160535e-01
-7.11200429e-01
-7.07956206e-01
-7.04430058e-01
-7.00627764e-01
-6.96572679e-01
-6.92297343e-01
-6.87856350e-01
-6.83317562e-01
-6.78772144e-01
-6.74323631e-01
-6.70093187e-01
-6.66205102e-01
-6.62786548e-01
-6.59950340e-01
-6.57791724e-01
-6.56373112e-01
-6.55724088e-01
-6.55834841e-01
-6.56664447e-01
-6.58144291e-01
-6.60190279e-01
-6.62707100e-01
-6.65415620e-01
-7.25298750e-01
-7.27170535e-01
-7.28521805e-01
-7.29574874e-01
-7.30389152e-01
-7.31020581e-01
-7.31519738e-01
-7.31926974e-01
-7.32276389e-01
-7.32591775e-01
-7.32892479e-01
-7.33188474e-01
-7.33487485e-01
-7.33789071e-01
-7.34092877e-01
-7.34391687e-01
-7.34680577e-01
-7.34948849e-01
-7.35189888e-01
-7.35391967e-01
-7.35548671e-01
-7.35648670e-01
-7.35686650e-01
-7.35652205e-01
-7.35541226e-01
-7.35344082e-01
-7.35057426e-01
-7.34671818e-01
-7.34183871e-01
-7.33583475e-01
-7.32866203e-01
-7.32020276e-01
-7.31039160e-01
-7.29908438e-01
-7.28618542e-01
-7.27151751e-01
-7.25495043e-01
-7.23627492e-01
-7.21533301e-01
-7.19189923e-01
-7.16581402e-01
-7.13687576e-01
-7.10497827e-01
-7.07001648e-01
-7.03202748e-01
-6.99110946e-01
-6.94756111e-01
-6.90180729e-01
-6.85452375e-01
-6.80655400e-01
-6.75899784e-01
-6.71309752e-01
-6.67026766e-01
-6.63193600e-01
-6.59951142e-01
-6.57419665e-01
-6.55693344e-01
-6.54824964e-01
-6.54825510e-01
-6.55659245e-01
-6.57252510e-01
-6.59499231e-01
-6.62275316e-01
-6.65271113e-01
-7.26866567e-01
-7.28780065e-01
-7.30188777e-01
-7.31308856e-01
-7.32192425e-01
-7.32892145e-01
-7.33453675e-01
-7.33917143e-01
-7.34312938e-01
-7.34666553e-01
-7.34994170e-01
-7.35308990e-01
-7.35615875e-01
-7.35918840e-01
-7.36214700e-01
-7.36501553e-01
-7.36771385e-01
-7.37019350e-01
-7.37235293e-01
-7.37413665e-01
-7.37544006e-01
-7.37621398e-01
-7.37636018e-01
-7.37584076e-01
-7.37456585e-01
-7.37250728e-01
-7.36958003e-01
-7.36575948e-01
-7.36095807e-01
-7.35514539e-01
-7.34822135e-01
-7.34013825e-01
-7.33077203e-01
-7.32004550e-01
-7.30779947e-01
-7.29391683e-01
-7.27819577e-01
-7.26047505e-01
-7.24051238e-01
-7.21811189e-01
-7.19301156e-01
-7.16501473e-01
-7.13389069e-01
-7.09951181e-01
-7.06177027e-01
-7.02072013e-01
-6.97650900e-01
-6.92951812e-01
-6.88029939e-01
-6.82969634e-01
-6.77876532e-01
-6.72884949e-01
-6.68145601e-01
-6.63825601e-01
-6.60090230e-01
-6.57095723e-01
-6.54968060e-01
-6.53794400e-01
-6.53607444e-01
-6.54385110e-01
-6.56049119e-01
-6.58478334e-01
-6.61523021e-01
-6.64850220e-01
-7.28791071e-01
-7.30756196e-01
-7.32220492e-01
-7.33395775e-01
-7.34332282e-01
-7.35079364e-01
-7.35683117e-01
-7.36181002e-01
-7.36605145e-01
-7.36978260e-01
-7.37319199e-01
-7.37638245e-01
-7.37943899e-01
-7.38237183e-01
-7.38519447e-01
-7.38785650e-01
-7.39033018e-01
-7.39253286e-01
-7.39442048e-01
-7.39589965e-01
-7.39692693e-01
-7.39741138e-01
-7.39731885e-01
-7.39656626e-01
-7.39513037e-01
-7.39293512e-01
-7.38996430e-01
-7.38614337e-01
-7.38145518e-01
-7.37581762e-01
-7.36920147e-01
-7.36150521e-01
-7.35267408e-01
-7.34257360e-01
-7.33110914e-01
-7.31809999e-01
-7.30339945e-01
-7.28677192e-01
-7.26801422e-01
-7.24683924e-01
-7.22300034e-01
-7.19618608e-01
-7.16615028e-01
-7.13262283e-01
-7.09544772e-01
-7.05451319e-01
-7.00989682e-01
-6.96181263e-01
-6.91075386e-01
-6.85744303e-01
-6.80294911e-01
-6.74861115e-01
-6.69609240e-01
-6.64723978e-01
-6.60404141e-01
-6.56840596e-01
-6.54203508e-01
-6.52617498e-01
-6.52149808e-01
-6.52795680e-01
-6.54481580e-01
-6.57072947e-01
-6.60399234e-01
-6.64103562e-01
-7.31065216e-01
-7.33095649e-01
-7.34618027e-01
-7.35843193e-01
-7.36819621e-01
-7.37598124e-01
-7.38223862e-01
-7.38736970e-01
-7.39168126e-01
-7.39543015e-01
-7.39878212e-01
-7.40187314e-01
-7.40475994e-01
-7.40749186e-01
-7.41005104e-01
-7.41243298e-01
-7.41457624e-01
-7.41645014e-01
-7.41797425e-01
-7.41911211e-01
-7.41978096e-01
-7.41995073e-01
-7.41954507e-01
-7.41854504e-01
-7.41688276e-01
-7.41454909e-01
-7.41148130e-01
-7.40767404e-01
-7.40306216e-01
-7.39763414e-01
-7.39131126e-01
-7.38406246e-01
-7.37578117e-01
-7.36640070e-01
-7.35577022e-01
-7.34377018e-01
-7.33018946e-01
-7.31484103e-01
-7.29744324e-01
-7.27773698e-01
-7.25537533e-01
-7.23004493e-01
-7.20136952e-01
-7.16903934e-01
-7.13273448e-01
-7.09226565e-01
-7.04752096e-01
-6.99861678e-01
-6.94586366e-01
-6.88991410e-01
-6.83172725e-01
-6.77268072e-01
-6.71449197e-01
-6.65924258e-01
-6.60920489e-01
-6.56673700e-01
-6.53400257e-01
-6.51277099e-01
-6.50412873e-01
-6.50834686e-01
-6.52479086e-01
-6.55205927e-01
-6.58823242e-01
-6.62950118e-01
-7.33693655e-01
-7.35805343e-01
-7.37392300e-01
-7.38664054e-01
-7.39670975e-01
-7.40464580e-01
-7.41094041e-01
-7.41600090e-01
-7.42017553e-01
-7.42371337e-01
-7.42681764e-01
-7.42960354e-01
-7.43216474e-01
-7.43452188e-01
-7.43669770e-01
-7.43865479e-01
-7.44037781e-01
-7.44180058e-01
-7.44289434e-01
-7.44358484e-01
-7.44384587e-01
-7.44360732e-01
-7.44285349e-01
-7.44152339e-01
-7.43961321e-01
-7.43707015e-01
-7.43389843e-01
-7.43004786e-01
-7.42552241e-01
-7.42026471e-01
-7.41426624e-01
-7.40744869e-01
-7.39977487e-01
-7.39112810e-01
-7.38142296e-01
-7.37048430e-01
-7.35815751e-01
-7.34418940e-01
-7.32833866e-01
-7.31026205e-01
-7.28962713e-01
-7.26600894e-01
-7.23900891e-01
-7.20816885e-01
-7.17310135e-01
-7.13342845e-01
-7.08892801e-01
-7.03950102e-01
-6.98533190e-01
-6.92687716e-01
-6.86502057e-01
-6.80105272e-01
-6.73677372e-01
-6.67440253e-01
-6.61655446e-01
-6.56601088e-01
-6.52552381e-01
-6.49745127e-01
-6.48347543e-01
-6.48429151e-01
-6.49951500e-01
-6.52773334e-01
-6.56684759e-01
-6.61276453e-01
-7.36690769e-01
-7.38903035e-01
-7.40562696e-01
-7.41880103e-01
-7.42907033e-01
-7.43700064e-01
-7.44311272e-01
-7.44787395e-01
-7.45164863e-01
-7.45473680e-01
-7.45733661e-01
-7.45960471e-01
-7.46161359e-01
-7.46342232e-01
-7.46502343e-01
-7.46642039e-01
-7.46756330e-01
-7.46843180e-01
-7.46896021e-01
-7.46912545e-01
-7.46886263e-01
-7.46815767e-01
-7.46695466e-01
-7.46525279e-01
-7.46300675e-01
-7.46022745e-01
-7.45687670e-01
-7.45297086e-01
-7.44847088e-01
-7.44338792e-01
-7.43766974e-01
-7.43130720e-01
-7.42421793e-01
-7.41635270e-01
-7.40757754e-01
-7.39777922e-01
-7.38674744e-01
-7.37427946e-01
-7.36006493e-01
-7.34379087e-01
-7.32503340e-01
-7.30336620e-01
-7.27826548e-01
-7.24922744e-01
-7.21569501e-01
-7.17719159e-01
-7.13327851e-01
-7.08371094e-01
-7.02843036e-01
-6.96773891e-01
-6.90231484e-01
-6.83337710e-01
-6.76267789e-01
-6.69258779e-01
-6.62597603e-01
-6.56611403e-01
-6.51635334e-01
-6.47980460e-01
-6.45886735e-01
-6.45487681e-01
-6.46782754e-01
-6.49642328e-01
-6.53839436e-01
-6.58934406e-01
-7.40081435e-01
-7.42416790e-01
-7.44159830e-01
-7.45520948e-01
-7.46556823e-01
-7.47328864e-01
-7.47897352e-01
-7.48313799e-01
-7.48622116e-01
-7.48854422e-01
-7.49036070e-01
-7.49182115e-01
-7.49303991e-01
-7.49405228e-01
-7.49488859e-01
-7.49551973e-01
-7.49593582e-01
-7.49608015e-01
-7.49593198e-01
-7.49543010e-01
-7.49455990e-01
-7.49326810e-01
-7.49155390e-01
-7.48937642e-01
-7.48674969e-01
-7.48364392e-01
-7.48008375e-01
-7.47604449e-01
-7.47155268e-01
-7.46657820e-01
-7.46113609e-01
-7.45517538e-01
-7.44868098e-01
-7.44156014e-01
-7.43374336e-01
-7.42506960e-01
-7.41538576e-01
-7.40443234e-01
-7.39194185e-01
-7.37752813e-01
-7.36078568e-01
-7.34118783e-01
-7.31819145e-01
-7.29115193e-01
-7.25944084e-01
-7.22238822e-01
-7.17942281e-01
-7.13005277e-01
-7.07403579e-01
-7.01140248e-01
-6.94264988e-01
-6.86878804e-01
-6.79151452e-01
-6.71321456e-01
-6.63701307e-01
-6.56659757e-01
-6.50600685e-01
-6.45916957e-01
-6.42941992e-01
-6.41891713e-01
-6.42827490e-01
-6.45643936e-01
-6.50104530e-01
-6.55735003e-01
-7.43901610e-01
-7.46387797e-01
-7.48225845e-01
-7.49628116e-01
-7.50656501e-01
-7.51382497e-01
-7.51874904e-01
-7.52196249e-01
-7.52396517e-01
-7.52516082e-01
-7.52582321e-01
-7.52615705e-01
-7.52626564e-01
-7.52622309e-01
-7.52603143e-01
-7.52569681e-01
-7.52517360e-01
-7.52444325e-01
-7.52344663e-01
-7.52216597e-01
-7.52054740e-01
-7.51858652e-01
-7.51624293e-01
-7.51352952e-01
-7.51042053e-01
-7.50694409e-01
-7.50308501e-01
-7.49887993e-01
-7.49431563e-01
-7.48942584e-01
-7.48418581e-01
-7.47860966e-01
-7.47264191e-01
-7.46625408e-01
-7.45933410e-01
-7.45178116e-01
-7.44339417e-01
-7.43396460e-01
-7.42316608e-01
-7.41064610e-01
-7.39592067e-01
-7.37846796e-01
-7.35763431e-01
-7.33273616e-01
-7.30298721e-01
-7.26761850e-01
-7.22583987e-01
-7.17699054e-01
-7.12054844e-01
-7.05632025e-01
-6.98450237e-01
-6.90589965e-01
-6.82200690e-01
-6.73519182e-01
-6.64869096e-01
-6.56660201e-01
-6.49360426e-01
-6.43457256e-01
-6.39391703e-01
-6.37490627e-01
-6.37901558e-01
-6.40567244e-01
-6.45250190e-01
-6.51441540e-01
-7.48201593e-01
-7.50872486e-01
-7.52819146e-01
-7.54255603e-01
-7.55253843e-01
-7.55897499e-01
-7.56271053e-01
-7.56448818e-01
-7.56493670e-01
-7.56452374e-01
-7.56360373e-01
-7.56239346e-01
-7.56104312e-01
-7.55960706e-01
-7.55811991e-01
-7.55655338e-01
-7.55489289e-01
-7.55308039e-01
-7.55109206e-01
-7.54886961e-01
-7.54640036e-01
-7.54363959e-01
-7.54059380e-01
-7.53723597e-01
-7.53359216e-01
-7.52965101e-01
-7.52545320e-01
-7.52099627e-01
-7.51632605e-01
-7.51143748e-01
-7.50636697e-01
-7.50108984e-01
-7.49561234e-01
-7.48986628e-01
-7.48379952e-01
-7.47726866e-01
-7.47012705e-01
-7.46211693e-01
-7.45295508e-01
-7.44222686e-01
-7.42947129e-01
-7.41408168e-01
-7.39539453e-01
-7.37260472e-01
-7.34486639e-01
-7.31123482e-01
-7.27079193e-01
-7.22263100e-01
-7.16602244e-01
-7.10045790e-01
-7.02586745e-01
-6.94272594e-01
-6.85230407e-01
-6.75678810e-01
-6.65946536e-01
-6.56469411e-01
-6.47779097e-01
-6.40457836e-01
-6.35073996e-01
-6.32089693e-01
-6.31774789e-01
-6.34148057e-01
-6.38990331e-01
-6.45758863e-01
-7.53049824e-01
-7.55948618e-01
-7.58017678e-01
-7.59475667e-01
-7.60408052e-01
-7.60919264e-01
-7.61113385e-01
-7.61085087e-01
-7.60910780e-01
-7.60650321e-01
-7.60344454e-01
-7.60021591e-01
-7.59696380e-01
-7.59377652e-01
-7.59065708e-01
-7.58760098e-01
-7.58455198e-01
-7.58147760e-01
-7.57831046e-01
-7.57502393e-01
-7.57156266e-01
-7.56792027e-01
-7.56406193e-01
-7.56000495e-01
-7.55573520e-01
-7.55129056e-01
-7.54667241e-01
-7.54193134e-01
-7.53707453e-01
-7.53215273e-01
-7.52716403e-01
-7.52214101e-01
-7.51705136e-01
-7.51188385e-01
-7.50654634e-01
-7.50094942e-01
-7.49490266e-01
-7.48819537e-01
-7.48049259e-01
-7.47141359e-01
-7.46043090e-01
-7.44694911e-01
-7.43021281e-01
-7.40939168e-01
-7.38350697e-01
-7.35153338e-01
-7.31235874e-01
-7.26491842e-01
-7.20820803e-01
-7.14147026e-01
-7.06428121e-01
-6.97680392e-01
-6.87994998e-01
-6.77567160e-01
-6.66712121e-01
-6.55882631e-01
-6.45659268e-01
-6.36721121e-01
-6.29772422e-01
-6.25441398e-01
-6.24157355e-01
-6.26057816e-01
-6.30968253e-01
-6.38320812e-01
-7.58540618e-01
-7.61722327e-01
-7.63927599e-01
-7.65382166e-01
-7.66195017e-01
-7.66499636e-01
-7.66431840e-01
-7.66111484e-01
-7.65637213e-01
-7.65081477e-01
-7.64496051e-01
-7.63911967e-01
-7.63348164e-01
-7.62810878e-01
-7.62302080e-01
-7.61816776e-01
-7.61350685e-01
-7.60895631e-01
-7.60446816e-01
-7.59996822e-01
-7.59542867e-01
-7.59079848e-01
-7.58607788e-01
-7.58124197e-01
-7.57631784e-01
-7.57130291e-01
-7.56624452e-01
-7.56115397e-01
-7.55608777e-01
-7.55105804e-01
-7.54611430e-01
-7.54125056e-01
-7.53648655e-01
-7.53177171e-01
-7.52706453e-01
-7.52223411e-01
-7.51713648e-01
-7.51151467e-01
-7.50507183e-01
-7.49737186e-01
-7.48791064e-01
-7.47602116e-01
-7.46094676e-01
-7.44175787e-01
-7.41743492e-01
-7.38680837e-01
-7.34866409e-01
-7.30172425e-01
-7.24479470e-01
-7.17681112e-01
-7.09705416e-01
-7.00528781e-01
-6.90206155e-01
-6.78894101e-01
-6.66885167e-01
-6.54627662e-01
-6.42739192e-01
-6.31982950e-01
-6.23207721e-01
-6.17230555e-01
-6.14687491e-01
-6.15885815e-01
-6.20739681e-01
-6.28671995e-01
-7.64805062e-01
-7.68341531e-01
-7.70692647e-01
-7.72099691e-01
-7.72708299e-01
-7.72699352e-01
-7.72252498e-01
-7.71526172e-01
-7.70644855e-01
-7.69700616e-01
-7.68753529e-01
-7.67841279e-01
-7.66981370e-01
-7.66181065e-01
-7.65437153e-01
-7.64744377e-01
-7.64092506e-01
-7.63473641e-01
-7.62877351e-01
-7.62297537e-01
-7.61726328e-01
-7.61160949e-01
-7.60596809e-01
-7.60034565e-01
-7.59472644e-01
-7.58914553e-01
-7.58360952e-01
-7.57817168e-01
-7.57284894e-01
-7.56769809e-01
-7.56272942e-01
-7.55798280e-01
-7.55343826e-01
-7.54909059e-01
-7.54485713e-01
-7.54064971e-01
-7.53628012e-01
-7.53152871e-01
-7.52604873e-01
-7.51943183e-01
-7.51111395e-01
-7.50043991e-01
-7.48657577e-01
-7.46857767e-01
-7.44531926e-01
-7.41557417e-01
-7.37797215e-01
-7.33111071e-01
-7.27356080e-01
-7.20403191e-01
-7.12145830e-01
-7.02525238e-01
-6.91550879e-01
-6.79337377e-01
-6.66136452e-01
-6.52377808e-01
-6.38691618e-01
-6.25912129e-01
-6.15026528e-01
-6.07063813e-01
-6.02912646e-01
-6.03119110e-01
-6.07747159e-01
-6.16243809e-01
-7.72030247e-01
-7.76014830e-01
-7.78511538e-01
-7.79791642e-01
-7.80064596e-01
-7.79583343e-01
-7.78594877e-01
-7.77307943e-01
-7.75883670e-01
-7.74433527e-01
-7.73029607e-01
-7.71710576e-01
-7.70494512e-01
-7.69382441e-01
-7.68368605e-01
-7.67440002e-01
-7.66584283e-01
-7.65786370e-01
-7.65035157e-01
-7.64318369e-01
-7.63628911e-01
-7.62958701e-01
-7.62305085e-01
-7.61664028e-01
-7.61036743e-01
-7.60422426e-01
-7.59825106e-01
-7.59246007e-01
-7.58690550e-01
-7.58160391e-01
-7.57660463e-01
-7.57190704e-01
-7.56753023e-01
-7.56342730e-01
-7.55955285e-01
-7.55577467e-01
-7.55193798e-01
-7.54777509e-01
-7.54296614e-01
-7.53704829e-01
-7.52947386e-01
-7.51952249e-01
-7.50635979e-01
-7.48895850e-01
-7.46616418e-01
-7.43663534e-01
-7.39892737e-01
-7.35146723e-01
-7.29267419e-01
-7.22099413e-01
-7.13508824e-01
-7.03396832e-01
-6.91730309e-01
-6.78570984e-01
-6.64122023e-01
-6.48771867e-01
-6.33143118e-01
-6.18114401e-01
-6.04801819e-01
-5.94456546e-01
-5.88271346e-01
-5.87112389e-01
-5.91285366e-01
-6.00317820e-01
-7.80489982e-01
-7.85044085e-01
-7.87660751e-01
-7.88674643e-01
-7.88403785e-01
-7.87217437e-01
-7.85458762e-01
-7.83407305e-01
-7.81266046e-01
-7.79170211e-01
-7.77198038e-01
-7.75388858e-01
-7.73752764e-01
-7.72284735e-01
-7.70968104e-01
-7.69784066e-01
-7.68710414e-01
-7.67728465e-01
-7.66819091e-01
-7.65968645e-01
-7.65163577e-01
-7.64396184e-01
-7.63658452e-01
-7.62947961e-01
-7.62261249e-01
-7.61599949e-01
-7.60963794e-01
-7.60356946e-01
-7.59780698e-01
-7.59239898e-01
-7.58735359e-01
-7.58270268e-01
-7.57842304e-01
-7.57449894e-01
-7.57084053e-01
-7.56734369e-01
-7.56380591e-01
-7.55998260e-01
-7.55550137e-01
-7.54991500e-01
-7.54261622e-01
-7.53288898e-01
-7.51982798e-01
-7.50239244e-01
-7.47933738e-01
-7.44927774e-01
-7.41064263e-01
-7.36176267e-01
-7.30086505e-01
-7.22620633e-01
-7.13613957e-01
-7.02933456e-01
-6.90497614e-01
-6.76314766e-01
-6.60524731e-01
-6.43459976e-01
-6.25706057e-01
-6.08159625e-01
-5.92041138e-01
-5.78829910e-01
-5.70069573e-01
-5.67049673e-01
-5.70446782e-01
-5.79969907e-01
-7.90599179e-01
-7.95875741e-01
-7.98531441e-01
-7.99032226e-01
-7.97888846e-01
-7.95653018e-01
-7.92808693e-01
-7.89724481e-01
-7.86652987e-01
-7.83746991e-01
-7.81086905e-01
-7.78701138e-01
-7.76587984e-01
-7.74725821e-01
-7.73086164e-01
-7.71635672e-01
-7.70343995e-01
-7.69181322e-01
-7.68124053e-01
-7.67150225e-01
-7.66244585e-01
-7.65393029e-01
-7.64587723e-01
-7.63821030e-01
-7.63090873e-01
-7.62394335e-01
-7.61733258e-01
-7.61107572e-01
-7.60521057e-01
-7.59974413e-01
-7.59471060e-01
-7.59009951e-01
-7.58591285e-01
-7.58209046e-01
-7.57856506e-01
-7.57518495e-01
-7.57176592e-01
-7.56801167e-01
-7.56356214e-01
-7.55791299e-01
-7.55046100e-01
-7.54042531e-01
-7.52689252e-01
-7.50874449e-01
-7.48470834e-01
-7.45329882e-01
-7.41288188e-01
-7.36164398e-01
-7.29768369e-01
-7.21902845e-01
-7.12378170e-01
-7.01022836e-01
-6.87709857e-01
-6.72385267e-01
-6.55118511e-01
-6.36163256e-01
-6.16041858e-01
-5.95629903e-01
-5.76222513e-01
-5.59518213e-01
-5.47461198e-01
-5.41888355e-01
-5.44038301e-01
-5.53976222e-01
-8.03010241e-01
-8.09188637e-01
-8.11680483e-01
-8.11230816e-01
-8.08691329e-01
-8.04902030e-01
-8.00540185e-01
-7.96083029e-01
-7.91826952e-01
-7.87932059e-01
-7.84462748e-01
-7.81425448e-01
-7.78791278e-01
-7.76516397e-01
-7.74549459e-01
-7.72841630e-01
-7.71346194e-01
-7.70024222e-01
-7.68840822e-01
-7.67769469e-01
-7.66786933e-01
-7.65877493e-01
-7.65027327e-01
-7.64228992e-01
-7.63475537e-01
-7.62765296e-01
-7.62095795e-01
-7.61468776e-01
-7.60883906e-01
-7.60343914e-01
-7.59848076e-01
-7.59397340e-01
-7.58987565e-01
-7.58614505e-01
-7.58266780e-01
-7.57930605e-01
-7.57582511e-01
-7.57193729e-01
-7.56722729e-01
-7.56119268e-01
-7.55316907e-01
-7.54236849e-01
-7.52780768e-01
-7.50834759e-01
-7.48263028e-01
-7.44912537e-01
-7.40608387e-01
-7.35160100e-01
-7.28359979e-01
-7.19992639e-01
-7.09838756e-01
-6.97691430e-01
-6.83371239e-01
-6.66758973e-01
-6.47837098e-01
-6.26760316e-01
-6.03948428e-01
-5.80210339e-01
-5.56865084e-01
-5.35810436e-01
-5.19435655e-01
-5.10285593e-01
-5.10443674e-01
-5.20648977e-01
-8.18795638e-01
-8.26041412e-01
-8.27903355e-01
-8.25721749e-01
-8.20955053e-01
-8.14881294e-01
-8.08429113e-01
-8.02183358e-01
-7.96462461e-01
-7.91401138e-01
-7.87022274e-01
-7.83284545e-01
-7.80117762e-01
-7.77440018e-01
-7.75172027e-01
-7.73239683e-01
-7.71579984e-01
-7.70138002e-01
-7.68870295e-01
-7.67740048e-01
-7.66720164e-01
-7.65787899e-01
-7.64928291e-01
-7.64128648e-01
-7.63382414e-01
-7.62683572e-01
-7.62030851e-01
-7.61422016e-01
-7.60858283e-01
-7.60338451e-01
-7.59863383e-01
-7.59429938e-01
-7.59035375e-01
-7.58671057e-01
-7.58326657e-01
-7.57983606e-01
-7.57619012e-01
-7.57198873e-01
-7.56681657e-01
-7.56011378e-01
-7.55120872e-01
-7.53924951e-01
-7.52323555e-01
-7.50195332e-01
-7.47401044e-01
-7.43778133e-01
-7.39144952e-01
-7.33297123e-01
-7.26013499e-01
-7.17055587e-01
-7.06176984e-01
-6.93128787e-01
-6.77677500e-01
-6.59625530e-01
-6.38853635e-01
-6.15383450e-01
-5.89484325e-01
-5.61824359e-01
-5.33666686e-01
-5.07050037e-01
-4.84843567e-01
-4.70503784e-01
-4.67397387e-01
-4.77530180e-01
-8.39808430e-01
-8.48125860e-01
-8.48318123e-01
-8.43004925e-01
-8.34700824e-01
-8.25311852e-01
-8.16042716e-01
-8.07541767e-01
-8.00083115e-01
-7.93718905e-01
-7.88381625e-01
-7.83951322e-01
-7.80290904e-01
-7.77268546e-01
-7.74764375e-01
-7.72676695e-01
-7.70919188e-01
-7.69422824e-01
-7.68130631e-01
-7.66999195e-01
-7.65993125e-01
-7.65087136e-01
-7.64260675e-01
-7.63500672e-01
-7.62796310e-01
-7.62142299e-01
-7.61533679e-01
-7.60969434e-01
-7.60447235e-01
-7.59967212e-01
-7.59526565e-01
-7.59123343e-01
-7.58750866e-01
-7.58401372e-01
-7.58060215e-01
-7.57709273e-01
-7.57320902e-01
-7.56861033e-01
-7.56282924e-01
-7.55529931e-01
-7.54529170e-01
-7.53194041e-01
-7.51418031e-01
-7.49077190e-01
-7.46024425e-01
-7.42092274e-01
-7.37088158e-01
-7.30797915e-01
-7.22982631e-01
-7.13383606e-01
-7.01721831e-01
-6.87706143e-01
-6.71038908e-01
-6.51434584e-01
-6.28646411e-01
-6.02524077e-01
-5.73112783e-01
-5.40829854e-01
-5.06731433e-01
-4.72855406e-01
-4.42516937e-01
-4.20325057e-01
-4.11611360e-01
-4.20796411e-01
-8.69437658e-01
-8.78187851e-01
-8.74417036e-01
-8.63472747e-01
-8.49616449e-01
-8.35529966e-01
-8.22605826e-01
-8.11404574e-01
-8.02021633e-01
-7.94323015e-01
-7.88084256e-01
-7.83061203e-01
-7.79026478e-01
-7.75781014e-01
-7.73159404e-01
-7.71025586e-01
-7.69271657e-01
-7.67810909e-01
-7.66576744e-01
-7.65516183e-01
-7.64590087e-01
-7.63767479e-01
-7.63026941e-01
-7.62351504e-01
-7.61730872e-01
-7.61156607e-01
-7.60624871e-01
-7.60131711e-01
-7.59676076e-01
-7.59255072e-01
-7.58867069e-01
-7.58506830e-01
-7.58168566e-01
-7.57840870e-01
-7.57509598e-01
-7.57152576e-01
-7.56742215e-01
-7.56239984e-01
-7.55598711e-01
-7.54756885e-01
-7.53640645e-01
-7.52158041e-01
-7.50200811e-01
-7.47638803e-01
-7.44321710e-01
-7.40073910e-01
-7.34696362e-01
-7.27962086e-01
-7.19618322e-01
-7.09382769e-01
-6.96946032e-01
-6.81968959e-01
-6.64086581e-01
-6.42910382e-01
-6.18043887e-01
-5.89114231e-01
-5.55852469e-01
-5.18258579e-01
-4.76921676e-01
-4.33543169e-01
-3.91627563e-01
-3.57079703e-01
-3.38199137e-01
-3.44058937e-01
-9.14273029e-01
-9.20663595e-01
-9.07901489e-01
-8.86954068e-01
-8.64612032e-01
-8.44168426e-01
-8.26809685e-01
-8.12661184e-01
-8.01394618e-01
-7.92540837e-01
-7.85631133e-01
-7.80254287e-01
-7.76069197e-01
-7.72803343e-01
-7.70241368e-01
-7.68216546e-01
-7.66598979e-01
-7.65289826e-01
-7.64212401e-01
-7.63309582e-01
-7.62537181e-01
-7.61863550e-01
-7.61264311e-01
-7.60723308e-01
-7.60228061e-01
-7.59771519e-01
-7.59347828e-01
-7.58954538e-01
-7.58588462e-01
-7.58248077e-01
-7.57929342e-01
-7.57628122e-01
-7.57335864e-01
-7.57041912e-01
-7.56728985e-01
-7.56375273e-01
-7.55949692e-01
-7.55413694e-01
-7.54716303e-01
-7.53795617e-01
-7.52573690e-01
-7.50957747e-01
-7.48835029e-01
-7.46073790e-01
-7.42518227e-01
-7.37989308e-01
-7.32279820e-01
-7.25154869e-01
-7.16346733e-01
-7.05554354e-01
-6.92436939e-01
-6.76610865e-01
-6.57640201e-01
-6.35029643e-01
-6.08213641e-01
-5.76556704e-01
-5.39378270e-01
-4.96058109e-01
-4.46318893e-01
-3.90863699e-01
-3.32554427e-01
-2.78134021e-01
-2.39949007e-01
-2.35924164e-01
-9.87939398e-01
-9.82307456e-01
-9.49718858e-01
-9.11546804e-01
-8.76972990e-01
-8.48681983e-01
-8.26616498e-01
-8.09809221e-01
-7.97151721e-01
-7.87664997e-01
-7.80564468e-01
-7.75246661e-01
-7.71257240e-01
-7.68255620e-01
-7.65988133e-01
-7.64264444e-01
-7.62942910e-01
-7.61916656e-01
-7.61106635e-01
-7.60453066e-01
-7.59912685e-01
-7.59452917e-01
-7.59051364e-01
-7.58691339e-01
-7.58362562e-01
-7.58057335e-01
-7.57771893e-01
-7.57502840e-01
-7.57248818e-01
-7.57006997e-01
-7.56774844e-01
-7.56546541e-01
-7.56314705e-01
-7.56066643e-01
-7.55785914e-01
-7.55448371e-01
-7.55023484e-01
-7.54470154e-01
-7.53737738e-01
-7.52761666e-01
-7.51464160e-01
-7.49749701e-01
-7.47505463e-01
-7.44596690e-01
-7.40866827e-01
-7.36132763e-01
-7.30184442e-01
-7.22779572e-01
-7.13641887e-01
-7.02453965e-01
-6.88851875e-01
-6.72412571e-01
-6.52639514e-01
-6.28936902e-01
-6.00576058e-01
-5.66645959e-01
-5.25998759e-01
-4.77214114e-01
-4.18683907e-01
-3.49070273e-01
-2.68695033e-01
-1.82748318e-01
-1.07078765e-01
-7.51642402e-02
-1.12008265e+00
-1.07114115e+00
-9.96612523e-01
-9.31004032e-01
-8.81015774e-01
-8.44887241e-01
-8.19250286e-01
-8.01123792e-01
-7.88277092e-01
-7.79135893e-01
-7.72608329e-01
-7.67937795e-01
-7.64594966e-01
-7.62206100e-01
-7.60503370e-01
-7.59293807e-01
-7.58436310e-01
-7.57828258e-01
-7.57393846e-01
-7.57078408e-01
-7.56841668e-01
-7.56655623e-01
-7.56500027e-01
-7.56362012e-01
-7.56232615e-01
-7.56107281e-01
-7.55982849e-01
-7.55858497e-01
-7.55732893e-01
-7.55605315e-01
-7.55472793e-01
-7.55331238e-01
-7.55172469e-01
-7.54985231e-01
-7.54752037e-01
-7.54449980e-01
-7.54047362e-01
-7.53504240e-01
-7.52768829e-01
-7.51777760e-01
-7.50452277e-01
-7.48698203e-01
-7.46401965e-01
-7.43430235e-01
-7.39625745e-01
-7.34806431e-01
-7.28760711e-01
-7.21245477e-01
-7.11979719e-01
-7.00639432e-01
-6.86846430e-01
-6.70154947e-01
-6.50027177e-01
-6.25797717e-01
-5.96613219e-01
-5.61338016e-01
-5.18400651e-01
-4.65561006e-01
-3.99593124e-01
-3.16021643e-01
-2.09550531e-01
-7.73077957e-02
6.96805660e-02
1.78127653e-01
-1.37602389e+00
-1.18558505e+00
-1.03108612e+00
-9.30136638e-01
-8.66943688e-01
-8.27232320e-01
-8.01817169e-01
-7.85220779e-01
-7.74202882e-01
-7.66811581e-01
-7.61837337e-01
-7.58505978e-01
-7.56306897e-01
-7.54893469e-01
-7.54025551e-01
-7.53533309e-01
-7.53295860e-01
-7.53225987e-01
-7.53261469e-01
-7.53357487e-01
-7.53483000e-01
-7.53616302e-01
-7.53743643e-01
-7.53856197e-01
-7.53949753e-01
-7.54022324e-01
-7.54074369e-01
-7.54106658e-01
-7.54120726e-01
-7.54116794e-01
-7.54094268e-01
-7.54049593e-01
-7.53976674e-01
-7.53864570e-01
-7.53697758e-01
-7.53453613e-01
-7.53102441e-01
-7.52604734e-01
-7.51910925e-01
-7.50958420e-01
-7.49671076e-01
-7.47956017e-01
-7.45702822e-01
-7.42780120e-01
-7.39034393e-01
-7.34286170e-01
-7.28328042e-01
-7.20919759e-01
-7.11784220e-01
-7.00599375e-01
-6.86988669e-01
-6.70503896e-01
-6.50600165e-01
-6.26592609e-01
-5.97585515e-01
-5.62347195e-01
-5.19087374e-01
-4.65042739e-01
-3.95691735e-01
-3.03273466e-01
-1.74269320e-01
1.31701651e-02
2.82424645e-01
5.96591631e-01
-1.89404743e+00
-1.26876348e+00
-1.00668609e+00
-8.86346490e-01
-8.25917130e-01
-7.93161996e-01
-7.74304074e-01
-7.62979279e-01
-7.56023168e-01
-7.51746317e-01
-7.49183092e-01
-7.47746660e-01
-7.47060973e-01
-7.46875289e-01
-7.47017041e-01
-7.47365556e-01
-7.47835228e-01
-7.48365726e-01
-7.48914458e-01
-7.49452444e-01
-7.49960236e-01
-7.50426128e-01
-7.50843564e-01
-7.51210438e-01
-7.51527182e-01
-7.51796608e-01
-7.52022289e-01
-7.52208647e-01
-7.52359417e-01
-7.52477804e-01
-7.52564912e-01
-7.52619833e-01
-7.52637956e-01
-7.52610913e-01
-7.52524694e-01
-7.52359384e-01
-7.52087052e-01
-7.51671235e-01
-7.51064584e-01
-7.50208082e-01
-7.49028462e-01
-7.47437155e-01
-7.45327492e-01
-7.42573370e-01
-7.39026179e-01
-7.34513017e-01
-7.28833032e-01
-7.21754559e-01
-7.13009804e-01
-7.02289064e-01
-6.89230655e-01
-6.73406990e-01
-6.54300861e-01
-6.31267754e-01
-6.03469923e-01
-5.69759867e-01
-5.28458909e-01
-4.76910268e-01
-4.10494606e-01
-3.20258779e-01
-1.86738446e-01
3.64160290e-02
4.60545347e-01
1.31910936e+00
SCALARS vorticity double 1
LOOKUP_TABLE default
7.20316705e-04
-1.99002565e-03
2.90840484e-04
9.75353161e-03
2.45934351e-02
4.39683039e-02
6.72839635e-02
9.39707258e-02
1.23447953e-01
1.55141250e-01
1.88503757e-01
2.23031757e-01
2.58271785e-01
2.93822886e-01
3.29334117e-01
3.64500610e-01
3.99057568e-01
4.32774634e-01
4.65449548e-01
4.96902960e-01
5.26973160e-01
5.55512182e-01
5.82382065e-01
6.07452429e-01
6.30598233e-01
6.51698663e-01
6.70636156e-01
6.87296319e-01
7.01567940e-01
7.13343678e-01
7.22520830e-01
7.29002581e-01
7.32699378e-01
7.33530627e-01
7.31426577e-01
7.26330403e-01
7.18200566e-01
7.07013240e-01
6.92765114e-01
6.75476122e-01
6.55192610e-01
6.31990279e-01
6.05977568e-01
5.77298612e-01
5.46136604e-01
5.12716438e-01
4.77307654e-01
4.40226316e-01
4.01836980e-01
3.62553188e-01
3.22837742e-01
2.83200968e-01
2.44198258e-01
2.06424747e-01
1.70508066e-01
1.37095995e-01
1.06838013e-01
8.03528428e-02
5.81702573e-02
4.06128454e-02
2.75428648e-02
1.78015504e-02
8.06008159e-03
3.04000972e-04
8.90957335e-03
8.88428989e-03
1.24603932e-02
2.22682242e-02
3.65743089e-02
5.47210019e-02
7.62884915e-02
1.00857470e-01
1.27971959e-01
1.57156129e-01
1.87938422e-01
2.19869978e-01
2.52536000e-01
2.85561022e-01
3.18610106e-01
3.51387110e-01
3.83631437e-01
4.15113760e-01
4.45631568e-01
4.75004655e-01
5.03071047e-01
5.29683298e-01
5.54705452e-01
5.78010494e-01
5.99478484e-01
6.18995159e-01
6.36451115e-01
6.51741387e-01
6.64765485e-01
6.75427750e-01
6.83638049e-01
6.89312727e-01
6.92375828e-01
6.92760527e-01
6.90410773e-01
6.85283134e-01
6.77348809e-01
6.66595827e-01
6.53031378e-01
6.36684311e-01
6.17607687e-01
5.95881471e-01
5.71615170e-01
5.44950514e-01
5.16063944e-01
4.85168980e-01
4.52518180e-01
4.18404758e-01
3.83163494e-01
3.47170968e-01
3.10844659e-01
2.74640860e-01
2.39050708e-01
2.04594005e-01
1.71809448e-01
1.41239755e-01
1.13407863e-01
8.87775832e-02
6.76835314e-02
5.01969843e-02
3.58476175e-02
2.30146153e-02
7.58379713e-03
-3.07360359e-03
1.93300414e-02
2.45749406e-02
3.22941302e-02
4.28820049e-02
5.62526418e-02
7.22894563e-02
9.08539842e-02
1.11748442e-01
1.34710506e-01
1.59429121e-01
1.85566194e-01
2.12776132e-01
2.40720603e-01
2.69078386e-01
2.97551155e-01
3.25866163e-01
3.53776737e-01
3.81061274e-01
4.07521340e-01
4.32979252e-01
4.57275501e-01
4.80266203e-01
5.01820764e-01
5.21819832e-01
5.40153606e-01
5.56720520e-01
5.71426303e-01
5.84183403e-01
5.94910744e-01
6.03533796e-01
6.09984923e-01
6.14203976e-01
6.16139118e-01
6.15747840e-01
6.12998153e-01
6.07869945e-01
6.00356468e-01
5.90465943e-01
5.78223264e-01
5.63671768e-01
5.46875043e-01
5.27918736e-01
5.06912315e-01
4.83990728e-01
4.59315883e-01
4.33077887e-01
4.05495912e-01
3.76818602e-01
3.47323819e-01
3.17317587e-01
2.87131890e-01
2.57121025e-01
2.27655871e-01
1.99115274e-01
1.71873112e-01
1.46278783e-01
1.22627201e-01
1.01111691e-01
8.17481425e-02
6.42505004e-02
4.78266559e-02
3.08695274e-02
1.06405742e-02
-1.67479625e-03
2.99770206e-02
3.79614470e-02
4.92122256e-02
6.06682772e-02
7.32184277e-02
8.72820824e-02
1.03041061e-01
1.20524145e-01
1.39647963e-01
1.60247268e-01
1.82101340e-01
2.04956416e-01
2.28543549e-01
2.52591963e-01
2.76838470e-01
3.01033654e-01
3.24945535e-01
3.48361321e-01
3.71087788e-01
3.92950698e-01
4.13793622e-01
4.33476424e-01
4.51873626e-01
4.68872797e-01
4.84373087e-01
4.98283976e-01
5.10524262e-01
5.21021339e-01
5.29710739e-01
5.36535947e-01
5.41448456e-01
5.44408058e-01
5.45383331e-01
5.44352305e-01
5.41303286e-01
5.36235791e-01
5.29161604e-01
5.20105884e-01
5.09108332e-01
4.96224357e-01
4.81526226e-01
4.65104134e-01
4.47067173e-01
4.27544119e-01
4.06683990e-01
3.84656294e-01
3.61650877e-01
3.37877249e-01
3.13563249e-01
2.88952843e-01
2.64302778e-01
2.39877700e-01
2.15943138e-01
1.92755491e-01
1.70547658e-01
1.49508305e-01
1.29751753e-01
1.11274263e-01
9.38912613e-02
7.71498190e-02
6.02159602e-02
4.17632563e-02
1.99816880e-02
6.82921454e-03
4.40695984e-02
5.30765857e-02
6.59315337e-02
7.74157687e-02
8.87622520e-02
1.00700969e-01
1.13651829e-01
1.27828587e-01
1.43296955e-01
1.60013573e-01
1.77856441e-01
1.96649880e-01
2.16184776e-01
2.36234544e-01
2.56567314e-01
2.76954858e-01
2.97178845e-01
3.17034884e-01
3.36334864e-01
3.54907966e-01
3.72600725e-01
3.89276429e-01
4.04814117e-01
4.19107366e-01
4.32063024e-01
4.43600013e-01
4.53648270e-01
4.62147882e-01
4.69048448e-01
4.74308662e-01
4.77896130e-01
4.79787391e-01
4.79968124e-01
4.78433528e-01
4.75188822e-01
4.70249859e-01
4.63643802e-01
4.55409836e-01
4.45599884e-01
4.34279271e-01
4.21527312e-01
4.07437766e-01
3.92119117e-01
3.75694609e-01
3.58302005e-01
3.40092965e-01
3.21231990e-01
3.01894816e-01
2.82266122e-01
2.62536386e-01
2.42897617e-01
2.23537625e-01
2.04632297e-01
1.86335145e-01
1.68763069e-01
1.51976909e-01
1.35954998e-01
1.20557931e-01
1.05483531e-01
9.02134904e-02
7.39593879e-02
5.56313398e-02
3.38886217e-02
2.07030926e-02
6.27575674e-02
7.15498019e-02
8.40933046e-02
9.44786402e-02
1.03974515e-01
1.13436920e-01
1.23423533e-01
1.34274642e-01
1.46166458e-01
1.59149635e-01
1.73180102e-01
1.88144810e-01
2.03883228e-01
2.20204985e-01
2.36904014e-01
2.53769576e-01
2.70594541e-01
2.87181314e-01
3.03345802e-01
3.18919777e-01
3.33751999e-01
3.47708403e-01
3.60671633e-01
3.72540170e-01
3.83227228e-01
3.92659589e-01
4.00776488e-01
4.07528622e-01
4.12877333e-01
4.16794002e-01
4.19259638e-01
4.20264683e-01
4.19808982e-01
4.17901919e-01
4.14562666e-01
4.09820520e-01
4.03715283e-01
3.96297654e-01
3.87629565e-01
3.77784442e-01
3.66847328e-01
3.54914816e-01
3.42094747e-01
3.28505622e-01
3.14275653e-01
2.99541415e-01
2.84446005e-01
2.69136642e-01
2.53761583e-01
2.38466218e-01
2.23388139e-01
2.08650901e-01
1.94356087e-01
1.80573142e-01
1.67326290e-01
1.54577697e-01
1.42206162e-01
1.29981106e-01
1.17532996e-01
1.04323563e-01
8.96221146e-02
7.24990104e-02
5.18592830e-02
3.92709420e-02
8.62566742e-02
9.39282356e-02
1.04564749e-01
1.12748246e-01
1.19670696e-01
1.26208870e-01
1.32981853e-01
1.40403456e-01
1.48722599e-01
1.58055999e-01
1.68416386e-01
1.79737308e-01
1.91894732e-01
2.04725508e-01
2.18042775e-01
2.31648488e-01
2.45343260e-01
2.58933781e-01
2.72238104e-01
2.85089128e-01
2.97336591e-01
3.08847913e-01
3.19508172e-01
3.29219483e-01
3.37900022e-01
3.45482859e-01
3.51914773e-01
3.57155126e-01
3.61174887e-01
3.63955841e-01
3.65489992e-01
3.65779170e-01
3.64834811e-01
3.62677891e-01
3.59338972e-01
3.54858326e-01
3.49286078e-01
3.42682332e-01
3.35117223e-01
3.26670842e-01
3.17432975e-01
3.07502615e-01
2.96987178e-01
2.86001375e-01
2.74665688e-01
2.63104389e-01
2.51443054e-01
2.39805486e-01
2.28309990e-01
2.17064880e-01
2.06163089e-01
1.95675687e-01
1.85644066e-01
1.76070484e-01
1.66906585e-01
1.58039592e-01
1.49276071e-01
1.40323887e-01
1.30774086e-01
1.20085701e-01
1.07576715e-01
9.24240846e-02
7.36819356e-02
6.21488385e-02
1.14399855e-01
1.20278221e-01
1.27741527e-01
1.32754570e-01
1.36408621e-01
1.39553127e-01
1.42821341e-01
1.46661162e-01
1.51362750e-01
1.57083995e-01
1.63874762e-01
1.71699716e-01
1.80459229e-01
1.90008012e-01
2.00171238e-01
2.10758101e-01
2.21572823e-01
2.32423224e-01
2.43127065e-01
2.53516420e-01
2.63440376e-01
2.72766380e-01
2.81380555e-01
2.89187264e-01
2.96108189e-01
3.02081137e-01
3.07058755e-01
3.11007269e-01
3.13905347e-01
3.15743136e-01
3.16521503e-01
3.16251469e-01
3.14953831e-01
3.12658937e-01
3.09406573e-01
3.05245920e-01
3.00235515e-01
2.94443177e-01
2.87945831e-01
2.80829164e-01
2.73187071e-01
2.65120807e-01
2.56737817e-01
2.48150159e-01
2.39472498e-01
2.30819600e-01
2.22303289e-01
2.14028829e-01
2.06090664e-01
1.98567471e-01
1.91516452e-01
1.84966767e-01
1.78912009e-01
1.73301591e-01
1.68030934e-01
1.62930482e-01
1.57753814e-01
1.52165765e-01
1.45732248e-01
1.37913895e-01
1.28064434e-01
1.15432870e-01
9.91747086e-02
8.90078931e-02
1.46882422e-01
1.50459031e-01
1.53752445e-01
1.54780372e-01
1.54542938e-01
1.53846144e-01
1.53312231e-01
1.53397164e-01
1.54408691e-01
1.56525485e-01
1.59817434e-01
1.64266210e-01
1.69785121e-01
1.76237521e-01
1.83453296e-01
1.91243106e-01
1.99410247e-01
2.07760111e-01
2.16107341e-01
2.24280897e-01
2.32127300e-01
2.39512355e-01
2.46321700e-01
2.52460471e-01
2.57852384e-01
2.62438468e-01
2.66175657e-01
2.69035379e-01
2.71002261e-01
2.72073005e-01
2.72255473e-01
2.71567981e-01
2.70038789e-01
2.67705753e-01
2.64616089e-01
2.60826205e-01
2.56401530e-01
2.51416292e-01
2.45953162e-01
2.40102712e-01
2.33962620e-01
2.27636544e-01
2.21232631e-01
2.14861575e-01
2.08634206e-01
2.02658546e-01
1.97036304e-01
1.91858791e-01
1.87202220e-01
1.83122385e-01
1.79648715e-01
1.76777673e-01
1.74465542e-01
1.72620594e-01
1.71094750e-01
1.69674930e-01
1.68074576e-01
1.65926282e-01
1.62776998e-01
1.58087139e-01
1.51233214e-01
1.41511508e-01
1.28147412e-01
1.19540599e-01
1.83368166e-01
1.84250510e-01
1.82583305e-01
1.78950989e-01
1.74281852e-01
1.69337840e-01
1.64718903e-01
1.60873367e-01
1.58109941e-01
1.56612278e-01
1.56456090e-01
1.57627713e-01
1.60042915e-01
1.63564968e-01
1.68021298e-01
1.73218204e-01
1.78953360e-01
1.85025939e-01
1.91244408e-01
1.97432111e-01
2.03430906e-01
2.09103152e-01
2.14332382e-01
2.19022995e-01
2.23099280e-01
2.26504034e-01
2.29197001e-01
2.31153300e-01
2.32361965e-01
2.32824666e-01
2.32554652e-01
2.31575927e-01
2.29922630e-01
2.27638591e-01
2.24777008e-01
2.21400191e-01
2.17579299e-01
2.13394008e-01
2.08932031e-01
2.04288424e-01
1.99564601e-01
1.94866999e-01
1.90305320e-01
1.85990297e-01
1.82030943e-01
1.78531239e-01
1.75586237e-01
1.73277565e-01
1.71668349e-01
1.70797549e-01
1.70673783e-01
1.71268679e-01
1.72509863e-01
1.74273744e-01
1.76378287e-01
1.78576138e-01
1.80548638e-01
1.81901642e-01
1.82164351e-01
1.80791956e-01
1.77171029e-01
1.70624703e-01
1.60422175e-01
1.53480039e-01
2.23536458e-01
2.21414018e-01
2.14148778e-01
2.05296371e-01
1.95733224e-01
1.86183137e-01
1.77220326e-01
1.69276742e-01
1.62650857e-01
1.57519455e-01
1.53952598e-01
1.51930764e-01
1.51362849e-01
1.52103984e-01
1.53972307e-01
1.56764056e-01
1.60266572e-01
1.64268949e-01
1.68570307e-01
1.72985756e-01
1.77350305e-01
1.81520989e-01
1.85377584e-01
1.88822247e-01
1.91778423e-01
1.94189301e-01
1.96016081e-01
1.97236216e-01
1.97841782e-01
1.97838051e-01
1.97242300e-01
1.96082883e-01
1.94398524e-01
1.92237798e-01
1.89658758e-01
1.86728608e-01
1.83523392e-01
1.80127581e-01
1.76633515e-01
1.73140593e-01
1.69754156e-01
1.66583977e-01
1.63742305e-01
1.61341385e-01
1.59490435e-01
1.58292014e-01
1.57837782e-01
1.58203652e-01
1.59444334e-01
1.61587350e-01
1.64626575e-01
1.68515451e-01
1.73160024e-01
1.78412066e-01
1.84062569e-01
1.89836051e-01
1.95386283e-01
2.00294265e-01
2.04069500e-01
2.06155028e-01
2.05934803e-01
2.02740324e-01
1.95861005e-01
1.90625480e-01
2.67101866e-01
2.61722225e-01
2.48333655e-01
2.33791664e-01
2.18938491e-01
2.04467774e-01
1.90928553e-01
1.78731960e-01
1.68158850e-01
1.59370335e-01
1.52421654e-01
1.47278529e-01
1.43834770e-01
1.41930027e-01
1.41366752e-01
1.41925657e-01
1.43379144e-01
1.45502391e-01
1.48081982e-01
1.50922151e-01
1.53848837e-01
1.56711869e-01
1.59385626e-01
1.61768560e-01
1.63781921e-01
1.65368022e-01
1.66488292e-01
1.67121321e-01
1.67261053e-01
1.66915205e-01
1.66103959e-01
1.64858933e-01
1.63222406e-01
1.61246755e-01
1.58994030e-01
1.56535610e-01
1.53951845e-01
1.51331612e-01
1.48771696e-01
1.46375912e-01
1.44253887e-01
1.42519428e-01
1.41288406e-01
1.40676090e-01
1.40793889e-01
1.41745462e-01
1.43622172e-01
1.46497898e-01
1.50423227e-01
1.55419093e-01
1.61469985e-01
1.68516863e-01
1.76450042e-01
1.85102326e-01
1.94242798e-01
2.03571756e-01
2.12717444e-01
2.21235407e-01
2.28611386e-01
2.34268030e-01
2.37573833e-01
2.37851202e-01
2.34387934e-01
2.30860907e-01
3.13822543e-01
3.04973308e-01
2.85016323e-01
2.64383094e-01
2.43896521e-01
2.24228155e-01
2.05904185e-01
1.89312923e-01
1.74712693e-01
1.62242301e-01
1.51934737e-01
1.43733415e-01
1.37509817e-01
1.33081444e-01
1.30229114e-01
1.28712828e-01
1.28285616e-01
1.28704994e-01
1.29741877e-01
1.31187005e-01
1.32855063e-01
1.34586824e-01
1.36249684e-01
1.37736994e-01
1.38966561e-01
1.39878665e-01
1.40433879e-01
1.40610896e-01
1.40404538e-01
1.39824016e-01
1.38891506e-01
1.37641039e-01
1.36117665e-01
1.34376852e-01
1.32484045e-01
1.30514302e-01
1.28551932e-01
1.26690029e-01
1.25029826e-01
1.23679773e-01
1.22754264e-01
1.22371912e-01
1.22653323e-01
1.23718290e-01
1.25682353e-01
1.28652689e-01
1.32723300e-01
1.37969512e-01
1.44441796e-01
1.52159000e-01
1.61101105e-01
1.71201690e-01
1.82340397e-01
1.94335733e-01
2.06938697e-01
2.19827790e-01
2.32606131e-01
2.44801538e-01
2.55870436e-01
2.65205804e-01
2.72147489e-01
2.75991790e-01
2.76004336e-01
2.74168136e-01
3.63501710e-01
3.50997281e-01
3.24081894e-01
2.97004135e-01
2.70579902e-01
2.45466037e-01
2.22168761e-01
2.01052780e-01
1.82350418e-01
1.66172952e-01
1.52524929e-01
1.41320901e-01
1.32403552e-01
1.25562145e-01
1.20550333e-01
1.17102513e-01
1.14948104e-01
1.13823350e-01
1.13480466e-01
1.13694158e-01
1.14265742e-01
1.15025160e-01
1.15831321e-01
1.16571178e-01
1.17157951e-01
1.17528865e-01
1.17642697e-01
1.17477376e-01
1.17027782e-01
1.16303861e-01
1.15329081e-01
1.14139237e-01
1.12781573e-01
1.11314151e-01
1.09805403e-01
1.08333769e-01
1.06987335e-01
1.05863372e-01
1.05067682e-01
1.04713666e-01
1.04921011e-01
1.05813930e-01
1.07518861e-01
1.10161570e-01
1.13863589e-01
1.18737929e-01
1.24884054e-01
1.32382086e-01
1.41286255e-01
1.51617672e-01
1.63356526e-01
1.76433906e-01
1.90723556e-01
2.06033962e-01
2.22101316e-01
2.38584022e-01
2.55059572e-01
2.71024735e-01
2.85899995e-01
2.99038423e-01
3.09737369e-01
3.17249853e-01
3.20799354e-01
3.20634675e-01
4.15986945e-01
3.99657704e-01
3.65428997e-01
3.31585212e-01
2.98945672e-01
2.68159018e-01
2.39714293e-01
2.13952253e-01
1.91076452e-01
1.71166196e-01
1.54192149e-01
1.40034121e-01
1.28500091e-01
1.19345451e-01
1.12291505e-01
1.07042425e-01
1.03299991e-01
1.00775728e-01
9.92002412e-02
9.83297824e-02
9.79502794e-02
9.78791713e-02
9.79654811e-02
9.80885814e-02
9.81560899e-02
9.81012844e-02
9.78803582e-02
9.74697597e-02
9.68637872e-02
9.60725347e-02
9.51202341e-02
9.40439824e-02
9.28928175e-02
9.17270695e-02
9.06179100e-02
8.96469991e-02
8.89061386e-02
8.84968249e-02
8.85296115e-02
8.91231794e-02
9.04030326e-02
9.24997262e-02
9.55465531e-02
9.96766079e-02
1.05019161e-01
1.11695276e-01
1.19812615e-01
1.29459403e-01
1.40697520e-01
1.53554777e-01
1.68016447e-01
1.84016251e-01
2.01427092e-01
2.20051988e-01
2.39615815e-01
2.59758649e-01
2.80031691e-01
2.99896901e-01
3.18731435e-01
3.35837217e-01
3.50454124e-01
3.61773737e-01
3.68956885e-01
3.70460231e-01
4.71166863e-01
4.50850911e-01
4.08972560e-01
3.68058925e-01
3.28941898e-01
2.92267596e-01
2.58510268e-01
2.27986279e-01
2.00867778e-01
1.77197931e-01
1.56908427e-01
1.39838817e-01
1.25756826e-01
1.14378662e-01
1.05388391e-01
9.84555757e-02
9.32505355e-02
8.94568050e-02
8.67806222e-02
8.49574912e-02
8.37560644e-02
8.29797251e-02
8.24663331e-02
8.20866237e-02
8.17417274e-02
8.13602254e-02
8.08950806e-02
8.03207022e-02
7.96303143e-02
7.88337337e-02
7.79555875e-02
7.70339643e-02
7.61194420e-02
7.52744245e-02
7.45726875e-02
7.40990422e-02
7.39490045e-02
7.42283770e-02
7.50526348e-02
7.65460309e-02
7.88403224e-02
8.20730393e-02
8.63852076e-02
9.19184505e-02
9.88113805e-02
1.07195205e-01
1.17188462e-01
1.28890809e-01
1.42375820e-01
1.57682755e-01
1.74807355e-01
1.93691800e-01
2.14214100e-01
2.36177389e-01
2.59299798e-01
2.83205832e-01
3.07420459e-01
3.31367327e-01
3.54372516e-01
3.75674485e-01
3.94438954e-01
4.09775801e-01
4.20760714e-01
4.23961619e-01
5.28967597e-01
5.04503393e-01
4.54643775e-01
4.06361982e-01
3.60510987e-01
3.17739384e-01
2.78508385e-01
2.43109017e-01
2.11679047e-01
1.84221167e-01
1.60622974e-01
1.40678345e-01
1.24109375e-01
1.10587991e-01
9.97563517e-02
9.12452550e-02
8.46899369e-02
7.97428532e-02
7.60832859e-02
7.34238512e-02
7.15141774e-02
7.01421746e-02
6.91333955e-02
6.83490134e-02
6.76829209e-02
6.70583883e-02
6.64246427e-02
6.57536326e-02
6.50371601e-02
6.42844750e-02
6.35203663e-02
6.27837257e-02
6.21265305e-02
6.16131543e-02
6.13199145e-02
6.13347422e-02
6.17568771e-02
6.26964743e-02
6.42740344e-02
6.66195570e-02
6.98713378e-02
7.41743221e-02
7.96779363e-02
8.65333076e-02
9.48897837e-02
1.04890645e-01
1.16667899e-01
1.30336032e-01
1.45984605e-01
1.63669584e-01
1.83403380e-01
2.05143633e-01
2.28780954e-01
2.54126058e-01
2.80897004e-01
3.08707615e-01
3.37058559e-01
3.65332929e-01
3.92798255e-01
4.18616214e-01
4.41859309e-01
4.61531963e-01
4.76598221e-01
4.81578742e-01
5.89347762e-01
5.60568083e-01
5.02387877e-01
4.46434405e-01
3.93590202e-01
3.44510784e-01
2.99645211e-01
2.59257293e-01
2.23446624e-01
1.92170484e-01
1.65266919e-01
1.42478576e-01
1.23476575e-01
1.07883601e-01
9.52954288e-02
8.53001495e-02
7.74945100e-02
7.14969983e-02
6.69575346e-02
6.35638728e-02
6.10450222e-02
5.91721463e-02
5.77574827e-02
5.66518516e-02
5.57412879e-02
5.49432675e-02
5.42029033e-02
5.34893908e-02
5.27928831e-02
5.21218926e-02
5.15012414e-02
5.09705345e-02
5.05830817e-02
5.04051813e-02
5.05156534e-02
5.10055168e-02
5.19776965e-02
5.35466647e-02
5.58379150e-02
5.89871912e-02
6.31393851e-02
6.84470334e-02
7.50683305e-02
8.31645760e-02
9.28969485e-02
1.04422488e-01
1.17889127e-01
1.33429600e-01
1.51154026e-01
1.71140958e-01
1.93426743e-01
2.17993083e-01
2.44752885e-01
2.73534713e-01
3.04066547e-01
3.35960013e-01
3.68696894e-01
4.01620281e-01
4.33933137e-01
4.64706500e-01
4.92897710e-01
5.17376816e-01
5.36963060e-01
5.43880456e-01
6.52293649e-01
6.19019404e-01
5.52159789e-01
4.88216054e-01
4.28109408e-01
3.72506160e-01
3.21842815e-01
2.76352557e-01
2.36091622e-01
2.00965887e-01
1.70757710e-01
1.45152635e-01
1.23765398e-01
1.06164596e-01
9.18953557e-02
8.04993594e-02
7.15317057e-02
6.45742561e-02
5.92453671e-02
5.52061388e-02
5.21635278e-02
4.98708233e-02
4.81260767e-02
4.67690914e-02
4.56775486e-02
4.47627642e-02
4.39654746e-02
4.32519382e-02
4.26105373e-02
4.20489689e-02
4.15920447e-02
4.12800560e-02
4.11676274e-02
4.13229541e-02
4.18273128e-02
4.27747272e-02
4.42716841e-02
4.64367973e-02
4.94003377e-02
5.33035475e-02
5.82976800e-02
6.45426927e-02
7.22055330e-02
8.14579280e-02
9.24735763e-02
1.05424593e-01
1.20477024e-01
1.37785179e-01
1.57484497e-01
1.79682603e-01
2.04448214e-01
2.31797600e-01
2.61678443e-01
2.93951188e-01
3.28368441e-01
3.64553583e-01
4.01980641e-01
4.39958457e-01
4.77622987e-01
5.13941596e-01
5.47731563e-01
5.77692659e-01
6.02455928e-01
6.11571816e-01
7.17813067e-01
6.79847158e-01
6.03917203e-01
5.31639943e-01
4.63985599e-01
4.01634247e-01
3.45007289e-01
2.94301400e-01
2.49522081e-01
2.10516203e-01
1.77003325e-01
1.48605571e-01
1.24875832e-01
1.05323949e-01
8.94404273e-02
7.67171714e-02
6.66647849e-02
5.88261216e-02
5.27860085e-02
4.81772976e-02
4.46836256e-02
4.20394244e-02
4.00278143e-02
3.84770358e-02
3.72560280e-02
3.62696849e-02
3.54542001e-02
3.47728024e-02
3.42120618e-02
3.37788551e-02
3.34979955e-02
3.34104756e-02
3.35722323e-02
3.40533230e-02
3.49373901e-02
3.63213013e-02
3.83148543e-02
4.10404579e-02
4.46327108e-02
4.92378216e-02
5.50128154e-02
6.21244875e-02
7.07480471e-02
8.10653852e-02
9.32628576e-02
1.07528433e-01
1.24047981e-01
1.43000390e-01
1.64551134e-01
1.88843781e-01
2.15988905e-01
2.46049817e-01
2.79024616e-01
3.14824274e-01
3.53246949e-01
3.93949447e-01
4.36417956e-01
4.79941641e-01
5.23594334e-01
5.66230451e-01
6.06500522e-01
6.42889549e-01
6.73782114e-01
6.85500436e-01
7.85929021e-01
7.43048388e-01
6.57609856e-01
5.76621007e-01
5.01113153e-01
4.31781147e-01
3.69024934e-01
3.12994726e-01
2.63634547e-01
2.20722376e-01
1.83906619e-01
1.52739233e-01
1.26705904e-01
1.05253435e-01
8.78142275e-02
7.38275289e-02
6.27570318e-02
5.41045538e-02
4.74197040e-02
4.23057050e-02
3.84217727e-02
3.54826300e-02
3.32558327e-02
3.15576071e-02
3.02478503e-02
2.92248513e-02
2.84201700e-02
2.77939794e-02
2.73310565e-02
2.70374998e-02
2.69381712e-02
2.70747946e-02
2.75046128e-02
2.82994750e-02
2.95452363e-02
3.13413427e-02
3.38005071e-02
3.70483863e-02
4.12232062e-02
4.64752864e-02
5.29664465e-02
6.08692652e-02
7.03661744e-02
8.16483310e-02
9.49141845e-02
1.10367581e-01
1.28215165e-01
1.48662730e-01
1.71910015e-01
1.98143328e-01
2.27525181e-01
2.60180034e-01
2.96175181e-01
3.35495902e-01
3.78014409e-01
4.23452879e-01
4.71342276e-01
5.20980803e-01
5.71398508e-01
6.21337180e-01
6.69255823e-01
7.13371179e-01
7.51742431e-01
7.66661577e-01
8.56671026e-01
8.08615967e-01
7.13162464e-01
6.23037717e-01
5.39347809e-01
4.62798812e-01
3.93755812e-01
3.32305836e-01
2.78315623e-01
2.31481305e-01
1.91370425e-01
1.57457856e-01
1.29157230e-01
1.05848835e-01
8.69043450e-02
7.17082259e-02
5.96754562e-02
5.02652468e-02
4.29906266e-02
3.74240338e-02
3.31993159e-02
3.00107430e-02
2.76097515e-02
2.58001667e-02
2.44325972e-02
2.33985959e-02
2.26250428e-02
2.20690713e-02
2.17137180e-02
2.15643718e-02
2.16460019e-02
2.20010922e-02
2.26881592e-02
2.37807299e-02
2.53666393e-02
2.75475381e-02
3.04385049e-02
3.41677014e-02
3.88760210e-02
4.47167213e-02
5.18550350e-02
6.04677808e-02
7.07429714e-02
8.28794135e-02
9.70862305e-02
1.13582183e-01
1.32594548e-01
1.54357183e-01
1.79107224e-01
2.07079651e-01
2.38498698e-01
2.73564820e-01
3.12435702e-01
3.55199641e-01
4.01839784e-01
4.52188272e-01
5.05870796e-01
5.62244673e-01
6.20337591e-01
6.78799249e-01
7.35883038e-01
7.89477959e-01
8.37211980e-01
8.56196865e-01
9.30063360e-01
8.76520416e-01
7.70446179e-01
6.70701707e-01
5.78481046e-01
4.94487410e-01
4.19024447e-01
3.52088107e-01
2.93444589e-01
2.42691428e-01
1.99304495e-01
1.62675231e-01
1.32141721e-01
1.07015833e-01
8.66073267e-02
7.02449359e-02
5.72939869e-02
4.71701084e-02
3.93487655e-02
3.33706796e-02
2.88435039e-02
2.54403716e-02
2.28960727e-02
2.10016573e-02
1.95982094e-02
1.85704221e-02
1.78404614e-02
1.73624468e-02
1.71177365e-02
1.71110793e-02
1.73676069e-02
1.79305715e-02
1.88597020e-02
2.02300338e-02
2.21310788e-02
2.46662135e-02
2.79522016e-02
3.21187884e-02
3.73083543e-02
4.36756293e-02
5.13875143e-02
6.06230491e-02
7.15735877e-02
8.44432009e-02
9.94493022e-02
1.16823402e-01
1.36811803e-01
1.59675875e-01
1.85691370e-01
2.15145924e-01
2.48333579e-01
2.85544714e-01
3.27049292e-01
3.73070823e-01
4.23748112e-01
4.79081892e-01
5.38864384e-01
6.02592429e-01
6.69369889e-01
7.37813217e-01
8.05985058e-01
8.71392547e-01
9.31095765e-01
9.55380467e-01
1.00610407e+00
9.46677862e-01
8.29228514e-01
7.19306760e-01
6.18199538e-01
5.26569550e-01
4.44608043e-01
3.72173903e-01
3.08899206e-01
2.54262097e-01
2.07636036e-01
1.68324846e-01
1.35590477e-01
1.08677285e-01
8.68342811e-02
6.93352709e-02
5.54961957e-02
4.46888753e-02
3.63506428e-02
2.99897597e-02
2.51869099e-02
2.15933820e-02
1.89267359e-02
1.69648099e-02
1.55388687e-02
1.45265776e-02
1.38453180e-02
1.34461959e-02
1.33089307e-02
1.34376828e-02
1.38577779e-02
1.46132209e-02
1.57648544e-02
1.73890116e-02
1.95765174e-02
2.24319257e-02
2.60729068e-02
3.06297507e-02
3.62449811e-02
4.30731288e-02
5.12807275e-02
6.10466343e-02
7.25627646e-02
8.60353361e-02
1.01686663e-01
1.19757497e-01
1.40509787e-01
1.64229600e-01
1.91229717e-01
2.21851122e-01
2.56462179e-01
2.95453719e-01
3.39227512e-01
3.88174651e-01
4.42639300e-01
5.02862295e-01
5.68898728e-01
6.40504954e-01
7.16995203e-01
7.97078522e-01
8.78705588e-01
9.58982686e-01
1.03424094e+00
1.06557641e+00
1.08472341e+00
1.01888724e+00
8.89081559e-01
7.68341961e-01
6.58021859e-01
5.58654678e-01
4.70224211e-01
3.92378385e-01
3.24568638e-01
2.66130320e-01
2.16326733e-01
1.74375174e-01
1.39466383e-01
1.10782878e-01
8.75177264e-02
6.88931606e-02
5.41776100e-02
4.26997586e-02
3.38586442e-02
2.71294181e-02
2.20649351e-02
1.82937647e-02
1.55154647e-02
1.34940453e-02
1.20505064e-02
1.10551934e-02
1.04205394e-02
1.00945651e-02
1.00553371e-02
1.03064355e-02
1.08733777e-02
1.18008736e-02
1.31507555e-02
1.50004152e-02
1.74416037e-02
2.05794743e-02
2.45317992e-02
2.94283322e-02
3.54103455e-02
4.26304059e-02
5.12525046e-02
6.14526691e-02
7.34202171e-02
8.73597896e-02
1.03494302e-01
1.22068884e-01
1.43355818e-01
1.67660353e-01
1.95327100e-01
2.26746404e-01
2.62359694e-01
3.02662150e-01
3.48200072e-01
3.99558994e-01
4.57336653e-01
5.22092544e-01
5.94263089e-01
6.74029536e-01
7.61126841e-01
8.54590688e-01
9.52464421e-01
1.05153757e+00
1.14726523e+00
1.18813616e+00
1.16568930e+00
1.09269792e+00
9.49208441e-01
8.16943339e-01
6.97202543e-01
5.90194441e-01
4.95524294e-01
4.12515767e-01
3.40380631e-01
2.78290736e-01
2.25400796e-01
1.80853423e-01
1.43782729e-01
1.13322652e-01
8.86205463e-02
6.88539380e-02
5.32476640e-02
4.10889320e-02
3.17386146e-02
2.46379835e-02
1.93108776e-02
1.53618706e-02
1.24713474e-02
1.03885235e-02
8.92339735e-03
7.93847606e-03
7.34090631e-03
7.07542364e-03
7.11833343e-03
7.47257676e-03
8.16381302e-03
9.23738148e-03
1.07559643e-02
1.27977771e-02
1.54551270e-02
1.88332286e-02
2.30492038e-02
2.82312650e-02
3.45181157e-02
4.20586764e-02
5.10122664e-02
6.15494275e-02
7.38535789e-02
8.81237241e-02
1.04578407e-01
1.23461124e-01
1.45047321e-01
1.69653102e-01
1.97645575e-01
2.29454651e-01
2.65585709e-01
3.06632003e-01
3.53284726e-01
4.06337064e-01
4.66676091e-01
5.35252430e-01
6.13011958e-01
7.00766390e-01
7.98971946e-01
9.07383087e-01
1.02456590e+00
1.14732130e+00
1.27021891e+00
1.32416526e+00
1.24838103e+00
1.16711431e+00
1.00810896e+00
8.63644101e-01
7.34595598e-01
6.20438223e-01
5.20107176e-01
4.32442765e-01
3.56355252e-01
2.90848405e-01
2.34991091e-01
1.87882764e-01
1.48631233e-01
1.16346566e-01
9.01482667e-02
6.91806501e-02
5.26312957e-02
3.97485145e-02
2.98551308e-02
2.23572442e-02
1.67477449e-02
1.26051490e-02
9.58877768e-03
7.43147325e-03
5.93100735e-03
4.94115363e-03
4.36315549e-03
4.13806001e-03
4.24016088e-03
4.67160469e-03
5.45808561e-03
6.64546934e-03
8.29715570e-03
1.04919849e-02
1.33225266e-02
1.68936285e-02
2.13211698e-02
2.67310131e-02
3.32582232e-02
4.10466642e-02
5.02491502e-02
6.10283480e-02
7.35586814e-02
8.80294902e-02
1.04649740e-01
1.23654569e-01
1.45314011e-01
1.69944190e-01
1.97921338e-01
2.29698899e-01
2.65827853e-01
3.06980100e-01
3.53974093e-01
4.07800592e-01
4.69644015e-01
5.40890316e-01
6.23104285e-01
7.17945469e-01
8.26970467e-01
9.51241293e-01
1.09063845e+00
1.24281159e+00
1.40190308e+00
1.47400014e+00
1.33122985e+00
1.23991238e+00
1.06293489e+00
9.05973023e-01
7.68486693e-01
6.48419738e-01
5.43586023e-01
4.52156062e-01
3.72705532e-01
3.04109234e-01
2.45414025e-01
1.95740538e-01
1.54224571e-01
1.19993292e-01
9.21664273e-02
6.98722855e-02
5.22701036e-02
3.85724167e-02
2.80634638e-02
2.01116284e-02
1.41754748e-02
9.80400482e-03
6.63236281e-03
4.37444007e-03
2.81377577e-03
1.79392955e-03
1.20919762e-03
9.96234525e-04
1.12686523e-03
1.60215504e-03
2.44765171e-03
3.70962391e-03
5.45208182e-03
7.75437034e-03
1.07091566e-02
1.44206902e-02
1.90032726e-02
2.45799475e-02
3.12814790e-02
3.92457568e-02
4.86178032e-02
5.95506191e-02
7.22071228e-02
8.67634933e-02
1.03414247e-01
1.22379450e-01
1.43914524e-01
1.68323203e-01
1.95974330e-01
2.27323324e-01
2.62939318e-01
3.03539088e-01
3.50028890e-01
4.03554989e-01
4.65562424e-01
5.37858458e-01
6.22669852e-01
7.22666852e-01
8.40893210e-01
9.80476962e-01
1.14389051e+00
1.33140803e+00
1.53845373e+00
1.63602468e+00
1.41033771e+00
1.30602281e+00
1.10827971e+00
9.39877326e-01
7.96462385e-01
6.73053985e-01
5.65771132e-01
4.71988810e-01
3.90016408e-01
3.18730301e-01
2.57289100e-01
2.04948752e-01
1.60961111e-01
1.24533136e-01
9.48257033e-02
7.09748912e-02
5.21228058e-02
3.74489487e-02
2.61965728e-02
1.76913002e-02
1.13514009e-02
6.69053906e-03
3.31457589e-03
9.14286404e-04
-7.44235769e-04
-1.83001312e-03
-2.45737191e-03
-2.69519161e-03
-2.57486326e-03
-2.09687109e-03
-1.23608883e-03
5.40083526e-05
1.83797996e-03
4.19566624e-03
7.21985530e-03
1.10142303e-02
1.56915409e-02
2.13719964e-02
2.81819697e-02
3.62531337e-02
4.57222344e-02
5.67317146e-02
6.94314767e-02
8.39820775e-02
1.00559743e-01
1.19363626e-01
1.40625893e-01
1.64625351e-01
1.91705628e-01
2.22299207e-01
2.56959149e-01
2.96400942e-01
3.41557809e-01
3.93653881e-01
4.54300931e-01
5.25625336e-01
6.10430948e-01
7.12395847e-01
8.36273074e-01
9.87984967e-01
1.17429673e+00
1.40131195e+00
1.67031801e+00
1.80398479e+00
1.47617569e+00
1.35369397e+00
1.13408620e+00
9.59122004e-01
8.15542529e-01
6.93515076e-01
5.87077181e-01
4.92973781e-01
4.09546891e-01
3.35962147e-01
2.71726955e-01
2.16414333e-01
1.69524070e-01
1.30432842e-01
9.83989722e-02
7.25970221e-02
5.21644527e-02
3.62482719e-02
2.40443453e-02
1.48258808e-02
7.96042237e-03
2.91656440e-03
-7.37417150e-04
-3.34050723e-03
-5.14911530e-03
-6.34854033e-03
-7.06433136e-03
-7.37267104e-03
-7.30932268e-03
-6.87703946e-03
-6.05152149e-03
-4.78616819e-03
-3.01587885e-03
-6.60190297e-04
2.37405353e-03
6.19032295e-03
1.09002663e-02
1.66217917e-02
2.34774642e-02
3.15933248e-02
4.10983349e-02
5.21246422e-02
6.48089446e-02
7.92952300e-02
9.57392639e-02
1.14315261e-01
1.35225344e-01
1.58712597e-01
1.85078872e-01
2.14708972e-01
2.48103568e-01
2.85924275e-01
3.29055919e-01
3.78693635e-01
4.36466506e-01
5.04616247e-01
5.86260092e-01
6.85782523e-01
8.09416053e-01
9.66059283e-01
1.16822969e+00
1.43238988e+00
1.77570507e+00
1.96102990e+00
1.50643119e+00
1.35560710e+00
1.12281086e+00
9.55441681e-01
8.23138073e-01
7.10195717e-01
6.09306583e-01
5.17458813e-01
4.33714196e-01
3.58029051e-01
2.90622808e-01
2.31647578e-01
1.81035381e-01
1.38455303e-01
1.03337264e-01
7.49317962e-02
5.23833150e-02
3.48013771e-02
2.13203782e-02
1.11433188e-02
3.56905894e-03
-1.99499288e-03
-6.03152637e-03
-8.91978263e-03
-1.09465330e-02
-1.23190255e-02
-1.31779819e-02
-1.36095615e-02
-1.36556336e-02
-1.33222983e-02
-1.25866727e-02
-1.14023308e-02
-9.70359182e-03
-7.40911071e-03
-4.42487352e-03
-6.46939223e-04
4.03615084e-03
9.74110227e-03
1.65879845e-02
2.46986546e-02
3.41958514e-02
4.52029447e-02
5.78447693e-02
7.22495940e-02
8.85527328e-02
1.06902009e-01
1.27465793e-01
1.50444239e-01
1.76084978e-01
2.04704833e-01
2.36720071e-01
2.72688826e-01
3.13371282e-01
3.59816480e-01
4.13490213e-01
4.76469378e-01
5.51748894e-01
6.43750155e-01
7.59207052e-01
9.08781192e-01
1.11006677e+00
1.39292720e+00
1.80661311e+00
2.06767099e+00
1.45467703e+00
1.24990742e+00
1.04895908e+00
9.21879477e-01
8.19883431e-01
7.26615188e-01
6.36945330e-01
5.50055509e-01
4.66833085e-01
3.88717464e-01
3.17117396e-01
2.53108506e-01
1.97300079e-01
1.49816918e-01
1.10356529e-01
7.82892725e-02
5.27733920e-02
3.28647817e-02
1.76082503e-02
6.10468617e-03
-2.44629770e-03
-8.72500148e-03
-1.32865277e-02
-1.65668715e-02
-1.88952766e-02
-2.05095854e-02
-2.15716022e-02
-2.21814684e-02
-2.23896971e-02
-2.22073586e-02
-2.16138352e-02
-2.05632900e-02
-1.89893919e-02
-1.68095888e-02
-1.39282785e-02
-1.02400975e-02
-5.63241870e-03
1.18533322e-05
6.81229427e-03
1.48888034e-02
2.43604718e-02
3.53445913e-02
4.79569824e-02
6.23128817e-02
7.85295137e-02
9.67298397e-02
1.17048633e-01
1.39640904e-01
1.64694106e-01
1.92445172e-01
2.23204686e-01
2.57391228e-01
2.95580466e-01
3.38576517e-01
3.87516986e-01
4.44033031e-01
5.10503505e-01
5.90487760e-01
6.89531083e-01
8.16844414e-01
9.89278146e-01
1.24203028e+00
1.66123791e+00
2.04446033e+00
8.84614417e-01
8.86659175e-01
8.64139402e-01
8.23265316e-01
7.68114619e-01
7.02226651e-01
6.29020164e-01
5.51880271e-01
4.74055522e-01
3.98476491e-01
3.27574691e-01
2.63153585e-01
2.06337432e-01
1.57599925e-01
1.16856890e-01
8.35978008e-02
5.70297185e-02
3.62118432e-02
2.01666464e-02
7.96130749e-03
-1.24038197e-03
-8.15150116e-03
-1.33547323e-02
-1.73080624e-02
-2.03578780e-02
-2.27552344e-02
-2.46723320e-02
-2.62174904e-02
-2.74477439e-02
-2.83788863e-02
-2.89931146e-02
-2.92446803e-02
-2.90639765e-02
-2.83605107e-02
-2.70251288e-02
-2.49317952e-02
-2.19391544e-02
-1.78920317e-02
-1.26230052e-02
-5.95412484e-03
2.30111728e-03
1.23355271e-02
2.43455747e-02
3.85284232e-02
5.50786594e-02
7.41850010e-02
9.60273712e-02
1.20775129e-01
1.48587513e-01
1.79617921e-01
2.14024038e-01
2.51986517e-01
2.93739328e-01
3.39615559e-01
3.90112832e-01
4.45983038e-01
5.08351499e-01
5.78871527e-01
6.59922005e-01
7.54860192e-01
8.68353215e-01
1.00683160e+00
1.17905713e+00
1.28358449e+00
3.21317173e-01
5.15731641e-01
6.55531657e-01
6.89981264e-01
6.74663886e-01
6.32480475e-01
5.74989502e-01
5.09290357e-01
4.40407621e-01
3.72134581e-01
3.07322295e-01
2.47982848e-01
1.95357047e-01
1.50001934e-01
1.11910107e-01
8.06500226e-02
5.55102474e-02
3.56306696e-02
2.01097818e-02
8.08294935e-03
-1.22764400e-03
-8.48722300e-03
-1.42410472e-02
-1.89192115e-02
-2.28486060e-02
-2.62675951e-02
-2.93410414e-02
-3.21734637e-02
-3.48200944e-02
-3.72949597e-02
-3.95768701e-02
-4.16128986e-02
-4.33206434e-02
-4.45888330e-02
-4.52776544e-02
-4.52182106e-02
-4.42124895e-02
-4.20331438e-02
-3.84244843e-02
-3.31039682e-02
-2.57656123e-02
-1.60846402e-02
-3.72471869e-03
1.16529488e-02
3.03776582e-02
5.27553680e-02
7.90527316e-02
1.09480585e-01
1.44177806e-01
1.83197891e-01
2.26500366e-01
2.73949550e-01
3.25322645e-01
3.80326942e-01
4.38622339e-01
4.99835232e-01
5.63531092e-01
6.29065628e-01
6.95121620e-01
7.58423179e-01
8.10177421e-01
8.25679303e-01
7.31407287e-01
5.35363590e-01
2.94705948e-01
4.08295033e-01
5.46612424e-01
5.98995160e-01
5.99755668e-01
5.69669422e-01
5.21401073e-01
4.63181365e-01
4.00725697e-01
3.38155422e-01
2.78430019e-01
2.23564962e-01
1.74773844e-01
1.32597112e-01
9.70380805e-02
6.77047324e-02
4.39471042e-02
2.49789287e-02
9.97566122e-03
-1.85436012e-03
-1.12245702e-02
-1.87467024e-02
-2.49238754e-02
-3.01547370e-02
-3.47439257e-02
-3.89150599e-02
-4.28237524e-02
-4.65689821e-02
-5.02021543e-02
-5.37335132e-02
-5.71361850e-02
-6.03480562e-02
-6.32720834e-02
-6.57753462e-02
-6.76874860e-02
-6.87988138e-02
-6.88587300e-02
-6.75747305e-02
-6.46126830e-02
-5.95986988e-02
-5.21233502e-02
-4.17486179e-02
-2.80183126e-02
-1.04722854e-02
1.13350765e-02
3.78121484e-02
6.93033577e-02
1.06059427e-01
1.48205973e-01
1.95712667e-01
2.48365561e-01
3.05745237e-01
3.67212449e-01
4.31899754e-01
4.98701074e-01
5.66237304e-01
6.32749621e-01
6.95819022e-01
7.51704061e-01
7.93873111e-01
8.09906194e-01
7.75440514e-01
6.44864973e-01
5.31006405e-01
3.70843093e-01
4.33383637e-01
5.25055984e-01
5.62167979e-01
5.59555779e-01
5.30341295e-01
4.84476208e-01
4.29265504e-01
3.70072258e-01
3.10821915e-01
2.54315362e-01
2.02429036e-01
1.56265973e-01
1.16293858e-01
8.24832861e-02
5.44450375e-02
3.15587262e-02
1.30844061e-02
-1.74866678e-03
-1.36781806e-02
-2.33684238e-02
-3.13896817e-02
-3.82124744e-02
-4.42116601e-02
-4.96760559e-02
-5.48201784e-02
-5.97957516e-02
-6.47015219e-02
-6.95906686e-02
-7.44755894e-02
-7.93302046e-02
-8.40900893e-02
-8.86508783e-02
-9.28653986e-02
-9.65400407e-02
-9.94308563e-02
-1.01239936e-01
-1.01612619e-01
-1.00136191e-01
-9.63407562e-02
-8.97031021e-02
-7.96544067e-02
-6.55927236e-02
-4.69011342e-02
-2.29723798e-02
6.75950720e-03
4.27804659e-02
8.54511659e-02
1.34956729e-01
1.91253976e-01
2.54019726e-01
3.22604310e-01
3.95993905e-01
4.72782608e-01
5.51148708e-01
6.28817013e-01
7.02967220e-01
7.70013451e-01
8.25131436e-01
8.61365676e-01
8.68207796e-01
8.30079483e-01
7.27361436e-01
6.57087467e-01
4.96167135e-01
5.21661569e-01
5.60331154e-01
5.68263434e-01
5.50225461e-01
5.13111163e-01
4.63510891e-01
4.06963375e-01
3.47858206e-01
2.89528513e-01
2.34375640e-01
1.83990160e-01
1.39271075e-01
1.00549036e-01
6.77138235e-02
4.03405737e-02
1.78067373e-02
-6.07671353e-04
-1.56412593e-02
-2.79952673e-02
-3.82988300e-02
-4.70918994e-02
-5.48213231e-02
-6.18455428e-02
-6.84439684e-02
-7.48279491e-02
-8.11511995e-02
-8.75183533e-02
-9.39909845e-02
-1.00590889e-01
-1.07300748e-01
-1.14062450e-01
-1.20773490e-01
-1.27281874e-01
-1.33380039e-01
-1.38798295e-01
-1.43198392e-01
-1.46167856e-01
-1.47215887e-01
-1.45771709e-01
-1.41186464e-01
-1.32739892e-01
-1.19653198e-01
-1.01109621e-01
-7.62841936e-02
-4.43839991e-02
-4.69973964e-03
4.33314015e-02
1.00052907e-01
1.65509062e-01
2.39363027e-01
3.20819590e-01
4.08560363e-01
5.00698156e-01
5.94753012e-01
6.87643140e-01
7.75669437e-01
8.54454648e-01
9.18789346e-01
9.62371277e-01
9.77591077e-01
9.56001143e-01
8.91136690e-01
8.47922735e-01
6.43732910e-01
6.40463327e-01
6.30311392e-01
6.05066452e-01
5.65462228e-01
5.14669655e-01
4.56597958e-01
3.95005823e-01
3.33110802e-01
2.73452223e-01
2.17873897e-01
1.67566172e-01
1.23142056e-01
8.47348435e-02
5.21072250e-02
2.47619080e-02
2.04433014e-03
-1.67698578e-02
-3.24068224e-02
-4.55471484e-02
-5.67973914e-02
-6.66772179e-02
-7.56179902e-02
-8.39686828e-02
-9.20055622e-02
-9.99428616e-02
-1.07942517e-01
-1.16121773e-01
-1.24558052e-01
-1.33290888e-01
-1.42321019e-01
-1.51606887e-01
-1.61058877e-01
-1.70531727e-01
-1.79815531e-01
-1.88625890e-01
-1.96593766e-01
-2.03255813e-01
-2.08046029e-01
-2.10289886e-01
-2.09202281e-01
-2.03891025e-01
-1.93367847e-01
-1.76569223e-01
-1.52389463e-01
-1.19728462e-01
-7.75560731e-02
-2.49941029e-02
3.85847395e-02
1.13444103e-01
1.99363814e-01
2.95522292e-01
4.00394932e-01
5.11683724e-01
6.26292176e-01
7.40354023e-01
8.49313948e-01
9.48047581e-01
1.03100803e+00
1.09242310e+00
1.12668497e+00
1.12931189e+00
1.09913811e+00
1.07432514e+00
8.01604242e-01
7.74822090e-01
7.21451983e-01
6.63020373e-01
5.99169159e-01
5.31219426e-01
4.61300591e-01
3.91719615e-01
3.24579719e-01
2.61580252e-01
2.03934081e-01
1.52360171e-01
1.07125078e-01
6.81153916e-02
3.49267316e-02
6.95686678e-03
-1.65072330e-02
-3.62157231e-02
-5.28995669e-02
-6.72324407e-02
-7.98092624e-02
-9.11382095e-02
-1.01642442e-01
-1.11667815e-01
-1.21493375e-01
-1.31342191e-01
-1.41390769e-01
-1.51776024e-01
-1.62599240e-01
-1.73926830e-01
-1.85787969e-01
-1.98169260e-01
-2.11006733e-01
-2.24175496e-01
-2.37477433e-01
-2.50627404e-01
-2.63238539e-01
-2.74807362e-01
-2.84699726e-01
-2.92138842e-01
-2.96197094e-01
-2.95793765e-01
-2.89701387e-01
-2.76563880e-01
-2.54930159e-01
-2.23307028e-01
-1.80234985e-01
-1.24389588e-01
-5.47090865e-02
2.94542251e-02
1.28166137e-01
2.40739269e-01
3.65578142e-01
5.00066014e-01
6.40521975e-01
7.82254569e-01
9.19729551e-01
1.04685596e+00
1.15738448e+00
1.24542111e+00
1.30610545e+00
1.33658144e+00
1.33739938e+00
1.32656786e+00
9.64976199e-01
9.18014144e-01
8.25977080e-01
7.35499646e-01
6.46389696e-01
5.59238997e-01
4.75122405e-01
3.95277371e-01
3.20854479e-01
2.52755666e-01
1.91550078e-01
1.37451560e-01
9.03418756e-02
4.98247879e-02
1.52972324e-02
-1.39746344e-02
-3.87843412e-02
-5.99257449e-02
-7.81489544e-02
-9.41321455e-02
-1.08467680e-01
-1.21659598e-01
-1.34129046e-01
-1.46224298e-01
-1.58232548e-01
-1.70391282e-01
-1.82897751e-01
-1.95915601e-01
-2.09578179e-01
-2.23988338e-01
-2.39214732e-01
-2.55284738e-01
-2.72174171e-01
-2.89794037e-01
-3.07974583e-01
-3.26447054e-01
-3.44823628e-01
-3.62576265e-01
-3.79015459e-01
-3.93270319e-01
-4.04271888e-01
-4.10742307e-01
-4.11193154e-01
-4.03937186e-01
-3.87118459e-01
-3.58766469e-01
-3.16880079e-01
-2.59546338e-01
-1.85097343e-01
-9.23045225e-02
1.93962831e-02
1.49664046e-01
2.97021556e-01
4.58670750e-01
6.30399606e-01
8.06628626e-01
9.80637373e-01
1.14499205e+00
1.29216697e+00
1.41532657e+00
1.50922360e+00
1.57116976e+00
1.60199474e+00
1.60355259e+00
1.13229997e+00
1.06719544e+00
9.39578385e-01
8.18158322e-01
7.03395480e-01
5.95755503e-01
4.95746744e-01
4.03854547e-01
3.20450269e-01
2.45714844e-01
1.79593751e-01
1.21787164e-01
7.17713982e-02
2.88434420e-02
-7.82144845e-03
-3.91090174e-02
-6.59103531e-02
-8.90769385e-02
-1.09389166e-01
-1.27538539e-01
-1.44121884e-01
-1.59644830e-01
-1.74531414e-01
-1.89136863e-01
-2.03761065e-01
-2.18660867e-01
-2.34059915e-01
-2.50155246e-01
-2.67120215e-01
-2.85103564e-01
-3.04224603e-01
-3.24564519e-01
-3.46153895e-01
-3.68956530e-01
-3.92849705e-01
-4.17601138e-01
-4.42843005e-01
-4.68043633e-01
-4.92477841e-01
-5.15197354e-01
-5.35003379e-01
-5.50424270e-01
-5.59702233e-01
-5.60794210e-01
-5.51393373e-01
-5.28978801e-01
-4.90901770e-01
-4.34517011e-01
-3.57365842e-01
-2.57414333e-01
-1.33342745e-01
1.51282606e-02
1.86903953e-01
3.79221317e-01
5.87458459e-01
8.05122768e-01
1.02409016e+00
1.23514348e+00
1.42881085e+00
1.59644132e+00
1.73139405e+00
1.83017203e+00
1.89329511e+00
1.90776622e+00
1.30353891e+00
1.22141681e+00
1.05996773e+00
9.08225329e-01
7.67472866e-01
6.38354976e-01
5.21110546e-01
4.15697388e-01
3.21850015e-01
2.39104168e-01
1.66812486e-01
1.04165869e-01
5.02261860e-02
3.96931153e-03
-3.56664341e-02
-6.97327151e-02
-9.92301338e-02
-1.25077543e-01
-1.48093360e-01
-1.68988497e-01
-1.88369073e-01
-2.06746265e-01
-2.24550476e-01
-2.42147219e-01
-2.59852595e-01
-2.77946814e-01
-2.96684689e-01
-3.16302475e-01
-3.37020684e-01
-3.59042701e-01
-3.82549097e-01
-4.07687585e-01
-4.34558534e-01
-4.63196018e-01
-4.93544341e-01
-5.25430128e-01
-5.58530150e-01
-5.92335359e-01
-6.26111933e-01
-6.58860699e-01
-6.89277027e-01
-7.15714294e-01
-7.36155261e-01
-7.48197288e-01
-7.49059038e-01
-7.35618254e-01
-7.04491870e-01
-6.52170782e-01
-5.75221284e-01
-4.70562307e-01
-3.35820822e-01
-1.69755477e-01
2.72804223e-02
2.52890992e-01
5.02288189e-01
7.68149002e-01
1.04079680e+00
1.30880247e+00
1.56003718e+00
1.78310557e+00
1.96896919e+00
2.11247376e+00
2.21345290e+00
2.24312652e+00
1.47940543e+00
1.38071222e+00
1.18603768e+00
1.00396263e+00
8.36653210e-01
6.85081210e-01
5.49381860e-01
4.29125003e-01
3.23505744e-01
2.31472057e-01
1.51810951e-01
8.32118605e-02
2.43193605e-02
-2.62193649e-02
-6.97117257e-02
-1.07383543e-01
-1.40351884e-01
-1.69608520e-01
-1.96014176e-01
-2.20302465e-01
-2.43091377e-01
-2.64899785e-01
-2.86166428e-01
-3.07269130e-01
-3.28542520e-01
-3.50292990e-01
-3.72810086e-01
-3.96373839e-01
-4.21257739e-01
-4.47727197e-01
-4.76033318e-01
-5.06401821e-01
-5.39016926e-01
-5.73999945e-01
-6.11382397e-01
-6.51073453e-01
-6.92821715e-01
-7.36171517e-01
-7.80414354e-01
-8.24536566e-01
-8.67165238e-01
-9.06515297e-01
-9.40342317e-01
-9.65907276e-01
-9.79961870e-01
-9.78765540e-01
-9.58148228e-01
-9.13635441e-01
-8.40653799e-01
-7.34834463e-01
-5.92426777e-01
-4.10822393e-01
-1.89168232e-01
7.09868320e-02
3.65110560e-01
6.85316606e-01
1.02038253e+00
1.35632861e+00
1.67765901e+00
1.96922216e+00
2.21845146e+00
2.41756845e+00
2.56524735e+00
2.61405870e+00
1.66103674e+00
1.54567591e+00
1.31738680e+00
1.10429017e+00
9.09471502e-01
7.34299953e-01
5.78887557e-01
4.42487098e-01
3.23805937e-01
2.21235821e-01
1.33013604e-01
5.73321535e-02
-7.58209775e-03
-6.34138514e-02
-1.11719816e-01
-1.53902984e-01
-1.91199101e-01
-2.24674319e-01
-2.55232598e-01
-2.83630838e-01
-3.10499328e-01
-3.36365055e-01
-3.61675614e-01
-3.86821871e-01
-4.12158029e-01
-4.38018164e-01
-4.64728669e-01
-4.92616280e-01
-5.22011472e-01
-5.53247064e-01
-5.86651814e-01
-6.22538761e-01
-6.61187928e-01
-7.02823031e-01
-7.47581723e-01
-7.95479015e-01
-8.46363552e-01
-8.99866696e-01
-9.55344658e-01
-1.01181451e+00
-1.06788563e+00
-1.12168927e+00
-1.17081039e+00
-1.21222798e+00
-1.24227261e+00
-1.25661332e+00
-1.25028997e+00
-1.21781135e+00
-1.15334407e+00
-1.05101944e+00
-9.05384626e-01
-7.12015461e-01
-4.68286192e-01
-1.74252014e-01
1.66460126e-01
5.45932402e-01
9.51660452e-01
1.36696492e+00
1.77233781e+00
2.14777010e+00
2.47581210e+00
2.74479983e+00
2.95149059e+00
3.02506332e+00
1.84987199e+00
1.71727150e+00
1.45405197e+00
1.20853295e+00
9.84768542e-01
7.84558312e-01
6.08014915e-01
4.54090265e-01
3.21013062e-01
2.06622171e-01
1.08604050e-01
2.46533296e-02
-4.74231726e-02
-1.09642498e-01
-1.63809914e-01
-2.11503905e-01
-2.54076683e-01
-2.92666443e-01
-3.28218209e-01
-3.61510333e-01
-3.93183979e-01
-4.23773214e-01
-4.53733800e-01
-4.83469271e-01
-5.13353308e-01
-5.43747879e-01
-5.75016807e-01
-6.07534631e-01
-6.41690637e-01
-6.77887909e-01
-7.16537146e-01
-7.58044898e-01
-8.02795722e-01
-8.51127688e-01
-9.03300614e-01
-9.59456364e-01
-1.01957067e+00
-1.08339608e+00
-1.15039583e+00
-1.21966920e+00
-1.28986915e+00
-1.35911444e+00
-1.42489966e+00
-1.48400847e+00
-1.53243842e+00
-1.56534899e+00
-1.57704991e+00
-1.56105270e+00
-1.51021611e+00
-1.41702341e+00
-1.27403489e+00
-1.07455660e+00
-8.13550274e-01
-4.88768116e-01
-1.02022149e-01
3.39612252e-01
8.22987563e-01
1.32890084e+00
1.83336391e+00
2.31036272e+00
2.73592914e+00
3.09281607e+00
3.37465902e+00
3.48047012e+00
2.04763209e+00
1.89675929e+00
1.59635612e+00
1.31624490e+00
1.06152601e+00
8.34443873e-01
6.35093625e-01
4.62095966e-01
3.13170186e-01
1.85576978e-01
7.64347682e-02
-1.70699809e-02
-9.75534737e-02
-1.67363657e-01
-2.28549880e-01
-2.82860173e-01
-3.31756999e-01
-3.76444909e-01
-4.17905234e-01
-4.56934082e-01
-4.94180762e-01
-5.30184478e-01
-5.65407782e-01
-6.00265826e-01
-6.35150896e-01
-6.70452029e-01
-7.06569682e-01
-7.43925483e-01
-7.82967052e-01
-8.24167769e-01
-8.68021204e-01
-9.15029784e-01
-9.65687072e-01
-1.02045295e+00
-1.07972085e+00
-1.14377619e+00
-1.21274519e+00
-1.28653323e+00
-1.36475245e+00
-1.44663816e+00
-1.53095469e+00
-1.61589166e+00
-1.69895311e+00
-1.77684342e+00
-1.84535663e+00
-1.89927939e+00
-1.93232313e+00
-1.93710920e+00
-1.90524076e+00
-1.82750894e+00
-1.69429394e+00
-1.49623222e+00
-1.22521626e+00
-8.75761266e-01
-4.46692972e-01
5.70321261e-02
6.22763615e-01
1.22945250e+00
1.84851952e+00
2.44686860e+00
2.99209700e+00
3.45911748e+00
3.83660872e+00
3.98425721e+00
2.25636082e+00
2.08569125e+00
1.74481893e+00
1.42707337e+00
1.13871474e+00
8.82433946e-01
6.58252197e-01
4.64383836e-01
2.97968450e-01
1.55634226e-01
3.38959839e-02
-7.05866177e-02
-1.60858399e-01
-2.39595111e-01
-3.09082247e-01
-3.71227596e-01
-4.27594260e-01
-4.79444862e-01
-5.27790561e-01
-5.73440565e-01
-6.17049222e-01
-6.59158917e-01
-7.00237733e-01
-7.40711485e-01
-7.80990063e-01
-8.21488283e-01
-8.62641502e-01
-9.04916229e-01
-9.48815813e-01
-9.94881139e-01
-1.04368604e+00
-1.09582692e+00
-1.15190586e+00
-1.21250645e+00
-1.27816117e+00
-1.34930943e+00
-1.42624509e+00
-1.50905245e+00
-1.59752979e+00
-1.69109985e+00
-1.78870677e+00
-1.88869982e+00
-1.98870466e+00
-2.08548428e+00
-2.17479363e+00
-2.25123482e+00
-2.30812550e+00
-2.33740076e+00
-2.32958235e+00
-2.27386736e+00
-2.15841246e+00
-1.97091555e+00
-1.69961407e+00
-1.33480867e+00
-8.70952278e-01
-3.09181862e-01
3.40107731e-01
1.05541154e+00
1.80406537e+00
2.54510412e+00
3.23557459e+00
3.83963355e+00
4.33831440e+00
4.53988755e+00
2.47851520e+00
2.28595145e+00
1.90009764e+00
1.54063286e+00
1.21513115e+00
9.26715076e-01
6.75231432e-01
4.58363357e-01
2.72557856e-01
1.13725881e-01
-2.22750225e-02
-1.39338932e-01
-2.40946617e-01
-3.30096659e-01
-4.09299508e-01
-4.80609723e-01
-5.45679019e-01
-6.05818434e-01
-6.62062131e-01
-7.15228210e-01
-7.65973962e-01
-8.14844279e-01
-8.62312868e-01
-9.08816438e-01
-9.54782352e-01
-1.00065032e+00
-1.04688871e+00
-1.09400584e+00
-1.14255659e+00
-1.19314410e+00
-1.24641653e+00
-1.30305807e+00
-1.36377362e+00
-1.42926616e+00
-1.50020558e+00
-1.57718787e+00
-1.66068325e+00
-1.75097219e+00
-1.84806783e+00
-1.95162380e+00
-2.06082643e+00
-2.17427043e+00
-2.28981738e+00
-2.40443699e+00
-2.51403155e+00
-2.61324644e+00
-2.69527298e+00
-2.75165781e+00
-2.77214637e+00
-2.74461060e+00
-2.65514447e+00
-2.48845519e+00
-2.22872524e+00
-1.86114892e+00
-1.37431627e+00
-7.63465004e-01
-3.42835959e-02
7.93593033e-01
1.68488155e+00
2.59060382e+00
3.45514748e+00
4.22828923e+00
4.87960398e+00
5.15014754e+00
2.71710447e+00
2.49983302e+00
2.06293259e+00
1.65635601e+00
1.28918886e+00
9.64940875e-01
6.83123939e-01
4.40703170e-01
2.33270526e-01
5.59019228e-02
-9.62742594e-02
-2.27740171e-01
-3.42420754e-01
-4.43630347e-01
-5.34090452e-01
-6.15987416e-01
-6.91048828e-01
-7.60625124e-01
-8.25768370e-01
-8.87303886e-01
-9.45892763e-01
-1.00208483e+00
-1.05636247e+00
-1.10917619e+00
-1.16097287e+00
-1.21221783e+00
-1.26341143e+00
-1.31510088e+00
-1.36788760e+00
-1.42243008e+00
-1.47944208e+00
-1.53968558e+00
-1.60395758e+00
-1.67306990e+00
-1.74782068e+00
-1.82895619e+00
-1.91712168e+00
-2.01279976e+00
-2.11623480e+00
-2.22734189e+00
-2.34559886e+00
-2.46991950e+00
-2.59850601e+00
-2.72867825e+00
-2.85667681e+00
-2.97743723e+00
-3.08433418e+00
-3.16889948e+00
-3.22052923e+00
-3.22621862e+00
-3.17040259e+00
-3.03504271e+00
-2.80018218e+00
-2.44527628e+00
-1.95164617e+00
-1.30631405e+00
-5.07132294e-01
4.31588227e-01
1.47478047e+00
2.56646920e+00
3.63667777e+00
4.61652465e+00
5.45887223e+00
5.81698322e+00
2.97588723e+00
2.73014716e+00
2.23406838e+00
1.77327901e+00
1.35861659e+00
9.93877209e-01
6.77988116e-01
4.06926418e-01
1.75205425e-01
-2.30890885e-02
-1.93648264e-01
-3.41583025e-01
-4.71270942e-01
-5.86333312e-01
-6.89687589e-01
-7.83637339e-01
-8.69975523e-01
-9.50086726e-01
-1.02504068e+00
-1.09567369e+00
-1.16265710e+00
-1.22655351e+00
-1.28786208e+00
-1.34705439e+00
-1.40460268e+00
-1.46100153e+00
-1.51678448e+00
-1.57253595e+00
-1.62889925e+00
-1.68658063e+00
-1.74634900e+00
-1.80903111e+00
-1.87550107e+00
-1.94666330e+00
-2.02342766e+00
-2.10667548e+00
-2.19721478e+00
-2.29572344e+00
-2.40267848e+00
-2.51826997e+00
-2.64229750e+00
-2.77404692e+00
-2.91214435e+00
-3.05438291e+00
-3.19751615e+00
-3.33701007e+00
-3.46674389e+00
-3.57865068e+00
-3.66229512e+00
-3.70440469e+00
-3.68841022e+00
-3.59412499e+00
-3.39780661e+00
-3.07299786e+00
-2.59269164e+00
-1.93340655e+00
-1.08150569e+00
-4.13005128e-02
1.15699550e+00
2.45328571e+00
3.76259977e+00
4.99271687e+00
6.07275258e+00
6.54133625e+00
3.25963857e+00
2.98035869e+00
2.41410623e+00
1.88969400e+00
1.41998358e+00
1.00885098e+00
6.54251201e-01
3.50787129e-01
9.15918608e-02
-1.30437309e-01
-3.21920552e-01
-4.88644195e-01
-6.35447640e-01
-7.66250833e-01
-8.84154524e-01
-9.91569922e-01
-1.09035203e+00
-1.18192295e+00
-1.26737917e+00
-1.34758107e+00
-1.42322567e+00
-1.49490441e+00
-1.56314860e+00
-1.62846461e+00
-1.69136112e+00
-1.75237009e+00
-1.81206273e+00
-1.87106144e+00
-1.93004827e+00
-1.98976999e+00
-2.05103959e+00
-2.11473379e+00
-2.18178559e+00
-2.25317108e+00
-2.32988905e+00
-2.41293221e+00
-2.50324853e+00
-2.60169108e+00
-2.70895488e+00
-2.82549899e+00
-2.95145183e+00
-3.08649718e+00
-3.22973716e+00
-3.37952658e+00
-3.53327026e+00
-3.68717057e+00
-3.83590745e+00
-3.97222821e+00
-4.08642312e+00
-4.16567106e+00
-4.19327102e+00
-4.14784641e+00
-4.00274565e+00
-3.72607905e+00
-3.28211402e+00
-2.63500168e+00
-1.75579044e+00
-6.32993904e-01
7.14834522e-01
2.22908428e+00
3.81129107e+00
5.34141432e+00
6.71570685e+00
7.32297360e+00
3.57450236e+00
3.25473044e+00
2.60320590e+00
2.00255081e+00
1.46791762e+00
1.00286068e+00
6.03758466e-01
2.63288115e-01
-2.72004070e-02
-2.76247958e-01
-4.91534620e-01
-6.79576580e-01
-8.45688993e-01
-9.94088769e-01
-1.12805742e+00
-1.25011739e+00
-1.36219746e+00
-1.46577640e+00
-1.56200189e+00
-1.65178585e+00
-1.73587922e+00
-1.81492960e+00
-1.88952543e+00
-1.96022957e+00
-2.02760496e+00
-2.09223431e+00
-2.15473527e+00
-2.21577217e+00
-2.27606483e+00
-2.33639469e+00
-2.39760804e+00
-2.46061600e+00
-2.52639046e+00
-2.59595491e+00
-2.67036926e+00
-2.75070713e+00
-2.83802425e+00
-2.93331667e+00
-3.03746711e+00
-3.15117792e+00
-3.27488880e+00
-3.40867678e+00
-3.55213477e+00
-3.70422292e+00
-3.86308301e+00
-4.02580060e+00
-4.18809114e+00
-4.34387539e+00
-4.48469837e+00
-4.59893984e+00
-4.67077564e+00
-4.67890273e+00
-4.59517287e+00
-4.38353847e+00
-4.00012848e+00
-3.39579404e+00
-2.52285685e+00
-1.34751196e+00
1.32481597e-01
1.86931376e+00
3.75620487e+00
5.64222339e+00
7.37944474e+00
8.16028525e+00
3.92842996e+00
3.55842651e+00
2.80047891e+00
2.10639328e+00
1.49377672e+00
9.65103290e-01
5.14227585e-01
1.31112304e-01
-1.95211981e-01
-4.75037765e-01
-7.17264350e-01
-9.29208603e-01
-1.11669167e+00
-1.28424627e+00
-1.43535670e+00
-1.57268704e+00
-1.69827861e+00
-1.81371143e+00
-1.92023183e+00
-2.01885063e+00
-2.11041773e+00
-2.19567800e+00
-2.27531312e+00
-2.34997297e+00
-2.42029942e+00
-2.48694464e+00
-2.55058557e+00
-2.61193542e+00
-2.67175303e+00
-2.73085003e+00
-2.79009599e+00
-2.85042091e+00
-2.91281456e+00
-2.97832174e+00
-3.04803242e+00
-3.12306560e+00
-3.20454550e+00
-3.29356903e+00
-3.39116295e+00
-3.49822949e+00
-3.61547889e+00
-3.74334676e+00
-3.88189318e+00
-4.03067824e+00
-4.18860480e+00
-4.35371258e+00
-4.52289711e+00
-4.69151123e+00
-4.85278587e+00
-4.99698312e+00
-5.11017810e+00
-5.17258157e+00
-5.15640966e+00
-5.02355862e+00
-4.72384515e+00
-4.19537618e+00
-3.36957016e+00
-2.18387709e+00
-6.04060597e-01
1.34679783e+00
3.56459588e+00
5.86806311e+00
8.05198569e+00
9.04995968e+00
4.33166814e+00
3.89744164e+00
3.00275252e+00
2.19142333e+00
1.48334030e+00
8.78487014e-01
3.66701342e-01
-6.58991621e-02
-4.33319561e-01
-7.48005139e-01
-1.02028293e+00
-1.25838179e+00
-1.46870245e+00
-1.65615992e+00
-1.82451255e+00
-1.97664400e+00
-2.11478995e+00
-2.24071358e+00
-2.35583812e+00
-2.46134544e+00
-2.55824862e+00
-2.64744529e+00
-2.72975703e+00
-2.80595870e+00
-2.87680082e+00
-2.94302705e+00
-3.00538843e+00
-3.06465523e+00
-3.12162709e+00
-3.17714168e+00
-3.23208177e+00
-3.28738043e+00
-3.34402388e+00
-3.40305104e+00
-3.46554911e+00
-3.53264405e+00
-3.60548483e+00
-3.68522035e+00
-3.77296808e+00
-3.86977310e+00
-3.97655669e+00
-4.09405283e+00
-4.22273071e+00
-4.36269892e+00
-4.51358414e+00
-4.67437014e+00
-4.84317172e+00
-5.01689973e+00
-5.19074474e+00
-5.35736650e+00
-5.50562906e+00
-5.61868303e+00
-5.67121634e+00
-5.62586991e+00
-5.42930734e+00
-5.00943024e+00
-4.27680947e+00
-3.13513362e+00
-1.50586262e+00
6.31692498e-01
3.19561757e+00
5.98229489e+00
8.71596732e+00
9.98629763e+00
4.79712556e+00
4.27801856e+00
3.20203786e+00
2.23990319e+00
1.41271613e+00
7.15369887e-01
1.31321310e-01
-3.58789066e-01
-7.72976841e-01
-1.12638421e+00
-1.43107812e+00
-1.69640759e+00
-1.92952368e+00
-2.13588441e+00
-2.31967969e+00
-2.48416502e+00
-2.63191319e+00
-2.76499997e+00
-2.88513940e+00
-2.99378167e+00
-3.09218413e+00
-3.18146307e+00
-3.26263204e+00
-3.33663070e+00
-3.40434736e+00
-3.46663706e+00
-3.52433680e+00
-3.57827871e+00
-3.62930183e+00
-3.67826272e+00
-3.72604486e+00
-3.77356675e+00
-3.82178811e+00
-3.87171380e+00
-3.92439453e+00
-3.98092371e+00
-4.04242945e+00
-4.11006080e+00
-4.18496753e+00
-4.26827261e+00
-4.36103677e+00
-4.46421451e+00
-4.57860046e+00
-4.70476386e+00
-4.84296626e+00
-4.99305220e+00
-5.15429213e+00
-5.32513853e+00
-5.50282406e+00
-5.68267971e+00
-5.85697523e+00
-6.01298902e+00
-6.12993142e+00
-6.17436965e+00
-6.09414010e+00
-5.81173050e+00
-5.22016675e+00
-4.18758861e+00
-2.57971754e+00
-3.08432379e-01
2.59754261e+00
5.93388959e+00
9.34536759e+00
1.09595475e+01
5.34007633e+00
4.70469160e+00
3.38027038e+00
2.21932118e+00
1.24095579e+00
4.30194880e-01
-2.39661284e-01
-7.95848484e-01
-1.26178733e+00
-1.65613828e+00
-1.99324997e+00
-2.28400867e+00
-2.53667460e+00
-2.75757027e+00
-2.95160437e+00
-3.12265524e+00
-3.27384637e+00
-3.40774296e+00
-3.52649229e+00
-3.63192472e+00
-3.72562709e+00
-3.80899713e+00
-3.88328455e+00
-3.94962298e+00
-4.00905551e+00
-4.06255592e+00
-4.11104682e+00
-4.15541573e+00
-4.19652959e+00
-4.23524815e+00
-4.27243618e+00
-4.30897456e+00
-4.34577000e+00
-4.38376283e+00
-4.42393261e+00
-4.46730069e+00
-4.51492931e+00
-4.56791642e+00
-4.62738574e+00
-4.69447179e+00
-4.77029945e+00
-4.85595834e+00
-4.95247187e+00
-5.06076055e+00
-5.18159778e+00
-5.31555240e+00
-5.46290459e+00
-5.62350592e+00
-5.79652443e+00
-5.97996197e+00
-6.16973987e+00
-6.35800690e+00
-6.53013444e+00
-6.65968398e+00
-6.70065801e+00
-6.57701969e+00
-6.17155166e+00
-5.32044752e+00
-3.82642508e+00
-1.50805850e+00
1.70393352e+00
5.64924514e+00
9.89886816e+00
1.19517302e+01
5.97559254e+00
5.17472357e+00
3.49814368e+00
2.06911348e+00
8.96555391e-01
-5.32185651e-02
-8.23206178e-01
-1.45220496e+00
-1.97122078e+00
-2.40383393e+00
-2.76769156e+00
-3.07602412e+00
-3.33886467e+00
-3.56394558e+00
-3.75733394e+00
-3.92387628e+00
-4.06751010e+00
-4.19148429e+00
-4.29851720e+00
-4.39091200e+00
-4.47064252e+00
-4.53941854e+00
-4.59873644e+00
-4.64991954e+00
-4.69415107e+00
-4.73250161e+00
-4.76595274e+00
-4.79541771e+00
-4.82176005e+00
-4.84581040e+00
-4.86838201e+00
-4.89028500e+00
-4.91233922e+00
-4.93538568e+00
-4.96029627e+00
-4.98798130e+00
-5.01939462e+00
-5.05553585e+00
-5.09744948e+00
-5.14622085e+00
-5.20296905e+00
-5.26883750e+00
-5.34498309e+00
-5.43256504e+00
-5.53273436e+00
-5.64662304e+00
-5.77532742e+00
-5.91986940e+00
-6.08109577e+00
-6.25942893e+00
-6.45429223e+00
-6.66287073e+00
-6.87760076e+00
-7.08140055e+00
-7.23926467e+00
-7.28485003e+00
-7.10206992e+00
-6.50622325e+00
-5.23862842e+00
-3.00207211e+00
4.28924447e-01
5.01847340e+00
1.03060482e+01
1.29261739e+01
6.70908569e+00
5.66295806e+00
3.47073602e+00
1.67432801e+00
2.52704649e-01
-8.63120936e-01
-1.74283786e+00
-2.44290660e+00
-3.00568183e+00
-3.46221000e+00
-3.83528607e+00
-4.14186539e+00
-4.39477969e+00
-4.60391577e+00
-4.77702105e+00
-4.92025928e+00
-5.03860005e+00
-5.13609718e+00
-5.21609152e+00
-5.28136160e+00
-5.33423760e+00
-5.37668920e+00
-5.41039444e+00
-5.43679456e+00
-5.45713865e+00
-5.47252048e+00
-5.48390948e+00
-5.49217744e+00
-5.49812174e+00
-5.50248610e+00
-5.50597921e+00
-5.50929183e+00
-5.51311234e+00
-5.51814102e+00
-5.52510296e+00
-5.53475946e+00
-5.54791791e+00
-5.56543995e+00
-5.58824801e+00
-5.61733025e+00
-5.65374470e+00
-5.69862339e+00
-5.75317818e+00
-5.81871065e+00
-5.89662895e+00
-5.98847477e+00
-6.09596194e+00
-6.22102308e+00
-6.36584652e+00
-6.53285263e+00
-6.72448633e+00
-6.94255308e+00
-7.18653739e+00
-7.44983349e+00
-7.71203820e+00
-7.92458030e+00
-7.98683631e+00
-7.71279142e+00
-6.79845543e+00
-4.82194231e+00
-1.33731960e+00
3.87307219e+00
1.04381846e+01
1.38016454e+01
7.50670462e+00
6.08044501e+00
3.11267710e+00
8.12794091e-01
-9.17138338e-01
-2.21366522e+00
-3.19188202e+00
-3.93678116e+00
-4.50876911e+00
-4.95070249e+00
-5.29337735e+00
-5.55931186e+00
-5.76526551e+00
-5.92391729e+00
-6.04499947e+00
-6.13607807e+00
-6.20310067e+00
-6.25078826e+00
-6.28292026e+00
-6.30254526e+00
-6.31213928e+00
-6.31372615e+00
-6.30897056e+00
-6.29925087e+00
-6.28571694e+00
-6.26933681e+00
-6.25093489e+00
-6.23122387e+00
-6.21083182e+00
-6.19032566e+00
-6.17023193e+00
-6.15105551e+00
-6.13329665e+00
-6.11746686e+00
-6.10410372e+00
-6.09378474e+00
-6.08714054e+00
-6.08486736e+00
-6.08773909e+00
-6.09661940e+00
-6.11247463e+00
-6.13638868e+00
-6.16958207e+00
-6.21343798e+00
-6.26953973e+00
-6.33972526e+00
-6.42616555e+00
-6.53147349e+00
-6.65884505e+00
-6.81221829e+00
-6.99639149e+00
-7.21693403e+00
-7.47948146e+00
-7.78749656e+00
-8.13659918e+00
-8.50192606e+00
-8.81289684e+00
-8.90900525e+00
-8.47633486e+00
-6.98853749e+00
-3.72993599e+00
1.95168245e+00
1.00461597e+01
1.43901541e+01
8.20739537e+00
6.15843025e+00
2.01176342e+00
-9.49158563e-01
-3.01280687e+00
-4.44915594e+00
-5.45383607e+00
-6.15934014e+00
-6.65453492e+00
-6.99967664e+00
-7.23632769e+00
-7.39367424e+00
-7.49255920e+00
-7.54809553e+00
-7.57139081e+00
-7.57070644e+00
-7.55225044e+00
-7.52072873e+00
-7.47973435e+00
-7.43202654e+00
-7.37973370e+00
-7.32450305e+00
-7.26761253e+00
-7.21005567e+00
-7.15260685e+00
-7.09587225e+00
-7.04033036e+00
-6.98636471e+00
-6.93429103e+00
-6.88438015e+00
-6.83687810e+00
-6.79202392e+00
-6.75006619e+00
-6.71127854e+00
-6.67597466e+00
-6.64452312e+00
-6.61736218e+00
-6.59501509e+00
-6.57810604e+00
-6.56737748e+00
-6.56370974e+00
-6.56814410e+00
-6.58191181e+00
-6.60647193e+00
-6.64356309e+00
-6.69527594e+00
-6.76415616e+00
-6.85335105e+00
-6.96681544e+00
-7.10959145e+00
-7.28816174e+00
-7.51082366e+00
-7.78788300e+00
-8.13108873e+00
-8.55084707e+00
-9.04785790e+00
-9.59222858e+00
-1.00777529e+01
-1.02353670e+01
-9.50187712e+00
-6.90111131e+00
-1.14636909e+00
8.62980009e+00
1.42551340e+01
8.26573808e+00
5.11127830e+00
-7.61347077e-01
-4.44427888e+00
-6.70103599e+00
-8.06951221e+00
-8.88501594e+00
-9.35203966e+00
-9.59644099e+00
-9.69708740e+00
-9.70436395e+00
-9.65105078e+00
-9.55882527e+00
-9.44222531e+00
-9.31111231e+00
-9.17223089e+00
-9.03021466e+00
-8.88824632e+00
-8.74849842e+00
-8.61243263e+00
-8.48100617e+00
-8.35481644e+00
-8.23420390e+00
-8.11932639e+00
-8.01021364e+00
-7.90680800e+00
-7.80899558e+00
-7.71663055e+00
-7.62955486e+00
-7.54761481e+00
-7.47067559e+00
-7.39863470e+00
-7.33143487e+00
-7.26907688e+00
-7.21163303e+00
-7.15926115e+00
-7.11221991e+00
-7.07088558e+00
-7.03577067e+00
-7.00754518e+00
-6.98706124e+00
-6.97538260e+00
-6.97382086e+00
-6.98398168e+00
-7.00782570e+00
-7.04775120e+00
-7.10670923e+00
-7.18836732e+00
-7.29734453e+00
-7.43955060e+00
-7.62266939e+00
-7.85682488e+00
-8.15542305e+00
-8.53598850e+00
-9.02028141e+00
-9.63152531e+00
-1.03829414e+01
-1.12436356e+01
-1.20527471e+01
-1.23355098e+01
-1.09930412e+01
-6.00793295e+00
5.17196363e+00
1.24193183e+01
6.00803128e+00
6.32502917e-01
-7.25899505e+00
-1.11372993e+01
-1.29202220e+01
-1.36226797e+01
-1.37653988e+01
-1.36190880e+01
-1.33274218e+01
-1.29680238e+01
-1.25833147e+01
-1.21965300e+01
-1.18202462e+01
-1.14610225e+01
-1.11219796e+01
-1.08042608e+01
-1.05078739e+01
-1.02321835e+01
-9.97620350e+00
-9.73877242e+00
-9.51865853e+00
-9.31462376e+00
-9.12546193e+00
-8.95002143e+00
-8.78721857e+00
-8.63604526e+00
-8.49557360e+00
-8.36495893e+00
-8.24344241e+00
-8.13035386e+00
-8.02511553e+00
-7.92724702e+00
-7.83637174e+00
-7.75222526e+00
-7.67466562e+00
-7.60368598e+00
-7.53942975e+00
-7.48220846e+00
-7.43252289e+00
-7.39108774e+00
-7.35886077e+00
-7.33707751e+00
-7.32729330e+00
-7.33143539e+00
-7.35186950e+00
-7.39148738e+00
-7.45382601e+00
-7.54323456e+00
-7.66511516e+00
-7.82627738e+00
-8.03546869e+00
-8.30417354e+00
-8.64780833e+00
-9.08745149e+00
-9.65213449e+00
-1.03811463e+01
-1.13237364e+01
-1.25270501e+01
-1.39843382e+01
-1.54688774e+01
-1.60944511e+01
-1.34123779e+01
-2.37222789e+00
6.87920828e+00
-3.35147366e+00
-1.39645815e+01
-2.14268810e+01
-2.29132076e+01
-2.23598773e+01
-2.11630377e+01
-1.98357193e+01
-1.85633068e+01
-1.74051656e+01
-1.63721071e+01
-1.54571322e+01
-1.46477270e+01
-1.39306678e+01
-1.32937560e+01
-1.27263077e+01
-1.22191607e+01
-1.17645154e+01
-1.13557365e+01
-1.09871649e+01
-1.06539547e+01
-1.03519375e+01
-1.00775110e+01
-9.82754967e+00
-9.59933200e+00
-9.39048239e+00
-9.19892466e+00
-9.02284521e+00
-8.86066439e+00
-8.71101480e+00
-8.57272572e+00
-8.44481287e+00
-8.32647322e+00
-8.21708432e+00
-8.11620807e+00
-8.02359864e+00
-7.93921456e+00
-7.86323499e+00
-7.79608003e+00
-7.73843541e+00
-7.69128175e+00
-7.65592883e+00
-7.63405571e+00
-7.62775819e+00
-7.63960594e+00
-7.67271313e+00
-7.73082887e+00
-7.81845778e+00
-7.94102700e+00
-8.10512664e+00
-8.31886729e+00
-8.59242707e+00
-8.93890758e+00
-9.37569857e+00
-9.92668002e+00
-1.06257903e+01
-1.15227327e+01
-1.26916241e+01
-1.42418573e+01
-1.63214468e+01
-1.90634284e+01
-2.22767727e+01
-2.42315615e+01
-1.80284163e+01
-5.78373025e+00
-9.66356677e+00
-2.33236236e+01
-2.90184593e+01
-2.89450202e+01
-2.70869560e+01
-2.48647237e+01
-2.27564417e+01
-2.08949146e+01
-1.92910878e+01
-1.79176849e+01
-1.67396430e+01
-1.57242978e+01
-1.48440412e+01
-1.40763507e+01
-1.34030508e+01
-1.28094657e+01
-1.22836767e+01
-1.18159260e+01
-1.13981542e+01
-1.10236463e+01
-1.06867619e+01
-1.03827275e+01
-1.01074775e+01
-9.85752994e+00
-9.62989051e+00
-9.42197736e+00
-9.23156295e+00
-9.05672897e+00
-8.89583256e+00
-8.74748147e+00
-8.61051735e+00
-8.48400574e+00
-8.36723246e+00
-8.25970561e+00
-8.16116304e+00
-8.07158485e+00
-7.99121083e+00
-7.92056284e+00
-7.86047178e+00
-7.81210969e+00
-7.77702666e+00
-7.75719384e+00
-7.75505276e+00
-7.77357392e+00
-7.81632693e+00
-7.88756906e+00
-7.99236031e+00
-8.13672159e+00
-8.32785974e+00
-8.57450175e+00
-8.88740453e+00
-9.28015525e+00
-9.77045249e+00
-1.03821983e+01
-1.11489617e+01
-1.21197626e+01
-1.33686345e+01
-1.50095339e+01
-1.72142761e+01
-2.02050275e+01
-2.40650665e+01
-2.77388069e+01
-2.55769066e+01
-1.20990964e+01
