# vtk DataFile Version 3.0
Lid-Driven Cavity Re=100 Step=200
ASCII
DATASET STRUCTURED_POINTS
DIMENSIONS 64 64 1
ORIGIN 0.007812 0.007812 0.0
SPACING 0.015625 0.015625 1.0
POINT_DATA 4096
VECTORS velocity double
-2.29191905e-04 -2.36462493e-04 0.0
-4.65357751e-04 -2.27769396e-04 0.0
-5.32352263e-04 -1.70798913e-04 0.0
-6.88423307e-04 -1.29162105e-04 0.0
-9.03310405e-04 -9.99110456e-05 0.0
-1.15693796e-03 -7.69532581e-05 0.0
-1.43794166e-03 -5.81279298e-05 0.0
-1.73781849e-03 -4.29000440e-05 0.0
-2.04912314e-03 -3.08255868e-05 0.0
-2.36556729e-03 -2.12367693e-05 0.0
-2.68224683e-03 -1.34601299e-05 0.0
-2.99555189e-03 -6.90477666e-06 0.0
-3.30290302e-03 -1.16457594e-06 0.0
-3.60245639e-03 4.06701799e-06 0.0
-3.89286744e-03 8.95320381e-06 0.0
-4.17310757e-03 1.36262030e-05 0.0
-4.44234464e-03 1.81215423e-05 0.0
-4.69985639e-03 2.24935554e-05 0.0
-4.94498547e-03 2.67238278e-05 0.0
-5.17710643e-03 3.08425444e-05 0.0
-5.39561766e-03 3.48137915e-05 0.0
-5.59993140e-03 3.86668772e-05 0.0
-5.78947925e-03 4.23618245e-05 0.0
-5.96370917e-03 4.59341613e-05 0.0
-6.12209410e-03 4.93430106e-05 0.0
-6.26412994e-03 5.26310949e-05 0.0
-6.38934401e-03 5.57567123e-05 0.0
-6.49729275e-03 5.87692632e-05 0.0
-6.58756945e-03 6.16259468e-05 0.0
-6.65980184e-03 6.43822629e-05 0.0
-6.71365912e-03 6.69943445e-05 0.0
-6.74884988e-03 6.95233538e-05 0.0
-6.76512853e-03 7.19246935e-05 0.0
-6.76229370e-03 7.42647904e-05 0.0
-6.74019412e-03 7.64988285e-05 0.0
-6.69872769e-03 7.86980148e-05 0.0
-6.63784652e-03 8.08178787e-05 0.0
-6.55755674e-03 8.29337280e-05 0.0
-6.45792250e-03 8.50019432e-05 0.0
-6.33906642e-03 8.71009769e-05 0.0
-6.20117219e-03 8.91884466e-05 0.0
-6.04448566e-03 9.13447658e-05 0.0
-5.86931599e-03 9.35292574e-05 0.0
-5.67603785e-03 9.58234548e-05 0.0
-5.46509222e-03 9.81900573e-05 0.0
-5.23699221e-03 1.00713292e-04 0.0
-4.99232806e-03 1.03365488e-04 0.0
-4.73178430e-03 1.06242761e-04 0.0
-4.45616084e-03 1.09345169e-04 0.0
-4.16641855e-03 1.12806865e-04 0.0
-3.86373909e-03 1.16696212e-04 0.0
-3.54962680e-03 1.21239222e-04 0.0
-3.22603963e-03 1.26645052e-04 0.0
-2.89558302e-03 1.33320635e-04 0.0
-2.56174655e-03 1.41722010e-04 0.0
-2.22919853e-03 1.52533725e-04 0.0
-1.90403796e-03 1.66472545e-04 0.0
-1.59388566e-03 1.84291863e-04 0.0
-1.30769500e-03 2.06522852e-04 0.0
-1.05587448e-03 2.33993239e-04 0.0
-8.52710883e-04 2.69565521e-04 0.0
-7.23029601e-04 3.20382071e-04 0.0
-7.00038513e-04 3.86369373e-04 0.0
-3.59739318e-04 3.68892391e-04 0.0
-2.77907444e-04 -4.30665540e-04 0.0
-6.46082427e-04 -3.65272526e-04 0.0
-9.08430226e-04 -1.69514819e-04 0.0
-1.32577332e-03 -1.30639461e-05 0.0
-1.87164844e-03 1.00794828e-04 0.0
-2.51374491e-03 1.87573752e-04 0.0
-3.22610792e-03 2.54629574e-04 0.0
-3.98741179e-03 3.04619629e-04 0.0
-4.77931041e-03 3.39831074e-04 0.0
-5.58637941e-03 3.63115076e-04 0.0
-6.39628717e-03 3.77402932e-04 0.0
-7.19960380e-03 3.85186346e-04 0.0
-7.98929532e-03 3.88371264e-04 0.0
-8.76015281e-03 3.88294215e-04 0.0
-9.50826389e-03 3.85862868e-04 0.0
-1.02306056e-02 3.81641437e-04 0.0
-1.09247292e-02 3.75983991e-04 0.0
-1.15885548e-02 3.69076373e-04 0.0
-1.22202238e-02 3.61034542e-04 0.0
-1.28180225e-02 3.51902143e-04 0.0
-1.33803270e-02 3.41723026e-04 0.0
-1.39055899e-02 3.30507301e-04 0.0
-1.43923238e-02 3.18292815e-04 0.0
-1.48391107e-02 3.05092862e-04 0.0
-1.52445972e-02 2.90957563e-04 0.0
-1.56075098e-02 2.75910948e-04 0.0
-1.59266522e-02 2.60017381e-04 0.0
-1.62009203e-02 2.43311154e-04 0.0
-1.64292996e-02 2.25869524e-04 0.0
-1.66108793e-02 2.07735838e-04 0.0
-1.67448496e-02 1.88999201e-04 0.0
-1.68305150e-02 1.69711570e-04 0.0
-1.68672920e-02 1.49973504e-04 0.0
-1.68547215e-02 1.29845694e-04 0.0
-1.67924678e-02 1.09440010e-04 0.0
-1.66803289e-02 8.88260998e-05 0.0
-1.65182376e-02 6.81267800e-05 0.0
-1.63062699e-02 4.74205411e-05 0.0
-1.60446469e-02 2.68401706e-05 0.0
-1.57337414e-02 6.47225347e-06 0.0
-1.53740805e-02 -1.35420800e-05 0.0
-1.49663505e-02 -3.31091061e-05 0.0
-1.45114012e-02 -5.20802850e-05 0.0
-1.40102502e-02 -7.03529479e-05 0.0
-1.34640932e-02 -8.77657117e-05 0.0
-1.28743159e-02 -1.04192633e-04 0.0
-1.22425230e-02 -1.19432115e-04 0.0
-1.15705773e-02 -1.33285121e-04 0.0
-1.08606774e-02 -1.45429249e-04 0.0
-1.01154642e-02 -1.55468381e-04 0.0
-9.33819791e-03 -1.62783164e-04 0.0
-8.53298995e-03 -1.66543073e-04 0.0
-7.70513895e-03 -1.65532052e-04 0.0
-6.86153913e-03 -1.58126388e-04 0.0
-6.01119503e-03 -1.42126457e-04 0.0
-5.16573773e-03 -1.14810396e-04 0.0
-4.33984395e-03 -7.30663442e-05 0.0
-3.55126678e-03 -1.39742045e-05 0.0
-2.82044399e-03 6.47837829e-05 0.0
-2.17021051e-03 1.66021417e-04 0.0
-1.62679217e-03 2.97679083e-04 0.0
-1.21944914e-03 4.74878133e-04 0.0
-9.62185467e-04 6.81360771e-04 0.0
-4.35401009e-04 6.70145499e-04 0.0
-2.89334292e-04 -3.32512725e-04 0.0
-7.28758594e-04 -1.24913520e-04 0.0
-1.13857978e-03 2.62296500e-04 0.0
-1.75903185e-03 5.92922723e-04 0.0
-2.56149098e-03 8.43145138e-04 0.0
-3.50621207e-03 1.03204528e-03 0.0
-4.55638394e-03 1.17269712e-03 0.0
-5.68033251e-03 1.27181031e-03 0.0
-6.85107005e-03 1.33528225e-03 0.0
-8.04610323e-03 1.36977347e-03 0.0
-9.24733866e-03 1.38189500e-03 0.0
-1.04406748e-02 1.37735614e-03 0.0
-1.16153564e-02 1.36058355e-03 0.0
-1.27632243e-02 1.33481814e-03 0.0
-1.38780449e-02 1.30228128e-03 0.0
-1.49549330e-02 1.26446554e-03 0.0
-1.59899319e-02 1.22229495e-03 0.0
-1.69796883e-02 1.17636210e-03 0.0
-1.79212541e-02 1.12699810e-03 0.0
-1.88119385e-02 1.07443831e-03 0.0
-1.96492424e-02 1.01881165e-03 0.0
-2.04308016e-02 9.60259465e-04 0.0
-2.11543823e-02 8.98873736e-04 0.0
-2.18178609e-02 8.34798036e-04 0.0
-2.24192402e-02 7.68138619e-04 0.0
-2.29566405e-02 6.99065366e-04 0.0
-2.34283207e-02 6.27708013e-04 0.0
-2.38326721e-02 5.54264459e-04 0.0
-2.41682392e-02 4.78886805e-04 0.0
-2.44337137e-02 4.01798867e-04 0.0
-2.46279548e-02 3.23173575e-04 0.0
-2.47499840e-02 2.43259345e-04 0.0
-2.47990034e-02 1.62249607e-04 0.0
-2.47743924e-02 8.04169520e-05 0.0
-2.46757243e-02 -2.02439603e-06 0.0
-2.45027649e-02 -8.47780591e-05 0.0
-2.42554865e-02 -1.67609030e-04 0.0
-2.39340691e-02 -2.50198371e-04 0.0
-2.35389114e-02 -3.32291338e-04 0.0
-2.30706337e-02 -4.13548894e-04 0.0
-2.25300866e-02 -4.93698382e-04 0.0
-2.19183561e-02 -5.72382797e-04 0.0
-2.12367714e-02 -6.49310259e-04 0.0
-2.04869160e-02 -7.24099647e-04 0.0
-1.96706411e-02 -7.96421087e-04 0.0
-1.87900959e-02 -8.65831086e-04 0.0
-1.78477649e-02 -9.31888753e-04 0.0
-1.68465470e-02 -9.93964985e-04 0.0
-1.57898583e-02 -1.05131067e-03 0.0
-1.46818142e-02 -1.10281913e-03 0.0
-1.35274633e-02 -1.14702423e-03 0.0
-1.23331429e-02 -1.18180753e-03 0.0
-1.11069099e-02 -1.20432867e-03 0.0
-9.85910963e-03 -1.21070986e-03 0.0
-8.60298762e-03 -1.19598889e-03 0.0
-7.35533701e-03 -1.15403905e-03 0.0
-6.13694160e-03 -1.07810978e-03 0.0
-4.97268900e-03 -9.61747157e-04 0.0
-3.89119988e-03 -7.99741504e-04 0.0
-2.92440619e-03 -5.86470774e-04 0.0
-2.10712839e-03 -3.10514876e-04 0.0
-1.47373089e-03 4.23373843e-05 0.0
-1.04358186e-03 4.26494954e-04 0.0
-4.40049906e-04 5.27677590e-04 0.0
-3.12453994e-04 -1.94416549e-04 0.0
-8.38753327e-04 2.39022028e-04 0.0
-1.39684079e-03 8.66272407e-04 0.0
-2.20416533e-03 1.41672642e-03 0.0
-3.22815884e-03 1.84579885e-03 0.0
-4.42528082e-03 2.17123963e-03 0.0
-5.75240594e-03 2.41080660e-03 0.0
-7.17108669e-03 2.57633719e-03 0.0
-8.64833932e-03 2.67875455e-03 0.0
-1.01566619e-02 2.72966617e-03 0.0
-1.16737656e-02 2.74035270e-03 0.0
-1.31820547e-02 2.72053522e-03 0.0
-1.46678637e-02 2.67790877e-03 0.0
-1.61206552e-02 2.61816619e-03 0.0
-1.75322376e-02 2.54535243e-03 0.0
-1.88961329e-02 2.46219424e-03 0.0
-2.02070493e-02 2.37050044e-03 0.0
-2.14605220e-02 2.27140480e-03 0.0
-2.26526329e-02 2.16565369e-03 0.0
-2.37798559e-02 2.05371202e-03 0.0
-2.48389326e-02 1.93594285e-03 0.0
-2.58268296e-02 1.81260915e-03 0.0
-2.67406890e-02 1.68399132e-03 0.0
-2.75778337e-02 1.55033118e-03 0.0
-2.83357464e-02 1.41192738e-03 0.0
-2.90120912e-02 1.26905188e-03 0.0
-2.96047011e-02 1.12204425e-03 0.0
-3.01116032e-02 9.71214506e-04 0.0
-3.05310084e-02 8.16944109e-04 0.0
-3.08613368e-02 6.59579748e-04 0.0
-3.11012085e-02 4.99542842e-04 0.0
-3.12494673e-02 3.37215673e-04 0.0
-3.13051742e-02 1.73058816e-04 0.0
-3.12676284e-02 7.49030413e-06 0.0
-3.11363631e-02 -1.58990254e-04 0.0
-3.09111650e-02 -3.25928770e-04 0.0
-3.05920724e-02 -4.92787360e-04 0.0
-3.01793911e-02 -6.59076693e-04 0.0
-2.96736963e-02 -8.24222959e-04 0.0
-2.90758448e-02 -9.87703802e-04 0.0
-2.83869804e-02 -1.14891238e-03 0.0
-2.76085436e-02 -1.30729341e-03 0.0
-2.67422833e-02 -1.46220259e-03 0.0
-2.57902693e-02 -1.61303462e-03 0.0
-2.47549197e-02 -1.75906967e-03 0.0
-2.36390307e-02 -1.89957579e-03 0.0
-2.24458446e-02 -2.03362191e-03 0.0
-2.11791320e-02 -2.16012334e-03 0.0
-1.98433477e-02 -2.27758845e-03 0.0
-1.84438273e-02 -2.38406926e-03 0.0
-1.69871028e-02 -2.47681575e-03 0.0
-1.54812856e-02 -2.55211999e-03 0.0
-1.39366024e-02 -2.60490226e-03 0.0
-1.23659885e-02 -2.62852046e-03 0.0
-1.07857943e-02 -2.61446846e-03 0.0
-9.21641590e-03 -2.55256271e-03 0.0
-7.68281528e-03 -2.43156061e-03 0.0
-6.21465049e-03 -2.24069260e-03 0.0
-4.84607559e-03 -1.97084351e-03 0.0
-3.61517426e-03 -1.61304767e-03 0.0
-2.56280965e-03 -1.15356907e-03 0.0
-1.72854098e-03 -5.82263754e-04 0.0
-1.14125093e-03 3.36628373e-05 0.0
-4.55947879e-04 3.58345939e-04 0.0
-3.38593450e-04 -5.10113388e-07 0.0
-9.55978138e-04 7.31660595e-04 0.0
-1.66177095e-03 1.63751683e-03 0.0
-2.64646340e-03 2.43750371e-03 0.0
-3.86980595e-03 3.07236283e-03 0.0
-5.28483240e-03 3.55683140e-03 0.0
-6.84471957e-03 3.91223494e-03 0.0
-8.50700148e-03 4.15588151e-03 0.0
-1.02349864e-02 4.30445836e-03 0.0
-1.19979310e-02 4.37524240e-03 0.0
-1.37707598e-02 4.38472233e-03 0.0
-1.55334483e-02 4.34715903e-03 0.0
-1.72702552e-02 4.27391725e-03 0.0
-1.89688554e-02 4.17356845e-03 0.0
-2.06195599e-02 4.05225662e-03 0.0
-2.22146061e-02 3.91425388e-03 0.0
-2.37476297e-02 3.76240376e-03 0.0
-2.52132293e-02 3.59859955e-03 0.0
-2.66066953e-02 3.42406214e-03 0.0
-2.79237900e-02 3.23965066e-03 0.0
-2.91606457e-02 3.04596650e-03 0.0
-3.03136660e-02 2.84353580e-03 0.0
-3.13795090e-02 2.63280052e-03 0.0
-3.23550431e-02 2.41423725e-03 0.0
-3.32373639e-02 2.18829190e-03 0.0
-3.40237706e-02 1.95547879e-03 0.0
-3.47117930e-02 1.71629013e-03 0.0
-3.52991747e-02 1.47129569e-03 0.0
-3.57839025e-02 1.22103975e-03 0.0
-3.61641918e-02 9.66148085e-04 0.0
-3.64385152e-02 7.07216371e-04 0.0
-3.66055906e-02 4.44925456e-04 0.0
-3.66644078e-02 1.79922546e-04 0.0
-3.66142195e-02 -8.70562264e-05 0.0
-3.64545656e-02 -3.55311227e-04 0.0
-3.61852675e-02 -6.24050876e-04 0.0
-3.58064492e-02 -8.92522952e-04 0.0
-3.53185355e-02 -1.15988183e-03 0.0
-3.47222695e-02 -1.42532430e-03 0.0
-3.40187151e-02 -1.68795353e-03 0.0
-3.32092711e-02 -1.94691643e-03 0.0
-3.22956797e-02 -2.20126305e-03 0.0
-3.12800406e-02 -2.45007807e-03 0.0
-3.01648324e-02 -2.69232788e-03 0.0
-2.89529365e-02 -2.92696885e-03 0.0
-2.76476897e-02 -3.15276073e-03 0.0
-2.62529443e-02 -3.36831724e-03 0.0
-2.47731901e-02 -3.57184594e-03 0.0
-2.32137013e-02 -3.76109050e-03 0.0
-2.15807922e-02 -3.93295118e-03 0.0
-1.98821235e-02 -4.08328222e-03 0.0
-1.81271616e-02 -4.20639131e-03 0.0
-1.63276974e-02 -4.29473781e-03 0.0
-1.44985185e-02 -4.33844124e-03 0.0
-1.26580730e-02 -4.32515201e-03 0.0
-1.08291683e-02 -4.24013133e-03 0.0
-9.03944928e-03 -4.06728179e-03 0.0
-7.32167272e-03 -3.79088800e-03 0.0
-5.71356328e-03 -3.39730882e-03 0.0
-4.25734807e-03 -2.87368069e-03 0.0
-2.99834101e-03 -2.20429072e-03 0.0
-1.98150823e-03 -1.38263222e-03 0.0
-1.24654591e-03 -4.88211016e-04 0.0
-4.77012964e-04 1.44223116e-04 0.0
-3.59823960e-04 2.47344978e-04 0.0
-1.05519625e-03 1.34600092e-03 0.0
-1.89181314e-03 2.56559034e-03 0.0
-3.03461391e-03 3.63692832e-03 0.0
-4.43293078e-03 4.49460488e-03 0.0
-6.03497450e-03 5.15166754e-03 0.0
-7.79063532e-03 5.63295722e-03 0.0
-9.65465807e-03 5.96147516e-03 0.0
-1.15879271e-02 6.16013249e-03 0.0
-1.35576439e-02 6.25224430e-03 0.0
-1.55369307e-02 6.25985330e-03 0.0
-1.75041921e-02 6.20199622e-03 0.0
-1.94422752e-02 6.09399111e-03 0.0
-2.13376295e-02 5.94747119e-03 0.0
-2.31794697e-02 5.77092348e-03 0.0
-2.49590967e-02 5.57028629e-03 0.0
-2.66693064e-02 5.34963371e-03 0.0
-2.83039854e-02 5.11167831e-03 0.0
-2.98577767e-02 4.85827405e-03 0.0
-3.13258963e-02 4.59068748e-03 0.0
-3.27039693e-02 4.30989600e-03 0.0
-3.39879743e-02 4.01667047e-03 0.0
-3.51741677e-02 3.71174431e-03 0.0
-3.62590863e-02 3.39578933e-03 0.0
-3.72395084e-02 3.06952910e-03 0.0
-3.81124786e-02 2.73366580e-03 0.0
-3.88752820e-02 2.38897943e-03 0.0
-3.95254758e-02 2.03623350e-03 0.0
-4.00608686e-02 1.67627692e-03 0.0
-4.04795520e-02 1.30993897e-03 0.0
-4.07798838e-02 9.38138618e-04 0.0
-4.09605182e-02 5.61771744e-04 0.0
-4.10203919e-02 1.81828268e-04 0.0
-4.09587529e-02 -2.00727544e-04 0.0
-4.07751497e-02 -5.84833403e-04 0.0
-4.04694575e-02 -9.69454969e-04 0.0
-4.00418721e-02 -1.35345724e-03 0.0
-3.94929319e-02 -1.73573582e-03 0.0
-3.88235172e-02 -2.11508464e-03 0.0
-3.80348679e-02 -2.49033024e-03 0.0
-3.71285899e-02 -2.86019526e-03 0.0
-3.61066693e-02 -3.22342973e-03 0.0
-3.49714898e-02 -3.57866418e-03 0.0
-3.37258515e-02 -3.92452274e-03 0.0
-3.23730107e-02 -4.25944666e-03 0.0
-3.09167206e-02 -4.58175622e-03 0.0
-2.93613226e-02 -4.88940368e-03 0.0
-2.77118481e-02 -5.17992754e-03 0.0
-2.59742129e-02 -5.45007507e-03 0.0
-2.41554442e-02 -5.69558779e-03 0.0
-2.22640486e-02 -5.91065670e-03 0.0
-2.03104335e-02 -6.08754194e-03 0.0
-1.83074973e-02 -6.21593992e-03 0.0
-1.62712478e-02 -6.28262147e-03 0.0
-1.42215437e-02 -6.27108012e-03 0.0
-1.21827367e-02 -6.16187526e-03 0.0
-1.01842740e-02 -5.93368537e-03 0.0
-8.26100113e-03 -5.56550152e-03 0.0
-6.45327883e-03 -5.03850055e-03 0.0
-4.80661343e-03 -4.33534504e-03 0.0
-3.37057456e-03 -3.43765401e-03 0.0
-2.19628274e-03 -2.34037728e-03 0.0
-1.33484007e-03 -1.12686119e-03 0.0
-4.94351627e-04 -1.16343348e-04 0.0
-3.74767183e-04 5.37541210e-04 0.0
-1.13016018e-03 2.06217756e-03 0.0
-2.07345797e-03 3.62933244e-03 0.0
-3.34903154e-03 4.99156715e-03 0.0
-4.89555687e-03 6.08481591e-03 0.0
-6.65531891e-03 6.92327256e-03 0.0
-8.57455841e-03 7.53626390e-03 0.0
-1.06054441e-02 7.95309101e-03 0.0
-1.27069655e-02 8.20332235e-03 0.0
-1.48448390e-02 8.31666297e-03 0.0
-1.69909987e-02 8.32090043e-03 0.0
-1.91228089e-02 8.24004325e-03 0.0
-2.12222189e-02 8.09346092e-03 0.0
-2.32748466e-02 7.89601039e-03 0.0
-2.52691804e-02 7.65858654e-03 0.0
-2.71958402e-02 7.38894168e-03 0.0
-2.90470346e-02 7.09241551e-03 0.0
-3.08160973e-02 6.77267480e-03 0.0
-3.24972037e-02 6.43221333e-03 0.0
-3.40851250e-02 6.07283074e-03 0.0
-3.55751190e-02 5.69586284e-03 0.0
-3.69628102e-02 5.30244669e-03 0.0
-3.82441703e-02 4.89356988e-03 0.0
-3.94154573e-02 4.47022124e-03 0.0
-4.04732336e-02 4.03334897e-03 0.0
-4.14143291e-02 3.58396849e-03 0.0
-4.22358722e-02 3.12308155e-03 0.0
-4.29352615e-02 2.65177616e-03 0.0
-4.35102004e-02 2.17112889e-03 0.0
-4.39586733e-02 1.68230946e-03 0.0
-4.42789800e-02 1.18647381e-03 0.0
-4.44697153e-02 6.84876209e-04 0.0
-4.45298018e-02 1.78755162e-04 0.0
-4.44584746e-02 -3.30547380e-04 0.0
-4.42553106e-02 -8.41706685e-04 0.0
-4.39202182e-02 -1.35329041e-03 0.0
-4.34534638e-02 -1.86388515e-03 0.0
-4.28556669e-02 -2.37196748e-03 0.0
-4.21278220e-02 -2.87603474e-03 0.0
-4.12713007e-02 -3.37447226e-03 0.0
-4.02878698e-02 -3.86568384e-03 0.0
-3.91797027e-02 -4.34795092e-03 0.0
-3.79493966e-02 -4.81955086e-03 0.0
-3.66000017e-02 -5.27859252e-03 0.0
-3.51350499e-02 -5.72309363e-03 0.0
-3.35586194e-02 -6.15075574e-03 0.0
-3.18754031e-02 -6.55894535e-03 0.0
-3.00908498e-02 -6.94434325e-03 0.0
-2.82113225e-02 -7.30275275e-03 0.0
-2.62443801e-02 -7.62855576e-03 0.0
-2.41990972e-02 -7.91430333e-03 0.0
-2.20865531e-02 -8.14999498e-03 0.0
-1.99203623e-02 -8.32255628e-03 0.0
-1.77173784e-02 -8.41518595e-03 0.0
-1.54983753e-02 -8.40717239e-03 0.0
-1.32888146e-02 -8.27410609e-03 0.0
-1.11194388e-02 -7.98925071e-03 0.0
-9.02681769e-03 -7.52579427e-03 0.0
-7.05358301e-03 -6.85913143e-03 0.0
-5.24843491e-03 -5.96650107e-03 0.0
-3.66533498e-03 -4.82561293e-03 0.0
-2.36197076e-03 -3.43005766e-03 0.0
-1.39983542e-03 -1.86074494e-03 0.0
-5.06042788e-04 -4.13675637e-04 0.0
-3.84869984e-04 8.58408967e-04 0.0
-1.18497905e-03 2.85804376e-03 0.0
-2.21237040e-03 4.80416082e-03 0.0
-3.59615674e-03 6.47610543e-03 0.0
-5.26565881e-03 7.81631464e-03 0.0
-7.15711338e-03 8.84300141e-03 0.0
-9.21281383e-03 9.59148892e-03 0.0
-1.13823088e-02 1.00982619e-02 0.0
-1.36227831e-02 1.04001656e-02 0.0
-1.58987186e-02 1.05336487e-02 0.0
-1.81811236e-02 1.05325025e-02 0.0
-2.04466611e-02 1.04258137e-02 0.0
-2.26766639e-02 1.02371315e-02 0.0
-2.48562309e-02 9.98456443e-03 0.0
-2.69733474e-02 9.68151628e-03 0.0
-2.90181970e-02 9.33755656e-03 0.0
-3.09825538e-02 8.95939096e-03 0.0
-3.28593811e-02 8.55163023e-03 0.0
-3.46424841e-02 8.11751203e-03 0.0
-3.63263297e-02 7.65934562e-03 0.0
-3.79058699e-02 7.17893280e-03 0.0
-3.93764886e-02 6.67773915e-03 0.0
-4.07339120e-02 6.15711748e-03 0.0
-4.19742151e-02 5.61832206e-03 0.0
-4.30937691e-02 5.06264081e-03 0.0
-4.40892706e-02 4.49133783e-03 0.0
-4.49577040e-02 3.90575668e-03 0.0
-4.56963775e-02 3.30723356e-03 0.0
-4.63028922e-02 2.69719829e-03 0.0
-4.67751787e-02 2.07707441e-03 0.0
-4.71114713e-02 1.44838625e-03 0.0
-4.73103439e-02 8.12651021e-04 0.0
-4.73706878e-02 1.71493129e-04 0.0
-4.72917465e-02 -4.73470424e-04 0.0
-4.70730991e-02 -1.12050949e-03 0.0
-4.67146910e-02 -1.76790161e-03 0.0
-4.62168244e-02 -2.41380682e-03 0.0
-4.55801847e-02 -3.05639367e-03 0.0
-4.48058383e-02 -3.69371028e-03 0.0
-4.38952540e-02 -4.32381248e-03 0.0
-4.28503098e-02 -4.94462884e-03 0.0
-4.16733112e-02 -5.55408203e-03 0.0
-4.03670115e-02 -6.14993670e-03 0.0
-3.89346334e-02 -6.72989121e-03 0.0
-3.73799159e-02 -7.29137767e-03 0.0
-3.57071574e-02 -7.83157506e-03 0.0
-3.39213171e-02 -8.34709956e-03 0.0
-3.20281196e-02 -8.83385812e-03 0.0
-3.00342632e-02 -9.28654337e-03 0.0
-2.79476492e-02 -9.69824522e-03 0.0
-2.57777682e-02 -1.00597057e-02 0.0
-2.35361262e-02 -1.03587091e-02 0.0
-2.12368623e-02 -1.05792322e-02 0.0
-1.88973885e-02 -1.07009056e-02 0.0
-1.65391968e-02 -1.06985914e-02 0.0
-1.41885918e-02 -1.05427997e-02 0.0
-1.18774940e-02 -1.02009842e-02 0.0
-9.64403852e-03 -9.64009408e-03 0.0
-7.53314623e-03 -8.82892247e-03 0.0
-5.59667010e-03 -7.73830156e-03 0.0
-3.89303180e-03 -6.34052559e-03 0.0
-2.48606458e-03 -4.62545491e-03 0.0
-1.44586709e-03 -2.66766692e-03 0.0
-5.13343442e-04 -7.37278052e-04 0.0
-3.91860046e-04 1.20141641e-03 0.0
-1.22568686e-03 3.71525260e-03 0.0
-2.31949173e-03 6.06815355e-03 0.0
-3.79125185e-03 8.06766755e-03 0.0
-5.56271922e-03 9.66573196e-03 0.0
-7.56454968e-03 1.08868823e-02 0.0
-9.73515284e-03 1.17739265e-02 0.0
-1.20213864e-02 1.23715709e-02 0.0
-1.43786461e-02 1.27246106e-02 0.0
-1.67701989e-02 1.28767154e-02 0.0
-1.91662596e-02 1.28679267e-02 0.0
-2.15429046e-02 1.27326009e-02 0.0
-2.38810473e-02 1.24985207e-02 0.0
-2.61654079e-02 1.21871375e-02 0.0
-2.83836651e-02 1.18143536e-02 0.0
-3.05256836e-02 1.13916282e-02 0.0
-3.25829698e-02 1.09270052e-02 0.0
-3.45481981e-02 1.04261187e-02 0.0
-3.64149382e-02 9.89291599e-03 0.0
-3.81774029e-02 9.33030568e-03 0.0
-3.98303482e-02 8.74051407e-03 0.0
-4.13689446e-02 8.12543328e-03 0.0
-4.27887651e-02 7.48672984e-03 0.0
-4.40857133e-02 6.82602780e-03 0.0
-4.52560470e-02 6.14489188e-03 0.0
-4.62963301e-02 5.44494472e-03 0.0
-4.72034686e-02 4.72779713e-03 0.0
-4.79746711e-02 3.99514874e-03 0.0
-4.86074890e-02 3.24869717e-03 0.0
-4.90997822e-02 2.49024051e-03 0.0
-4.94497588e-02 1.72157640e-03 0.0
-4.96559464e-02 9.44611289e-04 0.0
-4.97172301e-02 1.61252375e-04 0.0
-4.96328300e-02 -6.26476372e-04 0.0
-4.94023365e-02 -1.41654868e-03 0.0
-4.90256943e-02 -2.20681471e-03 0.0
-4.85032345e-02 -2.99512129e-03 0.0
-4.78356664e-02 -3.77918678e-03 0.0
-4.70241040e-02 -4.55672528e-03 0.0
-4.60700677e-02 -5.32531685e-03 0.0
-4.49755056e-02 -6.08252957e-03 0.0
-4.37428067e-02 -6.82577802e-03 0.0
-4.23748205e-02 -7.55242619e-03 0.0
-4.08748902e-02 -8.25961098e-03 0.0
-3.92468816e-02 -8.94428592e-03 0.0
-3.74952548e-02 -9.60295639e-03 0.0
-3.56251308e-02 -1.02315882e-02 0.0
-3.36424420e-02 -1.08251647e-02 0.0
-3.15540885e-02 -1.13773575e-02 0.0
-2.93682328e-02 -1.18798160e-02 0.0
-2.70946209e-02 -1.23215454e-02 0.0
-2.47450963e-02 -1.26879590e-02 0.0
-2.23341487e-02 -1.29601195e-02 0.0
-1.98796779e-02 -1.31138949e-02 0.0
-1.74037467e-02 -1.31196602e-02 0.0
-1.49335006e-02 -1.29425241e-02 0.0
-1.25019665e-02 -1.25438374e-02 0.0
-1.01489305e-02 -1.18836856e-02 0.0
-7.92156457e-03 -1.09235465e-02 0.0
-5.87490000e-03 -9.62678358e-03 0.0
-4.07150982e-03 -7.95904158e-03 0.0
-2.58068635e-03 -5.90470762e-03 0.0
-1.47917146e-03 -3.53010901e-03 0.0
-5.17952549e-04 -1.07955303e-03 0.0
-3.96989413e-04 1.56100606e-03 0.0
-1.25725205e-03 4.62049444e-03 0.0
-2.40484181e-03 7.40431302e-03 0.0
-3.94951486e-03 9.74794980e-03 0.0
-5.80699944e-03 1.16144135e-02 0.0
-7.90310526e-03 1.30361508e-02 0.0
-1.01725685e-02 1.40647417e-02 0.0
-1.25596249e-02 1.47540649e-02 0.0
-1.50178271e-02 1.51576013e-02 0.0
-1.75092355e-02 1.53267110e-02 0.0
-2.00032468e-02 1.53080319e-02 0.0
-2.24754248e-02 1.51413498e-02 0.0
-2.49062987e-02 1.48588235e-02 0.0
-2.72803310e-02 1.44852650e-02 0.0
-2.95849520e-02 1.40391459e-02 0.0
-3.18098377e-02 1.35337844e-02 0.0
-3.39462776e-02 1.29786237e-02 0.0
-3.59867762e-02 1.23802783e-02 0.0
-3.79247006e-02 1.17434766e-02 0.0
-3.97541121e-02 1.10716797e-02 0.0
-4.14695852e-02 1.03676216e-02 0.0
-4.30661656e-02 9.63356841e-03 0.0
-4.45392731e-02 8.87159323e-03 0.0
-4.58847159e-02 8.08362842e-03 0.0
-4.70986284e-02 7.27161526e-03 0.0
-4.81775065e-02 6.43746285e-03 0.0
-4.91181591e-02 5.58315477e-03 0.0
-4.99177493e-02 4.71067109e-03 0.0
-5.05737532e-02 3.82208804e-03 0.0
-5.10840018e-02 2.91948510e-03 0.0
-5.14466453e-02 2.00504939e-03 0.0
-5.16601947e-02 1.08097461e-03 0.0
-5.17234916e-02 1.49572398e-04 0.0
-5.16357485e-02 -7.86835277e-04 0.0
-5.13965260e-02 -1.72579890e-03 0.0
-5.10057693e-02 -2.66485504e-03 0.0
-5.04637951e-02 -3.60140495e-03 0.0
-4.97713222e-02 -4.53283327e-03 0.0
-4.89294685e-02 -5.45638294e-03 0.0
-4.79397766e-02 -6.36927518e-03 0.0
-4.68042208e-02 -7.26857681e-03 0.0
-4.55252288e-02 -8.15130972e-03 0.0
-4.41057039e-02 -9.01429439e-03 0.0
-4.25490482e-02 -9.85421845e-03 0.0
-4.08592129e-02 -1.06674140e-02 0.0
-3.90407408e-02 -1.14498203e-02 0.0
-3.70988734e-02 -1.21966117e-02 0.0
-3.50396534e-02 -1.29019481e-02 0.0
-3.28701423e-02 -1.35583409e-02 0.0
-3.05986511e-02 -1.41560843e-02 0.0
-2.82351478e-02 -1.46823020e-02 0.0
-2.57916987e-02 -1.51200890e-02 0.0
-2.32831380e-02 -1.54474168e-02 0.0
-2.07277639e-02 -1.56363654e-02 0.0
-1.81482632e-02 -1.56525512e-02 0.0
-1.55725895e-02 -1.54554867e-02 0.0
-1.30350010e-02 -1.49999390e-02 0.0
-1.05769313e-02 -1.42386357e-02 0.0
-8.24789745e-03 -1.31249507e-02 0.0
-6.10593586e-03 -1.16139649e-02 0.0
-4.21750253e-03 -9.66365211e-03 0.0
-2.65648156e-03 -7.25191494e-03 0.0
-1.50483452e-03 -4.43604631e-03 0.0
-5.21077058e-04 -1.43579928e-03 0.0
-4.01134564e-04 1.93374468e-03 0.0
-1.28334489e-03 5.56484686e-03 0.0
-2.47641865e-03 8.80063072e-03 0.0
-4.08376076e-03 1.15036574e-02 0.0
-6.01627885e-03 1.36487209e-02 0.0
-8.19555886e-03 1.52772452e-02 0.0
-1.05529881e-02 1.64505579e-02 0.0
-1.30302360e-02 1.72325749e-02 0.0
-1.55790354e-02 1.76861171e-02 0.0
-1.81601650e-02 1.78707615e-02 0.0
-2.07422016e-02 1.78400600e-02 0.0
-2.33001456e-02 1.76394787e-02 0.0
-2.58141879e-02 1.73056484e-02 0.0
-2.82685235e-02 1.68668501e-02 0.0
-3.06504154e-02 1.63441185e-02 0.0
-3.29493600e-02 1.57526916e-02 0.0
-3.51565224e-02 1.51033710e-02 0.0
-3.72642453e-02 1.44038098e-02 0.0
-3.92657833e-02 1.36594676e-02 0.0
-4.11550450e-02 1.28744271e-02 0.0
-4.29265063e-02 1.20518766e-02 0.0
-4.45750765e-02 1.11945372e-02 0.0
-4.60960965e-02 1.03048282e-02 0.0
-4.74852592e-02 9.38508018e-03 0.0
-4.87386409e-02 8.43754194e-03 0.0
-4.98526429e-02 7.46450531e-03 0.0
-5.08240331e-02 6.46824706e-03 0.0
-5.16498968e-02 5.45112937e-03 0.0
-5.23276810e-02 4.41551703e-03 0.0
-5.28551503e-02 3.36387765e-03 0.0
-5.32304322e-02 2.29868831e-03 0.0
-5.34519794e-02 1.22254196e-03 0.0
-5.35186129e-02 1.38047358e-04 0.0
-5.34294932e-02 -9.52058086e-04 0.0
-5.31841606e-02 -2.04501451e-03 0.0
-5.27825156e-02 -3.13792195e-03 0.0
-5.22248553e-02 -4.22785227e-03 0.0
-5.15118642e-02 -5.31172811e-03 0.0
-5.06446449e-02 -6.38643853e-03 0.0
-4.96247203e-02 -7.44871305e-03 0.0
-4.84540582e-02 -8.49523356e-03 0.0
-4.71350873e-02 -9.52249325e-03 0.0
-4.56707180e-02 -1.05268830e-02 0.0
-4.40643790e-02 -1.15045040e-02 0.0
-4.23200463e-02 -1.24511771e-02 0.0
-4.04423194e-02 -1.33621395e-02 0.0
-3.84364863e-02 -1.42318782e-02 0.0
-3.63086818e-02 -1.50535952e-02 0.0
-3.40660447e-02 -1.58187337e-02 0.0
-3.17170300e-02 -1.65160940e-02 0.0
-2.92717436e-02 -1.71309820e-02 0.0
-2.67424980e-02 -1.76440097e-02 0.0
-2.41444069e-02 -1.80300578e-02 0.0
-2.14962408e-02 -1.82571815e-02 0.0
-1.88212886e-02 -1.82861094e-02 0.0
-1.61484498e-02 -1.80703702e-02 0.0
-1.35132273e-02 -1.75578007e-02 0.0
-1.09588531e-02 -1.66931607e-02 0.0
-8.53712939e-03 -1.54211316e-02 0.0
-6.30907612e-03 -1.36877564e-02 0.0
-4.34464029e-03 -1.14426929e-02 0.0
-2.72176672e-03 -8.65674160e-03 0.0
-1.52654291e-03 -5.37806939e-03 0.0
-5.23597107e-04 -1.80338508e-03 0.0
-4.04900447e-04 2.31768511e-03 0.0
-1.30672728e-03 6.54285136e-03 0.0
-2.54047919e-03 1.02494597e-02 0.0
-4.20442913e-03 1.33261307e-02 0.0
-6.20539336e-03 1.57597439e-02 0.0
-8.46125426e-03 1.76013795e-02 0.0
-1.09002662e-02 1.89228852e-02 0.0
-1.34616589e-02 1.97989112e-02 0.0
-1.60953084e-02 2.03022568e-02 0.0
-1.87607066e-02 2.05011795e-02 0.0
-2.14255213e-02 2.04565277e-02 0.0
-2.40641879e-02 2.02196586e-02 0.0
-2.66564940e-02 1.98318587e-02 0.0
-2.91864026e-02 1.93249286e-02 0.0
-3.16409734e-02 1.87225523e-02 0.0
-3.40095844e-02 1.80418660e-02 0.0
-3.62832542e-02 1.72950867e-02 0.0
-3.84542363e-02 1.64908602e-02 0.0
-4.05156517e-02 1.56354368e-02 0.0
-4.24613307e-02 1.47334682e-02 0.0
-4.42856260e-02 1.37886670e-02 0.0
-4.59833816e-02 1.28041510e-02 0.0
-4.75498301e-02 1.17827666e-02 0.0
-4.89806152e-02 1.07271767e-02 0.0
-5.02717211e-02 9.64002544e-03 0.0
-5.14195137e-02 8.52391204e-03 0.0
-5.24206819e-02 7.38149969e-03 0.0
-5.32722844e-02 6.21544682e-03 0.0
-5.39716968e-02 5.02850479e-03 0.0
-5.45166594e-02 3.82343343e-03 0.0
-5.49052316e-02 2.60310255e-03 0.0
-5.51358382e-02 1.37039989e-03 0.0
-5.52072325e-02 1.28339337e-04 0.0
-5.51185408e-02 -1.12003720e-03 0.0
-5.48692356e-02 -2.37154595e-03 0.0
-5.44591770e-02 -3.62296533e-03 0.0
-5.38885966e-02 -4.87091848e-03 0.0
-5.31581352e-02 -6.11198252e-03 0.0
-5.22688376e-02 -7.34256775e-03 0.0
-5.12221846e-02 -8.55902789e-03 0.0
-5.00201012e-02 -9.75753050e-03 0.0
-4.86649814e-02 -1.09341536e-02 0.0
-4.71597145e-02 -1.20847265e-02 0.0
-4.55077086e-02 -1.32048740e-02 0.0
-4.37129459e-02 -1.42897734e-02 0.0
-4.17800245e-02 -1.53340642e-02 0.0
-3.97142724e-02 -1.63314149e-02 0.0
-3.75218500e-02 -1.72741642e-02 0.0
-3.52099832e-02 -1.81525521e-02 0.0
-3.27872031e-02 -1.89539570e-02 0.0
-3.02637883e-02 -1.96617127e-02 0.0
-2.76522406e-02 -2.02539688e-02 0.0
-2.49680292e-02 -2.07023047e-02 0.0
-2.22303690e-02 -2.09706691e-02 0.0
-1.94632815e-02 -2.10145776e-02 0.0
-1.66966190e-02 -2.07813247e-02 0.0
-1.39672979e-02 -2.02113200e-02 0.0
-1.13203442e-02 -1.92409054e-02 0.0
-8.80996119e-03 -1.78054393e-02 0.0
-6.50000443e-03 -1.58414107e-02 0.0
-4.46380725e-03 -1.32896338e-02 0.0
-2.78290661e-03 -1.01135436e-02 0.0
-1.54705630e-03 -6.35232070e-03 0.0
-5.26071469e-04 -2.18112187e-03 0.0
-4.08761600e-04 2.71196116e-03 0.0
-1.32949318e-03 7.55175159e-03 0.0
-2.60192601e-03 1.17467521e-02 0.0
-4.31984206e-03 1.52107161e-02 0.0
-6.38640962e-03 1.79427047e-02 0.0
-8.71606149e-03 2.00039500e-02 0.0
-1.12341194e-02 2.14774059e-02 0.0
-1.38773979e-02 2.24490873e-02 0.0
-1.65939515e-02 2.30023123e-02 0.0
-1.93419048e-02 2.32145085e-02 0.0
-2.20880070e-02 2.31541516e-02 0.0
-2.48060361e-02 2.28787710e-02 0.0
-2.74753826e-02 2.24344429e-02 0.0
-3.00797055e-02 2.18566248e-02 0.0
-3.26058944e-02 2.11716683e-02 0.0
-3.50431564e-02 2.03986805e-02 0.0
-3.73824161e-02 1.95512629e-02 0.0
-3.96157948e-02 1.86391113e-02 0.0
-4.17363427e-02 1.76692194e-02 0.0
-4.37377723e-02 1.66468702e-02 0.0
-4.56143789e-02 1.55762466e-02 0.0
-4.73609020e-02 1.44609356e-02 0.0
-4.89725316e-02 1.33041492e-02 0.0
-5.04448210e-02 1.21089633e-02 0.0
-5.17737248e-02 1.08783470e-02 0.0
-5.29555302e-02 9.61529256e-03 0.0
-5.39869044e-02 8.32276910e-03 0.0
-5.48648329e-02 7.00382124e-03 0.0
-5.55866698e-02 5.66149568e-03 0.0
-5.61500822e-02 4.29893860e-03 0.0
-5.65531007e-02 2.91931193e-03 0.0
-5.67940723e-02 1.52589693e-03 0.0
-5.68717094e-02 1.22004529e-04 0.0
-5.67850544e-02 -1.28891476e-03 0.0
-5.65335254e-02 -2.70336618e-03 0.0
-5.61168934e-02 -4.11769650e-03 0.0
-5.55353253e-02 -5.52819521e-03 0.0
-5.47893726e-02 -6.93097758e-03 0.0
-5.38800097e-02 -8.32208989e-03 0.0
-5.28086368e-02 -9.69738782e-03 0.0
-5.15771099e-02 -1.10526369e-02 0.0
-5.01877601e-02 -1.23833734e-02 0.0
-4.86434178e-02 -1.36849732e-02 0.0
-4.69474540e-02 -1.49524560e-02 0.0
-4.51038104e-02 -1.61804584e-02 0.0
-4.31170813e-02 -1.73628931e-02 0.0
-4.09925805e-02 -1.84927050e-02 0.0
-3.87365099e-02 -1.95612373e-02 0.0
-3.63561242e-02 -2.05576049e-02 0.0
-3.38600694e-02 -2.14676183e-02 0.0
-3.12587417e-02 -2.22726770e-02 0.0
-2.85649030e-02 -2.29482808e-02 0.0
-2.57943376e-02 -2.34626643e-02 0.0
-2.29668178e-02 -2.37753921e-02 0.0
-2.01070827e-02 -2.38365855e-02 0.0
-1.72460940e-02 -2.35868851e-02 0.0
-1.44221826e-02 -2.29589154e-02 0.0
-1.16823371e-02 -2.18800422e-02 0.0
-9.08312587e-03 -2.02758363e-02 0.0
-6.69134575e-03 -1.80727007e-02 0.0
-4.58356273e-03 -1.52022812e-02 0.0
-2.84487815e-03 -1.16204495e-02 0.0
-1.56843344e-03 -7.35768528e-03 0.0
-5.28987353e-04 -2.56885838e-03 0.0
-4.13041017e-04 3.11651222e-03 0.0
-1.35322719e-03 8.59086957e-03 0.0
-2.66449634e-03 1.32913450e-02 0.0
-4.43649153e-03 1.71560462e-02 0.0
-6.56881869e-03 2.01962854e-02 0.0
-8.97260795e-03 2.24838295e-02 0.0
-1.15702708e-02 2.41132706e-02 0.0
-1.42962653e-02 2.51825222e-02 0.0
-1.70967656e-02 2.57859623e-02 0.0
-1.99285343e-02 2.60106150e-02 0.0
-2.27573091e-02 2.59329614e-02 0.0
-2.55562094e-02 2.56169333e-02 0.0
-2.83041387e-02 2.51136041e-02 0.0
-3.09844666e-02 2.44621660e-02 0.0
-3.35838368e-02 2.36917432e-02 0.0
-3.60913193e-02 2.28234108e-02 0.0
-3.84976810e-02 2.18722202e-02 0.0
-4.07949602e-02 2.08488821e-02 0.0
-4.29760807e-02 1.97611933e-02 0.0
-4.50346959e-02 1.86150212e-02 0.0
-4.69649932e-02 1.74150857e-02 0.0
-4.87616714e-02 1.61653880e-02 0.0
-5.04198291e-02 1.48695803e-02 0.0
-5.19349947e-02 1.35310874e-02 0.0
-5.33030448e-02 1.21532830e-02 0.0
-5.45202510e-02 1.07394783e-02 0.0
-5.55832089e-02 9.29303119e-03 0.0
-5.64888886e-02 7.81728706e-03 0.0
-5.72345712e-02 6.31567421e-03 0.0
-5.78178994e-02 4.79162924e-03 0.0
-5.82368226e-02 3.24869610e-03 0.0
-5.84896471e-02 1.69044510e-03 0.0
-5.85749919e-02 1.20578774e-04 0.0
-5.84918388e-02 -1.45715419e-03 0.0
-5.82395005e-02 -3.03884777e-03 0.0
-5.78176686e-02 -4.62053043e-03 0.0
-5.72263963e-02 -6.19805107e-03 0.0
-5.64661423e-02 -7.76717650e-03 0.0
-5.55377680e-02 -9.32347497e-03 0.0
-5.44425751e-02 -1.08624149e-02 0.0
-5.31823185e-02 -1.23792395e-02 0.0
-5.17592364e-02 -1.38690493e-02 0.0
-5.01760817e-02 -1.53266420e-02 0.0
-4.84361490e-02 -1.67465325e-02 0.0
-4.65433366e-02 -1.81226894e-02 0.0
-4.45021897e-02 -1.94483917e-02 0.0
-4.23180240e-02 -2.07157305e-02 0.0
-3.99970327e-02 -2.19151343e-02 0.0
-3.75465380e-02 -2.30344540e-02 0.0
-3.49752480e-02 -2.40579839e-02 0.0
-3.22937414e-02 -2.49650219e-02 0.0
-2.95149895e-02 -2.57284076e-02 0.0
-2.66551864e-02 -2.63127948e-02 0.0
-2.37346216e-02 -2.66732407e-02 0.0
-2.07788812e-02 -2.67541158e-02 0.0
-1.78200124e-02 -2.64891221e-02 0.0
-1.48979253e-02 -2.58025966e-02 0.0
-1.20615597e-02 -2.46124988e-02 0.0
-9.37003575e-03 -2.28340521e-02 0.0
-6.89307758e-03 -2.03831680e-02 0.0
-4.71067847e-03 -1.71819521e-02 0.0
-2.91148988e-03 -1.31786158e-02 0.0
-1.59227852e-03 -8.39515086e-03 0.0
-5.32629866e-04 -2.96722498e-03 0.0
-4.18000151e-04 3.53186555e-03 0.0
-1.37908439e-03 9.66110305e-03 0.0
-2.73100547e-03 1.48843107e-02 0.0
-4.55928520e-03 1.91633687e-02 0.0
-6.75991097e-03 2.25219322e-02 0.0
-9.24061809e-03 2.50426999e-02 0.0
-1.19209166e-02 2.68323857e-02 0.0
-1.47328335e-02 2.80013473e-02 0.0
-1.76206732e-02 2.86555095e-02 0.0
-2.05397519e-02 2.88919525e-02 0.0
-2.34548018e-02 2.87954895e-02 0.0
-2.63381921e-02 2.84367420e-02 0.0
-2.91683495e-02 2.78719320e-02 0.0
-3.19282660e-02 2.71441380e-02 0.0
-3.46043606e-02 2.62852955e-02 0.0
-3.71854855e-02 2.53185312e-02 0.0
-3.96622859e-02 2.42603314e-02 0.0
-4.20266456e-02 2.31224852e-02 0.0
-4.42714120e-02 2.19135569e-02 0.0
-4.63901159e-02 2.06400627e-02 0.0
-4.83768974e-02 1.93072135e-02 0.0
-5.02263575e-02 1.79194953e-02 0.0
-5.19335705e-02 1.64809450e-02 0.0
-5.34939861e-02 1.49954114e-02 0.0
-5.49034713e-02 1.34666063e-02 0.0
-5.61582296e-02 1.18982374e-02 0.0
-5.72548504e-02 1.02939729e-02 0.0
-5.81902358e-02 8.65753833e-03 0.0
-5.89616518e-02 6.99265344e-03 0.0
-5.95666633e-02 5.30312692e-03 0.0
-6.00031856e-02 3.59278459e-03 0.0
-6.02694301e-02 1.86557095e-03 0.0
-6.03639566e-02 1.25472703e-04 0.0
-6.02856322e-02 -1.62337314e-03 0.0
-6.00336837e-02 -3.37676081e-03 0.0
-5.96076713e-02 -5.13030382e-03 0.0
-5.90075390e-02 -6.87952262e-03 0.0
-5.82336052e-02 -8.61973115e-03 0.0
-5.72866081e-02 -1.03461292e-02 0.0
-5.61677128e-02 -1.20536855e-02 0.0
-5.48785497e-02 -1.37372252e-02 0.0
-5.34212391e-02 -1.53912935e-02 0.0
-5.17984225e-02 -1.70102073e-02 0.0
-5.00133108e-02 -1.85878516e-02 0.0
-4.80697186e-02 -2.01176168e-02 0.0
-4.59721553e-02 -2.15920197e-02 0.0
-4.37258943e-02 -2.30023771e-02 0.0
-4.13371569e-02 -2.43380691e-02 0.0
-3.88132847e-02 -2.55857425e-02 0.0
-3.61631082e-02 -2.67280245e-02 0.0
-3.33973355e-02 -2.77421282e-02 0.0
-3.05292292e-02 -2.85980344e-02 0.0
-2.75753348e-02 -2.92567461e-02 0.0
-2.45565613e-02 -2.96685170e-02 0.0
-2.14992839e-02 -2.97717533e-02 0.0
-1.84367668e-02 -2.94927763e-02 0.0
-1.54104593e-02 -2.87472500e-02 0.0
-1.24714358e-02 -2.74431583e-02 0.0
-9.68138060e-03 -2.54849034e-02 0.0
-7.11322002e-03 -2.27773787e-02 0.0
-4.85048709e-03 -1.92328251e-02 0.0
-2.98579497e-03 -1.47915872e-02 0.0
-1.61980221e-03 -9.46735601e-03 0.0
-5.37303469e-04 -3.37743657e-03 0.0
-4.23795624e-04 3.95897488e-03 0.0
-1.40792051e-03 1.07645197e-02 0.0
-2.80352374e-03 1.65284283e-02 0.0
-4.69192232e-03 2.12359428e-02 0.0
-6.96517451e-03 2.49232541e-02 0.0
-9.52748531e-03 2.76844174e-02 0.0
-1.22953010e-02 2.96388085e-02 0.0
-1.51981897e-02 3.09097598e-02 0.0
-1.81784895e-02 3.16152715e-02 0.0
-2.11900812e-02 3.18628994e-02 0.0
-2.41966066e-02 3.17461616e-02 0.0
-2.71697021e-02 3.13426036e-02 0.0
-3.00872270e-02 3.07138063e-02 0.0
-3.29318137e-02 2.99068247e-02 0.0
-3.56895647e-02 2.89565179e-02 0.0
-3.83491401e-02 2.78880771e-02 0.0
-4.09009770e-02 2.67194971e-02 0.0
-4.33368444e-02 2.54636255e-02 0.0
-4.56494367e-02 2.41298604e-02 0.0
-4.78322170e-02 2.27253334e-02 0.0
-4.98792117e-02 2.12558155e-02 0.0
-5.17849904e-02 1.97262334e-02 0.0
-5.35445440e-02 1.81410812e-02 0.0
-5.51533160e-02 1.65045753e-02 0.0
-5.66071092e-02 1.48208396e-02 0.0
-5.79021316e-02 1.30939083e-02 0.0
-5.90349130e-02 1.13278339e-02 0.0
-6.00023552e-02 9.52663904e-03 0.0
-6.08016555e-02 7.69440907e-03 0.0
-6.14303587e-02 5.83523001e-03 0.0
-6.18862913e-02 3.95328566e-03 0.0
-6.21676148e-02 2.05279080e-03 0.0
-6.22727742e-02 1.38096064e-04 0.0
-6.22005519e-02 -1.78638274e-03 0.0
-6.19500331e-02 -3.71605451e-03 0.0
-6.15206603e-02 -5.64622907e-03 0.0
-6.09122160e-02 -7.57200505e-03 0.0
-6.01248756e-02 -9.48835257e-03 0.0
-5.91592083e-02 -1.13900004e-02 0.0
-5.80162250e-02 -1.32715206e-02 0.0
-5.66973976e-02 -1.51272081e-02 0.0
-5.52046990e-02 -1.69511478e-02 0.0
-5.35406429e-02 -1.87370548e-02 0.0
-5.17083193e-02 -2.04782700e-02 0.0
-4.97114652e-02 -2.21674780e-02 0.0
-4.75545137e-02 -2.37965092e-02 0.0
-4.52427281e-02 -2.53557742e-02 0.0
-4.27823149e-02 -2.68336664e-02 0.0
-4.01806935e-02 -2.82154881e-02 0.0
-3.74467681e-02 -2.94822347e-02 0.0
-3.45914535e-02 -3.06088665e-02 0.0
-3.16282410e-02 -3.15624817e-02 0.0
-2.85741139e-02 -3.23001954e-02 0.0
-2.54505180e-02 -3.27673189e-02 0.0
-2.22847118e-02 -3.28959265e-02 0.0
-1.91110879e-02 -3.26046430e-02 0.0
-1.59727671e-02 -3.17999212e-02 0.0
-1.29229211e-02 -3.03792745e-02 0.0
-1.00260473e-02 -2.82356457e-02 0.0
-7.35838966e-03 -2.52623930e-02 0.0
-5.00749052e-03 -2.13613935e-02 0.0
-3.07028284e-03 -1.64648785e-02 0.0
-1.65205227e-03 -1.05782607e-02 0.0
-5.43164908e-04 -3.80117979e-03 0.0
-4.30577272e-04 4.39910402e-03 0.0
-1.44037134e-03 1.19040704e-02 0.0
-2.88365046e-03 1.82277699e-02 0.0
-4.83720981e-03 2.33785737e-02 0.0
-7.18881735e-03 2.74055011e-02 0.0
-9.83881536e-03 3.04145023e-02 0.0
-1.27004512e-02 3.25382021e-02 0.0
-1.57006803e-02 3.39135158e-02 0.0
-1.87798683e-02 3.46710394e-02 0.0
-2.18903769e-02 3.49292730e-02 0.0
-2.49947856e-02 3.47907676e-02 0.0
-2.80639151e-02 3.43402737e-02 0.0
-3.10750805e-02 3.36448821e-02 0.0
-3.40104580e-02 3.27557746e-02 0.0
-3.68558529e-02 3.17107799e-02 0.0
-3.95996338e-02 3.05372437e-02 0.0
-4.22320586e-02 2.92546694e-02 0.0
-4.47446905e-02 2.78770361e-02 0.0
-4.71301172e-02 2.64145574e-02 0.0
-4.93816572e-02 2.48750520e-02 0.0
-5.14932862e-02 2.32648210e-02 0.0
-5.34594774e-02 2.15893050e-02 0.0
-5.52752134e-02 1.98534115e-02 0.0
-5.69358746e-02 1.80617973e-02 0.0
-5.84372789e-02 1.62189392e-02 0.0
-5.97755856e-02 1.43292685e-02 0.0
-6.09473424e-02 1.23971476e-02 0.0
-6.19493974e-02 1.04269644e-02 0.0
-6.27789488e-02 8.42308173e-03 0.0
-6.34334669e-02 6.38993069e-03 0.0
-6.39107466e-02 4.33195340e-03 0.0
-6.42088431e-02 2.25370442e-03 0.0
-6.43261277e-02 1.59791076e-04 0.0
-6.42612405e-02 -1.94501817e-03 0.0
-6.40131490e-02 -4.05585752e-03 0.0
-6.35811206e-02 -6.16765208e-03 0.0
-6.29647818e-02 -8.27518804e-03 0.0
-6.21641116e-02 -1.03730010e-02 0.0
-6.11794985e-02 -1.24554521e-02 0.0
-6.00117547e-02 -1.45166148e-02 0.0
-5.86621674e-02 -1.65503475e-02 0.0
-5.71325332e-02 -1.85501606e-02 0.0
-5.54252021e-02 -2.05092495e-02 0.0
-5.35431373e-02 -2.24202860e-02 0.0
-5.14899585e-02 -2.42753193e-02 0.0
-4.92700455e-02 -2.60653606e-02 0.0
-4.68886128e-02 -2.77799724e-02 0.0
-4.43519064e-02 -2.94064243e-02 0.0
-4.16673830e-02 -3.09287160e-02 0.0
-3.88441001e-02 -3.23260625e-02 0.0
-3.58931255e-02 -3.35711809e-02 0.0
-3.28282660e-02 -3.46281004e-02 0.0
-2.96668569e-02 -3.54499806e-02 0.0
-2.64309550e-02 -3.59769085e-02 0.0
-2.31485766e-02 -3.61344063e-02 0.0
-1.98553141e-02 -3.58329448e-02 0.0
-1.65958385e-02 -3.49693193e-02 0.0
-1.34255710e-02 -3.34299052e-02 0.0
-1.04118382e-02 -3.10955460e-02 0.0
-7.63460261e-03 -2.78473227e-02 0.0
-5.18575249e-03 -2.35761595e-02 0.0
-3.16733226e-03 -1.82056999e-02 0.0
-1.68997102e-03 -1.17330007e-02 0.0
-5.50471644e-04 -4.24055204e-03 0.0
-4.38434694e-04 4.85376423e-03 0.0
-1.47697974e-03 1.30834012e-02 0.0
-2.97267894e-03 1.99874283e-02 0.0
-4.99744381e-03 2.55972543e-02 0.0
-7.43417460e-03 2.99751785e-02 0.0
-1.01790287e-02 3.32397005e-02 0.0
-1.31417781e-02 3.55374179e-02 0.0
-1.62467002e-02 3.70194839e-02 0.0
-1.94320873e-02 3.78296846e-02 0.0
-2.26488176e-02 3.80979091e-02 0.0
-2.58583396e-02 3.79361103e-02 0.0
-2.90306938e-02 3.74364673e-02 0.0
-3.21425579e-02 3.66717767e-02 0.0
-3.51756688e-02 3.56974320e-02 0.0
-3.81154237e-02 3.45543420e-02 0.0
-4.09499165e-02 3.32720301e-02 0.0
-4.36691185e-02 3.18715913e-02 0.0
-4.62644217e-02 3.03681360e-02 0.0
-4.87282162e-02 2.87727722e-02 0.0
-5.10537327e-02 2.70939926e-02 0.0
-5.32348236e-02 2.53387063e-02 0.0
-5.52659414e-02 2.35128400e-02 0.0
-5.71420002e-02 2.16217896e-02 0.0
-5.88584033e-02 1.96706070e-02 0.0
-6.04109305e-02 1.76641915e-02 0.0
-6.17957799e-02 1.56073081e-02 0.0
-6.30094658e-02 1.35046931e-02 0.0
-6.40488643e-02 1.13610198e-02 0.0
-6.49111218e-02 9.18098893e-03 0.0
-6.55937042e-02 6.96928235e-03 0.0
-6.60943191e-02 4.73066031e-03 0.0
-6.64109698e-02 2.46991268e-03 0.0
-6.65418949e-02 1.91965382e-04 0.0
-6.64856278e-02 -2.09817052e-03 0.0
-6.62409574e-02 -4.39528693e-03 0.0
-6.58069909e-02 -6.69403473e-03 0.0
-6.51831387e-02 -8.98881088e-03 0.0
-6.43691780e-02 -1.12738218e-02 0.0
-6.33652617e-02 -1.35429719e-02 0.0
-6.21719800e-02 -1.57899310e-02 0.0
-6.07903924e-02 -1.80080167e-02 0.0
-5.92220829e-02 -2.01902459e-02 0.0
-5.74692157e-02 -2.23291747e-02 0.0
-5.55345849e-02 -2.44168705e-02 0.0
-5.34217011e-02 -2.64446143e-02 0.0
-5.11348512e-02 -2.84026483e-02 0.0
-4.86792459e-02 -3.02795469e-02 0.0
-4.60611373e-02 -3.20614932e-02 0.0
-4.32881003e-02 -3.37310417e-02 0.0
-4.03693094e-02 -3.52656503e-02 0.0
-3.73160849e-02 -3.66356394e-02 0.0
-3.41424837e-02 -3.78019564e-02 0.0
-3.08662760e-02 -3.87136041e-02 0.0
-2.75100020e-02 -3.93053311e-02 0.0
-2.41024740e-02 -3.94957706e-02 0.0
-2.06802943e-02 -3.91869118e-02 0.0
-1.72897215e-02 -3.82653013e-02 0.0
-1.39882848e-02 -3.66055375e-02 0.0
-1.08463616e-02 -3.40754920e-02 0.0
-7.94779836e-03 -3.05431078e-02 0.0
-5.38951781e-03 -2.58874507e-02 0.0
-3.27939036e-03 -2.00229125e-02 0.0
-1.73463883e-03 -1.29378706e-02 0.0
-5.59391306e-04 -4.69808650e-03 0.0
-4.47499783e-04 5.32469191e-03 0.0
-1.51825744e-03 1.43067744e-02 0.0
-3.07184119e-03 2.18133489e-02 0.0
-5.17466137e-03 2.78989344e-02 0.0
-7.70414546e-03 3.26397331e-02 0.0
-1.05517760e-02 3.61676556e-02 0.0
-1.36236600e-02 3.86441256e-02 0.0
-1.68412438e-02 4.02353167e-02 0.0
-2.01407813e-02 4.10988154e-02 0.0
-2.34716182e-02 4.13763903e-02 0.0
-2.67941306e-02 4.11897130e-02 0.0
-3.00774993e-02 4.06386429e-02 0.0
-3.32977845e-02 3.98018108e-02 0.0
-3.64361634e-02 3.87389544e-02 0.0
-3.94776268e-02 3.74941099e-02 0.0
-4.24098662e-02 3.60990731e-02 0.0
-4.52225830e-02 3.45765512e-02 0.0
-4.79068885e-02 3.29428756e-02 0.0
-5.04550211e-02 3.12100563e-02 0.0
-5.28600399e-02 2.93873475e-02 0.0
-5.51157473e-02 2.74822591e-02 0.0
-5.72165109e-02 2.55012851e-02 0.0
-5.91572677e-02 2.34502824e-02 0.0
-6.09333910e-02 2.13347701e-02 0.0
-6.25407206e-02 1.91600205e-02 0.0
-6.39754447e-02 1.69311949e-02 0.0
-6.52341388e-02 1.46533339e-02 0.0
-6.63136579e-02 1.23314510e-02 0.0
-6.72111809e-02 9.97049757e-03 0.0
-6.79241164e-02 7.57545719e-03 0.0
-6.84501532e-02 5.15130729e-03 0.0
-6.87871847e-02 2.70312331e-03 0.0
-6.89333657e-02 2.36040493e-04 0.0
-6.88870605e-02 -2.24463397e-03 0.0
-6.86469053e-02 -4.73346181e-03 0.0
-6.82117825e-02 -7.22475848e-03 0.0
-6.75808884e-02 -9.71264043e-03 0.0
-6.67537347e-02 -1.21909115e-02 0.0
-6.57302187e-02 -1.46531180e-02 0.0
-6.45106517e-02 -1.70924361e-02 0.0
-6.30958277e-02 -1.95017258e-02 0.0
-6.14870773e-02 -2.18734000e-02 0.0
-5.96863313e-02 -2.41994382e-02 0.0
-5.76962017e-02 -2.64711738e-02 0.0
-5.55200442e-02 -2.86791611e-02 0.0
-5.31620799e-02 -3.08127284e-02 0.0
-5.06274814e-02 -3.28594868e-02 0.0
-4.79225817e-02 -3.48043835e-02 0.0
-4.50550523e-02 -3.66285445e-02 0.0
-4.20342983e-02 -3.83075262e-02 0.0
-3.88718623e-02 -3.98092640e-02 0.0
-3.55821672e-02 -4.10914767e-02 0.0
-3.21833297e-02 -4.20989850e-02 0.0
-2.86984305e-02 -4.27609893e-02 0.0
-2.51568782e-02 -4.29890672e-02 0.0
-2.15962535e-02 -4.26763053e-02 0.0
-1.80641211e-02 -4.16985081e-02 0.0
-1.46201184e-02 -3.99176776e-02 0.0
-1.13375533e-02 -3.71877580e-02 0.0
-8.30454826e-03 -3.33623410e-02 0.0
-5.62354430e-03 -2.83074438e-02 0.0
-3.40942838e-03 -2.19271185e-02 0.0
-1.78732332e-03 -1.42004882e-02 0.0
-5.70275232e-04 -5.17683325e-03 0.0
-4.57884383e-04 5.81387474e-03 0.0
-1.56480337e-03 1.55790710e-02 0.0
-3.18242900e-03 2.37122734e-02 0.0
-5.37093890e-03 3.02913560e-02 0.0
-8.00144551e-03 3.54073233e-02 0.0
-1.09603284e-02 3.92066042e-02 0.0
-1.41497603e-02 4.18665237e-02 0.0
-1.74883711e-02 4.35691486e-02 0.0
-2.09103562e-02 4.44865472e-02 0.0
-2.43636319e-02 4.47728170e-02 0.0
-2.78074552e-02 4.45596740e-02 0.0
-3.12101815e-02 4.39548338e-02 0.0
-3.45471272e-02 4.30429140e-02 0.0
-3.77988929e-02 4.18880643e-02 0.0
-4.09499079e-02 4.05375536e-02 0.0
-4.39874500e-02 3.90254917e-02 0.0
-4.69008141e-02 3.73763014e-02 0.0
-4.96808571e-02 3.56075676e-02 0.0
-5.23195653e-02 3.37323059e-02 0.0
-5.48098922e-02 3.17605504e-02 0.0
-5.71455200e-02 2.97005056e-02 0.0
-5.93208260e-02 2.75592284e-02 0.0
-6.13307187e-02 2.53431163e-02 0.0
-6.31706492e-02 2.30581237e-02 0.0
-6.48364731e-02 2.07099613e-02 0.0
-6.63244774e-02 1.83041293e-02 0.0
-6.76312550e-02 1.58460250e-02 0.0
-6.87537397e-02 1.33409231e-02 0.0
-6.96890949e-02 1.07940695e-02 0.0
-7.04347562e-02 8.21065319e-03 0.0
-7.09883393e-02 5.59590818e-03 0.0
-7.13476914e-02 2.95508754e-03 0.0
-7.15108225e-02 2.93575262e-04 0.0
-7.14759668e-02 -2.38313920e-03 0.0
-7.12415410e-02 -5.06934292e-03 0.0
-7.08062147e-02 -7.75912901e-03 0.0
-7.01688999e-02 -1.04462783e-02 0.0
-6.93288281e-02 -1.31242968e-02 0.0
-6.82855717e-02 -1.57863011e-02 0.0
-6.70391249e-02 -1.84250622e-02 0.0
-6.55899561e-02 -2.10328878e-02 0.0
-6.39390880e-02 -2.36016522e-02 0.0
-6.20881796e-02 -2.61226374e-02 0.0
-6.00396033e-02 -2.85864794e-02 0.0
-5.77965589e-02 -3.09828593e-02 0.0
-5.53631567e-02 -3.33002019e-02 0.0
-5.27445859e-02 -3.55249925e-02 0.0
-4.99472402e-02 -3.76409378e-02 0.0
-4.69790042e-02 -3.96275764e-02 0.0
-4.38495141e-02 -4.14585651e-02 0.0
-4.05706898e-02 -4.30993202e-02 0.0
-3.71572978e-02 -4.45043496e-02 0.0
-3.36279258e-02 -4.56141731e-02 0.0
-3.00060612e-02 -4.63524248e-02 0.0
-2.63217037e-02 -4.66234124e-02 0.0
-2.26130909e-02 -4.63110778e-02 0.0
-1.89289424e-02 -4.52799089e-02 0.0
-1.53306001e-02 -4.33785246e-02 0.0
-1.18942837e-02 -4.04457085e-02 0.0
-8.71239628e-03 -3.63192100e-02 0.0
-5.89366710e-03 -3.08502490e-02 0.0
-3.56110239e-03 -2.39309466e-02 0.0
-1.84974628e-03 -1.55300885e-02 0.0
-5.83452059e-04 -5.68053325e-03 0.0
-4.69793706e-04 6.32362118e-03 0.0
-1.61736505e-03 1.69058884e-02 0.0
-3.30601427e-03 2.56917425e-02 0.0
-5.58854178e-03 3.27829412e-02 0.0
-8.32885548e-03 3.82865798e-02 0.0
-1.14076986e-02 4.23651005e-02 0.0
-1.47232461e-02 4.52130382e-02 0.0
-1.81913296e-02 4.70293657e-02 0.0
-2.17442724e-02 4.80013000e-02 0.0
-2.53285896e-02 4.82957049e-02 0.0
-2.89024968e-02 4.80545697e-02 0.0
-3.24334039e-02 4.73936308e-02 0.0
-3.58958450e-02 4.64035687e-02 0.0
-3.92696497e-02 4.51530516e-02 0.0
-4.25386308e-02 4.36926396e-02 0.0
-4.56894734e-02 4.20588746e-02 0.0
-4.87110585e-02 4.02779578e-02 0.0
-5.15938609e-02 3.83688541e-02 0.0
-5.43296659e-02 3.63456361e-02 0.0
-5.69112415e-02 3.42192336e-02 0.0
-5.93322449e-02 3.19985709e-02 0.0
-6.15870127e-02 2.96913620e-02 0.0
-6.36705424e-02 2.73045364e-02 0.0
-6.55783259e-02 2.48445563e-02 0.0
-6.73063579e-02 2.23175296e-02 0.0
-6.88509887e-02 1.97293485e-02 0.0
-7.02089455e-02 1.70856986e-02 0.0
-7.13772006e-02 1.43921548e-02 0.0
-7.23530038e-02 1.16541672e-02 0.0
-7.31337699e-02 8.87716028e-03 0.0
-7.37171222e-02 6.06651893e-03 0.0
-7.41008048e-02 3.22769967e-03 0.0
-7.42827379e-02 3.66219973e-04 0.0
-7.42609592e-02 -2.51222103e-03 0.0
-7.40336915e-02 -5.40175377e-03 0.0
-7.35993175e-02 -8.29621392e-03 0.0
-7.29564593e-02 -1.11891594e-02 0.0
-7.21039891e-02 -1.40737484e-02 0.0
-7.10411187e-02 -1.69427657e-02 0.0
-6.97674473e-02 -1.97885042e-02 0.0
-6.82830576e-02 -2.26027926e-02 0.0
-6.65885992e-02 -2.53768627e-02 0.0
-6.46853863e-02 -2.81013381e-02 0.0
-6.25755162e-02 -3.07660176e-02 0.0
-6.02619667e-02 -3.33597100e-02 0.0
-5.77487553e-02 -3.58697639e-02 0.0
-5.50410512e-02 -3.82815085e-02 0.0
-5.21454039e-02 -4.05772235e-02 0.0
-4.90699200e-02 -4.27348249e-02 0.0
-4.58246418e-02 -4.47259065e-02 0.0
-4.24219056e-02 -4.65133678e-02 0.0
-3.88770290e-02 -4.80484080e-02 0.0
-3.52090565e-02 -4.92673049e-02 0.0
-3.14419986e-02 -5.00880715e-02 0.0
-2.76062272e-02 -5.04077601e-02 0.0
-2.37405055e-02 -5.01009417e-02 0.0
-1.98941849e-02 -4.90204016e-02 0.0
-1.61299681e-02 -4.70004919e-02 0.0
-1.25264388e-02 -4.38634988e-02 0.0
-9.18032759e-03 -3.94293442e-02 0.0
-6.20702663e-03 -3.35320827e-02 0.0
-3.73923050e-03 -2.60494262e-02 0.0
-1.92415836e-03 -1.69380019e-02 0.0
-5.99537231e-04 -6.21387141e-03 0.0
-4.83469512e-04 6.85669384e-03 0.0
-1.67698144e-03 1.82937129e-02 0.0
-3.44454797e-03 2.77601461e-02 0.0
-5.83010488e-03 3.53826390e-02 0.0
-8.68920991e-03 4.12863232e-02 0.0
-1.18966466e-02 4.56516642e-02 0.0
-1.53466227e-02 4.86920309e-02 0.0
-1.89525042e-02 5.06243757e-02 0.0
-2.26449304e-02 5.16517026e-02 0.0
-2.63692032e-02 5.19539411e-02 0.0
-3.00824179e-02 5.16835106e-02 0.0
-3.37509831e-02 5.09642227e-02 0.0
-3.73484018e-02 4.98929038e-02 0.0
-4.08536083e-02 4.85428008e-02 0.0
-4.42495504e-02 4.69678937e-02 0.0
-4.75222547e-02 4.52072536e-02 0.0
-5.06600156e-02 4.32890182e-02 0.0
-5.36529493e-02 4.12336295e-02 0.0
-5.64925427e-02 3.90563664e-02 0.0
-5.91714697e-02 3.67691198e-02 0.0
-6.16833130e-02 3.43816530e-02 0.0
-6.40224969e-02 3.19023596e-02 0.0
-6.61840797e-02 2.93387871e-02 0.0
-6.81637342e-02 2.66978859e-02 0.0
-6.99575705e-02 2.39862184e-02 0.0
-7.15621382e-02 2.12100146e-02 0.0
-7.29742696e-02 1.83752845e-02 0.0
-7.41910974e-02 1.54878215e-02 0.0
-7.52099193e-02 1.25533021e-02 0.0
-7.60282294e-02 9.57728382e-03 0.0
-7.66436091e-02 6.56531590e-03 0.0
-7.70537728e-02 3.52294246e-03 0.0
-7.72564889e-02 4.55825151e-04 0.0
-7.72496409e-02 -2.63025003e-03 0.0
-7.70311836e-02 -5.72924246e-03 0.0
-7.65992204e-02 -8.83485201e-03 0.0
-7.59519985e-02 -1.19403878e-02 0.0
-7.50880022e-02 -1.50387709e-02 0.0
-7.40059909e-02 -1.81224076e-02 0.0
-7.27051068e-02 -2.11831998e-02 0.0
-7.11849564e-02 -2.42124188e-02 0.0
-6.94457292e-02 -2.72007045e-02 0.0
-6.74883218e-02 -3.01379005e-02 0.0
-6.53144621e-02 -3.30129709e-02 0.0
-6.29268757e-02 -3.58136816e-02 0.0
-6.03294155e-02 -3.85262564e-02 0.0
-5.75272766e-02 -4.11346565e-02 0.0
-5.45271492e-02 -4.36196527e-02 0.0
-5.13375161e-02 -4.59573218e-02 0.0
-4.79688875e-02 -4.81171318e-02 0.0
-4.44342760e-02 -5.00593142e-02 0.0
-4.07496525e-02 -5.17317933e-02 0.0
-3.69347948e-02 -5.30665915e-02 0.0
-3.30142287e-02 -5.39762598e-02 0.0
-2.90187745e-02 -5.43506598e-02 0.0
-2.49873470e-02 -5.40550637e-02 0.0
-2.09695628e-02 -5.29302696e-02 0.0
-1.70286334e-02 -5.07956666e-02 0.0
-1.32448753e-02 -4.74555218e-02 0.0
-9.71868131e-03 -4.27095487e-02 0.0
-6.57247480e-03 -3.63713226e-02 0.0
-3.94994520e-03 -2.83004617e-02 0.0
-2.01367194e-03 -1.84382767e-02 0.0
-6.19232768e-04 -6.78286202e-03 0.0
-4.99335105e-04 7.41652442e-03 0.0
-1.74508837e-03 1.97501789e-02 0.0
-3.60055877e-03 2.99267295e-02 0.0
-6.09857835e-03 3.80996499e-02 0.0
-9.08524052e-03 4.44151020e-02 0.0
-1.24292221e-02 4.90743318e-02 0.0
-1.60212986e-02 5.23114492e-02 0.0
-1.97728760e-02 5.43624553e-02 0.0
-2.36133552e-02 5.54465729e-02 0.0
-2.74868764e-02 5.57569153e-02 0.0
-3.13493688e-02 5.54562997e-02 0.0
-3.51659198e-02 5.46766125e-02 0.0
-3.89087666e-02 5.35208481e-02 0.0
-4.25555838e-02 5.20669556e-02 0.0
-4.60882875e-02 5.03724663e-02 0.0
-4.94919963e-02 4.84791830e-02 0.0
-5.27543904e-02 4.64173391e-02 0.0
-5.58651001e-02 4.42090551e-02 0.0
-5.88153955e-02 4.18709392e-02 0.0
-6.15978070e-02 3.94160029e-02 0.0
-6.42059827e-02 3.68549132e-02 0.0
-6.66344196e-02 3.41968523e-02 0.0
-6.88783978e-02 3.14499943e-02 0.0
-7.09337632e-02 2.86218454e-02 0.0
-7.27969001e-02 2.57193855e-02 0.0
-7.44645434e-02 2.27492195e-02 0.0
-7.59337752e-02 1.97176104e-02 0.0
-7.72018630e-02 1.66305861e-02 0.0
-7.82662748e-02 1.34939521e-02 0.0
-7.91245452e-02 1.03134020e-02 0.0
-7.97743082e-02 7.09453366e-03 0.0
-8.02131947e-02 3.84297399e-03 0.0
-8.04388832e-02 5.64401960e-04 0.0
-8.04490337e-02 -2.73531561e-03 0.0
-8.02413577e-02 -6.05009764e-03 0.0
-7.98135936e-02 -9.37350774e-03 0.0
-7.91635976e-02 -1.26987309e-02 0.0
-7.82893662e-02 -1.60184341e-02 0.0
-7.71891482e-02 -1.93247508e-02 0.0
-7.58615187e-02 -2.26091462e-02 0.0
-7.43055121e-02 -2.58624051e-02 0.0
-7.25207494e-02 -2.90744846e-02 0.0
-7.05075885e-02 -3.22344666e-02 0.0
-6.82673039e-02 -3.53303294e-02 0.0
-6.58022501e-02 -3.83487463e-02 0.0
-6.31160916e-02 -4.12745976e-02 0.0
-6.02139773e-02 -4.40903599e-02 0.0
-5.71028243e-02 -4.67750272e-02 0.0
-5.37915176e-02 -4.93026905e-02 0.0
-5.02912781e-02 -5.16404421e-02 0.0
-4.66159458e-02 -5.37457661e-02 0.0
-4.27825330e-02 -5.55632055e-02 0.0
-3.88117565e-02 -5.70206502e-02 0.0
-3.47290302e-02 -5.80253411e-02 0.0
-3.05656179e-02 -5.84603027e-02 0.0
-2.63605668e-02 -5.81817694e-02 0.0
-2.21631055e-02 -5.70186905e-02 0.0
-1.80361640e-02 -5.47750112e-02 0.0
-1.40604081e-02 -5.12355981e-02 0.0
-1.03388728e-02 -4.61771231e-02 0.0
-7.00042536e-03 -3.93883364e-02 0.0
-4.20112944e-03 -3.07052229e-02 0.0
-2.12240364e-03 -2.00484774e-02 0.0
-6.43697899e-04 -7.39538376e-03 0.0
-5.17979433e-04 8.00756403e-03 0.0
-1.82373312e-03 2.12843761e-02 0.0
-3.77715770e-03 3.22014402e-02 0.0
-6.39700349e-03 4.09428224e-02 0.0
-9.51883189e-03 4.76804436e-02 0.0
-1.30058461e-02 5.26400146e-02 0.0
-1.67464549e-02 5.60784862e-02 0.0
-2.06511113e-02 5.82516917e-02 0.0
-2.46483756e-02 5.93951259e-02 0.0
-2.86812803e-02 5.97148395e-02 0.0
-3.27041881e-02 5.93838336e-02 0.0
-3.66804549e-02 5.85419602e-02 0.0
-4.05804901e-02 5.72984531e-02 0.0
-4.43803649e-02 5.57361194e-02 0.0
-4.80605786e-02 5.39163041e-02 0.0
-5.16052228e-02 5.18837888e-02 0.0
-5.50011846e-02 4.96711873e-02 0.0
-5.82376697e-02 4.73025066e-02 0.0
-6.13056813e-02 4.47959073e-02 0.0
-6.41977616e-02 4.21656463e-02 0.0
-6.69076296e-02 3.94234411e-02 0.0
-6.94300424e-02 3.65793087e-02 0.0
-7.17605179e-02 3.36421344e-02 0.0
-7.38952624e-02 3.06199650e-02 0.0
-7.58309417e-02 2.75202396e-02 0.0
-7.75646471e-02 2.43498786e-02 0.0
-7.90937027e-02 2.11154107e-02 0.0
-8.04156583e-02 1.78230076e-02 0.0
-8.15281275e-02 1.44785974e-02 0.0
-8.24288042e-02 1.10878955e-02 0.0
-8.31153328e-02 7.65652993e-03 0.0
-8.35853456e-02 4.19008049e-03 0.0
-8.38363708e-02 6.94218193e-04 0.0
-8.38658908e-02 -2.82524794e-03 0.0
-8.36712933e-02 -6.36222094e-03 0.0
-8.32499536e-02 -9.91026692e-03 0.0
-8.25992355e-02 -1.34624613e-02 0.0
-8.17166004e-02 -1.70113435e-02 0.0
-8.05996653e-02 -2.05487660e-02 0.0
-7.92463414e-02 -2.40658551e-02 0.0
-7.76549552e-02 -2.75528595e-02 0.0
-7.58244184e-02 -3.09991009e-02 0.0
-7.37544153e-02 -3.43927869e-02 0.0
-7.14456019e-02 -3.77208820e-02 0.0
-6.88998585e-02 -4.09687689e-02 0.0
-6.61205122e-02 -4.41198615e-02 0.0
-6.31126479e-02 -4.71548614e-02 0.0
-5.98833436e-02 -5.00507753e-02 0.0
-5.64420302e-02 -5.27793616e-02 0.0
-5.28007362e-02 -5.53051106e-02 0.0
-4.89745059e-02 -5.75824749e-02 0.0
-4.49816948e-02 -5.95525435e-02 0.0
-4.08445487e-02 -6.11390681e-02 0.0
-3.65897541e-02 -6.22442872e-02 0.0
-3.22495413e-02 -6.27448367e-02 0.0
-2.78630867e-02 -6.24886071e-02 0.0
-2.34790182e-02 -6.12932618e-02 0.0
-1.91588260e-02 -5.89474648e-02 0.0
-1.49819710e-02 -5.52156611e-02 0.0
-1.10518908e-02 -4.98485941e-02 0.0
-7.50246603e-03 -4.26046713e-02 0.0
-4.50233254e-03 -3.32882646e-02 0.0
-2.25589163e-03 -2.17905653e-02 0.0
-6.74397736e-04 -8.06195449e-03 0.0
-5.40389223e-04 8.63584430e-03 0.0
-1.91574982e-03 2.29071272e-02 0.0
-3.97793476e-03 3.45943116e-02 0.0
-6.72755985e-03 4.39194405e-02 0.0
-9.98949475e-03 5.10876125e-02 0.0
-1.36233000e-02 5.63536945e-02 0.0
-1.75171783e-02 5.99993282e-02 0.0
-2.15818746e-02 6.23002433e-02 0.0
-2.57455130e-02 6.35075234e-02 0.0
-2.99495663e-02 6.38394528e-02 0.0
-3.41461436e-02 6.34787642e-02 0.0
-3.82959616e-02 6.25731798e-02 0.0
-4.23669385e-02 6.12383172e-02 0.0
-4.63329110e-02 5.95621814e-02 0.0
-5.01726788e-02 5.76103089e-02 0.0
-5.38690367e-02 5.54308789e-02 0.0
-5.74081032e-02 5.30592252e-02 0.0
-6.07786095e-02 5.05215675e-02 0.0
-6.39714709e-02 4.78378339e-02 0.0
-6.69792798e-02 4.50237317e-02 0.0
-6.97960528e-02 4.20921265e-02 0.0
-7.24168602e-02 3.90539813e-02 0.0
-7.48376826e-02 3.59189050e-02 0.0
-7.70551243e-02 3.26955340e-02 0.0
-7.90663362e-02 2.93917222e-02 0.0
-8.08687822e-02 2.60147159e-02 0.0
-8.24602042e-02 2.25712264e-02 0.0
-8.38384284e-02 1.90675545e-02 0.0
-8.50013597e-02 1.55096402e-02 0.0
-8.59468239e-02 1.19031897e-02 0.0
-8.66725873e-02 8.25372965e-03 0.0
-8.71762358e-02 4.56675017e-03 0.0
-8.74552182e-02 8.47769289e-04 0.0
-8.75067692e-02 -2.89750982e-03 0.0
-8.73279776e-02 -6.66312599e-03 0.0
-8.69157598e-02 -1.04426931e-02 0.0
-8.62669590e-02 -1.42293248e-02 0.0
-8.53783784e-02 -1.80154640e-02 0.0
-8.42469153e-02 -2.17928104e-02 0.0
-8.28696658e-02 -2.55521499e-02 0.0
-8.12441005e-02 -2.92832818e-02 0.0
-7.93682480e-02 -3.29748341e-02 0.0
-7.72409184e-02 -3.66141540e-02 0.0
-7.48619725e-02 -4.01870445e-02 0.0
-7.22325910e-02 -4.36775045e-02 0.0
-6.93556271e-02 -4.70672135e-02 0.0
-6.62359110e-02 -5.03348719e-02 0.0
-6.28806650e-02 -5.34551033e-02 0.0
-5.92998120e-02 -5.63969943e-02 0.0
-5.55064118e-02 -5.91219744e-02 0.0
-5.15169269e-02 -6.15811364e-02 0.0
-4.73516433e-02 -6.37117966e-02 0.0
-4.30348969e-02 -6.54335368e-02 0.0
-3.85955760e-02 -6.66437745e-02 0.0
-3.40675887e-02 -6.72134007e-02 0.0
-2.94910281e-02 -6.69829223e-02 0.0
-2.49139304e-02 -6.57599886e-02 0.0
-2.03957520e-02 -6.33189983e-02 0.0
-1.60126348e-02 -5.94040025e-02 0.0
-1.18654492e-02 -5.37374360e-02 0.0
-8.08949583e-03 -4.60411389e-02 0.0
-4.86455480e-03 -3.60768185e-02 0.0
-2.42125397e-03 -2.36917144e-02 0.0
-7.13593287e-04 -8.79682742e-03 0.0
-5.68061422e-04 9.30988854e-03 0.0
-2.02495090e-03 2.46309317e-02 0.0
-4.20605180e-03 3.71138063e-02 0.0
-7.08936392e-03 4.70329016e-02 0.0
-1.04910164e-02 5.46377631e-02 0.0
-1.42712264e-02 6.02175889e-02 0.0
-1.83212289e-02 6.40793503e-02 0.0
-2.25534868e-02 6.65172168e-02 0.0
-2.68953478e-02 6.77960968e-02 0.0
-3.12856061e-02 6.81452443e-02 0.0
-3.56725860e-02 6.77565899e-02 0.0
-4.00131078e-02 6.67857601e-02 0.0
-4.42715105e-02 6.53551897e-02 0.0
-4.84188116e-02 6.35586624e-02 0.0
-5.24316778e-02 6.14665491e-02 0.0
-5.62915690e-02 5.91309818e-02 0.0
-5.99837902e-02 5.65905118e-02 0.0
-6.34968192e-02 5.38739253e-02 0.0
-6.68215802e-02 5.10032155e-02 0.0
-6.99510071e-02 4.79957102e-02 0.0
-7.28795261e-02 4.48655725e-02 0.0
-7.56028004e-02 4.16247570e-02 0.0
-7.81173564e-02 3.82836559e-02 0.0
-8.04204424e-02 3.48514664e-02 0.0
-8.25097424e-02 3.13364654e-02 0.0
-8.43833025e-02 2.77461498e-02 0.0
-8.60393003e-02 2.40873911e-02 0.0
-8.74760131e-02 2.03665125e-02 0.0
-8.86916294e-02 1.65894228e-02 0.0
-8.96842465e-02 1.27616878e-02 0.0
-9.04517206e-02 8.88867497e-03 0.0
-9.09916909e-02 4.97563520e-03 0.0
-9.13014714e-02 1.02786448e-03 0.0
-9.13781014e-02 -2.94920207e-03 0.0
-9.12182874e-02 -6.94981284e-03 0.0
-9.08184848e-02 -1.09677964e-02 0.0
-9.01749001e-02 -1.49963737e-02 0.0
-8.92836106e-02 -1.90280496e-02 0.0
-8.81406408e-02 -2.30544201e-02 0.0
-8.67421307e-02 -2.70660613e-02 0.0
-8.50845000e-02 -3.10523279e-02 0.0
-8.31646774e-02 -3.50012251e-02 0.0
-8.09803678e-02 -3.88991657e-02 0.0
-7.85303524e-02 -4.27307599e-02 0.0
-7.58148686e-02 -4.64784236e-02 0.0
-7.28359818e-02 -5.01219183e-02 0.0
-6.95980703e-02 -5.36375730e-02 0.0
-6.61082440e-02 -5.69972584e-02 0.0
-6.23768880e-02 -6.01668394e-02 0.0
-5.84180532e-02 -6.31041626e-02 0.0
-5.42499560e-02 -6.57563376e-02 0.0
-4.98952166e-02 -6.80564345e-02 0.0
-4.53811913e-02 -6.99194972e-02 0.0
-4.07399939e-02 -7.12381693e-02 0.0
-3.60087474e-02 -7.18780887e-02 0.0
-3.12298026e-02 -7.16736004e-02 0.0
-2.64519021e-02 -7.04241829e-02 0.0
-2.17325168e-02 -6.78922547e-02 0.0
-1.71430847e-02 -6.38031970e-02 0.0
-1.27778523e-02 -5.78505748e-02 0.0
-8.76783242e-03 -4.97139042e-02 0.0
-5.29844589e-03 -3.90983260e-02 0.0
-2.62740031e-03 -2.57845147e-02 0.0
-7.64325481e-04 -9.61957935e-03 0.0
-6.03410818e-04 1.00421389e-02 0.0
-2.15580139e-03 2.64687451e-02 0.0
-4.46162724e-03 3.97629331e-02 0.0
-7.47319586e-03 5.02786747e-02 0.0
-1.10051015e-02 5.83255725e-02 0.0
-1.49259750e-02 6.42308934e-02 0.0
-1.91343198e-02 6.83244290e-02 0.0
-2.35446781e-02 7.09147965e-02 0.0
-2.80818547e-02 7.22776026e-02 0.0
-3.26792730e-02 7.26514696e-02 0.0
-3.72790735e-02 7.22372058e-02 0.0
-4.18322143e-02 7.11988744e-02 0.0
-4.62983026e-02 6.96666404e-02 0.0
-5.06448072e-02 6.77410988e-02 0.0
-5.48461191e-02 6.54983792e-02 0.0
-5.88823379e-02 6.29953576e-02 0.0
-6.27382593e-02 6.02743816e-02 0.0
-6.64023142e-02 5.73672503e-02 0.0
-6.98658387e-02 5.42982946e-02 0.0
-7.31223206e-02 5.10866667e-02 0.0
-7.61669629e-02 4.77479116e-02 0.0
-7.89961746e-02 4.42950465e-02 0.0
-8.16073325e-02 4.07392304e-02 0.0
-8.39984215e-02 3.70902253e-02 0.0
-8.61679095e-02 3.33566603e-02 0.0
-8.81144721e-02 2.95462515e-02 0.0
-8.98369301e-02 2.56659263e-02 0.0
-9.13340269e-02 2.17219758e-02 0.0
-9.26044034e-02 1.77201479e-02 0.0
-9.36464167e-02 1.36657958e-02 0.0
-9.44581428e-02 9.56397604e-03 0.0
-9.50372364e-02 5.41961319e-03 0.0
-9.53809606e-02 1.23761157e-03 0.0
-9.54860937e-02 -2.97696040e-03 0.0
-9.53489893e-02 -7.21874297e-03 0.0
-9.49655411e-02 -1.14818831e-02 0.0
-9.43312814e-02 -1.57598945e-02 0.0
-9.34414184e-02 -2.00454416e-02 0.0
-9.22909857e-02 -2.43301894e-02 0.0
-9.08749705e-02 -2.86045750e-02 0.0
-8.91885307e-02 -3.28576423e-02 0.0
-8.72272366e-02 -3.70767857e-02 0.0
-8.49873752e-02 -4.12475358e-02 0.0
-8.24663292e-02 -4.53532134e-02 0.0
-7.96629866e-02 -4.93745617e-02 0.0
-7.65782708e-02 -5.32891523e-02 0.0
-7.32156571e-02 -5.70706387e-02 0.0
-6.95818344e-02 -6.06876224e-02 0.0
-6.56872784e-02 -6.41021749e-02 0.0
-6.15469531e-02 -6.72677826e-02 0.0
-5.71807938e-02 -7.01267778e-02 0.0
-5.26142441e-02 -7.26070969e-02 0.0
-4.78783966e-02 -7.46185310e-02 0.0
-4.30100990e-02 -7.60484654e-02 0.0
-3.80515609e-02 -7.67574233e-02 0.0
-3.30500761e-02 -7.65745545e-02 0.0
-2.80576984e-02 -7.52933786e-02 0.0
-2.31322512e-02 -7.26677773e-02 0.0
-1.83405853e-02 -6.84086717e-02 0.0
-1.37671251e-02 -6.21837073e-02 0.0
-9.53024107e-03 -5.36276046e-02 0.0
-5.80988118e-03 -4.23743170e-02 0.0
-2.88415677e-03 -2.81052537e-02 0.0
-8.31075955e-04 -1.05573307e-02 0.0
-6.49874639e-04 1.08509009e-02 0.0
-2.31132121e-03 2.84293021e-02 0.0
-4.73414770e-03 4.25310422e-02 0.0
-7.85010780e-03 5.36381134e-02 0.0
-1.14894100e-02 6.21373666e-02 0.0
-1.55409743e-02 6.83915676e-02 0.0
-1.99135637e-02 7.27447255e-02 0.0
-2.45211537e-02 7.55124909e-02 0.0
-2.92810517e-02 7.69770316e-02 0.0
-3.41166240e-02 7.73850861e-02 0.0
-3.89601271e-02 7.69469545e-02 0.0
-4.37544192e-02 7.58366267e-02 0.0
-4.84531058e-02 7.41937383e-02 0.0
-5.30197982e-02 7.21272800e-02 0.0
-5.74266493e-02 6.97204506e-02 0.0
-6.16528746e-02 6.70358272e-02 0.0
-6.56831789e-02 6.41202422e-02 0.0
-6.95065535e-02 6.10089314e-02 0.0
-7.31151376e-02 5.77288424e-02 0.0
-7.65034850e-02 5.43010761e-02 0.0
-7.96678401e-02 5.07426359e-02 0.0
-8.26057496e-02 4.70675874e-02 0.0
-8.53155969e-02 4.32878472e-02 0.0
-8.77964064e-02 3.94136671e-02 0.0
-9.00475143e-02 3.54539828e-02 0.0
-9.20684697e-02 3.14166230e-02 0.0
-9.38587770e-02 2.73085040e-02 0.0
-9.54178458e-02 2.31357548e-02 0.0
-9.67447790e-02 1.89038772e-02 0.0
-9.78383540e-02 1.46178598e-02 0.0
-9.86968499e-02 1.02823457e-02 0.0
-9.93180544e-02 5.90175928e-03 0.0
-9.96991350e-02 1.48049384e-03 0.0
-9.98366743e-02 -2.97694191e-03 0.0
-9.97265939e-02 -7.46571308e-03 0.0
-9.93642263e-02 -1.19804920e-02 0.0
-9.87443067e-02 -1.65152248e-02 0.0
-9.78610930e-02 -2.10629454e-02 0.0
-9.67084463e-02 -2.56155205e-02 0.0
-9.52800184e-02 -3.01634415e-02 0.0
-9.35694475e-02 -3.46955409e-02 0.0
-9.15706390e-02 -3.91987447e-02 0.0
-8.92781099e-02 -4.36577238e-02 0.0
-8.66873963e-02 -4.80545439e-02 0.0
-8.37955808e-02 -5.23681517e-02 0.0
-8.06018562e-02 -5.65737691e-02 0.0
-7.71082572e-02 -6.06420065e-02 0.0
-7.33203781e-02 -6.45377339e-02 0.0
-6.92482733e-02 -6.82185090e-02 0.0
-6.49072410e-02 -7.16325986e-02 0.0
-6.03187312e-02 -7.47164325e-02 0.0
-5.55109458e-02 -7.73915880e-02 0.0
-5.05194019e-02 -7.95612527e-02 0.0
-4.53869013e-02 -8.11063743e-02 0.0
-4.01632441e-02 -8.18815543e-02 0.0
-3.49041206e-02 -8.17108885e-02 0.0
-2.96698299e-02 -8.03835834e-02 0.0
-2.45237829e-02 -7.76489505e-02 0.0
-1.95327888e-02 -7.32100572e-02 0.0
-1.47715598e-02 -6.67169240e-02 0.0
-1.03379963e-02 -5.77647642e-02 0.0
-6.38792552e-03 -4.59075319e-02 0.0
-3.19878728e-03 -3.06868615e-02 0.0
-9.19583808e-04 -1.16474595e-02 0.0
-7.10983136e-04 1.17614611e-02 0.0
-2.48430561e-03 3.05032190e-02 0.0
-4.98269785e-03 4.53783578e-02 0.0
-8.14737488e-03 5.70714545e-02 0.0
-1.18570330e-02 6.60530109e-02 0.0
-1.60328494e-02 7.27033351e-02 0.0
-2.05903056e-02 7.73630403e-02 0.0
-2.54331089e-02 8.03446124e-02 0.0
-3.04615391e-02 8.19332875e-02 0.0
-3.55816724e-02 8.23845914e-02 0.0
-4.07115569e-02 8.19208989e-02 0.0
-4.57837243e-02 8.07292108e-02 0.0
-5.07452446e-02 7.89614368e-02 0.0
-5.55560979e-02 7.67372103e-02 0.0
-6.01870457e-02 7.41484095e-02 0.0
-6.46172562e-02 7.12644022e-02 0.0
-6.88323349e-02 6.81371557e-02 0.0
-7.28225473e-02 6.48057185e-02 0.0
-7.65815973e-02 6.12998106e-02 0.0
-8.01055556e-02 5.76425429e-02 0.0
-8.33922340e-02 5.38523400e-02 0.0
-8.64405662e-02 4.99442707e-02 0.0
-8.92503131e-02 4.59309118e-02 0.0
-9.18216698e-02 4.18229308e-02 0.0
-9.41551246e-02 3.76294517e-02 0.0
-9.62511678e-02 3.33583307e-02 0.0
-9.81102181e-02 2.90163394e-02 0.0
-9.97323832e-02 2.46093464e-02 0.0
-1.01117419e-01 2.01424551e-02 0.0
-1.02264529e-01 1.56201738e-02 0.0
-1.03172345e-01 1.10465573e-02 0.0
-1.03838766e-01 6.42539408e-03 0.0
-1.04260969e-01 1.76036796e-03 0.0
-1.04435286e-01 -2.94472847e-03 0.0
-1.04357251e-01 -7.68580629e-03 0.0
-1.04021541e-01 -1.24582376e-02 0.0
-1.03422058e-01 -1.72566394e-02 0.0
-1.02551957e-01 -2.20745999e-02 0.0
-1.01403792e-01 -2.69044311e-02 0.0
-9.99696447e-02 -3.17368575e-02 0.0
-9.82413669e-02 -3.65607255e-02 0.0
-9.62108552e-02 -4.13626328e-02 0.0
-9.38704199e-02 -4.61265540e-02 0.0
-9.12132594e-02 -5.08333443e-02 0.0
-8.82340077e-02 -5.54601783e-02 0.0
-8.49294574e-02 -5.99797816e-02 0.0
-8.12993336e-02 -6.43594860e-02 0.0
-7.73472962e-02 -6.85599464e-02 0.0
-7.30819385e-02 -7.25335414e-02 0.0
-6.85180134e-02 -7.62223141e-02 0.0
-6.36775247e-02 -7.95555145e-02 0.0
-5.85909372e-02 -8.24466878e-02 0.0
-5.32979837e-02 -8.47904694e-02 0.0
-4.78483169e-02 -8.64591558e-02 0.0
-4.23013084e-02 -8.72992809e-02 0.0
-3.67252374e-02 -8.71282120e-02 0.0
-3.11950652e-02 -8.57305913e-02 0.0
-2.57892670e-02 -8.28536706e-02 0.0
-2.05855790e-02 -7.81999163e-02 0.0
-1.56585440e-02 -7.14152413e-02 0.0
-1.10851175e-02 -6.20733644e-02 0.0
-6.97598747e-03 -4.96580761e-02 0.0
-3.56294819e-03 -3.35384540e-02 0.0
-1.03547979e-03 -1.29387597e-02 0.0
-7.82549706e-04 1.27984725e-02 0.0
-2.62653124e-03 3.26269956e-02 0.0
-5.08611403e-03 4.82125702e-02 0.0
-8.20165083e-03 6.05174754e-02 0.0
-1.19447347e-02 7.00597573e-02 0.0
-1.62656565e-02 7.71933580e-02 0.0
-2.10655304e-02 8.22303847e-02 0.0
-2.62170901e-02 8.54716742e-02 0.0
-3.15888899e-02 8.72065052e-02 0.0
-3.70614416e-02 8.77041146e-02 0.0
-4.25348277e-02 8.72047092e-02 0.0
-4.79305900e-02 8.59133997e-02 0.0
-5.31900588e-02 8.39983137e-02 0.0
-5.82712548e-02 8.15924662e-02 0.0
-6.31452272e-02 7.87981649e-02 0.0
-6.77928230e-02 7.56925517e-02 0.0
-7.22018502e-02 7.23332186e-02 0.0
-7.63650476e-02 6.87631796e-02 0.0
-8.02784461e-02 6.50149203e-02 0.0
-8.39403689e-02 6.11134446e-02 0.0
-8.73505827e-02 5.70784693e-02 0.0
-9.05098689e-02 5.29259064e-02 0.0
-9.34195542e-02 4.86688633e-02 0.0
-9.60813286e-02 4.43182734e-02 0.0
-9.84969277e-02 3.98833343e-02 0.0
-1.00668041e-01 3.53717843e-02 0.0
-1.02596055e-01 3.07901368e-02 0.0
-1.04281992e-01 2.61438455e-02 0.0
-1.05726287e-01 2.14374894e-02 0.0
-1.06928751e-01 1.66749218e-02 0.0
-1.07888372e-01 1.18594625e-02 0.0
-1.08603304e-01 6.99406372e-03 0.0
-1.09070703e-01 2.08152759e-03 0.0
-1.09286742e-01 -2.87529860e-03 0.0
-1.09246505e-01 -7.87327086e-03 0.0
-1.08944028e-01 -1.29087188e-02 0.0
-1.08372270e-01 -1.79771546e-02 0.0
-1.07523206e-01 -2.30730025e-02 0.0
-1.06387889e-01 -2.81892616e-02 0.0
-1.04956630e-01 -3.33171828e-02 0.0
-1.03219190e-01 -3.84458678e-02 0.0
-1.01165078e-01 -4.35618644e-02 0.0
-9.87839344e-02 -4.86486537e-02 0.0
-9.60660041e-02 -5.36860899e-02 0.0
-9.30027779e-02 -5.86496684e-02 0.0
-8.95877221e-02 -6.35096597e-02 0.0
-8.58172540e-02 -6.82299673e-02 0.0
-8.16917992e-02 -7.27667308e-02 0.0
-7.72171555e-02 -7.70665391e-02 0.0
-7.24058874e-02 -8.10642982e-02 0.0
-6.72790191e-02 -8.46806851e-02 0.0
-6.18676058e-02 -8.78193251e-02 0.0
-5.62144549e-02 -9.03637544e-02 0.0
-5.03753878e-02 -9.21744340e-02 0.0
-4.44202567e-02 -9.30859837e-02 0.0
-3.84328375e-02 -9.29048536e-02 0.0
-3.25095983e-02 -9.14072291e-02 0.0
-2.67559539e-02 -8.83363570e-02 0.0
-2.12795413e-02 -8.33972272e-02 0.0
-1.61791858e-02 -7.62452323e-02 0.0
-1.15331611e-02 -6.64627519e-02 0.0
-7.40312376e-03 -5.35077987e-02 0.0
-3.91061410e-03 -3.65942395e-02 0.0
-1.17340021e-03 -1.44803664e-02 0.0
-8.15116304e-04 1.39329865e-02 0.0
-2.54659491e-03 3.46047954e-02 0.0
-4.72617707e-03 5.08739493e-02 0.0
-7.67817108e-03 6.39236468e-02 0.0
-1.14752942e-02 7.41938183e-02 0.0
-1.60424675e-02 8.19474234e-02 0.0
-2.12163193e-02 8.74500824e-02 0.0
-2.68074016e-02 9.09946618e-02 0.0
-3.26373078e-02 9.28852732e-02 0.0
-3.85555537e-02 9.34162005e-02 0.0
-4.44443896e-02 9.28549082e-02 0.0
-5.02169026e-02 9.14315458e-02 0.0
-5.58122639e-02 8.93350745e-02 0.0
-6.11899443e-02 8.67146659e-02 0.0
-6.63244158e-02 8.36845007e-02 0.0
-7.12005771e-02 8.03300722e-02 0.0
-7.58104001e-02 7.67146553e-02 0.0
-8.01503750e-02 7.28850301e-02 0.0
-8.42199232e-02 6.88761393e-02 0.0
-8.80202078e-02 6.47145641e-02 0.0
-9.15535252e-02 6.04210203e-02 0.0
-9.48227550e-02 5.60120192e-02 0.0
-9.78311495e-02 5.15009862e-02 0.0
-1.00582009e-01 4.68989483e-02 0.0
-1.03078591e-01 4.22150129e-02 0.0
-1.05323850e-01 3.74566593e-02 0.0
-1.07320377e-01 3.26299897e-02 0.0
-1.09070152e-01 2.77399003e-02 0.0
-1.10574499e-01 2.27902801e-02 0.0
-1.11833861e-01 1.77841667e-02 0.0
-1.12847759e-01 1.27239538e-02 0.0
-1.13614600e-01 7.61156844e-03 0.0
-1.14131657e-01 2.44870812e-03 0.0
-1.14394916e-01 -2.76294709e-03 0.0
-1.14399079e-01 -8.02145765e-03 0.0
-1.14137476e-01 -1.33243689e-02 0.0
-1.13602107e-01 -1.86683859e-02 0.0
-1.12783630e-01 -2.40490637e-02 0.0
-1.11671475e-01 -2.94604222e-02 0.0
-1.10253940e-01 -3.48945643e-02 0.0
-1.08518409e-01 -4.03412060e-02 0.0
-1.06451611e-01 -4.57871847e-02 0.0
-1.04039993e-01 -5.12158457e-02 0.0
-1.01270219e-01 -5.66063557e-02 0.0
-9.81297771e-02 -6.19328268e-02 0.0
-9.46078207e-02 -6.71632742e-02 0.0
-9.06961266e-02 -7.22582811e-02 0.0
-8.63903908e-02 -7.71693798e-02 0.0
-8.16916619e-02 -8.18370420e-02 0.0
-7.66081922e-02 -8.61883205e-02 0.0
-7.11573980e-02 -9.01341215e-02 0.0
-6.53682487e-02 -9.35662575e-02 0.0
-5.92836246e-02 -9.63544136e-02 0.0
-5.29629622e-02 -9.83433326e-02 0.0
-4.64845275e-02 -9.93504911e-02 0.0
-3.99475459e-02 -9.91646004e-02 0.0
-3.34731377e-02 -9.75449966e-02 0.0
-2.72036748e-02 -9.42215779e-02 0.0
-2.12979157e-02 -8.88940738e-02 0.0
-1.59185668e-02 -8.12280011e-02 0.0
-1.12053286e-02 -7.08391725e-02 0.0
-7.23173680e-03 -5.72349500e-02 0.0
-3.98499634e-03 -3.96062970e-02 0.0
-1.26836811e-03 -1.62511914e-02 0.0
-5.49153246e-04 1.48271811e-02 0.0
-1.58406931e-03 3.60069261e-02 0.0
-3.14513200e-03 5.32124775e-02 0.0
-5.96881190e-03 6.73608123e-02 0.0
-1.00442012e-02 7.86291907e-02 0.0
-1.51290676e-02 8.71641222e-02 0.0
-2.09276598e-02 9.32058651e-02 0.0
-2.71646080e-02 9.70669531e-02 0.0
-3.36113032e-02 9.90896333e-02 0.0
-4.00915584e-02 9.96103980e-02 0.0
-4.64776189e-02 9.89356702e-02 0.0
-5.26822246e-02 9.73279724e-02 0.0
-5.86493813e-02 9.50012430e-02 0.0
-6.43458270e-02 9.21227078e-02 0.0
-6.97537464e-02 8.88189416e-02 0.0
-7.48653453e-02 8.51834909e-02 0.0
-7.96788672e-02 8.12846889e-02 0.0
-8.41961076e-02 7.71723269e-02 0.0
-8.84207349e-02 7.28831413e-02 0.0
-9.23574534e-02 6.84446966e-02 0.0
-9.60113891e-02 6.38782806e-02 0.0
-9.93878884e-02 5.92006360e-02 0.0
-1.02492238e-01 5.44252694e-02 0.0
-1.05329614e-01 4.95630656e-02 0.0
-1.07904860e-01 4.46228964e-02 0.0
-1.10222436e-01 3.96117920e-02 0.0
-1.12286185e-01 3.45353211e-02 0.0
-1.14099276e-01 2.93976310e-02 0.0
-1.15663963e-01 2.42017872e-02 0.0
-1.16981525e-01 1.89497952e-02 0.0
-1.18052048e-01 1.36429632e-02 0.0
-1.18874365e-01 8.28194161e-03 0.0
-1.19445872e-01 2.86712847e-03 0.0
-1.19762488e-01 -2.60125717e-03 0.0
-1.19818515e-01 -8.12271784e-03 0.0
-1.19606627e-01 -1.36963570e-02 0.0
-1.19117788e-01 -1.93203594e-02 0.0
-1.18341298e-01 -2.49918070e-02 0.0
-1.17264800e-01 -3.07060809e-02 0.0
-1.15874400e-01 -3.64565879e-02 0.0
-1.14154808e-01 -4.22340531e-02 0.0
-1.12089585e-01 -4.80261063e-02 0.0
-1.09661480e-01 -5.38163973e-02 0.0
-1.06852871e-01 -5.95839393e-02 0.0
-1.03646399e-01 -6.53019121e-02 0.0
-1.00025723e-01 -7.09365810e-02 0.0
-9.59765841e-02 -7.64455729e-02 0.0
-9.14880463e-02 -8.17761328e-02 0.0
-8.65541879e-02 -8.68626550e-02 0.0
-8.11760266e-02 -9.16241250e-02 0.0
-7.53640300e-02 -9.59609035e-02 0.0
-6.91408883e-02 -9.97515720e-02 0.0
-6.25449389e-02 -1.02849489e-01 0.0
-5.56337890e-02 -1.05079897e-01 0.0
-4.84885469e-02 -1.06237443e-01 0.0
-4.12180842e-02 -1.06084946e-01 0.0
-3.39637565e-02 -1.04353254e-01 0.0
-2.69037526e-02 -1.00742668e-01 0.0
-2.02567921e-02 -9.49255987e-02 0.0
-1.42815296e-02 -8.65509982e-02 0.0
-9.26278922e-03 -7.52480804e-02 0.0
-5.45625479e-03 -6.06061107e-02 0.0
-2.92995172e-03 -4.20081386e-02 0.0
-9.88176775e-04 -1.78331912e-02 0.0
1.17572428e-03 7.16519821e-03 0.0
2.39210368e-03 1.96865202e-02 0.0
1.20973126e-03 3.03955568e-02 0.0
-2.19096256e-03 3.92450065e-02 0.0
-7.21823032e-03 4.62258362e-02 0.0
-1.33524588e-02 5.14294718e-02 0.0
-2.01668877e-02 5.50332432e-02 0.0
-2.73259587e-02 5.72615797e-02 0.0
-3.45781128e-02 5.83521846e-02 0.0
-4.17445924e-02 5.85321936e-02 0.0
-4.87062553e-02 5.80032836e-02 0.0
-5.53897016e-02 5.69340643e-02 0.0
-6.17544999e-02 5.54585922e-02 0.0
-6.77822083e-02 5.36789614e-02 0.0
-7.34680558e-02 5.16703956e-02 0.0
-7.88148973e-02 4.94869448e-02 0.0
-8.38294660e-02 4.71670311e-02 0.0
-8.85200168e-02 4.47379314e-02 0.0
-9.28952520e-02 4.22193562e-02 0.0
-9.69636900e-02 3.96258453e-02 0.0
-1.00733587e-01 3.69685113e-02 0.0
-1.04212785e-01 3.42560036e-02 0.0
-1.07408813e-01 3.14952282e-02 0.0
-1.10328735e-01 2.86916446e-02 0.0
-1.12979197e-01 2.58495692e-02 0.0
-1.15366199e-01 2.29722469e-02 0.0
-1.17495076e-01 2.00620292e-02 0.0
-1.19370229e-01 1.71204031e-02 0.0
-1.20995076e-01 1.41481442e-02 0.0
-1.22371783e-01 1.11453621e-02 0.0
-1.23501206e-01 8.11165667e-03 0.0
-1.24382644e-01 5.04619522e-03 0.0
-1.25013789e-01 1.94788055e-03 0.0
-1.25390514e-01 -1.18453288e-03 0.0
-1.25506834e-01 -4.35225313e-03 0.0
-1.25354748e-01 -7.55628674e-03 0.0
-1.24924229e-01 -1.07972262e-02 0.0
-1.24203133e-01 -1.40750264e-02 0.0
-1.23177245e-01 -1.73887509e-02 0.0
-1.21830290e-01 -2.07362716e-02 0.0
-1.20144066e-01 -2.41139482e-02 0.0
-1.18098608e-01 -2.75162187e-02 0.0
-1.15672466e-01 -3.09351632e-02 0.0
-1.12843098e-01 -3.43599187e-02 0.0
-1.09587378e-01 -3.77760337e-02 0.0
-1.05882351e-01 -4.11645885e-02 0.0
-1.01706128e-01 -4.45011915e-02 0.0
-9.70392055e-02 -4.77546456e-02 0.0
-9.18660173e-02 -5.08854311e-02 0.0
-8.61771158e-02 -5.38438124e-02 0.0
-7.99717252e-02 -5.65677939e-02 0.0
-7.32611464e-02 -5.89808080e-02 0.0
-6.60726336e-02 -6.09894792e-02 0.0
-5.84542797e-02 -6.24814547e-02 0.0
-5.04803889e-02 -6.33237330e-02 0.0
-4.22579508e-02 -6.33614976e-02 0.0
-3.39337224e-02 -6.24177520e-02 0.0
-2.57030132e-02 -6.02934995e-02 0.0
-1.78204991e-02 -5.67685679e-02 0.0
-1.06158471e-02 -5.16034697e-02 0.0
-4.51705699e-03 -4.45438306e-02 0.0
-8.80505242e-05 -3.53246901e-02 0.0
1.92842698e-03 -2.36512749e-02 0.0
1.11410145e-03 -9.09670423e-03 0.0
-7.09053412e-04 -3.07882394e-04 0.0
-2.13688995e-03 3.69133555e-03 0.0
-4.16759347e-03 7.93695715e-03 0.0
-7.44244627e-03 1.14881908e-02 0.0
-1.19192337e-02 1.41801438e-02 0.0
-1.73534724e-02 1.60578817e-02 0.0
-2.34594279e-02 1.72356373e-02 0.0
-2.99749160e-02 1.78468554e-02 0.0
-3.66827441e-02 1.80212666e-02 0.0
-4.34142942e-02 1.78737192e-02 0.0
-5.00453291e-02 1.74990656e-02 0.0
-5.64888875e-02 1.69710544e-02 0.0
-6.26872655e-02 1.63437710e-02 0.0
-6.86046302e-02 1.56548202e-02 0.0
-7.42206001e-02 1.49289817e-02 0.0
-7.95253474e-02 1.41818999e-02 0.0
-8.45158544e-02 1.34230208e-02 0.0
-8.91934624e-02 1.26579762e-02 0.0
-9.35621085e-02 1.18900490e-02 0.0
-9.76273472e-02 1.11212684e-02 0.0
-1.01395587e-01 1.03528495e-02 0.0
-1.04873746e-01 9.58559744e-03 0.0
-1.08068857e-01 8.81989341e-03 0.0
-1.10987919e-01 8.05586419e-03 0.0
-1.13637600e-01 7.29323713e-03 0.0
-1.16024129e-01 6.53147788e-03 0.0
-1.18153016e-01 5.76962853e-03 0.0
-1.20028960e-01 5.00646784e-03 0.0
-1.21655574e-01 4.24035482e-03 0.0
-1.23035301e-01 3.46941449e-03 0.0
-1.24169166e-01 2.69138558e-03 0.0
-1.25056695e-01 1.90382684e-03 0.0
-1.25695695e-01 1.10396820e-03 0.0
-1.26082194e-01 2.88936362e-04 0.0
-1.26210255e-01 -5.44385640e-04 0.0
-1.26071936e-01 -1.39910991e-03 0.0
-1.25657166e-01 -2.27846587e-03 0.0
-1.24953741e-01 -3.18552089e-03 0.0
-1.23947286e-01 -4.12326988e-03 0.0
-1.22621330e-01 -5.09431286e-03 0.0
-1.20957398e-01 -6.10089175e-03 0.0
-1.18935224e-01 -7.14450496e-03 0.0
-1.16533056e-01 -8.22585974e-03 0.0
-1.13728097e-01 -9.34438750e-03 0.0
-1.10497156e-01 -1.04980582e-02 0.0
-1.06817467e-01 -1.16827337e-02 0.0
-1.02667873e-01 -1.28917624e-02 0.0
-9.80302696e-02 -1.41150867e-02 0.0
-9.28915778e-02 -1.53385336e-02 0.0
-8.72460949e-02 -1.65426213e-02 0.0
-8.10985637e-02 -1.77015397e-02 0.0
-7.44676807e-02 -1.87817337e-02 0.0
-6.73904379e-02 -1.97407510e-02 0.0
-5.99268455e-02 -2.05258886e-02 0.0
-5.21654175e-02 -2.10732651e-02 0.0
-4.42287734e-02 -2.13068715e-02 0.0
-3.62796645e-02 -2.11380203e-02 0.0
-2.85263913e-02 -2.04645921e-02 0.0
-2.12270085e-02 -1.91704494e-02 0.0
-1.46880630e-02 -1.71257561e-02 0.0
-9.24774836e-03 -1.41933964e-02 0.0
-5.21236934e-03 -1.02587569e-02 0.0
-2.67714058e-03 -5.35981050e-03 0.0
-8.87533934e-04 -3.06466211e-04 0.0
-1.03220100e-03 9.44528644e-04 0.0
-3.35389233e-03 5.69961447e-03 0.0
-6.32770463e-03 1.09332080e-02 0.0
-1.01155957e-02 1.55547033e-02 0.0
-1.47154923e-02 1.91903406e-02 0.0
-2.00280932e-02 2.17945556e-02 0.0
-2.58899649e-02 2.34668277e-02 0.0
-3.21209562e-02 2.43621876e-02 0.0
-3.85531321e-02 2.46459879e-02 0.0
-4.50437301e-02 2.44712019e-02 0.0
-5.14788137e-02 2.39677642e-02 0.0
-5.77718354e-02 2.32390054e-02 0.0
-6.38600727e-02 2.23625120e-02 0.0
-6.97001427e-02 2.13935978e-02 0.0
-7.52637615e-02 2.03698842e-02 0.0
-8.05338594e-02 1.93159416e-02 0.0
-8.55015633e-02 1.82472968e-02 0.0
-9.01637061e-02 1.71735656e-02 0.0
-9.45211320e-02 1.61006543e-02 0.0
-9.85773118e-02 1.50322123e-02 0.0
-1.02337510e-01 1.39704819e-02 0.0
-1.05808019e-01 1.29167804e-02 0.0
-1.08995758e-01 1.18717167e-02 0.0
-1.11907794e-01 1.08353026e-02 0.0
-1.14551115e-01 9.80697282e-03 0.0
-1.16932275e-01 8.78561017e-03 0.0
-1.19057241e-01 7.76953822e-03 0.0
-1.20931092e-01 6.75654780e-03 0.0
-1.22557901e-01 5.74390095e-03 0.0
-1.23940467e-01 4.72837178e-03 0.0
-1.25080220e-01 3.70626344e-03 0.0
-1.25976981e-01 2.67346143e-03 0.0
-1.26628882e-01 1.62546339e-03 0.0
-1.27032156e-01 5.57447121e-04 0.0
-1.27181072e-01 -5.35680527e-04 0.0
-1.27067772e-01 -1.65919118e-03 0.0
-1.26682228e-01 -2.81845324e-03 0.0
-1.26012140e-01 -4.01879804e-03 0.0
-1.25042953e-01 -5.26538401e-03 0.0
-1.23757861e-01 -6.56299605e-03 0.0
-1.22137926e-01 -7.91582376e-03 0.0
-1.20162267e-01 -9.32715471e-03 0.0
-1.17808379e-01 -1.07990163e-02 0.0
-1.15052623e-01 -1.23316986e-02 0.0
-1.11870890e-01 -1.39231777e-02 0.0
-1.08239587e-01 -1.55683674e-02 0.0
-1.04136866e-01 -1.72582090e-02 0.0
-9.95443500e-02 -1.89785325e-02 0.0
-9.44492002e-02 -2.07087087e-02 0.0
-8.88468512e-02 -2.24200654e-02 0.0
-8.27441367e-02 -2.40741376e-02 0.0
-7.61631558e-02 -2.56208058e-02 0.0
-6.91454154e-02 -2.69964790e-02 0.0
-6.17565253e-02 -2.81224713e-02 0.0
-5.40906852e-02 -2.89037910e-02 0.0
-4.62750069e-02 -2.92285211e-02 0.0
-3.84723324e-02 -2.89680212e-02 0.0
-3.08817179e-02 -2.79783598e-02 0.0
-2.37332552e-02 -2.61044232e-02 0.0
-1.72726944e-02 -2.31911996e-02 0.0
-1.17266775e-02 -1.91142113e-02 0.0
-7.24236879e-03 -1.38575723e-02 0.0
-3.83144142e-03 -7.70711014e-03 0.0
-1.19309887e-03 -1.70088314e-03 0.0
-1.02187086e-03 2.50449566e-03 0.0
-3.56566082e-03 8.51102955e-03 0.0
-7.05325689e-03 1.45832151e-02 0.0
-1.13350636e-02 1.99744136e-02 0.0
-1.62683328e-02 2.43038212e-02 0.0
-2.17482187e-02 2.74735928e-02 0.0
-2.76541669e-02 2.95556472e-02 0.0
-3.38539077e-02 3.07041433e-02 0.0
-4.02175036e-02 3.10998532e-02 0.0
-4.66279851e-02 3.09184720e-02 0.0
-5.29865914e-02 3.03142462e-02 0.0
-5.92142184e-02 2.94132413e-02 0.0
-6.52503127e-02 2.83126837e-02 0.0
-7.10506724e-02 2.70839392e-02 0.0
-7.65846172e-02 2.57771969e-02 0.0
-8.18323287e-02 2.44265366e-02 0.0
-8.67822942e-02 2.30544771e-02 0.0
-9.14293079e-02 2.16756556e-02 0.0
-9.57726966e-02 2.02995006e-02 0.0
-9.98150907e-02 1.89320700e-02 0.0
-1.03561314e-01 1.75771834e-02 0.0
-1.07017695e-01 1.62371150e-02 0.0
-1.10191366e-01 1.49129476e-02 0.0
-1.13089882e-01 1.36047859e-02 0.0
-1.15720737e-01 1.23118369e-02 0.0
-1.18091139e-01 1.10324860e-02 0.0
-1.20207638e-01 9.76431457e-03 0.0
-1.22075979e-01 8.50415780e-03 0.0
-1.23700796e-01 7.24811832e-03 0.0
-1.25085498e-01 5.99163081e-03 0.0
-1.26232006e-01 4.72948130e-03 0.0
-1.27140661e-01 3.45588198e-03 0.0
-1.27809991e-01 2.16450006e-03 0.0
-1.28236623e-01 8.48548895e-04 0.0
-1.28415089e-01 -4.99162690e-04 0.0
-1.28337749e-01 -1.88610796e-03 0.0
-1.27994634e-01 -3.31995188e-03 0.0
-1.27373402e-01 -4.80837171e-03 0.0
-1.26459258e-01 -6.35889318e-03 0.0
-1.25234972e-01 -7.97861487e-03 0.0
-1.23680940e-01 -9.67392168e-03 0.0
-1.21775354e-01 -1.14500522e-02 0.0
-1.19494500e-01 -1.33106122e-02 0.0
-1.16813225e-01 -1.52568896e-02 0.0
-1.13705652e-01 -1.72870499e-02 0.0
-1.10146151e-01 -1.93950611e-02 0.0
-1.06110734e-01 -2.15694211e-02 0.0
-1.01578794e-01 -2.37915494e-02 0.0
-9.65354745e-02 -2.60339421e-02 0.0
-9.09744300e-02 -2.82580143e-02 0.0
-8.49013195e-02 -3.04118112e-02 0.0
-7.83376008e-02 -3.24276392e-02 0.0
-7.13248697e-02 -3.42199346e-02 0.0
-6.39290239e-02 -3.56835809e-02 0.0
-5.62442543e-02 -3.66931324e-02 0.0
-4.83956556e-02 -3.71033111e-02 0.0
-4.05399681e-02 -3.67514609e-02 0.0
-3.28623726e-02 -3.54630120e-02 0.0
-2.55678744e-02 -3.30626281e-02 0.0
-1.88644161e-02 -2.93969255e-02 0.0
-1.29388293e-02 -2.43800159e-02 0.0
-7.93814226e-03 -1.80767065e-02 0.0
-4.00844285e-03 -1.08285616e-02 0.0
-1.16610948e-03 -3.36924349e-03 0.0
-9.65308796e-04 3.99218998e-03 0.0
-3.51889972e-03 1.16212361e-02 0.0
-7.23586203e-03 1.86775807e-02 0.0
-1.18636124e-02 2.47896244e-02 0.0
-1.71367836e-02 2.96950759e-02 0.0
-2.28897718e-02 3.33152428e-02 0.0
-2.89896955e-02 3.57199059e-02 0.0
-3.53151039e-02 3.70650764e-02 0.0
-4.17537547e-02 3.75412159e-02 0.0
-4.82052876e-02 3.73391788e-02 0.0
-5.45838505e-02 3.66307705e-02 0.0
-6.08190828e-02 3.55596448e-02 0.0
-6.68558249e-02 3.42391922e-02 0.0
-7.26527010e-02 3.27547490e-02 0.0
-7.81803397e-02 3.11680604e-02 0.0
-8.34192633e-02 2.95224055e-02 0.0
-8.83580116e-02 2.78474271e-02 0.0
-9.29912907e-02 2.61631111e-02 0.0
-9.73185526e-02 2.44828165e-02 0.0
-1.01342654e-01 2.28153788e-02 0.0
-1.05068937e-01 2.11665176e-02 0.0
-1.08504320e-01 1.95396892e-02 0.0
-1.11656743e-01 1.79366215e-02 0.0
-1.14534554e-01 1.63575993e-02 0.0
-1.17146168e-01 1.48016628e-02 0.0
-1.19499631e-01 1.32667020e-02 0.0
-1.21602408e-01 1.17495593e-02 0.0
-1.23461036e-01 1.02460751e-02 0.0
-1.25080989e-01 8.75117105e-03 0.0
-1.26466387e-01 7.25888487e-03 0.0
-1.27619891e-01 5.76245227e-03 0.0
-1.28542446e-01 4.25434126e-03 0.0
-1.29233192e-01 2.72634157e-03 0.0
-1.29689231e-01 1.16960999e-03 0.0
-1.29905537e-01 -4.25216957e-04 0.0
-1.29874747e-01 -2.06794493e-03 0.0
-1.29587077e-01 -3.76865797e-03 0.0
-1.29030157e-01 -5.53757169e-03 0.0
-1.28188974e-01 -7.38477383e-03 0.0
-1.27045794e-01 -9.31995246e-03 0.0
-1.25580191e-01 -1.13519715e-02 0.0
-1.23769146e-01 -1.34883860e-02 0.0
-1.21587288e-01 -1.57347442e-02 0.0
-1.19007322e-01 -1.80937554e-02 0.0
-1.16000680e-01 -2.05641587e-02 0.0
-1.12538535e-01 -2.31393626e-02 0.0
-1.08593148e-01 -2.58056933e-02 0.0
-1.04139797e-01 -2.85403433e-02 0.0
-9.91591370e-02 -3.13089102e-02 0.0
-9.36403139e-02 -3.40627041e-02 0.0
-8.75844918e-02 -3.67358532e-02 0.0
-8.10090618e-02 -3.92425546e-02 0.0
-7.39519125e-02 -4.14747192e-02 0.0
-6.64758133e-02 -4.33005719e-02 0.0
-5.86718789e-02 -4.45646883e-02 0.0
-5.06618479e-02 -4.50902401e-02 0.0
-4.25976906e-02 -4.46842456e-02 0.0
-3.46581107e-02 -4.31472852e-02 0.0
-2.70406435e-02 -4.02902177e-02 0.0
-1.99507346e-02 -3.59626151e-02 0.0
-1.35922310e-02 -3.00983446e-02 0.0
-8.17525119e-03 -2.27759878e-02 0.0
-3.97233519e-03 -1.42618553e-02 0.0
-1.10762433e-03 -4.94732308e-03 0.0
-9.22210498e-04 5.37456245e-03 0.0
-3.44421150e-03 1.48093143e-02 0.0
-7.26643633e-03 2.30287031e-02 0.0
-1.21308470e-02 2.99306822e-02 0.0
-1.77014396e-02 3.53978063e-02 0.0
-2.37513654e-02 3.94154568e-02 0.0
-3.01133485e-02 4.20816347e-02 0.0
-3.66534635e-02 4.35689131e-02 0.0
-4.32596335e-02 4.40822482e-02 0.0
-4.98374255e-02 4.38275261e-02 0.0
-5.63084028e-02 4.29920243e-02 0.0
-6.26092280e-02 4.17345164e-02 0.0
-6.86904603e-02 4.01823694e-02 0.0
-7.45151918e-02 3.84332612e-02 0.0
-8.00573083e-02 3.65593922e-02 0.0
-8.52998381e-02 3.46126237e-02 0.0
-9.02331902e-02 3.26294131e-02 0.0
-9.48537022e-02 3.06350280e-02 0.0
-9.91622005e-02 2.86467790e-02 0.0
-1.03162934e-01 2.66763789e-02 0.0
-1.06862516e-01 2.47315179e-02 0.0
-1.10269222e-01 2.28169208e-02 0.0
-1.13392238e-01 2.09349817e-02 0.0
-1.16241227e-01 1.90861973e-02 0.0
-1.18825788e-01 1.72694079e-02 0.0
-1.21155192e-01 1.54819999e-02 0.0
-1.23237983e-01 1.37200116e-02 0.0
-1.25081805e-01 1.19782632e-02 0.0
-1.26693088e-01 1.02504172e-02 0.0
-1.28076931e-01 8.52908439e-03 0.0
-1.29236828e-01 6.80586459e-03 0.0
-1.30174573e-01 5.07144607e-03 0.0
-1.30890008e-01 3.31564145e-03 0.0
-1.31380927e-01 1.52749600e-03 0.0
-1.31642833e-01 -3.04658929e-04 0.0
-1.31668828e-01 -2.19306108e-03 0.0
-1.31449391e-01 -4.15040987e-03 0.0
-1.30972249e-01 -6.18963908e-03 0.0
-1.30222197e-01 -8.32369641e-03 0.0
-1.29181002e-01 -1.05651598e-02 0.0
-1.27827315e-01 -1.29258096e-02 0.0
-1.26136692e-01 -1.54159709e-02 0.0
-1.24081737e-01 -1.80437296e-02 0.0
-1.21632411e-01 -2.08138205e-02 0.0
-1.18756634e-01 -2.37262745e-02 0.0
-1.15421176e-01 -2.67746174e-02 0.0
-1.11593059e-01 -2.99437137e-02 0.0
-1.07241423e-01 -3.32070885e-02 0.0
-1.02340137e-01 -3.65238956e-02 0.0
-9.68709711e-02 -3.98355002e-02 0.0
-9.08276219e-02 -4.30620295e-02 0.0
-8.42201270e-02 -4.60991143e-02 0.0
-7.70798085e-02 -4.88154485e-02 0.0
-6.94638898e-02 -5.10516931e-02 0.0
-6.14596362e-02 -5.26215991e-02 0.0
-5.31867702e-02 -5.33160835e-02 0.0
-4.47979199e-02 -5.29112798e-02 0.0
-3.64760069e-02 -5.11816282e-02 0.0
-2.84294022e-02 -4.79198447e-02 0.0
-2.08861515e-02 -4.29660611e-02 0.0
-1.40930465e-02 -3.62464354e-02 0.0
-8.32868851e-03 -2.78091791e-02 0.0
-3.94357958e-03 -1.78166485e-02 0.0
-1.07292869e-03 -6.42706774e-03 0.0
-9.00152331e-04 6.68575916e-03 0.0
-3.40664473e-03 1.80154500e-02 0.0
-7.30385389e-03 2.75420149e-02 0.0
-1.23565309e-02 3.53344769e-02 0.0
-1.81938660e-02 4.14019637e-02 0.0
-2.45422063e-02 4.58095954e-02 0.0
-3.11970354e-02 4.87043442e-02 0.0
-3.80016124e-02 5.02909369e-02 0.0
-4.48332570e-02 5.07980867e-02 0.0
-5.15949435e-02 5.04512199e-02 0.0
-5.82102775e-02 4.94547020e-02 0.0
-6.46200256e-02 4.79824787e-02 0.0
-7.07795938e-02 4.61752813e-02 0.0
-7.66567355e-02 4.41423028e-02 0.0
-8.22296343e-02 4.19654536e-02 0.0
-8.74850063e-02 3.97045589e-02 0.0
-9.24165456e-02 3.74024718e-02 0.0
-9.70233889e-02 3.50894345e-02 0.0
-1.01308939e-01 3.27865388e-02 0.0
-1.05279695e-01 3.05082336e-02 0.0
-1.08944426e-01 2.82641109e-02 0.0
-1.12313321e-01 2.60600690e-02 0.0
-1.15397439e-01 2.38991177e-02 0.0
-1.18208100e-01 2.17818682e-02 0.0
-1.20756543e-01 1.97069068e-02 0.0
-1.23053477e-01 1.76710119e-02 0.0
-1.25108871e-01 1.56693651e-02 0.0
-1.26931614e-01 1.36956629e-02 0.0
-1.28529383e-01 1.17422648e-02 0.0
-1.29908357e-01 9.80025547e-03 0.0
-1.31073121e-01 7.85956329e-03 0.0
-1.32026411e-01 5.90899620e-03 0.0
-1.32769013e-01 3.93634871e-03 0.0
-1.33299515e-01 1.92843402e-03 0.0
-1.33614182e-01 -1.28794087e-04 0.0
-1.33706700e-01 -2.25017871e-03 0.0
-1.33568015e-01 -4.45117911e-03 0.0
-1.33186067e-01 -6.74772073e-03 0.0
-1.32545609e-01 -9.15588312e-03 0.0
-1.31627967e-01 -1.16915680e-02 0.0
-1.30410878e-01 -1.43699355e-02 0.0
-1.28868369e-01 -1.72047359e-02 0.0
-1.26970749e-01 -2.02073003e-02 0.0
-1.24684790e-01 -2.33852967e-02 0.0
-1.21974134e-01 -2.67409959e-02 0.0
-1.18800116e-01 -3.02691426e-02 0.0
-1.15123000e-01 -3.39541955e-02 0.0
-1.10903943e-01 -3.77670800e-02 0.0
-1.06107587e-01 -4.16613345e-02 0.0
-1.00705642e-01 -4.55689670e-02 0.0
-9.46811861e-02 -4.93961721e-02 0.0
-8.80339184e-02 -5.30195475e-02 0.0
-8.07857393e-02 -5.62833367e-02 0.0
-7.29866143e-02 -5.89986829e-02 0.0
-6.47196256e-02 -6.09456982e-02 0.0
-5.61049318e-02 -6.18794026e-02 0.0
-4.73013938e-02 -6.15402211e-02 0.0
-3.85060517e-02 -5.96698272e-02 0.0
-2.99512812e-02 -5.60329210e-02 0.0
-2.19019531e-02 -5.04454776e-02 0.0
-1.46553290e-02 -4.28066776e-02 0.0
-8.54896240e-03 -3.31196058e-02 0.0
-3.97879203e-03 -2.14614616e-02 0.0
-1.06584224e-03 -7.85944723e-03 0.0
-8.96551174e-04 7.96487074e-03 0.0
-3.42049453e-03 2.12491877e-02 0.0
-7.40872411e-03 3.21937289e-02 0.0
-1.26474857e-02 4.09742202e-02 0.0
-1.87472126e-02 4.76993061e-02 0.0
-2.54000316e-02 5.25134419e-02 0.0
-3.23678490e-02 5.56231791e-02 0.0
-3.94685920e-02 5.72774629e-02 0.0
-4.65637371e-02 5.77383970e-02 0.0
-5.35485297e-02 5.72574418e-02 0.0
-6.03445144e-02 5.60598578e-02 0.0
-6.68940739e-02 5.43366964e-02 0.0
-7.31561361e-02 5.22427661e-02 0.0
-7.91029339e-02 4.98988369e-02 0.0
-8.47172633e-02 4.73962337e-02 0.0
-8.99903822e-02 4.48023633e-02 0.0
-9.49201266e-02 4.21660517e-02 0.0
-9.95094916e-02 3.95221715e-02 0.0
-1.03765291e-01 3.68952670e-02 0.0
-1.07697192e-01 3.43022862e-02 0.0
-1.11316751e-01 3.17544799e-02 0.0
-1.14636769e-01 2.92587519e-02 0.0
-1.17670600e-01 2.68185303e-02 0.0
-1.20431739e-01 2.44344109e-02 0.0
-1.22933324e-01 2.21045550e-02 0.0
-1.25187889e-01 1.98250321e-02 0.0
-1.27206991e-01 1.75900191e-02 0.0
-1.29001070e-01 1.53920170e-02 0.0
-1.30579156e-01 1.32219568e-02 0.0
-1.31948772e-01 1.10693524e-02 0.0
-1.33115688e-01 8.92235109e-03 0.0
-1.34083829e-01 6.76785000e-03 0.0
-1.34855031e-01 4.59151560e-03 0.0
-1.35428929e-01 2.37788815e-03 0.0
-1.35802685e-01 1.10401799e-04 0.0
-1.35970828e-01 -2.22848382e-03 0.0
-1.35924943e-01 -4.65721184e-03 0.0
-1.35653440e-01 -7.19490362e-03 0.0
-1.35141213e-01 -9.86114799e-03 0.0
-1.34369350e-01 -1.26755704e-02 0.0
-1.33314800e-01 -1.56573332e-02 0.0
-1.31950106e-01 -1.88243041e-02 0.0
-1.30243203e-01 -2.21920184e-02 0.0
-1.28157369e-01 -2.57721379e-02 0.0
-1.25651443e-01 -2.95705054e-02 0.0
-1.22680381e-01 -3.35844868e-02 0.0
-1.19196412e-01 -3.77997147e-02 0.0
-1.15150815e-01 -4.21859983e-02 0.0
-1.10496725e-01 -4.66926535e-02 0.0
-1.05192850e-01 -5.12432662e-02 0.0
-9.92085098e-02 -5.57304762e-02 0.0
-9.25295954e-02 -6.00112420e-02 0.0
-8.51656075e-02 -6.39036353e-02 0.0
-7.71568790e-02 -6.71860752e-02 0.0
-6.85817235e-02 -6.96002987e-02 0.0
-5.95621430e-02 -7.08589377e-02 0.0
-5.02677380e-02 -7.06585025e-02 0.0
-4.09166911e-02 -6.86978224e-02 0.0
-3.17744535e-02 -6.47018348e-02 0.0
-2.31504455e-02 -5.84498159e-02 0.0
-1.53950862e-02 -4.98042528e-02 0.0
-8.89826281e-03 -3.87251665e-02 0.0
-4.09022251e-03 -2.52340722e-02 0.0
-1.08235232e-03 -9.29518809e-03 0.0
-9.08234907e-04 9.24519938e-03 0.0
-3.48624245e-03 2.45463574e-02 0.0
-7.60326242e-03 3.70018218e-02 0.0
-1.30555420e-02 4.68571864e-02 0.0
-1.94379610e-02 5.42985093e-02 0.0
-2.64148219e-02 5.95439473e-02 0.0
-3.37184618e-02 6.28641654e-02 0.0
-4.11419330e-02 6.45607309e-02 0.0
-4.85292214e-02 6.49376086e-02 0.0
-5.57652644e-02 6.42791176e-02 0.0
-6.27672882e-02 6.28362488e-02 0.0
-6.94775430e-02 6.08201840e-02 0.0
-7.58576319e-02 5.84015008e-02 0.0
-8.18839349e-02 5.57132805e-02 0.0
-8.75441814e-02 5.28564509e-02 0.0
-9.28346563e-02 4.99058314e-02 0.0
-9.77581621e-02 4.69159330e-02 0.0
-1.02322274e-01 4.39258727e-02 0.0
-1.06538096e-01 4.09633011e-02 0.0
-1.10419112e-01 3.80472914e-02 0.0
-1.13980409e-01 3.51904590e-02 0.0
-1.17237876e-01 3.24003952e-02 0.0
-1.20207729e-01 2.96807151e-02 0.0
-1.22905948e-01 2.70317353e-02 0.0
-1.25347990e-01 2.44510180e-02 0.0
-1.27548399e-01 2.19337094e-02 0.0
-1.29520642e-01 1.94728618e-02 0.0
-1.31276819e-01 1.70596123e-02 0.0
-1.32827577e-01 1.46833932e-02 0.0
-1.34181867e-01 1.23320175e-02 0.0
-1.35346884e-01 9.99181993e-03 0.0
-1.36327835e-01 7.64768015e-03 0.0
-1.37127856e-01 5.28312142e-03 0.0
-1.37747758e-01 2.88029967e-03 0.0
-1.38185883e-01 4.20093534e-04 0.0
-1.38437793e-01 -2.11789718e-03 0.0
-1.38496032e-01 -4.75521547e-03 0.0
-1.38349740e-01 -7.51446470e-03 0.0
-1.37984292e-01 -1.04190286e-02 0.0
-1.37380840e-01 -1.34927714e-02 0.0
-1.36515852e-01 -1.67594358e-02 0.0
-1.35360628e-01 -2.02418868e-02 0.0
-1.33880858e-01 -2.39608763e-02 0.0
-1.32036309e-01 -2.79334343e-02 0.0
-1.29780697e-01 -3.21705203e-02 0.0
-1.27061991e-01 -3.66740162e-02 0.0
-1.23823216e-01 -4.14327132e-02 0.0
-1.20004151e-01 -4.64174483e-02 0.0
-1.15544010e-01 -5.15752297e-02 0.0
-1.10385571e-01 -5.68228056e-02 0.0
-1.04480688e-01 -6.20399709e-02 0.0
-9.77975485e-02 -6.70636210e-02 0.0
-9.03291342e-02 -7.16834884e-02 0.0
-8.21028157e-02 -7.56411090e-02 0.0
-7.31898115e-02 -7.86332764e-02 0.0
-6.37138774e-02 -8.03213376e-02 0.0
-5.38574732e-02 -8.03467883e-02 0.0
-4.38648445e-02 -7.83531011e-02 0.0
-3.40408166e-02 -7.40127251e-02 0.0
-2.47459154e-02 -6.70577517e-02 0.0
-1.63878059e-02 -5.73097180e-02 0.0
-9.41056061e-03 -4.46937160e-02 0.0
-4.28205912e-03 -2.92020265e-02 0.0
-1.11980318e-03 -1.07783207e-02 0.0
-9.33076772e-04 1.05547216e-02 0.0
-3.60226819e-03 2.79522501e-02 0.0
-7.89670266e-03 4.20073960e-02 0.0
-1.36087672e-02 5.30159742e-02 0.0
-2.03137008e-02 6.12270969e-02 0.0
-2.76490155e-02 6.69275638e-02 0.0
-3.53192935e-02 7.04545004e-02 0.0
-4.30937610e-02 7.21683740e-02 0.0
-5.07987491e-02 7.24222866e-02 0.0
-5.83082206e-02 7.15400051e-02 0.0
-6.55341526e-02 6.98033737e-02 0.0
-7.24180803e-02 6.74473047e-02 0.0
-7.89239140e-02 6.46603720e-02 0.0
-8.50323279e-02 6.15892025e-02 0.0
-9.07362836e-02 5.83448137e-02 0.0
-9.60377587e-02 5.50095086e-02 0.0
-1.00945147e-01 5.16432466e-02 0.0
-1.05471433e-01 4.82890611e-02 0.0
-1.09632661e-01 4.49772736e-02 0.0
-1.13446896e-01 4.17286897e-02 0.0
-1.16933268e-01 3.85568546e-02 0.0
-1.20111367e-01 3.54697012e-02 0.0
-1.23000620e-01 3.24706551e-02 0.0
-1.25619940e-01 2.95594830e-02 0.0
-1.27987315e-01 2.67328436e-02 0.0
-1.30119627e-01 2.39847687e-02 0.0
-1.32032364e-01 2.13069533e-02 0.0
-1.33739543e-01 1.86890554e-02 0.0
-1.35253493e-01 1.61188410e-02 0.0
-1.36584814e-01 1.35823726e-02 0.0
-1.37742192e-01 1.10640557e-02 0.0
-1.38732343e-01 8.54674969e-03 0.0
-1.39559807e-01 6.01174438e-03 0.0
-1.40226838e-01 3.43882392e-03 0.0
-1.40733135e-01 8.06208050e-04 0.0
-1.41075628e-01 -1.90938763e-03 0.0
-1.41248103e-01 -4.73278710e-03 0.0
-1.41240842e-01 -7.69022062e-03 0.0
-1.41040105e-01 -1.08092291e-02 0.0
-1.40627589e-01 -1.41183098e-02 0.0
-1.39979762e-01 -1.76464834e-02 0.0
-1.39067161e-01 -2.14224364e-02 0.0
-1.37853662e-01 -2.54733682e-02 0.0
-1.36295794e-01 -2.98231350e-02 0.0
-1.34342248e-01 -3.44897561e-02 0.0
-1.31933680e-01 -3.94818351e-02 0.0
-1.29003178e-01 -4.47939595e-02 0.0
-1.25477518e-01 -5.04007190e-02 0.0
-1.21279808e-01 -5.62496081e-02 0.0
-1.16333643e-01 -6.22528384e-02 0.0
-1.10569394e-01 -6.82788835e-02 0.0
-1.03932532e-01 -7.41445350e-02 0.0
-9.63942420e-02 -7.96091110e-02 0.0
-8.79635145e-02 -8.43723761e-02 0.0
-7.87001551e-02 -8.80782271e-02 0.0
-6.87268304e-02 -9.03255124e-02 0.0
-5.82388232e-02 -9.06869033e-02 0.0
-4.75090867e-02 -8.87352433e-02 0.0
-3.68875833e-02 -8.40760189e-02 0.0
-2.67934375e-02 -7.63834243e-02 0.0
-1.77005122e-02 -6.54350129e-02 0.0
-1.01168671e-02 -5.11292597e-02 0.0
-4.56150559e-03 -3.34503079e-02 0.0
-1.17783146e-03 -1.23498342e-02 0.0
-9.70177665e-04 1.19183699e-02 0.0
-3.76838575e-03 3.15163997e-02 0.0
-8.29605589e-03 4.72653635e-02 0.0
-1.43274078e-02 5.95014402e-02 0.0
-2.14101771e-02 6.85293563e-02 0.0
-2.91519718e-02 7.47024410e-02 0.0
-3.72291323e-02 7.84270947e-02 0.0
-4.53873101e-02 8.01284630e-02 0.0
-5.34356508e-02 8.02155706e-02 0.0
-6.12373797e-02 7.90579709e-02 0.0
-6.86995459e-02 7.69735617e-02 0.0
-7.57632090e-02 7.42247689e-02 0.0
-8.23950885e-02 7.10206890e-02 0.0
-8.85806504e-02 6.75229351e-02 0.0
-9.43188533e-02 6.38533206e-02 0.0
-9.96180564e-02 6.01017672e-02 0.0
-1.04493118e-01 5.63335326e-02 0.0
-1.08963130e-01 5.25951742e-02 0.0
-1.13049884e-01 4.89192515e-02 0.0
-1.16776599e-01 4.53277771e-02 0.0
-1.20167104e-01 4.18347670e-02 0.0
-1.23245082e-01 3.84479972e-02 0.0
-1.26033649e-01 3.51703161e-02 0.0
-1.28554885e-01 3.20005235e-02 0.0
-1.30829642e-01 2.89340875e-02 0.0
-1.32877250e-01 2.59636047e-02 0.0
-1.34715458e-01 2.30792298e-02 0.0
-1.36360241e-01 2.02689143e-02 0.0
-1.37825800e-01 1.75186701e-02 0.0
-1.39124412e-01 1.48126635e-02 0.0
-1.40266439e-01 1.21333615e-02 0.0
-1.41260164e-01 9.46151793e-03 0.0
-1.42111754e-01 6.77623306e-03 0.0
-1.42825041e-01 4.05486134e-03 0.0
-1.43401380e-01 1.27301877e-03 0.0
-1.43839324e-01 -1.59554562e-03 0.0
-1.44134319e-01 -4.57894013e-03 0.0
-1.44278210e-01 -7.70721716e-03 0.0
-1.44258705e-01 -1.10122527e-02 0.0
-1.44058651e-01 -1.45276323e-02 0.0
-1.43655223e-01 -1.82881928e-02 0.0
-1.43018946e-01 -2.23293823e-02 0.0
-1.42112634e-01 -2.66860118e-02 0.0
-1.40890295e-01 -3.13904786e-02 0.0
-1.39296094e-01 -3.64699431e-02 0.0
-1.37263634e-01 -4.19424621e-02 0.0
-1.34715723e-01 -4.78115384e-02 0.0
-1.31565170e-01 -5.40591502e-02 0.0
-1.27716904e-01 -6.06369564e-02 0.0
-1.23072195e-01 -6.74561750e-02 0.0
-1.17535264e-01 -7.43765457e-02 0.0
-1.11023006e-01 -8.11958204e-02 0.0
-1.03477623e-01 -8.76413356e-02 0.0
-9.48821657e-02 -9.33661832e-02 0.0
-8.52775348e-02 -9.79522688e-02 0.0
-7.47795527e-02 -1.00922647e-01 0.0
-6.35930803e-02 -1.01764131e-01 0.0
-5.20207431e-02 -9.99599832e-02 0.0
-4.04629166e-02 -9.50305167e-02 0.0
-2.94075501e-02 -8.65783590e-02 0.0
-1.94087618e-02 -7.43317270e-02 0.0
-1.10565685e-02 -5.81683323e-02 0.0
-4.94209025e-03 -3.80810389e-02 0.0
-1.25859306e-03 -1.40525053e-02 0.0
-1.01960610e-03 1.33602294e-02 0.0
-3.98695816e-03 3.52921812e-02 0.0
-8.81063587e-03 5.28409416e-02 0.0
-1.52321289e-02 6.63787242e-02 0.0
-2.27612115e-02 7.62639457e-02 0.0
-3.09696868e-02 8.29181486e-02 0.0
-3.95029316e-02 8.68218241e-02 0.0
-4.80824403e-02 8.84714575e-02 0.0
-5.65005387e-02 8.83390576e-02 0.0
-6.46107006e-02 8.68464231e-02 0.0
-7.23161002e-02 8.43527290e-02 0.0
-7.95585676e-02 8.11517922e-02 0.0
-8.63087418e-02 7.74757851e-02 0.0
-9.25581063e-02 7.35028378e-02 0.0
-9.83126527e-02 6.93662457e-02 0.0
-1.03588244e-01 6.51637223e-02 0.0
-1.08407094e-01 6.09655804e-02 0.0
-1.12795353e-01 5.68214955e-02 0.0
-1.16781248e-01 5.27656851e-02 0.0
-1.20393886e-01 4.88208095e-02 0.0
-1.23662256e-01 4.50007296e-02 0.0
-1.26614659e-01 4.13125424e-02 0.0
-1.29278155e-01 3.77579682e-02 0.0
-1.31678336e-01 3.43344297e-02 0.0
-1.33839019e-01 3.10357699e-02 0.0
-1.35782205e-01 2.78528720e-02 0.0
-1.37527911e-01 2.47740389e-02 0.0
-1.39094219e-01 2.17853656e-02 0.0
-1.40497179e-01 1.88709120e-02 0.0
-1.41750874e-01 1.60129106e-02 0.0
-1.42867333e-01 1.31917872e-02 0.0
-1.43856565e-01 1.03862427e-02 0.0
-1.44726423e-01 7.57315355e-03 0.0
-1.45482549e-01 4.72755572e-03 0.0
-1.46128136e-01 1.82245618e-03 0.0
-1.46663719e-01 -1.17124509e-03 0.0
-1.47086769e-01 -4.28498346e-03 0.0
-1.47391236e-01 -7.55260050e-03 0.0
-1.47566887e-01 -1.10105074e-02 0.0
-1.47598510e-01 -1.46975909e-02 0.0
-1.47464883e-01 -1.86550714e-02 0.0
-1.47137559e-01 -2.29258876e-02 0.0
-1.46579433e-01 -2.75537283e-02 0.0
-1.45743151e-01 -3.25811694e-02 0.0
-1.44569487e-01 -3.80469058e-02 0.0
-1.42985824e-01 -4.39814156e-02 0.0
-1.40905153e-01 -5.04009640e-02 0.0
-1.38225910e-01 -5.72993238e-02 0.0
-1.34833440e-01 -6.46373275e-02 0.0
-1.30603635e-01 -7.23301340e-02 0.0
-1.25409817e-01 -8.02331592e-02 0.0
-1.19133325e-01 -8.81277893e-02 0.0
-1.11678589e-01 -9.57093267e-02 0.0
-1.02992200e-01 -1.02579890e-01 0.0
-9.30853379e-02 -1.08249917e-01 0.0
-8.20569304e-02 -1.12151262e-01 0.0
-7.01146136e-02 -1.13664189e-01 0.0
-5.75886633e-02 -1.12158110e-01 0.0
-4.49349106e-02 -1.07043878e-01 0.0
-3.27225080e-02 -9.78326899e-02 0.0
-2.16058469e-02 -8.41927814e-02 0.0
-1.22824828e-02 -6.59827861e-02 0.0
-5.44512683e-03 -4.32183829e-02 0.0
-1.36633688e-03 -1.59355148e-02 0.0
-1.08238729e-03 1.49054693e-02 0.0
-4.26325972e-03 3.93384165e-02 0.0
-9.45428601e-03 5.88094221e-02 0.0
-1.63482997e-02 7.37257665e-02 0.0
-2.44045656e-02 8.45022732e-02 0.0
-3.31507710e-02 9.16345278e-02 0.0
-4.21970198e-02 9.56849697e-02 0.0
-5.12391212e-02 9.72299578e-02 0.0
-6.00530366e-02 9.68126127e-02 0.0
-6.84838596e-02 9.49138994e-02 0.0
-7.64328546e-02 9.19396998e-02 0.0
-8.38445768e-02 8.82190688e-02 0.0
-9.06956019e-02 8.40097722e-02 0.0
-9.69851503e-02 7.95078333e-02 0.0
-1.02727912e-01 7.48586348e-02 0.0
-1.07948572e-01 7.01676671e-02 0.0
-1.12677966e-01 6.55099693e-02 0.0
-1.16950233e-01 6.09377270e-02 0.0
-1.20800942e-01 5.64861605e-02 0.0
-1.24265675e-01 5.21778143e-02 0.0
-1.27379181e-01 4.80257184e-02 0.0
-1.30174681e-01 4.40355787e-02 0.0
-1.32683546e-01 4.02074236e-02 0.0
-1.34934975e-01 3.65367202e-02 0.0
-1.36955949e-01 3.30152814e-02 0.0
-1.38771106e-01 2.96318537e-02 0.0
-1.40402832e-01 2.63726469e-02 0.0
-1.41871227e-01 2.32216245e-02 0.0
-1.43194247e-01 2.01608027e-02 0.0
-1.44387692e-01 1.71703353e-02 0.0
-1.45465331e-01 1.42286431e-02 0.0
-1.46438862e-01 1.13123362e-02 0.0
-1.47317957e-01 8.39620511e-03 0.0
-1.48110139e-01 5.45300761e-03 0.0
-1.48820692e-01 2.45334499e-03 0.0
-1.49452381e-01 -6.34657808e-04 0.0
-1.50005141e-01 -3.84555570e-03 0.0
-1.50475538e-01 -7.21695487e-03 0.0
-1.50856122e-01 -1.07897078e-02 0.0
-1.51134489e-01 -1.46081901e-02 0.0
-1.51292124e-01 -1.87202518e-02 0.0
-1.51302921e-01 -2.31770240e-02 0.0
-1.51131373e-01 -2.80320564e-02 0.0
-1.50730474e-01 -3.33398152e-02 0.0
-1.50039354e-01 -3.91528388e-02 0.0
-1.48980910e-01 -4.55173888e-02 0.0
-1.47459630e-01 -5.24667450e-02 0.0
-1.45360290e-01 -6.00119339e-02 0.0
-1.42548077e-01 -6.81292161e-02 0.0
-1.38871326e-01 -7.67446220e-02 0.0
-1.34167800e-01 -8.57158451e-02 0.0
-1.28275960e-01 -9.48132720e-02 0.0
-1.21051900e-01 -1.03702486e-01 0.0
-1.12392603e-01 -1.11932272e-01 0.0
-1.02264354e-01 -1.18932513e-01 0.0
-9.07343328e-02 -1.24026971e-01 0.0
-7.80006313e-02 -1.26464387e-01 0.0
-6.44151568e-02 -1.25469236e-01 0.0
-5.04920099e-02 -1.20309565e-01 0.0
-3.68957906e-02 -1.10375550e-01 0.0
-2.44063585e-02 -9.52559534e-02 0.0
-1.38633659e-02 -7.47859221e-02 0.0
-6.10023296e-03 -4.90157019e-02 0.0
-1.50767598e-03 -1.80589275e-02 0.0
-1.16038862e-03 1.65821409e-02 0.0
-4.60580431e-03 4.37219337e-02 0.0
-1.02465791e-02 6.52577171e-02 0.0
-1.77085323e-02 8.16334545e-02 0.0
-2.63852121e-02 9.33275511e-02 0.0
-3.57498837e-02 1.00920152e-01 0.0
-4.53716220e-02 1.05067362e-01 0.0
-5.49186377e-02 1.06436718e-01 0.0
-6.41510619e-02 1.05652232e-01 0.0
-7.29077578e-02 1.03261845e-01 0.0
-8.10907971e-02 9.97238393e-02 0.0
-8.86504567e-02 9.54063674e-02 0.0
-9.55719634e-02 9.05950670e-02 0.0
-1.01864819e-01 8.55050105e-02 0.0
-1.07554466e-01 8.02939400e-02 0.0
-1.12676255e-01 7.50748907e-02 0.0
-1.17271016e-01 6.99269871e-02 0.0
-1.21382100e-01 6.49041522e-02 0.0
-1.25053235e-01 6.00416786e-02 0.0
-1.28327226e-01 5.53611263e-02 0.0
-1.31244982e-01 5.08737807e-02 0.0
-1.33845044e-01 4.65831977e-02 0.0
-1.36163200e-01 4.24869506e-02 0.0
-1.38232426e-01 3.85779808e-02 0.0
-1.40082793e-01 3.48455005e-02 0.0
-1.41741609e-01 3.12757541e-02 0.0
-1.43233462e-01 2.78524771e-02 0.0
-1.44580440e-01 2.45573268e-02 0.0
-1.45802219e-01 2.13700632e-02 0.0
-1.46916282e-01 1.82687535e-02 0.0
-1.47937987e-01 1.52297448e-02 0.0
-1.48880731e-01 1.22276896e-02 0.0
-1.49755942e-01 9.23534354e-03 0.0
-1.50573136e-01 6.22343441e-03 0.0
-1.51339772e-01 3.16030164e-03 0.0
-1.52061123e-01 1.16223981e-05 0.0
-1.52739912e-01 -3.26008830e-03 0.0
-1.53375871e-01 -6.69586424e-03 0.0
-1.53965016e-01 -1.03408658e-02 0.0
-1.54498714e-01 -1.42447638e-02 0.0
-1.54962369e-01 -1.84621823e-02 0.0
-1.55333747e-01 -2.30527153e-02 0.0
-1.55580821e-01 -2.80806367e-02 0.0
-1.55659127e-01 -3.36136279e-02 0.0
-1.55508673e-01 -3.97204016e-02 0.0
-1.55050473e-01 -4.64662761e-02 0.0
-1.54183105e-01 -5.39063153e-02 0.0
-1.52779690e-01 -6.20749330e-02 0.0
-1.50686311e-01 -7.09716302e-02 0.0
-1.47722862e-01 -8.05422349e-02 0.0
-1.43688119e-01 -9.06563364e-02 0.0
-1.38370501e-01 -1.01082081e-01 0.0
-1.31566525e-01 -1.11461563e-01 0.0
-1.23107709e-01 -1.21291169e-01 0.0
-1.12896139e-01 -1.29913303e-01 0.0
-1.00946054e-01 -1.36526169e-01 0.0
-8.74268336e-02 -1.40218002e-01 0.0
-7.26989731e-02 -1.40028860e-01 0.0
-5.73333972e-02 -1.35038579e-01 0.0
-4.21036368e-02 -1.24472444e-01 0.0
-2.79452310e-02 -1.07806837e-01 0.0
-1.58837847e-02 -8.48394317e-02 0.0
-6.94555636e-03 -5.56635193e-02 0.0
-1.69130392e-03 -2.04981451e-02 0.0
-1.25647325e-03 1.84230218e-02 0.0
-5.02668815e-03 4.85207062e-02 0.0
-1.12138511e-02 7.22868933e-02 0.0
-1.93541791e-02 9.02065745e-02 0.0
-2.87570908e-02 1.02834042e-01 0.0
-3.88288503e-02 1.10850116e-01 0.0
-4.90908542e-02 1.15021170e-01 0.0
-5.91816627e-02 1.16120767e-01 0.0
-6.88468745e-02 1.14865857e-01 0.0
-7.79221771e-02 1.11880261e-01 0.0
-8.63144309e-02 1.07680765e-01 0.0
-9.39836004e-02 1.02678325e-01 0.0
-1.00927353e-01 9.71884287e-02 0.0
-1.07168645e-01 9.14458608e-02 0.0
-1.12746432e-01 8.56205957e-02 0.0
-1.17708830e-01 7.98324983e-02 0.0
-1.22108430e-01 7.41638243e-02 0.0
-1.25999007e-01 6.86690640e-02 0.0
-1.29433456e-01 6.33824471e-02 0.0
-1.32462370e-01 5.83233651e-02 0.0
-1.35133302e-01 5.35003380e-02 0.0
-1.37490250e-01 4.89137646e-02 0.0
-1.39573563e-01 4.45579740e-02 0.0
-1.41419869e-01 4.04226172e-02 0.0
-1.43062279e-01 3.64937749e-02 0.0
-1.44530509e-01 3.27546666e-02 0.0
-1.45851209e-01 2.91862644e-02 0.0
-1.47048151e-01 2.57676117e-02 0.0
-1.48142567e-01 2.24761324e-02 0.0
-1.49153338e-01 1.92876819e-02 0.0
-1.50097279e-01 1.61766319e-02 0.0
-1.50989266e-01 1.31157075e-02 0.0
-1.51842433e-01 1.00758824e-02 0.0
-1.52668182e-01 7.02602056e-03 0.0
-1.53476230e-01 3.93258687e-03 0.0
-1.54274446e-01 7.59093411e-04 0.0
-1.55068642e-01 -2.53438191e-03 0.0
-1.55862114e-01 -5.99194578e-03 0.0
-1.56655013e-01 -9.66254347e-03 0.0
-1.57443368e-01 -1.36008365e-02 0.0
-1.58217757e-01 -1.78678689e-02 0.0
-1.58961463e-01 -2.25317482e-02 0.0
-1.59648053e-01 -2.76677451e-02 0.0
-1.60238261e-01 -3.33578119e-02 0.0
-1.60676121e-01 -3.96886210e-02 0.0
-1.60884443e-01 -4.67477471e-02 0.0
-1.60759769e-01 -5.46167034e-02 0.0
-1.60167437e-01 -6.33601127e-02 0.0
-1.58937481e-01 -7.30096139e-02 0.0
-1.56862936e-01 -8.35420779e-02 0.0
-1.53702263e-01 -9.48517508e-02 0.0
-1.49188546e-01 -1.06717849e-01 0.0
-1.43047812e-01 -1.18770362e-01 0.0
-1.35029071e-01 -1.30459793e-01 0.0
-1.24946741e-01 -1.41038455e-01 0.0
-1.12734387e-01 -1.49563341e-01 0.0
-9.85041148e-02 -1.54930219e-01 0.0
-8.26021388e-02 -1.55946386e-01 0.0
-6.56459169e-02 -1.51442770e-01 0.0
-4.85275434e-02 -1.40416316e-01 0.0
-3.23708520e-02 -1.22178005e-01 0.0
-1.84417146e-02 -9.64588016e-02 0.0
-8.02699860e-03 -6.33970622e-02 0.0
-1.92819492e-03 -2.33482992e-02 0.0
-1.37454945e-03 2.04676552e-02 0.0
-5.54215096e-03 5.38275045e-02 0.0
-1.23900866e-02 8.00152035e-02 0.0
-2.13363661e-02 9.95648867e-02 0.0
-3.15834077e-02 1.13125702e-01 0.0
-4.24556546e-02 1.21502486e-01 0.0
-5.34194758e-02 1.25594652e-01 0.0
-6.40824776e-02 1.26301128e-01 0.0
-7.41782581e-02 1.24446525e-01 0.0
-8.35441047e-02 1.20740784e-01 0.0
-9.20971118e-02 1.15765549e-01 0.0
-9.98124029e-02 1.09978053e-01 0.0
-1.06704875e-01 1.03724982e-01 0.0
-1.12815091e-01 9.72608775e-02 0.0
-1.18198755e-01 9.07670982e-02 0.0
-1.22919375e-01 8.43690876e-02 0.0
-1.27043150e-01 7.81506900e-02 0.0
-1.30635719e-01 7.21654290e-02 0.0
-1.33759992e-01 6.64448953e-02 0.0
-1.36474983e-01 6.10049207e-02 0.0
-1.38835081e-01 5.58499157e-02 0.0
-1.40889869e-01 5.09760335e-02 0.0
-1.42684068e-01 4.63733331e-02 0.0
-1.44257803e-01 4.20274226e-02 0.0
-1.45646838e-01 3.79205419e-02 0.0
-1.46883016e-01 3.40324431e-02 0.0
-1.47994589e-01 3.03409015e-02 0.0
-1.49006694e-01 2.68221675e-02 0.0
-1.49941672e-01 2.34511230e-02 0.0
-1.50819502e-01 2.02014500e-02 0.0
-1.51658063e-01 1.70455278e-02 0.0
-1.52473475e-01 1.39543785e-02 0.0
-1.53280269e-01 1.08973430e-02 0.0
-1.54091600e-01 7.84181617e-03 0.0
-1.54919279e-01 4.75269729e-03 0.0
-1.55773792e-01 1.59189413e-03 0.0
-1.56664107e-01 -1.68248740e-03 0.0
-1.57597375e-01 -5.11691347e-03 0.0
-1.58578338e-01 -8.76352588e-03 0.0
-1.59608461e-01 -1.26811869e-02 0.0
-1.60684609e-01 -1.69367930e-02 0.0
-1.61797182e-01 -2.16063558e-02 0.0
-1.62927527e-01 -2.67760156e-02 0.0
-1.64044453e-01 -3.25422222e-02 0.0
-1.65099739e-01 -3.90108804e-02 0.0
-1.66022507e-01 -4.62942184e-02 0.0
-1.66712630e-01 -5.45046075e-02 0.0
-1.67033458e-01 -6.37435411e-02 0.0
-1.66804840e-01 -7.40845935e-02 0.0
-1.65797717e-01 -8.55486061e-02 0.0
-1.63732761e-01 -9.80706987e-02 0.0
-1.60285879e-01 -1.11459355e-01 0.0
-1.55104619e-01 -1.25350711e-01 0.0
-1.47839025e-01 -1.39163651e-01 0.0
-1.38190212e-01 -1.52065621e-01 0.0
-1.25976616e-01 -1.62962015e-01 0.0
-1.11213895e-01 -1.70524437e-01 0.0
-9.41968737e-02 -1.73271076e-01 0.0
-7.55652904e-02 -1.69705805e-01 0.0
-5.63290600e-02 -1.58507819e-01 0.0
-3.78316369e-02 -1.38740561e-01 0.0
-2.16425849e-02 -1.10014392e-01 0.0
-9.39664853e-03 -7.25020921e-02 0.0
-2.23110825e-03 -2.67283285e-02 0.0
-1.51988350e-03 2.27647585e-02 0.0
-6.17329578e-03 5.97540888e-02 0.0
-1.38180188e-02 8.85812880e-02 0.0
-2.37164625e-02 1.09843539e-01 0.0
-3.49355824e-02 1.24313229e-01 0.0
-4.67005976e-02 1.32952243e-01 0.0
-5.84156556e-02 1.36823801e-01 0.0
-6.96576463e-02 1.36977002e-01 0.0
-8.01531634e-02 1.34361984e-01 0.0
-8.97482190e-02 1.29786267e-01 0.0
-9.83778963e-02 1.23902796e-01 0.0
-1.06039619e-01 1.17217869e-01 0.0
-1.12771771e-01 1.10109845e-01 0.0
-1.18637498e-01 1.02852017e-01 0.0
-1.23713228e-01 9.56354176e-02 0.0
-1.28080706e-01 8.85889359e-02 0.0
-1.31821863e-01 8.17958508e-02 0.0
-1.35015493e-01 7.53065476e-02 0.0
-1.37735393e-01 6.91480380e-02 0.0
-1.40049294e-01 6.33307628e-02 0.0
-1.42018532e-01 5.78535098e-02 0.0
-1.43697999e-01 5.27067990e-02 0.0
-1.45136485e-01 4.78753643e-02 0.0
-1.46377053e-01 4.33398118e-02 0.0
-1.47457639e-01 3.90778964e-02 0.0
-1.48411551e-01 3.50653072e-02 0.0
-1.49268121e-01 3.12763154e-02 0.0
-1.50053193e-01 2.76840698e-02 0.0
-1.50789718e-01 2.42608696e-02 0.0
-1.51498174e-01 2.09781402e-02 0.0
-1.52197063e-01 1.78064430e-02 0.0
-1.52903231e-01 1.47152027e-02 0.0
-1.53632246e-01 1.16724920e-02 0.0
-1.54398602e-01 8.64452188e-03 0.0
-1.55215944e-01 5.59518397e-03 0.0
-1.56097111e-01 2.48526173e-03 0.0
-1.57054138e-01 -7.28337394e-04 0.0
-1.58098017e-01 -4.09373742e-03 0.0
-1.59238305e-01 -7.66527126e-03 0.0
-1.60482357e-01 -1.15050863e-02 0.0
-1.61834164e-01 -1.56847584e-02 0.0
-1.63292565e-01 -2.02872349e-02 0.0
-1.64848667e-01 -2.54085108e-02 0.0
-1.66482207e-01 -3.11590837e-02 0.0
-1.68156597e-01 -3.76641672e-02 0.0
-1.69812467e-01 -4.50621220e-02 0.0
-1.71359533e-01 -5.34993481e-02 0.0
-1.72667081e-01 -6.31202602e-02 0.0
-1.73553573e-01 -7.40498417e-02 0.0
-1.73776929e-01 -8.63669709e-02 0.0
-1.73027674e-01 -1.00066399e-01 0.0
-1.70928814e-01 -1.15009257e-01 0.0
-1.67047063e-01 -1.30863687e-01 0.0
-1.60921519e-01 -1.47041689e-01 0.0
-1.52115052e-01 -1.62642749e-01 0.0
-1.40292232e-01 -1.76421196e-01 0.0
-1.25321594e-01 -1.86798519e-01 0.0
-1.07391890e-01 -1.91943633e-01 0.0
-8.71192609e-02 -1.89937387e-01 0.0
-6.56118807e-02 -1.79019783e-01 0.0
-4.44544935e-02 -1.57883355e-01 0.0
-2.55900312e-02 -1.25925070e-01 0.0
-1.11098854e-02 -8.33174678e-02 0.0
-2.61446412e-03 -3.07844598e-02 0.0
-1.69937660e-03 2.53752127e-02 0.0
-6.94722734e-03 6.64360960e-02 0.0
-1.55503849e-02 9.81471705e-02 0.0
-2.65661715e-02 1.21191901e-01 0.0
-3.88902377e-02 1.36508071e-01 0.0
-5.16288890e-02 1.45261090e-01 0.0
-6.41179889e-02 1.48719137e-01 0.0
-7.59072536e-02 1.48112951e-01 0.0
-8.67250191e-02 1.44539351e-01 0.0
-9.64368897e-02 1.38915864e-01 0.0
-1.05006600e-01 1.31972628e-01 0.0
-1.12463402e-01 1.24266610e-01 0.0
-1.18876894e-01 1.16206799e-01 0.0
-1.24338915e-01 1.08082869e-01 0.0
-1.28951028e-01 1.00092471e-01 0.0
-1.32816410e-01 9.23648095e-02 0.0
-1.36034699e-01 8.49794952e-02 0.0
-1.38699082e-01 7.79809943e-02 0.0
-1.40894687e-01 7.13891785e-02 0.0
-1.42698036e-01 6.52069624e-02 0.0
-1.44177001e-01 5.94256074e-02 0.0
-1.45391254e-01 5.40285218e-02 0.0
-1.46392838e-01 4.89938166e-02 0.0
-1.47226982e-01 4.42961837e-02 0.0
-1.47932844e-01 3.99080888e-02 0.0
-1.48544385e-01 3.58006911e-02 0.0
-1.49091082e-01 3.19443265e-02 0.0
-1.49598726e-01 2.83089081e-02 0.0
-1.50090027e-01 2.48639949e-02 0.0
-1.50585284e-01 2.15788712e-02 0.0
-1.51102867e-01 1.84223318e-02 0.0
-1.51659755e-01 1.53625217e-02 0.0
-1.52271892e-01 1.23664808e-02 0.0
-1.52954591e-01 9.39974841e-03 0.0
-1.53722770e-01 6.42564061e-03 0.0
-1.54591187e-01 3.40455555e-03 0.0
-1.55574507e-01 2.92882370e-04 0.0
-1.56687284e-01 -2.95813061e-03 0.0
-1.57943700e-01 -6.40400318e-03 0.0
-1.59357053e-01 -1.01087769e-02 0.0
-1.60938808e-01 -1.41473349e-02 0.0
-1.62697058e-01 -1.86078356e-02 0.0
-1.64634148e-01 -2.35945475e-02 0.0
-1.66743135e-01 -2.92303512e-02 0.0
-1.69002739e-01 -3.56587383e-02 0.0
-1.71370352e-01 -4.30439044e-02 0.0
-1.73772843e-01 -5.15678490e-02 0.0
-1.76094931e-01 -6.14219684e-02 0.0
-1.78165571e-01 -7.27908503e-02 0.0
-1.79743258e-01 -8.58247735e-02 0.0
-1.80502695e-01 -1.00598275e-01 0.0
-1.80026455e-01 -1.17052350e-01 0.0
-1.77807729e-01 -1.34920945e-01 0.0
-1.73271625e-01 -1.53645961e-01 0.0
-1.65824309e-01 -1.72292150e-01 0.0
-1.54937725e-01 -1.89481100e-01 0.0
-1.40273672e-01 -2.03373216e-01 0.0
-1.21839750e-01 -2.11732482e-01 0.0
-1.00153551e-01 -2.12107294e-01 0.0
-7.63702527e-02 -2.02140495e-01 0.0
-5.23154749e-02 -1.79974758e-01 0.0
-3.03728284e-02 -1.44640738e-01 0.0
-1.32218179e-02 -9.62329267e-02 0.0
-3.09365328e-03 -3.56928462e-02 0.0
-1.92223512e-03 2.83760056e-02 0.0
-7.89878812e-03 7.40388910e-02 0.0
-1.76518697e-02 1.08900624e-01 0.0
-2.99670392e-02 1.33769416e-01 0.0
-4.35237491e-02 1.49811348e-01 0.0
-5.72879659e-02 1.58460700e-01 0.0
-7.05246675e-02 1.61245353e-01 0.0
-8.27655474e-02 1.59616908e-01 0.0
-9.37555570e-02 1.54843202e-01 0.0
-1.03395904e-01 1.47964267e-01 0.0
-1.11693767e-01 1.39791838e-01 0.0
-1.18722458e-01 1.30932938e-01 0.0
-1.24592392e-01 1.21823948e-01 0.0
-1.29431052e-01 1.12766454e-01 0.0
-1.33370031e-01 1.03960036e-01 0.0
-1.36536963e-01 9.55296208e-02 0.0
-1.39050969e-01 8.75470486e-02 0.0
-1.41020253e-01 8.00471812e-02 0.0
-1.42541257e-01 7.30396797e-02 0.0
-1.43698635e-01 6.65172722e-02 0.0
-1.44565893e-01 6.04616111e-02 0.0
-1.45206254e-01 5.48472263e-02 0.0
-1.45673791e-01 4.96443338e-02 0.0
-1.46014516e-01 4.48206400e-02 0.0
-1.46267568e-01 4.03426584e-02 0.0
-1.46466238e-01 3.61764473e-02 0.0
-1.46639022e-01 3.22881736e-02 0.0
-1.46810478e-01 2.86442862e-02 0.0
-1.47002094e-01 2.52116657e-02 0.0
-1.47232964e-01 2.19574614e-02 0.0
-1.47520475e-01 1.88489768e-02 0.0
-1.47880830e-01 1.58532628e-02 0.0
-1.48329588e-01 1.29367832e-02 0.0
-1.48882058e-01 1.00647664e-02 0.0
-1.49553713e-01 7.20061050e-03 0.0
-1.50360464e-01 4.30491020e-03 0.0
-1.51318926e-01 1.33446801e-03 0.0
-1.52446516e-01 -1.75918807e-03 0.0
-1.53761455e-01 -5.03142945e-03 0.0
-1.55282485e-01 -8.54680401e-03 0.0
-1.57028273e-01 -1.23816019e-02 0.0
-1.59016249e-01 -1.66271810e-02 0.0
-1.61260644e-01 -2.13935553e-02 0.0
-1.63769381e-01 -2.68134600e-02 0.0
-1.66539309e-01 -3.30459390e-02 0.0
-1.69549302e-01 -4.02789428e-02 0.0
-1.72750531e-01 -4.87289389e-02 0.0
-1.76053547e-01 -5.86356270e-02 0.0
-1.79311835e-01 -7.02481214e-02 0.0
-1.82302522e-01 -8.37989908e-02 0.0
-1.84705733e-01 -9.94612782e-02 0.0
-1.86086402e-01 -1.17284790e-01 0.0
-1.85884456e-01 -1.37109059e-01 0.0
-1.83422993e-01 -1.58455301e-01 0.0
-1.77946636e-01 -1.80406380e-01 0.0
-1.68704461e-01 -2.01495532e-01 0.0
-1.55088892e-01 -2.19638320e-01 0.0
-1.36832569e-01 -2.32157545e-01 0.0
-1.14243242e-01 -2.35957689e-01 0.0
-8.84252927e-02 -2.27891288e-01 0.0
-6.14025744e-02 -2.05301414e-01 0.0
-3.60492749e-02 -1.66609990e-01 0.0
-1.57832447e-02 -1.11680690e-01 0.0
-3.68499033e-03 -4.16614886e-02 0.0
-2.20093338e-03 3.18657957e-02 0.0
-9.07360745e-03 8.27649536e-02 0.0
-2.02021604e-02 1.21056204e-01 0.0
-3.40095420e-02 1.47736399e-01 0.0
-4.89030195e-02 1.64294568e-01 0.0
-6.36873278e-02 1.72526024e-01 0.0
-7.75611373e-02 1.74290561e-01 0.0
-9.00570233e-02 1.71308492e-01 0.0
-1.00960510e-01 1.65045143e-01 0.0
-1.10231836e-01 1.56674033e-01 0.0
-1.17941485e-01 1.47089623e-01 0.0
-1.24222398e-01 1.36944800e-01 0.0
-1.29237029e-01 1.26696697e-01 0.0
-1.33156193e-01 1.16651581e-01 0.0
-1.36146188e-01 1.07003937e-01 0.0
-1.38361656e-01 9.78681798e-02 0.0
-1.39942005e-01 8.93029096e-02 0.0
-1.41010202e-01 8.13288709e-02 0.0
-1.41672854e-01 7.39417194e-02 0.0
-1.42021201e-01 6.71210369e-02 0.0
-1.42132454e-01 6.08364419e-02 0.0
-1.42071438e-01 5.50518299e-02 0.0
-1.41892186e-01 4.97281089e-02 0.0
-1.41639599e-01 4.48251023e-02 0.0
-1.41350896e-01 4.03026493e-02 0.0
-1.41057041e-01 3.61213809e-02 0.0
-1.40783918e-01 3.22430147e-02 0.0
-1.40553468e-01 2.86305699e-02 0.0
-1.40384586e-01 2.52482396e-02 0.0
-1.40294001e-01 2.20612999e-02 0.0
-1.40296948e-01 1.90357275e-02 0.0
-1.40407847e-01 1.61379025e-02 0.0
-1.40640823e-01 1.33340166e-02 0.0
-1.41010243e-01 1.05895652e-02 0.0
-1.41531128e-01 7.86849618e-03 0.0
-1.42219593e-01 5.13238869e-03 0.0
-1.43093175e-01 2.33918202e-03 0.0
-1.44171146e-01 -5.58189087e-04 0.0
-1.45474694e-01 -3.61378974e-03 0.0
-1.47026974e-01 -6.89097989e-03 0.0
-1.48852875e-01 -1.04655825e-02 0.0
-1.50978372e-01 -1.44295753e-02 0.0
-1.53429185e-01 -1.88958008e-02 0.0
-1.56228384e-01 -2.40031285e-02 0.0
-1.59392435e-01 -2.99221426e-02 0.0
-1.62924967e-01 -3.68600685e-02 0.0
-1.66807524e-01 -4.50638842e-02 0.0
-1.70986299e-01 -5.48187519e-02 0.0
-1.75354232e-01 -6.64386410e-02 0.0
-1.79727980e-01 -8.02439076e-02 0.0
-1.83820673e-01 -9.65203328e-02 0.0
-1.87212799e-01 -1.15452822e-01 0.0
-1.89327028e-01 -1.37028632e-01 0.0
-1.89416568e-01 -1.60907546e-01 0.0
-1.86582589e-01 -1.86264375e-01 0.0
-1.79840960e-01 -2.11621253e-01 0.0
-1.68261603e-01 -2.34707443e-01 0.0
-1.51197097e-01 -2.52409180e-01 0.0
-1.28595918e-01 -2.60896497e-01 0.0
-1.01350742e-01 -2.56015551e-01 0.0
-7.15719376e-02 -2.33978627e-01 0.0
-4.26293690e-02 -1.92228610e-01 0.0
-1.88374722e-02 -1.30119970e-01 0.0
-4.40572374e-03 -4.89320861e-02 0.0
-2.55319419e-03 3.59734264e-02 0.0
-1.05334930e-02 9.28638014e-02 0.0
-2.33013466e-02 1.34853771e-01 0.0
-3.87913332e-02 1.63236211e-01 0.0
-5.50704173e-02 1.79967332e-01 0.0
-7.07665208e-02 1.87333689e-01 0.0
-8.50308686e-02 1.87621075e-01 0.0
-9.74316053e-02 1.82874625e-01 0.0
-1.07832398e-01 1.74783317e-01 0.0
-1.16285658e-01 1.64660475e-01 0.0
-1.22951294e-01 1.53478502e-01 0.0
-1.28040596e-01 1.41926173e-01 0.0
-1.31780535e-01 1.30469936e-01 0.0
-1.34392606e-01 1.19409625e-01 0.0
-1.36081499e-01 1.08924831e-01 0.0
-1.37029767e-01 9.91110779e-02 0.0
-1.37396274e-01 9.00069279e-02 0.0
-1.37316634e-01 8.16134743e-02 0.0
-1.36904911e-01 7.39081145e-02 0.0
-1.36255779e-01 6.68539306e-02 0.0
-1.35447002e-01 6.04061030e-02 0.0
-1.34541818e-01 5.45160524e-02 0.0
-1.33591311e-01 4.91342157e-02 0.0
-1.32636478e-01 4.42116678e-02 0.0
-1.31710185e-01 3.97011860e-02 0.0
-1.30838784e-01 3.55576897e-02 0.0
-1.30043604e-01 3.17385103e-02 0.0
-1.29342142e-01 2.82032723e-02 0.0
-1.28749160e-01 2.49137893e-02 0.0
-1.28277542e-01 2.18336661e-02 0.0
-1.27939107e-01 1.89279962e-02 0.0
-1.27745233e-01 1.61627868e-02 0.0
-1.27707494e-01 1.35044993e-02 0.0
-1.27838145e-01 1.09192863e-02 0.0
-1.28150661e-01 8.37231133e-03 0.0
-1.28660165e-01 5.82668055e-03 0.0
-1.29383910e-01 3.24235763e-03 0.0
-1.30341690e-01 5.74527648e-04 0.0
-1.31556253e-01 -2.22825283e-03 0.0
-1.33053620e-01 -5.22672646e-03 0.0
-1.34863280e-01 -8.49413098e-03 0.0
-1.37018101e-01 -1.21205661e-02 0.0
-1.39553756e-01 -1.62182004e-02 0.0
-1.42507325e-01 -2.09278193e-02 0.0
-1.45914551e-01 -2.64260361e-02 0.0
-1.49805056e-01 -3.29330016e-02 0.0
-1.54194481e-01 -4.07188360e-02 0.0
-1.59072440e-01 -5.01069349e-02 0.0
-1.64384788e-01 -6.14700522e-02 0.0
-1.70009096e-01 -7.52143179e-02 0.0
-1.75722503e-01 -9.17437069e-02 0.0
-1.81162926e-01 -1.11396789e-01 0.0
-1.85787105e-01 -1.34346154e-01 0.0
-1.88834301e-01 -1.60453188e-01 0.0
-1.89311385e-01 -1.89075538e-01 0.0
-1.86025333e-01 -2.18837686e-01 0.0
-1.77698325e-01 -2.47397299e-01 0.0
-1.63204745e-01 -2.71277341e-01 0.0
-1.41953618e-01 -2.85880584e-01 0.0
-1.14390389e-01 -2.85839818e-01 0.0
-8.24966660e-02 -2.65826847e-01 0.0
-5.00557497e-02 -2.21763842e-01 0.0
-2.24187406e-02 -1.52013622e-01 0.0
-5.27555096e-03 -5.77834314e-02 0.0
-3.00553913e-03 4.08719558e-02 0.0
-1.23662740e-02 1.04646105e-01 0.0
-2.70788530e-02 1.50551907e-01 0.0
-4.44133898e-02 1.80362609e-01 0.0
-6.20176870e-02 1.96724328e-01 0.0
-7.83434172e-02 2.02598544e-01 0.0
-9.25394190e-02 2.00816589e-01 0.0
-1.04269366e-01 1.93809817e-01 0.0
-1.13531666e-01 1.83511244e-01 0.0
-1.20516314e-01 1.71370485e-01 0.0
-1.25505070e-01 1.58422918e-01 0.0
-1.28808599e-01 1.45374625e-01 0.0
-1.30730274e-01 1.32683138e-01 0.0
-1.31547649e-01 1.20625914e-01 0.0
-1.31504532e-01 1.09354365e-01 0.0
-1.30809256e-01 9.89345900e-02 0.0
-1.29636132e-01 8.93768531e-02 0.0
-1.28128572e-01 8.06564096e-02 0.0
-1.26402785e-01 7.27277338e-02 0.0
-1.24551689e-01 6.55341523e-02 0.0
-1.22648574e-01 5.90140618e-02 0.0
-1.20750568e-01 5.31049818e-02 0.0
-1.18901631e-01 4.77459242e-02 0.0
-1.17135269e-01 4.28788509e-02 0.0
-1.15476759e-01 3.84492902e-02 0.0
-1.13945126e-01 3.44066459e-02 0.0
-1.12554701e-01 3.07040487e-02 0.0
-1.11316511e-01 2.72981839e-02 0.0
-1.10239329e-01 2.41488207e-02 0.0
-1.09330646e-01 2.12184454e-02 0.0
-1.08597395e-01 1.84716446e-02 0.0
-1.08046648e-01 1.58746365e-02 0.0
-1.07686157e-01 1.33945399e-02 0.0
-1.07524915e-01 1.09987786e-02 0.0
-1.07573615e-01 8.65416105e-03 0.0
-1.07845178e-01 6.32602566e-03 0.0
-1.08355221e-01 3.97693171e-03 0.0
-1.09122615e-01 1.56525862e-03 0.0
-1.10170019e-01 -9.56884389e-04 0.0
-1.11524481e-01 -3.64613274e-03 0.0
-1.13217999e-01 -6.57141367e-03 0.0
-1.15288009e-01 -9.81831994e-03 0.0
-1.17777635e-01 -1.34950330e-02 0.0
-1.20735442e-01 -1.77394800e-02 0.0
-1.24214260e-01 -2.27282013e-02 0.0
-1.28268391e-01 -2.86860754e-02 0.0
-1.32948224e-01 -3.58963797e-02 0.0
-1.38290802e-01 -4.47087336e-02 0.0
-1.44304601e-01 -5.55419895e-02 0.0
-1.50946229e-01 -6.88763318e-02 0.0
-1.58086986e-01 -8.52274199e-02 0.0
-1.65467560e-01 -1.05091978e-01 0.0
-1.72641547e-01 -1.28852701e-01 0.0
-1.78912595e-01 -1.56628307e-01 0.0
-1.83278752e-01 -1.88057092e-01 0.0
-1.84410772e-01 -2.22010088e-01 0.0
-1.80710344e-01 -2.56252262e-01 0.0
-1.70512550e-01 -2.87113689e-01 0.0
-1.52501367e-01 -3.09306490e-01 0.0
-1.26365942e-01 -3.16112519e-01 0.0
-9.36050043e-02 -3.00208766e-01 0.0
-5.81814113e-02 -2.55246403e-01 0.0
-2.65537644e-02 -1.77795694e-01 0.0
-6.31966208e-03 -6.85393284e-02 0.0
-3.60027781e-03 4.68032339e-02 0.0
-1.47032792e-02 1.18504027e-01 0.0
-3.17068994e-02 1.68410192e-01 0.0
-5.09685930e-02 1.99100563e-01 0.0
-6.96370854e-02 2.14259175e-01 0.0
-8.60262696e-02 2.17778625e-01 0.0
-9.93742122e-02 2.13180470e-01 0.0
-1.09538266e-01 2.03339957e-01 0.0
-1.16733335e-01 1.90438499e-01 0.0
-1.21345470e-01 1.76040039e-01 0.0
-1.23815247e-01 1.61211928e-01 0.0
-1.24572615e-01 1.46646544e-01 0.0
-1.24005265e-01 1.32765582e-01 0.0
-1.22446656e-01 1.19802276e-01 0.0
-1.20174771e-01 1.07863044e-01 0.0
-1.17416005e-01 9.69719164e-02 0.0
-1.14351292e-01 8.71017411e-02 0.0
-1.11122706e-01 7.81954303e-02 0.0
-1.07839927e-01 7.01802079e-02 0.0
-1.04586056e-01 6.29767731e-02 0.0
-1.01422807e-01 5.65051456e-02 0.0
-9.83949096e-02 5.06880648e-02 0.0
-9.55338966e-02 4.54529677e-02 0.0
-9.28611856e-02 4.07328135e-02 0.0
-9.03906882e-02 3.64664043e-02 0.0
-8.81308499e-02 3.25981469e-02 0.0
-8.60863724e-02 2.90777377e-02 0.0
-8.42595141e-02 2.58595402e-02 0.0
-8.26512065e-02 2.29020739e-02 0.0
-8.12618770e-02 2.01672817e-02 0.0
-8.00921929e-02 1.76199786e-02 0.0
-7.91436118e-02 1.52270825e-02 0.0
-7.84189293e-02 1.29570324e-02 0.0
-7.79227130e-02 1.07789409e-02 0.0
-7.76617861e-02 8.66188898e-03 0.0
-7.76456660e-02 6.57385825e-03 0.0
-7.78870942e-02 4.48069075e-03 0.0
-7.84025854e-02 2.34450529e-03 0.0
-7.92131043e-02 1.21914002e-04 0.0
-8.03448211e-02 -2.23862955e-03 0.0
-8.18300080e-02 -4.80008945e-03 0.0
-8.37080278e-02 -7.64149240e-03 0.0
-8.60263687e-02 -1.08637713e-02 0.0
-8.88415792e-02 -1.45976040e-02 0.0
-9.22197865e-02 -1.90129329e-02 0.0
-9.62363069e-02 -2.43305761e-02 0.0
-1.00973405e-01 -3.08348336e-02 0.0
-1.06514905e-01 -3.88860910e-02 0.0
-1.12935507e-01 -4.89301237e-02 0.0
-1.20282148e-01 -6.14998237e-02 0.0
-1.28543659e-01 -7.72015612e-02 0.0
-1.37604846e-01 -9.66759809e-02 0.0
-1.47181280e-01 -1.20518187e-01 0.0
-1.56734192e-01 -1.49138777e-01 0.0
-1.65371697e-01 -1.82542882e-01 0.0
-1.71758134e-01 -2.20005769e-01 0.0
-1.74079281e-01 -2.59635797e-01 0.0
-1.70149870e-01 -2.97857299e-01 0.0
-1.57786717e-01 -3.28937166e-01 0.0
-1.35569606e-01 -3.44834334e-01 0.0
-1.03996661e-01 -3.35820799e-01 0.0
-6.67386398e-02 -2.92315955e-01 0.0
-3.12668118e-02 -2.07825598e-01 0.0
-7.57566932e-03 -8.15865050e-02 0.0
-4.40871296e-03 5.41226650e-02 0.0
-1.77491988e-02 1.34938526e-01 0.0
-3.74152621e-02 1.88645381e-01 0.0
-5.85063874e-02 2.19218201e-01 0.0
-7.76213929e-02 2.31925046e-01 0.0
-9.30557275e-02 2.31936287e-01 0.0
-1.04306476e-01 2.23621515e-01 0.0
-1.11576910e-01 2.10333418e-01 0.0
-1.15408640e-01 1.94471858e-01 0.0
-1.16451828e-01 1.77662028e-01 0.0
-1.15340535e-01 1.60948450e-01 0.0
-1.12635688e-01 1.44962573e-01 0.0
-1.08806442e-01 1.30052991e-01 0.0
-1.04231184e-01 1.16381038e-01 0.0
-9.92070490e-02 1.03988302e-01 0.0
-9.39622798e-02 9.28431670e-02 0.0
-8.86684837e-02 8.28720277e-02 0.0
-8.34517698e-02 7.39798948e-02 0.0
-7.84022475e-02 6.60634964e-02 0.0
-7.35820389e-02 5.90194625e-02 0.0
-6.90317920e-02 5.27490217e-02 0.0
-6.47760361e-02 4.71606008e-02 0.0
-6.08274040e-02 4.21708549e-02 0.0
-5.71900545e-02 3.77049388e-02 0.0
-5.38622844e-02 3.36960871e-02 0.0
-5.08386300e-02 3.00850515e-02 0.0
-4.81114122e-02 2.68192205e-02 0.0
-4.56719890e-02 2.38518629e-02 0.0
-4.35116421e-02 2.11411862e-02 0.0
-4.16223258e-02 1.86496172e-02 0.0
-3.99971870e-02 1.63429157e-02 0.0
-3.86310506e-02 1.41895272e-02 0.0
-3.75207751e-02 1.21597309e-02 0.0
-3.66656415e-02 1.02249966e-02 0.0
-3.60676883e-02 8.35705868e-03 0.0
-3.57321316e-02 6.52711976e-03 0.0
-3.56678034e-02 4.70463824e-03 0.0
-3.58877284e-02 2.85608457e-03 0.0
-3.64098041e-02 9.43040515e-04 0.0
-3.72576908e-02 -1.08004082e-03 0.0
-3.84619126e-02 -3.26915756e-03 0.0
-4.00612495e-02 -5.69495604e-03 0.0
-4.21044336e-02 -8.44867159e-03 0.0
-4.46521319e-02 -1.16496853e-02 0.0
-4.77791149e-02 -1.54555527e-02 0.0
-5.15762716e-02 -2.00741729e-02 0.0
-5.61519007e-02 -2.57784046e-02 0.0
-6.16310701e-02 -3.29217505e-02 0.0
-6.81512419e-02 -4.19535914e-02 0.0
-7.58510800e-02 -5.34297823e-02 0.0
-8.48481897e-02 -6.80128912e-02 0.0
-9.51996235e-02 -8.64519443e-02 0.0
-1.06837819e-01 -1.09527511e-01 0.0
-1.19474038e-01 -1.37940247e-01 0.0
-1.32465211e-01 -1.72112663e-01 0.0
-1.44651691e-01 -2.11863006e-01 0.0
-1.54202571e-01 -2.55906472e-01 0.0
-1.58559371e-01 -3.01159183e-01 0.0
-1.54650775e-01 -3.41906985e-01 0.0
-1.39625451e-01 -3.69106911e-01 0.0
-1.12313124e-01 -3.70433461e-01 0.0
-7.52820379e-02 -3.31992376e-01 0.0
-3.65874460e-02 -2.42315577e-01 0.0
-9.10646707e-03 -9.74122690e-02 0.0
-5.55625652e-03 6.33823089e-02 0.0
-2.18284838e-02 1.54586271e-01 0.0
-4.44898025e-02 2.11325024e-01 0.0
-6.69272541e-02 2.40067143e-01 0.0
-8.52477507e-02 2.48511617e-01 0.0
-9.80070871e-02 2.43543399e-01 0.0
-1.05253525e-01 2.30511605e-01 0.0
-1.07754660e-01 2.13214914e-01 0.0
-1.06510947e-01 1.94178400e-01 0.0
-1.02499701e-01 1.74987449e-01 0.0
-9.65653668e-02 1.56577428e-01 0.0
-8.93895053e-02 1.39452913e-01 0.0
-8.14985837e-02 1.23842515e-01 0.0
-7.32862394e-02 1.09803945e-01 0.0
-6.50386168e-02 9.72936745e-02 0.0
-5.69576868e-02 8.62121345e-02 0.0
-4.91810063e-02 7.64326265e-02 0.0
-4.17976224e-02 6.78192432e-02 0.0
-3.48606730e-02 6.02377256e-02 0.0
-2.83971215e-02 5.35615247e-02 0.0
-2.24153127e-02 4.76749595e-02 0.0
-1.69106779e-02 4.24743303e-02 0.0
-1.18701156e-02 3.78679936e-02 0.0
-7.27520816e-03 3.37756079e-02 0.0
-3.10466511e-03 3.01271740e-02 0.0
6.63955926e-04 2.68617604e-02 0.0
4.05294910e-03 2.39263761e-02 0.0
7.08359858e-03 2.12747121e-02 0.0
9.77551347e-03 1.88661567e-02 0.0
1.21462186e-02 1.66647087e-02 0.0
1.42108044e-02 1.46381866e-02 0.0
1.59817152e-02 1.27572978e-02 0.0
1.74685140e-02 1.09949777e-02 0.0
1.86777058e-02 9.32551774e-03 0.0
1.96124818e-02 7.72390404e-03 0.0
2.02724554e-02 6.16484102e-03 0.0
2.06532668e-02 4.62187598e-03 0.0
2.07460992e-02 3.06603874e-03 0.0
2.05369880e-02 1.46437366e-03 0.0
2.00059174e-02 -2.22316086e-04 0.0
1.91255815e-02 -2.04222382e-03 0.0
1.78597390e-02 -4.05660972e-03 0.0
1.61610360e-02 -6.34503085e-03 0.0
1.39681872e-02 -9.01267988e-03 0.0
1.12024638e-02 -1.21997544e-02 0.0
7.76349742e-03 -1.60937518e-02 0.0
3.52472669e-03 -2.09443324e-02 0.0
-1.67087733e-03 -2.70809577e-02 0.0
-8.01329566e-03 -3.49317061e-02 0.0
-1.57236749e-02 -4.50413643e-02 0.0
-2.50438335e-02 -5.80839599e-02 0.0
-3.62103756e-02 -7.48628212e-02 0.0
-4.94031484e-02 -9.62855933e-02 0.0
-6.46543437e-02 -1.23294680e-01 0.0
-8.17016876e-02 -1.56719649e-01 0.0
-9.97730123e-02 -1.96998155e-01 0.0
-1.17309600e-01 -2.43683804e-01 0.0
-1.31693697e-01 -2.94640906e-01 0.0
-1.39164590e-01 -3.44862923e-01 0.0
-1.35290610e-01 -3.85050242e-01 0.0
-1.16511241e-01 -4.00581798e-01 0.0
-8.30641939e-02 -3.72322148e-01 0.0
-4.25512553e-02 -2.81193321e-01 0.0
-1.10240076e-02 -1.16678809e-01 0.0
-7.26783104e-03 7.54845118e-02 0.0
-2.74420179e-02 1.78208600e-01 0.0
-5.31900157e-02 2.36112016e-01 0.0
-7.56860373e-02 2.60213632e-01 0.0
-9.08997276e-02 2.61899324e-01 0.0
-9.82158897e-02 2.50231202e-01 0.0
-9.86927519e-02 2.31547115e-01 0.0
-9.39361251e-02 2.09923928e-01 0.0
-8.55260725e-02 1.87815638e-01 0.0
-7.47893796e-02 1.66602291e-01 0.0
-6.27499581e-02 1.46988852e-01 0.0
-5.01559039e-02 1.29271598e-01 0.0
-3.75309600e-02 1.13507990e-01 0.0
-2.52271100e-02 9.96223054e-02 0.0
-1.34695584e-02 8.74701718e-02 0.0
-2.39232769e-03 7.68775118e-02 0.0
7.93482684e-03 6.76634513e-02 0.0
1.74864634e-02 5.96534388e-02 0.0
2.62669619e-02 5.26861249e-02 0.0
3.43000141e-02 4.66165684e-02 0.0
4.16211610e-02 4.13170087e-02 0.0
4.82724557e-02 3.66764043e-02 0.0
5.42987910e-02 3.25990764e-02 0.0
5.97453287e-02 2.90031384e-02 0.0
6.46558363e-02 2.58186531e-02 0.0
6.90715663e-02 2.29859946e-02 0.0
7.30306233e-02 2.04541576e-02 0.0
7.65675629e-02 1.81794113e-02 0.0
7.97132434e-02 1.61239335e-02 0.0
8.24947382e-02 1.42548068e-02 0.0
8.49353696e-02 1.25429477e-02 0.0
8.70547101e-02 1.09623649e-02 0.0
8.88686281e-02 9.48927452e-03 0.0
9.03892501e-02 8.10149059e-03 0.0
9.16249096e-02 6.77758008e-03 0.0
9.25799732e-02 5.49621436e-03 0.0
9.32545904e-02 4.23516109e-03 0.0
9.36442625e-02 2.97033769e-03 0.0
9.37392338e-02 1.67430352e-03 0.0
9.35235877e-02 3.14560217e-04 0.0
9.29739809e-02 -1.14906795e-03 0.0
9.20578588e-02 -2.76771169e-03 0.0
9.07309888e-02 -4.60826702e-03 0.0
8.89341045e-02 -6.75962292e-03 0.0
8.65884155e-02 -9.34131199e-03 0.0
8.35898108e-02 -1.25145383e-02 0.0
7.98016241e-02 -1.64965047e-02 0.0
7.50462109e-02 -2.15776874e-02 0.0
6.90960051e-02 -2.81422730e-02 0.0
6.16658626e-02 -3.66902004e-02 0.0
5.24099774e-02 -4.78590069e-02 0.0
4.09295708e-02 -6.24407571e-02 0.0
2.68015783e-02 -8.13868261e-02 0.0
9.64524172e-03 -1.05785855e-01 0.0
-1.07480946e-02 -1.36787737e-01 0.0
-3.41875695e-02 -1.75419217e-01 0.0
-5.97241072e-02 -2.22189568e-01 0.0
-8.51616626e-02 -2.76313448e-01 0.0
-1.06562553e-01 -3.34318559e-01 0.0
-1.18149664e-01 -3.87881445e-01 0.0
-1.13443423e-01 -4.21236176e-01 0.0
-8.87417753e-02 -4.09816444e-01 0.0
-4.91544168e-02 -3.23799305e-01 0.0
-1.35258344e-02 -1.40357738e-01 0.0
-9.94044790e-03 9.19535654e-02 0.0
-3.52738508e-02 2.06507912e-01 0.0
-6.33792305e-02 2.61666086e-01 0.0
-8.30003276e-02 2.76776686e-01 0.0
-9.10187185e-02 2.68568359e-01 0.0
-8.86769544e-02 2.48536574e-01 0.0
-7.86607159e-02 2.23702378e-01 0.0
-6.36618840e-02 1.98013219e-01 0.0
-4.58606647e-02 1.73515091e-01 0.0
-2.68445328e-02 1.51150031e-01 0.0
-7.69124394e-03 1.31248422e-01 0.0
1.09100665e-02 1.13816684e-01 0.0
2.85479425e-02 9.87001081e-02 0.0
4.50012851e-02 8.56730203e-02 0.0
6.01753103e-02 7.44879085e-02 0.0
7.40564833e-02 6.49014012e-02 0.0
8.66815021e-02 5.66874219e-02 0.0
9.81163874e-02 4.96429810e-02 0.0
1.08442526e-01 4.35899836e-02 0.0
1.17747585e-01 3.83746382e-02 0.0
1.26119657e-01 3.38657633e-02 0.0
1.33643692e-01 2.99523655e-02 0.0
1.40399368e-01 2.65411519e-02 0.0
1.46460026e-01 2.35539174e-02 0.0
1.51892188e-01 2.09252577e-02 0.0
1.56755553e-01 1.86003497e-02 0.0
1.61103181e-01 1.65331762e-02 0.0
1.64981866e-01 1.46848288e-02 0.0
1.68432514e-01 1.30222506e-02 0.0
1.71490583e-01 1.15169898e-02 0.0
1.74186441e-01 1.01443429e-02 0.0
1.76545720e-01 8.88241877e-03 0.0
1.78589562e-01 7.71153156e-03 0.0
1.80334825e-01 6.61342140e-03 0.0
1.81794151e-01 5.57073779e-03 0.0
1.82975968e-01 4.56625076e-03 0.0
1.83884316e-01 3.58223530e-03 0.0
1.84518536e-01 2.59944840e-03 0.0
1.84872709e-01 1.59612629e-03 0.0
1.84934820e-01 5.46350336e-04 0.0
1.84685500e-01 -5.81852964e-04 0.0
1.84096213e-01 -1.82943940e-03 0.0
1.83126674e-01 -3.25005362e-03 0.0
1.81721222e-01 -4.91542293e-03 0.0
1.79803813e-01 -6.92233849e-03 0.0
1.77271234e-01 -9.40225432e-03 0.0
1.73984181e-01 -1.25334763e-02 0.0
1.69755856e-01 -1.65569069e-02 0.0
1.64338185e-01 -2.17951083e-02 0.0
1.57406201e-01 -2.86751725e-02 0.0
1.48542561e-01 -3.77544465e-02 0.0
1.37226121e-01 -4.97484105e-02 0.0
1.22832677e-01 -6.55576797e-02 0.0
1.04662661e-01 -8.62885948e-02 0.0
8.20230094e-02 -1.13251960e-01 0.0
5.44096280e-02 -1.47902090e-01 0.0
2.18628263e-02 -1.91623314e-01 0.0
-1.44179665e-02 -2.45161316e-01 0.0
-5.11728022e-02 -3.07314934e-01 0.0
-8.21448375e-02 -3.72325895e-01 0.0
-9.80693663e-02 -4.25573417e-01 0.0
-8.96715659e-02 -4.38578632e-01 0.0
-5.61218076e-02 -3.68174222e-01 0.0
-1.69248156e-02 -1.69930920e-01 0.0
-1.42071790e-02 1.15343969e-01 0.0
-4.58633387e-02 2.39349850e-01 0.0
-7.32442059e-02 2.84310398e-01 0.0
-8.38371145e-02 2.84346385e-01 0.0
-7.78804917e-02 2.63060434e-01 0.0
-6.00289792e-02 2.33851231e-01 0.0
-3.51560516e-02 2.03498565e-01 0.0
-7.01792690e-03 1.75080088e-01 0.0
2.18639920e-02 1.49765096e-01 0.0
4.99475595e-02 1.27800341e-01 0.0
7.63734021e-02 1.09018996e-01 0.0
1.00726120e-01 9.30920997e-02 0.0
1.22865268e-01 7.96476892e-02 0.0
1.42812910e-01 6.83244765e-02 0.0
1.60681531e-01 5.87938297e-02 0.0
1.76628900e-01 5.07669636e-02 0.0
1.90830542e-01 4.39952262e-02 0.0
2.03463366e-01 3.82674978e-02 0.0
2.14696434e-01 3.34062924e-02 0.0
2.24686106e-01 2.92636329e-02 0.0
2.33573975e-01 2.57168633e-02 0.0
2.41486389e-01 2.26648563e-02 0.0
2.48534977e-01 2.00244364e-02 0.0
2.54817636e-01 1.77273594e-02 0.0
2.60419793e-01 1.57175418e-02 0.0
2.65415679e-01 1.39488621e-02 0.0
2.69869613e-01 1.23831501e-02 0.0
2.73837137e-01 1.09886982e-02 0.0
2.77366067e-01 9.73885629e-03 0.0
2.80497364e-01 8.61107257e-03 0.0
2.83265914e-01 7.58590881e-03 0.0
2.85701120e-01 6.64642673e-03 0.0
2.87827413e-01 5.77744914e-03 0.0
2.89664588e-01 4.96512837e-03 0.0
2.91228056e-01 4.19629929e-03 0.0
2.92528916e-01 3.45807522e-03 0.0
2.93573912e-01 2.73713177e-03 0.0
2.94365166e-01 2.01914342e-03 0.0
2.94899718e-01 1.28777185e-03 0.0
2.95168730e-01 5.23647748e-04 0.0
2.95156292e-01 -2.97325400e-04 0.0
2.94837648e-01 -1.20596960e-03 0.0
2.94176638e-01 -2.24290872e-03 0.0
2.93122049e-01 -3.46246191e-03 0.0
2.91602486e-01 -4.93826270e-03 0.0
2.89519281e-01 -6.77048404e-03 0.0
2.86736844e-01 -9.09569369e-03 0.0
2.83069866e-01 -1.20993278e-02 0.0
2.78266762e-01 -1.60318530e-02 0.0
2.71989065e-01 -2.12286917e-02 0.0
2.63786956e-01 -2.81351230e-02 0.0
2.53072422e-01 -3.73367101e-02 0.0
2.39093828e-01 -4.95972924e-02 0.0
2.20920885e-01 -6.59059788e-02 0.0
1.97459410e-01 -8.75334065e-02 0.0
1.67537586e-01 -1.16085402e-01 0.0
1.30148244e-01 -1.53503823e-01 0.0
8.50025200e-02 -2.01854259e-01 0.0
3.36199466e-02 -2.62484553e-01 0.0
-1.89064544e-02 -3.33657817e-01 0.0
-6.20199326e-02 -4.05203468e-01 0.0
-8.02521384e-02 -4.49114162e-01 0.0
-6.20353277e-02 -4.09405249e-01 0.0
-2.15382376e-02 -2.07510146e-01 0.0
-2.06863585e-02 1.49461990e-01 0.0
-5.77698995e-02 2.73196014e-01 0.0
-7.52942102e-02 2.95369416e-01 0.0
-6.50682369e-02 2.73654307e-01 0.0
-3.52120922e-02 2.37939750e-01 0.0
4.74720149e-03 2.01161115e-01 0.0
4.80020640e-02 1.68060899e-01 0.0
9.05271990e-02 1.39854502e-01 0.0
1.30247422e-01 1.16388551e-01 0.0
1.66275209e-01 9.70655435e-02 0.0
1.98390496e-01 8.12126776e-02 0.0
2.26723039e-01 6.82131715e-02 0.0
2.51568940e-01 5.75415864e-02 0.0
2.73288511e-01 4.87633831e-02 0.0
2.92251358e-01 4.15234758e-02 0.0
3.08808373e-01 3.55329533e-02 0.0
3.23278792e-01 3.05571987e-02 0.0
3.35945641e-01 2.64058769e-02 0.0
3.47055661e-01 2.29248524e-02 0.0
3.56821605e-01 1.99894844e-02 0.0
3.65425549e-01 1.74992291e-02 0.0
3.73022603e-01 1.53730535e-02 0.0
3.79744525e-01 1.35457637e-02 0.0
3.85703105e-01 1.19648268e-02 0.0
3.90993160e-01 1.05879006e-02 0.0
3.95695154e-01 9.38066158e-03 0.0
3.99877404e-01 8.31520726e-03 0.0
4.03597960e-01 7.36860309e-03 0.0
4.06906128e-01 6.52189799e-03 0.0
4.09843751e-01 5.75915473e-03 0.0
4.12446210e-01 5.06686461e-03 0.0
4.14743252e-01 4.43327125e-03 0.0
4.16759598e-01 3.84801566e-03 0.0
4.18515429e-01 3.30160586e-03 0.0
4.20026677e-01 2.78515813e-03 0.0
4.21305196e-01 2.28988842e-03 0.0
4.22358750e-01 1.80682291e-03 0.0
4.23190827e-01 1.32617438e-03 0.0
4.23800214e-01 8.36856675e-04 0.0
4.24180278e-01 3.25540459e-04 0.0
4.24317855e-01 -2.24301700e-04 0.0
4.24191580e-01 -8.34019909e-04 0.0
4.23769479e-01 -1.53169343e-03 0.0
4.23005509e-01 -2.35506543e-03 0.0
4.21834683e-01 -3.35521738e-03 0.0
4.20166248e-01 -4.60183690e-03 0.0
4.17874315e-01 -6.18991973e-03 0.0
4.14785122e-01 -8.24888192e-03 0.0
4.10660087e-01 -1.09541119e-02 0.0
4.05173603e-01 -1.45422058e-02 0.0
3.97884668e-01 -1.93305210e-02 0.0
3.88201421e-01 -2.57434882e-02 0.0
3.75338361e-01 -3.43488215e-02 0.0
3.58267436e-01 -4.59105431e-02 0.0
3.35669084e-01 -6.14689819e-02 0.0
3.05902812e-01 -8.24616984e-02 0.0
2.67054191e-01 -1.10889535e-01 0.0
2.17206557e-01 -1.49475162e-01 0.0
1.55276679e-01 -2.01551177e-01 0.0
8.30266704e-02 -2.69814763e-01 0.0
8.82174194e-03 -3.51728100e-01 0.0
-4.81796262e-02 -4.27355942e-01 0.0
-6.14517846e-02 -4.36108114e-01 0.0
-2.68538833e-02 -2.55012274e-01 0.0
-2.76412790e-02 1.96996428e-01 0.0
-5.96024251e-02 2.93913065e-01 0.0
-4.47029931e-02 2.77277245e-01 0.0
5.14380862e-03 2.31673706e-01 0.0
6.91769163e-02 1.86031103e-01 0.0
1.34420714e-01 1.47866677e-01 0.0
1.94798332e-01 1.17722863e-01 0.0
2.48157932e-01 9.43078108e-02 0.0
2.94239999e-01 7.61329595e-02 0.0
3.33586133e-01 6.19472233e-02 0.0
3.67010642e-01 5.07912123e-02 0.0
3.95362574e-01 4.19501740e-02 0.0
4.19427902e-01 3.48933667e-02 0.0
4.39896336e-01 2.92236124e-02 0.0
4.57356664e-01 2.46400859e-02 0.0
4.72303789e-01 2.09122209e-02 0.0
4.85149860e-01 1.78614575e-02 0.0
4.96236129e-01 1.53485204e-02 0.0
5.05844149e-01 1.32641885e-02 0.0
5.14205757e-01 1.15226188e-02 0.0
5.21511752e-01 1.00561782e-02 0.0
5.27919236e-01 8.81159132e-03 0.0
5.33557790e-01 7.74677646e-03 0.0
5.38534552e-01 6.82849987e-03 0.0
5.42938398e-01 6.03035396e-03 0.0
5.46843313e-01 5.33133098e-03 0.0
5.50311113e-01 4.71451910e-03 0.0
5.53393611e-01 4.16627021e-03 0.0
5.56134355e-01 3.67535288e-03 0.0
5.58569970e-01 3.23249691e-03 0.0
5.60731248e-01 2.82982153e-03 0.0
5.62643956e-01 2.46060282e-03 0.0
5.64329483e-01 2.11884898e-03 0.0
5.65805283e-01 1.79918094e-03 0.0
5.67085196e-01 1.49646196e-03 0.0
5.68179598e-01 1.20570551e-03 0.0
5.69095412e-01 9.21678531e-04 0.0
5.69835948e-01 6.38748163e-04 0.0
5.70400527e-01 3.50359088e-04 0.0
5.70783851e-01 4.86923132e-05 0.0
5.70975007e-01 -2.76143739e-04 0.0
5.70956005e-01 -6.36858030e-04 0.0
5.70699645e-01 -1.05035275e-03 0.0
5.70166495e-01 -1.53924449e-03 0.0
5.69300608e-01 -2.13428430e-03 0.0
5.68023580e-01 -2.87726629e-03 0.0
5.66226314e-01 -3.82525141e-03 0.0
5.63757809e-01 -5.05581445e-03 0.0
5.60409979e-01 -6.67427566e-03 0.0
5.55897379e-01 -8.82292290e-03 0.0
5.49830261e-01 -1.16937160e-02 0.0
5.41678940e-01 -1.55456937e-02 0.0
5.30726431e-01 -2.07310148e-02 0.0
5.16004933e-01 -2.77358986e-02 0.0
4.96209692e-01 -3.72500057e-02 0.0
4.69583242e-01 -5.02879292e-02 0.0
4.33772021e-01 -6.84034379e-02 0.0
3.85705712e-01 -9.40472967e-02 0.0
3.21724375e-01 -1.31067809e-01 0.0
2.38678920e-01 -1.85002653e-01 0.0
1.37756224e-01 -2.61412572e-01 0.0
3.34011433e-02 -3.56315013e-01 0.0
-3.60968923e-02 -4.24378841e-01 0.0
-2.77850912e-02 -3.08756061e-01 0.0
-1.71120966e-02 2.40941965e-01 0.0
1.81148486e-03 2.62197254e-01 0.0
9.11995638e-02 2.04705547e-01 0.0
1.95965304e-01 1.49632863e-01 0.0
2.91075363e-01 1.08928782e-01 0.0
3.70303710e-01 8.04968551e-02 0.0
4.34333969e-01 6.06848128e-02 0.0
4.85666739e-01 4.66534953e-02 0.0
5.26874676e-01 3.64972775e-02 0.0
5.60127080e-01 2.89843733e-02 0.0
5.87138548e-01 2.33180932e-02 0.0
6.09235939e-01 1.89739782e-02 0.0
6.27442292e-01 1.55978913e-02 0.0
6.42549049e-01 1.29439061e-02 0.0
6.55171916e-01 1.08366082e-02 0.0
6.65792609e-01 9.14789242e-03 0.0
6.74789884e-01 7.78245224e-03 0.0
6.82462797e-01 6.66835747e-03 0.0
6.89048328e-01 5.75081647e-03 0.0
6.94734933e-01 4.98779193e-03 0.0
6.99673031e-01 4.34692924e-03 0.0
7.03983189e-01 3.80321537e-03 0.0
7.07762509e-01 3.33729771e-03 0.0
7.11089634e-01 2.93411186e-03 0.0
7.14028629e-01 2.58192116e-03 0.0
7.16632023e-01 2.27147698e-03 0.0
7.18943140e-01 1.99547953e-03 0.0
7.20997920e-01 1.74805324e-03 0.0
7.22826309e-01 1.52446306e-03 0.0
7.24453330e-01 1.32077451e-03 0.0
7.25899903e-01 1.13372034e-03 0.0
7.27183464e-01 9.60460684e-04 0.0
7.28318426e-01 7.98530935e-04 0.0
7.29316506e-01 6.45646151e-04 0.0
7.30186936e-01 4.99682351e-04 0.0
7.30936565e-01 3.58484649e-04 0.0
7.31569837e-01 2.19842035e-04 0.0
7.32088657e-01 8.12593424e-05 0.0
7.32492078e-01 -6.01220119e-05 0.0
7.32775802e-01 -2.07844346e-04 0.0
7.32931411e-01 -3.66341467e-04 0.0
7.32945229e-01 -5.41445968e-04 0.0
7.32796707e-01 -7.40852612e-04 0.0
7.32456118e-01 -9.74975362e-04 0.0
7.31881359e-01 -1.25787905e-03 0.0
7.31013498e-01 -1.60875296e-03 0.0
7.29770677e-01 -2.05364970e-03 0.0
7.28039794e-01 -2.62800033e-03 0.0
7.25665281e-01 -3.37971974e-03 0.0
7.22433979e-01 -4.37355026e-03 0.0
7.18054818e-01 -5.69678653e-03 0.0
7.12131224e-01 -7.46768470e-03 0.0
7.04122909e-01 -9.84817700e-03 0.0
6.93290967e-01 -1.30652754e-02 0.0
6.78614986e-01 -1.74493883e-02 0.0
6.58660671e-01 -2.35077637e-02 0.0
6.31358728e-01 -3.20704236e-02 0.0
5.93631153e-01 -4.45864115e-02 0.0
5.40801836e-01 -6.37180295e-02 0.0
4.65933122e-01 -9.44382515e-02 0.0
3.60340402e-01 -1.45461550e-01 0.0
2.20268248e-01 -2.27838792e-01 0.0
7.06896744e-02 -3.33778449e-01 0.0
-2.18711674e-04 -3.35862980e-01 0.0
1.17721503e-01 1.28823543e-01 0.0
3.39076648e-01 1.13080789e-01 0.0
5.11938484e-01 7.56765723e-02 0.0
6.25961988e-01 4.91097635e-02 0.0
7.00388141e-01 3.26160303e-02 0.0
7.50337746e-01 2.24826159e-02 0.0
7.85108399e-01 1.60930891e-02 0.0
8.10175749e-01 1.19096813e-02 0.0
8.28799636e-01 9.06173727e-03 0.0
8.42982129e-01 7.05288812e-03 0.0
8.54001211e-01 5.59261188e-03 0.0
8.62705327e-01 4.50473050e-03 0.0
8.69678349e-01 3.67802951e-03 0.0
8.75334484e-01 3.03949295e-03 0.0
8.79974818e-01 2.53933247e-03 0.0
8.83822321e-01 2.14257425e-03 0.0
8.87044453e-01 1.82396243e-03 0.0
8.89768321e-01 1.56498954e-03 0.0
8.92091229e-01 1.35183441e-03 0.0
8.94088211e-01 1.17417060e-03 0.0
8.95817540e-01 1.02414372e-03 0.0
8.97324798e-01 8.95853800e-04 0.0
8.98645933e-01 7.84745811e-04 0.0
8.99809531e-01 6.87401317e-04 0.0
9.00838537e-01 6.01121107e-04 0.0
9.01751535e-01 5.23885976e-04 0.0
9.02563712e-01 4.54037879e-04 0.0
9.03287576e-01 3.90343406e-04 0.0
9.03933495e-01 3.31724937e-04 0.0
9.04510093e-01 2.77388647e-04 0.0
9.05024553e-01 2.26577234e-04 0.0
9.05482827e-01 1.78738330e-04 0.0
9.05889801e-01 1.33281812e-04 0.0
9.06249392e-01 8.97725587e-05 0.0
9.06564611e-01 4.76820657e-05 0.0
9.06837570e-01 6.59335933e-06 0.0
9.07069457e-01 -3.40606430e-05 0.0
9.07260434e-01 -7.47923458e-05 0.0
9.07409482e-01 -1.16343265e-04 0.0
9.07514145e-01 -1.59495989e-04 0.0
9.07570159e-01 -2.05395078e-04 0.0
9.07570910e-01 -2.55401940e-04 0.0
9.07506674e-01 -3.11479858e-04 0.0
9.07363559e-01 -3.76134108e-04 0.0
9.07122035e-01 -4.52907570e-04 0.0
9.06754932e-01 -5.46472495e-04 0.0
9.06224710e-01 -6.63311945e-04 0.0
9.05479804e-01 -8.12066680e-04 0.0
9.04449703e-01 -1.00453081e-03 0.0
9.03038414e-01 -1.25644861e-03 0.0
9.01115678e-01 -1.58913403e-03 0.0
8.98505047e-01 -2.03130060e-03 0.0
8.94967135e-01 -2.62246726e-03 0.0
8.90174878e-01 -3.41828456e-03 0.0
8.83674211e-01 -4.50105213e-03 0.0
8.74816123e-01 -6.00036387e-03 0.0
8.62628634e-01 -8.13775377e-03 0.0
8.45555536e-01 -1.13268745e-02 0.0
8.20884685e-01 -1.64106841e-02 0.0
7.83432028e-01 -2.52330981e-02 0.0
7.22520411e-01 -4.19204397e-02 0.0
6.16111635e-01 -7.46936542e-02 0.0
4.27450050e-01 -1.31325678e-01 0.0
1.53533738e-01 -1.67816744e-01 0.0
SCALARS velocity_magnitude double 1
LOOKUP_TABLE default
3.29307516e-04
5.18108805e-04
5.59080675e-04
7.00435221e-04
9.08818962e-04
1.15949439e-03
1.43911608e-03
1.73834793e-03
2.04935499e-03
2.36566261e-03
2.68228060e-03
2.99555985e-03
3.30290323e-03
3.60245868e-03
3.89287773e-03
4.17312982e-03
4.44238160e-03
4.69991022e-03
4.94505768e-03
5.17719830e-03
5.39572997e-03
5.60006489e-03
5.78963423e-03
5.96388607e-03
6.12229295e-03
6.26435104e-03
6.38958729e-03
6.49755854e-03
6.58785770e-03
6.66011303e-03
6.71399338e-03
6.74920797e-03
6.76551086e-03
6.76270148e-03
6.74062822e-03
6.69918995e-03
6.63833849e-03
6.55808115e-03
6.45848189e-03
6.33966479e-03
6.20181354e-03
6.04517582e-03
5.87006115e-03
5.67684664e-03
5.46597423e-03
5.23796053e-03
4.99339803e-03
4.73297688e-03
4.45750220e-03
4.16794541e-03
3.86550097e-03
3.55169668e-03
3.22852453e-03
2.89865062e-03
2.56566376e-03
2.23441103e-03
1.91130156e-03
1.60450459e-03
1.32390253e-03
1.08149145e-03
8.94304992e-04
7.90832774e-04
7.99584399e-04
5.15261073e-04
5.12547904e-04
7.42190353e-04
9.24110788e-04
1.32583768e-03
1.87436055e-03
2.52073350e-03
3.23614099e-03
3.99903062e-03
4.79137695e-03
5.59816823e-03
6.40741153e-03
7.20990037e-03
7.99872940e-03
8.76875417e-03
9.51609018e-03
1.02377215e-02
1.09311972e-02
1.15944306e-02
1.22255558e-02
1.28228521e-02
1.33846899e-02
1.39095171e-02
1.43958430e-02
1.48422467e-02
1.52473735e-02
1.56099484e-02
1.59287746e-02
1.62027473e-02
1.64308522e-02
1.66121782e-02
1.67459162e-02
1.68313706e-02
1.68679587e-02
1.68552217e-02
1.67928244e-02
1.66805654e-02
1.65183781e-02
1.63063389e-02
1.60446694e-02
1.57337427e-02
1.53740864e-02
1.49663871e-02
1.45114947e-02
1.40104268e-02
1.34643792e-02
1.28747375e-02
1.22431055e-02
1.15713449e-02
1.08616510e-02
1.01166588e-02
9.33961662e-03
8.53461506e-03
7.70691684e-03
6.86336093e-03
6.01287499e-03
5.16701342e-03
4.34045899e-03
3.55129427e-03
2.82118791e-03
2.17655158e-03
1.65380337e-03
1.30865024e-03
1.17900525e-03
7.99167710e-04
4.40770966e-04
7.39386554e-04
1.16840206e-03
1.85627326e-03
2.69668866e-03
3.65494740e-03
4.70487547e-03
5.82096889e-03
6.97998134e-03
8.16186600e-03
9.35002172e-03
1.05311348e-02
1.16947720e-02
1.28328342e-02
1.39390124e-02
1.50082942e-02
1.60365809e-02
1.70203890e-02
1.79566554e-02
1.88425967e-02
1.96756373e-02
2.04533555e-02
2.11734707e-02
2.18338257e-02
2.24323955e-02
2.29672818e-02
2.34367282e-02
2.38391164e-02
2.41729832e-02
2.44370172e-02
2.46300751e-02
2.47511795e-02
2.47995342e-02
2.47745229e-02
2.46757244e-02
2.45029115e-02
2.42560656e-02
2.39353768e-02
2.35412567e-02
2.30743399e-02
2.25354951e-02
2.19258286e-02
2.12466953e-02
2.04997085e-02
1.96867571e-02
1.88100337e-02
1.78720768e-02
1.68758440e-02
1.58248185e-02
1.47231748e-02
1.35760056e-02
1.23896361e-02
1.11720121e-02
9.93316974e-03
8.68572308e-03
7.44531992e-03
6.23092071e-03
5.06483894e-03
3.97253357e-03
2.98263298e-03
2.12988486e-03
1.47433890e-03
1.12736908e-03
6.87086282e-04
3.68001757e-04
8.72146016e-04
1.64365206e-03
2.62020201e-03
3.71859958e-03
4.92923847e-03
6.23715981e-03
7.61984236e-03
9.05370084e-03
1.05170746e-02
1.19910940e-02
1.34598617e-02
1.49103126e-02
1.63318804e-02
1.77160428e-02
1.90558715e-02
2.03456166e-02
2.15803912e-02
2.27559186e-02
2.38683740e-02
2.49142619e-02
2.58903588e-02
2.67936611e-02
2.76213765e-02
2.83709017e-02
2.90398335e-02
2.96259567e-02
3.01272618e-02
3.05419363e-02
3.08683844e-02
3.11052200e-02
3.12512867e-02
3.13056526e-02
3.12676293e-02
3.11367690e-02
3.09128833e-02
3.05960411e-02
3.01865869e-02
2.96851410e-02
2.90926161e-02
2.84102210e-02
2.76394771e-02
2.67822283e-02
2.58406632e-02
2.48173402e-02
2.37152306e-02
2.25377807e-02
2.12890057e-02
1.99736290e-02
1.85972727e-02
1.71667200e-02
1.56902365e-02
1.41779548e-02
1.26422622e-02
1.10981441e-02
9.56336230e-03
8.05842029e-03
6.60625340e-03
5.23150769e-03
3.95871289e-03
2.81046525e-03
1.82397506e-03
1.14174729e-03
5.79914029e-04
3.38593834e-04
1.20383613e-03
2.33301180e-03
3.59794286e-03
4.94113463e-03
6.37028281e-03
7.88389296e-03
9.46786277e-03
1.11033017e-02
1.27707907e-02
1.44519762e-02
1.61302761e-02
1.77912361e-02
1.94225681e-02
2.10139723e-02
2.25568195e-02
2.40438266e-02
2.54687426e-02
2.68261148e-02
2.81110901e-02
2.93192968e-02
3.04467411e-02
3.14897638e-02
3.24449897e-02
3.33093228e-02
3.40799188e-02
3.47541972e-02
3.53298238e-02
3.58047290e-02
3.61770951e-02
3.64453775e-02
3.66082944e-02
3.66648492e-02
3.66143230e-02
3.64562971e-02
3.61906483e-02
3.58175711e-02
3.53375759e-02
3.47515114e-02
3.40605662e-02
3.32662918e-02
3.23706115e-02
3.13758478e-02
3.02847444e-02
2.91005099e-02
2.78268691e-02
2.64681440e-02
2.50293634e-02
2.35164141e-02
2.19362416e-02
2.02970941e-02
1.86088074e-02
1.68830825e-02
1.51337078e-02
1.33766121e-02
1.16296861e-02
9.91233698e-03
8.24486041e-03
6.64729363e-03
5.13644364e-03
3.72141726e-03
2.41620503e-03
1.33874071e-03
4.98338916e-04
4.36638089e-04
1.71030921e-03
3.18766541e-03
4.73667913e-03
6.31287164e-03
7.93477131e-03
9.61375087e-03
1.13468766e-02
1.31235394e-02
1.49298448e-02
1.67505814e-02
1.85704469e-02
2.03749550e-02
2.21510011e-02
2.38870545e-02
2.55731226e-02
2.72005604e-02
2.87618644e-02
3.02504489e-02
3.16604831e-02
3.29867369e-02
3.42244947e-02
3.53694659e-02
3.64177529e-02
3.73657998e-02
3.82103906e-02
3.89486171e-02
3.95778914e-02
4.00959237e-02
4.05007416e-02
4.07906733e-02
4.09643703e-02
4.10207949e-02
4.09592447e-02
4.07793436e-02
4.04810676e-02
4.00647397e-02
3.95310568e-02
3.88810888e-02
3.81163079e-02
3.72385943e-02
3.62502699e-02
3.51541169e-02
3.39534231e-02
3.26520245e-02
3.12543773e-02
2.97656435e-02
2.81918104e-02
2.65398390e-02
2.48178404e-02
2.30352712e-02
2.12031101e-02
1.93339692e-02
1.74420422e-02
1.55428038e-02
1.36523910e-02
1.17867748e-02
9.96087078e-03
8.18726422e-03
6.47292432e-03
4.81437825e-03
3.20952079e-03
1.74688699e-03
5.07857565e-04
6.55286955e-04
2.35156083e-03
4.17986625e-03
6.01096955e-03
7.80970305e-03
9.60338340e-03
1.14157052e-02
1.32562099e-02
1.51248626e-02
1.70157612e-02
1.89190755e-02
2.08225871e-02
2.27131390e-02
2.45777433e-02
2.64042691e-02
2.81817349e-02
2.99003776e-02
3.15515606e-02
3.31276564e-02
3.46218864e-02
3.60282104e-02
3.73412009e-02
3.85559800e-02
3.96681377e-02
4.06737083e-02
4.15691170e-02
4.23511811e-02
4.30170733e-02
4.35643356e-02
4.39908527e-02
4.42948732e-02
4.44749888e-02
4.45301606e-02
4.44597034e-02
4.42633142e-02
4.39410623e-02
4.34934200e-02
4.29212583e-02
4.22258802e-02
4.14090247e-02
4.04729041e-02
3.94202204e-02
3.82542124e-02
3.69786921e-02
3.55981113e-02
3.41176308e-02
3.25432187e-02
3.08817607e-02
2.91411893e-02
2.73306120e-02
2.54604105e-02
2.35422651e-02
2.15890198e-02
1.96143022e-02
1.76317947e-02
1.56541823e-02
1.36919702e-02
1.17524898e-02
9.83873555e-03
7.94639567e-03
6.05980368e-03
4.16463701e-03
2.32849972e-03
6.53610615e-04
9.40739528e-04
3.09396017e-03
5.28909671e-03
7.40758293e-03
9.42453909e-03
1.13764206e-02
1.32993458e-02
1.52161705e-02
1.71389516e-02
1.90716284e-02
2.10115888e-02
2.29513299e-02
2.48803125e-02
2.67866337e-02
2.86582140e-02
3.04835320e-02
3.22519663e-02
3.39539292e-02
3.55808334e-02
3.71250294e-02
3.85796844e-02
3.99387037e-02
4.11966222e-02
4.23485569e-02
4.33901286e-02
4.43174446e-02
4.51270438e-02
4.58159002e-02
4.63813831e-02
4.68212727e-02
4.71337305e-02
4.73173228e-02
4.73709982e-02
4.72941166e-02
4.70864333e-02
4.67481318e-02
4.62798154e-02
4.56825435e-02
4.49578318e-02
4.41076941e-02
4.31346544e-02
4.20417970e-02
4.08327973e-02
3.95119870e-02
3.80844102e-02
3.65559114e-02
3.49332195e-02
3.32240500e-02
3.14371891e-02
2.95825464e-02
2.76711224e-02
2.57148223e-02
2.37260295e-02
2.17168293e-02
1.96978397e-02
1.76767294e-02
1.56567858e-02
1.36359412e-02
1.16059538e-02
9.55007995e-03
7.44029310e-03
5.25122369e-03
3.03430032e-03
8.98387676e-04
1.26370712e-03
3.91221295e-03
6.49634739e-03
8.91408157e-03
1.11521397e-02
1.32569460e-02
1.52773867e-02
1.72502028e-02
1.92005515e-02
2.11435421e-02
2.30852560e-02
2.50243054e-02
2.69539875e-02
2.88644226e-02
3.07442904e-02
3.25819974e-02
3.43663988e-02
3.60871437e-02
3.77348315e-02
3.93010012e-02
4.07780973e-02
4.21593672e-02
4.34388023e-02
4.46110386e-02
4.56713202e-02
4.66154224e-02
4.74396407e-02
4.81407341e-02
4.87159319e-02
4.91628916e-02
4.94797178e-02
4.96649303e-02
4.97174916e-02
4.96367836e-02
4.94226412e-02
4.90753374e-02
4.85956224e-02
4.79847187e-02
4.72443658e-02
4.63768276e-02
4.53849454e-02
4.42721626e-02
4.30425900e-02
4.17010531e-02
4.02531734e-02
3.87054376e-02
3.70652848e-02
3.53411671e-02
3.35425814e-02
3.16800115e-02
2.97647268e-02
2.78083458e-02
2.58220622e-02
2.38154536e-02
2.17948591e-02
1.97615376e-02
1.77100825e-02
1.56276286e-02
1.34935189e-02
1.12778283e-02
8.93999637e-03
6.44402934e-03
3.82748191e-03
1.19737613e-03
1.61069566e-03
4.78849157e-03
7.78505719e-03
1.05176610e-02
1.29852164e-02
1.52446811e-02
1.73579408e-02
1.93759287e-02
2.13374789e-02
2.32697529e-02
2.51886030e-02
2.70999113e-02
2.90018681e-02
3.08875277e-02
3.27470151e-02
3.45691929e-02
3.63427357e-02
3.80567912e-02
3.97012866e-02
4.12670755e-02
4.27459246e-02
4.41304913e-02
4.54142270e-02
4.65913319e-02
4.76566594e-02
4.86056896e-02
4.94344532e-02
5.01395265e-02
5.07179738e-02
5.11673590e-02
5.14857023e-02
5.16715030e-02
5.17237079e-02
5.16417431e-02
5.14254923e-02
5.10753361e-02
5.05921410e-02
4.99773057e-02
4.92327635e-02
4.83610364e-02
4.73652541e-02
4.62492195e-02
4.50174479e-02
4.36752461e-02
4.22287698e-02
4.06851057e-02
3.90523206e-02
3.73394908e-02
3.55566430e-02
3.37145691e-02
3.18244177e-02
2.98969700e-02
2.79414960e-02
2.59641314e-02
2.39658469e-02
2.19403193e-02
1.98723280e-02
1.77372552e-02
1.55013594e-02
1.31212283e-02
1.05438845e-02
7.72315769e-03
4.68433921e-03
1.52742950e-03
1.97491201e-03
5.71091015e-03
9.14241491e-03
1.22070158e-02
1.49158705e-02
1.73367069e-02
1.95444728e-02
2.16043673e-02
2.35691553e-02
2.54785343e-02
2.73588499e-02
2.92240996e-02
3.10782523e-02
3.29180809e-02
3.47358341e-02
3.65213310e-02
3.82634667e-02
3.99511416e-02
4.15738234e-02
4.31217880e-02
4.45862386e-02
4.59592766e-02
4.72338819e-02
4.84038177e-02
4.94635950e-02
5.04083806e-02
5.12339786e-02
5.19367563e-02
5.25136457e-02
5.29620863e-02
5.32800421e-02
5.34659584e-02
5.35187909e-02
5.34379748e-02
5.32234631e-02
5.28757081e-02
5.23957083e-02
5.17850037e-02
5.10457310e-02
5.01806356e-02
4.91931373e-02
4.80873615e-02
4.68682168e-02
4.55414438e-02
4.41136955e-02
4.25925812e-02
4.09867032e-02
3.93056116e-02
3.75596557e-02
3.57596330e-02
3.39161542e-02
3.20386061e-02
3.01336252e-02
2.82030680e-02
2.62416215e-02
2.42344942e-02
2.21558948e-02
1.99689277e-02
1.76265106e-02
1.50717987e-02
1.22397353e-02
9.07453521e-03
5.59052445e-03
1.87785827e-03
2.35278742e-03
6.67206416e-03
1.05596146e-02
1.39736532e-02
1.69374271e-02
1.95295004e-02
2.18378430e-02
2.39418701e-02
2.59083111e-02
2.77896109e-02
2.96230061e-02
3.14311904e-02
3.32245586e-02
3.50042706e-02
3.67652712e-02
3.84988410e-02
4.01944593e-02
4.18410893e-02
4.34279279e-02
4.49448517e-02
4.63825830e-02
4.77327735e-02
4.89879570e-02
5.01415296e-02
5.11876550e-02
5.21212381e-02
5.29378355e-02
5.36336467e-02
5.42054417e-02
5.46505699e-02
5.49669046e-02
5.51528662e-02
5.52073816e-02
5.51299195e-02
5.49204629e-02
5.45795551e-02
5.41082868e-02
5.35083513e-02
5.27820489e-02
5.19323517e-02
5.09629269e-02
4.98782130e-02
4.86834601e-02
4.73848102e-02
4.59893386e-02
4.45051006e-02
4.29411055e-02
4.13072145e-02
3.96138620e-02
3.78715351e-02
3.60898854e-02
3.42763718e-02
3.24343630e-02
3.05607309e-02
2.86431807e-02
2.66578421e-02
2.45679236e-02
2.23240371e-02
1.98657767e-02
1.71230940e-02
1.40192703e-02
1.04894391e-02
6.53799369e-03
2.24366748e-03
2.74259355e-03
7.66788786e-03
1.20314672e-02
1.58122395e-02
1.90453900e-02
2.18203516e-02
2.42380775e-02
2.63921142e-02
2.83631027e-02
3.02162653e-02
3.19999186e-02
3.37457788e-02
3.54711274e-02
3.71819947e-02
3.88765211e-02
4.05478603e-02
4.21864541e-02
4.37815905e-02
4.53224405e-02
4.67986219e-02
4.82005293e-02
4.95194275e-02
5.07475048e-02
5.18778079e-02
5.29042249e-02
5.38213901e-02
5.46246678e-02
5.53100660e-02
5.58742373e-02
5.63144085e-02
5.66283991e-02
5.68145669e-02
5.68718403e-02
5.67996805e-02
5.65981243e-02
5.62677630e-02
5.58097957e-02
5.52260246e-02
5.45189199e-02
5.36916330e-02
5.27480716e-02
5.16929318e-02
5.05317780e-02
4.92710806e-02
4.79182736e-02
4.64817465e-02
4.49707882e-02
4.33953823e-02
4.17658101e-02
4.00919310e-02
3.83820411e-02
3.66411964e-02
3.48689614e-02
3.30566785e-02
3.11845728e-02
2.92193243e-02
2.71129332e-02
2.48034926e-02
2.22173966e-02
1.92716532e-02
1.58782367e-02
1.19636190e-02
7.52299915e-03
2.62275828e-03
3.14376388e-03
8.69679618e-03
1.35557882e-02
1.77203944e-02
2.12376864e-02
2.42080624e-02
2.67454853e-02
2.89576005e-02
3.09388954e-02
3.27673400e-02
3.45023710e-02
3.61849017e-02
3.78393628e-02
3.94770153e-02
4.10995474e-02
4.27023584e-02
4.42771438e-02
4.58138042e-02
4.73016731e-02
4.87303073e-02
5.00898772e-02
5.13713964e-02
5.25667536e-02
5.36687432e-02
5.46709875e-02
5.55679239e-02
5.63547117e-02
5.70272260e-02
5.75819753e-02
5.80161116e-02
5.83273652e-02
5.85140703e-02
5.85751160e-02
5.85099864e-02
5.83187278e-02
5.80020008e-02
5.75610656e-02
5.69978443e-02
5.63149257e-02
5.55156378e-02
5.46040710e-02
5.35851573e-02
5.24647036e-02
5.12494574e-02
4.99471125e-02
4.85662931e-02
4.71164158e-02
4.56074087e-02
4.40491610e-02
4.24506132e-02
4.08183543e-02
3.91546365e-02
3.74548012e-02
3.57042579e-02
3.38754279e-02
3.19253258e-02
2.97946668e-02
2.74090554e-02
2.46818052e-02
2.15171572e-02
1.78160032e-02
1.34963954e-02
8.54481766e-03
3.01465066e-03
3.55651492e-03
9.75903612e-03
1.51327821e-02
1.96982685e-02
2.35145450e-02
2.66931797e-02
2.93612870e-02
3.16406674e-02
3.36396544e-02
3.54489256e-02
3.71390352e-02
3.87601427e-02
4.03439860e-02
4.19072595e-02
4.34554776e-02
4.49865353e-02
4.64936620e-02
4.79675752e-02
4.93979948e-02
5.07745511e-02
5.20873563e-02
5.33272473e-02
5.44859367e-02
5.55559980e-02
5.65308822e-02
5.74048326e-02
5.81728783e-02
5.88307446e-02
5.93748565e-02
5.98022619e-02
6.01106512e-02
6.02982965e-02
6.03640870e-02
6.03074854e-02
6.01285763e-02
5.98280410e-02
5.94072175e-02
5.88680944e-02
5.82133821e-02
5.74465255e-02
5.65717825e-02
5.55942506e-02
5.45199388e-02
5.33557821e-02
5.21096570e-02
5.07902980e-02
4.94071168e-02
4.79698045e-02
4.64876466e-02
4.49684077e-02
4.34166753e-02
4.18315838e-02
4.02039336e-02
3.85129278e-02
3.67229697e-02
3.47812913e-02
3.26172751e-02
3.01440483e-02
2.72618677e-02
2.38622480e-02
1.98350394e-02
1.50899312e-02
9.60492525e-03
3.41990830e-03
3.98159325e-03
1.08562021e-02
1.67645068e-02
2.17480896e-02
2.58782196e-02
2.92779771e-02
3.20879011e-02
3.44441319e-02
3.64689303e-02
3.82657013e-02
3.99160939e-02
4.14795313e-02
4.29951058e-02
4.44850820e-02
4.59589486e-02
4.74173111e-02
4.88551067e-02
5.02640857e-02
5.16344965e-02
5.29562250e-02
5.42194195e-02
5.54148854e-02
5.65342110e-02
5.75698643e-02
5.85151441e-02
5.93641918e-02
6.01119021e-02
6.07539257e-02
6.12865829e-02
6.17068787e-02
6.20124303e-02
6.22014974e-02
6.22729273e-02
6.22261988e-02
6.20613862e-02
6.17792161e-02
6.13810502e-02
6.08689535e-02
6.02456972e-02
5.95148354e-02
5.86807236e-02
5.77485948e-02
5.67245772e-02
5.56157336e-02
5.44300180e-02
5.31761753e-02
5.18634720e-02
5.05012091e-02
4.90978808e-02
4.76598637e-02
4.61895157e-02
4.46826127e-02
4.31251969e-02
4.14900718e-02
3.97334917e-02
3.77928092e-02
3.55860124e-02
3.30136671e-02
2.99628655e-02
2.63122480e-02
2.19404671e-02
1.67486973e-02
1.07064876e-02
3.83979113e-03
4.42012589e-03
1.19908949e-02
1.84544584e-02
2.38737577e-02
2.83326770e-02
3.19662984e-02
3.49290146e-02
3.73716191e-02
3.94305012e-02
4.12218717e-02
4.28384969e-02
4.43490442e-02
4.57999860e-02
4.72191913e-02
4.86202371e-02
5.00065421e-02
5.13749205e-02
5.27182745e-02
5.40275559e-02
5.52930039e-02
5.65049593e-02
5.76542610e-02
5.87325052e-02
5.97320880e-02
6.06462658e-02
6.14690862e-02
6.21954002e-02
6.28207722e-02
6.33414928e-02
6.37544974e-02
6.40573911e-02
6.42483830e-02
6.43263261e-02
6.42906690e-02
6.41415094e-02
6.38795651e-02
6.35062397e-02
6.30236140e-02
6.24345202e-02
6.17425527e-02
6.09521442e-02
6.00685841e-02
5.90980740e-02
5.80477112e-02
5.69254509e-02
5.57399355e-02
5.45001732e-02
5.32149358e-02
5.18917747e-02
5.05355165e-02
4.91461153e-02
4.77158295e-02
4.62257885e-02
4.46422818e-02
4.29133070e-02
4.09662475e-02
3.87075593e-02
3.60250540e-02
3.27923673e-02
2.88749119e-02
2.41397458e-02
1.84791640e-02
1.18540840e-02
4.27613151e-03
4.87352564e-03
1.31665051e-02
2.02072786e-02
2.60805266e-02
3.08833009e-02
3.47633473e-02
3.78895025e-02
4.04276818e-02
4.25287086e-02
4.43217736e-02
4.59108069e-02
4.73737297e-02
4.87643643e-02
5.01162082e-02
5.14469443e-02
5.27629003e-02
5.40628361e-02
5.53409469e-02
5.65889695e-02
5.77976475e-02
5.89575821e-02
6.00597862e-02
6.10959080e-02
6.20583952e-02
6.29404813e-02
6.37362258e-02
6.44404339e-02
6.50486724e-02
6.55571833e-02
6.59629057e-02
6.62633999e-02
6.64568836e-02
6.65421718e-02
6.65187268e-02
6.63866175e-02
6.61465808e-02
6.58000022e-02
6.53489872e-02
6.47963616e-02
6.41457483e-02
6.34015810e-02
6.25691708e-02
6.16547062e-02
6.06652592e-02
5.96086887e-02
5.84934478e-02
5.73281775e-02
5.61210096e-02
5.48784366e-02
5.36036122e-02
5.22939793e-02
5.09381694e-02
4.95123231e-02
4.79761322e-02
4.62692679e-02
4.43090130e-02
4.19900911e-02
3.91872107e-02
3.57600716e-02
3.15602429e-02
2.64425227e-02
2.02896877e-02
1.30536381e-02
4.73127207e-03
5.34346330e-03
1.43871088e-02
2.20285814e-02
2.83747716e-02
3.35366372e-02
3.76754468e-02
4.09752676e-02
4.36177510e-02
4.57685886e-02
4.75701854e-02
4.91377441e-02
5.05584341e-02
5.18934157e-02
5.31817693e-02
5.44453055e-02
5.56932656e-02
5.69264430e-02
5.81403734e-02
5.93277066e-02
6.04797488e-02
6.15875000e-02
6.26421955e-02
6.36356666e-02
6.45604411e-02
6.54098472e-02
6.61779638e-02
6.68596519e-02
6.74504701e-02
6.79466972e-02
6.83452496e-02
6.86437138e-02
6.88402763e-02
6.89337699e-02
6.89236207e-02
6.88099068e-02
6.85933263e-02
6.82752654e-02
6.78577882e-02
6.73437118e-02
6.67366134e-02
6.60409024e-02
6.52618288e-02
6.44055196e-02
6.34789314e-02
6.24897559e-02
6.14461632e-02
6.03563398e-02
5.92276873e-02
5.80655493e-02
5.68713354e-02
5.56399064e-02
5.43562331e-02
5.29914262e-02
5.14985643e-02
4.98089191e-02
4.78295432e-02
4.54431299e-02
4.25108086e-02
3.88776216e-02
3.43803915e-02
2.88606241e-02
2.21906000e-02
1.43125257e-02
5.20814903e-03
5.83187771e-03
1.56574603e-02
2.39248775e-02
3.07638299e-02
3.63001608e-02
4.07097852e-02
4.41930031e-02
4.69479907e-02
4.91558326e-02
5.09724602e-02
5.25244620e-02
5.39082818e-02
5.51923586e-02
5.64213279e-02
5.76210744e-02
5.88037819e-02
5.99722791e-02
6.11235343e-02
6.22511476e-02
6.33471139e-02
6.44028764e-02
6.54100258e-02
6.63606103e-02
6.72473642e-02
6.80637256e-02
6.88039058e-02
6.94628186e-02
7.00361118e-02
7.05200814e-02
7.09117036e-02
7.12085564e-02
7.14088622e-02
7.15114252e-02
7.15156849e-02
7.14216732e-02
7.12300788e-02
7.09422247e-02
7.05601416e-02
7.00865651e-02
6.95250112e-02
6.88797844e-02
6.81560339e-02
6.73597375e-02
6.64976749e-02
6.55772811e-02
6.46063663e-02
6.35925815e-02
6.25425215e-02
6.14603258e-02
6.03456088e-02
5.91906434e-02
5.79767360e-02
5.66700113e-02
5.52169448e-02
5.35404022e-02
5.15370527e-02
4.90772352e-02
4.60078656e-02
4.21583838e-02
3.73495765e-02
3.14081705e-02
2.41944551e-02
1.56398596e-02
5.71041805e-03
6.34104809e-03
1.69830778e-02
2.59035782e-02
3.32558721e-02
3.91820371e-02
4.38741077e-02
4.75498980e-02
5.04250504e-02
5.26966620e-02
5.45345080e-02
5.60766974e-02
5.74289294e-02
5.86668805e-02
5.98406505e-02
6.09801760e-02
6.21005388e-02
6.32066539e-02
6.42969319e-02
6.53660298e-02
6.64066665e-02
6.74108583e-02
6.83705866e-02
6.92782482e-02
7.01268052e-02
7.09099284e-02
7.16219648e-02
7.22579901e-02
7.28137273e-02
7.32855837e-02
7.36705658e-02
7.39663218e-02
7.41710679e-02
7.42836406e-02
7.43034408e-02
7.42304952e-02
7.40654218e-02
7.38094997e-02
7.34646557e-02
7.30335392e-02
7.25195256e-02
7.19267835e-02
7.12602744e-02
7.05257712e-02
6.97297861e-02
6.88794228e-02
6.79820469e-02
6.70446956e-02
6.60730975e-02
6.50701337e-02
6.40336201e-02
6.29532482e-02
6.18067382e-02
6.05553052e-02
5.91389397e-02
5.74721329e-02
5.54411036e-02
5.29034816e-02
4.96912679e-02
4.56170823e-02
4.04839671e-02
3.41017265e-02
2.63164293e-02
1.70469438e-02
6.24272719e-03
6.87371757e-03
1.83704164e-02
2.79730339e-02
3.58597443e-02
4.21907910e-02
4.71763144e-02
5.10532340e-02
5.40557567e-02
5.63976175e-02
5.82627400e-02
5.98008122e-02
6.11267606e-02
6.23233902e-02
6.34462041e-02
6.45291078e-02
6.55900943e-02
6.66361484e-02
6.76672090e-02
6.86790153e-02
6.96651347e-02
7.06181929e-02
7.15306973e-02
7.23954200e-02
7.32056813e-02
7.39553943e-02
7.46391609e-02
7.52522100e-02
7.57904450e-02
7.62503597e-02
7.66290808e-02
7.69242887e-02
7.71342663e-02
7.72578336e-02
7.72944062e-02
7.72439478e-02
7.71070372e-02
7.68848421e-02
7.65791924e-02
7.61925741e-02
7.57282015e-02
7.51900209e-02
7.45827569e-02
7.39118842e-02
7.31835720e-02
7.24044990e-02
7.15814976e-02
7.07209129e-02
6.98275311e-02
6.89029461e-02
6.79431567e-02
6.69353406e-02
6.58537214e-02
6.46547926e-02
6.32722365e-02
6.16123648e-02
5.95509649e-02
5.69327323e-02
5.35740058e-02
4.92691919e-02
4.38013506e-02
3.69603914e-02
2.85747826e-02
1.85479089e-02
6.81106940e-03
7.43331488e-03
1.98271253e-02
3.01425474e-02
3.85846599e-02
4.53347867e-02
5.06238640e-02
5.47098686e-02
5.78467214e-02
6.02653549e-02
6.21639926e-02
6.37038782e-02
6.50090292e-02
6.61692776e-02
6.72454131e-02
6.82752928e-02
6.92797870e-02
7.02680231e-02
7.12414904e-02
7.21971350e-02
7.31294134e-02
7.40317016e-02
7.48970666e-02
7.57187944e-02
7.64905798e-02
7.72067060e-02
7.78620267e-02
7.84520387e-02
7.89728057e-02
7.94210080e-02
7.97938588e-02
8.00891545e-02
8.03051994e-02
8.04408633e-02
8.04955215e-02
8.04691193e-02
8.03621327e-02
8.01756381e-02
7.99112951e-02
7.95714181e-02
7.91589762e-02
7.86776533e-02
7.81318422e-02
7.75266462e-02
7.68677888e-02
7.61614237e-02
7.54137483e-02
7.46303082e-02
7.38148746e-02
7.29676823e-02
7.20829239e-02
7.11453005e-02
7.01257081e-02
6.89761335e-02
6.76242985e-02
6.59686591e-02
6.38748602e-02
6.11746215e-02
5.76680594e-02
5.31298559e-02
4.73203866e-02
4.00055871e-02
3.09912924e-02
2.01605070e-02
7.42334480e-03
8.02429962e-03
2.13623657e-02
3.24222096e-02
4.14395507e-02
4.86213210e-02
5.42229026e-02
5.85255532e-02
6.18039480e-02
6.43064803e-02
6.62455877e-02
6.77938317e-02
6.90841290e-02
7.02131676e-02
7.12469774e-02
7.22273290e-02
7.31780470e-02
7.41104389e-02
7.50276836e-02
7.59279914e-02
7.68068638e-02
7.76584741e-02
7.84765991e-02
7.92550638e-02
7.99880745e-02
8.06702876e-02
8.12969315e-02
8.18637550e-02
8.23670911e-02
8.28037763e-02
8.31712041e-02
8.34672450e-02
8.36903028e-02
8.38392451e-02
8.39134654e-02
8.39128308e-02
8.38377490e-02
8.36891365e-02
8.34684886e-02
8.31778686e-02
8.28199734e-02
8.23981319e-02
8.19163395e-02
8.13792208e-02
8.07919486e-02
8.01600307e-02
7.94888943e-02
7.87831663e-02
7.80454671e-02
7.72745999e-02
7.64628864e-02
7.55926163e-02
7.46314834e-02
7.35272930e-02
7.22022257e-02
7.05474837e-02
6.84191320e-02
6.56363332e-02
6.19827736e-02
5.72121375e-02
5.10590503e-02
4.32602012e-02
3.35913614e-02
2.19070259e-02
8.09011264e-03
8.65273525e-03
2.29870958e-02
3.48222681e-02
4.44317152e-02
5.20551069e-02
5.79770057e-02
6.25041672e-02
6.59325233e-02
6.85276365e-02
7.05156171e-02
7.20799045e-02
7.33620031e-02
7.44653542e-02
7.54611959e-02
7.63953231e-02
7.72946017e-02
7.81727042e-02
7.90346010e-02
7.98799564e-02
8.07053922e-02
8.15060495e-02
8.22764553e-02
8.30111226e-02
8.37047796e-02
8.43525865e-02
8.49501346e-02
8.54935409e-02
8.59793796e-02
8.64047457e-02
8.67671739e-02
8.70646969e-02
8.72957690e-02
8.74593272e-02
8.75547270e-02
8.75818070e-02
8.75408427e-02
8.74326135e-02
8.72583774e-02
8.70199363e-02
8.67196280e-02
8.63603755e-02
8.59456716e-02
8.54795634e-02
8.49665432e-02
8.44113239e-02
8.38184085e-02
8.31913170e-02
8.25313644e-02
8.18357420e-02
8.10948187e-02
8.02884184e-02
7.93811763e-02
7.83169846e-02
7.70130584e-02
7.53541096e-02
7.31876534e-02
7.03212630e-02
6.65227950e-02
6.15243040e-02
5.50318172e-02
4.67464053e-02
3.64033066e-02
2.38151171e-02
8.82572309e-03
9.32720314e-03
2.47140289e-02
3.73513787e-02
4.75641978e-02
5.56358390e-02
6.18855873e-02
6.66470596e-02
7.02367418e-02
7.29360712e-02
7.49837547e-02
7.65734215e-02
7.78549070e-02
7.89383776e-02
7.99004686e-02
8.07911970e-02
8.16407604e-02
8.24653934e-02
8.32721194e-02
8.40621888e-02
8.48335523e-02
8.55823868e-02
8.63041356e-02
8.69940209e-02
8.76474316e-02
8.82600230e-02
8.88278704e-02
8.93474320e-02
8.98156317e-02
9.02297848e-02
9.05876633e-02
9.08874155e-02
9.11276290e-02
9.13072570e-02
9.14256813e-02
9.14826533e-02
9.14783567e-02
9.14133679e-02
9.12887167e-02
9.11058661e-02
9.08667646e-02
9.05738329e-02
9.02299801e-02
8.98385500e-02
8.94032107e-02
8.89277131e-02
8.84154225e-02
8.78685417e-02
8.72868111e-02
8.66655913e-02
8.59930479e-02
8.52464290e-02
8.43872676e-02
8.33557953e-02
8.20647541e-02
8.03933426e-02
7.81818749e-02
7.52281108e-02
7.12857667e-02
6.60661282e-02
5.92449366e-02
5.04811564e-02
3.94557046e-02
2.59180329e-02
9.64989639e-03
1.00602514e-02
2.65563919e-02
4.00124601e-02
5.08310317e-02
5.93547358e-02
6.59423414e-02
7.09531521e-02
7.47212167e-02
7.75412304e-02
7.96628579e-02
8.12892565e-02
8.25785315e-02
8.36479146e-02
8.45798614e-02
8.54291195e-02
8.62296051e-02
8.70005187e-02
8.77511751e-02
8.84846891e-02
8.92004556e-02
8.98958803e-02
9.05673603e-02
9.12109731e-02
9.18227621e-02
9.23990011e-02
9.29362209e-02
9.34313319e-02
9.38815674e-02
9.42845649e-02
9.46382869e-02
9.49410890e-02
9.51916409e-02
9.53889895e-02
9.55324886e-02
9.56218595e-02
9.56571359e-02
9.56387208e-02
9.55673501e-02
9.54441415e-02
9.52705724e-02
9.50485069e-02
9.47801606e-02
9.44680536e-02
9.41148735e-02
9.37232030e-02
9.32950445e-02
9.28309768e-02
9.23288644e-02
9.17818466e-02
9.11755560e-02
9.04842978e-02
8.96663214e-02
8.86581413e-02
8.73684022e-02
8.56716016e-02
8.34024576e-02
8.03512744e-02
7.62607822e-02
7.08245963e-02
6.36894590e-02
5.44678389e-02
4.27707547e-02
2.82528520e-02
1.05899915e-02
1.08703444e-02
2.85231033e-02
4.27937111e-02
5.42095139e-02
6.31906549e-02
7.01350726e-02
7.54211184e-02
7.93941009e-02
8.23580195e-02
8.45718369e-02
8.62480453e-02
8.75536587e-02
8.86138491e-02
8.95178391e-02
9.03258617e-02
9.10762268e-02
9.17915326e-02
9.24837861e-02
9.31581590e-02
9.38157240e-02
9.44551737e-02
9.50740114e-02
9.56691632e-02
9.62374466e-02
9.67757187e-02
9.72810738e-02
9.77508282e-02
9.81826280e-02
9.85743822e-02
9.89243415e-02
9.92310174e-02
9.94932495e-02
9.97101268e-02
9.98810478e-02
1.00005652e-01
1.00083873e-01
1.00115887e-01
1.00102154e-01
1.00043383e-01
9.99405579e-02
9.97949000e-02
9.96078486e-02
9.93809728e-02
9.91158104e-02
9.88135754e-02
9.84746190e-02
9.80975855e-02
9.76780270e-02
9.72064212e-02
9.66652942e-02
9.60254894e-02
9.52413933e-02
9.42454397e-02
9.29419967e-02
9.12012890e-02
8.88536264e-02
8.56844168e-02
8.14295735e-02
7.57709860e-02
6.83326198e-02
5.86825540e-02
4.63498336e-02
3.08531313e-02
1.16837044e-02
1.17829311e-02
3.06042178e-02
4.56510967e-02
5.76500705e-02
6.71087884e-02
7.44501658e-02
8.00562346e-02
8.42739566e-02
8.74126362e-02
8.97400486e-02
9.14793121e-02
9.28081618e-02
9.38615382e-02
9.47368960e-02
9.55011367e-02
9.61977381e-02
9.68533031e-02
9.74828423e-02
9.80938725e-02
9.86892233e-02
9.92690245e-02
9.98318670e-02
1.00375630e-01
1.00897852e-01
1.01396071e-01
1.01867883e-01
1.02311108e-01
1.02723747e-01
1.03104078e-01
1.03450586e-01
1.03762031e-01
1.04037373e-01
1.04275829e-01
1.04476794e-01
1.04639895e-01
1.04764921e-01
1.04851865e-01
1.04900867e-01
1.04912236e-01
1.04886405e-01
1.04823913e-01
1.04725336e-01
1.04591179e-01
1.04421682e-01
1.04216465e-01
1.03973972e-01
1.03690525e-01
1.03358940e-01
1.02966423e-01
1.02491752e-01
1.01901458e-01
1.01145214e-01
1.00150381e-01
9.88162287e-02
9.70080674e-02
9.45519349e-02
9.12297450e-02
8.67745183e-02
8.08640401e-02
7.31117412e-02
6.30553915e-02
5.01456770e-02
3.37271774e-02
1.29801279e-02
1.28223743e-02
3.27325451e-02
4.84801040e-02
6.10707124e-02
7.10707132e-02
7.88884409e-02
8.48857629e-02
8.94021415e-02
9.27514556e-02
9.52132457e-02
9.70251147e-02
9.83791324e-02
9.94228297e-02
1.00264000e-01
1.00977574e-01
1.01613135e-01
1.02201770e-01
1.02761838e-01
1.03303285e-01
1.03830817e-01
1.04345944e-01
1.04848405e-01
1.05336942e-01
1.05809882e-01
1.06265352e-01
1.06701536e-01
1.07116679e-01
1.07509230e-01
1.07877772e-01
1.08221120e-01
1.08538232e-01
1.08828280e-01
1.09090563e-01
1.09324560e-01
1.09529846e-01
1.09706136e-01
1.09853207e-01
1.09970920e-01
1.10059154e-01
1.10117796e-01
1.10146657e-01
1.10145400e-01
1.10113383e-01
1.10049413e-01
1.09951354e-01
1.09815467e-01
1.09635439e-01
1.09400855e-01
1.09095099e-01
1.08692378e-01
1.08153987e-01
1.07423622e-01
1.06422145e-01
1.05041925e-01
1.03141454e-01
1.00540513e-01
9.70162641e-02
9.22994748e-02
8.60692534e-02
7.79429375e-02
6.74559945e-02
5.40175042e-02
3.68025986e-02
1.45278312e-02
1.39568094e-02
3.46983719e-02
5.10930080e-02
6.43831262e-02
7.50759951e-02
8.35029399e-02
8.99869386e-02
9.48612949e-02
9.84523633e-02
1.01059969e-01
1.02943372e-01
1.04314260e-01
1.05336434e-01
1.06130309e-01
1.06780259e-01
1.07342641e-01
1.07853396e-01
1.08334252e-01
1.08797601e-01
1.09249859e-01
1.09693882e-01
1.10130383e-01
1.10558968e-01
1.10978610e-01
1.11388075e-01
1.11786022e-01
1.12171206e-01
1.12542437e-01
1.12898701e-01
1.13239079e-01
1.13562827e-01
1.13869282e-01
1.14157923e-01
1.14428277e-01
1.14679960e-01
1.14912585e-01
1.15125789e-01
1.15319143e-01
1.15492141e-01
1.15644117e-01
1.15774168e-01
1.15881024e-01
1.15962852e-01
1.16016967e-01
1.16039339e-01
1.16023899e-01
1.15961401e-01
1.15837873e-01
1.15632301e-01
1.15313667e-01
1.14836994e-01
1.14138742e-01
1.13131433e-01
1.11698193e-01
1.09687426e-01
1.06908486e-01
1.03128450e-01
9.80701059e-02
9.14098330e-02
8.27731172e-02
7.17199257e-02
5.76900123e-02
3.98062678e-02
1.63006129e-02
1.48373471e-02
3.60417536e-02
5.33053432e-02
6.76247421e-02
7.92681248e-02
8.84673549e-02
9.55264374e-02
1.00796375e-01
1.04634961e-01
1.07375809e-01
1.09308901e-01
1.10671365e-01
1.11646702e-01
1.12369830e-01
1.12935333e-01
1.13406556e-01
1.13824086e-01
1.14212751e-01
1.14586992e-01
1.14954668e-01
1.15319650e-01
1.15683481e-01
1.16046408e-01
1.16408012e-01
1.16767554e-01
1.17124205e-01
1.17477129e-01
1.17825572e-01
1.18168857e-01
1.18506422e-01
1.18837774e-01
1.19162516e-01
1.19480277e-01
1.19790735e-01
1.20093527e-01
1.20388269e-01
1.20674453e-01
1.20951450e-01
1.21218385e-01
1.21474110e-01
1.21717030e-01
1.21944996e-01
1.22155003e-01
1.22342886e-01
1.22502718e-01
1.22626033e-01
1.22700572e-01
1.22708592e-01
1.22624420e-01
1.22411305e-01
1.22017343e-01
1.21370666e-01
1.20373945e-01
1.18898710e-01
1.16779850e-01
1.13811011e-01
1.09741233e-01
1.04273185e-01
9.70629018e-02
8.77213621e-02
7.58160462e-02
6.08512232e-02
4.21101926e-02
1.78605487e-02
7.26101873e-03
1.98313196e-02
3.04196207e-02
3.93061173e-02
4.67860105e-02
5.31345342e-02
5.86119545e-02
6.34475889e-02
6.78278950e-02
7.18931754e-02
7.57408755e-02
7.94324034e-02
8.30016488e-02
8.64630479e-02
8.98186228e-02
9.30631278e-02
9.61878797e-02
9.91830423e-02
1.02039217e-01
1.04748102e-01
1.07302965e-01
1.09698580e-01
1.11931240e-01
1.13998422e-01
1.15898659e-01
1.17631136e-01
1.19195545e-01
1.20591707e-01
1.21819450e-01
1.22878283e-01
1.23767309e-01
1.24484964e-01
1.25028964e-01
1.25396109e-01
1.25582274e-01
1.25582285e-01
1.25389964e-01
1.24998099e-01
1.24398562e-01
1.23582412e-01
1.22540112e-01
1.21261798e-01
1.19737646e-01
1.17958335e-01
1.15915582e-01
1.13602797e-01
1.11015731e-01
1.08153195e-01
1.05017581e-01
1.01615213e-01
9.79560725e-02
9.40528112e-02
8.99183489e-02
8.55618782e-02
8.09824970e-02
7.61604476e-02
7.10455719e-02
6.55435045e-02
5.94999201e-02
5.26840991e-02
4.47722755e-02
3.53247998e-02
2.37297626e-02
9.16467402e-03
7.73012490e-04
4.26523819e-03
8.96460396e-03
1.36882626e-02
1.85241629e-02
2.36431505e-02
2.91103409e-02
3.48856107e-02
4.08704021e-02
4.69496622e-02
5.30165282e-02
5.89831425e-02
6.47828072e-02
7.03680942e-02
7.57071461e-02
8.07799924e-02
8.55751549e-02
9.00871695e-02
9.43145875e-02
9.82587479e-02
1.01922748e-01
1.05310903e-01
1.08428171e-01
1.11279896e-01
1.13871399e-01
1.16207825e-01
1.18293803e-01
1.20133326e-01
1.21729451e-01
1.23084208e-01
1.24198331e-01
1.25071186e-01
1.25700543e-01
1.26082525e-01
1.26211429e-01
1.26079699e-01
1.25677821e-01
1.24994339e-01
1.24015850e-01
1.22727106e-01
1.21111160e-01
1.19149617e-01
1.16823019e-01
1.14111339e-01
1.10994733e-01
1.07454444e-01
1.03474102e-01
9.90412511e-02
9.41494335e-02
8.88005596e-02
8.30079607e-02
7.67996679e-02
7.02222783e-02
6.33446045e-02
5.62611169e-02
4.90934535e-02
4.19884503e-02
3.51077560e-02
2.86023079e-02
2.25617091e-02
1.69402878e-02
1.15069930e-02
5.99121443e-03
9.38955815e-04
1.39913304e-03
6.61318372e-03
1.26322953e-02
1.85546240e-02
2.41829462e-02
2.95994454e-02
3.49425570e-02
4.03146625e-02
4.57577175e-02
5.12618508e-02
5.67848746e-02
6.22706700e-02
6.76623295e-02
7.29095050e-02
7.79715716e-02
8.28179215e-02
8.74270048e-02
9.17846678e-02
9.58826129e-02
9.97168682e-02
1.03286690e-01
1.06593527e-01
1.09640380e-01
1.12431126e-01
1.14970147e-01
1.17261860e-01
1.19310487e-01
1.21119692e-01
1.22692426e-01
1.24030628e-01
1.25135119e-01
1.26005346e-01
1.26639314e-01
1.27033379e-01
1.27182200e-01
1.27078604e-01
1.26713576e-01
1.26076207e-01
1.25153763e-01
1.23931759e-01
1.22394171e-01
1.20523717e-01
1.18302295e-01
1.15711611e-01
1.12733983e-01
1.09353474e-01
1.05557248e-01
1.01337369e-01
9.66928231e-02
9.16319939e-02
8.61751488e-02
8.03570282e-02
7.42286895e-02
6.78582479e-02
6.13288787e-02
5.47328303e-02
4.81587646e-02
4.16709625e-02
3.52804239e-02
2.89167375e-02
2.24247194e-02
1.56359910e-02
8.60694429e-03
2.07761603e-03
2.70494336e-03
9.22776035e-03
1.61993393e-02
2.29665162e-02
2.92461002e-02
3.50397391e-02
4.04757857e-02
4.57037360e-02
5.08394381e-02
5.59474835e-02
6.10453306e-02
6.61170358e-02
7.11281335e-02
7.60377394e-02
8.08063578e-02
8.54001505e-02
8.97924023e-02
9.39635695e-02
9.79003531e-02
1.01594663e-01
1.05042387e-01
1.08242463e-01
1.11195922e-01
1.13905275e-01
1.16373839e-01
1.18605366e-01
1.20603557e-01
1.22371832e-01
1.23912962e-01
1.25228916e-01
1.26320573e-01
1.27187621e-01
1.27828317e-01
1.28239431e-01
1.28416059e-01
1.28351608e-01
1.28037683e-01
1.27464129e-01
1.26619032e-01
1.25488870e-01
1.24058695e-01
1.22312471e-01
1.20233556e-01
1.17805357e-01
1.15012249e-01
1.11840704e-01
1.08280782e-01
1.04327797e-01
9.99843186e-02
9.52620716e-02
9.01837697e-02
8.47840285e-02
7.91090448e-02
7.32136466e-02
6.71550601e-02
6.09819250e-02
5.47189080e-02
4.83483273e-02
4.17953774e-02
3.49291486e-02
2.76006971e-02
1.97428827e-02
1.15466602e-02
3.56533491e-03
4.10723775e-03
1.21423138e-02
2.00302202e-02
2.74821902e-02
3.42850825e-02
4.04208740e-02
4.60034142e-02
5.11954729e-02
5.61490777e-02
6.09751098e-02
6.57359117e-02
7.04517506e-02
7.51134049e-02
7.96949719e-02
8.41642056e-02
8.84892419e-02
9.26424169e-02
9.66017005e-02
1.00350929e-01
1.03879137e-01
1.07179770e-01
1.10249657e-01
1.13088243e-01
1.15696737e-01
1.18077576e-01
1.20233802e-01
1.22168726e-01
1.23885469e-01
1.25386749e-01
1.26674538e-01
1.27749921e-01
1.28612829e-01
1.29261946e-01
1.29694505e-01
1.29906233e-01
1.29891209e-01
1.29641865e-01
1.29148930e-01
1.28401511e-01
1.27387187e-01
1.26092234e-01
1.24501960e-01
1.22601186e-01
1.20374942e-01
1.17809348e-01
1.14892785e-01
1.11617228e-01
1.07979852e-01
1.03984529e-01
9.96432446e-02
9.49766609e-02
9.00135889e-02
8.47881931e-02
7.93345654e-02
7.36776820e-02
6.78214758e-02
6.17352821e-02
5.53432278e-02
4.85231702e-02
4.11259224e-02
3.30251282e-02
2.41987676e-02
1.48047277e-02
5.06979658e-03
5.45310863e-03
1.52045514e-02
2.41479246e-02
3.22955599e-02
3.95770849e-02
4.60185354e-02
5.17462824e-02
5.69361622e-02
6.17627759e-02
6.63673190e-02
7.08445508e-02
7.52441711e-02
7.95801618e-02
8.38428850e-02
8.80100095e-02
9.20548538e-02
9.59515879e-02
9.96781308e-02
1.03217149e-01
1.06556183e-01
1.09687034e-01
1.12605120e-01
1.15308600e-01
1.17797732e-01
1.20074145e-01
1.22140382e-01
1.23999351e-01
1.25654035e-01
1.27107079e-01
1.28360607e-01
1.29415909e-01
1.30273324e-01
1.30931997e-01
1.31389806e-01
1.31643185e-01
1.31687091e-01
1.31514897e-01
1.31118426e-01
1.30487948e-01
1.29612322e-01
1.28479177e-01
1.27075242e-01
1.25386816e-01
1.23400399e-01
1.21103569e-01
1.18485982e-01
1.15540628e-01
1.12265015e-01
1.08662314e-01
1.04741836e-01
1.00518632e-01
9.60112396e-02
9.12372999e-02
8.62061909e-02
8.09093293e-02
7.53089456e-02
6.93286172e-02
6.28494880e-02
5.57184209e-02
4.77735673e-02
3.88898192e-02
2.90295968e-02
1.82478706e-02
6.51600918e-03
6.74608403e-03
1.83347121e-02
2.84940146e-02
3.74327278e-02
4.52232170e-02
5.19695961e-02
5.78391577e-02
6.30341247e-02
6.77529818e-02
7.21620661e-02
7.63819609e-02
8.04864334e-02
8.45098071e-02
8.84578883e-02
9.23190774e-02
9.60732966e-02
9.96983590e-02
1.03173671e-01
1.06482197e-01
1.09610978e-01
1.12551091e-01
1.15297048e-01
1.17846242e-01
1.20198189e-01
1.22354015e-01
1.24315819e-01
1.26086314e-01
1.27668344e-01
1.29064647e-01
1.30277497e-01
1.31308552e-01
1.32158577e-01
1.32827352e-01
1.33313463e-01
1.33614244e-01
1.33725633e-01
1.33642162e-01
1.33356890e-01
1.32861464e-01
1.32146186e-01
1.31200199e-01
1.30011766e-01
1.28568682e-01
1.26858854e-01
1.24871014e-01
1.22595630e-01
1.20025800e-01
1.17158171e-01
1.13993363e-01
1.10535773e-01
1.06791895e-01
1.02766936e-01
9.84588730e-02
9.38503621e-02
8.88988643e-02
8.35273838e-02
7.76184299e-02
7.10155215e-02
6.35355607e-02
5.49949249e-02
4.52458872e-02
3.42051611e-02
2.18271648e-02
7.93138894e-03
8.01517123e-03
2.15227267e-02
3.30352141e-02
4.28817632e-02
5.12511637e-02
5.83337225e-02
6.43553860e-02
6.95591656e-02
7.41748212e-02
7.83955335e-02
8.23660614e-02
8.61817481e-02
8.98950880e-02
9.35262962e-02
9.70742894e-02
1.00526219e-01
1.03864365e-01
1.07070729e-01
1.10129453e-01
1.13028015e-01
1.15757359e-01
1.18311721e-01
1.20688043e-01
1.22885492e-01
1.24904818e-01
1.26747936e-01
1.28417395e-01
1.29916089e-01
1.31246852e-01
1.32412269e-01
1.33414372e-01
1.34254523e-01
1.34933174e-01
1.35449803e-01
1.35802730e-01
1.35989089e-01
1.36004705e-01
1.35844111e-01
1.35500516e-01
1.34965893e-01
1.34231099e-01
1.33286101e-01
1.32120315e-01
1.30723044e-01
1.29084081e-01
1.27194315e-01
1.25046403e-01
1.22635104e-01
1.19957201e-01
1.17010291e-01
1.13790221e-01
1.10286333e-01
1.06474670e-01
1.02309104e-01
9.77120994e-02
9.25669376e-02
8.67148746e-02
7.99597800e-02
7.20828921e-02
6.28675123e-02
5.21293801e-02
3.97343378e-02
2.55634176e-02
9.35799168e-03
9.28970410e-03
2.47926914e-02
3.77749178e-02
4.86419890e-02
5.76728917e-02
6.51400375e-02
7.13360916e-02
7.65555133e-02
8.10677392e-02
8.50974128e-02
8.88151261e-02
9.23375533e-02
9.57346103e-02
9.90401354e-02
1.02263327e-01
1.05398603e-01
1.08433219e-01
1.11352279e-01
1.14141832e-01
1.16790311e-01
1.19289153e-01
1.21632665e-01
1.23817782e-01
1.25843501e-01
1.27710496e-01
1.29420561e-01
1.30976292e-01
1.32380639e-01
1.33636698e-01
1.34747364e-01
1.35715199e-01
1.36542175e-01
1.37229589e-01
1.37777868e-01
1.38186521e-01
1.38453993e-01
1.38577643e-01
1.38553663e-01
1.38377097e-01
1.38041842e-01
1.37540745e-01
1.36865750e-01
1.36008117e-01
1.34958748e-01
1.33708532e-01
1.32248755e-01
1.30571277e-01
1.28668473e-01
1.26532299e-01
1.24152348e-01
1.21512025e-01
1.18582839e-01
1.15316412e-01
1.11635343e-01
1.07424116e-01
1.02523048e-01
9.67276269e-02
8.97960636e-02
8.14657024e-02
7.14779853e-02
5.96067442e-02
4.56737004e-02
2.95143081e-02
1.08363350e-02
1.05958851e-02
2.81834104e-02
4.27431776e-02
5.47347427e-02
6.45089438e-02
7.24138581e-02
7.88117321e-02
8.40556152e-02
8.84618591e-02
9.22920415e-02
9.57456847e-02
9.89622012e-02
1.02029152e-01
1.04993936e-01
1.07875810e-01
1.10676543e-01
1.13388481e-01
1.16000244e-01
1.18500108e-01
1.20877962e-01
1.23126033e-01
1.25239132e-01
1.27214370e-01
1.29050890e-01
1.30749370e-01
1.32311702e-01
1.33740538e-01
1.35039055e-01
1.36210588e-01
1.37258487e-01
1.38185834e-01
1.38995359e-01
1.39689229e-01
1.40268997e-01
1.40735445e-01
1.41088549e-01
1.41327372e-01
1.41450044e-01
1.41453705e-01
1.41334516e-01
1.41087675e-01
1.40707484e-01
1.40187462e-01
1.39520475e-01
1.38698892e-01
1.37714601e-01
1.36558847e-01
1.35221448e-01
1.33689230e-01
1.31942913e-01
1.29952287e-01
1.27669038e-01
1.25017840e-01
1.21886331e-01
1.18116419e-01
1.13499231e-01
1.07776969e-01
1.00653151e-01
9.18121493e-02
8.09463761e-02
6.77867910e-02
5.21205544e-02
3.37598938e-02
1.24058732e-02
1.19577918e-02
3.17408913e-02
4.79879061e-02
6.12020915e-02
7.17960191e-02
8.01891025e-02
8.68148459e-02
9.20900564e-02
9.63841612e-02
1.00000897e-01
1.03172461e-01
1.06063095e-01
1.08779083e-01
1.11381679e-01
1.13900363e-01
1.16344229e-01
1.18710903e-01
1.20992628e-01
1.23180232e-01
1.25265244e-01
1.27241033e-01
1.29103055e-01
1.30848889e-01
1.32477892e-01
1.33990957e-01
1.35390075e-01
1.36678109e-01
1.37858421e-01
1.38934714e-01
1.39910747e-01
1.40790242e-01
1.41576673e-01
1.42273216e-01
1.42882589e-01
1.43407030e-01
1.43848173e-01
1.44207034e-01
1.44483920e-01
1.44678414e-01
1.44789319e-01
1.44814644e-01
1.44751581e-01
1.44596486e-01
1.44344855e-01
1.43991175e-01
1.43528657e-01
1.42948485e-01
1.42238482e-01
1.41380508e-01
1.40346360e-01
1.39091369e-01
1.37545880e-01
1.35604654e-01
1.33116000e-01
1.29872649e-01
1.25607970e-01
1.20000076e-01
1.12686095e-01
1.03286237e-01
9.14364055e-02
7.68238613e-02
5.92098183e-02
3.84003877e-02
1.41087548e-02
1.33990793e-02
3.55166706e-02
5.35704435e-02
6.81039850e-02
7.95880781e-02
8.85129418e-02
9.53861141e-02
1.00693197e-01
1.04862291e-01
1.08244371e-01
1.11108061e-01
1.13644969e-01
1.15981448e-01
1.18193359e-01
1.20320629e-01
1.22379880e-01
1.24374033e-01
1.26299145e-01
1.28148653e-01
1.29915970e-01
1.31595666e-01
1.33184075e-01
1.34679269e-01
1.36080995e-01
1.37390328e-01
1.38609486e-01
1.39741473e-01
1.40789928e-01
1.41758840e-01
1.42652457e-01
1.43475078e-01
1.44231014e-01
1.44924429e-01
1.45559341e-01
1.46139500e-01
1.46668396e-01
1.47149171e-01
1.47584614e-01
1.47977084e-01
1.48328484e-01
1.48640181e-01
1.48912919e-01
1.49146700e-01
1.49340546e-01
1.49492153e-01
1.49597162e-01
1.49647985e-01
1.49631597e-01
1.49526054e-01
1.49294868e-01
1.48879085e-01
1.48186559e-01
1.47079511e-01
1.45361712e-01
1.42768780e-01
1.38964907e-01
1.33550016e-01
1.26078927e-01
1.16092799e-01
1.03160059e-01
8.69208666e-02
6.71162235e-02
4.35600509e-02
1.59939835e-02
1.49447174e-02
3.95687553e-02
5.95645167e-02
7.55165912e-02
8.79557672e-02
9.74467049e-02
1.04576297e-01
1.09905015e-01
1.13925630e-01
1.17041392e-01
1.19561238e-01
1.21706685e-01
1.23625782e-01
1.25409788e-01
1.27109556e-01
1.28749352e-01
1.30337562e-01
1.31874044e-01
1.33354992e-01
1.34775674e-01
1.36132015e-01
1.37421177e-01
1.38641842e-01
1.39794060e-01
1.40879170e-01
1.41899495e-01
1.42858222e-01
1.43759135e-01
1.44606536e-01
1.45405041e-01
1.46159560e-01
1.46875148e-01
1.47557029e-01
1.48210487e-01
1.48840913e-01
1.49453729e-01
1.50054425e-01
1.50648505e-01
1.51241487e-01
1.51838838e-01
1.52445908e-01
1.53067790e-01
1.53709102e-01
1.54373634e-01
1.55063705e-01
1.55779152e-01
1.56515500e-01
1.57261077e-01
1.57992228e-01
1.58666261e-01
1.59211195e-01
1.59512628e-01
1.59398143e-01
1.58621974e-01
1.56853246e-01
1.53673058e-01
1.48584453e-01
1.41038440e-01
1.30475417e-01
1.16378956e-01
9.83329395e-02
7.60600227e-02
4.93938445e-02
1.81217534e-02
1.66226923e-02
4.39638592e-02
6.60572632e-02
8.35321076e-02
9.69856238e-02
1.07065080e-01
1.14445335e-01
1.19769911e-01
1.23603207e-01
1.26406288e-01
1.28532336e-01
1.30235473e-01
1.31687001e-01
1.32994542e-01
1.34220267e-01
1.35396372e-01
1.36536716e-01
1.37645062e-01
1.38720276e-01
1.39759548e-01
1.40760033e-01
1.41719759e-01
1.42637856e-01
1.43514682e-01
1.44351646e-01
1.45151150e-01
1.45916363e-01
1.46651171e-01
1.47359990e-01
1.48047767e-01
1.48719848e-01
1.49382022e-01
1.50040441e-01
1.50701693e-01
1.51372766e-01
1.52061123e-01
1.52774700e-01
1.53521960e-01
1.54311891e-01
1.55154007e-01
1.56058284e-01
1.57035030e-01
1.58094636e-01
1.59247103e-01
1.60501270e-01
1.61863411e-01
1.63334995e-01
1.64908857e-01
1.66563311e-01
1.68253070e-01
1.69896577e-01
1.71359221e-01
1.72433844e-01
1.72820877e-01
1.72113348e-01
1.69792522e-01
1.65240852e-01
1.57775861e-01
1.46705610e-01
1.31400554e-01
1.11369879e-01
8.63135203e-02
5.60951704e-02
2.05678016e-02
1.84658186e-02
4.87803908e-02
7.31515235e-02
9.22594728e-02
1.06779261e-01
1.17453939e-01
1.25059112e-01
1.30332275e-01
1.33918099e-01
1.36341698e-01
1.38004812e-01
1.39196823e-01
1.40113958e-01
1.40881027e-01
1.41572046e-01
1.42227270e-01
1.42866167e-01
1.43496307e-01
1.44119235e-01
1.44733875e-01
1.45338555e-01
1.45931920e-01
1.46513455e-01
1.47083539e-01
1.47643527e-01
1.48195601e-01
1.48742775e-01
1.49288742e-01
1.49837901e-01
1.50395255e-01
1.50966475e-01
1.51557845e-01
1.52176371e-01
1.52829770e-01
1.53526605e-01
1.54276313e-01
1.55089351e-01
1.55977248e-01
1.56952725e-01
1.58029735e-01
1.59223489e-01
1.60550386e-01
1.62027790e-01
1.63673589e-01
1.65505295e-01
1.67538521e-01
1.69784239e-01
1.72244338e-01
1.74904335e-01
1.77722423e-01
1.80613511e-01
1.83428246e-01
1.85927608e-01
1.87756778e-01
1.88423814e-01
1.87291844e-01
1.83593119e-01
1.76472062e-01
1.65058471e-01
1.48565354e-01
1.26393579e-01
9.82058921e-02
6.39032096e-02
2.34277829e-02
2.05137587e-02
5.41120660e-02
8.09688029e-02
1.01825376e-01
1.17451846e-01
1.28706398e-01
1.36483175e-01
1.41628171e-01
1.44877022e-01
1.46826273e-01
1.47930863e-01
1.48518308e-01
1.48811298e-01
1.48952754e-01
1.49028896e-01
1.49088281e-01
1.49155933e-01
1.49243225e-01
1.49354141e-01
1.49489201e-01
1.49647562e-01
1.49828272e-01
1.50030761e-01
1.50255176e-01
1.50502388e-01
1.50774094e-01
1.51072726e-01
1.51401530e-01
1.51764489e-01
1.52166425e-01
1.52612968e-01
1.53110696e-01
1.53667150e-01
1.54291009e-01
1.54992165e-01
1.55781926e-01
1.56673141e-01
1.57680422e-01
1.58820303e-01
1.60111440e-01
1.61574746e-01
1.63233461e-01
1.65113095e-01
1.67241080e-01
1.69646022e-01
1.72356106e-01
1.75396274e-01
1.78783151e-01
1.82516799e-01
1.86567540e-01
1.90856697e-01
1.95229994e-01
1.99424782e-01
2.03034231e-01
2.05476246e-01
2.05977489e-01
2.03585643e-01
1.97220478e-01
1.85769140e-01
1.68219177e-01
1.43806036e-01
1.12123004e-01
7.31084835e-02
2.68212861e-02
2.28154394e-02
6.00721292e-02
8.96525640e-02
1.12374702e-01
1.29128904e-01
1.40915736e-01
1.48772112e-01
1.53671360e-01
1.56453419e-01
1.57794860e-01
1.58209081e-01
1.58064638e-01
1.57612342e-01
1.57013991e-01
1.56368462e-01
1.55732677e-01
1.55137245e-01
1.54597087e-01
1.54118427e-01
1.53702928e-01
1.53350227e-01
1.53059209e-01
1.52828825e-01
1.52658380e-01
1.52547819e-01
1.52497752e-01
1.52509606e-01
1.52585610e-01
1.52728939e-01
1.52943712e-01
1.53235164e-01
1.53609685e-01
1.54075028e-01
1.54640409e-01
1.55316758e-01
1.56116894e-01
1.57055826e-01
1.58151009e-01
1.59422691e-01
1.60894232e-01
1.62592460e-01
1.64547968e-01
1.66795310e-01
1.69373002e-01
1.72323042e-01
1.75689695e-01
1.79516767e-01
1.83842563e-01
1.88690810e-01
1.94055855e-01
1.99879615e-01
2.06018903e-01
2.12202794e-01
2.17983930e-01
2.22691834e-01
2.25402637e-01
2.24942634e-01
2.19944030e-01
2.08964056e-01
1.90664631e-01
1.64022425e-01
1.28498922e-01
8.40549225e-02
3.08952810e-02
2.54320527e-02
6.67983445e-02
9.93714322e-02
1.24069490e-01
1.41939790e-01
1.54163311e-01
1.61952148e-01
1.66431239e-01
1.68561125e-01
1.69108518e-01
1.68651002e-01
1.67601334e-01
1.66239996e-01
1.64748513e-01
1.63238692e-01
1.61775946e-01
1.60396240e-01
1.59117789e-01
1.57948496e-01
1.56890655e-01
1.55943613e-01
1.55105441e-01
1.54373758e-01
1.53746337e-01
1.53221349e-01
1.52797656e-01
1.52474886e-01
1.52253648e-01
1.52135579e-01
1.52123553e-01
1.52221742e-01
1.52435850e-01
1.52773227e-01
1.53243148e-01
1.53857008e-01
1.54628672e-01
1.55574782e-01
1.56715205e-01
1.58073475e-01
1.59677355e-01
1.61559422e-01
1.63757699e-01
1.66316281e-01
1.69285813e-01
1.72723686e-01
1.76693450e-01
1.81262915e-01
1.86499552e-01
1.92461629e-01
1.99182154e-01
2.06642773e-01
2.14734201e-01
2.23202262e-01
2.31581816e-01
2.39128180e-01
2.44762713e-01
2.47057418e-01
2.44285833e-01
2.34563931e-01
2.16086083e-01
1.87424177e-01
1.47795304e-01
9.71369788e-02
3.58266655e-02
2.84410387e-02
7.44590373e-02
1.10321958e-01
1.37084937e-01
1.56005631e-01
1.68498381e-01
1.75993728e-01
1.79799035e-01
1.81015252e-01
1.80510768e-01
1.78933663e-01
1.76744041e-01
1.74253661e-01
1.71664412e-01
1.69101313e-01
1.66638083e-01
1.64315726e-01
1.62155058e-01
1.60164930e-01
1.58347229e-01
1.56700045e-01
1.55219440e-01
1.53900661e-01
1.52738759e-01
1.51729139e-01
1.50867804e-01
1.50151687e-01
1.49578780e-01
1.49148395e-01
1.48861263e-01
1.48719785e-01
1.48728161e-01
1.48892670e-01
1.49221871e-01
1.49726958e-01
1.50422078e-01
1.51324810e-01
1.52456666e-01
1.53843752e-01
1.55517517e-01
1.57515659e-01
1.59883178e-01
1.62673537e-01
1.65949907e-01
1.69786264e-01
1.74268067e-01
1.79491659e-01
1.85561279e-01
1.92581237e-01
2.00640176e-01
2.09782634e-01
2.19963340e-01
2.30980356e-01
2.42388277e-01
2.53399817e-01
2.62795823e-01
2.68874610e-01
2.69481498e-01
2.62159397e-01
2.44445232e-01
2.14287066e-01
1.70465360e-01
1.12790457e-01
4.18241412e-02
3.19417132e-02
8.32608425e-02
1.22730321e-01
1.51600437e-01
1.71418232e-01
1.83905696e-01
1.90769310e-01
1.93537766e-01
1.93475900e-01
1.91566725e-01
1.88535278e-01
1.84892083e-01
1.80981388e-01
1.77025883e-01
1.73163584e-01
1.69476041e-01
1.66008357e-01
1.62782869e-01
1.59807933e-01
1.57083593e-01
1.54605004e-01
1.52364686e-01
1.50353840e-01
1.48563339e-01
1.46984282e-01
1.45608526e-01
1.44428957e-01
1.43439837e-01
1.42636971e-01
1.42017984e-01
1.41582458e-01
1.41332217e-01
1.41271502e-01
1.41407311e-01
1.41749685e-01
1.42312171e-01
1.43112293e-01
1.44172226e-01
1.45519572e-01
1.47188371e-01
1.49220330e-01
1.51666349e-01
1.54588376e-01
1.58061564e-01
1.62176703e-01
1.67042538e-01
1.72787452e-01
1.79558932e-01
1.87518531e-01
1.96827924e-01
2.07620361e-01
2.19949963e-01
2.33712579e-01
2.48535460e-01
2.63642712e-01
2.77716268e-01
2.88789804e-01
2.94229427e-01
2.90867483e-01
2.75346936e-01
2.44680486e-01
1.96898709e-01
1.31476450e-01
4.91300260e-02
3.60639184e-02
9.34592964e-02
1.36852082e-01
1.67782085e-01
1.88204653e-01
2.00254367e-01
2.05990088e-01
2.07210150e-01
2.05370480e-01
2.01582306e-01
1.96653684e-01
1.91147673e-01
1.85441402e-01
1.79777727e-01
1.74306607e-01
1.69115827e-01
1.64252802e-01
1.59739216e-01
1.55580732e-01
1.51773138e-01
1.48306397e-01
1.45167148e-01
1.42340471e-01
1.39810968e-01
1.37563647e-01
1.35584426e-01
1.33860644e-01
1.32381321e-01
1.31137497e-01
1.30122391e-01
1.29331682e-01
1.28763661e-01
1.28419529e-01
1.28303633e-01
1.28423859e-01
1.28792034e-01
1.29424531e-01
1.30342956e-01
1.31575123e-01
1.33156241e-01
1.35130509e-01
1.37553147e-01
1.40492992e-01
1.44035799e-01
1.48288205e-01
1.53382324e-01
1.59480286e-01
1.66777535e-01
1.75501925e-01
1.85903971e-01
1.98230437e-01
2.12671696e-01
2.29272191e-01
2.47797536e-01
2.67560011e-01
2.87220050e-01
3.04601573e-01
3.16586772e-01
3.19184176e-01
3.07879136e-01
2.78333635e-01
2.27342868e-01
1.53657871e-01
5.80237570e-02
4.09823137e-02
1.05374248e-01
1.52967777e-01
1.85750424e-01
2.06268404e-01
2.17218464e-01
2.21112746e-01
2.20078045e-01
2.15791140e-01
2.09504236e-01
2.02112206e-01
1.94230370e-01
1.86266529e-01
1.78480798e-01
1.71031631e-01
1.64009496e-01
1.57460308e-01
1.51401411e-01
1.45832052e-01
1.40740358e-01
1.36107796e-01
1.31912238e-01
1.28129900e-01
1.24736791e-01
1.21709613e-01
1.19026505e-01
1.16667474e-01
1.14614817e-01
1.12853334e-01
1.11370609e-01
1.10157141e-01
1.09206603e-01
1.08515999e-01
1.08085986e-01
1.07921162e-01
1.08030556e-01
1.08428179e-01
1.09133840e-01
1.10174174e-01
1.11584068e-01
1.13408548e-01
1.15705334e-01
1.18548249e-01
1.22031701e-01
1.26276497e-01
1.31436947e-01
1.37709042e-01
1.45338284e-01
1.54624482e-01
1.65917790e-01
1.79597351e-01
1.96019992e-01
2.15425445e-01
2.37785919e-01
2.62595832e-01
2.88610138e-01
3.13562514e-01
3.33929334e-01
3.44858191e-01
3.40434246e-01
3.14463353e-01
2.61793435e-01
1.79767659e-01
6.88300637e-02
4.69415030e-02
1.19412691e-01
1.71368959e-01
2.05520879e-01
2.25291629e-01
2.34153900e-01
2.35204479e-01
2.30967032e-01
2.23368515e-01
2.13810239e-01
2.03271988e-01
1.92415034e-01
1.81670046e-01
1.71306068e-01
1.61481924e-01
1.52282864e-01
1.43746065e-01
1.35877817e-01
1.28665114e-01
1.22083238e-01
1.16100893e-01
1.10683504e-01
1.05795547e-01
1.01401982e-01
9.74693550e-02
9.39664083e-02
9.08646155e-02
8.81384226e-02
8.57655346e-02
8.37270083e-02
8.20074570e-02
8.05951322e-02
7.94821563e-02
7.86646984e-02
7.81433385e-02
7.79234565e-02
7.80158704e-02
7.84376319e-02
7.92131981e-02
8.03760023e-02
8.19706720e-02
8.40560904e-02
8.67096168e-02
9.00328620e-02
9.41593364e-02
9.92643123e-02
1.05576586e-01
1.13391150e-01
1.23079591e-01
1.35092648e-01
1.49945167e-01
1.68170565e-01
1.90228711e-01
2.16351523e-01
2.46312204e-01
2.79111796e-01
3.12592935e-01
3.43030537e-01
3.64823666e-01
3.70526431e-01
3.51554995e-01
2.99837729e-01
2.10164442e-01
8.19374674e-02
5.43019301e-02
1.36100844e-01
1.92319998e-01
2.26891201e-01
2.44569638e-01
2.49907602e-01
2.46751744e-01
2.38095682e-01
2.26138139e-01
2.12426045e-01
1.98009704e-01
1.83578173e-01
1.69565982e-01
1.56232793e-01
1.43720582e-01
1.32093769e-01
1.21366688e-01
1.11522297e-01
1.02524621e-01
9.43271616e-02
8.68783494e-02
8.01252589e-02
7.40159042e-02
6.85008375e-02
6.35340222e-02
5.90734849e-02
5.50815629e-02
5.15251583e-02
4.83757455e-02
4.56094972e-02
4.32072432e-02
4.11545958e-02
3.94419525e-02
3.80646795e-02
3.70232166e-02
3.63233881e-02
3.59767400e-02
3.60011982e-02
3.64220148e-02
3.72733418e-02
3.86005973e-02
4.04640116e-02
4.29437235e-02
4.61468098e-02
5.02167096e-02
5.53451372e-02
6.17864233e-02
6.98729594e-02
8.00293421e-02
9.27799977e-02
1.08742672e-01
1.28595906e-01
1.53005213e-01
1.82487143e-01
2.17186097e-01
2.56534686e-01
2.98775092e-01
3.40349714e-01
3.75256244e-01
3.94632967e-01
3.87085503e-01
3.40420803e-01
2.45062197e-01
9.78369966e-02
6.36253807e-02
1.56119819e-01
2.15957422e-01
2.49221770e-01
2.62726479e-01
2.62523859e-01
2.53404626e-01
2.38896769e-01
2.21471969e-01
2.02797426e-01
1.83960216e-01
1.65642985e-01
1.48253120e-01
1.32014315e-01
1.17030256e-01
1.03328168e-01
9.08884909e-02
7.96648667e-02
6.95977737e-02
6.06237036e-02
5.26815718e-02
4.57169527e-02
3.96848155e-02
3.45502582e-02
3.02867225e-02
2.68699648e-02
2.42672180e-02
2.24229959e-02
2.12483536e-02
2.06214244e-02
2.04015555e-02
2.04490554e-02
2.06407005e-02
2.08763497e-02
2.10786180e-02
2.11890941e-02
2.11641009e-02
2.09714383e-02
2.05891298e-02
2.00071526e-02
1.92343065e-02
1.83146487e-02
1.73619843e-02
1.66234368e-02
1.65628863e-02
1.78684286e-02
2.12388502e-02
2.71324547e-02
3.58390429e-02
4.77070063e-02
6.32529841e-02
8.31602868e-02
1.08220084e-01
1.39218398e-01
1.76737699e-01
2.20823294e-01
2.70450251e-01
3.22732851e-01
3.71883341e-01
4.08126497e-01
4.17181790e-01
3.81475349e-01
2.84394608e-01
1.17198435e-01
7.58335868e-02
1.80309095e-01
2.42029052e-01
2.70997252e-01
2.77225569e-01
2.68815951e-01
2.51702852e-01
2.29982719e-01
2.06372050e-01
1.82619207e-01
1.59822651e-01
1.38660596e-01
1.19551816e-01
1.02766779e-01
8.85011862e-02
7.69147259e-02
6.81271174e-02
6.21635678e-02
5.88708845e-02
5.78756894e-02
5.86465365e-02
6.06249833e-02
6.33329179e-02
6.64129982e-02
6.96202558e-02
7.27958599e-02
7.58409158e-02
7.86961415e-02
8.13276239e-02
8.37172703e-02
8.58565230e-02
8.77422133e-02
8.93738183e-02
9.07515878e-02
9.18752396e-02
9.27429771e-02
9.33507109e-02
9.36913593e-02
9.37541853e-02
9.35241167e-02
9.29810813e-02
9.20994549e-02
9.08479414e-02
8.91906242e-02
8.70908366e-02
8.45214182e-02
8.14888573e-02
7.80866850e-02
7.46072748e-02
7.17554835e-02
7.09738704e-02
7.46597476e-02
8.56862887e-02
1.06224657e-01
1.37209352e-01
1.78719589e-01
2.30076450e-01
2.89139465e-01
3.50890975e-01
4.05476705e-01
4.36244572e-01
4.19314465e-01
3.27509003e-01
1.41007953e-01
9.24893004e-02
2.09498836e-01
2.69232367e-01
2.88953955e-01
2.83572513e-01
2.63882609e-01
2.37129210e-01
2.07995361e-01
1.79473361e-01
1.53515344e-01
1.31473585e-01
1.14338389e-01
1.02745785e-01
9.67728374e-02
9.57575923e-02
9.84710851e-02
1.03571939e-01
1.09960225e-01
1.16875439e-01
1.23843073e-01
1.30587357e-01
1.36959047e-01
1.42886022e-01
1.48341923e-01
1.53326786e-01
1.57855239e-01
1.61949316e-01
1.65634115e-01
1.68935167e-01
1.71876878e-01
1.74481586e-01
1.76769026e-01
1.78755977e-01
1.80456051e-01
1.81879483e-01
1.83032935e-01
1.83919206e-01
1.84536845e-01
1.84879599e-01
1.84935627e-01
1.84686416e-01
1.84105302e-01
1.83155512e-01
1.81787689e-01
1.79937016e-01
1.77520401e-01
1.74435040e-01
1.70561373e-01
1.65777157e-01
1.59996805e-01
1.53265425e-01
1.45965450e-01
1.39232453e-01
1.35646578e-01
1.39834833e-01
1.57592627e-01
1.92866477e-01
2.45584911e-01
3.11546344e-01
3.81279879e-01
4.36726842e-01
4.47651881e-01
3.72427060e-01
1.70771681e-01
1.16215640e-01
2.43704322e-01
2.93593454e-01
2.96448188e-01
2.74346793e-01
2.41432965e-01
2.06512987e-01
1.75220685e-01
1.51352629e-01
1.37214014e-01
1.33109121e-01
1.37156445e-01
1.46422773e-01
1.58315386e-01
1.71100172e-01
1.83779904e-01
1.95836350e-01
2.07030778e-01
2.17279863e-01
2.26583773e-01
2.34985444e-01
2.42547669e-01
2.49340356e-01
2.55433528e-01
2.60893675e-01
2.65781965e-01
2.70153568e-01
2.74057529e-01
2.77536989e-01
2.80629510e-01
2.83367472e-01
2.85778420e-01
2.87885391e-01
2.89707138e-01
2.91258286e-01
2.92549355e-01
2.93586671e-01
2.94372091e-01
2.94902530e-01
2.95169195e-01
2.95156442e-01
2.94840114e-01
2.94185188e-01
2.93142498e-01
2.91644297e-01
2.89598435e-01
2.86881071e-01
2.83328331e-01
2.78728203e-01
2.72816255e-01
2.65283138e-01
2.55811807e-01
2.44183844e-01
2.30542047e-01
2.15991471e-01
2.03825080e-01
2.01251060e-01
2.19021849e-01
2.64628875e-01
3.34193047e-01
4.09922337e-01
4.56227944e-01
4.14078543e-01
2.08624918e-01
1.50886752e-01
2.79237217e-01
3.04815206e-01
2.81283762e-01
2.40531113e-01
2.01217121e-01
1.74781761e-01
1.66596685e-01
1.74673083e-01
1.92533542e-01
2.14369512e-01
2.36762271e-01
2.58065816e-01
2.77604895e-01
2.95186475e-01
3.10845946e-01
3.24719756e-01
3.36981815e-01
3.47811991e-01
3.57381081e-01
3.65844304e-01
3.73339247e-01
3.79986041e-01
3.85888640e-01
3.91136492e-01
3.95806331e-01
3.99963850e-01
4.03665219e-01
4.06958391e-01
4.09884213e-01
4.12477332e-01
4.14766945e-01
4.16777363e-01
4.18528452e-01
4.20035911e-01
4.21311419e-01
4.22362615e-01
4.23192905e-01
4.23801040e-01
4.24180403e-01
4.24317914e-01
4.24192399e-01
4.23772247e-01
4.23012065e-01
4.21848027e-01
4.20191448e-01
4.17920157e-01
4.14867137e-01
4.10806158e-01
4.05434488e-01
3.98353961e-01
3.89054071e-01
3.76906788e-01
3.61197084e-01
3.41250890e-01
3.16822446e-01
2.89161598e-01
2.63669324e-01
2.54428230e-01
2.82300255e-01
3.51838713e-01
4.30063225e-01
4.40416404e-01
2.56422290e-01
1.98926200e-01
2.99895547e-01
2.80857665e-01
2.31730802e-01
1.98476741e-01
1.99833637e-01
2.27607255e-01
2.65473770e-01
3.03929933e-01
3.39289208e-01
3.70508513e-01
3.97581918e-01
4.20876837e-01
4.40865973e-01
4.58019926e-01
4.72766528e-01
4.85478546e-01
4.96473437e-01
5.06018025e-01
5.14334844e-01
5.21608699e-01
5.27992769e-01
5.33614025e-01
5.38577842e-01
5.42971887e-01
5.46869300e-01
5.50331307e-01
5.53409294e-01
5.56146499e-01
5.58579324e-01
5.60738388e-01
5.62649337e-01
5.64333461e-01
5.65808144e-01
5.67087171e-01
5.68180877e-01
5.69096158e-01
5.69836306e-01
5.70400635e-01
5.70783853e-01
5.70975074e-01
5.70956360e-01
5.70700612e-01
5.70168572e-01
5.69304609e-01
5.68030867e-01
5.66239235e-01
5.63780479e-01
5.60449721e-01
5.55967391e-01
5.49954597e-01
5.41901968e-01
5.31131169e-01
5.16749815e-01
4.97605890e-01
4.72268247e-01
4.39132323e-01
3.97006033e-01
3.47397962e-01
3.01982795e-01
2.95488257e-01
3.57877108e-01
4.25911242e-01
3.10003736e-01
2.41548866e-01
2.62203511e-01
2.24102034e-01
2.46561137e-01
3.10789875e-01
3.78951952e-01
4.38552897e-01
4.87902378e-01
5.28137270e-01
5.60876492e-01
5.87601403e-01
6.09531330e-01
6.27636139e-01
6.42679411e-01
6.55261529e-01
6.65855451e-01
6.74834761e-01
6.82495374e-01
6.89072325e-01
6.94752838e-01
6.99686535e-01
7.03993462e-01
7.07770377e-01
7.11095687e-01
7.14033297e-01
7.16635623e-01
7.18945909e-01
7.21000039e-01
7.22827916e-01
7.24454534e-01
7.25900788e-01
7.27184099e-01
7.28318864e-01
7.29316792e-01
7.30187107e-01
7.30936653e-01
7.31569870e-01
7.32088662e-01
7.32492080e-01
7.32775832e-01
7.32931502e-01
7.32945429e-01
7.32797081e-01
7.32456767e-01
7.31882440e-01
7.31015269e-01
7.29773566e-01
7.28044537e-01
7.25673151e-01
7.22447217e-01
7.18077416e-01
7.12170378e-01
7.04191776e-01
6.93414065e-01
6.78839289e-01
6.59080037e-01
6.32172726e-01
5.95303195e-01
5.44542573e-01
4.75407465e-01
3.88592676e-01
3.16904743e-01
3.41181891e-01
3.35863051e-01
1.74510337e-01
3.57435642e-01
5.17501647e-01
6.27885482e-01
7.01147170e-01
7.50674497e-01
7.85273319e-01
8.10263281e-01
8.28849174e-01
8.43011633e-01
8.54019523e-01
8.62717088e-01
8.69686126e-01
8.75339761e-01
8.79978482e-01
8.83824918e-01
8.87046328e-01
8.89769697e-01
8.92092254e-01
8.94088982e-01
8.95818125e-01
8.97325245e-01
8.98646276e-01
8.99809794e-01
9.00838738e-01
9.01751687e-01
9.02563826e-01
9.03287661e-01
9.03933556e-01
9.04510136e-01
9.05024581e-01
9.05482845e-01
9.05889811e-01
9.06249397e-01
9.06564612e-01
9.06837570e-01
9.07069458e-01
9.07260437e-01
9.07409489e-01
9.07514159e-01
9.07570182e-01
9.07570946e-01
9.07506728e-01
9.07363637e-01
9.07122149e-01
9.06755096e-01
9.06224953e-01
9.05480168e-01
9.04450261e-01
9.03039288e-01
9.01117079e-01
8.98507343e-01
8.94970978e-01
8.90181441e-01
8.83685674e-01
8.74836701e-01
8.62667017e-01
8.45631399e-01
8.21048705e-01
7.83838281e-01
7.23735496e-01
6.20622823e-01
4.47168848e-01
2.27453442e-01
SCALARS pressure double 1
LOOKUP_TABLE default
-1.48907550e-01
-1.47792725e-01
-1.47194061e-01
-1.46657813e-01
-1.46103240e-01
-1.45494483e-01
-1.44811972e-01
-1.44043826e-01
-1.43183562e-01
-1.42228493e-01
-1.41178574e-01
-1.40035166e-01
-1.38800553e-01
-1.37477306e-01
-1.36068337e-01
-1.34576521e-01
-1.33004979e-01
-1.31356743e-01
-1.29635140e-01
-1.27843418e-01
-1.25985191e-01
-1.24063999e-01
-1.22083801e-01
-1.20048463e-01
-1.17962309e-01
-1.15829540e-01
-1.13654840e-01
-1.11442732e-01
-1.09198238e-01
-1.06926178e-01
-1.04631883e-01
-1.02320435e-01
-9.99974318e-02
-9.76681792e-02
-9.53384916e-02
-9.30138452e-02
-9.07002128e-02
-8.84031810e-02
-8.61288110e-02
-8.38827301e-02
-8.16710079e-02
-7.94992342e-02
-7.73734000e-02
-7.52989743e-02
-7.32817794e-02
-7.13270819e-02
-6.94404499e-02
-6.76268725e-02
-6.58915832e-02
-6.42392125e-02
-6.26745467e-02
-6.12016955e-02
-5.98247179e-02
-5.85467326e-02
-5.73702622e-02
-5.62960812e-02
-5.53229413e-02
-5.44457780e-02
-5.36545267e-02
-5.29315394e-02
-5.22477564e-02
-5.15489635e-02
-5.07144211e-02
-4.90391028e-02
-1.47608844e-01
-1.46824040e-01
-1.46306928e-01
-1.45784984e-01
-1.45230042e-01
-1.44619766e-01
-1.43938886e-01
-1.43177514e-01
-1.42329639e-01
-1.41392367e-01
-1.40364795e-01
-1.39247610e-01
-1.38042224e-01
-1.36750808e-01
-1.35375666e-01
-1.33919569e-01
-1.32385206e-01
-1.30775695e-01
-1.29093997e-01
-1.27343550e-01
-1.25527602e-01
-1.23649937e-01
-1.21714114e-01
-1.19724285e-01
-1.17684331e-01
-1.15598771e-01
-1.13471802e-01
-1.11308298e-01
-1.09112753e-01
-1.06890368e-01
-1.04645907e-01
-1.02384863e-01
-1.00112232e-01
-9.78337551e-02
-9.55546157e-02
-9.32807459e-02
-9.10174640e-02
-8.87708284e-02
-8.65462283e-02
-8.43497727e-02
-8.21868502e-02
-8.00635352e-02
-7.79851364e-02
-7.59576014e-02
-7.39860737e-02
-7.20762766e-02
-7.02330990e-02
-6.84619336e-02
-6.67673079e-02
-6.51541442e-02
-6.36264375e-02
-6.21883836e-02
-6.08430780e-02
-5.95934206e-02
-5.84407564e-02
-5.73854022e-02
-5.64250843e-02
-5.55549219e-02
-5.47656095e-02
-5.40428276e-02
-5.33649501e-02
-5.27017756e-02
-5.20194890e-02
-5.09031428e-02
-1.46769225e-01
-1.46126323e-01
-1.45689410e-01
-1.45203661e-01
-1.44663397e-01
-1.44058732e-01
-1.43380878e-01
-1.42623119e-01
-1.41781178e-01
-1.40852565e-01
-1.39836571e-01
-1.38733403e-01
-1.37544363e-01
-1.36271025e-01
-1.34915690e-01
-1.33480591e-01
-1.31968584e-01
-1.30382288e-01
-1.28724963e-01
-1.26999542e-01
-1.25209663e-01
-1.23358568e-01
-1.21450276e-01
-1.19488341e-01
-1.17477164e-01
-1.15420605e-01
-1.13323438e-01
-1.11189818e-01
-1.09024869e-01
-1.06833015e-01
-1.04619703e-01
-1.02389593e-01
-1.00148413e-01
-9.79010245e-02
-9.56533821e-02
-9.34105008e-02
-9.11785021e-02
-8.89624984e-02
-8.67687058e-02
-8.46022694e-02
-8.24694173e-02
-8.03752540e-02
-7.83259277e-02
-7.63264208e-02
-7.43827001e-02
-7.24995351e-02
-7.06825966e-02
-6.89363323e-02
-6.72659733e-02
-6.56754884e-02
-6.41694472e-02
-6.27510608e-02
-6.14238325e-02
-6.01896692e-02
-5.90502330e-02
-5.80050937e-02
-5.70527121e-02
-5.61886877e-02
-5.54065121e-02
-5.46963523e-02
-5.40465315e-02
-5.34456076e-02
-5.28927839e-02
-5.19914265e-02
-1.46039412e-01
-1.45490530e-01
-1.45121049e-01
-1.44677681e-01
-1.44162349e-01
-1.43572648e-01
-1.42904763e-01
-1.42155374e-01
-1.41321882e-01
-1.40403014e-01
-1.39398209e-01
-1.38308058e-01
-1.37133446e-01
-1.35876160e-01
-1.34537932e-01
-1.33121281e-01
-1.31628450e-01
-1.30062467e-01
-1.28425944e-01
-1.26722337e-01
-1.24954582e-01
-1.23126543e-01
-1.21241464e-01
-1.19303611e-01
-1.17316529e-01
-1.15284876e-01
-1.13212485e-01
-1.11104391e-01
-1.08964698e-01
-1.06798786e-01
-1.04611005e-01
-1.02407048e-01
-1.00191475e-01
-9.79702435e-02
-9.57480839e-02
-9.35311617e-02
-9.13243285e-02
-8.91338892e-02
-8.69647589e-02
-8.48233030e-02
-8.27144333e-02
-8.06444859e-02
-7.86182940e-02
-7.66420632e-02
-7.47204620e-02
-7.28594512e-02
-7.10634316e-02
-6.93379804e-02
-6.76870935e-02
-6.61157738e-02
-6.46273981e-02
-6.32260959e-02
-6.19142602e-02
-6.06946498e-02
-5.95680665e-02
-5.85351367e-02
-5.75942322e-02
-5.67430191e-02
-5.59769310e-02
-5.52909878e-02
-5.46798573e-02
-5.41418210e-02
-5.36835103e-02
-5.29005098e-02
-1.45412119e-01
-1.44939672e-01
-1.44627227e-01
-1.44224859e-01
-1.43737743e-01
-1.43167361e-01
-1.42513577e-01
-1.41775424e-01
-1.40952292e-01
-1.40043674e-01
-1.39049941e-01
-1.37971581e-01
-1.36809991e-01
-1.35566469e-01
-1.34243196e-01
-1.32842038e-01
-1.31365762e-01
-1.29816652e-01
-1.28197958e-01
-1.26512308e-01
-1.24763395e-01
-1.22954160e-01
-1.21088721e-01
-1.19170320e-01
-1.17203489e-01
-1.15191753e-01
-1.13140045e-01
-1.11052160e-01
-1.08933406e-01
-1.06787829e-01
-1.04621077e-01
-1.02437418e-01
-1.00242801e-01
-9.80416802e-02
-9.58402531e-02
-9.36431153e-02
-9.14566501e-02
-8.92855444e-02
-8.71362914e-02
-8.50136098e-02
-8.29240165e-02
-8.08721931e-02
-7.88645819e-02
-7.69057483e-02
-7.50019485e-02
-7.31575382e-02
-7.13784560e-02
-6.96687294e-02
-6.80338128e-02
-6.64772382e-02
-6.50037425e-02
-6.36161065e-02
-6.23180064e-02
-6.11110868e-02
-5.99974903e-02
-5.89772434e-02
-5.80504928e-02
-5.72154018e-02
-5.64703203e-02
-5.58126621e-02
-5.52416137e-02
-5.47588537e-02
-5.43723146e-02
-5.36748313e-02
-1.44900166e-01
-1.44489392e-01
-1.44224265e-01
-1.43858716e-01
-1.43399139e-01
-1.42849363e-01
-1.42211222e-01
-1.41485871e-01
-1.40673771e-01
-1.39775742e-01
-1.38792351e-01
-1.37724904e-01
-1.36574463e-01
-1.35342966e-01
-1.34031967e-01
-1.32643985e-01
-1.31180994e-01
-1.29646026e-01
-1.28041411e-01
-1.26370653e-01
-1.24636403e-01
-1.22842615e-01
-1.20992240e-01
-1.19089669e-01
-1.17138137e-01
-1.15142456e-01
-1.13106133e-01
-1.11034383e-01
-1.08930964e-01
-1.06801464e-01
-1.04649872e-01
-1.02482112e-01
-1.00302370e-01
-9.81168609e-02
-9.59299310e-02
-9.37480266e-02
-9.15756099e-02
-8.94192874e-02
-8.72835853e-02
-8.51751876e-02
-8.30986228e-02
-8.10605582e-02
-7.90654530e-02
-7.71198500e-02
-7.52280554e-02
-7.33963639e-02
-7.16288259e-02
-6.99313386e-02
-6.83075622e-02
-6.67628053e-02
-6.53001492e-02
-6.39240573e-02
-6.26367692e-02
-6.14415753e-02
-6.03395612e-02
-5.93325303e-02
-5.84202384e-02
-5.76030501e-02
-5.68799220e-02
-5.62510261e-02
-5.57168438e-02
-5.52809652e-02
-5.49501596e-02
-5.43184748e-02
-1.44513354e-01
-1.44150284e-01
-1.43923281e-01
-1.43589083e-01
-1.43154599e-01
-1.42624478e-01
-1.42002105e-01
-1.41289540e-01
-1.40488640e-01
-1.39600565e-01
-1.38626915e-01
-1.37568805e-01
-1.36428116e-01
-1.35206229e-01
-1.33905484e-01
-1.32527600e-01
-1.31075406e-01
-1.29550960e-01
-1.27957572e-01
-1.26297617e-01
-1.24574875e-01
-1.22792019e-01
-1.20953286e-01
-1.19061633e-01
-1.17121742e-01
-1.15136842e-01
-1.13112041e-01
-1.11050823e-01
-1.08958701e-01
-1.06839393e-01
-1.04698785e-01
-1.02540801e-01
-1.00371660e-01
-9.81954621e-02
-9.60187003e-02
-9.38456162e-02
-9.16829111e-02
-8.95349201e-02
-8.74084766e-02
-8.53079539e-02
-8.32402277e-02
-8.12096457e-02
-7.92230229e-02
-7.72846065e-02
-7.54010332e-02
-7.35763608e-02
-7.18169110e-02
-7.01264408e-02
-6.85107918e-02
-6.69732748e-02
-6.55190452e-02
-6.41507749e-02
-6.28726830e-02
-6.16865770e-02
-6.05954905e-02
-5.96002078e-02
-5.87025146e-02
-5.79023769e-02
-5.72008888e-02
-5.65983155e-02
-5.60968185e-02
-5.56994249e-02
-5.54122286e-02
-5.48305780e-02
-1.44255485e-01
-1.43928576e-01
-1.43731427e-01
-1.43423163e-01
-1.43010261e-01
-1.42497986e-01
-1.41890083e-01
-1.41189727e-01
-1.40399040e-01
-1.39520252e-01
-1.38554840e-01
-1.37504860e-01
-1.36371705e-01
-1.35157654e-01
-1.33864271e-01
-1.32494228e-01
-1.31049358e-01
-1.29532790e-01
-1.27946648e-01
-1.26294533e-01
-1.24578858e-01
-1.22803698e-01
-1.20971746e-01
-1.19087541e-01
-1.17154046e-01
-1.15176253e-01
-1.13157379e-01
-1.11102850e-01
-1.09016123e-01
-1.06903029e-01
-1.04767242e-01
-1.02614960e-01
-1.00450052e-01
-9.82790327e-02
-9.61059298e-02
-9.39375188e-02
-9.17779449e-02
-8.96341703e-02
-8.75104115e-02
-8.54137320e-02
-8.33483628e-02
-8.13213706e-02
-7.93369347e-02
-7.74020132e-02
-7.55206554e-02
-7.36995834e-02
-7.19426221e-02
-7.02561094e-02
-6.86435286e-02
-6.71106570e-02
-6.56604876e-02
-6.42980302e-02
-6.30256111e-02
-6.18472565e-02
-6.07644730e-02
-5.97801722e-02
-5.88950647e-02
-5.81111319e-02
-5.74287881e-02
-5.68499172e-02
-5.63758958e-02
-5.60100947e-02
-5.57566021e-02
-5.52130691e-02
-1.44126901e-01
-1.43827269e-01
-1.43653270e-01
-1.43365795e-01
-1.42971035e-01
-1.42473960e-01
-1.41878940e-01
-1.41189152e-01
-1.40407640e-01
-1.39536476e-01
-1.38578097e-01
-1.37534106e-01
-1.36406863e-01
-1.35197905e-01
-1.33909823e-01
-1.32544295e-01
-1.31104299e-01
-1.29591749e-01
-1.28010074e-01
-1.26361451e-01
-1.24649786e-01
-1.22877528e-01
-1.21049062e-01
-1.19167100e-01
-1.17236503e-01
-1.15260238e-01
-1.13243625e-01
-1.11189874e-01
-1.09104741e-01
-1.06991663e-01
-1.04856798e-01
-1.02703788e-01
-1.00539153e-01
-9.83667096e-02
-9.61932854e-02
-9.40228382e-02
-9.18624364e-02
-8.97161378e-02
-8.75911711e-02
-8.54916452e-02
-8.34248557e-02
-8.13949041e-02
-7.94090466e-02
-7.74713086e-02
-7.55887860e-02
-7.37653467e-02
-7.20077896e-02
-7.03197268e-02
-6.87075026e-02
-6.71743528e-02
-6.57259858e-02
-6.43651169e-02
-6.30966217e-02
-6.19225482e-02
-6.08467709e-02
-5.98705978e-02
-5.89968824e-02
-5.82263565e-02
-5.75611786e-02
-5.70020977e-02
-5.65513781e-02
-5.62108012e-02
-5.59837834e-02
-5.54694572e-02
-1.44126456e-01
-1.43847665e-01
-1.43691410e-01
-1.43420517e-01
-1.43040362e-01
-1.42556032e-01
-1.41971567e-01
-1.41290796e-01
-1.40516483e-01
-1.39651574e-01
-1.38698041e-01
-1.37658464e-01
-1.36534479e-01
-1.35328693e-01
-1.34042716e-01
-1.32679424e-01
-1.31240571e-01
-1.29729434e-01
-1.28147987e-01
-1.26499970e-01
-1.24787607e-01
-1.23015121e-01
-1.21184994e-01
-1.19301941e-01
-1.17368696e-01
-1.15390455e-01
-1.13370196e-01
-1.11313583e-01
-1.09223824e-01
-1.07107020e-01
-1.04966594e-01
-1.02809049e-01
-1.00637997e-01
-9.84602943e-02
-9.62797151e-02
-9.41034085e-02
-9.19352743e-02
-8.97826797e-02
-8.76496087e-02
-8.55435587e-02
-8.34685464e-02
-8.14320986e-02
-7.94382039e-02
-7.74943034e-02
-7.56042871e-02
-7.37753809e-02
-7.20112918e-02
-7.03188851e-02
-6.87015837e-02
-6.71657277e-02
-6.57143338e-02
-6.43530335e-02
-6.30843005e-02
-6.19128721e-02
-6.08405597e-02
-5.98710768e-02
-5.90055533e-02
-5.82467179e-02
-5.75952285e-02
-5.70531511e-02
-5.66211743e-02
-5.63012958e-02
-5.60949120e-02
-5.56038190e-02
-1.44252710e-01
-1.43990046e-01
-1.43847576e-01
-1.43589583e-01
-1.43221170e-01
-1.42746815e-01
-1.42170917e-01
-1.41496868e-01
-1.40728148e-01
-1.39867189e-01
-1.38916885e-01
-1.37879096e-01
-1.36756528e-01
-1.35550820e-01
-1.34264807e-01
-1.32900145e-01
-1.31459989e-01
-1.29946149e-01
-1.28362207e-01
-1.26710189e-01
-1.24994156e-01
-1.23216377e-01
-1.21381411e-01
-1.19491773e-01
-1.17552525e-01
-1.15566426e-01
-1.13539028e-01
-1.11473325e-01
-1.09375340e-01
-1.07248287e-01
-1.05098630e-01
-1.02929782e-01
-1.00748608e-01
-9.85586985e-02
-9.63672592e-02
-9.41780325e-02
-9.19984972e-02
-8.98325094e-02
-8.76877403e-02
-8.55681152e-02
-8.34814022e-02
-8.14315427e-02
-7.94262922e-02
-7.74695456e-02
-7.55689224e-02
-7.37281976e-02
-7.19547175e-02
-7.02520502e-02
-6.86271150e-02
-6.70831683e-02
-6.56265298e-02
-6.42600197e-02
-6.29891684e-02
-6.18162231e-02
-6.07457407e-02
-5.97792822e-02
-5.89203089e-02
-5.81696815e-02
-5.75297920e-02
-5.70009646e-02
-5.65847527e-02
-5.62813150e-02
-5.60918090e-02
-5.56195828e-02
-1.44504226e-01
-1.44254497e-01
-1.44122731e-01
-1.43874942e-01
-1.43515481e-01
-1.43048934e-01
-1.42479132e-01
-1.41810009e-01
-1.41044466e-01
-1.40185760e-01
-1.39236057e-01
-1.38198243e-01
-1.37074077e-01
-1.35866410e-01
-1.34576874e-01
-1.33208536e-01
-1.31763088e-01
-1.30243973e-01
-1.28653048e-01
-1.26994213e-01
-1.25269544e-01
-1.23483441e-01
-1.21638215e-01
-1.19738783e-01
-1.17787695e-01
-1.15790382e-01
-1.13749630e-01
-1.11671369e-01
-1.09558612e-01
-1.07417763e-01
-1.05252048e-01
-1.03068308e-01
-1.00869963e-01
-9.86642450e-02
-9.64547416e-02
-9.42490146e-02
-9.20507912e-02
-8.98678862e-02
-8.77041288e-02
-8.55674975e-02
-8.34618772e-02
-8.13953060e-02
-7.93716696e-02
-7.73989476e-02
-7.54809618e-02
-7.36255017e-02
-7.18362487e-02
-7.01206567e-02
-6.84821759e-02
-6.69277608e-02
-6.54605187e-02
-6.40867191e-02
-6.28089903e-02
-6.16327097e-02
-6.05598728e-02
-5.95947585e-02
-5.87385914e-02
-5.79943979e-02
-5.73625754e-02
-5.68448670e-02
-5.64409402e-02
-5.61514383e-02
-5.59756715e-02
-5.55198114e-02
-1.44879998e-01
-1.44640961e-01
-1.44517882e-01
-1.44277944e-01
-1.43925428e-01
-1.43464295e-01
-1.42898754e-01
-1.42232122e-01
-1.41468010e-01
-1.40608940e-01
-1.39658037e-01
-1.38617255e-01
-1.37489527e-01
-1.36276527e-01
-1.34981279e-01
-1.33605410e-01
-1.32152239e-01
-1.30623494e-01
-1.29022917e-01
-1.27352416e-01
-1.25616226e-01
-1.23816475e-01
-1.21957919e-01
-1.20042920e-01
-1.18076768e-01
-1.16062059e-01
-1.14004609e-01
-1.11907242e-01
-1.09776281e-01
-1.07614771e-01
-1.05429510e-01
-1.03223750e-01
-1.01004723e-01
-9.87758663e-02
-9.65447949e-02
-9.43151069e-02
-9.20947296e-02
-8.98873925e-02
-8.77012519e-02
-8.55401291e-02
-8.34123115e-02
-8.13216642e-02
-7.92764923e-02
-7.72806476e-02
-7.53423262e-02
-7.34652985e-02
-7.16575117e-02
-6.99225749e-02
-6.82680302e-02
-6.66972270e-02
-6.52171243e-02
-6.38306856e-02
-6.25440773e-02
-6.13597138e-02
-6.02827263e-02
-5.93147842e-02
-5.84597279e-02
-5.77182905e-02
-5.70928106e-02
-5.65829743e-02
-5.61895558e-02
-5.59113180e-02
-5.57477797e-02
-5.53064849e-02
-1.45379403e-01
-1.45149776e-01
-1.45033838e-01
-1.44800233e-01
-1.44452630e-01
-1.43995244e-01
-1.43431669e-01
-1.42765823e-01
-1.42000598e-01
-1.41139396e-01
-1.40184434e-01
-1.39138786e-01
-1.38004240e-01
-1.36783824e-01
-1.35479150e-01
-1.34093447e-01
-1.32628345e-01
-1.31087441e-01
-1.29472499e-01
-1.27787588e-01
-1.26034668e-01
-1.24218331e-01
-1.22340763e-01
-1.20407099e-01
-1.18419759e-01
-1.16384426e-01
-1.14303751e-01
-1.12183952e-01
-1.10027905e-01
-1.07842341e-01
-1.05630349e-01
-1.03399138e-01
-1.01151997e-01
-9.88965644e-02
-9.66363116e-02
-9.43792456e-02
-9.21289941e-02
-8.98938573e-02
-8.76775875e-02
-8.54886860e-02
-8.33309886e-02
-8.12130901e-02
-7.91388589e-02
-7.71168614e-02
-7.51509375e-02
-7.32494891e-02
-7.14162564e-02
-6.96593266e-02
-6.79822536e-02
-6.63926401e-02
-6.48937418e-02
-6.34924756e-02
-6.21916454e-02
-6.09972343e-02
-5.99113841e-02
-5.89388434e-02
-5.80808314e-02
-5.73405384e-02
-5.67180061e-02
-5.62146096e-02
-5.58291005e-02
-5.55610666e-02
-5.54083079e-02
-5.49811007e-02
-1.46002501e-01
-1.45781477e-01
-1.45671901e-01
-1.45443213e-01
-1.45099238e-01
-1.44643627e-01
-1.44080484e-01
-1.43413055e-01
-1.42645037e-01
-1.41778973e-01
-1.40818135e-01
-1.39764499e-01
-1.38621152e-01
-1.37389755e-01
-1.36073475e-01
-1.34673889e-01
-1.33194461e-01
-1.31636839e-01
-1.30004924e-01
-1.28300530e-01
-1.26528075e-01
-1.24689583e-01
-1.22790025e-01
-1.20831654e-01
-1.18820008e-01
-1.16757572e-01
-1.14650445e-01
-1.12501341e-01
-1.10316902e-01
-1.08100064e-01
-1.05857985e-01
-1.03593813e-01
-1.01315180e-01
-9.90254306e-02
-9.67326210e-02
-9.44402755e-02
-9.21568031e-02
-8.98858828e-02
-8.76361933e-02
-8.54115335e-02
-8.32207510e-02
-8.10677202e-02
-7.89613402e-02
-7.69055060e-02
-7.49090358e-02
-7.29757802e-02
-7.11143302e-02
-6.93284145e-02
-6.76262345e-02
-6.60112995e-02
-6.44912317e-02
-6.30691866e-02
-6.17519715e-02
-6.05421912e-02
-5.94455331e-02
-5.84637739e-02
-5.76011044e-02
-5.68581350e-02
-5.62371682e-02
-5.57373517e-02
-5.53588648e-02
-5.50994094e-02
-5.49573505e-02
-5.45439471e-02
-1.46749848e-01
-1.46537246e-01
-1.46433425e-01
-1.46208932e-01
-1.45867112e-01
-1.45412049e-01
-1.44847262e-01
-1.44176735e-01
-1.43403387e-01
-1.42530754e-01
-1.41561083e-01
-1.40497587e-01
-1.39342043e-01
-1.38097608e-01
-1.36765848e-01
-1.35350118e-01
-1.33851977e-01
-1.32275164e-01
-1.30621363e-01
-1.28894811e-01
-1.27097385e-01
-1.25233878e-01
-1.23306393e-01
-1.21320303e-01
-1.19277942e-01
-1.17185270e-01
-1.15044851e-01
-1.12863218e-01
-1.10643161e-01
-1.08391762e-01
-1.06112035e-01
-1.03811576e-01
-1.01493609e-01
-9.91662047e-02
-9.68327837e-02
-9.45018283e-02
-9.21769404e-02
-8.98669387e-02
-8.75755785e-02
-8.53119215e-02
-8.30798392e-02
-8.08885247e-02
-7.87419165e-02
-7.66492109e-02
-7.46143532e-02
-7.26463987e-02
-7.07492283e-02
-6.89315984e-02
-6.71972392e-02
-6.55544295e-02
-6.40066345e-02
-6.25614393e-02
-6.12218760e-02
-5.99945531e-02
-5.88818135e-02
-5.78889110e-02
-5.70171395e-02
-5.62699364e-02
-5.56471333e-02
-5.51499182e-02
-5.47763904e-02
-5.45254065e-02
-5.43936631e-02
-5.39948616e-02
-1.47622745e-01
-1.47418582e-01
-1.47320491e-01
-1.47099372e-01
-1.46758919e-01
-1.46302741e-01
-1.45735040e-01
-1.45059143e-01
-1.44278912e-01
-1.43396961e-01
-1.42416711e-01
-1.41340152e-01
-1.40170486e-01
-1.38909334e-01
-1.37559971e-01
-1.36123904e-01
-1.34604715e-01
-1.33003978e-01
-1.31325745e-01
-1.29571755e-01
-1.27746617e-01
-1.25852287e-01
-1.23893965e-01
-1.21873842e-01
-1.19797723e-01
-1.17668033e-01
-1.15491174e-01
-1.13269803e-01
-1.11010904e-01
-1.08717359e-01
-1.06396707e-01
-1.04052051e-01
-1.01691444e-01
-9.93182070e-02
-9.69408577e-02
-9.45629183e-02
-9.21933081e-02
-8.98357328e-02
-8.74994278e-02
-8.51882530e-02
-8.29116558e-02
-8.06736079e-02
-7.84836446e-02
-7.63457939e-02
-7.42695374e-02
-7.22588916e-02
-7.03231274e-02
-6.84661700e-02
-6.66969073e-02
-6.50190747e-02
-6.34409789e-02
-6.19660286e-02
-6.06017001e-02
-5.93508640e-02
-5.82198250e-02
-5.72105882e-02
-5.63278239e-02
-5.55722205e-02
-5.49462693e-02
-5.44488721e-02
-5.40799248e-02
-5.38364134e-02
-5.37158717e-02
-5.33324329e-02
-1.48622979e-01
-1.48427745e-01
-1.48335347e-01
-1.48117371e-01
-1.47777147e-01
-1.47318912e-01
-1.46746362e-01
-1.46063737e-01
-1.45274117e-01
-1.44381247e-01
-1.43387439e-01
-1.42296033e-01
-1.41108787e-01
-1.39828945e-01
-1.38458005e-01
-1.36999411e-01
-1.35454647e-01
-1.33827576e-01
-1.32119812e-01
-1.30335764e-01
-1.28477254e-01
-1.26549293e-01
-1.24553938e-01
-1.22496823e-01
-1.20380245e-01
-1.18210458e-01
-1.15989996e-01
-1.13725722e-01
-1.11420398e-01
-1.09081476e-01
-1.06711947e-01
-1.04319817e-01
-1.01908305e-01
-9.94859304e-02
-9.70561333e-02
-9.46278937e-02
-9.22048618e-02
-8.97964041e-02
-8.74063606e-02
-8.50443896e-02
-8.27144868e-02
-8.04264854e-02
-7.81844863e-02
-7.59983587e-02
-7.38722438e-02
-7.18158892e-02
-6.98333980e-02
-6.79342244e-02
-6.61223426e-02
-6.44067249e-02
-6.27911037e-02
-6.12837509e-02
-5.98879954e-02
-5.86111231e-02
-5.74558010e-02
-5.64279250e-02
-5.55290923e-02
-5.47632542e-02
-5.41303890e-02
-5.36318791e-02
-5.32655892e-02
-5.30300156e-02
-5.29210472e-02
-5.25548247e-02
-1.49753095e-01
-1.49567372e-01
-1.49481125e-01
-1.49265802e-01
-1.48925277e-01
-1.48463449e-01
-1.47884917e-01
-1.47193329e-01
-1.46392878e-01
-1.45486350e-01
-1.44477352e-01
-1.43367889e-01
-1.42161252e-01
-1.40858993e-01
-1.39464449e-01
-1.37979038e-01
-1.36406436e-01
-1.34748143e-01
-1.33008353e-01
-1.31188764e-01
-1.29294178e-01
-1.27326529e-01
-1.25291263e-01
-1.23190560e-01
-1.21030509e-01
-1.18813530e-01
-1.16546349e-01
-1.14231619e-01
-1.11876679e-01
-1.09484417e-01
-1.07062762e-01
-1.04614835e-01
-1.02149123e-01
-9.96689825e-02
-9.71834138e-02
-9.46960055e-02
-9.22162110e-02
-8.97478411e-02
-8.73007195e-02
-8.48788549e-02
-8.24923341e-02
-8.01453211e-02
-7.78480322e-02
-7.56047251e-02
-7.34255880e-02
-7.13148928e-02
-6.92826233e-02
-6.73329740e-02
-6.54755351e-02
-6.37143203e-02
-6.20583240e-02
-6.05112553e-02
-5.90812787e-02
-5.77716187e-02
-5.65892970e-02
-5.55367523e-02
-5.46193976e-02
-5.38383907e-02
-5.31968724e-02
-5.26940495e-02
-5.23300770e-02
-5.21017157e-02
-5.20059777e-02
-5.16588055e-02
-1.51016144e-01
-1.50840987e-01
-1.50761225e-01
-1.50548559e-01
-1.50206671e-01
-1.49740363e-01
-1.49153891e-01
-1.48452039e-01
-1.47638255e-01
-1.46716586e-01
-1.45689449e-01
-1.44560294e-01
-1.43330821e-01
-1.42004305e-01
-1.40582140e-01
-1.39067818e-01
-1.37462737e-01
-1.35770865e-01
-1.33993774e-01
-1.32136045e-01
-1.30199492e-01
-1.28189356e-01
-1.26107709e-01
-1.23960461e-01
-1.21749932e-01
-1.19482689e-01
-1.17161290e-01
-1.14792944e-01
-1.12380442e-01
-1.09931613e-01
-1.07449484e-01
-1.04942477e-01
-1.02413865e-01
-9.98726289e-02
-9.73222907e-02
-9.47723452e-02
-9.22265638e-02
-8.96948866e-02
-8.71813227e-02
-8.46961633e-02
-8.22436237e-02
-7.98342227e-02
-7.74723261e-02
-7.51685250e-02
-7.29272563e-02
-7.07590017e-02
-6.86681706e-02
-6.66649356e-02
-6.47535703e-02
-6.29437329e-02
-6.12394500e-02
-5.96496589e-02
-5.81780186e-02
-5.68325184e-02
-5.56162755e-02
-5.45360150e-02
-5.35939847e-02
-5.27951175e-02
-5.21401825e-02
-5.16314937e-02
-5.12674761e-02
-5.10469550e-02
-5.09654665e-02
-5.06405076e-02
-1.52416053e-01
-1.52252638e-01
-1.52180132e-01
-1.51969673e-01
-1.51625819e-01
-1.51153331e-01
-1.50557702e-01
-1.49843272e-01
-1.49014779e-01
-1.48075274e-01
-1.47028543e-01
-1.45876564e-01
-1.44622629e-01
-1.43268161e-01
-1.41816485e-01
-1.40268904e-01
-1.38629152e-01
-1.36898670e-01
-1.35081799e-01
-1.33180232e-01
-1.31198992e-01
-1.29140047e-01
-1.27009115e-01
-1.24808425e-01
-1.22544377e-01
-1.20219446e-01
-1.17840693e-01
-1.15410826e-01
-1.12937550e-01
-1.10423810e-01
-1.07877933e-01
-1.05303108e-01
-1.02708262e-01
-1.00096845e-01
-9.74783476e-02
-9.48564909e-02
-9.22412802e-02
-8.96367095e-02
-8.70532210e-02
-8.44950650e-02
-8.19730115e-02
-7.94915226e-02
-7.70615495e-02
-7.46876906e-02
-7.23808940e-02
-7.01457882e-02
-6.79931047e-02
-6.59273774e-02
-6.39588946e-02
-6.20919709e-02
-6.03362379e-02
-5.86956874e-02
-5.71791122e-02
-5.57901039e-02
-5.45364461e-02
-5.34212149e-02
-5.24509110e-02
-5.16277614e-02
-5.09563694e-02
-5.04372981e-02
-5.00721063e-02
-4.98584247e-02
-4.97935000e-02
-4.94941373e-02
-1.53957492e-01
-1.53807573e-01
-1.53742823e-01
-1.53534390e-01
-1.53187111e-01
-1.52707199e-01
-1.52100159e-01
-1.51371767e-01
-1.50526054e-01
-1.49567407e-01
-1.48498278e-01
-1.47322098e-01
-1.46040388e-01
-1.44656334e-01
-1.43171155e-01
-1.41588332e-01
-1.39909169e-01
-1.38137744e-01
-1.36275621e-01
-1.34327586e-01
-1.32295506e-01
-1.30184895e-01
-1.27997904e-01
-1.25740755e-01
-1.23415855e-01
-1.21030108e-01
-1.18586155e-01
-1.16091562e-01
-1.13549199e-01
-1.10967277e-01
-1.08348907e-01
-1.05702929e-01
-1.03032716e-01
-1.00347712e-01
-9.76515784e-02
-9.49543318e-02
-9.22599340e-02
-8.95789193e-02
-8.69155522e-02
-8.42807949e-02
-8.16791875e-02
-7.91219892e-02
-7.66139505e-02
-7.41664492e-02
-7.17843389e-02
-6.94788908e-02
-6.72549175e-02
-6.51233278e-02
-6.30887343e-02
-6.11614298e-02
-5.93456944e-02
-5.76510069e-02
-5.60812611e-02
-5.46450279e-02
-5.33458644e-02
-5.21914187e-02
-5.11849509e-02
-5.03330241e-02
-4.96382612e-02
-4.91053300e-02
-4.87349434e-02
-4.85279990e-02
-4.84810711e-02
-4.82124337e-02
-1.55646500e-01
-1.55512055e-01
-1.55455761e-01
-1.55248243e-01
-1.54896121e-01
-1.54406337e-01
-1.53786232e-01
-1.53041364e-01
-1.52177162e-01
-1.51196870e-01
-1.50104239e-01
-1.48900993e-01
-1.47590209e-01
-1.46173022e-01
-1.44652638e-01
-1.43030200e-01
-1.41309486e-01
-1.39491917e-01
-1.37582018e-01
-1.35581555e-01
-1.33495824e-01
-1.31326910e-01
-1.29080854e-01
-1.26760012e-01
-1.24371127e-01
-1.21916791e-01
-1.19404423e-01
-1.16836837e-01
-1.14222108e-01
-1.11563282e-01
-1.08869080e-01
-1.06142802e-01
-1.03393806e-01
-1.00625683e-01
-9.78484096e-02
-9.50658971e-02
-9.22887100e-02
-8.95211013e-02
-8.67741586e-02
-8.40524723e-02
-8.13675464e-02
-7.87242637e-02
-7.61343822e-02
-7.36029787e-02
-7.11418397e-02
-6.87560803e-02
-6.64572332e-02
-6.42502521e-02
-6.21461048e-02
-6.01493850e-02
-5.82702234e-02
-5.65127408e-02
-5.48861046e-02
-5.33940497e-02
-5.20449038e-02
-5.08423524e-02
-4.97942030e-02
-4.89044440e-02
-4.81803912e-02
-4.76259105e-02
-4.72464926e-02
-4.70434894e-02
-4.70169113e-02
-4.67847100e-02
-1.57490769e-01
-1.57374431e-01
-1.57326438e-01
-1.57118202e-01
-1.56758185e-01
-1.56256087e-01
-1.55619959e-01
-1.54857086e-01
-1.53972060e-01
-1.52969274e-01
-1.51850798e-01
-1.50619630e-01
-1.49276799e-01
-1.47825176e-01
-1.46265691e-01
-1.44601765e-01
-1.42834640e-01
-1.40968546e-01
-1.39005139e-01
-1.36949486e-01
-1.34803617e-01
-1.32573391e-01
-1.30261136e-01
-1.27873440e-01
-1.25412871e-01
-1.22886699e-01
-1.20297708e-01
-1.17653827e-01
-1.14958053e-01
-1.12218967e-01
-1.09439806e-01
-1.06629806e-01
-1.03792481e-01
-1.00937721e-01
-9.80693691e-02
-9.51979569e-02
-9.23276969e-02
-8.94697288e-02
-8.66286580e-02
-8.38161565e-02
-8.10372057e-02
-7.83038766e-02
-7.56214512e-02
-7.30021900e-02
-7.04515243e-02
-6.79816099e-02
-6.55977980e-02
-6.33117743e-02
-6.11285321e-02
-5.90589074e-02
-5.71072981e-02
-5.52834281e-02
-5.35910731e-02
-5.20389093e-02
-5.06304964e-02
-4.93740477e-02
-4.82738259e-02
-4.73385449e-02
-4.65740844e-02
-4.59899438e-02
-4.55928073e-02
-4.53902046e-02
-4.53843605e-02
-4.51963941e-02
-1.59501120e-01
-1.59405551e-01
-1.59364660e-01
-1.59151600e-01
-1.58779512e-01
-1.58260749e-01
-1.57606101e-01
-1.56822657e-01
-1.55916076e-01
-1.54889026e-01
-1.53744440e-01
-1.52483151e-01
-1.51107559e-01
-1.49618257e-01
-1.48018199e-01
-1.46308375e-01
-1.44492664e-01
-1.42572588e-01
-1.40552973e-01
-1.38435805e-01
-1.36226768e-01
-1.33928193e-01
-1.31546524e-01
-1.29084342e-01
-1.26548781e-01
-1.23942623e-01
-1.21273656e-01
-1.18544851e-01
-1.15764643e-01
-1.12936215e-01
-1.10068658e-01
-1.07165411e-01
-1.04236234e-01
-1.01284888e-01
-9.83218116e-02
-9.53511475e-02
-9.23840110e-02
-8.94249796e-02
-8.64858060e-02
-8.35715221e-02
-8.06944245e-02
-7.78599608e-02
-7.50807969e-02
-7.23626702e-02
-6.97183354e-02
-6.71535850e-02
-6.46808655e-02
-6.23056837e-02
-6.00396931e-02
-5.78877291e-02
-5.58601927e-02
-5.39609910e-02
-5.21990889e-02
-5.05776619e-02
-4.91047231e-02
-4.77837768e-02
-4.66233783e-02
-4.56293993e-02
-4.48131010e-02
-4.41846160e-02
-4.37584450e-02
-4.35468573e-02
-4.35608652e-02
-4.34253331e-02
-1.61693377e-01
-1.61620917e-01
-1.61582303e-01
-1.61357031e-01
-1.60965172e-01
-1.60424642e-01
-1.59747648e-01
-1.58942554e-01
-1.58013170e-01
-1.56962370e-01
-1.55790550e-01
-1.54499329e-01
-1.53088678e-01
-1.51560855e-01
-1.49916445e-01
-1.48158867e-01
-1.46289466e-01
-1.44312801e-01
-1.42230830e-01
-1.40049077e-01
-1.37769920e-01
-1.35399686e-01
-1.32941018e-01
-1.30400939e-01
-1.27782275e-01
-1.25092689e-01
-1.22335163e-01
-1.19517986e-01
-1.16644313e-01
-1.13723075e-01
-1.10757648e-01
-1.07757628e-01
-1.04726684e-01
-1.01675111e-01
-9.86069534e-02
-9.55332280e-02
-9.24584386e-02
-8.93943239e-02
-8.63459060e-02
-8.33256020e-02
-8.03389611e-02
-7.73989559e-02
-7.45115849e-02
-7.16901381e-02
-6.89408564e-02
-6.62769572e-02
-6.37045595e-02
-6.12362552e-02
-5.88775323e-02
-5.66397029e-02
-5.45270947e-02
-5.25491989e-02
-5.07089608e-02
-4.90140867e-02
-4.74668210e-02
-4.60744104e-02
-4.48407264e-02
-4.37757886e-02
-4.28892776e-02
-4.21984500e-02
-4.17224973e-02
-4.14864453e-02
-4.15126621e-02
-4.14384090e-02
-1.64093170e-01
-1.64042841e-01
-1.63994675e-01
-1.63742346e-01
-1.63319251e-01
-1.62749272e-01
-1.62047173e-01
-1.61219332e-01
-1.60268633e-01
-1.59194502e-01
-1.57997075e-01
-1.56675066e-01
-1.55229547e-01
-1.53660360e-01
-1.51970259e-01
-1.50160308e-01
-1.48234758e-01
-1.46195556e-01
-1.44048100e-01
-1.41794871e-01
-1.39442135e-01
-1.36992665e-01
-1.34453423e-01
-1.31827340e-01
-1.29121990e-01
-1.26340414e-01
-1.23490778e-01
-1.20576244e-01
-1.17605581e-01
-1.14582124e-01
-1.11515284e-01
-1.08408643e-01
-1.05272305e-01
-1.02110201e-01
-9.89331778e-02
-9.57456224e-02
-9.25591639e-02
-8.93787478e-02
-8.62167929e-02
-8.30788668e-02
-7.99781202e-02
-7.69207305e-02
-7.39204110e-02
-7.09838050e-02
-6.81248509e-02
-6.53503228e-02
-6.26738250e-02
-6.01016948e-02
-5.76464138e-02
-5.53131235e-02
-5.31122870e-02
-5.10471367e-02
-4.91255138e-02
-4.73486663e-02
-4.57223280e-02
-4.42473904e-02
-4.29303886e-02
-4.17765751e-02
-4.07998687e-02
-4.00183746e-02
-3.94627207e-02
-3.91714096e-02
-3.91911022e-02
-3.91822360e-02
-1.66744789e-01
-1.66705253e-01
-1.66619318e-01
-1.66313415e-01
-1.65840907e-01
-1.65233372e-01
-1.64503893e-01
-1.63655845e-01
-1.62686541e-01
-1.61593081e-01
-1.60371517e-01
-1.59020664e-01
-1.57538902e-01
-1.55927886e-01
-1.54188180e-01
-1.52323648e-01
-1.50336239e-01
-1.48231285e-01
-1.46011466e-01
-1.43683079e-01
-1.41249131e-01
-1.38716602e-01
-1.36088621e-01
-1.33372733e-01
-1.30572111e-01
-1.27694831e-01
-1.24744118e-01
-1.21728598e-01
-1.18651594e-01
-1.15522331e-01
-1.12344318e-01
-1.09127441e-01
-1.05875505e-01
-1.02599131e-01
-9.93025548e-02
-9.59972049e-02
-9.26878841e-02
-8.93868902e-02
-8.60997127e-02
-8.28395305e-02
-7.96125844e-02
-7.64328532e-02
-7.33072767e-02
-7.02503902e-02
-6.72695819e-02
-6.43794497e-02
-6.15872911e-02
-5.89069453e-02
-5.63447375e-02
-5.39126020e-02
-5.16147616e-02
-4.94600123e-02
-4.74495294e-02
-4.55883504e-02
-4.38748687e-02
-4.23117719e-02
-4.08979959e-02
-3.96396435e-02
-3.85454008e-02
-3.76381394e-02
-3.69544151e-02
-3.65552435e-02
-3.65225620e-02
-3.65689810e-02
-1.69731046e-01
-1.69658667e-01
-1.69473356e-01
-1.69067252e-01
-1.68521463e-01
-1.67868782e-01
-1.67115074e-01
-1.66253057e-01
-1.65273256e-01
-1.64165905e-01
-1.62925220e-01
-1.61546574e-01
-1.60029610e-01
-1.58373931e-01
-1.56582843e-01
-1.54658312e-01
-1.52605707e-01
-1.50428063e-01
-1.48131867e-01
-1.45720521e-01
-1.43201167e-01
-1.40577260e-01
-1.37856414e-01
-1.35042035e-01
-1.32142175e-01
-1.29160189e-01
-1.26104601e-01
-1.22978773e-01
-1.19791756e-01
-1.16547014e-01
-1.13254203e-01
-1.09917011e-01
-1.06545789e-01
-1.03144601e-01
-9.97245973e-02
-9.62903812e-02
-9.28540111e-02
-8.94208011e-02
-8.60037975e-02
-8.26091688e-02
-7.92509648e-02
-7.59362642e-02
-7.26800010e-02
-6.94900431e-02
-6.63818466e-02
-6.33636468e-02
-6.04506837e-02
-5.76506991e-02
-5.49774883e-02
-5.24369348e-02
-5.00397045e-02
-4.77881459e-02
-4.56880841e-02
-4.37370886e-02
-4.19355647e-02
-4.02771544e-02
-3.87596882e-02
-3.73789531e-02
-3.61408623e-02
-3.50611196e-02
-3.41820452e-02
-3.35825660e-02
-3.33996293e-02
-3.34451895e-02
-1.73214177e-01
-1.72973043e-01
-1.72559548e-01
-1.71981164e-01
-1.71336233e-01
-1.70640001e-01
-1.69874141e-01
-1.69013847e-01
-1.68036183e-01
-1.66925550e-01
-1.65670993e-01
-1.64268232e-01
-1.62714957e-01
-1.61013568e-01
-1.59166048e-01
-1.57177991e-01
-1.55053053e-01
-1.52798190e-01
-1.50417470e-01
-1.47918422e-01
-1.45305032e-01
-1.42585142e-01
-1.39762527e-01
-1.36845318e-01
-1.33837100e-01
-1.30746348e-01
-1.27576539e-01
-1.24336576e-01
-1.21029930e-01
-1.17666031e-01
-1.14248473e-01
-1.10787318e-01
-1.07286449e-01
-1.03756685e-01
-1.00202386e-01
-9.66352691e-02
-9.30603857e-02
-8.94904940e-02
-8.59315481e-02
-8.23974576e-02
-7.88952465e-02
-7.54399926e-02
-7.20398254e-02
-6.87108075e-02
-6.54619406e-02
-6.23097239e-02
-5.92633358e-02
-5.63385905e-02
-5.35434796e-02
-5.08912753e-02
-4.83866803e-02
-4.60379337e-02
-4.38439681e-02
-4.18055871e-02
-3.99142712e-02
-3.81628110e-02
-3.65367522e-02
-3.50254281e-02
-3.36180648e-02
-3.23185954e-02
-3.11540622e-02
-3.02086780e-02
-2.96721711e-02
-2.95336256e-02
-1.77519274e-01
-1.76714168e-01
-1.75829781e-01
-1.74989931e-01
-1.74238674e-01
-1.73522453e-01
-1.72775716e-01
-1.71943864e-01
-1.70989568e-01
-1.69888433e-01
-1.68628343e-01
-1.67203177e-01
-1.65613743e-01
-1.63862040e-01
-1.61954222e-01
-1.59895042e-01
-1.57692420e-01
-1.55351545e-01
-1.52880720e-01
-1.50284782e-01
-1.47572052e-01
-1.44746878e-01
-1.41817617e-01
-1.38788214e-01
-1.35667189e-01
-1.32458215e-01
-1.29170106e-01
-1.25806399e-01
-1.22376324e-01
-1.18883425e-01
-1.15337473e-01
-1.11742189e-01
-1.08108022e-01
-1.04439072e-01
-1.00746639e-01
-9.70354416e-02
-9.33178144e-02
-8.95993681e-02
-8.58936632e-02
-8.22074665e-02
-7.85557134e-02
-7.49465213e-02
-7.13962154e-02
-6.79142602e-02
-6.45180864e-02
-6.12180923e-02
-5.80319719e-02
-5.49699313e-02
-5.20482081e-02
-4.92746729e-02
-4.66612903e-02
-4.42103834e-02
-4.19259610e-02
-3.98011404e-02
-3.78285384e-02
-3.59895978e-02
-3.42644776e-02
-3.26242003e-02
-3.10409156e-02
-2.94854282e-02
-2.79450298e-02
-2.64504945e-02
-2.51766254e-02
-2.43190784e-02
-1.83271911e-01
-1.80809912e-01
-1.79096358e-01
-1.77959480e-01
-1.77158657e-01
-1.76491963e-01
-1.75821494e-01
-1.75060468e-01
-1.74156213e-01
-1.73081150e-01
-1.71821830e-01
-1.70376265e-01
-1.68746512e-01
-1.66939928e-01
-1.64963236e-01
-1.62826199e-01
-1.60535925e-01
-1.58102144e-01
-1.55531075e-01
-1.52831908e-01
-1.50009871e-01
-1.47073767e-01
-1.44028073e-01
-1.40881475e-01
-1.37637952e-01
-1.34306301e-01
-1.30890202e-01
-1.27398731e-01
-1.23835440e-01
-1.20209828e-01
-1.16525491e-01
-1.12792504e-01
-1.09014712e-01
-1.05202947e-01
-1.01361562e-01
-9.75023596e-02
-9.36305062e-02
-8.97590318e-02
-8.58942552e-02
-8.20506907e-02
-7.82361464e-02
-7.44668227e-02
-7.07522472e-02
-6.71103146e-02
-6.35522059e-02
-6.00970681e-02
-5.67570376e-02
-5.35512122e-02
-5.04908842e-02
-4.75924562e-02
-4.48630397e-02
-4.23120847e-02
-3.99376826e-02
-3.77369431e-02
-3.56936192e-02
-3.37875076e-02
-3.19839949e-02
-3.02422665e-02
-2.85059631e-02
-2.67073505e-02
-2.47543529e-02
-2.25282252e-02
-1.99173088e-02
-1.68726193e-02
-1.99706987e-01
-2.05240621e-01
-2.12528300e-01
-2.19318498e-01
-2.24895493e-01
-2.29037322e-01
-2.31745400e-01
-2.33126870e-01
-2.33337172e-01
-2.32543252e-01
-2.30906442e-01
-2.28568086e-01
-2.25648656e-01
-2.22243165e-01
-2.18428080e-01
-2.14259684e-01
-2.09783457e-01
-2.05031437e-01
-2.00031668e-01
-1.94803264e-01
-1.89365614e-01
-1.83731275e-01
-1.77915392e-01
-1.71926883e-01
-1.65778549e-01
-1.59476889e-01
-1.53033171e-01
-1.46452083e-01
-1.39743849e-01
-1.32911826e-01
-1.25965680e-01
-1.18908015e-01
-1.11748547e-01
-1.04489885e-01
-9.71426032e-02
-8.97103104e-02
-8.22054963e-02
-7.46340557e-02
-6.70117571e-02
-5.93484140e-02
-5.16648007e-02
-4.39766945e-02
-3.63120475e-02
-2.86951519e-02
-2.11638703e-02
-1.37542024e-02
-6.51736241e-03
4.94986002e-04
7.21408040e-03
1.35679933e-02
1.94658640e-02
2.48110899e-02
2.94872077e-02
3.33708126e-02
3.63202479e-02
3.81891666e-02
3.88197071e-02
3.80586614e-02
3.57595822e-02
3.18116447e-02
2.61777823e-02
1.90102337e-02
1.09479899e-02
4.43601374e-03
-1.85504089e-01
-1.82923402e-01
-1.80774659e-01
-1.79027794e-01
-1.77570420e-01
-1.76297072e-01
-1.75129958e-01
-1.74009671e-01
-1.72886240e-01
-1.71719067e-01
-1.70473736e-01
-1.69125002e-01
-1.67652893e-01
-1.66045691e-01
-1.64294525e-01
-1.62396839e-01
-1.60350203e-01
-1.58157004e-01
-1.55817792e-01
-1.53337328e-01
-1.50717346e-01
-1.47963836e-01
-1.45078997e-01
-1.42069624e-01
-1.38938126e-01
-1.35691941e-01
-1.32333576e-01
-1.28871029e-01
-1.25306856e-01
-1.21649572e-01
-1.17901800e-01
-1.14072593e-01
-1.10164749e-01
-1.06187983e-01
-1.02145500e-01
-9.80479168e-02
-9.38992342e-02
-8.97113600e-02
-8.54896457e-02
-8.12478469e-02
-7.69933917e-02
-7.27425891e-02
-6.85058030e-02
-6.43026751e-02
-6.01473671e-02
-5.60635113e-02
-5.20696493e-02
-4.81935580e-02
-4.44579576e-02
-4.08937928e-02
-3.75262214e-02
-3.43863752e-02
-3.14975841e-02
-2.88850990e-02
-2.65624308e-02
-2.45384024e-02
-2.28031735e-02
-2.13313680e-02
-2.00660550e-02
-1.89145002e-02
-1.77255491e-02
-1.62777562e-02
-1.43066778e-02
-1.15568718e-02
-1.82509269e-01
-1.81805663e-01
-1.80763170e-01
-1.79588635e-01
-1.78418447e-01
-1.77276171e-01
-1.76150750e-01
-1.75018762e-01
-1.73854522e-01
-1.72631348e-01
-1.71326383e-01
-1.69918805e-01
-1.68393821e-01
-1.66738828e-01
-1.64947222e-01
-1.63013143e-01
-1.60935892e-01
-1.58713812e-01
-1.56349763e-01
-1.53844306e-01
-1.51202344e-01
-1.48425521e-01
-1.45519988e-01
-1.42487911e-01
-1.39336298e-01
-1.36067554e-01
-1.32689339e-01
-1.29204150e-01
-1.25620177e-01
-1.21939952e-01
-1.18172160e-01
-1.14319408e-01
-1.10390926e-01
-1.06389556e-01
-1.02325242e-01
-9.82013645e-02
-9.40288955e-02
-8.98122173e-02
-8.55638092e-02
-8.12897069e-02
-7.70045427e-02
-7.27168269e-02
-6.84441271e-02
-6.41983445e-02
-6.00007757e-02
-5.58675320e-02
-5.18241653e-02
-4.78913317e-02
-4.40985934e-02
-4.04703628e-02
-3.70384267e-02
-3.38281497e-02
-3.08692391e-02
-2.81821769e-02
-2.57867949e-02
-2.36889933e-02
-2.18869103e-02
-2.03583779e-02
-1.90655188e-02
-1.79462887e-02
-1.69270656e-02
-1.59475624e-02
-1.50656376e-02
-1.43392288e-02
-1.81325243e-01
-1.81295291e-01
-1.80892236e-01
-1.80165177e-01
-1.79274751e-01
-1.78293008e-01
-1.77246262e-01
-1.76139346e-01
-1.74964773e-01
-1.73711049e-01
-1.72363537e-01
-1.70909682e-01
-1.69336887e-01
-1.67636915e-01
-1.65801847e-01
-1.63828541e-01
-1.61713300e-01
-1.59456996e-01
-1.57058803e-01
-1.54522297e-01
-1.51848345e-01
-1.49042267e-01
-1.46105851e-01
-1.43045572e-01
-1.39863674e-01
-1.36567431e-01
-1.33159275e-01
-1.29647067e-01
-1.26033277e-01
-1.22326236e-01
-1.18528420e-01
-1.14648612e-01
-1.10689369e-01
-1.06660027e-01
-1.02563441e-01
-9.84097263e-02
-9.42024161e-02
-8.99528011e-02
-8.56656539e-02
-8.13540171e-02
-7.70246665e-02
-7.26931554e-02
-6.83691966e-02
-6.40717349e-02
-5.98144126e-02
-5.56203867e-02
-5.15080039e-02
-4.75050101e-02
-4.36344945e-02
-3.99280602e-02
-3.64120303e-02
-3.31190992e-02
-3.00747797e-02
-2.73071251e-02
-2.48335594e-02
-2.26686223e-02
-2.08119390e-02
-1.92550935e-02
-1.79735956e-02
-1.69381789e-02
-1.61218551e-02
-1.55363163e-02
-1.52874771e-02
-1.52683384e-02
-1.81241320e-01
-1.81440510e-01
-1.81370908e-01
-1.80939107e-01
-1.80268406e-01
-1.79432312e-01
-1.78471339e-01
-1.77403879e-01
-1.76236429e-01
-1.74966623e-01
-1.73589436e-01
-1.72096589e-01
-1.70481512e-01
-1.68736558e-01
-1.66857674e-01
-1.64840022e-01
-1.62682940e-01
-1.60384388e-01
-1.57946618e-01
-1.55369644e-01
-1.52657850e-01
-1.49812545e-01
-1.46839579e-01
-1.43740981e-01
-1.40523598e-01
-1.37189785e-01
-1.33747067e-01
-1.30197883e-01
-1.26550237e-01
-1.22806530e-01
-1.18975152e-01
-1.15058463e-01
-1.11065261e-01
-1.06997993e-01
-1.02866011e-01
-9.86721344e-02
-9.44265733e-02
-9.01329855e-02
-8.58029296e-02
-8.14415818e-02
-7.70625506e-02
-7.26734357e-02
-6.82908023e-02
-6.39257604e-02
-5.95988524e-02
-5.53258019e-02
-5.11320018e-02
-4.70385220e-02
-4.30757962e-02
-3.92698964e-02
-3.56549360e-02
-3.22595654e-02
-2.91176276e-02
-2.62549388e-02
-2.36980291e-02
-2.14617889e-02
-1.95570176e-02
-1.79808642e-02
-1.67259944e-02
-1.57787278e-02
-1.51365113e-02
-1.48216230e-02
-1.49087147e-02
-1.51338434e-02
-1.81869872e-01
-1.82144172e-01
-1.82245851e-01
-1.81997428e-01
-1.81482235e-01
-1.80761608e-01
-1.79875354e-01
-1.78848236e-01
-1.77692575e-01
-1.76414180e-01
-1.75012532e-01
-1.73485886e-01
-1.71829503e-01
-1.70040448e-01
-1.68114198e-01
-1.66049533e-01
-1.63843783e-01
-1.61498204e-01
-1.59012105e-01
-1.56388980e-01
-1.53629649e-01
-1.50739313e-01
-1.47719752e-01
-1.44577362e-01
-1.41314420e-01
-1.37938119e-01
-1.34450896e-01
-1.30860461e-01
-1.27169204e-01
-1.23385180e-01
-1.19510647e-01
-1.15553949e-01
-1.11517250e-01
-1.07409248e-01
-1.03232203e-01
-9.89953744e-02
-9.47014787e-02
-9.03607271e-02
-8.59768670e-02
-8.15616726e-02
-7.71207497e-02
-7.26683035e-02
-6.82128945e-02
-6.37722717e-02
-5.93592528e-02
-5.49963535e-02
-5.07019147e-02
-4.65041719e-02
-4.24276636e-02
-3.85062744e-02
-3.47698614e-02
-3.12557457e-02
-2.79955040e-02
-2.50245415e-02
-2.23693423e-02
-2.00554003e-02
-1.80961621e-02
-1.65009052e-02
-1.52681233e-02
-1.43964033e-02
-1.38853796e-02
-1.37498445e-02
-1.40210074e-02
-1.43427669e-02
-1.83010563e-01
-1.83313738e-01
-1.83509492e-01
-1.83374478e-01
-1.82965009e-01
-1.82328077e-01
-1.81499772e-01
-1.80504484e-01
-1.79358766e-01
-1.78071166e-01
-1.76646727e-01
-1.75085721e-01
-1.73388298e-01
-1.71551877e-01
-1.69575948e-01
-1.67458129e-01
-1.65199301e-01
-1.62798461e-01
-1.60258444e-01
-1.57579712e-01
-1.54766876e-01
-1.51821503e-01
-1.48749554e-01
-1.45553248e-01
-1.42239465e-01
-1.38810681e-01
-1.35274354e-01
-1.31632927e-01
-1.27894193e-01
-1.24060399e-01
-1.20139533e-01
-1.16133608e-01
-1.12050790e-01
-1.07892943e-01
-1.03668530e-01
-9.93795218e-02
-9.50349536e-02
-9.06373549e-02
-8.61968315e-02
-8.17171795e-02
-7.72103450e-02
-7.26824150e-02
-6.81482735e-02
-6.36176613e-02
-5.91098064e-02
-5.46397117e-02
-5.02324597e-02
-4.59098061e-02
-4.17037374e-02
-3.76433217e-02
-3.37669683e-02
-3.01093910e-02
-2.67120195e-02
-2.36100749e-02
-2.08409748e-02
-1.84321790e-02
-1.64084128e-02
-1.47820795e-02
-1.35612177e-02
-1.27446920e-02
-1.23317142e-02
-1.23200679e-02
-1.27102854e-02
-1.30934828e-02
-1.84561518e-01
-1.84887434e-01
-1.85143812e-01
-1.85083101e-01
-1.84744518e-01
-1.84165515e-01
-1.83376604e-01
-1.82402032e-01
-1.81258358e-01
-1.79957670e-01
-1.78506256e-01
-1.76908690e-01
-1.75165722e-01
-1.73278811e-01
-1.71246899e-01
-1.69071297e-01
-1.66751269e-01
-1.64289401e-01
-1.61686064e-01
-1.58945455e-01
-1.56069039e-01
-1.53062420e-01
-1.49927814e-01
-1.46671844e-01
-1.43297078e-01
-1.39810776e-01
-1.36215516e-01
-1.32518892e-01
-1.28723254e-01
-1.24836328e-01
-1.20860111e-01
-1.16802368e-01
-1.12664744e-01
-1.08455067e-01
-1.04174776e-01
-9.98319324e-02
-9.54280946e-02
-9.09719188e-02
-8.64656444e-02
-8.19191522e-02
-7.73362465e-02
-7.27290187e-02
-6.81041314e-02
-6.34773069e-02
-5.88598061e-02
-5.42728054e-02
-4.97342028e-02
-4.52725346e-02
-4.09141129e-02
-3.66959640e-02
-3.26531267e-02
-2.88299506e-02
-2.52673226e-02
-2.20117833e-02
-1.91028069e-02
-1.65798902e-02
-1.44709725e-02
-1.27987840e-02
-1.15723731e-02
-1.07941650e-02
-1.04552791e-02
-1.05416896e-02
-1.10296205e-02
-1.14812662e-02
-1.86473201e-01
-1.86830339e-01
-1.87136463e-01
-1.87129517e-01
-1.86840047e-01
-1.86298599e-01
-1.85533112e-01
-1.84565833e-01
-1.83414889e-01
-1.82092518e-01
-1.80608284e-01
-1.78967152e-01
-1.77173553e-01
-1.75228699e-01
-1.73135167e-01
-1.70893158e-01
-1.68505527e-01
-1.65972931e-01
-1.63299432e-01
-1.60486588e-01
-1.57539784e-01
-1.54461347e-01
-1.51257726e-01
-1.47931664e-01
-1.44490301e-01
-1.40936431e-01
-1.37277544e-01
-1.33516189e-01
-1.29659943e-01
-1.25710919e-01
-1.21676618e-01
-1.17558637e-01
-1.13364347e-01
-1.09094874e-01
-1.04757524e-01
-1.00353155e-01
-9.58892350e-02
-9.13667564e-02
-8.67938131e-02
-8.21722307e-02
-7.75115329e-02
-7.28154943e-02
-6.80963532e-02
-6.33615037e-02
-5.86277762e-02
-5.39084598e-02
-4.92273896e-02
-4.46063843e-02
-4.00787143e-02
-3.56768381e-02
-3.14445861e-02
-2.74248494e-02
-2.36696713e-02
-2.02275619e-02
-1.71510095e-02
-1.44837559e-02
-1.22662879e-02
-1.05246197e-02
-9.27541293e-03
-8.51819519e-03
-8.24106175e-03
-8.41631467e-03
-9.00545923e-03
-9.54883059e-03
-1.88724931e-01
-1.89127887e-01
-1.89483877e-01
-1.89522019e-01
-1.89267873e-01
-1.88749533e-01
-1.87992666e-01
-1.87020195e-01
-1.85849834e-01
-1.84496254e-01
-1.82969131e-01
-1.81276587e-01
-1.79422893e-01
-1.77412653e-01
-1.75247667e-01
-1.72931620e-01
-1.70465896e-01
-1.67854763e-01
-1.65100129e-01
-1.62207365e-01
-1.59179061e-01
-1.56021621e-01
-1.52738074e-01
-1.49335542e-01
-1.45817138e-01
-1.42190343e-01
-1.38458021e-01
-1.34627710e-01
-1.30701774e-01
-1.26687588e-01
-1.22586871e-01
-1.18406706e-01
-1.14148130e-01
-1.09817914e-01
-1.05416495e-01
-1.00950438e-01
-9.64198339e-02
-9.18313301e-02
-8.71851670e-02
-8.24886575e-02
-7.77430603e-02
-7.29573934e-02
-6.81353684e-02
-6.32894091e-02
-5.84278827e-02
-5.35691486e-02
-4.87292643e-02
-4.39357645e-02
-3.92158449e-02
-3.46093159e-02
-3.01569555e-02
-2.59117460e-02
-2.19267948e-02
-1.82638528e-02
-1.49803840e-02
-1.21350112e-02
-9.77443109e-03
-7.93695307e-03
-6.64147907e-03
-5.89141208e-03
-5.66804381e-03
-5.93617926e-03
-6.64272851e-03
-7.31161131e-03
-1.91313848e-01
-1.91780010e-01
-1.92192478e-01
-1.92273247e-01
-1.92046738e-01
-1.91539843e-01
-1.90779285e-01
-1.89788024e-01
-1.88586105e-01
-1.87188463e-01
-1.85607630e-01
-1.83851688e-01
-1.81928016e-01
-1.79840672e-01
-1.77594747e-01
-1.75192807e-01
-1.72639711e-01
-1.69938011e-01
-1.67093305e-01
-1.64108635e-01
-1.60990524e-01
-1.57742426e-01
-1.54371570e-01
-1.50881507e-01
-1.47279826e-01
-1.43569825e-01
-1.39759120e-01
-1.35850463e-01
-1.31851235e-01
-1.27763442e-01
-1.23594049e-01
-1.19344206e-01
-1.15020368e-01
-1.10622826e-01
-1.06157524e-01
-1.01624008e-01
-9.70278494e-02
-9.23681494e-02
-8.76504604e-02
-8.28740352e-02
-7.80451417e-02
-7.31642767e-02
-6.82397780e-02
-6.32752612e-02
-5.82834227e-02
-5.32739563e-02
-4.82673779e-02
-4.32835727e-02
-3.83552729e-02
-3.35170965e-02
-2.88179081e-02
-2.43097335e-02
-2.00577603e-02
-1.61281605e-02
-1.25944832e-02
-9.52393085e-03
-6.98013122e-03
-5.00929250e-03
-3.64165796e-03
-2.88108832e-03
-2.70881357e-03
-3.07981594e-03
-3.93086956e-03
-4.76714600e-03
-1.94249134e-01
-1.94798552e-01
-1.95277593e-01
-1.95402935e-01
-1.95198940e-01
-1.94694511e-01
-1.93917691e-01
-1.92894570e-01
-1.91646379e-01
-1.90191209e-01
-1.88542042e-01
-1.86709999e-01
-1.84702210e-01
-1.82525834e-01
-1.80185142e-01
-1.77686000e-01
-1.75031921e-01
-1.72228998e-01
-1.69280932e-01
-1.66194551e-01
-1.62973891e-01
-1.59626436e-01
-1.56156309e-01
-1.52571338e-01
-1.48875383e-01
-1.45076266e-01
-1.41177261e-01
-1.37185890e-01
-1.33104600e-01
-1.28940391e-01
-1.24694723e-01
-1.20373931e-01
-1.15978410e-01
-1.11513754e-01
-1.06979303e-01
-1.02379920e-01
-9.77140224e-02
-9.29858930e-02
-8.81933654e-02
-8.33405649e-02
-7.84254533e-02
-7.34529194e-02
-6.84224388e-02
-6.33414495e-02
-5.82134287e-02
-5.30514871e-02
-4.78671460e-02
-4.26839856e-02
-3.75272224e-02
-3.24369183e-02
-2.74579790e-02
-2.26517986e-02
-1.80855694e-02
-1.38405798e-02
-9.99935622e-03
-6.64911318e-03
-3.86645270e-03
-1.71681308e-03
-2.39715878e-04
5.51298220e-04
6.77025348e-04
1.86823203e-04
-8.43123738e-04
-1.89970818e-03
-1.97550049e-01
-1.98205437e-01
-1.98764285e-01
-1.98937992e-01
-1.98753404e-01
-1.98242166e-01
-1.97436853e-01
-1.96366463e-01
-1.95056511e-01
-1.93526703e-01
-1.91793505e-01
-1.89868394e-01
-1.87761587e-01
-1.85479782e-01
-1.83030385e-01
-1.80418251e-01
-1.77650260e-01
-1.74731001e-01
-1.71667803e-01
-1.68465448e-01
-1.65131835e-01
-1.61671805e-01
-1.58093567e-01
-1.54401680e-01
-1.50604308e-01
-1.46705380e-01
-1.42712696e-01
-1.38629283e-01
-1.34462329e-01
-1.30213767e-01
-1.25889994e-01
-1.21491726e-01
-1.17024445e-01
-1.12487587e-01
-1.07885641e-01
-1.03216768e-01
-9.84844593e-02
-9.36857243e-02
-8.88232055e-02
-8.38931199e-02
-7.88977460e-02
-7.38333526e-02
-6.87030098e-02
-6.35048089e-02
-5.82449890e-02
-5.29268129e-02
-4.75640041e-02
-4.21706027e-02
-3.67745459e-02
-3.14085086e-02
-2.61229193e-02
-2.09769970e-02
-1.60494841e-02
-1.14279859e-02
-7.21482021e-03
-3.51252015e-03
-4.23186606e-04
1.96935538e-03
3.60387426e-03
4.45684644e-03
4.54233287e-03
3.91573165e-03
2.66342297e-03
1.32157491e-03
-2.01245259e-01
-2.02033248e-01
-2.02687305e-01
-2.02914787e-01
-2.02745897e-01
-2.02218210e-01
-2.01369469e-01
-2.00234943e-01
-1.98843817e-01
-1.97220533e-01
-1.95383104e-01
-1.93346506e-01
-1.91121076e-01
-1.88716606e-01
-1.86139855e-01
-1.83398880e-01
-1.80499418e-01
-1.77449514e-01
-1.74254865e-01
-1.70923948e-01
-1.67462470e-01
-1.63879170e-01
-1.60179446e-01
-1.56371946e-01
-1.52461391e-01
-1.48455991e-01
-1.44359492e-01
-1.40179400e-01
-1.35918272e-01
-1.31582717e-01
-1.27173956e-01
-1.22697554e-01
-1.18153294e-01
-1.13545571e-01
-1.08872658e-01
-1.04137674e-01
-9.93373486e-02
-9.44734702e-02
-8.95413026e-02
-8.45414185e-02
-7.94679672e-02
-7.43208365e-02
-6.90940498e-02
-6.37882540e-02
-5.83996243e-02
-5.29327584e-02
-4.73905490e-02
-4.17875786e-02
-3.61413423e-02
-3.04859659e-02
-2.48646154e-02
-1.93424511e-02
-1.39987445e-02
-8.93635862e-03
-4.27042771e-03
-1.30554748e-04
3.35683714e-03
6.07481424e-03
7.93732400e-03
8.89709506e-03
8.95934703e-03
8.17842627e-03
6.65379069e-03
4.94575590e-03
-2.05374203e-01
-2.06326056e-01
-2.07093389e-01
-2.07379822e-01
-2.07221939e-01
-2.06664751e-01
-2.05754974e-01
-2.04534634e-01
-2.03040005e-01
-2.01299197e-01
-1.99334859e-01
-1.97163133e-01
-1.94797709e-01
-1.92248232e-01
-1.89524562e-01
-1.86633975e-01
-1.83585493e-01
-1.80385910e-01
-1.77044449e-01
-1.73567821e-01
-1.69965448e-01
-1.66243707e-01
-1.62411870e-01
-1.58475586e-01
-1.54443610e-01
-1.50320530e-01
-1.46114298e-01
-1.41828217e-01
-1.37469237e-01
-1.33039225e-01
-1.28543984e-01
-1.23983833e-01
-1.19363293e-01
-1.14681028e-01
-1.09940122e-01
-1.05137470e-01
-1.00274541e-01
-9.53463452e-02
-9.03525894e-02
-8.52863737e-02
-8.01456626e-02
-7.49219406e-02
-6.96119735e-02
-6.42067564e-02
-5.87036467e-02
-5.30960912e-02
-4.73863510e-02
-4.15766247e-02
-3.56826202e-02
-2.97265523e-02
-2.37513575e-02
-1.78151091e-02
-1.20041245e-02
-6.42613148e-03
-1.21787809e-03
3.46810525e-03
7.46695186e-03
1.06246100e-02
1.28118504e-02
1.39499035e-02
1.40204410e-02
1.30742798e-02
1.12202877e-02
9.04842020e-03
-2.09989202e-01
-2.11142461e-01
-2.12043076e-01
-2.12393025e-01
-2.12237551e-01
-2.11633616e-01
-2.10638860e-01
-2.09306198e-01
-2.07679084e-01
-2.05792580e-01
-2.03672375e-01
-2.01338792e-01
-1.98806172e-01
-1.96087334e-01
-1.93191764e-01
-1.90129870e-01
-1.86909784e-01
-1.83541649e-01
-1.80033318e-01
-1.76395036e-01
-1.72634285e-01
-1.68761105e-01
-1.64782199e-01
-1.60706993e-01
-1.56541038e-01
-1.52292842e-01
-1.47966559e-01
-1.43569582e-01
-1.39104527e-01
-1.34577545e-01
-1.29989619e-01
-1.25345541e-01
-1.20644567e-01
-1.15889976e-01
-1.11079152e-01
-1.06213642e-01
-1.01288749e-01
-9.63039952e-02
-9.12523417e-02
-8.61309625e-02
-8.09302691e-02
-7.56449242e-02
-7.02629323e-02
-6.47769208e-02
-5.91737129e-02
-5.34460840e-02
-4.75834732e-02
-4.15846671e-02
-3.54505289e-02
-2.91981369e-02
-2.28561788e-02
-1.64802902e-02
-1.01501406e-02
-3.98303080e-03
1.87209313e-03
7.23009119e-03
1.18871324e-02
1.56331778e-02
1.82842668e-02
1.97066048e-02
1.98459720e-02
1.87356790e-02
1.64937391e-02
1.37414839e-02
-2.15159660e-01
-2.16559202e-01
-2.17615192e-01
-2.18030011e-01
-2.17862856e-01
-2.17186548e-01
-2.16075225e-01
-2.14594574e-01
-2.12799226e-01
-2.10730617e-01
-2.08420470e-01
-2.05891150e-01
-2.03160593e-01
-2.00241772e-01
-1.97147215e-01
-1.93886773e-01
-1.90471737e-01
-1.86911236e-01
-1.83216462e-01
-1.79396110e-01
-1.75461108e-01
-1.71419322e-01
-1.67280971e-01
-1.63052667e-01
-1.58743569e-01
-1.54358766e-01
-1.49906165e-01
-1.45389201e-01
-1.40814435e-01
-1.36183587e-01
-1.31501799e-01
-1.26769022e-01
-1.21988865e-01
-1.17159394e-01
-1.12282482e-01
-1.07354088e-01
-1.02374018e-01
-9.73357632e-02
-9.22365736e-02
-8.70669800e-02
-8.18210763e-02
-7.64859050e-02
-7.10519019e-02
-6.55024450e-02
-5.98245618e-02
-5.39991804e-02
-4.80125052e-02
-4.18479083e-02
-3.54988143e-02
-2.89635686e-02
-2.22608379e-02
-1.54284143e-02
-8.54077573e-03
-1.70989186e-03
4.90022935e-03
1.10793585e-02
1.65720404e-02
2.11038673e-02
2.44088658e-02
2.62762302e-02
2.65863220e-02
2.53399699e-02
2.26548534e-02
1.91890297e-02
-2.20977653e-01
-2.22677602e-01
-2.23911592e-01
-2.24387279e-01
-2.24183905e-01
-2.23398173e-01
-2.22125548e-01
-2.20450251e-01
-2.18439231e-01
-2.16143713e-01
-2.13600039e-01
-2.10835263e-01
-2.07868293e-01
-2.04715161e-01
-2.01388145e-01
-1.97900030e-01
-1.94261374e-01
-1.90484409e-01
-1.86579106e-01
-1.82557361e-01
-1.78428277e-01
-1.74202951e-01
-1.69889125e-01
-1.65496684e-01
-1.61031698e-01
-1.56502634e-01
-1.51913769e-01
-1.47272092e-01
-1.42580076e-01
-1.37843223e-01
-1.33062206e-01
-1.28240999e-01
-1.23378421e-01
-1.18476779e-01
-1.13532865e-01
-1.08547022e-01
-1.03513667e-01
-9.84306724e-02
-9.32894930e-02
-8.80847524e-02
-8.28040862e-02
-7.74378196e-02
-7.19687094e-02
-6.63816829e-02
-6.06538240e-02
-5.47643819e-02
-4.86857285e-02
-4.23943646e-02
-3.58642637e-02
-2.90803964e-02
-2.20366182e-02
-1.47535834e-02
-7.28269111e-03
2.72234993e-04
7.74881075e-03
1.49102338e-02
2.14529570e-02
2.70186116e-02
3.12377227e-02
3.37817575e-02
3.44307878e-02
3.31193583e-02
2.99527193e-02
2.56262271e-02
-2.27566761e-01
-2.29631901e-01
-2.31065458e-01
-2.31587052e-01
-2.31307169e-01
-2.30355916e-01
-2.28859586e-01
-2.26925344e-01
-2.24637345e-01
-2.22056424e-01
-2.19226114e-01
-2.16175904e-01
-2.12928007e-01
-2.09498486e-01
-2.05902231e-01
-2.02151424e-01
-1.98259378e-01
-1.94237314e-01
-1.90098083e-01
-1.85852014e-01
-1.81511099e-01
-1.77084223e-01
-1.72582014e-01
-1.68011523e-01
-1.63381769e-01
-1.58697848e-01
-1.53967142e-01
-1.49192828e-01
-1.44380719e-01
-1.39532156e-01
-1.34651427e-01
-1.29738070e-01
-1.24794802e-01
-1.19819270e-01
-1.14812415e-01
-1.09769720e-01
-1.04689918e-01
-9.95657940e-02
-9.43931092e-02
-8.91610398e-02
-8.38611650e-02
-7.84776314e-02
-7.29960765e-02
-6.73936763e-02
-6.16479899e-02
-5.57272931e-02
-4.95997130e-02
-4.32248789e-02
-3.65646205e-02
-2.95781919e-02
-2.22372670e-02
-1.45283864e-02
-6.47565790e-03
1.84716495e-03
1.02877456e-02
1.86015228e-02
2.64351596e-02
3.33415736e-02
3.88142902e-02
4.23645566e-02
4.36124456e-02
4.23789787e-02
3.87261247e-02
3.33866687e-02
-2.35094388e-01
-2.37602481e-01
-2.39251504e-01
-2.39785503e-01
-2.39362102e-01
-2.38161316e-01
-2.36351122e-01
-2.34070402e-01
-2.31422957e-01
-2.28482392e-01
-2.25297659e-01
-2.21902374e-01
-2.18319058e-01
-2.14565857e-01
-2.10656873e-01
-2.06606429e-01
-2.02426777e-01
-1.98131509e-01
-1.93731988e-01
-1.89240967e-01
-1.84668353e-01
-1.80025434e-01
-1.75320147e-01
-1.70561981e-01
-1.65756743e-01
-1.60912108e-01
-1.56031834e-01
-1.51121923e-01
-1.46184253e-01
-1.41223295e-01
-1.36239176e-01
-1.31234901e-01
-1.26208860e-01
-1.21162496e-01
-1.16092308e-01
-1.10997863e-01
-1.05873354e-01
-1.00715848e-01
-9.55164376e-02
-9.02685792e-02
-8.49588723e-02
-7.95753086e-02
-7.40977121e-02
-6.85057118e-02
-6.27689640e-02
-5.68548324e-02
-5.07188764e-02
-4.43128641e-02
-3.75770776e-02
-3.04508922e-02
-2.28706658e-02
-1.47877957e-02
-6.17851179e-03
2.92458459e-03
1.24072875e-02
2.20328270e-02
3.14186362e-02
4.00231311e-02
4.71815807e-02
5.21860607e-02
5.44226379e-02
5.35168990e-02
4.94361991e-02
4.29374528e-02
-2.43790887e-01
-2.46834683e-01
-2.48701945e-01
-2.49181301e-01
-2.48505001e-01
-2.46926185e-01
-2.44672483e-01
-2.41923059e-01
-2.38806981e-01
-2.35409949e-01
-2.31787385e-01
-2.27973693e-01
-2.23992572e-01
-2.19860567e-01
-2.15592706e-01
-2.11201636e-01
-2.06701043e-01
-2.02102736e-01
-1.97419761e-01
-1.92662663e-01
-1.87843084e-01
-1.82969578e-01
-1.78051873e-01
-1.73096256e-01
-1.68110484e-01
-1.63098675e-01
-1.58066809e-01
-1.53017081e-01
-1.47953937e-01
-1.42877880e-01
-1.37791988e-01
-1.32695191e-01
-1.27589223e-01
-1.22471399e-01
-1.17341931e-01
-1.12196247e-01
-1.07032582e-01
-1.01843876e-01
-9.66254964e-02
-9.13667436e-02
-8.60585102e-02
-8.06843648e-02
-7.52278931e-02
-6.96632980e-02
-6.39621441e-02
-5.80835062e-02
-5.19800945e-02
-4.55885700e-02
-3.88361224e-02
-3.16334370e-02
-2.38856705e-02
-1.54945497e-02
-6.38250310e-03
3.48522378e-03
1.40532458e-02
2.51297114e-02
3.63270350e-02
4.70293166e-02
5.63953219e-02
6.34450619e-02
6.72281774e-02
6.70582558e-02
6.27099691e-02
5.49305858e-02
-2.53978967e-01
-2.57668827e-01
-2.59728043e-01
-2.60027390e-01
-2.58918325e-01
-2.56765339e-01
-2.53878968e-01
-2.50491826e-01
-2.46760803e-01
-2.42784518e-01
-2.38620667e-01
-2.34303384e-01
-2.29852753e-01
-2.25283752e-01
-2.20607929e-01
-2.15837484e-01
-2.10983232e-01
-2.06057341e-01
-2.01070036e-01
-1.96032570e-01
-1.90953491e-01
-1.85842264e-01
-1.80705207e-01
-1.75549767e-01
-1.70380057e-01
-1.65201701e-01
-1.60016889e-01
-1.54829737e-01
-1.49640828e-01
-1.44453031e-01
-1.39265531e-01
-1.34080071e-01
-1.28894498e-01
-1.23709366e-01
-1.18521041e-01
-1.13328590e-01
-1.08126481e-01
-1.02911650e-01
-9.76758053e-02
-9.24125075e-02
-8.71090420e-02
-8.17532515e-02
-7.63248485e-02
-7.08016110e-02
-6.51499210e-02
-5.93298851e-02
-5.32850003e-02
-4.69461839e-02
-4.02214601e-02
-3.30007933e-02
-2.51499702e-02
-1.65232211e-02
-6.97251210e-03
3.61676694e-03
1.52828381e-02
2.79131702e-02
4.11654329e-02
5.43834035e-02
6.65629369e-02
7.64036424e-02
8.25066407e-02
8.37017419e-02
7.94080695e-02
7.02767089e-02
-2.66123122e-01
-2.70587439e-01
-2.72752389e-01
-2.72641650e-01
-2.70804855e-01
-2.67776095e-01
-2.63983158e-01
-2.59724503e-01
-2.55187402e-01
-2.50477787e-01
-2.45651200e-01
-2.40733948e-01
-2.35739450e-01
-2.30674937e-01
-2.25547600e-01
-2.20364039e-01
-2.15132880e-01
-2.09861895e-01
-2.04560297e-01
-1.99235324e-01
-1.93895157e-01
-1.88545308e-01
-1.83192232e-01
-1.77839439e-01
-1.72491687e-01
-1.67150703e-01
-1.61819864e-01
-1.56499452e-01
-1.51191773e-01
-1.45895933e-01
-1.40613354e-01
-1.35342087e-01
-1.30082689e-01
-1.24832103e-01
-1.19589838e-01
-1.14351454e-01
-1.09114962e-01
-1.03873925e-01
-9.86239469e-02
-9.33553720e-02
-8.80596287e-02
-8.27214129e-02
-7.73245044e-02
-7.18431456e-02
-6.62467506e-02
-6.04900186e-02
-5.45158761e-02
-4.82440702e-02
-4.15724287e-02
-3.43654096e-02
-2.64570924e-02
-1.76468528e-02
-7.71625543e-03
3.54903301e-03
1.63026234e-02
3.05596830e-02
4.60781208e-02
6.22309269e-02
7.78938254e-02
9.14363112e-02
1.00894539e-01
1.04393333e-01
1.00725063e-01
9.02609091e-02
-2.80916937e-01
-2.86294711e-01
-2.88353479e-01
-2.87414523e-01
-2.84364575e-01
-2.79999459e-01
-2.74906478e-01
-2.69461468e-01
-2.63875120e-01
-2.58250102e-01
-2.52626011e-01
-2.47012144e-01
-2.41404825e-01
-2.35798762e-01
-2.30189456e-01
-2.24576263e-01
-2.18959960e-01
-2.13344254e-01
-2.07732436e-01
-2.02129420e-01
-1.96538379e-01
-1.90963598e-01
-1.85407033e-01
-1.79871826e-01
-1.74358593e-01
-1.68869446e-01
-1.63403896e-01
-1.57963289e-01
-1.52546270e-01
-1.47153609e-01
-1.41783222e-01
-1.36435343e-01
-1.31107143e-01
-1.25798199e-01
-1.20504739e-01
-1.15225353e-01
-1.09954882e-01
-1.04690263e-01
-9.94240580e-02
-9.41502570e-02
-8.88573601e-02
-8.35338167e-02
-7.81604104e-02
-7.27147833e-02
-6.71625905e-02
-6.14602475e-02
-5.55440741e-02
-4.93303414e-02
-4.27020470e-02
-3.55066909e-02
-2.75433301e-02
-1.85641658e-02
-8.27403785e-03
3.64362165e-03
1.74831715e-02
3.34240464e-02
5.13961960e-02
7.08899969e-02
9.07584734e-02
1.09082784e-01
1.23255739e-01
1.30427924e-01
1.28348242e-01
1.16729888e-01
-2.99449946e-01
-3.05851863e-01
-3.07326456e-01
-3.04798368e-01
-2.99740366e-01
-2.93344154e-01
-2.86402421e-01
-2.79363633e-01
-2.72439669e-01
-2.65702152e-01
-2.59152512e-01
-2.52762950e-01
-2.46500239e-01
-2.40334434e-01
-2.34243713e-01
-2.28212523e-01
-2.22232047e-01
-2.16296434e-01
-2.10403567e-01
-2.04551525e-01
-1.98740429e-01
-1.92969190e-01
-1.87238229e-01
-1.81546200e-01
-1.75893299e-01
-1.70277729e-01
-1.64699455e-01
-1.59156301e-01
-1.53648069e-01
-1.48172257e-01
-1.42728503e-01
-1.37313928e-01
-1.31927879e-01
-1.26566923e-01
-1.21229833e-01
-1.15912258e-01
-1.10611875e-01
-1.05322729e-01
-1.00040419e-01
-9.47560550e-02
-8.94612311e-02
-8.41414101e-02
-7.87802301e-02
-7.33518658e-02
-6.78238672e-02
-6.21476402e-02
-5.62585981e-02
-5.00636147e-02
-4.34373352e-02
-3.62063319e-02
-2.81428111e-02
-1.89501932e-02
-8.26457408e-03
4.33841417e-03
1.93010213e-02
3.70039753e-02
5.76136206e-02
8.08541721e-02
1.05701326e-01
1.30081405e-01
1.50742200e-01
1.63586553e-01
1.64705308e-01
1.52418890e-01
-3.23546150e-01
-3.30912808e-01
-3.30749950e-01
-3.25248955e-01
-3.16897088e-01
-3.07454540e-01
-2.97936682e-01
-2.88819500e-01
-2.80255433e-01
-2.72232975e-01
-2.64673175e-01
-2.57482752e-01
-2.50576758e-01
-2.43887943e-01
-2.37365732e-01
-2.30974998e-01
-2.24690836e-01
-2.18497135e-01
-2.12382033e-01
-2.06338166e-01
-2.00359114e-01
-1.94441027e-01
-1.88579513e-01
-1.82772120e-01
-1.77015224e-01
-1.71307045e-01
-1.65644313e-01
-1.60025668e-01
-1.54448016e-01
-1.48910255e-01
-1.43409308e-01
-1.37944134e-01
-1.32511449e-01
-1.27109980e-01
-1.21735889e-01
-1.16387208e-01
-1.11058968e-01
-1.05747705e-01
-1.00446261e-01
-9.51481765e-02
-8.98420240e-02
-8.45153485e-02
-7.91481821e-02
-7.37158881e-02
-6.81811352e-02
-6.24945127e-02
-5.65837160e-02
-5.03503177e-02
-4.36546772e-02
-3.63076291e-02
-2.80512573e-02
-1.85481441e-02
-7.36582365e-03
6.02004391e-03
2.22068386e-02
4.17955592e-02
6.52546841e-02
9.26669114e-02
1.23340366e-01
1.55295021e-01
1.84791423e-01
2.06279797e-01
2.13356532e-01
2.01557228e-01
-3.56492419e-01
-3.64123936e-01
-3.60012996e-01
-3.49040627e-01
-3.35377884e-01
-3.21489714e-01
-3.08523895e-01
-2.96839411e-01
-2.86402345e-01
-2.77022516e-01
-2.68477246e-01
-2.60564898e-01
-2.53123759e-01
-2.46031609e-01
-2.39200774e-01
-2.32569024e-01
-2.26093877e-01
-2.19745290e-01
-2.13503086e-01
-2.07352118e-01
-2.01282197e-01
-1.95284646e-01
-1.89353691e-01
-1.83483524e-01
-1.77670496e-01
-1.71910214e-01
-1.66200213e-01
-1.60536872e-01
-1.54918437e-01
-1.49341693e-01
-1.43805261e-01
-1.38306011e-01
-1.32842597e-01
-1.27411610e-01
-1.22011292e-01
-1.16637425e-01
-1.11287142e-01
-1.05954522e-01
-1.00634354e-01
-9.53173365e-02
-8.99935325e-02
-8.46469205e-02
-7.92580464e-02
-7.37973677e-02
-6.82261927e-02
-6.24877510e-02
-5.65049102e-02
-5.01672925e-02
-4.33237736e-02
-3.57639004e-02
-2.72040109e-02
-1.72637352e-02
-5.45006526e-03
8.85979870e-03
2.64132209e-02
4.80485095e-02
7.45879205e-02
1.06613363e-01
1.44035848e-01
1.85392565e-01
2.26895537e-01
2.61596675e-01
2.79582699e-01
2.71059805e-01
-4.04680394e-01
-4.09739395e-01
-3.96624764e-01
-3.75782231e-01
-3.53836880e-01
-3.33790651e-01
-3.16537495e-01
-3.01982266e-01
-2.89669450e-01
-2.79084984e-01
-2.69776595e-01
-2.61388112e-01
-2.53654978e-01
-2.46388734e-01
-2.39457741e-01
-2.32772339e-01
-2.26271142e-01
-2.19913149e-01
-2.13669812e-01
-2.07522112e-01
-2.01455930e-01
-1.95461849e-01
-1.89532006e-01
-1.83661276e-01
-1.77844627e-01
-1.72079011e-01
-1.66360774e-01
-1.60687966e-01
-1.55057623e-01
-1.49468365e-01
-1.43917485e-01
-1.38403777e-01
-1.32924406e-01
-1.27477913e-01
-1.22060849e-01
-1.16670889e-01
-1.11303203e-01
-1.05953556e-01
-1.00614344e-01
-9.52774748e-02
-8.99298767e-02
-8.45557873e-02
-7.91313117e-02
-7.36254241e-02
-6.79927429e-02
-6.21720169e-02
-5.60756566e-02
-4.95837783e-02
-4.25283719e-02
-3.46805308e-02
-2.57272129e-02
-1.52503791e-02
-2.69718494e-03
1.26442941e-02
3.16691170e-02
5.54560920e-02
8.52280549e-02
1.22205441e-01
1.67246888e-01
2.20069843e-01
2.77812776e-01
3.32906881e-01
3.71122636e-01
3.72931815e-01
-4.81442860e-01
-4.74245010e-01
-4.41246942e-01
-4.03257808e-01
-3.69217843e-01
-3.41453647e-01
-3.19580627e-01
-3.02404155e-01
-2.88695255e-01
-2.77440940e-01
-2.67881973e-01
-2.59476853e-01
-2.51851551e-01
-2.44752514e-01
-2.38011035e-01
-2.31515571e-01
-2.25193723e-01
-2.18998084e-01
-2.12898512e-01
-2.06874993e-01
-2.00915084e-01
-1.95009990e-01
-1.89154466e-01
-1.83344196e-01
-1.77576848e-01
-1.71849879e-01
-1.66162161e-01
-1.60511826e-01
-1.54898228e-01
-1.49319667e-01
-1.43775574e-01
-1.38264075e-01
-1.32784326e-01
-1.27333881e-01
-1.21911126e-01
-1.16512427e-01
-1.11134553e-01
-1.05771546e-01
-1.00416988e-01
-9.50604244e-02
-8.96892002e-02
-8.42841252e-02
-7.88203389e-02
-7.32615934e-02
-6.75592028e-02
-6.16437866e-02
-5.54207187e-02
-4.87574422e-02
-4.14730427e-02
-3.33184895e-02
-2.39573511e-02
-1.29360134e-02
3.47299071e-04
1.66845216e-02
3.71014517e-02
6.29093971e-02
9.57473396e-02
1.37589444e-01
1.90610887e-01
2.56648904e-01
3.35646457e-01
4.22058215e-01
4.98439132e-01
5.29035484e-01
-6.16113680e-01
-5.65363874e-01
-4.90320363e-01
-4.24916961e-01
-3.75539812e-01
-3.40017794e-01
-3.14637002e-01
-2.96188615e-01
-2.82325718e-01
-2.71442029e-01
-2.62470906e-01
-2.54715554e-01
-2.47725213e-01
-2.41211459e-01
-2.34991388e-01
-2.28951122e-01
-2.23020615e-01
-2.17158392e-01
-2.11340216e-01
-2.05553232e-01
-1.99790622e-01
-1.94049933e-01
-1.88330242e-01
-1.82632334e-01
-1.76956822e-01
-1.71305149e-01
-1.65677981e-01
-1.60076600e-01
-1.54501277e-01
-1.48952877e-01
-1.43431116e-01
-1.37936285e-01
-1.32467350e-01
-1.27023746e-01
-1.21603287e-01
-1.16203956e-01
-1.10821579e-01
-1.05451496e-01
-1.00085878e-01
-9.47150687e-02
-8.93243111e-02
-8.38943632e-02
-7.83971593e-02
-7.27949989e-02
-6.70342673e-02
-6.10419771e-02
-5.47160529e-02
-4.79172605e-02
-4.04537007e-02
-3.20651827e-02
-2.23984282e-02
-1.09794647e-02
2.82624748e-03
1.98620019e-02
4.12488310e-02
6.84789624e-02
1.03556731e-01
1.49203345e-01
2.09133443e-01
2.88269490e-01
3.92248065e-01
5.23992284e-01
6.71652202e-01
7.79842715e-01
-8.73921713e-01
-6.81383654e-01
-5.26244019e-01
-4.25496341e-01
-3.62967647e-01
-3.23945030e-01
-2.98889888e-01
-2.82091070e-01
-2.70182082e-01
-2.61167658e-01
-2.53852882e-01
-2.47516020e-01
-2.41720527e-01
-2.36204040e-01
-2.30812187e-01
-2.25457182e-01
-2.20092636e-01
-2.14696822e-01
-2.09262943e-01
-2.03792064e-01
-1.98289748e-01
-1.92762955e-01
-1.87219387e-01
-1.81665959e-01
-1.76109274e-01
-1.70554620e-01
-1.65006892e-01
-1.59469677e-01
-1.53946346e-01
-1.48439058e-01
-1.42949919e-01
-1.37479848e-01
-1.32029754e-01
-1.26599245e-01
-1.21187781e-01
-1.15793184e-01
-1.10412693e-01
-1.05041204e-01
-9.96720646e-02
-9.42948766e-02
-8.88957636e-02
-8.34543785e-02
-7.79431409e-02
-7.23228145e-02
-6.65398183e-02
-6.05192593e-02
-5.41588342e-02
-4.73174877e-02
-3.98035611e-02
-3.13561862e-02
-2.16239312e-02
-1.01339197e-02
3.74648539e-03
2.08651193e-02
4.23628942e-02
6.97983615e-02
1.05356953e-01
1.52236851e-01
2.15388687e-01
3.02941469e-01
4.28672031e-01
6.14541341e-01
8.83720032e-01
1.19834639e+00
-1.39428038e+00
-7.66225057e-01
-5.03360454e-01
-3.83221626e-01
-3.23541790e-01
-2.91630811e-01
-2.73335021e-01
-2.62026142e-01
-2.54385723e-01
-2.48660836e-01
-2.43889202e-01
-2.39532050e-01
-2.35288396e-01
-2.30995726e-01
-2.26573306e-01
-2.21988994e-01
-2.17238472e-01
-2.12332888e-01
-2.07290635e-01
-2.02132984e-01
-1.96880893e-01
-1.91553985e-01
-1.86169387e-01
-1.80742058e-01
-1.75284336e-01
-1.69806737e-01
-1.64317626e-01
-1.58824125e-01
-1.53331695e-01
-1.47845033e-01
-1.42367492e-01
-1.36901947e-01
-1.31450047e-01
-1.26013024e-01
-1.20590779e-01
-1.15182590e-01
-1.09785994e-01
-1.04397305e-01
-9.90101743e-02
-9.36157443e-02
-8.82006517e-02
-8.27464697e-02
-7.72267162e-02
-7.16049621e-02
-6.58300536e-02
-5.98318284e-02
-5.35132248e-02
-4.67418936e-02
-3.93370753e-02
-3.10544097e-02
-2.15641432e-02
-1.04244313e-02
2.95609890e-03
1.93682779e-02
3.98774614e-02
6.59419903e-02
9.96259152e-02
1.44021230e-01
2.04188236e-01
2.89461373e-01
4.19546033e-01
6.40814075e-01
1.06438003e+00
1.92359824e+00
SCALARS vorticity double 1
LOOKUP_TABLE default
3.67415268e-03
1.36676138e-02
2.72244229e-02
4.30588126e-02
6.36443173e-02
8.81727042e-02
1.15532343e-01
1.44847646e-01
1.75425210e-01
2.06687671e-01
2.38157205e-01
2.69452779e-01
3.00280205e-01
3.30416340e-01
3.59691267e-01
3.87973260e-01
4.15156365e-01
4.41151973e-01
4.65882421e-01
4.89277505e-01
5.11271775e-01
5.31803682e-01
5.50814606e-01
5.68249093e-01
5.84054498e-01
5.98181549e-01
6.10584146e-01
6.21219979e-01
6.30050347e-01
6.37040745e-01
6.42160706e-01
6.45384337e-01
6.46690189e-01
6.46061755e-01
6.43487377e-01
6.38960688e-01
6.32480572e-01
6.24051535e-01
6.13683714e-01
6.01393164e-01
5.87201931e-01
5.71138257e-01
5.53236773e-01
5.33538734e-01
5.12092537e-01
4.88954327e-01
4.64189418e-01
4.37874099e-01
4.10099110e-01
3.80974153e-01
3.50635200e-01
3.19253605e-01
2.87048962e-01
2.54303654e-01
2.21379522e-01
1.88730525e-01
1.56907844e-01
1.26554001e-01
9.84063794e-02
7.33348715e-02
5.23056450e-02
3.55085738e-02
1.83297353e-02
3.72382135e-03
6.10970925e-03
1.67856500e-02
3.06699552e-02
4.29093822e-02
5.94821846e-02
8.00994834e-02
1.03535621e-01
1.28886897e-01
1.55534155e-01
1.82979450e-01
2.10789219e-01
2.38594921e-01
2.66097961e-01
2.93064305e-01
3.19312789e-01
3.44702289e-01
3.69120710e-01
3.92476238e-01
4.14691021e-01
4.35696659e-01
4.55431355e-01
4.73838079e-01
4.90863635e-01
5.06458128e-01
5.20574853e-01
5.33170251e-01
5.44204060e-01
5.53639409e-01
5.61443020e-01
5.67585330e-01
5.72040686e-01
5.74787471e-01
5.75808289e-01
5.75090088e-01
5.72624340e-01
5.68407167e-01
5.62439503e-01
5.54727224e-01
5.45281299e-01
5.34117921e-01
5.21258657e-01
5.06730633e-01
4.90566769e-01
4.72806167e-01
4.53494694e-01
4.32685993e-01
4.10443020e-01
3.86840498e-01
3.61968454e-01
3.35937334e-01
3.08884783e-01
2.80984552e-01
2.52457182e-01
2.23581830e-01
1.94705826e-01
1.66246355e-01
1.38679675e-01
1.12532911e-01
8.84320160e-02
6.72456642e-02
5.00247751e-02
3.63002552e-02
1.72419428e-02
1.85216143e-03
1.43918387e-02
2.51993640e-02
3.85998980e-02
4.66957008e-02
5.74602544e-02
7.17148127e-02
8.85140176e-02
1.07080321e-01
1.26943747e-01
1.47740648e-01
1.69121955e-01
1.90756463e-01
2.12352972e-01
2.33670403e-01
2.54515875e-01
2.74737310e-01
2.94214934e-01
3.12853450e-01
3.30575529e-01
3.47316703e-01
3.63021657e-01
3.77641658e-01
3.91132921e-01
4.03455613e-01
4.14573330e-01
4.24452826e-01
4.33063937e-01
4.40379573e-01
4.46375783e-01
4.51031816e-01
4.54330218e-01
4.56256909e-01
4.56801274e-01
4.55956250e-01
4.53718410e-01
4.50088048e-01
4.45069263e-01
4.38670044e-01
4.30902364e-01
4.21782286e-01
4.11330113e-01
3.99570599e-01
3.86533287e-01
3.72253067e-01
3.56771042e-01
3.40135910e-01
3.22406007e-01
3.03652250e-01
2.83962117e-01
2.63444787e-01
2.42237327e-01
2.20511719e-01
1.98481955e-01
1.76409254e-01
1.54600641e-01
1.33393833e-01
1.13128423e-01
9.41360637e-02
7.68290555e-02
6.18940919e-02
5.00744205e-02
3.98752535e-02
2.12609813e-02
7.13318854e-03
2.93163619e-02
4.12130720e-02
5.44286581e-02
5.97426554e-02
6.60105018e-02
7.49960986e-02
8.61898619e-02
9.90277417e-02
1.13191852e-01
1.28429631e-01
1.44457286e-01
1.60970544e-01
1.77680950e-01
1.94338393e-01
2.10737377e-01
2.26714277e-01
2.42141068e-01
2.56918217e-01
2.70967948e-01
2.84228501e-01
2.96649614e-01
3.08189214e-01
3.18811160e-01
3.28483786e-01
3.37179023e-01
3.44871905e-01
3.51540317e-01
3.57164879e-01
3.61728915e-01
3.65218459e-01
3.67622281e-01
3.68931921e-01
3.69141727e-01
3.68248896e-01
3.66253510e-01
3.63158577e-01
3.58970071e-01
3.53696985e-01
3.47351391e-01
3.39948544e-01
3.31507037e-01
3.22049068e-01
3.11600897e-01
3.00193578e-01
2.87864135e-01
2.74657329e-01
2.60628220e-01
2.45845650e-01
2.30396707e-01
2.14392022e-01
1.97971505e-01
1.81309828e-01
1.64620387e-01
1.48154965e-01
1.32193379e-01
1.17015651e-01
1.02860089e-01
8.99104263e-02
7.84002666e-02
6.88069220e-02
6.15038893e-02
5.42402961e-02
3.65943597e-02
2.19625364e-02
4.83747642e-02
5.93430358e-02
7.04260948e-02
7.24894266e-02
7.43711883e-02
7.83861054e-02
8.43929440e-02
9.20254337e-02
1.01086357e-01
1.11399870e-01
1.22722614e-01
1.34762634e-01
1.47226270e-01
1.59850040e-01
1.72413362e-01
1.84739553e-01
1.96691289e-01
2.08163896e-01
2.19078239e-01
2.29374232e-01
2.39005498e-01
2.47935317e-01
2.56133765e-01
2.63575808e-01
2.70240114e-01
2.76108338e-01
2.81164728e-01
2.85395913e-01
2.88790803e-01
2.91340539e-01
2.93038487e-01
2.93880224e-01
2.93863553e-01
2.92988505e-01
2.91257344e-01
2.88674585e-01
2.85247002e-01
2.80983662e-01
2.75895973e-01
2.69997791e-01
2.63305599e-01
2.55838849e-01
2.47620533e-01
2.38678125e-01
2.29045060e-01
2.18762927e-01
2.07884567e-01
1.96478172e-01
1.84632320e-01
1.72461604e-01
1.60112181e-01
1.47766154e-01
1.35643040e-01
1.23995040e-01
1.13089899e-01
1.03174113e-01
9.44224667e-02
8.69223554e-02
8.07811374e-02
7.63026326e-02
7.35620282e-02
6.98822869e-02
5.50542233e-02
4.17047044e-02
7.14715398e-02
7.97576770e-02
8.64836613e-02
8.42106456e-02
8.12956848e-02
8.02828430e-02
8.12686867e-02
8.40197716e-02
8.84079413e-02
9.42921216e-02
1.01439705e-01
1.09551950e-01
1.18318039e-01
1.27453554e-01
1.36717941e-01
1.45918217e-01
1.54905502e-01
1.63568268e-01
1.71824563e-01
1.79614622e-01
1.86894603e-01
1.93631760e-01
1.99800966e-01
2.05382366e-01
2.10359877e-01
2.14720283e-01
2.18452702e-01
2.21548295e-01
2.24000107e-01
2.25802982e-01
2.26953522e-01
2.27450058e-01
2.27292633e-01
2.26482990e-01
2.25024561e-01
2.22922458e-01
2.20183480e-01
2.16816128e-01
2.12830658e-01
2.08239199e-01
2.03055976e-01
1.97297728e-01
1.90984414e-01
1.84140380e-01
1.76796157e-01
1.68991125e-01
1.60777198e-01
1.52223626e-01
1.43422750e-01
1.34496203e-01
1.25600626e-01
1.16931466e-01
1.08722730e-01
1.01239032e-01
9.47535553e-02
8.95053134e-02
8.56436249e-02
8.32105531e-02
8.22456386e-02
8.29418686e-02
8.51827752e-02
8.61201710e-02
7.60743503e-02
6.56020964e-02
9.83781994e-02
1.03090369e-01
1.03998299e-01
9.65448416e-02
8.84618696e-02
8.23547801e-02
7.84639029e-02
7.66306920e-02
7.67496936e-02
7.86768895e-02
8.21623439e-02
8.68809447e-02
9.24913867e-02
9.86792642e-02
1.05177887e-01
1.11773735e-01
1.18303378e-01
1.24646195e-01
1.30715626e-01
1.36450655e-01
1.41808532e-01
1.46759083e-01
1.51280603e-01
1.55357052e-01
1.58976252e-01
1.62128787e-01
1.64807349e-01
1.67006370e-01
1.68721820e-01
1.69951092e-01
1.70692938e-01
1.70947426e-01
1.70715913e-01
1.70001017e-01
1.68806602e-01
1.67137759e-01
1.65000805e-01
1.62403304e-01
1.59354125e-01
1.55863584e-01
1.51943720e-01
1.47608797e-01
1.42876163e-01
1.37767652e-01
1.32311745e-01
1.26546723e-01
1.20525024e-01
1.14318851e-01
1.08026809e-01
1.01780941e-01
9.57529744e-02
9.01580693e-02
8.52535697e-02
8.13287887e-02
7.86794558e-02
7.75608572e-02
7.81290166e-02
8.04210135e-02
8.44531395e-02
9.03544054e-02
9.78848207e-02
1.04148794e-01
1.00077089e-01
9.32201737e-02
1.28523599e-01
1.29320913e-01
1.23651053e-01
1.10539972e-01
9.70898664e-02
8.59009618e-02
7.73073578e-02
7.11878071e-02
6.74261597e-02
6.58462979e-02
6.61576286e-02
6.79911883e-02
7.09625324e-02
7.47182736e-02
7.89592578e-02
8.34469814e-02
8.80002835e-02
9.24870981e-02
9.68143963e-02
1.00918357e-01
1.04755926e-01
1.08298210e-01
1.11525687e-01
1.14424938e-01
1.16986533e-01
1.19203739e-01
1.21071747e-01
1.22587239e-01
1.23748144e-01
1.24553500e-01
1.25003374e-01
1.25098815e-01
1.24841817e-01
1.24235289e-01
1.23283031e-01
1.21989723e-01
1.20360919e-01
1.18403074e-01
1.16123624e-01
1.13531151e-01
1.10635720e-01
1.07449477e-01
1.03987673e-01
1.00270321e-01
9.63247334e-02
9.21892318e-02
8.79182278e-02
8.35887478e-02
7.93081239e-02
7.52220906e-02
7.15219145e-02
6.84485341e-02
6.62908777e-02
6.53740885e-02
6.60312747e-02
6.85533843e-02
7.31274659e-02
7.98135869e-02
8.86327708e-02
9.96755827e-02
1.12608688e-01
1.24530376e-01
1.26960413e-01
1.23926000e-01
1.61273338e-01
1.58048325e-01
1.45436363e-01
1.26429969e-01
1.07537772e-01
9.13339648e-02
7.82221864e-02
6.80960085e-02
6.08060327e-02
5.61226590e-02
5.36962742e-02
5.30994437e-02
5.38934843e-02
5.56778566e-02
5.81150481e-02
6.09373563e-02
6.39428562e-02
6.69857877e-02
6.99649128e-02
7.28121741e-02
7.54829721e-02
7.79485697e-02
8.01905803e-02
8.21972121e-02
8.39608411e-02
8.54765188e-02
8.67410915e-02
8.77526974e-02
8.85104883e-02
8.90144738e-02
8.92654325e-02
8.92648572e-02
8.90149172e-02
8.85184285e-02
8.77788330e-02
8.68001850e-02
8.55871561e-02
8.41450707e-02
8.24800034e-02
8.05989845e-02
7.85103947e-02
7.62246708e-02
7.37555028e-02
7.11217610e-02
6.83504493e-02
6.54809961e-02
6.25711386e-02
5.97044622e-02
5.69992895e-02
5.46180508e-02
5.27755697e-02
5.17439501e-02
5.18508733e-02
5.34667094e-02
5.69739892e-02
6.27142546e-02
7.09230559e-02
8.17018793e-02
9.50929028e-02
1.11160660e-01
1.29489494e-01
1.47179186e-01
1.56291904e-01
1.57083058e-01
1.96104041e-01
1.88830880e-01
1.69100233e-01
1.44083501e-01
1.19736341e-01
9.86027936e-02
8.11439812e-02
6.72546973e-02
5.67371295e-02
4.92926918e-02
4.44985875e-02
4.18570477e-02
4.08657865e-02
4.10700139e-02
4.20886281e-02
4.36209329e-02
4.54414875e-02
4.73888060e-02
4.93518864e-02
5.12571849e-02
5.30575000e-02
5.47233140e-02
5.62365238e-02
5.75861742e-02
5.87657073e-02
5.97712723e-02
6.06007302e-02
6.12530889e-02
6.17281909e-02
6.20265419e-02
6.21492149e-02
6.20977934e-02
6.18743337e-02
6.14813387e-02
6.09217389e-02
6.01988853e-02
5.93165617e-02
5.82790337e-02
5.70911679e-02
5.57586768e-02
5.42885787e-02
5.26900169e-02
5.09756385e-02
4.91638111e-02
4.72820108e-02
4.53717438e-02
4.34952885e-02
4.17443430e-02
4.02502384e-02
3.91947537e-02
3.88197744e-02
3.94331837e-02
4.14074162e-02
4.51657092e-02
5.11494590e-02
5.97619659e-02
7.12995734e-02
8.59171474e-02
1.03687541e-01
1.24655191e-01
1.48325773e-01
1.71797957e-01
1.87631588e-01
1.92196436e-01
2.32643693e-01
2.21323560e-01
1.94382333e-01
1.63296142e-01
1.33503415e-01
1.07519554e-01
8.58568741e-02
6.84029806e-02
5.49013774e-02
4.49732433e-02
3.81117359e-02
3.37392493e-02
3.12821371e-02
3.02253303e-02
3.01396128e-02
3.06879732e-02
3.16190355e-02
3.27538104e-02
3.39701896e-02
3.51880868e-02
3.63568269e-02
3.74453605e-02
3.84351991e-02
3.93156175e-02
4.00805687e-02
4.07267916e-02
4.12527013e-02
4.16577614e-02
4.19421403e-02
4.21065243e-02
4.21520174e-02
4.20800822e-02
4.18925060e-02
4.15913758e-02
4.11790659e-02
4.06582362e-02
4.00318535e-02
3.93032552e-02
3.84762928e-02
3.75556159e-02
3.65472045e-02
3.54593033e-02
3.43039949e-02
3.30997190e-02
3.18751223e-02
3.06746456e-02
2.95661828e-02
2.86509129e-02
2.80749463e-02
2.80417199e-02
2.88231916e-02
3.07669150e-02
3.42950176e-02
3.98897142e-02
4.80585508e-02
5.92748210e-02
7.39042066e-02
9.21626235e-02
1.14158976e-01
1.39920230e-01
1.68874226e-01
1.98113555e-01
2.20658506e-01
2.28939617e-01
2.70654706e-01
2.55293534e-01
2.21081173e-01
1.83883696e-01
1.48652148e-01
1.17876605e-01
9.21172161e-02
7.12490722e-02
5.49498990e-02
4.27523441e-02
3.40571030e-02
2.81990871e-02
2.45268725e-02
2.24600198e-02
2.15173227e-02
2.13225874e-02
2.15964140e-02
2.21407867e-02
2.28213603e-02
2.35506374e-02
2.42737728e-02
2.49576022e-02
2.55827460e-02
2.61382618e-02
2.66182131e-02
2.70195721e-02
2.73409923e-02
2.75821191e-02
2.77432129e-02
2.78249504e-02
2.78283169e-02
2.77545494e-02
2.76051024e-02
2.73816295e-02
2.70859731e-02
2.67201714e-02
2.62864882e-02
2.57874918e-02
2.52262226e-02
2.46065209e-02
2.39336304e-02
2.32152569e-02
2.24633422e-02
2.16969030e-02
2.09463650e-02
2.02598522e-02
1.97118128e-02
1.94141072e-02
1.95291750e-02
2.02841202e-02
2.19835627e-02
2.50180135e-02
2.98633722e-02
3.70657328e-02
4.72044331e-02
6.08288584e-02
7.83799894e-02
1.00139671e-01
1.26255718e-01
1.56738404e-01
1.90937266e-01
2.25933584e-01
2.55177991e-01
2.67129213e-01
3.10007086e-01
2.90601306e-01
2.49055412e-01
2.05696483e-01
1.65013095e-01
1.29473755e-01
9.96845427e-02
7.55044105e-02
5.65401082e-02
4.22293475e-02
3.18736089e-02
2.47140126e-02
2.00159506e-02
1.71292623e-02
1.55174115e-02
1.47625452e-02
1.45554437e-02
1.46777730e-02
1.49820128e-02
1.53725550e-02
1.57898419e-02
1.61981555e-02
1.65768571e-02
1.69144708e-02
1.72048969e-02
1.74451032e-02
1.76337797e-02
1.77705846e-02
1.78557369e-02
1.78898017e-02
1.78735795e-02
1.78080472e-02
1.76943274e-02
1.75336720e-02
1.73274588e-02
1.70772022e-02
1.67845948e-02
1.64515995e-02
1.60806436e-02
1.56749895e-02
1.52394147e-02
1.47813987e-02
1.43131081e-02
1.38545694e-02
1.34385120e-02
1.31173928e-02
1.29730378e-02
1.31290476e-02
1.37655639e-02
1.51351318e-02
1.75772994e-02
2.15283715e-02
2.75214690e-02
3.61706047e-02
4.81314104e-02
6.40340316e-02
8.43990503e-02
1.09577427e-01
1.39757316e-01
1.74932104e-01
2.14371915e-01
2.55141733e-01
2.91098028e-01
3.06694790e-01
3.50654504e-01
3.27181569e-01
2.78216195e-01
2.28620272e-01
1.82441109e-01
1.42129337e-01
1.08335674e-01
8.09000731e-02
5.93540670e-02
4.30350774e-02
3.11396175e-02
2.28095602e-02
1.72223869e-02
1.36543878e-02
1.15107526e-02
1.03297952e-02
9.77091722e-03
9.59436603e-03
9.63866975e-03
9.79955180e-03
1.00123275e-02
1.02384043e-02
1.04556264e-02
1.06517712e-02
1.08203976e-02
1.09583223e-02
1.10641522e-02
1.11374663e-02
1.11783758e-02
1.11872952e-02
1.11648255e-02
1.11116951e-02
1.10287302e-02
1.09168422e-02
1.07770271e-02
1.06103840e-02
1.04181639e-02
1.02018784e-02
9.96351773e-03
9.70596880e-03
9.43377250e-03
9.15444597e-03
8.88068772e-03
8.63390175e-03
8.44957064e-03
8.38505228e-03
8.53028087e-03
9.02155006e-03
1.00579469e-02
1.19190691e-02
1.49814420e-02
1.97297065e-02
2.67572526e-02
3.67495166e-02
5.04422355e-02
6.85501446e-02
9.16768009e-02
1.20244582e-01
1.54482737e-01
1.94367176e-01
2.39087248e-01
2.85686979e-01
3.28408308e-01
3.47653372e-01
3.92615347e-01
3.65028430e-01
3.08521378e-01
2.52577674e-01
2.00821985e-01
1.55690587e-01
1.17877682e-01
8.72015408e-02
6.31145306e-02
4.48488575e-02
3.14907849e-02
2.20779238e-02
1.56954996e-02
1.15427399e-02
8.96387259e-03
7.45141438e-03
6.63200230e-03
6.24351194e-03
6.10987030e-03
6.11768649e-03
6.19683491e-03
6.30561892e-03
6.42019087e-03
6.52744478e-03
6.62049066e-03
6.69590972e-03
6.75216382e-03
6.78871106e-03
6.80553347e-03
6.80289227e-03
6.78120562e-03
6.74098785e-03
6.68282150e-03
6.60734620e-03
6.51526304e-03
6.40735715e-03
6.28455617e-03
6.14805287e-03
5.99955099e-03
5.84172853e-03
5.67907931e-03
5.51937425e-03
5.37609938e-03
5.27234524e-03
5.24673739e-03
5.36203707e-03
5.71694936e-03
6.46133949e-03
7.81440211e-03
1.00843013e-02
1.36864711e-02
1.91562783e-02
2.71502348e-02
3.84284544e-02
5.38102835e-02
7.40985214e-02
9.99827122e-02
1.31958660e-01
1.70297319e-01
2.14956490e-01
2.65043312e-01
3.17576386e-01
3.67165582e-01
3.90091965e-01
4.35957338e-01
4.04183692e-01
3.39970177e-01
2.77528011e-01
2.20076193e-01
1.70040056e-01
1.28156065e-01
9.42179139e-02
6.75947108e-02
4.74084824e-02
3.26300183e-02
2.21877616e-02
1.50704658e-02
1.03969173e-02
7.44782820e-03
5.66807830e-03
4.65027085e-03
4.10906130e-03
3.85322078e-03
3.75988294e-03
3.75324299e-03
3.78833826e-03
3.83951509e-03
3.89270148e-03
3.94049826e-03
3.97920968e-03
4.00712663e-03
4.02357590e-03
4.02841351e-03
4.02176505e-03
4.00389608e-03
3.97515050e-03
3.93592208e-03
3.88664627e-03
3.82780650e-03
3.75996298e-03
3.68381824e-03
3.60035613e-03
3.51111354e-03
3.41869402e-03
3.32769437e-03
3.24631475e-03
3.18903798e-03
3.18090437e-03
3.26402249e-03
3.50701135e-03
4.01796030e-03
4.96113774e-03
6.57696101e-03
9.20363084e-03
1.32973793e-02
1.94466538e-02
2.83739158e-02
4.09172031e-02
5.79829945e-02
8.04656841e-02
1.09143926e-01
1.44589144e-01
1.87114853e-01
2.36660311e-01
2.92248955e-01
3.50869443e-01
4.07483761e-01
4.34154562e-01
4.80786296e-01
4.44727205e-01
3.72597072e-01
3.03464086e-01
2.40157718e-01
1.85095819e-01
1.39055701e-01
1.01803130e-01
7.26193579e-02
5.05108691e-02
3.43274800e-02
2.28833985e-02
1.50666163e-02
9.91209209e-03
6.63450140e-03
4.62930850e-03
3.45388423e-03
2.79888911e-03
2.45745314e-03
2.29693675e-03
2.23567390e-03
2.22532289e-03
2.23835238e-03
2.25967793e-03
2.28136230e-03
2.29941670e-03
2.31195680e-03
2.31818360e-03
2.31784315e-03
2.31095001e-03
2.29765160e-03
2.27816329e-03
2.25274103e-03
2.22167338e-03
2.18529166e-03
2.14400210e-03
2.09836101e-03
2.04922771e-03
1.99806588e-03
1.94750710e-03
1.90236940e-03
1.87142074e-03
1.87031418e-03
1.92626327e-03
2.08516184e-03
2.42190126e-03
3.05453173e-03
4.16252079e-03
6.00859522e-03
8.96244518e-03
1.35229960e-02
2.03341757e-02
3.01873300e-02
4.40018657e-02
6.27752298e-02
8.74973898e-02
1.19039807e-01
1.58052384e-01
2.04892698e-01
2.59481444e-01
3.20756801e-01
3.85672524e-01
4.49527502e-01
4.80035957e-01
5.27238290e-01
4.86769604e-01
4.06465400e-01
3.30406456e-01
2.61048780e-01
2.00806403e-01
1.50495748e-01
1.09850569e-01
7.80588225e-02
5.40053425e-02
3.64129035e-02
2.39760194e-02
1.54773963e-02
9.86466275e-03
6.28390572e-03
4.07941325e-03
2.77217097e-03
2.02812481e-03
1.62433389e-03
1.41813795e-03
1.32187096e-03
1.28373552e-03
1.27428048e-03
1.27738684e-03
1.28456912e-03
1.29154465e-03
1.29625988e-03
1.29780334e-03
1.29583014e-03
1.29026971e-03
1.28118206e-03
1.26869120e-03
1.25295627e-03
1.23416579e-03
1.21254887e-03
1.18841305e-03
1.16222646e-03
1.13478789e-03
1.10755613e-03
1.08326871e-03
1.06705403e-03
1.06835837e-03
1.10414597e-03
1.20399551e-03
1.41785193e-03
1.82725695e-03
2.56075689e-03
3.81377367e-03
5.87239155e-03
9.13921955e-03
1.41577825e-02
2.16299683e-02
3.24191388e-02
4.75298862e-02
6.80550690e-02
9.50850806e-02
1.29589021e-01
1.72299415e-01
2.23620634e-01
2.83455584e-01
3.50655586e-01
4.22133637e-01
4.93509707e-01
5.27979900e-01
5.75475667e-01
5.30447381e-01
4.41661124e-01
3.58396135e-01
2.82751746e-01
2.17142152e-01
1.62420584e-01
1.18283544e-01
8.38189625e-02
5.77827773e-02
3.87637795e-02
2.53307365e-02
1.61561857e-02
1.00967432e-02
6.22729280e-03
3.83919469e-03
2.41593969e-03
1.59809500e-03
1.14627322e-03
9.07593005e-04
7.88287656e-04
7.33056872e-04
7.10509945e-04
7.03487193e-04
7.02956687e-04
7.04348235e-04
7.05450124e-04
7.05252725e-04
7.03339039e-04
6.99575067e-04
6.93959535e-04
6.86553422e-04
6.77451544e-04
6.66776322e-04
6.54692370e-04
6.41447286e-04
6.27463655e-04
6.13523957e-04
6.01132096e-04
5.93186752e-04
5.95194286e-04
6.17363339e-04
6.78083594e-04
8.09456784e-04
1.06570679e-03
1.53535363e-03
2.35791487e-03
3.74544689e-03
6.00835696e-03
9.58352441e-03
1.50609394e-02
2.32029809e-02
3.49483866e-02
5.13912637e-02
7.37252371e-02
1.03147381e-01
1.40731156e-01
1.87298092e-01
2.43304281e-01
3.08637188e-01
3.82059896e-01
4.60437363e-01
5.39692567e-01
5.78283864e-01
6.25685965e-01
5.75920201e-01
4.78286658e-01
3.87485771e-01
3.05278665e-01
2.34083936e-01
1.74788173e-01
1.27043495e-01
8.98291071e-02
6.17631427e-02
4.12922551e-02
2.68526288e-02
1.70013121e-02
1.05000299e-02
6.34980545e-03
3.78735701e-03
2.25764273e-03
1.37526389e-03
8.84079416e-04
6.20841034e-04
4.85621216e-04
4.19598212e-04
3.89441116e-04
3.76956186e-04
3.72573934e-04
3.71447348e-04
3.71218037e-04
3.70792037e-04
3.69695213e-04
3.67747970e-04
3.64906600e-04
3.61190788e-04
3.56653260e-04
3.51375273e-04
3.45481866e-04
3.39188267e-04
3.32899058e-04
3.27411385e-04
3.24306750e-04
3.26684183e-04
3.40474306e-04
3.76710345e-04
4.55291024e-04
6.10961850e-04
9.02398645e-04
1.42535365e-03
2.33068494e-03
3.84762403e-03
6.31169083e-03
1.01951924e-02
1.61362782e-02
2.49602827e-02
3.76848494e-02
5.54985211e-02
7.97022736e-02
1.11608176e-01
1.52403742e-01
2.03009600e-01
2.63942405e-01
3.35079644e-01
4.15095861e-01
5.00798805e-01
5.88391950e-01
6.31307918e-01
6.78083825e-01
6.23369582e-01
5.16453496e-01
4.17728104e-01
3.28637560e-01
2.51608852e-01
1.87556083e-01
1.36076634e-01
9.60292319e-02
6.58829152e-02
4.39324352e-02
2.84736188e-02
1.79422544e-02
1.10011648e-02
6.57489616e-03
3.84393035e-03
2.21379259e-03
1.27265635e-03
7.47419749e-04
4.64395285e-04
3.17485113e-04
2.44360248e-04
2.09769411e-04
1.94502700e-04
1.88468260e-04
1.86554552e-04
1.86268195e-04
1.86441718e-04
1.86555975e-04
1.86397873e-04
1.85895307e-04
1.85040564e-04
1.83860133e-04
1.82409382e-04
1.80790915e-04
1.79203813e-04
1.78052949e-04
1.78167839e-04
1.81228590e-04
1.90556995e-04
2.12537195e-04
2.59062890e-04
3.51592093e-04
5.27581321e-04
8.50254067e-04
1.42272847e-03
2.40739867e-03
4.05096470e-03
6.71452404e-03
1.09065752e-02
1.73147094e-02
2.68293609e-02
4.05505743e-02
5.97667920e-02
8.58944187e-02
1.20371669e-01
1.64514248e-01
2.19357955e-01
2.85495657e-01
3.62806437e-01
4.49879221e-01
5.43453554e-01
6.39983374e-01
6.87489335e-01
7.32914546e-01
6.72997620e-01
5.56271057e-01
4.49158835e-01
3.52813128e-01
2.69671397e-01
2.00664451e-01
1.45318981e-01
1.02356742e-01
7.00830315e-02
4.66289176e-02
3.01410938e-02
1.89279913e-02
1.15495685e-02
6.85150270e-03
3.95671610e-03
2.23065231e-03
1.23479841e-03
6.79035333e-04
3.79268003e-04
2.23286306e-04
1.45309954e-04
1.08210868e-04
9.17940390e-05
8.54658458e-05
8.38647488e-05
8.43725603e-05
8.57574307e-05
8.74629886e-05
8.92513826e-05
9.10302060e-05
9.27738717e-05
9.44912894e-05
9.62219750e-05
9.80548045e-05
1.00182702e-04
1.03019148e-04
1.07435738e-04
1.15219192e-04
1.29923761e-04
1.58394888e-04
2.13395183e-04
3.17945145e-04
5.12208994e-04
8.63937003e-04
1.48356841e-03
2.54495501e-03
4.31216443e-03
7.17179330e-03
1.16686048e-02
1.85401208e-02
2.87432551e-02
4.34634744e-02
6.40948250e-02
9.21787793e-02
1.29294448e-01
1.76906163e-01
2.36190201e-01
3.07842790e-01
3.91767820e-01
4.86479545e-01
5.88638234e-01
6.94907038e-01
7.47359683e-01
7.90458201e-01
7.25022616e-01
5.97826585e-01
4.81768677e-01
3.77737724e-01
2.88177491e-01
2.14014582e-01
1.54679389e-01
1.08732966e-01
7.42977207e-02
4.93269558e-02
3.18086472e-02
1.99178059e-02
1.21079956e-02
7.14417789e-03
4.09090618e-03
2.27331422e-03
1.22625854e-03
6.42765417e-04
3.28507936e-04
1.65311592e-04
8.40534747e-05
4.58019176e-05
2.94224174e-05
2.38471809e-05
2.34803666e-05
2.55889281e-05
2.88826843e-05
3.27734922e-05
3.70028902e-05
4.14632385e-05
4.61151512e-05
5.09551271e-05
5.60105635e-05
6.13612008e-05
6.71962750e-05
7.39407534e-05
8.25080332e-05
9.47903169e-05
1.14567167e-04
1.49132143e-04
2.12087211e-04
3.27961001e-04
5.39522407e-04
9.18869363e-04
1.58346077e-03
2.71813524e-03
4.60364176e-03
7.65117422e-03
1.24407374e-02
1.97589300e-02
3.06290657e-02
4.63237848e-02
6.83479337e-02
9.83788355e-02
1.38155258e-01
1.89318832e-01
2.53225121e-01
3.30719481e-01
4.21775081e-01
5.24860526e-01
6.36551882e-01
7.53665883e-01
8.11563270e-01
8.51029703e-01
7.79665205e-01
6.41146314e-01
5.15455515e-01
4.03246284e-01
3.06947858e-01
2.27441817e-01
1.64020426e-01
1.15049779e-01
7.84447236e-02
5.19646547e-02
3.34291573e-02
2.08745923e-02
1.26457043e-02
7.42594641e-03
4.22155672e-03
2.31777720e-03
1.22334174e-03
6.14884229e-04
2.88210349e-04
1.19442100e-04
3.62872187e-05
-1.88228076e-06
-1.70776053e-05
-2.08067327e-05
-1.88819311e-05
-1.41429230e-05
-7.93385191e-06
-8.73020430e-07
6.76225484e-06
1.48497372e-05
2.33378146e-05
3.22108336e-05
4.14850346e-05
5.12298301e-05
6.16295579e-05
7.31158322e-05
8.66371604e-05
1.04177184e-04
1.29718542e-04
1.70960986e-04
2.42273597e-04
3.69561962e-04
5.97972750e-04
1.00356270e-03
1.71017485e-03
2.91263608e-03
4.90689632e-03
8.12669013e-03
1.31846510e-02
2.09135403e-02
3.24005445e-02
4.90046944e-02
7.23448698e-02
1.04244827e-01
1.46625160e-01
2.01342951e-01
2.69990037e-01
3.53635120e-01
4.52402119e-01
5.64780797e-01
6.87281001e-01
8.16805134e-01
8.80867747e-01
9.14964730e-01
8.37109922e-01
6.86118637e-01
5.49941161e-01
4.29006032e-01
3.25667074e-01
2.40682329e-01
1.73138265e-01
1.21157810e-01
8.24181321e-02
5.44679989e-02
3.49505904e-02
2.17607011e-02
1.31340274e-02
7.67349665e-03
4.32839947e-03
2.34541434e-03
1.20826055e-03
5.78019377e-04
2.41221105e-04
6.86762618e-05
-1.48322710e-05
-5.14847848e-05
-6.40902352e-05
-6.45563381e-05
-5.88939534e-05
-5.00426243e-05
-3.93998464e-05
-2.76150082e-05
-1.49867575e-05
-1.65360334e-06
1.23179330e-05
2.68981664e-05
4.20884606e-05
5.79441211e-05
7.46373068e-05
9.25969705e-05
1.12790203e-04
1.37267615e-04
1.70171865e-04
2.19537695e-04
3.00374721e-04
4.39747411e-04
6.84801213e-04
1.11491488e-03
1.85927081e-03
3.12104035e-03
5.20889571e-03
8.57557329e-03
1.38615998e-02
2.19400947e-02
3.39558862e-02
5.13492722e-02
7.58520274e-02
1.09441863e-01
1.54244096e-01
2.12377851e-01
2.85749661e-01
3.75765638e-01
4.82842404e-01
6.05631482e-01
7.40657210e-01
8.84847993e-01
9.56150454e-01
9.82563455e-01
8.97407020e-01
7.32341195e-01
5.84626968e-01
4.54409408e-01
3.43816390e-01
2.53336621e-01
1.81745602e-01
1.26859816e-01
8.60863948e-02
5.67502613e-02
3.63152796e-02
2.25365275e-02
1.35441781e-02
7.86430875e-03
4.39244232e-03
2.33918596e-03
1.16506956e-03
5.16887543e-04
1.72729864e-04
-1.38012603e-06
-8.32716385e-05
-1.16501857e-04
-1.24585738e-04
-1.19788344e-04
-1.08302842e-04
-9.31663819e-05
-7.58329406e-05
-5.69890049e-05
-3.69601163e-05
-1.59071915e-05
6.08339428e-06
2.89618360e-05
5.27088205e-05
7.73568455e-05
1.03055466e-04
1.30214178e-04
1.59795125e-04
1.93876683e-04
2.36699574e-04
2.96526301e-04
3.88825138e-04
5.41502224e-04
8.03161043e-04
1.25558980e-03
2.03181816e-03
3.34099334e-03
5.50089719e-03
8.97799038e-03
1.44333791e-02
2.27710361e-02
3.51821189e-02
5.31764780e-02
7.85898053e-02
1.13553314e-01
1.60414523e-01
2.21603640e-01
2.99439526e-01
3.95828176e-01
5.11710998e-01
6.46175810e-01
7.95990907e-01
9.58132781e-01
1.03831531e+00
1.05392082e+00
9.60229263e-01
7.78816814e-01
6.18348266e-01
4.78419595e-01
3.60595342e-01
2.64839613e-01
1.89466896e-01
1.31916067e-01
8.92998735e-02
5.87182652e-02
3.74638728e-02
2.31622311e-02
1.38472128e-02
7.97536863e-03
4.39385613e-03
2.28100436e-03
1.07671430e-03
4.15159826e-04
6.70344646e-05
-1.05798376e-04
-1.83422046e-04
-2.10578794e-04
-2.11396770e-04
-1.98460352e-04
-1.78136554e-04
-1.53564812e-04
-1.26266367e-04
-9.69761072e-05
-6.60579063e-05
-3.37045941e-05
-3.18652294e-08
3.48820638e-05
7.09871550e-05
1.08282103e-04
1.46877790e-04
1.87142953e-04
2.30001058e-04
2.77507490e-04
3.33916267e-04
4.07578180e-04
5.14179467e-04
6.82057912e-04
9.60572773e-04
1.43274581e-03
2.23352104e-03
3.57494032e-03
5.77913371e-03
9.31920104e-03
1.48667124e-02
2.33427490e-02
3.59672316e-02
5.42989467e-02
8.02564799e-02
1.16109041e-01
1.64427607e-01
2.27990560e-01
3.09631137e-01
4.11960769e-01
5.36792786e-01
6.84145736e-01
8.51578578e-01
1.03642794e+00
1.12803534e+00
1.12845999e+00
1.02427666e+00
8.23356221e-01
6.48976108e-01
4.99372344e-01
3.74855467e-01
2.74461092e-01
1.95863580e-01
1.36072948e-01
9.19143127e-02
6.02887653e-02
3.83454006e-02
2.36030520e-02
1.40160992e-02
7.98316166e-03
4.31071441e-03
2.14975504e-03
9.22665558e-04
2.52906791e-04
-9.50879718e-05
-2.62964738e-04
-3.32707919e-04
-3.50069312e-04
-3.39715300e-04
-3.14529586e-04
-2.81059429e-04
-2.42564907e-04
-2.00655389e-04
-1.56134745e-04
-1.09422659e-04
-6.07593762e-05
-1.03025999e-05
4.18285904e-05
9.55414667e-05
1.50785812e-04
2.07615205e-04
2.66329745e-04
3.27774125e-04
3.93916318e-04
4.68921790e-04
5.61058164e-04
6.85942652e-04
8.71853401e-04
1.16807569e-03
1.65747200e-03
2.47461545e-03
3.83077278e-03
6.04669708e-03
9.59345464e-03
1.51403784e-02
2.36077268e-02
3.62199328e-02
5.45536284e-02
8.05733179e-02
1.16647465e-01
1.65540232e-01
2.30377752e-01
3.14577342e-01
4.21664644e-01
5.54774784e-01
7.15656594e-01
9.03808285e-01
1.11804364e+00
1.22506265e+00
1.20371811e+00
1.08582741e+00
8.61446456e-01
6.72838277e-01
5.14790569e-01
3.85110770e-01
2.81383812e-01
2.00517873e-01
1.39130150e-01
9.38377294e-02
6.14182425e-02
3.89346800e-02
2.38384790e-02
1.40297364e-02
7.86463527e-03
4.11822599e-03
1.91960335e-03
6.76768097e-04
4.25364899e-06
-3.38775528e-04
-4.96946807e-04
-5.53886488e-04
-5.56247931e-04
-5.29210791e-04
-4.85973883e-04
-4.33299066e-04
-3.74605538e-04
-3.11628192e-04
-2.45271735e-04
-1.76038704e-04
-1.04237807e-04
-3.00866078e-05
4.62404588e-05
1.24592984e-04
2.04855979e-04
2.87003702e-04
3.71237666e-04
4.58276783e-04
5.49930166e-04
6.50157587e-04
7.66953580e-04
9.15546084e-04
1.12361761e-03
1.43947426e-03
1.94431377e-03
2.76986190e-03
4.12262530e-03
6.31569930e-03
9.80846415e-03
1.52535443e-02
2.35492545e-02
3.58945618e-02
5.38427170e-02
7.93496015e-02
1.14814606e-01
1.63117011e-01
2.27657914e-01
3.12411071e-01
4.21925818e-01
5.61093695e-01
7.34474561e-01
9.45603476e-01
1.19779658e+00
1.32650256e+00
1.27235774e+00
1.13524438e+00
8.84286688e-01
6.84095465e-01
5.21412602e-01
3.89767856e-01
2.84938557e-01
2.03213222e-01
1.41062688e-01
9.51067304e-02
6.21477696e-02
3.92570510e-02
2.38747469e-02
1.38783224e-02
7.59857952e-03
3.78798726e-03
1.55817791e-03
3.04940578e-04
-3.65091261e-04
-6.97561899e-04
-8.39903501e-04
-8.77349467e-04
-8.57490239e-04
-8.06086126e-04
-7.36729104e-04
-6.56472730e-04
-5.68964734e-04
-4.76124977e-04
-3.79006918e-04
-2.78233860e-04
-1.74211219e-04
-6.72381266e-05
4.24393354e-05
1.54598275e-04
2.69043651e-04
3.85649812e-04
5.04489699e-04
6.26109465e-04
7.52084702e-04
8.86049460e-04
1.03552871e-03
1.21503796e-03
1.45112551e-03
1.79022437e-03
2.31038581e-03
3.13806566e-03
4.47109972e-03
6.60872848e-03
9.98899328e-03
1.52330520e-02
2.31950840e-02
3.50157517e-02
5.21770261e-02
7.65573104e-02
1.10489584e-01
1.56834022e-01
2.19090209e-01
3.01581109e-01
4.09710765e-01
5.50223939e-01
7.31444631e-01
9.63976375e-01
1.26238338e+00
1.42274031e+00
1.31552708e+00
1.14875203e+00
8.76091820e-01
6.74784961e-01
5.15943778e-01
3.87829612e-01
2.85099768e-01
2.04246676e-01
1.42206463e-01
9.59920575e-02
6.26603674e-02
3.94176270e-02
2.37581656e-02
1.35679483e-02
7.16561309e-03
3.28566374e-03
1.02319798e-03
-2.38594236e-04
-9.01667588e-04
-1.21710582e-03
-1.33563590e-03
-1.34446599e-03
-1.29239901e-03
-1.20599296e-03
-1.09940335e-03
-9.80117005e-04
-8.52120147e-04
-7.17609071e-04
-5.77851456e-04
-4.33644840e-04
-2.85523652e-04
-1.33895736e-04
2.09094847e-05
1.78582351e-04
3.38842003e-04
5.01445229e-04
6.66317755e-04
8.33788893e-04
1.00513831e-03
1.18355906e-03
1.37593051e-03
1.59575582e-03
1.86797160e-03
2.23634328e-03
2.77449104e-03
3.60150299e-03
4.90318283e-03
6.95956075e-03
1.01789332e-02
1.51379105e-02
2.26263671e-02
3.36956932e-02
4.97090838e-02
7.23943587e-02
1.03904716e-01
1.46903718e-01
2.04709784e-01
2.81559085e-01
3.83066482e-01
5.17031846e-01
6.95125734e-01
9.37152208e-01
1.28009908e+00
1.48879961e+00
1.29179678e+00
1.07029113e+00
8.13375290e-01
6.37744150e-01
4.97479873e-01
3.80373303e-01
2.83308778e-01
2.04874412e-01
1.43495999e-01
9.71224181e-02
6.33420798e-02
3.96278961e-02
2.35830836e-02
1.31188036e-02
6.54154002e-03
2.56216167e-03
2.52860453e-04
-1.02098631e-03
-1.67364796e-03
-1.96411107e-03
-2.04796503e-03
-2.01538667e-03
-1.91702780e-03
-1.78068211e-03
-1.62136780e-03
-1.44724021e-03
-1.26278356e-03
-1.07061044e-03
-8.72282031e-04
-6.68850220e-04
-4.61002928e-04
-2.49297598e-04
-3.41364240e-05
1.84063771e-04
4.04961721e-04
6.28176651e-04
8.53504142e-04
1.08101235e-03
1.31166216e-03
1.54809806e-03
1.79643387e-03
2.06890638e-03
2.38848965e-03
2.79566937e-03
3.35870863e-03
4.18781044e-03
5.45437589e-03
7.41544252e-03
1.04436205e-02
1.50615993e-02
2.19801694e-02
3.21379991e-02
4.67418725e-02
6.73076288e-02
9.57060161e-02
1.34227013e-01
1.85691594e-01
2.53663785e-01
3.42856112e-01
4.59993557e-01
6.16211709e-01
8.35080177e-01
1.17950388e+00
1.47095761e+00
8.06481412e-01
7.61061735e-01
6.58590330e-01
5.53725241e-01
4.49903929e-01
3.53017975e-01
2.67644032e-01
1.96135983e-01
1.38945752e-01
9.51627120e-02
6.30265883e-02
4.03830851e-02
2.50489994e-02
1.50594125e-02
8.79479036e-03
5.01240568e-03
2.81515779e-03
1.58975609e-03
9.37199674e-04
6.09568655e-04
4.59386381e-04
4.02379338e-04
3.92321430e-04
4.04662645e-04
4.26942014e-04
4.52886265e-04
4.79590197e-04
5.05563751e-04
5.30244966e-04
5.53227406e-04
5.74452171e-04
5.93716883e-04
6.11052175e-04
6.26293915e-04
6.39533633e-04
6.50761493e-04
6.60438698e-04
6.69377547e-04
6.79697130e-04
6.95423197e-04
7.24558485e-04
7.81543371e-04
8.92034998e-04
1.09938807e-03
1.47478720e-03
2.13073543e-03
3.23943302e-03
5.05547546e-03
7.94314037e-03
1.24065779e-02
1.91212206e-02
2.89634293e-02
4.30352715e-02
6.26816870e-02
8.94984849e-02
1.25333447e-01
1.72284991e-01
2.32698331e-01
3.09127881e-01
4.04200662e-01
5.20439639e-01
6.60757450e-01
8.31205591e-01
9.28271949e-01
3.26603557e-01
4.47706738e-01
4.90697316e-01
4.53370234e-01
3.86142492e-01
3.11396093e-01
2.40385627e-01
1.78580058e-01
1.28060261e-01
8.88619769e-02
5.98365952e-02
3.92588553e-02
2.52588349e-02
1.61006435e-02
1.03291342e-02
6.81603985e-03
4.74155599e-03
3.54295933e-03
2.85350747e-03
2.44550959e-03
2.18405980e-03
1.99286489e-03
1.83079897e-03
1.67687060e-03
1.52102927e-03
1.35892994e-03
1.18897117e-03
1.01084130e-03
8.24688747e-04
6.30858254e-04
4.29659582e-04
2.21434810e-04
6.47556184e-06
-2.14800058e-04
-4.41865672e-04
-6.73804107e-04
-9.09185297e-04
-1.14551832e-03
-1.37868848e-03
-1.60165092e-03
-1.80263393e-03
-1.96189732e-03
-2.04702649e-03
-2.00556086e-03
-1.75470721e-03
-1.16696574e-03
-5.16615993e-05
1.86794724e-03
4.98074840e-03
9.81534005e-03
1.70655692e-02
2.76095388e-02
4.25160623e-02
6.30314081e-02
9.05380277e-02
1.26473627e-01
1.72188459e-01
2.28680818e-01
2.96050948e-01
3.72284808e-01
4.50451832e-01
5.11612934e-01
5.02789092e-01
3.97244445e-01
3.14335651e-01
3.65358407e-01
4.07704074e-01
3.88792001e-01
3.38846442e-01
2.77479469e-01
2.16395875e-01
1.61860861e-01
1.16600762e-01
8.11349515e-02
5.46901065e-02
3.58425181e-02
2.29644659e-02
1.45092615e-02
9.16354776e-03
5.90060388e-03
3.97004425e-03
2.85449519e-03
2.21551403e-03
1.84227708e-03
1.60945168e-03
1.44587897e-03
1.31300832e-03
1.19099717e-03
1.07022701e-03
9.46413330e-04
8.17893838e-04
6.84227071e-04
5.45472015e-04
4.01877337e-04
2.53728551e-04
1.01329707e-04
-5.50021996e-05
-2.14867454e-04
-3.77719814e-04
-5.42704674e-04
-7.08445321e-04
-8.72613670e-04
-1.03124682e-03
-1.17751567e-03
-1.29972225e-03
-1.37799527e-03
-1.37917605e-03
-1.24909423e-03
-9.01529206e-04
-2.03096975e-04
1.04623957e-03
3.13680664e-03
6.47563911e-03
1.16129955e-02
1.92644941e-02
3.03225198e-02
4.58485213e-02
6.70357230e-02
9.51291838e-02
1.31284863e-01
1.76334878e-01
2.30386537e-01
2.92096836e-01
3.57330078e-01
4.16790661e-01
4.52251969e-01
4.31615726e-01
3.93312946e-01
3.82277619e-01
3.91799258e-01
3.95889328e-01
3.66995931e-01
3.17455057e-01
2.59632147e-01
2.02568994e-01
1.51627314e-01
1.09278442e-01
7.60304167e-02
5.11937958e-02
3.34619169e-02
2.13264004e-02
1.33462862e-02
8.29361850e-03
5.20589244e-03
3.37815402e-03
2.32345920e-03
1.72272069e-03
1.37681506e-03
1.16711780e-03
1.02608902e-03
9.16987735e-04
8.20770136e-04
7.28093958e-04
6.34693142e-04
5.38824073e-04
4.39928030e-04
3.37958788e-04
2.33071524e-04
1.25486947e-04
1.54525832e-05
-9.67540632e-05
-2.10783634e-04
-3.26143616e-04
-4.42064663e-04
-5.57271495e-04
-6.69564980e-04
-7.75087656e-04
-8.67039240e-04
-9.33514876e-04
-9.53975937e-04
-8.93727090e-04
-6.95623706e-04
-2.68204164e-04
5.30449152e-04
1.91340013e-03
4.18961875e-03
7.79110030e-03
1.32989929e-02
2.14633642e-02
3.32090432e-02
4.96177708e-02
7.18748878e-02
1.01166836e-01
1.38512399e-01
1.84501034e-01
2.38887221e-01
2.99951195e-01
3.63540876e-01
4.21944719e-01
4.63498775e-01
4.75147416e-01
4.74661175e-01
4.85069819e-01
4.66046125e-01
4.28210167e-01
3.78024913e-01
3.18679208e-01
2.56895258e-01
1.98688486e-01
1.47867705e-01
1.06119432e-01
7.35678400e-02
4.93528769e-02
3.21098031e-02
2.03280610e-02
1.25884007e-02
7.69112334e-03
4.70003940e-03
2.93124914e-03
1.91307679e-03
1.33669220e-03
1.00941291e-03
8.16400357e-04
6.92180987e-04
6.01038000e-04
5.24357292e-04
4.52912694e-04
3.82401867e-04
3.10984244e-04
2.37987476e-04
1.63258157e-04
8.68560832e-05
8.92025979e-06
-7.03759375e-05
-1.50826111e-04
-2.32157830e-04
-3.13965826e-04
-3.95582303e-04
-4.75840163e-04
-5.52632900e-04
-6.22123665e-04
-6.77352339e-04
-7.05875060e-04
-6.85904353e-04
-5.80261718e-04
-3.27308916e-04
1.72003945e-04
1.07167972e-03
2.60303027e-03
5.10117718e-03
9.03364468e-03
1.50271425e-02
2.38864608e-02
3.65971254e-02
5.43014891e-02
7.82366969e-02
1.09622836e-01
1.49489831e-01
1.98429017e-01
2.56245194e-01
3.21478334e-01
3.90835475e-01
4.58907027e-01
5.19265137e-01
5.68441646e-01
5.93148277e-01
6.01739113e-01
5.61340341e-01
4.86059513e-01
4.11584694e-01
3.37339421e-01
2.66760415e-01
2.03545478e-01
1.49987901e-01
1.06819690e-01
7.35818264e-02
4.90693508e-02
3.17212151e-02
1.99204391e-02
1.21938345e-02
7.31702734e-03
4.34444064e-03
2.59002604e-03
1.58285261e-03
1.01559470e-03
6.96936932e-04
5.13000829e-04
3.98873045e-04
3.19096384e-04
2.55122412e-04
1.97681352e-04
1.42374059e-04
8.72446350e-05
3.15038172e-05
-2.51114815e-05
-8.26437773e-05
-1.41049657e-04
-2.00250551e-04
-2.60137381e-04
-3.20544466e-04
-3.81183261e-04
-4.41512031e-04
-5.00481785e-04
-5.56060674e-04
-6.04360914e-04
-6.38097492e-04
-6.43959334e-04
-5.98309797e-04
-4.60442518e-04
-1.62481256e-04
4.05022001e-04
1.41252986e-03
3.11618809e-03
5.88687442e-03
1.02412257e-02
1.68702181e-02
2.66585660e-02
4.06860034e-02
6.01999386e-02
8.65488142e-02
1.21067400e-01
1.64908906e-01
2.18821072e-01
2.82860033e-01
3.56038551e-01
4.35988090e-01
5.19039359e-01
6.01711940e-01
6.84434182e-01
7.27596139e-01
7.24279115e-01
6.66641241e-01
5.58762069e-01
4.60050799e-01
3.68668530e-01
2.86433496e-01
2.15546942e-01
1.57083872e-01
1.10860371e-01
7.57670209e-02
5.01558507e-02
3.21736046e-02
2.00159993e-02
1.20932635e-02
7.11075344e-03
4.08199094e-03
2.29798367e-03
1.27540365e-03
7.00464289e-04
3.78582749e-04
1.94254199e-04
8.17430439e-05
5.14708294e-06
-5.43565507e-05
-1.06235539e-04
-1.55050960e-04
-2.02901996e-04
-2.50709748e-04
-2.98862936e-04
-3.47526649e-04
-3.96782437e-04
-4.46682606e-04
-4.97261285e-04
-5.48510643e-04
-6.00317484e-04
-6.52324576e-04
-7.03657304e-04
-7.52394898e-04
-7.94595683e-04
-8.22557784e-04
-8.21848477e-04
-7.66429392e-04
-6.11010722e-04
-2.79598750e-04
3.50809869e-04
1.47219471e-03
3.37328464e-03
6.47209717e-03
1.13504408e-02
1.87853301e-02
2.97698336e-02
4.55137255e-02
6.74132362e-02
9.69800844e-02
1.35723764e-01
1.84987200e-01
2.45740593e-01
3.18335498e-01
4.02220828e-01
4.95697196e-01
5.96093166e-01
7.01273288e-01
8.13017649e-01
8.70830477e-01
8.50454931e-01
7.77870588e-01
6.40782111e-01
5.18546825e-01
4.09066135e-01
3.13487639e-01
2.33134317e-01
1.68177233e-01
1.17630182e-01
7.97370110e-02
5.23604931e-02
3.32936214e-02
2.04857175e-02
1.21813440e-02
6.97835387e-03
3.82297685e-03
1.96559142e-03
8.99196956e-04
2.96677934e-04
-4.38191439e-05
-2.41662059e-04
-3.64605503e-04
-4.49611014e-04
-5.16079109e-04
-5.73822095e-04
-6.27637536e-04
-6.79813392e-04
-7.31442122e-04
-7.83080684e-04
-8.35069504e-04
-8.87678076e-04
-9.41167209e-04
-9.95804380e-04
-1.05184720e-03
-1.10947958e-03
-1.16866910e-03
-1.22886651e-03
-1.28841950e-03
-1.34346883e-03
-1.38597097e-03
-1.40029470e-03
-1.35762667e-03
-1.20717321e-03
-8.62979645e-04
-1.85164454e-04
1.04532151e-03
3.15852410e-03
6.63261340e-03
1.21329769e-02
2.05474071e-02
3.30088484e-02
5.08950705e-02
7.57939724e-02
1.09425217e-01
1.53514352e-01
2.09623736e-01
2.78950229e-01
3.62094738e-01
4.58801341e-01
5.67729420e-01
6.86628041e-01
8.13816922e-01
9.51463856e-01
1.02181533e+00
9.80442933e-01
8.94028675e-01
7.29561842e-01
5.84255004e-01
4.56103969e-01
3.46068480e-01
2.54983299e-01
1.82355587e-01
1.26508761e-01
8.50665977e-02
5.53825469e-02
3.48562687e-02
2.11479814e-02
1.22990109e-02
6.77027856e-03
3.41947685e-03
1.44198207e-03
2.97919951e-04
-3.58756691e-04
-7.40431443e-04
-9.72150413e-04
-1.12466070e-03
-1.23648961e-03
-1.32787835e-03
-1.40912925e-03
-1.48537158e-03
-1.55916302e-03
-1.63185022e-03
-1.70425372e-03
-1.77699945e-03
-1.85067593e-03
-1.92590415e-03
-2.00336470e-03
-2.08378855e-03
-2.16790283e-03
-2.25628436e-03
-2.34904112e-03
-2.44516073e-03
-2.54126869e-03
-2.62936604e-03
-2.69291311e-03
-2.70034603e-03
-2.59485161e-03
-2.27900448e-03
-1.59287822e-03
-2.84603522e-04
2.02669221e-03
5.89395447e-03
1.20872326e-02
2.16336417e-02
3.58422158e-02
5.63013952e-02
8.48366873e-02
1.23419122e-01
1.74022497e-01
2.38437612e-01
3.18058294e-01
4.13646683e-01
5.25071334e-01
6.51071971e-01
7.89422773e-01
9.38441464e-01
1.10037371e+00
1.18217250e+00
1.11542399e+00
1.01551417e+00
8.24208564e-01
6.55730132e-01
5.08281783e-01
3.82865707e-01
2.80047384e-01
1.98821226e-01
1.36897934e-01
9.13024782e-02
5.88658328e-02
3.65652572e-02
2.17393395e-02
1.21970286e-02
6.23929575e-03
2.61865673e-03
4.64268256e-04
-8.03742362e-04
-1.55465002e-03
-2.01383909e-03
-2.31340096e-03
-2.52781165e-03
-2.69756473e-03
-2.84397687e-03
-2.97800418e-03
-3.10525048e-03
-3.22868941e-03
-3.35008548e-03
-3.47070859e-03
-3.59168528e-03
-3.71416886e-03
-3.83942627e-03
-3.96888011e-03
-4.10412142e-03
-4.24687217e-03
-4.39885544e-03
-4.56146819e-03
-4.73508340e-03
-4.91766478e-03
-5.10220209e-03
-5.27219919e-03
-5.39414428e-03
-5.40554220e-03
-5.19685518e-03
-4.58567579e-03
-3.28192854e-03
-8.44048269e-04
3.37184499e-03
1.02647811e-02
2.10351620e-02
3.72121310e-02
6.06473725e-02
9.34607307e-02
1.37927483e-01
1.96306782e-01
2.70623971e-01
3.62428041e-01
4.72537055e-01
6.00765407e-01
7.45684505e-01
9.04803858e-01
1.07618281e+00
1.26206261e+00
1.35487159e+00
1.25704285e+00
1.14341388e+00
9.24767161e-01
7.32395346e-01
5.64752367e-01
4.22989113e-01
3.07509122e-01
2.16868966e-01
1.48201521e-01
9.79350732e-02
6.23598600e-02
3.80036708e-02
2.18558095e-02
1.14691181e-02
4.96643903e-03
9.82324737e-04
-1.42866812e-03
-2.89158169e-03
-3.80194278e-03
-4.39983242e-03
-4.82531523e-03
-5.15711572e-03
-5.43801585e-03
-5.69065140e-03
-5.92685908e-03
-6.15295737e-03
-6.37260484e-03
-6.58828718e-03
-6.80206830e-03
-7.01596343e-03
-7.23213246e-03
-7.45298934e-03
-7.68127731e-03
-7.92011672e-03
-8.17301426e-03
-8.44377359e-03
-8.73620222e-03
-9.05339803e-03
-9.39626064e-03
-9.76062657e-03
-1.01321282e-02
-1.04774669e-02
-1.07303956e-02
-1.07703681e-02
-1.03918065e-02
-9.26246305e-03
-6.87079576e-03
-2.46481097e-03
5.01143137e-03
1.69728912e-02
3.52248700e-02
6.19521093e-02
9.96474955e-02
1.50968081e-01
2.18519023e-01
3.04583621e-01
4.10830522e-01
5.38022101e-01
6.85726447e-01
8.52091526e-01
1.03409157e+00
1.22932172e+00
1.43998234e+00
1.54385832e+00
1.40723562e+00
1.27921876e+00
1.03183274e+00
8.14204671e-01
6.25082012e-01
4.65813685e-01
3.36678285e-01
2.35809429e-01
1.59755245e-01
1.04324840e-01
6.52376930e-02
3.85415655e-02
2.08498874e-02
9.43873809e-03
2.23818201e-03
-2.24479603e-03
-5.03611105e-03
-6.80934210e-03
-7.98810326e-03
-8.82814797e-03
-9.47806028e-03
-1.00211770e-02
-1.05028841e-02
-1.09474681e-02
-1.13680217e-02
-1.17720078e-02
-1.21642559e-02
-1.25485180e-02
-1.29282568e-02
-1.33070498e-02
-1.36888124e-02
-1.40779505e-02
-1.44794869e-02
-1.48991807e-02
-1.53436197e-02
-1.58202329e-02
-1.63370919e-02
-1.69022711e-02
-1.75223329e-02
-1.81992472e-02
-1.89246412e-02
-1.96698094e-02
-2.03693589e-02
-2.08959585e-02
-2.10235526e-02
-2.03770310e-02
-1.83680385e-02
-1.41197825e-02
-6.38840609e-03
6.50557246e-03
2.67161631e-02
5.68571549e-02
9.99096405e-02
1.59035120e-01
2.37294328e-01
3.37296252e-01
4.60822488e-01
6.08471176e-01
7.79344430e-01
9.70858798e-01
1.17912001e+00
1.40099827e+00
1.63857325e+00
1.75407422e+00
1.56821366e+00
1.42472957e+00
1.14634538e+00
9.01416141e-01
6.89048383e-01
5.10812590e-01
3.66851853e-01
2.54842893e-01
1.70702873e-01
1.09572618e-01
6.65557196e-02
3.71827683e-02
1.76635566e-02
4.97841362e-03
-3.14728272e-03
-8.34095787e-03
-1.17125807e-02
-1.39859737e-02
-1.56135959e-02
-1.68672466e-02
-1.79043178e-02
-1.88131047e-02
-1.96420516e-02
-2.04176672e-02
-2.11549800e-02
-2.18633729e-02
-2.25497077e-02
-2.32199439e-02
-2.38799677e-02
-2.45360325e-02
-2.51950314e-02
-2.58647141e-02
-2.65539052e-02
-2.72727416e-02
-2.80329213e-02
-2.88479010e-02
-2.97329174e-02
-3.07045570e-02
-3.17793966e-02
-3.29708792e-02
-3.42831237e-02
-3.56997224e-02
-3.71649049e-02
-3.85538098e-02
-3.96284123e-02
-3.99762375e-02
-3.89309961e-02
-3.54781167e-02
-2.81541566e-02
-1.49568683e-02
6.70884850e-03
4.00171262e-02
8.86059679e-02
1.56335423e-01
2.46915276e-01
3.63431972e-01
5.07838550e-01
6.80484216e-01
8.79749537e-01
1.10191169e+00
1.34172838e+00
1.59492971e+00
1.86327757e+00
1.99163251e+00
1.74251749e+00
1.58204815e+00
1.26947475e+00
9.94422832e-01
7.56455134e-01
5.57372491e-01
3.97132796e-01
2.72877164e-01
1.79806875e-01
1.12317590e-01
6.48351735e-02
3.23280403e-02
1.05726108e-02
-3.76425003e-03
-1.31711956e-02
-1.94142344e-02
-2.36887894e-02
-2.67691152e-02
-2.91363945e-02
-3.10784750e-02
-3.27618484e-02
-3.42803679e-02
-3.56864061e-02
-3.70097782e-02
-3.82686984e-02
-3.94758462e-02
-4.06415957e-02
-4.17756870e-02
-4.28880946e-02
-4.39895194e-02
-4.50917330e-02
-4.62079004e-02
-4.73529419e-02
-4.85439685e-02
-4.98007850e-02
-5.11464189e-02
-5.26075357e-02
-5.42144640e-02
-5.60002760e-02
-5.79979738e-02
-6.02342109e-02
-6.27171939e-02
-6.54154506e-02
-6.82232819e-02
-7.09082024e-02
-7.30361742e-02
-7.38725661e-02
-7.22613752e-02
-6.64927356e-02
-5.41790812e-02
-3.21722386e-02
3.43550372e-03
5.71783626e-02
1.33911304e-01
2.38316380e-01
3.74251378e-01
5.44025350e-01
7.47724972e-01
9.82730335e-01
1.24363183e+00
1.52312019e+00
1.81509331e+00
2.12057767e+00
2.26404056e+00
1.93310495e+00
1.75360698e+00
1.40254002e+00
1.09359945e+00
8.26935580e-01
6.04572746e-01
4.26192170e-01
2.88272862e-01
1.85174088e-01
1.10440147e-01
5.77401034e-02
2.14275270e-02
-3.18567273e-03
-1.97619516e-02
-3.10103614e-02
-3.88368493e-02
-4.45216001e-02
-4.88882624e-02
-5.24461528e-02
-5.54992860e-02
-5.82240586e-02
-6.07212474e-02
-6.30489296e-02
-6.52422874e-02
-6.73249682e-02
-6.93153195e-02
-7.12296846e-02
-7.30841108e-02
-7.48952628e-02
-7.66809845e-02
-7.84607553e-02
-8.02561718e-02
-8.20915363e-02
-8.39945941e-02
-8.59974437e-02
-8.81375874e-02
-9.04590146e-02
-9.30130246e-02
-9.58582109e-02
-9.90585126e-02
-1.02677513e-01
-1.06766111e-01
-1.11339445e-01
-1.16337609e-01
-1.21563796e-01
-1.26593542e-01
-1.30650910e-01
-1.32452572e-01
-1.30029950e-01
-1.20553004e-01
-1.00196106e-01
-6.41034573e-02
-6.52321895e-03
7.88231311e-02
1.98096796e-01
3.56441531e-01
5.56928535e-01
7.99531198e-01
1.08038280e+00
1.39168602e+00
1.72300546e+00
2.06527177e+00
2.41797103e+00
2.58039457e+00
2.14345949e+00
1.94221299e+00
1.54692960e+00
1.19912902e+00
8.99714915e-01
6.50902310e-01
4.51950186e-01
2.98491412e-01
1.83870240e-01
1.00642111e-01
4.16234883e-02
4.94465208e-04
-2.79282418e-02
-4.76489710e-02
-6.15998018e-02
-7.18250360e-02
-7.96872307e-02
-8.60578801e-02
-9.14742789e-02
-9.62578043e-02
-1.00597030e-01
-1.04602683e-01
-1.08342047e-01
-1.11859438e-01
-1.15187826e-01
-1.18355153e-01
-1.21387648e-01
-1.24311563e-01
-1.27154139e-01
-1.29944282e-01
-1.32713180e-01
-1.35495032e-01
-1.38327963e-01
-1.41255215e-01
-1.44326655e-01
-1.47600611e-01
-1.51145977e-01
-1.55044320e-01
-1.59391395e-01
-1.64296903e-01
-1.69880387e-01
-1.76259858e-01
-1.83528069e-01
-1.91709394e-01
-2.00688644e-01
-2.10102503e-01
-2.19185893e-01
-2.26570968e-01
-2.30047139e-01
-2.26307591e-01
-2.10730785e-01
-1.77271816e-01
-1.18561441e-01
-2.63187975e-02
1.07838321e-01
2.91168924e-01
5.28269339e-01
8.19468268e-01
1.15957125e+00
1.53758660e+00
1.93846617e+00
2.34837713e+00
2.76380642e+00
2.95148148e+00
2.37771161e+00
2.15109139e+00
1.70399196e+00
1.31077589e+00
9.73297083e-01
6.93881800e-01
4.71144714e-01
2.99614694e-01
1.71392820e-01
7.78750983e-02
1.09148821e-02
-3.65424654e-02
-7.02026437e-02
-9.44192952e-02
-1.12345863e-01
-1.26161021e-01
-1.37306874e-01
-1.46702379e-01
-1.54914887e-01
-1.62287184e-01
-1.69025392e-01
-1.75256324e-01
-1.81062950e-01
-1.86505256e-01
-1.91631952e-01
-1.96486775e-01
-2.01111804e-01
-2.05549220e-01
-2.09842378e-01
-2.14036643e-01
-2.18180271e-01
-2.22325481e-01
-2.26529852e-01
-2.30858140e-01
-2.35384623e-01
-2.40196046e-01
-2.45395181e-01
-2.51104806e-01
-2.57471589e-01
-2.64668625e-01
-2.72894380e-01
-2.82364064e-01
-2.93287294e-01
-3.05823174e-01
-3.20001228e-01
-3.35594730e-01
-3.51933577e-01
-3.67648651e-01
-3.80351363e-01
-3.86272543e-01
-3.79915275e-01
-3.53814749e-01
-2.98538297e-01
-2.03086776e-01
-5.58531389e-02
1.53770830e-01
4.33194871e-01
7.84128261e-01
1.20038756e+00
1.66704717e+00
2.16251363e+00
2.66547620e+00
3.16690495e+00
3.38971395e+00
2.64077178e+00
2.38391840e+00
1.87486898e+00
1.42756726e+00
1.04503538e+00
7.29549920e-01
4.78747951e-01
2.85699686e-01
1.40969816e-01
3.45907761e-02
-4.26682761e-02
-9.86556770e-02
-1.39619857e-01
-1.70264807e-01
-1.93960207e-01
-2.13015000e-01
-2.28950683e-01
-2.42737804e-01
-2.54981355e-01
-2.66055369e-01
-2.76194537e-01
-2.85553135e-01
-2.94241007e-01
-3.02344478e-01
-3.09938005e-01
-3.17090411e-01
-3.23868213e-01
-3.30337487e-01
-3.36565121e-01
-3.42619947e-01
-3.48573993e-01
-3.54504066e-01
-3.60493793e-01
-3.66636277e-01
-3.73037550e-01
-3.79820977e-01
-3.87132741e-01
-3.95148373e-01
-4.04079907e-01
-4.14182535e-01
-4.25758365e-01
-4.39152926e-01
-4.54737233e-01
-4.72864554e-01
-4.93786924e-01
-5.17512837e-01
-5.43586093e-01
-5.70769112e-01
-5.96625360e-01
-6.17018633e-01
-6.25584583e-01
-6.13282609e-01
-5.68199004e-01
-4.75831384e-01
-3.20113770e-01
-8.54027920e-02
2.40509349e-01
6.62611239e-01
1.17491097e+00
1.75827033e+00
2.38233080e+00
3.01443439e+00
3.63588004e+00
3.90882199e+00
2.93847449e+00
2.64483195e+00
2.06023361e+00
1.54733103e+00
1.11053011e+00
7.51758184e-01
4.67179401e-01
2.47923808e-01
8.26511850e-02
-4.02053596e-02
-1.31086187e-01
-1.98684624e-01
-2.49803156e-01
-2.89492302e-01
-3.21333585e-01
-3.47767716e-01
-3.70404269e-01
-3.90279956e-01
-4.08055734e-01
-4.24156918e-01
-4.38866972e-01
-4.52386990e-01
-4.64871633e-01
-4.76449872e-01
-4.87236523e-01
-4.97338525e-01
-5.06858426e-01
-5.15896523e-01
-5.24552514e-01
-5.32927091e-01
-5.41123785e-01
-5.49251231e-01
-5.57426072e-01
-5.65776675e-01
-5.74447956e-01
-5.83607568e-01
-5.93453774e-01
-6.04225141e-01
-6.16211906e-01
-6.29768062e-01
-6.45321903e-01
-6.63380451e-01
-6.84519749e-01
-7.09348307e-01
-7.38425195e-01
-7.72108325e-01
-8.10304128e-01
-8.52090057e-01
-8.95190493e-01
-9.35309919e-01
-9.65370292e-01
-9.74765985e-01
-9.48838780e-01
-8.68876105e-01
-7.13022424e-01
-4.58518528e-01
-8.55706260e-02
4.17215282e-01
1.04667596e+00
1.78037648e+00
2.57720834e+00
3.38807247e+00
4.17805298e+00
4.52321512e+00
3.27773679e+00
2.93840362e+00
2.25986950e+00
1.66600505e+00
1.16276141e+00
7.51185542e-01
4.25237384e-01
1.73460484e-01
-1.78437697e-02
-1.62104537e-01
-2.71094572e-01
-3.54393181e-01
-4.19362431e-01
-4.71398568e-01
-5.14301856e-01
-5.50663132e-01
-5.82208141e-01
-6.10073895e-01
-6.35013766e-01
-6.57540264e-01
-6.78019164e-01
-6.96728602e-01
-7.13894641e-01
-7.29711917e-01
-7.44355352e-01
-7.57986846e-01
-7.70759326e-01
-7.82819563e-01
-7.94310551e-01
-8.05373896e-01
-8.16152515e-01
-8.26793845e-01
-8.37453820e-01
-8.48301870e-01
-8.59527321e-01
-8.71347638e-01
-8.84018977e-01
-8.97849524e-01
-9.13215747e-01
-9.30581044e-01
-9.50514842e-01
-9.73707713e-01
-1.00097413e+00
-1.03322871e+00
-1.07141433e+00
-1.11635161e+00
-1.16847148e+00
-1.22738764e+00
-1.29127050e+00
-1.35600374e+00
-1.41414860e+00
-1.45381683e+00
-1.45766638e+00
-1.40238189e+00
-1.25916664e+00
-9.95910298e-01
-5.81711827e-01
5.85988505e-03
7.71328144e-01
1.69225492e+00
2.71619304e+00
3.77168422e+00
4.79782464e+00
5.24692252e+00
3.66673138e+00
3.26953635e+00
2.47197125e+00
1.77655708e+00
1.19078868e+00
7.13914627e-01
3.36614955e-01
4.39867239e-02
-1.80575783e-01
-3.52650790e-01
-4.85462927e-01
-5.89515687e-01
-6.72745693e-01
-7.40916768e-01
-7.98086502e-01
-8.47049688e-01
-8.89711260e-01
-9.27374215e-01
-9.60947601e-01
-9.91088764e-01
-1.01829626e+00
-1.04296825e+00
-1.06543806e+00
-1.08599549e+00
-1.10489966e+00
-1.12238690e+00
-1.13867628e+00
-1.15397370e+00
-1.16847563e+00
-1.18237274e+00
-1.19585383e+00
-1.20911028e+00
-1.22234134e+00
-1.23576052e+00
-1.24960378e+00
-1.26413980e+00
-1.27968339e+00
-1.29661251e+00
-1.31538971e+00
-1.33658786e+00
-1.36091891e+00
-1.38926185e+00
-1.42268168e+00
-1.46242489e+00
-1.50986741e+00
-1.56638004e+00
-1.63306347e+00
-1.71029483e+00
-1.79702444e+00
-1.88977298e+00
-1.98131703e+00
-2.05912597e+00
-2.10374016e+00
-2.08746741e+00
-1.97402671e+00
-1.72006237e+00
-1.27970924e+00
-6.13370632e-01
2.98975105e-01
1.44220597e+00
2.75548937e+00
4.13968855e+00
5.49429448e+00
6.09197825e+00
4.11505224e+00
3.64319158e+00
2.69190580e+00
1.86718979e+00
1.17768331e+00
6.19264312e-01
1.77747741e-01
-1.66357882e-01
-4.33228666e-01
-6.40912452e-01
-8.04221045e-01
-9.34648373e-01
-1.04076735e+00
-1.12879116e+00
-1.20313766e+00
-1.26692076e+00
-1.32234119e+00
-1.37097751e+00
-1.41399171e+00
-1.45226864e+00
-1.48650768e+00
-1.51728148e+00
-1.54507346e+00
-1.57030165e+00
-1.59333446e+00
-1.61450161e+00
-1.63410220e+00
-1.65241137e+00
-1.66968614e+00
-1.68617091e+00
-1.70210312e+00
-1.71771924e+00
-1.73326152e+00
-1.74898596e+00
-1.76517209e+00
-1.78213529e+00
-1.80024266e+00
-1.81993347e+00
-1.84174529e+00
-1.86634650e+00
-1.89457469e+00
-1.92747817e+00
-1.96635351e+00
-2.01276525e+00
-2.06852353e+00
-2.13558167e+00
-2.21579948e+00
-2.31050066e+00
-2.41974014e+00
-2.54119611e+00
-2.66862370e+00
-2.78986755e+00
-2.88454892e+00
-2.92174404e+00
-2.85828700e+00
-2.63879577e+00
-2.19912462e+00
-1.47549133e+00
-4.21303406e-01
9.68862138e-01
2.63571557e+00
4.45107078e+00
6.25776465e+00
7.06601121e+00
4.63375229e+00
4.06367624e+00
2.90985427e+00
1.91814341e+00
1.09701657e+00
4.36275358e-01
-8.54915628e-02
-4.93901659e-01
-8.13534189e-01
-1.06531379e+00
-1.26585697e+00
-1.42781621e+00
-1.56057921e+00
-1.67100812e+00
-1.76409097e+00
-1.84346495e+00
-1.91181230e+00
-1.97114672e+00
-2.02301423e+00
-2.06863079e+00
-2.10897569e+00
-2.14485470e+00
-2.17694331e+00
-2.20581690e+00
-2.23197253e+00
-2.25584520e+00
-2.27782067e+00
-2.29824593e+00
-2.31743824e+00
-2.33569329e+00
-2.35329302e+00
-2.37051339e+00
-2.38763276e+00
-2.40494133e+00
-2.42275231e+00
-2.44141583e+00
-2.46133667e+00
-2.48299723e+00
-2.50698719e+00
-2.53404141e+00
-2.56508638e+00
-2.60129411e+00
-2.64413803e+00
-2.69543909e+00
-2.75737977e+00
-2.83244864e+00
-2.92325881e+00
-3.03216070e+00
-3.16054694e+00
-3.30773076e+00
-3.46927852e+00
-3.63470598e+00
-3.78452879e+00
-3.88682408e+00
-3.89377706e+00
-3.73926385e+00
-3.33949771e+00
-2.60014553e+00
-1.43448404e+00
2.04028053e-01
2.27924795e+00
4.64306649e+00
7.06442022e+00
8.16847969e+00
5.23480643e+00
4.53273347e+00
3.10600251e+00
1.89562642e+00
9.06520041e-01
1.17673181e-01
-5.03153808e-01
-9.89864428e-01
-1.37260089e+00
-1.67581367e+00
-1.91837872e+00
-2.11451418e+00
-2.27482293e+00
-2.40720340e+00
-2.51756880e+00
-2.61038697e+00
-2.68907385e+00
-2.75627567e+00
-2.81406998e+00
-2.86410908e+00
-2.90772340e+00
-2.94599675e+00
-2.97982218e+00
-3.00994385e+00
-3.03698913e+00
-3.06149352e+00
-3.08392033e+00
-3.10467670e+00
-3.12412690e+00
-3.14260372e+00
-3.16041879e+00
-3.17787238e+00
-3.19526316e+00
-3.21289891e+00
-3.23110863e+00
-3.25025734e+00
-3.27076468e+00
-3.29312903e+00
-3.31795897e+00
-3.34601397e+00
-3.37825615e+00
-3.41591299e+00
-3.46054829e+00
-3.51413272e+00
-3.57909561e+00
-3.65832500e+00
-3.75506271e+00
-3.87261485e+00
-4.01376777e+00
-4.17976874e+00
-4.36870359e+00
-4.57309088e+00
-4.77652589e+00
-4.94927999e+00
-5.04296860e+00
-4.98492580e+00
-4.67410745e+00
-3.98261396e+00
-2.77023536e+00
-9.21775118e-01
1.58813170e+00
4.62218999e+00
7.86766561e+00
9.38415856e+00
5.92854536e+00
5.04433710e+00
3.24018001e+00
1.73971976e+00
5.36146914e-01
-4.10875181e-01
-1.15015072e+00
-1.72716768e+00
-2.17952105e+00
-2.53642947e+00
-2.82000362e+00
-3.04687031e+00
-3.22958237e+00
-3.37769324e+00
-3.49853765e+00
-3.59779200e+00
-3.67987846e+00
-3.74826030e+00
-3.80566169e+00
-3.85423421e+00
-3.89568472e+00
-3.93137465e+00
-3.96239736e+00
-3.98963849e+00
-4.01382298e+00
-4.03555181e+00
-4.05533068e+00
-4.07359268e+00
-4.09071644e+00
-4.10704109e+00
-4.12287896e+00
-4.13852702e+00
-4.15427787e+00
-4.17043089e+00
-4.18730479e+00
-4.20525225e+00
-4.22467828e+00
-4.24606378e+00
-4.26999657e+00
-4.29721203e+00
-4.32864599e+00
-4.36550129e+00
-4.40932776e+00
-4.46211072e+00
-4.52635528e+00
-4.60514113e+00
-4.70210338e+00
-4.82126895e+00
-4.96664491e+00
-5.14141429e+00
-5.34654797e+00
-5.57858649e+00
-5.82628019e+00
-6.06570675e+00
-6.25345891e+00
-6.31770483e+00
-6.14787886e+00
-5.58645852e+00
-4.43192187e+00
-2.47022916e+00
4.43468575e-01
4.25114286e+00
8.58272991e+00
1.06703485e+01
6.71463580e+00
5.57033188e+00
3.22862270e+00
1.33953220e+00
-1.34766772e-01
-1.26983493e+00
-2.14080267e+00
-2.81037609e+00
-3.32710142e+00
-3.72742252e+00
-4.03855411e+00
-4.28097386e+00
-4.47026621e+00
-4.61841097e+00
-4.73467906e+00
-4.82626850e+00
-4.89877061e+00
-4.95652276e+00
-5.00288223e+00
-5.04044233e+00
-5.07120429e+00
-5.09671366e+00
-5.11816798e+00
-5.13650104e+00
-5.15244791e+00
-5.16659498e+00
-5.17941810e+00
-5.19131172e+00
-5.20261135e+00
-5.21361122e+00
-5.22457852e+00
-5.23576570e+00
-5.24742152e+00
-5.25980202e+00
-5.27318224e+00
-5.28786981e+00
-5.30422164e+00
-5.32266543e+00
-5.34372795e+00
-5.36807277e+00
-5.39655009e+00
-5.43026152e+00
-5.47064158e+00
-5.51955454e+00
-5.57940045e+00
-5.65321375e+00
-5.74472331e+00
-5.85832006e+00
-5.99884779e+00
-6.17109152e+00
-6.37878243e+00
-6.62285811e+00
-6.89858954e+00
-7.19097328e+00
-7.46745788e+00
-7.66670309e+00
-7.68213305e+00
-7.34095107e+00
-6.38591312e+00
-4.48202847e+00
-1.29205997e+00
3.32941578e+00
9.05693628e+00
1.19290862e+01
7.55353733e+00
6.02028293e+00
2.89033485e+00
4.81707192e-01
-1.32029912e+00
-2.65769252e+00
-3.64992178e+00
-4.38737554e+00
-4.93610409e+00
-5.34411545e+00
-5.64661461e+00
-5.86977082e+00
-6.03327653e+00
-6.15207102e+00
-6.23752666e+00
-6.29829487e+00
-6.34093234e+00
-6.37037892e+00
-6.39033006e+00
-6.40352998e+00
-6.41200276e+00
-6.41723342e+00
-6.42030829e+00
-6.42202246e+00
-6.42296077e+00
-6.42355820e+00
-6.42414434e+00
-6.42497599e+00
-6.42626119e+00
-6.42817709e+00
-6.43088370e+00
-6.43453510e+00
-6.43928902e+00
-6.44531620e+00
-6.45281013e+00
-6.46199827e+00
-6.47315595e+00
-6.48662440e+00
-6.50283464e+00
-6.52233990e+00
-6.54585923e+00
-6.57433568e+00
-6.60901224e+00
-6.65152734e+00
-6.70402886e+00
-6.76929945e+00
-6.85087591e+00
-6.95312919e+00
-7.08124871e+00
-7.24104130e+00
-7.43840692e+00
-7.67827470e+00
-7.96263788e+00
-8.28703755e+00
-8.63427200e+00
-8.96308832e+00
-9.18821045e+00
-9.14738568e+00
-8.55510651e+00
-6.96005417e+00
-3.76563930e+00
1.56510586e+00
9.00891593e+00
1.29439682e+01
8.28024554e+00
6.12679930e+00
1.82116847e+00
-1.25382577e+00
-3.40165696e+00
-4.89555281e+00
-5.93388555e+00
-6.65352164e+00
-7.14841069e+00
-7.48370693e+00
-7.70527938e+00
-7.84589695e+00
-7.92923585e+00
-7.97251474e+00
-7.98827393e+00
-7.98561578e+00
-7.97109619e+00
-7.94938198e+00
-7.92374400e+00
-7.89643036e+00
-7.86894939e+00
-7.84228284e+00
-7.81704491e+00
-7.79359916e+00
-7.77214302e+00
-7.75276776e+00
-7.73550037e+00
-7.72033241e+00
-7.70723967e+00
-7.69619569e+00
-7.68718128e+00
-7.68019172e+00
-7.67524270e+00
-7.67237615e+00
-7.67166655e+00
-7.67322867e+00
-7.67722770e+00
-7.68389284e+00
-7.69353601e+00
-7.70657777e+00
-7.72358311e+00
-7.74531041e+00
-7.77277751e+00
-7.80734853e+00
-7.85084457e+00
-7.90567823e+00
-7.97500728e+00
-8.06289360e+00
-8.17444050e+00
-8.31586150e+00
-8.49440402e+00
-8.71799901e+00
-8.99439851e+00
-9.32930844e+00
-9.72241592e+00
-1.01588352e+01
-1.05907271e+01
-1.08993681e+01
-1.08240972e+01
-9.85249353e+00
-7.11511852e+00
-1.46219908e+00
7.90188779e+00
1.32390168e+01
8.34886870e+00
5.10868838e+00
-8.98653443e-01
-4.68513883e+00
-7.02561920e+00
-8.45851342e+00
-9.32035187e+00
-9.81914264e+00
-1.00852789e+01
-1.02020623e+01
-1.02236676e+01
-1.01858414e+01
-1.01123975e+01
-1.00192492e+01
-9.91697803e+00
-9.81251729e+00
-9.71028463e+00
-9.61296350e+00
-9.52205145e+00
-9.43824879e+00
-9.36173467e+00
-9.29236202e+00
-9.22979327e+00
-9.17359291e+00
-9.12328868e+00
-9.07841048e+00
-9.03851385e+00
-9.00319307e+00
-8.97208757e+00
-8.94488446e+00
-8.92131895e+00
-8.90117391e+00
-8.88427954e+00
-8.87051370e+00
-8.85980347e+00
-8.85212852e+00
-8.84752687e+00
-8.84610393e+00
-8.84804618e+00
-8.85364093e+00
-8.86330482e+00
-8.87762395e+00
-8.89740970e+00
-8.92377502e+00
-8.95823660e+00
-9.00284804e+00
-9.06036850e+00
-9.13446832e+00
-9.22996930e+00
-9.35311112e+00
-9.51182680e+00
-9.71599421e+00
-9.97758905e+00
-1.03105347e+01
-1.07296460e+01
-1.12469187e+01
-1.18603917e+01
-1.25236747e+01
-1.30702089e+01
-1.30483935e+01
-1.14341548e+01
-6.33706545e+00
4.68496745e+00
1.17900331e+01
6.08828839e+00
6.62381848e-01
-7.31946026e+00
-1.12729499e+01
-1.31230235e+01
-1.38836720e+01
-1.40765047e+01
-1.39753422e+01
-1.37276109e+01
-1.34141958e+01
-1.30798433e+01
-1.27491439e+01
-1.24351972e+01
-1.21444422e+01
-1.18794224e+01
-1.16404117e+01
-1.14263934e+01
-1.12356616e+01
-1.10661942e+01
-1.09158828e+01
-1.07826723e+01
-1.06646396e+01
-1.05600344e+01
-1.04672944e+01
-1.03850444e+01
-1.03120865e+01
-1.02473855e+01
-1.01900521e+01
-1.01393265e+01
-1.00945635e+01
-1.00552188e+01
-1.00208379e+01
-9.99104798e+00
-9.96555084e+00
-9.94411951e+00
-9.92659686e+00
-9.91289743e+00
-9.90301277e+00
-9.89702144e+00
-9.89510486e+00
-9.89757140e+00
-9.90489148e+00
-9.91774765e+00
-9.93710529e+00
-9.96431033e+00
-1.00012230e+01
-1.00503971e+01
-1.01153183e+01
-1.02007137e+01
-1.03129541e+01
-1.04605735e+01
-1.06549473e+01
-1.09111921e+01
-1.12493607e+01
-1.16959338e+01
-1.22851613e+01
-1.30580449e+01
-1.40508470e+01
-1.52473764e+01
-1.64240389e+01
-1.67305926e+01
-1.38052526e+01
-2.70664021e+00
6.54753247e+00
-3.29127057e+00
-1.39172957e+01
-2.14145878e+01
-2.29310382e+01
-2.24111115e+01
-2.12531520e+01
-1.99729097e+01
-1.87585713e+01
-1.76713203e+01
-1.67224058e+01
-1.59040309e+01
-1.52020146e+01
-1.46009766e+01
-1.40863818e+01
-1.36452534e+01
-1.32663260e+01
-1.29399721e+01
-1.26580425e+01
-1.24136847e+01
-1.22011629e+01
-1.20156916e+01
-1.18532862e+01
-1.17106319e+01
-1.15849714e+01
-1.14740088e+01
-1.13758292e+01
-1.12888327e+01
-1.12116794e+01
-1.11432454e+01
-1.10825877e+01
-1.10289158e+01
-1.09815699e+01
-1.09400043e+01
-1.09037746e+01
-1.08725304e+01
-1.08460100e+01
-1.08240407e+01
-1.08065424e+01
-1.07935379e+01
-1.07851684e+01
-1.07817201e+01
-1.07836613e+01
-1.07916979e+01
-1.08068509e+01
-1.08305666e+01
-1.08648679e+01
-1.09125646e+01
-1.09775381e+01
-1.10651288e+01
-1.11826593e+01
-1.13401456e+01
-1.15512799e+01
-1.18348255e+01
-1.22166770e+01
-1.27330242e+01
-1.34353253e+01
-1.43979283e+01
-1.57279178e+01
-1.75683888e+01
-2.00478921e+01
-2.29812713e+01
-2.46728765e+01
-1.82902762e+01
-5.93561251e+00
-9.63688666e+00
-2.32856735e+01
-2.89743637e+01
-2.88977251e+01
-2.70480865e+01
-2.48509124e+01
-2.27878974e+01
-2.09935799e+01
-1.94786148e+01
-1.82137352e+01
-1.71607515e+01
-1.62833075e+01
-1.55499953e+01
-1.49347061e+01
-1.44160871e+01
-1.39767934e+01
-1.36027751e+01
-1.32826616e+01
-1.30072519e+01
-1.27690959e+01
-1.25621547e+01
-1.23815237e+01
-1.22232096e+01
-1.20839494e+01
-1.19610666e+01
-1.18523554e+01
-1.17559900e+01
-1.16704520e+01
-1.15944745e+01
-1.15269976e+01
-1.14671344e+01
-1.14141447e+01
-1.13674149e+01
-1.13264439e+01
-1.12908329e+01
-1.12602801e+01
-1.12345800e+01
-1.12136268e+01
-1.11974244e+01
-1.11861036e+01
-1.11799489e+01
-1.11794383e+01
-1.11853014e+01
-1.11986019e+01
-1.12208541e+01
-1.12541847e+01
-1.13015572e+01
-1.13670796e+01
-1.14564232e+01
-1.15773912e+01
-1.17406903e+01
-1.19609913e+01
-1.22584140e+01
-1.26606850e+01
-1.32064169e+01
-1.39503234e+01
-1.49717223e+01
-1.63878943e+01
-1.83703015e+01
-2.11362422e+01
-2.47622584e+01
-2.81949444e+01
-2.58126029e+01
-1.21755850e+01
