# vtk DataFile Version 3.0
Lid-Driven Cavity Re=100 Step=900
ASCII
DATASET STRUCTURED_POINTS
DIMENSIONS 64 64 1
ORIGIN 0.007812 0.007812 0.0
SPACING 0.015625 0.015625 1.0
POINT_DATA 4096
VECTORS velocity double
2.24703333e-04 1.87549194e-04 0.0
4.15677686e-04 2.39912382e-04 0.0
3.37333528e-04 2.50814061e-04 0.0
2.34250118e-04 2.64685297e-04 0.0
9.89816030e-05 2.83020455e-04 0.0
-7.40086622e-05 3.02428550e-04 0.0
-2.84508487e-04 3.20547982e-04 0.0
-5.28839272e-04 3.36280928e-04 0.0
-8.01834497e-04 3.49231480e-04 0.0
-1.09795408e-03 3.59427884e-04 0.0
-1.41185187e-03 3.67029960e-04 0.0
-1.73862190e-03 3.72323603e-04 0.0
-2.07389479e-03 3.75553912e-04 0.0
-2.41383628e-03 3.77016210e-04 0.0
-2.75511377e-03 3.76911562e-04 0.0
-3.09482942e-03 3.75478593e-04 0.0
-3.43045606e-03 3.72844527e-04 0.0
-3.75976150e-03 3.69181626e-04 0.0
-4.08074710e-03 3.64546786e-04 0.0
-4.39158325e-03 3.59056201e-04 0.0
-4.69056251e-03 3.52711917e-04 0.0
-4.97605302e-03 3.45591056e-04 0.0
-5.24646943e-03 3.37659606e-04 0.0
-5.50024527e-03 3.28973537e-04 0.0
-5.73582100e-03 3.19480971e-04 0.0
-5.95163366e-03 3.09232949e-04 0.0
-6.14611972e-03 2.98175632e-04 0.0
-6.31771940e-03 2.86368674e-04 0.0
-6.46489147e-03 2.73769392e-04 0.0
-6.58612946e-03 2.60456755e-04 0.0
-6.67998561e-03 2.46409615e-04 0.0
-6.74509635e-03 2.31734300e-04 0.0
-6.78021288e-03 2.16439033e-04 0.0
-6.78423345e-03 2.00663062e-04 0.0
-6.75623809e-03 1.84449385e-04 0.0
-6.69552528e-03 1.67973255e-04 0.0
-6.60164825e-03 1.51315301e-04 0.0
-6.47445337e-03 1.34687198e-04 0.0
-6.31411526e-03 1.18207208e-04 0.0
-6.12117370e-03 1.02120795e-04 0.0
-5.89656441e-03 8.65805654e-05 0.0
-5.64165097e-03 7.18596495e-05 0.0
-5.35824741e-03 5.81379814e-05 0.0
-5.04864139e-03 4.57063688e-05 0.0
-4.71560465e-03 3.47610544e-05 0.0
-4.36240333e-03 2.55965656e-05 0.0
-3.99279246e-03 1.84105424e-05 0.0
-3.61100981e-03 1.34837202e-05 0.0
-3.22175140e-03 1.09971154e-05 0.0
-2.83014647e-03 1.11978619e-05 0.0
-2.44171270e-03 1.42310245e-05 0.0
-2.06231247e-03 2.02904911e-05 0.0
-1.69808976e-03 2.94679704e-05 0.0
-1.35541191e-03 4.18888444e-05 0.0
-1.04079595e-03 5.75816390e-05 0.0
-7.60848311e-04 7.66005644e-05 0.0
-5.22201443e-04 9.89219290e-05 0.0
-3.31486463e-04 1.24561140e-04 0.0
-1.95333210e-04 1.53506282e-04 0.0
-1.20408431e-04 1.85798927e-04 0.0
-1.13181298e-04 2.21204562e-04 0.0
-1.77694598e-04 2.57522666e-04 0.0
-3.02478393e-04 2.81442279e-04 0.0
-1.88421761e-04 2.25614427e-04 0.0
2.72131577e-04 3.09151067e-04 0.0
5.36958108e-04 4.87127170e-04 0.0
4.46445204e-04 5.84841590e-04 0.0
2.13146958e-04 6.79455725e-04 0.0
-1.48120595e-04 7.77227368e-04 0.0
-6.26261927e-04 8.71813443e-04 0.0
-1.20976181e-03 9.57644568e-04 0.0
-1.88543616e-03 1.03169017e-03 0.0
-2.63899269e-03 1.09289722e-03 0.0
-3.45595923e-03 1.14139169e-03 0.0
-4.32239410e-03 1.17796583e-03 0.0
-5.22533819e-03 1.20369008e-03 0.0
-6.15301564e-03 1.21975023e-03 0.0
-7.09489583e-03 1.22727588e-03 0.0
-8.04163275e-03 1.22732520e-03 0.0
-8.98496409e-03 1.22079309e-03 0.0
-9.91755999e-03 1.20845837e-03 0.0
-1.08328789e-02 1.19092034e-03 0.0
-1.17250078e-02 1.16867537e-03 0.0
-1.25885305e-02 1.14206161e-03 0.0
-1.34183957e-02 1.11135032e-03 0.0
-1.42098206e-02 1.07668960e-03 0.0
-1.49582010e-02 1.03820300e-03 0.0
-1.56590563e-02 9.95928284e-04 0.0
-1.63079836e-02 9.49919244e-04 0.0
-1.69006427e-02 9.00177991e-04 0.0
-1.74327499e-02 8.46757852e-04 0.0
-1.79000976e-02 7.89689205e-04 0.0
-1.82985814e-02 7.29082267e-04 0.0
-1.86242475e-02 6.65047222e-04 0.0
-1.88733466e-02 5.97796148e-04 0.0
-1.90424019e-02 5.27558436e-04 0.0
-1.91282834e-02 4.54681148e-04 0.0
-1.91282895e-02 3.79540682e-04 0.0
-1.90402347e-02 3.02640684e-04 0.0
-1.88625393e-02 2.24520732e-04 0.0
-1.85943227e-02 1.45850720e-04 0.0
-1.82354940e-02 6.73371180e-05 0.0
-1.77868443e-02 -1.01874325e-05 0.0
-1.72501297e-02 -8.58598540e-05 0.0
-1.66281540e-02 -1.58703169e-04 0.0
-1.59248354e-02 -2.27723841e-04 0.0
-1.51452712e-02 -2.91835701e-04 0.0
-1.42957777e-02 -3.49958400e-04 0.0
-1.33839260e-02 -4.00949734e-04 0.0
-1.24185464e-02 -4.43704417e-04 0.0
-1.14097245e-02 -4.77095350e-04 0.0
-1.03687596e-02 -5.00071417e-04 0.0
-9.30811185e-03 -5.11607560e-04 0.0
-8.24130569e-03 -5.10799667e-04 0.0
-7.18281946e-03 -4.96822625e-04 0.0
-6.14792557e-03 -4.69019999e-04 0.0
-5.15251416e-03 -4.26869293e-04 0.0
-4.21285841e-03 -3.70065414e-04 0.0
-3.34535206e-03 -2.98495800e-04 0.0
-2.56616032e-03 -2.12325021e-04 0.0
-1.89078512e-03 -1.12002072e-04 0.0
-1.33340699e-03 1.59563947e-06 0.0
-9.05820638e-04 1.26954871e-04 0.0
-6.15370382e-04 2.61209847e-04 0.0
-4.60646323e-04 3.98073984e-04 0.0
-4.22312062e-04 5.21049718e-04 0.0
-4.46711782e-04 5.81279685e-04 0.0
-2.32551580e-04 4.25746433e-04 0.0
2.40909288e-04 2.08491847e-04 0.0
4.47631886e-04 5.28621876e-04 0.0
2.75607846e-04 8.05886488e-04 0.0
-1.04110665e-04 1.07143319e-03 0.0
-6.84243940e-04 1.32665613e-03 0.0
-1.44742667e-03 1.56371703e-03 0.0
-2.37346536e-03 1.77528764e-03 0.0
-3.44083040e-03 1.95709737e-03 0.0
-4.62746550e-03 2.10769235e-03 0.0
-5.91154027e-03 2.22765126e-03 0.0
-7.27212783e-03 2.31874191e-03 0.0
-8.68964907e-03 2.38339511e-03 0.0
-1.01461452e-02 2.42423437e-03 0.0
-1.16253460e-02 2.44389079e-03 0.0
-1.31126454e-02 2.44476442e-03 0.0
-1.45949617e-02 2.42902161e-03 0.0
-1.60605799e-02 2.39846386e-03 0.0
-1.74989413e-02 2.35461708e-03 0.0
-1.89004577e-02 2.29864576e-03 0.0
-2.02563087e-02 2.23148858e-03 0.0
-2.15582837e-02 2.15378712e-03 0.0
-2.27986246e-02 2.06604368e-03 0.0
-2.39699192e-02 1.96854883e-03 0.0
-2.50650035e-02 1.86154836e-03 0.0
-2.60769128e-02 1.74516193e-03 0.0
-2.69988432e-02 1.61955215e-03 0.0
-2.78241567e-02 1.48483155e-03 0.0
-2.85463955e-02 1.34123006e-03 0.0
-2.91593327e-02 1.18899026e-03 0.0
-2.96570303e-02 1.02853145e-03 0.0
-3.00339253e-02 8.60334356e-04 0.0
-3.02849217e-02 6.85100654e-04 0.0
-3.04055013e-02 5.03628609e-04 0.0
-3.03918403e-02 3.16966897e-04 0.0
-3.02409346e-02 1.26282488e-04 0.0
-2.99507301e-02 -6.69927894e-05 0.0
-2.95202529e-02 -2.61301245e-04 0.0
-2.89497430e-02 -4.54821965e-04 0.0
-2.82407771e-02 -6.45616196e-04 0.0
-2.73963947e-02 -8.31501429e-04 0.0
-2.64212023e-02 -1.01020289e-03 0.0
-2.53214779e-02 -1.17924139e-03 0.0
-2.41052440e-02 -1.33609058e-03 0.0
-2.27823361e-02 -1.47808068e-03 0.0
-2.13644299e-02 -1.60256091e-03 0.0
-1.98650595e-02 -1.70682057e-03 0.0
-1.82995823e-02 -1.78825548e-03 0.0
-1.66851306e-02 -1.84430705e-03 0.0
-1.50404984e-02 -1.87263084e-03 0.0
-1.33860084e-02 -1.87105366e-03 0.0
-1.17433018e-02 -1.83774234e-03 0.0
-1.01350990e-02 -1.77118020e-03 0.0
-8.58486422e-03 -1.67033842e-03 0.0
-7.11641904e-03 -1.53468278e-03 0.0
-5.75341870e-03 -1.36437052e-03 0.0
-4.51870837e-03 -1.16034041e-03 0.0
-3.43341096e-03 -9.24647123e-04 0.0
-2.51565752e-03 -6.60881477e-04 0.0
-1.77860819e-03 -3.75194090e-04 0.0
-1.22736939e-03 -7.83234965e-05 0.0
-8.54180386e-04 2.09701220e-04 0.0
-6.32175062e-04 4.49086933e-04 0.0
-5.12301988e-04 5.57773357e-04 0.0
-2.35202244e-04 3.72149594e-04 0.0
1.99759809e-04 1.80229508e-04 0.0
3.04529023e-04 6.57799514e-04 0.0
-7.63246776e-06 1.16089998e-03 0.0
-5.70117039e-04 1.65862872e-03 0.0
-1.38250029e-03 2.13198652e-03 0.0
-2.42717210e-03 2.56625093e-03 0.0
-3.67965658e-03 2.95129002e-03 0.0
-5.11280258e-03 3.28161947e-03 0.0
-6.69866091e-03 3.55568039e-03 0.0
-8.40962295e-03 3.77471704e-03 0.0
-1.02191520e-02 3.94181282e-03 0.0
-1.21023069e-02 4.06102081e-03 0.0
-1.40360080e-02 4.13682928e-03 0.0
-1.59991704e-02 4.17368267e-03 0.0
-1.79726590e-02 4.17578696e-03 0.0
-1.99391903e-02 4.14687335e-03 0.0
-2.18831317e-02 4.09020083e-03 0.0
-2.37903075e-02 4.00844672e-03 0.0
-2.56477586e-02 3.90381522e-03 0.0
-2.74435431e-02 3.77798658e-03 0.0
-2.91665236e-02 3.63227847e-03 0.0
-3.08062114e-02 3.46761513e-03 0.0
-3.23526146e-02 3.28471094e-03 0.0
-3.37961464e-02 3.08403825e-03 0.0
-3.51275436e-02 2.86601585e-03 0.0
-3.63378424e-02 2.63096496e-03 0.0
-3.74183654e-02 2.37929367e-03 0.0
-3.83607569e-02 2.11143694e-03 0.0
-3.91570299e-02 1.82803285e-03 0.0
-3.97996502e-02 1.52984632e-03 0.0
-4.02816312e-02 1.21793530e-03 0.0
-4.05966544e-02 8.93559242e-04 0.0
-4.07391991e-02 5.58334335e-04 0.0
-4.07046870e-02 2.14127987e-04 0.0
-4.04896335e-02 -1.36798167e-04 0.0
-4.00918035e-02 -4.91906901e-04 0.0
-3.95103722e-02 -8.48256464e-04 0.0
-3.87460778e-02 -1.20263211e-03 0.0
-3.78013779e-02 -1.55143368e-03 0.0
-3.66805861e-02 -1.89082029e-03 0.0
-3.53900085e-02 -2.21661723e-03 0.0
-3.39380490e-02 -2.52447435e-03 0.0
-3.23353104e-02 -2.80979510e-03 0.0
-3.05946506e-02 -3.06790904e-03 0.0
-2.87312307e-02 -3.29402551e-03 0.0
-2.67625039e-02 -3.48342040e-03 0.0
-2.47081898e-02 -3.63141630e-03 0.0
-2.25901741e-02 -3.73358314e-03 0.0
-2.04323866e-02 -3.78574645e-03 0.0
-1.82605850e-02 -3.78420185e-03 0.0
-1.61021055e-02 -3.72575500e-03 0.0
-1.39854955e-02 -3.60795545e-03 0.0
-1.19400884e-02 -3.42918310e-03 0.0
-9.99542011e-03 -3.18892976e-03 0.0
-8.18053395e-03 -2.88799129e-03 0.0
-6.52303576e-03 -2.52890974e-03 0.0
-5.04790414e-03 -2.11649158e-03 0.0
-3.77584570e-03 -1.65883399e-03 0.0
-2.72113816e-03 -1.16898684e-03 0.0
-1.88878026e-03 -6.68116177e-04 0.0
-1.27133519e-03 -1.91132321e-04 0.0
-8.46890332e-04 2.03477804e-04 0.0
-5.82494629e-04 4.19117745e-04 0.0
-2.42866505e-04 3.08258975e-04 0.0
1.61539442e-04 2.31342220e-04 0.0
1.54996809e-04 9.20876219e-04 0.0
-3.24834404e-04 1.68982138e-03 0.0
-1.09587278e-03 2.46323967e-03 0.0
-2.15533279e-03 3.19922913e-03 0.0
-3.48421383e-03 3.87257539e-03 0.0
-5.05524255e-03 4.46849385e-03 0.0
-6.83737431e-03 4.97971229e-03 0.0
-8.79832342e-03 5.40441477e-03 0.0
-1.09059959e-02 5.74464055e-03 0.0
-1.31294309e-02 6.00487762e-03 0.0
-1.54393448e-02 6.19105254e-03 0.0
-1.78084848e-02 6.30966715e-03 0.0
-2.02117411e-02 6.36729507e-03 0.0
-2.26261684e-02 6.37012302e-03 0.0
-2.50308538e-02 6.32378950e-03 0.0
-2.74067650e-02 6.23317334e-03 0.0
-2.97365123e-02 6.10243621e-03 0.0
-3.20041413e-02 5.93494530e-03 0.0
-3.41948855e-02 5.73342715e-03 0.0
-3.62949772e-02 5.49995243e-03 0.0
-3.82914466e-02 5.23614299e-03 0.0
-4.01719906e-02 4.94317533e-03 0.0
-4.19248440e-02 4.62200580e-03 0.0
-4.35387197e-02 4.27336829e-03 0.0
-4.50027576e-02 3.89799789e-03 0.0
-4.63065357e-02 3.49661072e-03 0.0
-4.74400907e-02 3.07011630e-03 0.0
-4.83939892e-02 2.61957507e-03 0.0
-4.91594091e-02 2.14639516e-03 0.0
-4.97282580e-02 1.65226731e-03 0.0
-5.00933007e-02 1.13934436e-03 0.0
-5.02483102e-02 6.10154658e-04 0.0
-5.01882266e-02 6.77630841e-05 0.0
-4.99093264e-02 -4.84335900e-04 0.0
-4.94093977e-02 -1.04207730e-03 0.0
-4.86879120e-02 -1.60095257e-03 0.0
-4.77462017e-02 -2.15589114e-03 0.0
-4.65876191e-02 -2.70140779e-03 0.0
-4.52176992e-02 -3.23150983e-03 0.0
-4.36442908e-02 -3.73986589e-03 0.0
-4.18776876e-02 -4.21974226e-03 0.0
-3.99307131e-02 -4.66419453e-03 0.0
-3.78188020e-02 -5.06603679e-03 0.0
-3.55600187e-02 -5.41805760e-03 0.0
-3.31750671e-02 -5.71302577e-03 0.0
-3.06872195e-02 -5.94393217e-03 0.0
-2.81222285e-02 -6.10403611e-03 0.0
-2.55081368e-02 -6.18713547e-03 0.0
-2.28750570e-02 -6.18765984e-03 0.0
-2.02548233e-02 -6.10097662e-03 0.0
-1.76805898e-02 -5.92354683e-03 0.0
-1.51862649e-02 -5.65329405e-03 0.0
-1.28058515e-02 -5.28987408e-03 0.0
-1.05725625e-02 -4.83519653e-03 0.0
-8.51777215e-03 -4.29397097e-03 0.0
-6.66964817e-03 -3.67466477e-03 0.0
-5.05153346e-03 -2.99081651e-03 0.0
-3.67997929e-03 -2.26324945e-03 0.0
-2.56273339e-03 -1.52344465e-03 0.0
-1.69716838e-03 -8.18802114e-04 0.0
-1.07063061e-03 -2.19827173e-04 0.0
-6.64699248e-04 1.72102613e-04 0.0
-2.57222411e-04 2.22365284e-04 0.0
1.27650358e-04 3.54562945e-04 0.0
1.24846656e-05 1.33177581e-03 0.0
-6.42495854e-04 2.41374181e-03 0.0
-1.63359251e-03 3.50146401e-03 0.0
-2.94861975e-03 4.53550626e-03 0.0
-4.56385186e-03 5.48042703e-03 0.0
-6.44839706e-03 6.31623614e-03 0.0
-8.56770658e-03 7.03343269e-03 0.0
-1.08858778e-02 7.62984029e-03 0.0
-1.33672034e-02 8.10824002e-03 0.0
-1.59771095e-02 8.47465041e-03 0.0
-1.86827990e-02 8.73691538e-03 0.0
-2.14535672e-02 8.90374857e-03 0.0
-2.42609895e-02 8.98392941e-03 0.0
-2.70788994e-02 8.98586675e-03 0.0
-2.98833228e-02 8.91719652e-03 0.0
-3.26522814e-02 8.78468128e-03 0.0
-3.53656110e-02 8.59405136e-03 0.0
-3.80047073e-02 8.35010462e-03 0.0
-4.05523246e-02 8.05667931e-03 0.0
-4.29923408e-02 7.71686079e-03 0.0
-4.53095956e-02 7.33301224e-03 0.0
-4.74897177e-02 6.90702779e-03 0.0
-4.95190301e-02 6.44037541e-03 0.0
-5.13844575e-02 5.93435970e-03 0.0
-5.30735057e-02 5.39015130e-03 0.0
-5.45742495e-02 4.80903919e-03 0.0
-5.58753808e-02 4.19243449e-03 0.0
-5.69662667e-02 3.54210262e-03 0.0
-5.78370550e-02 2.86013748e-03 0.0
-5.84787885e-02 2.14916957e-03 0.0
-5.88835519e-02 1.41231047e-03 0.0
-5.90446268e-02 6.53335333e-04 0.0
-5.89566644e-02 -1.23401197e-04 0.0
-5.86158648e-02 -9.12809450e-04 0.0
-5.80201587e-02 -1.70917668e-03 0.0
-5.71693960e-02 -2.50604051e-03 0.0
-5.60655199e-02 -3.29632888e-03 0.0
-5.47127474e-02 -4.07226554e-03 0.0
-5.31177211e-02 -4.82553915e-03 0.0
-5.12896640e-02 -5.54724460e-03 0.0
-4.92404906e-02 -6.22808327e-03 0.0
-4.69849188e-02 -6.85834483e-03 0.0
-4.45405209e-02 -7.42814135e-03 0.0
-4.19277706e-02 -7.92743486e-03 0.0
-3.91700109e-02 -8.34630893e-03 0.0
-3.62934109e-02 -8.67504841e-03 0.0
-3.33268209e-02 -8.90445370e-03 0.0
-3.03016048e-02 -9.02598160e-03 0.0
-2.72513431e-02 -9.03211210e-03 0.0
-2.42114946e-02 -8.91656695e-03 0.0
-2.12188934e-02 -8.67475266e-03 0.0
-1.83111741e-02 -8.30409764e-03 0.0
-1.55259881e-02 -7.80463634e-03 0.0
-1.29001071e-02 -7.17957461e-03 0.0
-1.04682696e-02 -6.43619242e-03 0.0
-8.26188977e-03 -5.58692289e-03 0.0
-6.30752800e-03 -4.65101202e-03 0.0
-4.62537154e-03 -3.65674602e-03 0.0
-3.22787123e-03 -2.64467715e-03 0.0
-2.11922570e-03 -1.67176746e-03 0.0
-1.29639901e-03 -8.16215016e-04 0.0
-7.52524715e-04 -1.81308446e-04 0.0
-2.74681762e-04 1.04671852e-04 0.0
9.74895201e-05 5.41822846e-04 0.0
-1.19898533e-04 1.88947450e-03 0.0
-9.47407428e-04 3.33854063e-03 0.0
-2.15965175e-03 4.78001927e-03 0.0
-3.73167010e-03 6.14401168e-03 0.0
-5.63211562e-03 7.38761924e-03 0.0
-7.82500932e-03 8.48650479e-03 0.0
-1.02717709e-02 9.42926184e-03 0.0
-1.29329969e-02 1.02134370e-02 0.0
-1.57696975e-02 1.08427027e-02 0.0
-1.87442152e-02 1.13246466e-02 0.0
-2.18207538e-02 1.16691866e-02 0.0
-2.49657461e-02 1.18872789e-02 0.0
-2.81479630e-02 1.19900834e-02 0.0
-3.13385576e-02 1.19882641e-02 0.0
-3.45109374e-02 1.18916529e-02 0.0
-3.76406352e-02 1.17089333e-02 0.0
-4.07050736e-02 1.14476227e-02 0.0
-4.36833730e-02 1.11139857e-02 0.0
-4.65561009e-02 1.07132032e-02 0.0
-4.93050922e-02 1.02494054e-02 0.0
-5.19132418e-02 9.72593568e-03 0.0
-5.43643802e-02 9.14542942e-03 0.0
-5.66431395e-02 8.51011243e-03 0.0
-5.87349024e-02 7.82188056e-03 0.0
-6.06257503e-02 7.08259605e-03 0.0
-6.23024855e-02 6.29414355e-03 0.0
-6.37526579e-02 5.45870524e-03 0.0
-6.49646506e-02 4.57878230e-03 0.0
-6.59277718e-02 3.65744011e-03 0.0
-6.66323905e-02 2.69829206e-03 0.0
-6.70700774e-02 1.70571164e-03 0.0
-6.72337738e-02 6.84778842e-04 0.0
-6.71179654e-02 -3.58542211e-04 0.0
-6.67188671e-02 -1.41749331e-03 0.0
-6.60346129e-02 -2.48438052e-03 0.0
-6.50654399e-02 -3.55070027e-03 0.0
-6.38138778e-02 -4.60703624e-03 0.0
-6.22849157e-02 -5.64322224e-03 0.0
-6.04861742e-02 -6.64828126e-03 0.0
-5.84280385e-02 -7.61062713e-03 0.0
-5.61237957e-02 -8.51805069e-03 0.0
-5.35897159e-02 -9.35796356e-03 0.0
-5.08451358e-02 -1.01174378e-02 0.0
-4.79124661e-02 -1.07834967e-02 0.0
-4.48171973e-02 -1.13432167e-02 0.0
-4.15878074e-02 -1.17840728e-02 0.0
-3.82556583e-02 -1.20941139e-02 0.0
-3.48547672e-02 -1.22623756e-02 0.0
-3.14215510e-02 -1.22791466e-02 0.0
-2.79944127e-02 -1.21364713e-02 0.0
-2.46132769e-02 -1.18285413e-02 0.0
-2.13189287e-02 -1.13523341e-02 0.0
-1.81522738e-02 -1.07082027e-02 0.0
-1.51533683e-02 -9.90075839e-03 0.0
-1.23603614e-02 -8.93982124e-03 0.0
-9.80822467e-03 -7.84178063e-03 0.0
-7.52749055e-03 -6.63122486e-03 0.0
-5.54299191e-03 -5.34316487e-03 0.0
-3.87302766e-03 -4.02570431e-03 0.0
-2.52918316e-03 -2.74321376e-03 0.0
-1.51739753e-03 -1.57936943e-03 0.0
-8.40245443e-04 -6.39170815e-04 0.0
-2.92771121e-04 -4.85462394e-05 0.0
7.03561027e-05 7.86365142e-04 0.0
-2.42187276e-04 2.58725412e-03 0.0
-1.23516388e-03 4.46125740e-03 0.0
-2.66355789e-03 6.29795427e-03 0.0
-4.48861240e-03 8.02316845e-03 0.0
-6.66972169e-03 9.59003868e-03 0.0
-9.16445385e-03 1.09717379e-02 0.0
-1.19294880e-02 1.21558536e-02 0.0
-1.49215948e-02 1.31402124e-02 0.0
-1.80985677e-02 1.39296375e-02 0.0
-2.14198413e-02 1.45335447e-02 0.0
-2.48469812e-02 1.49640108e-02 0.0
-2.83438984e-02 1.52344126e-02 0.0
-3.18769962e-02 1.53583149e-02 0.0
-3.54151142e-02 1.53488000e-02 0.0
-3.89294633e-02 1.52179027e-02 0.0
-4.23934229e-02 1.49764017e-02 0.0
-4.57823750e-02 1.46336073e-02 0.0
-4.90734517e-02 1.41974434e-02 0.0
-5.22453526e-02 1.36744419e-02 0.0
-5.52781120e-02 1.30699883e-02 0.0
-5.81529535e-02 1.23884161e-02 0.0
-6.08521193e-02 1.16333281e-02 0.0
-6.33587899e-02 1.08077198e-02 0.0
-6.56569937e-02 9.91431809e-03 0.0
-6.77315999e-02 8.95569179e-03 0.0
-6.95683100e-02 7.93457400e-03 0.0
-7.11537190e-02 6.85393776e-03 0.0
-7.24753789e-02 5.71728523e-03 0.0
-7.35219166e-02 4.52867935e-03 0.0
-7.42831543e-02 3.29299308e-03 0.0
-7.47502676e-02 2.01589487e-03 0.0
-7.49159470e-02 7.04055579e-04 0.0
-7.47745787e-02 -6.34911454e-04 0.0
-7.43224302e-02 -1.99228717e-03 0.0
-7.35578365e-02 -3.35835111e-03 0.0
-7.24813931e-02 -4.72226358e-03 0.0
-7.10961317e-02 -6.07221442e-03 0.0
-6.94077039e-02 -7.39535351e-03 0.0
-6.74245303e-02 -8.67798539e-03 0.0
-6.51579587e-02 -9.90555264e-03 0.0
-6.26223704e-02 -1.10628796e-02 0.0
-5.98352955e-02 -1.21342151e-02 0.0
-5.68174577e-02 -1.31035312e-02 0.0
-5.35928262e-02 -1.39546345e-02 0.0
-5.01885762e-02 -1.46715291e-02 0.0
-4.66350507e-02 -1.52386106e-02 0.0
-4.29656049e-02 -1.56411075e-02 0.0
-3.92164410e-02 -1.58653774e-02 0.0
-3.54262941e-02 -1.58994501e-02 0.0
-3.16360892e-02 -1.57334573e-02 0.0
-2.78884139e-02 -1.53603147e-02 0.0
-2.42269389e-02 -1.47763368e-02 0.0
-2.06956220e-02 -1.39821267e-02 0.0
-1.73378508e-02 -1.29834707e-02 0.0
-1.41953705e-02 -1.17925581e-02 0.0
-1.13072052e-02 -1.04293130e-02 0.0
-8.70847830e-03 -8.92312293e-03 0.0
-6.42945254e-03 -7.31476588e-03 0.0
-4.49481391e-03 -5.65868334e-03 0.0
-2.92364122e-03 -4.02523448e-03 0.0
-1.73008099e-03 -2.50267965e-03 0.0
-9.24914571e-04 -1.19816969e-03 0.0
-3.10306665e-04 -2.37361093e-04 0.0
4.56514545e-05 1.08272792e-03 0.0
-3.55304582e-04 3.41676714e-03 0.0
-1.50518191e-03 5.77460902e-03 0.0
-3.14164736e-03 8.04947879e-03 0.0
-5.21248312e-03 1.01675539e-02 0.0
-7.66709284e-03 1.20813978e-02 0.0
-1.04557890e-02 1.37638358e-02 0.0
-1.35298024e-02 1.52028375e-02 0.0
-1.68417367e-02 1.63973067e-02 0.0
-2.03459767e-02 1.73537988e-02 0.0
-2.39991251e-02 1.80838508e-02 0.0
-2.77602195e-02 1.86019897e-02 0.0
-3.15909233e-02 1.89241079e-02 0.0
-3.54555078e-02 1.90663602e-02 0.0
-3.93208372e-02 1.90442627e-02 0.0
-4.31561926e-02 1.88722097e-02 0.0
-4.69331358e-02 1.85630649e-02 0.0
-5.06252617e-02 1.81280934e-02 0.0
-5.42080200e-02 1.75768658e-02 0.0
-5.76584669e-02 1.69174444e-02 0.0
-6.09551049e-02 1.61564621e-02 0.0
-6.40776815e-02 1.52994425e-02 0.0
-6.70070837e-02 1.43509534e-02 0.0
-6.97252101e-02 1.33149779e-02 0.0
-7.22149359e-02 1.21950771e-02 0.0
-7.44600661e-02 1.09947589e-02 0.0
-7.64453707e-02 9.71761222e-03 0.0
-7.81566151e-02 8.36764521e-03 0.0
-7.95806561e-02 6.94937172e-03 0.0
-8.07055365e-02 5.46810493e-03 0.0
-8.15206273e-02 3.92999035e-03 0.0
-8.20167710e-02 2.34224929e-03 0.0
-8.21864532e-02 7.13157595e-04 0.0
-8.20239777e-02 -9.47762578e-04 0.0
-8.15256505e-02 -2.62981726e-03 0.0
-8.06899700e-02 -4.32100152e-03 0.0
-7.95178069e-02 -6.00812639e-03 0.0
-7.80125937e-02 -7.67673427e-03 0.0
-7.61804854e-02 -9.31127870e-03 0.0
-7.40305322e-02 -1.08950978e-02 0.0
-7.15748066e-02 -1.24106493e-02 0.0
-6.88285442e-02 -1.38395479e-02 0.0
-6.58102207e-02 -1.51628608e-02 0.0
-6.25416444e-02 -1.63612182e-02 0.0
-5.90479643e-02 -1.74151793e-02 0.0
-5.53576921e-02 -1.83054302e-02 0.0
-5.15026170e-02 -1.90132358e-02 0.0
-4.75177269e-02 -1.95207476e-02 0.0
-4.34409942e-02 -1.98115653e-02 0.0
-3.93131539e-02 -1.98711853e-02 0.0
-3.51773117e-02 -1.96877074e-02 0.0
-3.10785260e-02 -1.92524686e-02 0.0
-2.70631844e-02 -1.85609450e-02 0.0
-2.31783393e-02 -1.76136311e-02 0.0
-1.94708237e-02 -1.64172065e-02 0.0
-1.59863462e-02 -1.49857386e-02 0.0
-1.27684170e-02 -1.33421884e-02 0.0
-9.85737172e-03 -1.15199867e-02 0.0
-7.28941036e-03 -9.56485923e-03 0.0
-5.09600658e-03 -7.53660819e-03 0.0
-3.30364336e-03 -5.51082436e-03 0.0
-1.93420373e-03 -3.58007438e-03 0.0
-1.00580028e-03 -1.85433268e-03 0.0
-3.26967713e-04 -4.60333566e-04 0.0
2.29507545e-05 1.42647984e-03 0.0
-4.60396151e-04 4.36967594e-03 0.0
-1.75845550e-03 7.26965030e-03 0.0
-3.59376719e-03 1.00262317e-02 0.0
-5.90141468e-03 1.25693077e-02 0.0
-8.62083081e-03 1.48536968e-02 0.0
-1.16946246e-02 1.68540599e-02 0.0
-1.50681946e-02 1.85602334e-02 0.0
-1.86895924e-02 1.99732857e-02 0.0
-2.25096540e-02 2.11021673e-02 0.0
-2.64820426e-02 2.19610710e-02 0.0
-3.05633649e-02 2.25672411e-02 0.0
-3.47131140e-02 2.29393698e-02 0.0
-3.88936530e-02 2.30962852e-02 0.0
-4.30700359e-02 2.30561184e-02 0.0
-4.72098834e-02 2.28356280e-02 0.0
-5.12831320e-02 2.24499142e-02 0.0
-5.52618596e-02 2.19121759e-02 0.0
-5.91200218e-02 2.12337863e-02 0.0
-6.28332815e-02 2.04243152e-02 0.0
-6.63787802e-02 1.94918164e-02 0.0
-6.97350112e-02 1.84429862e-02 0.0
-7.28816564e-02 1.72835506e-02 0.0
-7.57995236e-02 1.60184695e-02 0.0
-7.84704623e-02 1.46523477e-02 0.0
-8.08773712e-02 1.31896263e-02 0.0
-8.30041925e-02 1.16349718e-02 0.0
-8.48359838e-02 9.99342329e-03 0.0
-8.63589813e-02 8.27073568e-03 0.0
-8.75607239e-02 6.47346806e-03 0.0
-8.84301720e-02 4.60927096e-03 0.0
-8.89578666e-02 2.68691201e-03 0.0
-8.91360880e-02 7.16503726e-04 0.0
-8.89590340e-02 -1.29053306e-03 0.0
-8.84230015e-02 -3.32130174e-03 0.0
-8.75265676e-02 -5.36152722e-03 0.0
-8.62707786e-02 -7.39544965e-03 0.0
-8.46593188e-02 -9.40598167e-03 0.0
-8.26986923e-02 -1.13746655e-02 0.0
-8.03983661e-02 -1.32818909e-02 0.0
-7.77709303e-02 -1.51069204e-02 0.0
-7.48322017e-02 -1.68281721e-02 0.0
-7.16013488e-02 -1.84233201e-02 0.0
-6.81009415e-02 -1.98696514e-02 0.0
-6.43570240e-02 -2.11442561e-02 0.0
-6.03990912e-02 -2.22244727e-02 0.0
-5.62600875e-02 -2.30881904e-02 0.0
-5.19762831e-02 -2.37144083e-02 0.0
-4.75871642e-02 -2.40836815e-02 0.0
-4.31351706e-02 -2.41788309e-02 0.0
-3.86654308e-02 -2.39855764e-02 0.0
-3.42253094e-02 -2.34934424e-02 0.0
-2.98639335e-02 -2.26966296e-02 0.0
-2.56315025e-02 -2.15951665e-02 0.0
-2.15785736e-02 -2.01960652e-02 0.0
-1.77551345e-02 -1.85147492e-02 0.0
-1.42097040e-02 -1.65764962e-02 0.0
-1.09883018e-02 -1.44180883e-02 0.0
-8.13359595e-03 -1.20893930e-02 0.0
-5.68410773e-03 -9.65493807e-03 0.0
-3.67381607e-03 -7.19512735e-03 0.0
-2.13200970e-03 -4.80699895e-03 0.0
-1.08365433e-03 -2.60415495e-03 0.0
-3.42845199e-04 -7.15800422e-04 0.0
1.87505833e-06 1.81398859e-03 0.0
-5.58567699e-04 5.43829838e-03 0.0
-1.99663490e-03 8.93716763e-03 0.0
-4.02144249e-03 1.22188537e-02 0.0
-6.55640118e-03 1.52193161e-02 0.0
-9.53123639e-03 1.78979708e-02 0.0
-1.28808612e-02 2.02332394e-02 0.0
-1.65445814e-02 2.22183859e-02 0.0
-2.04657412e-02 2.38577363e-02 0.0
-2.45914150e-02 2.51635040e-02 0.0
-2.88723034e-02 2.61530668e-02 0.0
-3.32625237e-02 2.68468493e-02 0.0
-3.77195092e-02 2.72665613e-02 0.0
-4.22037685e-02 2.74339626e-02 0.0
-4.66787321e-02 2.73698614e-02 0.0
-5.11104723e-02 2.70935518e-02 0.0
-5.54675163e-02 2.66223651e-02 0.0
-5.97205584e-02 2.59715817e-02 0.0
-6.38422766e-02 2.51543504e-02 0.0
-6.78070744e-02 2.41819024e-02 0.0
-7.15909342e-02 2.30636839e-02 0.0
-7.51712187e-02 2.18077341e-02 0.0
-7.85265825e-02 2.04209136e-02 0.0
-8.16368494e-02 1.89093456e-02 0.0
-8.44829917e-02 1.72786593e-02 0.0
-8.70470865e-02 1.55344276e-02 0.0
-8.93123609e-02 1.36823767e-02 0.0
-9.12632216e-02 1.17287826e-02 0.0
-9.28853558e-02 9.68062125e-03 0.0
-9.41658224e-02 7.54590596e-03 0.0
-9.50931943e-02 5.33376794e-03 0.0
-9.56576969e-02 3.05472747e-03 0.0
-9.58513755e-02 7.20703660e-04 0.0
-9.56682647e-02 -1.65478258e-03 0.0
-9.51045663e-02 -4.05666811e-03 0.0
-9.41588340e-02 -6.46821290e-03 0.0
-9.28321466e-02 -8.87112707e-03 0.0
-9.11282935e-02 -1.12455053e-02 0.0
-8.90539305e-02 -1.35700206e-02 0.0
-8.66187533e-02 -1.58219305e-02 0.0
-8.38356230e-02 -1.79773397e-02 0.0
-8.07207164e-02 -2.00112837e-02 0.0
-7.72936090e-02 -2.18980663e-02 0.0
-7.35773892e-02 -2.36114331e-02 0.0
-6.95986866e-02 -2.51249976e-02 0.0
-6.53877336e-02 -2.64125240e-02 0.0
-6.09783198e-02 -2.74484662e-02 0.0
-5.64077781e-02 -2.82083925e-02 0.0
-5.17168368e-02 -2.86696744e-02 0.0
-4.69494930e-02 -2.88120973e-02 0.0
-4.21527195e-02 -2.86187483e-02 0.0
-3.73761757e-02 -2.80768662e-02 0.0
-3.26717139e-02 -2.71789773e-02 0.0
-2.80928734e-02 -2.59240299e-02 0.0
-2.36941434e-02 -2.43188040e-02 0.0
-1.95302178e-02 -2.23793245e-02 0.0
-1.56550328e-02 -2.01324897e-02 0.0
-1.21208581e-02 -1.76176315e-02 0.0
-8.97725759e-03 -1.48881199e-02 0.0
-6.27023929e-03 -1.20126881e-02 0.0
-4.04142226e-03 -9.07646046e-03 0.0
-2.32754672e-03 -6.18132901e-03 0.0
-1.16012362e-03 -3.44558876e-03 0.0
-3.58324786e-04 -1.00256913e-03 0.0
-1.78341125e-05 2.24226597e-03 0.0
-6.50853206e-04 6.61580587e-03 0.0
-2.22151373e-03 1.07684036e-02 0.0
-4.42698204e-03 1.46179140e-02 0.0
-7.17987163e-03 1.81081318e-02 0.0
-1.04007602e-02 2.12049113e-02 0.0
-1.40169735e-02 2.38921764e-02 0.0
-1.79617817e-02 2.61680211e-02 0.0
-2.21736789e-02 2.80412087e-02 0.0
-2.65959553e-02 2.95280367e-02 0.0
-3.11762304e-02 3.06497590e-02 0.0
-3.58661732e-02 3.14303858e-02 0.0
-4.06211211e-02 3.18950301e-02 0.0
-4.53998385e-02 3.20685459e-02 0.0
-5.01641610e-02 3.19746455e-02 0.0
-5.48787654e-02 3.16351971e-02 0.0
-5.95108360e-02 3.10699246e-02 0.0
-6.40298547e-02 3.02961763e-02 0.0
-6.84073056e-02 2.93290230e-02 0.0
-7.26165044e-02 2.81813274e-02 0.0
-7.66323622e-02 2.68640817e-02 0.0
-8.04312702e-02 2.53866364e-02 0.0
-8.39909372e-02 2.37571533e-02 0.0
-8.72903401e-02 2.19828890e-02 0.0
-9.03096398e-02 2.00706741e-02 0.0
-9.30301976e-02 1.80271834e-02 0.0
-9.54345680e-02 1.58593859e-02 0.0
-9.75065734e-02 1.35747609e-02 0.0
-9.92313633e-02 1.11816901e-02 0.0
-1.00595537e-01 8.68960093e-03 0.0
-1.01587254e-01 6.10928747e-03 0.0
-1.02196394e-01 3.45297520e-03 0.0
-1.02414701e-01 7.34566733e-04 0.0
-1.02235961e-01 -2.03037156e-03 0.0
-1.01656174e-01 -4.82443945e-03 0.0
-1.00673732e-01 -7.62849177e-03 0.0
-9.92896011e-02 -1.04215437e-02 0.0
-9.75074877e-02 -1.31809332e-02 0.0
-9.53340211e-02 -1.58823023e-02 0.0
-9.27788962e-02 -1.84998325e-02 0.0
-8.98550423e-02 -2.10063060e-02 0.0
-8.65787345e-02 -2.33734178e-02 0.0
-8.29697391e-02 -2.55719243e-02 0.0
-7.90513828e-02 -2.75720427e-02 0.0
-7.48506648e-02 -2.93437042e-02 0.0
-7.03982726e-02 -3.08570609e-02 0.0
-6.57286456e-02 -3.20828729e-02 0.0
-6.08799204e-02 -3.29931584e-02 0.0
-5.58939214e-02 -3.35617596e-02 0.0
-5.08160050e-02 -3.37651864e-02 0.0
-4.56949375e-02 -3.35834200e-02 0.0
-4.05825894e-02 -3.30010098e-02 0.0
-3.55336421e-02 -3.20081722e-02 0.0
-3.06050681e-02 -3.06021828e-02 0.0
-2.58556007e-02 -2.87887882e-02 0.0
-2.13449442e-02 -2.65838663e-02 0.0
-1.71329705e-02 -2.40150571e-02 0.0
-1.32786618e-02 -2.11235024e-02 0.0
-9.83908622e-03 -1.79653869e-02 0.0
-6.86818658e-03 -1.46133054e-02 0.0
-4.41570887e-03 -1.11571115e-02 0.0
-2.52606136e-03 -7.70417924e-03 0.0
-1.23745499e-03 -4.37875358e-03 0.0
-3.73878402e-04 -1.32031040e-03 0.0
-3.64418299e-05 2.70884287e-03 0.0
-7.38145853e-04 7.89626087e-03 0.0
-2.43488105e-03 1.27553600e-02 0.0
-4.81289601e-03 1.72144643e-02 0.0
-7.77492604e-03 2.12265295e-02 0.0
-1.12328857e-02 2.47653978e-02 0.0
-1.51068929e-02 2.78219513e-02 0.0
-1.93242523e-02 3.04004622e-02 0.0
-2.38187179e-02 3.25151836e-02 0.0
-2.85297248e-02 3.41874054e-02 0.0
-3.34018615e-02 3.54428671e-02 0.0
-3.83842758e-02 3.63097065e-02 0.0
-4.34302767e-02 3.68167343e-02 0.0
-4.84968468e-02 3.69922116e-02 0.0
-5.35443233e-02 3.68628653e-02 0.0
-5.85359857e-02 3.64533365e-02 0.0
-6.34377947e-02 3.57857610e-02 0.0
-6.82180446e-02 3.48797099e-02 0.0
-7.28471577e-02 3.37521582e-02 0.0
-7.72974043e-02 3.24177471e-02 0.0
-8.15427566e-02 3.08889846e-02 0.0
-8.55586837e-02 2.91766853e-02 0.0
-8.93220705e-02 2.72902774e-02 0.0
-9.28110909e-02 2.52383107e-02 0.0
-9.60051932e-02 2.30287790e-02 0.0
-9.88850514e-02 2.06696220e-02 0.0
-1.01432611e-01 1.81690067e-02 0.0
-1.03631113e-01 1.55357783e-02 0.0
-1.05465189e-01 1.27796706e-02 0.0
-1.06920945e-01 9.91168405e-03 0.0
-1.07986101e-01 6.94421250e-03 0.0
-1.08650116e-01 3.89133958e-03 0.0
-1.08904352e-01 7.68880070e-04 0.0
-1.08742236e-01 -2.40540711e-03 0.0
-1.08159430e-01 -5.61186136e-03 0.0
-1.07154019e-01 -8.82878960e-03 0.0
-1.05726674e-01 -1.20325896e-02 0.0
-1.03880844e-01 -1.51977006e-02 0.0
-1.01622910e-01 -1.82968053e-02 0.0
-9.89623746e-02 -2.13008631e-02 0.0
-9.59119875e-02 -2.41793911e-02 0.0
-9.24879219e-02 -2.69005841e-02 0.0
-8.87098740e-02 -2.94316816e-02 0.0
-8.46012134e-02 -3.17391864e-02 0.0
-8.01890473e-02 -3.37893316e-02 0.0
-7.55043411e-02 -3.55484231e-02 0.0
-7.05819364e-02 -3.69834368e-02 0.0
-6.54606305e-02 -3.80625250e-02 0.0
-6.01831316e-02 -3.87557940e-02 0.0
-5.47960728e-02 -3.90360357e-02 0.0
-4.93498709e-02 -3.88797525e-02 0.0
-4.38986285e-02 -3.82681864e-02 0.0
-3.84998346e-02 -3.71886596e-02 0.0
-3.32140775e-02 -3.56359558e-02 0.0
-2.81044974e-02 -3.36139967e-02 0.0
-2.32362075e-02 -3.11375450e-02 0.0
-1.86753995e-02 -2.82341055e-02 0.0
-1.44883878e-02 -2.49457272e-02 0.0
-1.07403126e-02 -2.13307705e-02 0.0
-7.49380330e-03 -1.74652959e-02 0.0
-4.80734715e-03 -1.34440251e-02 0.0
-2.73371977e-03 -9.38051851e-03 0.0
-1.31826113e-03 -5.40646240e-03 0.0
-3.90122645e-04 -1.66977795e-03 0.0
-5.41088978e-05 3.21168244e-03 0.0
-8.21240444e-04 9.27455140e-03 0.0
-2.63833553e-03 1.48909177e-02 0.0
-5.18166585e-03 2.00002755e-02 0.0
-8.34475364e-03 2.45658679e-02 0.0
-1.20314904e-02 2.85707932e-02 0.0
-1.61550999e-02 3.20142177e-02 0.0
-2.06372414e-02 3.49077473e-02 0.0
-2.54069977e-02 3.72721788e-02 0.0
-3.04000948e-02 3.91345775e-02 0.0
-3.55580536e-02 4.05258610e-02 0.0
-4.08275798e-02 4.14787288e-02 0.0
-4.61598885e-02 4.20261040e-02 0.0
-5.15102446e-02 4.21998550e-02 0.0
-5.68374289e-02 4.20299761e-02 0.0
-6.21033943e-02 4.15439512e-02 0.0
-6.72728418e-02 4.07665064e-02 0.0
-7.23129640e-02 3.97194441e-02 0.0
-7.71931102e-02 3.84217962e-02 0.0
-8.18846032e-02 3.68899649e-02 0.0
-8.63604857e-02 3.51381225e-02 0.0
-9.05954048e-02 3.31785176e-02 0.0
-9.45654391e-02 3.10219941e-02 0.0
-9.82480488e-02 2.86783546e-02 0.0
-1.01621982e-01 2.61569044e-02 0.0
-1.04667288e-01 2.34667966e-02 0.0
-1.07365297e-01 2.06175399e-02 0.0
-1.09698692e-01 1.76192812e-02 0.0
-1.11651551e-01 1.44832434e-02 0.0
-1.13209463e-01 1.12219228e-02 0.0
-1.14359632e-01 7.84944254e-03 0.0
-1.15091020e-01 4.38165728e-03 0.0
-1.15394495e-01 8.36417125e-04 0.0
-1.15262992e-01 -2.76641955e-03 0.0
-1.14691691e-01 -6.40481159e-03 0.0
-1.13678188e-01 -1.00546111e-02 0.0
-1.12222683e-01 -1.36894765e-02 0.0
-1.10328153e-01 -1.72810343e-02 0.0
-1.08000541e-01 -2.07988787e-02 0.0
-1.05248914e-01 -2.42108165e-02 0.0
-1.02085650e-01 -2.74829555e-02 0.0
-9.85265702e-02 -3.05800341e-02 0.0
-9.45911175e-02 -3.34656049e-02 0.0
-9.03024578e-02 -3.61024587e-02 0.0
-8.56876438e-02 -3.84529191e-02 0.0
-8.07776849e-02 -4.04793837e-02 0.0
-7.56076907e-02 -4.21447631e-02 0.0
-7.02169059e-02 -4.34131810e-02 0.0
-6.46488255e-02 -4.42506147e-02 0.0
-5.89511795e-02 -4.46258212e-02 0.0
-5.31759954e-02 -4.45112607e-02 0.0
-4.73794919e-02 -4.38843362e-02 0.0
-4.16220262e-02 -4.27286881e-02 0.0
-3.59678109e-02 -4.10358230e-02 0.0
-3.04846269e-02 -3.88068241e-02 0.0
-2.52432157e-02 -3.60543542e-02 0.0
-2.03165846e-02 -3.28046783e-02 0.0
-1.57788886e-02 -2.90998104e-02 0.0
-1.17041484e-02 -2.49994589e-02 0.0
-8.16448316e-03 -2.05827436e-02 0.0
-5.22817976e-03 -1.59493064e-02 0.0
-2.95733344e-03 -1.12196859e-02 0.0
-1.40547565e-03 -6.53459465e-03 0.0
-4.07675506e-04 -2.05296547e-03 0.0
-7.10270020e-05 3.74909625e-03 0.0
-9.00777134e-04 1.07463058e-02 0.0
-2.83330212e-03 1.71688013e-02 0.0
-5.53548854e-03 2.29679351e-02 0.0
-8.89236923e-03 2.81182092e-02 0.0
-1.28002828e-02 3.26131431e-02 0.0
-1.71660769e-02 3.64613181e-02 0.0
-2.19060118e-02 3.96827782e-02 0.0
-2.69448035e-02 4.23057565e-02 0.0
-3.22145366e-02 4.43638984e-02 0.0
-3.76538190e-02 4.58938551e-02 0.0
-4.32068743e-02 4.69333976e-02 0.0
-4.88228942e-02 4.75198503e-02 0.0
-5.44553372e-02 4.76890014e-02 0.0
-6.00614650e-02 4.74742401e-02 0.0
-6.56018118e-02 4.69061042e-02 0.0
-7.10398574e-02 4.60119556e-02 0.0
-7.63416228e-02 4.48159975e-02 0.0
-8.14754402e-02 4.33393254e-02 0.0
-8.64116454e-02 4.16002581e-02 0.0
-9.11224231e-02 3.96146172e-02 0.0
-9.55815828e-02 3.73962341e-02 0.0
-9.97644717e-02 3.49573360e-02 0.0
-1.03647829e-01 3.23091194e-02 0.0
-1.07209765e-01 2.94621500e-02 0.0
-1.10429688e-01 2.64269245e-02 0.0
-1.13288343e-01 2.32142235e-02 0.0
-1.15767815e-01 1.98356133e-02 0.0
-1.17851613e-01 1.63037179e-02 0.0
-1.19524738e-01 1.26326365e-02 0.0
-1.20773807e-01 8.83811914e-03 0.0
-1.21587174e-01 4.93789013e-03 0.0
-1.21955087e-01 9.51725090e-04 0.0
-1.21869842e-01 -3.09832246e-03 0.0
-1.21325959e-01 -7.18794043e-03 0.0
-1.20320367e-01 -1.12904265e-02 0.0
-1.18852582e-01 -1.53768002e-02 0.0
-1.16924910e-01 -1.94157642e-02 0.0
-1.14542618e-01 -2.33739057e-02 0.0
-1.11714141e-01 -2.72157493e-02 0.0
-1.08451240e-01 -3.09040465e-02 0.0
-1.04769201e-01 -3.43999227e-02 0.0
-1.00686977e-01 -3.76632573e-02 0.0
-9.62273768e-02 -4.06529346e-02 0.0
-9.14171778e-02 -4.33273277e-02 0.0
-8.62873130e-02 -4.56446752e-02 0.0
-8.08729588e-02 -4.75637002e-02 0.0
-7.52137163e-02 -4.90441571e-02 0.0
-6.93536807e-02 -5.00476446e-02 0.0
-6.33416142e-02 -5.05383998e-02 0.0
-5.72309848e-02 -5.04843963e-02 0.0
-5.10801020e-02 -4.98584943e-02 0.0
-4.49520702e-02 -4.86399398e-02 0.0
-3.89147950e-02 -4.68159814e-02 0.0
-3.30407142e-02 -4.43838555e-02 0.0
-2.74064801e-02 -4.13529008e-02 0.0
-2.20922181e-02 -3.77469631e-02 0.0
-1.71805843e-02 -3.36068016e-02 0.0
-1.27552274e-02 -2.89925168e-02 0.0
-8.89891290e-03 -2.39856257e-02 0.0
-5.69095781e-03 -1.86906492e-02 0.0
-3.20434244e-03 -1.32357797e-02 0.0
-1.50226424e-03 -7.77241783e-03 0.0
-4.27279767e-04 -2.47322228e-03 0.0
-8.72832000e-05 4.31968065e-03 0.0
-9.77295569e-04 1.23077647e-02 0.0
-3.02090291e-03 1.95834947e-02 0.0
-5.87622735e-03 2.61107791e-02 0.0
-9.42029256e-03 3.18763466e-02 0.0
-1.35425114e-02 3.68851801e-02 0.0
-1.81437491e-02 4.11563634e-02 0.0
-2.31353451e-02 4.47193206e-02 0.0
-2.84378663e-02 4.76105919e-02 0.0
-3.39800435e-02 4.98710445e-02 0.0
-3.96976139e-02 5.15436410e-02 0.0
-4.55324451e-02 5.26715831e-02 0.0
-5.14316241e-02 5.32969561e-02 0.0
-5.73468326e-02 5.34596448e-02 0.0
-6.32336781e-02 5.31966747e-02 0.0
-6.90512727e-02 5.25417207e-02 0.0
-7.47617439e-02 5.15249721e-02 0.0
-8.03299484e-02 5.01730716e-02 0.0
-8.57231045e-02 4.85093513e-02 0.0
-9.09105949e-02 4.65540583e-02 0.0
-9.58636885e-02 4.43248239e-02 0.0
-1.00555412e-01 4.18370495e-02 0.0
-1.04960349e-01 3.91044903e-02 0.0
-1.09054576e-01 3.61396966e-02 0.0
-1.12815538e-01 3.29546198e-02 0.0
-1.16222040e-01 2.95610318e-02 0.0
-1.19254203e-01 2.59710894e-02 0.0
-1.21893510e-01 2.21976840e-02 0.0
-1.24122833e-01 1.82549271e-02 0.0
-1.25926527e-01 1.41584052e-02 0.0
-1.27290516e-01 9.92556915e-03 0.0
-1.28202432e-01 5.57588580e-03 0.0
-1.28651753e-01 1.13112509e-03 0.0
-1.28629966e-01 -3.38459252e-03 0.0
-1.28130749e-01 -7.94461032e-03 0.0
-1.27150149e-01 -1.25197890e-02 0.0
-1.25686792e-01 -1.70784206e-02 0.0
-1.23742071e-01 -2.15863788e-02 0.0
-1.21320369e-01 -2.60071307e-02 0.0
-1.18429237e-01 -3.03019805e-02 0.0
-1.15079626e-01 -3.44301781e-02 0.0
-1.11286053e-01 -3.83492554e-02 0.0
-1.07066824e-01 -4.20152348e-02 0.0
-1.02444179e-01 -4.53830632e-02 0.0
-9.74445105e-02 -4.84069314e-02 0.0
-9.20984923e-02 -5.10408232e-02 0.0
-8.64412974e-02 -5.32389756e-02 0.0
-8.05127165e-02 -5.49565835e-02 0.0
-7.43573940e-02 -5.61504609e-02 0.0
-6.80249517e-02 -5.67799817e-02 0.0
-6.15702449e-02 -5.68080467e-02 0.0
-5.50534846e-02 -5.62023883e-02 0.0
-4.85404769e-02 -5.49369940e-02 0.0
-4.21026611e-02 -5.29939326e-02 0.0
-3.58171850e-02 -5.03653831e-02 0.0
-2.97666326e-02 -4.70560875e-02 0.0
-2.40386095e-02 -4.30859975e-02 0.0
-1.87247384e-02 -3.84932143e-02 0.0
-1.39192562e-02 -3.33368939e-02 0.0
-9.71675203e-03 -2.77000243e-02 0.0
-6.20930975e-03 -2.16916137e-02 0.0
-3.48270007e-03 -1.54480125e-02 0.0
-1.61208388e-03 -9.13286053e-03 0.0
-4.49668454e-04 -2.93537859e-03 0.0
-1.03008599e-04 4.92224649e-03 0.0
-1.05116997e-03 1.39556560e-02 0.0
-3.20201228e-03 2.21300731e-02 0.0
-6.20522745e-03 2.94227696e-02 0.0
-9.93043462e-03 3.58336646e-02 0.0
-1.42605770e-02 4.13802684e-02 0.0
-1.90911555e-02 4.60931433e-02 0.0
-2.43289668e-02 5.00120089e-02 0.0
-2.98908883e-02 5.31824137e-02 0.0
-3.57024763e-02 5.56530637e-02 0.0
-4.16968338e-02 5.74736318e-02 0.0
-4.78134471e-02 5.86931268e-02 0.0
-5.39973548e-02 5.93585952e-02 0.0
-6.01983069e-02 5.95142697e-02 0.0
-6.63702217e-02 5.92009193e-02 0.0
-7.24705978e-02 5.84555630e-02 0.0
-7.84601636e-02 5.73112881e-02 0.0
-8.43024479e-02 5.57973720e-02 0.0
-8.99635401e-02 5.39394314e-02 0.0
-9.54117593e-02 5.17598255e-02 0.0
-1.00617483e-01 4.92780159e-02 0.0
-1.05552892e-01 4.65111360e-02 0.0
-1.10191853e-01 4.34744534e-02 0.0
-1.14509743e-01 4.01820044e-02 0.0
-1.18483383e-01 3.66470703e-02 0.0
-1.22090937e-01 3.28827980e-02 0.0
-1.25311915e-01 2.89026265e-02 0.0
-1.28127138e-01 2.47208430e-02 0.0
-1.30518802e-01 2.03529217e-02 0.0
-1.32470516e-01 1.58159862e-02 0.0
-1.33967414e-01 1.11290443e-02 0.0
-1.34996262e-01 6.31334511e-03 0.0
-1.35545609e-01 1.39250352e-03 0.0
-1.35605947e-01 -3.60724975e-03 0.0
-1.35169896e-01 -8.65705239e-03 0.0
-1.34232408e-01 -1.37252674e-02 0.0
-1.32790968e-01 -1.87775723e-02 0.0
-1.30845830e-01 -2.37769206e-02 0.0
-1.28400225e-01 -2.86837329e-02 0.0
-1.25460615e-01 -3.34559611e-02 0.0
-1.22036887e-01 -3.80493777e-02 0.0
-1.18142618e-01 -4.24177433e-02 0.0
-1.13795250e-01 -4.65131931e-02 0.0
-1.09016345e-01 -5.02865101e-02 0.0
-1.03831740e-01 -5.36876154e-02 0.0
-9.82718001e-02 -5.66659598e-02 0.0
-9.23715625e-02 -5.91711388e-02 0.0
-8.61709973e-02 -6.11534396e-02 0.0
-7.97151677e-02 -6.25646348e-02 0.0
-7.30545369e-02 -6.33587656e-02 0.0
-6.62451718e-02 -6.34932247e-02 0.0
-5.93491152e-02 -6.29299244e-02 0.0
-5.24346308e-02 -6.16368530e-02 0.0
-4.55765859e-02 -5.95898450e-02 0.0
-3.88566072e-02 -5.67748423e-02 0.0
-3.23632330e-02 -5.31904802e-02 0.0
-2.61915980e-02 -4.88511945e-02 0.0
-2.04428116e-02 -4.37906151e-02 0.0
-1.52224756e-02 -3.80652582e-02 0.0
-1.06384863e-02 -3.17581093e-02 0.0
-6.79758771e-03 -2.49818323e-02 0.0
-3.80097406e-03 -1.78809891e-02 0.0
-1.73864939e-03 -1.06328037e-02 0.0
-4.75723031e-04 -3.44587450e-03 0.0
-1.18223782e-04 5.55576195e-03 0.0
-1.12266766e-03 1.56870364e-02 0.0
-3.37712568e-03 2.48040150e-02 0.0
-6.52330658e-03 3.28982531e-02 0.0
-1.04238245e-02 3.99839450e-02 0.0
-1.49558317e-02 4.60921838e-02 0.0
-2.00099762e-02 5.12660062e-02 0.0
-2.54891615e-02 5.55562051e-02 0.0
-3.13069392e-02 5.90179882e-02 0.0
-3.73860982e-02 6.17083145e-02 0.0
-4.36571967e-02 6.36839239e-02 0.0
-5.00574700e-02 6.49998145e-02 0.0
-5.65297674e-02 6.57082141e-02 0.0
-6.30218573e-02 6.58578003e-02 0.0
-6.94857220e-02 6.54932832e-02 0.0
-7.58771400e-02 6.46551139e-02 0.0
-8.21551988e-02 6.33794894e-02 0.0
-8.82820211e-02 6.16984099e-02 0.0
-9.42223890e-02 5.96399925e-02 0.0
-9.99435384e-02 5.72287764e-02 0.0
-1.05414849e-01 5.44862485e-02 0.0
-1.10607684e-01 5.14313000e-02 0.0
-1.15495141e-01 4.80808660e-02 0.0
-1.20051940e-01 4.44504407e-02 0.0
-1.24254244e-01 4.05547428e-02 0.0
-1.28079609e-01 3.64082118e-02 0.0
-1.31506880e-01 3.20256326e-02 0.0
-1.34516208e-01 2.74225600e-02 0.0
-1.37089025e-01 2.26158601e-02 0.0
-1.39208122e-01 1.76240349e-02 0.0
-1.40857710e-01 1.24676586e-02 0.0
-1.42023544e-01 7.16959053e-03 0.0
-1.42693060e-01 1.75529889e-03 0.0
-1.42855548e-01 -3.74704105e-03 0.0
-1.42502348e-01 -9.30633586e-03 0.0
-1.41627054e-01 -1.48885893e-02 0.0
-1.40225767e-01 -2.04568036e-02 0.0
-1.38297317e-01 -2.59711046e-02 0.0
-1.35843545e-01 -3.13887550e-02 0.0
-1.32869540e-01 -3.66643871e-02 0.0
-1.29383929e-01 -4.17501258e-02 0.0
-1.25399104e-01 -4.65959269e-02 0.0
-1.20931516e-01 -5.11498088e-02 0.0
-1.16001868e-01 -5.53582946e-02 0.0
-1.10635401e-01 -5.91667541e-02 0.0
-1.04862065e-01 -6.25199528e-02 0.0
-9.87167920e-02 -6.53625177e-02 0.0
-9.22396676e-02 -6.76396168e-02 0.0
-8.54762353e-02 -6.92975927e-02 0.0
-7.84777092e-02 -7.02848433e-02 0.0
-7.13013735e-02 -7.05527337e-02 0.0
-6.40109008e-02 -7.00568364e-02 0.0
-5.66768878e-02 -6.87583379e-02 0.0
-4.93772828e-02 -6.66259159e-02 0.0
-4.21979747e-02 -6.36379723e-02 0.0
-3.52331158e-02 -5.97855040e-02 0.0
-2.85853610e-02 -5.50754900e-02 0.0
-2.23654435e-02 -4.95349599e-02 0.0
-1.66911573e-02 -4.32154810e-02 0.0
-1.16850465e-02 -3.61979394e-02 0.0
-7.47087264e-03 -2.85970368e-02 0.0
-4.16827703e-03 -2.05649633e-02 0.0
-1.88604130e-03 -1.22933690e-02 0.0
-5.06334875e-04 -4.01292787e-03 0.0
-1.33003194e-04 6.21928693e-03 0.0
-1.19187661e-03 1.74991366e-02 0.0
-3.54642378e-03 2.76009417e-02 0.0
-6.83056008e-03 3.65316752e-02 0.0
-1.09005021e-02 4.43210223e-02 0.0
-1.56281789e-02 5.10148397e-02 0.0
-2.09002117e-02 5.66695843e-02 0.0
-2.66161979e-02 6.13478647e-02 0.0
-3.26870102e-02 6.51149920e-02 0.0
-3.90329507e-02 6.80364926e-02 0.0
-4.55823054e-02 7.01762886e-02 0.0
-5.22699810e-02 7.15954968e-02 0.0
-5.90366021e-02 7.23515550e-02 0.0
-6.58276634e-02 7.24977233e-02 0.0
-7.25930401e-02 7.20827206e-02 0.0
-7.92864557e-02 7.11506365e-02 0.0
-8.58651947e-02 6.97408968e-02 0.0
-9.22897054e-02 6.78884744e-02 0.0
-9.85233788e-02 6.56241133e-02 0.0
-1.04532201e-01 6.29747768e-02 0.0
-1.10284551e-01 5.99640640e-02 0.0
-1.15750893e-01 5.66128219e-02 0.0
-1.20903601e-01 5.29396728e-02 0.0
-1.25716703e-01 4.89617019e-02 0.0
-1.30165757e-01 4.46950107e-02 0.0
-1.34227673e-01 4.01553997e-02 0.0
-1.37880658e-01 3.53588784e-02 0.0
-1.41104121e-01 3.03222852e-02 0.0
-1.43878696e-01 2.50637086e-02 0.0
-1.46186240e-01 1.96030102e-02 0.0
-1.48009920e-01 1.39621354e-02 0.0
-1.49334310e-01 8.16552319e-03 0.0
-1.50145541e-01 2.24029815e-03 0.0
-1.50431471e-01 -3.78343733e-03 0.0
-1.50181896e-01 -9.87253104e-03 0.0
-1.49388792e-01 -1.59906079e-02 0.0
-1.48046565e-01 -2.20981170e-02 0.0
-1.46152349e-01 -2.81522779e-02 0.0
-1.43706278e-01 -3.41072466e-02 0.0
-1.40711822e-01 -3.99141826e-02 0.0
-1.37176061e-01 -4.55215310e-02 0.0
-1.33110029e-01 -5.08752107e-02 0.0
-1.28528968e-01 -5.59190101e-02 0.0
-1.23452658e-01 -6.05948916e-02 0.0
-1.17905632e-01 -6.48434954e-02 0.0
-1.11917474e-01 -6.86045562e-02 0.0
-1.05523004e-01 -7.18175128e-02 0.0
-9.87625657e-02 -7.44220457e-02 0.0
-9.16822140e-02 -7.63588150e-02 0.0
-8.43340645e-02 -7.75701707e-02 0.0
-7.67765730e-02 -7.80011136e-02 0.0
-6.90750577e-02 -7.76003325e-02 0.0
-6.13021853e-02 -7.63216215e-02 0.0
-5.35387492e-02 -7.41255761e-02 0.0
-4.58743786e-02 -7.09819004e-02 0.0
-3.84084410e-02 -6.68722908e-02 0.0
-3.12506169e-02 -6.17942078e-02 0.0
-2.45212414e-02 -5.57654699e-02 0.0
-1.83506524e-02 -4.88297885e-02 0.0
-1.28774461e-02 -4.10629008e-02 0.0
-8.24473458e-03 -3.25789203e-02 0.0
-4.59438612e-03 -2.35359932e-02 0.0
-2.05869391e-03 -1.41402442e-02 0.0
-5.42591160e-04 -4.64673129e-03 0.0
-1.47307137e-04 6.91192120e-03 0.0
-1.25877363e-03 1.93891745e-02 0.0
-3.70962635e-03 3.05163273e-02 0.0
-7.12633266e-03 4.03171641e-02 0.0
-1.13591789e-02 4.88383636e-02 0.0
-1.62757978e-02 5.61418442e-02 0.0
-2.17596080e-02 6.22984826e-02 0.0
-2.77078656e-02 6.73832779e-02 0.0
-3.40293429e-02 7.14719456e-02 0.0
-4.06423742e-02 7.46385956e-02 0.0
-4.74730423e-02 7.69543021e-02 0.0
-5.44539568e-02 7.84861743e-02 0.0
-6.15232026e-02 7.92968540e-02 0.0
-6.86237633e-02 7.94441625e-02 0.0
-7.57029602e-02 7.89809793e-02 0.0
-8.27121879e-02 7.79551517e-02 0.0
-8.96065378e-02 7.64096085e-02 0.0
-9.63446048e-02 7.43824838e-02 0.0
-1.02888134e-01 7.19074563e-02 0.0
-1.09201806e-01 6.90140828e-02 0.0
-1.15252876e-01 6.57283401e-02 0.0
-1.21010947e-01 6.20731242e-02 0.0
-1.26447626e-01 5.80689272e-02 0.0
-1.31536323e-01 5.37344203e-02 0.0
-1.36251978e-01 4.90871792e-02 0.0
-1.40570917e-01 4.41442674e-02 0.0
-1.44470669e-01 3.89229320e-02 0.0
-1.47929911e-01 3.34411236e-02 0.0
-1.50928388e-01 2.77181110e-02 0.0
-1.53446945e-01 2.17748984e-02 0.0
-1.55467559e-01 1.56347325e-02 0.0
-1.56973451e-01 9.32340022e-03 0.0
-1.57949222e-01 2.86961527e-03 0.0
-1.58381048e-01 -3.69480754e-03 0.0
-1.58256902e-01 -1.03346906e-02 0.0
-1.57566819e-01 -1.70114449e-02 0.0
-1.56303201e-01 -2.36829358e-02 0.0
-1.54461128e-01 -3.03035622e-02 0.0
-1.52038723e-01 -3.68242536e-02 0.0
-1.49037493e-01 -4.31926802e-02 0.0
-1.45462725e-01 -4.93533850e-02 0.0
-1.41323814e-01 -5.52481249e-02 0.0
-1.36634665e-01 -6.08161365e-02 0.0
-1.31413971e-01 -6.59946029e-02 0.0
-1.25685579e-01 -7.07190422e-02 0.0
-1.19478706e-01 -7.49238840e-02 0.0
-1.12828247e-01 -7.85429651e-02 0.0
-1.05774936e-01 -8.15101985e-02 0.0
-9.83656401e-02 -8.37601724e-02 0.0
-9.06535422e-02 -8.52289294e-02 0.0
-8.26985368e-02 -8.58547283e-02 0.0
-7.45675923e-02 -8.55790606e-02 0.0
-6.63354486e-02 -8.43478007e-02 0.0
-5.80853628e-02 -8.21128170e-02 0.0
-4.99102654e-02 -7.88340345e-02 0.0
-4.19139274e-02 -7.44823466e-02 0.0
-3.42123639e-02 -6.90434633e-02 0.0
-2.69348083e-02 -6.25230769e-02 0.0
-2.02241733e-02 -5.49533466e-02 0.0
-1.42359334e-02 -4.64007380e-02 0.0
-9.13503218e-03 -3.69746550e-02 0.0
-5.08961570e-03 -2.68359907e-02 0.0
-2.26152647e-03 -1.62040054e-02 0.0
-5.85633304e-04 -5.35971086e-03 0.0
-1.61166692e-04 7.63275294e-03 0.0
-1.32315678e-03 2.13541677e-02 0.0
-3.86605704e-03 3.35451106e-02 0.0
-7.40895557e-03 4.42480196e-02 0.0
-1.17970137e-02 5.35284549e-02 0.0
-1.68945554e-02 6.14659661e-02 0.0
-2.25831405e-02 6.81468169e-02 0.0
-2.87587035e-02 7.36588350e-02 0.0
-3.53288475e-02 7.80880886e-02 0.0
-4.22102980e-02 8.15170229e-02 0.0
-4.93271322e-02 8.40234732e-02 0.0
-5.66093773e-02 8.56802679e-02 0.0
-6.39922855e-02 8.65550269e-02 0.0
-7.14157515e-02 8.67101372e-02 0.0
-7.88241184e-02 8.62026962e-02 0.0
-8.61658939e-02 8.50845734e-02 0.0
-9.33936556e-02 8.34024402e-02 0.0
-1.00463760e-01 8.11979724e-02 0.0
-1.07336165e-01 7.85080562e-02 0.0
-1.13974053e-01 7.53652040e-02 0.0
-1.20343567e-01 7.17979690e-02 0.0
-1.26413389e-01 6.78315601e-02 0.0
-1.32154457e-01 6.34884135e-02 0.0
-1.37539573e-01 5.87889273e-02 0.0
-1.42543160e-01 5.37520981e-02 0.0
-1.47140965e-01 4.83962801e-02 0.0
-1.51309902e-01 4.27397988e-02 0.0
-1.55027870e-01 3.68016599e-02 0.0
-1.58273703e-01 3.06020800e-02 0.0
-1.61027119e-01 2.41630988e-02 0.0
-1.63268772e-01 1.75089963e-02 0.0
-1.64980331e-01 1.06667862e-02 0.0
-1.66144639e-01 3.66650711e-03 0.0
-1.66745904e-01 -3.45841096e-03 0.0
-1.66769953e-01 -1.06709859e-02 0.0
-1.66204539e-01 -1.79304495e-02 0.0
-1.65039671e-01 -2.51922221e-02 0.0
-1.63268010e-01 -3.24078178e-02 0.0
-1.60885261e-01 -3.95249616e-02 0.0
-1.57890631e-01 -4.64876444e-02 0.0
-1.54287246e-01 -5.32363905e-02 0.0
-1.50082627e-01 -5.97084685e-02 0.0
-1.45289083e-01 -6.58383108e-02 0.0
-1.39924157e-01 -7.15578769e-02 0.0
-1.34010941e-01 -7.67972098e-02 0.0
-1.27578441e-01 -8.14849284e-02 0.0
-1.20661781e-01 -8.55488852e-02 0.0
-1.13302476e-01 -8.89167463e-02 0.0
-1.05548545e-01 -9.15167082e-02 0.0
-9.74547675e-02 -9.32781345e-02 0.0
-8.90828324e-02 -9.41323353e-02 0.0
-8.05017818e-02 -9.40133284e-02 0.0
-7.17884893e-02 -9.28588559e-02 0.0
-6.30286221e-02 -9.06116104e-02 0.0
-5.43178106e-02 -8.72210529e-02 0.0
-4.57634289e-02 -8.26459603e-02 0.0
-3.74865338e-02 -7.68582286e-02 0.0
-2.96241046e-02 -6.98482263e-02 0.0
-2.23306639e-02 -6.16322110e-02 0.0
-1.57788368e-02 -5.22618889e-02 0.0
-1.01572451e-02 -4.18359537e-02 0.0
-5.66481427e-03 -3.05125063e-02 0.0
-2.49992897e-03 -1.85204400e-02 0.0
-6.36872767e-04 -6.16684287e-03 0.0
-1.74514774e-04 8.38083873e-03 0.0
-1.38474252e-03 2.33907132e-02 0.0
-4.01447173e-03 3.66812197e-02 0.0
-7.67561073e-03 4.83159821e-02 0.0
-1.22090322e-02 5.83820165e-02 0.0
-1.74774179e-02 6.69783853e-02 0.0
-2.33620825e-02 7.42077112e-02 0.0
-2.97592311e-02 8.01707245e-02 0.0
-3.65761953e-02 8.49633893e-02 0.0
-4.37286476e-02 8.86757153e-02 0.0
-5.11385184e-02 9.13915857e-02 0.0
-5.87329465e-02 9.31889363e-02 0.0
-6.64436304e-02 9.41400673e-02 0.0
-7.42067543e-02 9.43118106e-02 0.0
-8.19628937e-02 9.37656615e-02 0.0
-8.96571380e-02 9.25577671e-02 0.0
-9.72389727e-02 9.07389899e-02 0.0
-1.04662234e-01 8.83549417e-02 0.0
-1.11884790e-01 8.54462070e-02 0.0
-1.18868280e-01 8.20485967e-02 0.0
-1.25577645e-01 7.81936273e-02 0.0
-1.31980759e-01 7.39090146e-02 0.0
-1.38047916e-01 6.92193653e-02 0.0
-1.43751466e-01 6.41468267e-02 0.0
-1.49065375e-01 5.87118845e-02 0.0
-1.53964940e-01 5.29340562e-02 0.0
-1.58426472e-01 4.68326887e-02 0.0
-1.62427141e-01 4.04276057e-02 0.0
-1.65944806e-01 3.37398328e-02 0.0
-1.68957986e-01 2.67921442e-02 0.0
-1.71445855e-01 1.96096767e-02 0.0
-1.73388338e-01 1.22203527e-02 0.0
-1.74766251e-01 4.65536623e-03 0.0
-1.75561526e-01 -3.05052577e-03 0.0
-1.75757491e-01 -1.08586529e-02 0.0
-1.75339206e-01 -1.87262791e-02 0.0
-1.74293870e-01 -2.66063955e-02 0.0
-1.72611258e-01 -3.44477189e-02 0.0
-1.70284228e-01 -4.21946437e-02 0.0
-1.67309220e-01 -4.97874060e-02 0.0
-1.63686832e-01 -5.71622130e-02 0.0
-1.59422323e-01 -6.42515878e-02 0.0
-1.54526192e-01 -7.09846856e-02 0.0
-1.49014624e-01 -7.72878191e-02 0.0
-1.42909987e-01 -8.30849502e-02 0.0
-1.36241145e-01 -8.82983640e-02 0.0
-1.29043809e-01 -9.28492869e-02 0.0
-1.21360665e-01 -9.66586392e-02 0.0
-1.13241572e-01 -9.96476928e-02 0.0
-1.04743548e-01 -1.01738812e-01 0.0
-9.59309375e-02 -1.02856072e-01 0.0
-8.68754920e-02 -1.02925963e-01 0.0
-7.76568515e-02 -1.01878039e-01 0.0
-6.83632075e-02 -9.96458304e-02 0.0
-5.90926959e-02 -9.61680569e-02 0.0
-4.99552874e-02 -9.13906554e-02 0.0
-4.10756387e-02 -8.52699959e-02 0.0
-3.25963771e-02 -7.77780768e-02 0.0
-2.46817697e-02 -6.89103455e-02 0.0
-1.75203792e-02 -5.86969178e-02 0.0
-1.13255268e-02 -4.72173251e-02 0.0
-6.33095528e-03 -3.46181025e-02 0.0
-2.77988027e-03 -2.11307799e-02 0.0
-6.97856557e-04 -7.08606742e-03 0.0
-1.87409394e-04 9.15522335e-03 0.0
-1.44313319e-03 2.54947514e-02 0.0
-4.15308533e-03 3.99168878e-02 0.0
-7.92183008e-03 5.25102335e-02 0.0
-1.25874823e-02 6.33868837e-02 0.0
-1.80133039e-02 7.26677811e-02 0.0
-2.40829355e-02 8.04726763e-02 0.0
-3.06947017e-02 8.69147491e-02 0.0
-3.77569339e-02 9.20986448e-02 0.0
-4.51844940e-02 9.61205657e-02 0.0
-5.28969607e-02 9.90691747e-02 0.0
-6.08177354e-02 1.01026661e-01 0.0
-6.88740939e-02 1.02069504e-01 0.0
-7.69974024e-02 1.02268935e-01 0.0
-8.51236286e-02 1.01691038e-01 0.0
-9.31935775e-02 1.00396727e-01 0.0
-1.01153138e-01 9.84415760e-02 0.0
-1.08953149e-01 9.58757856e-02 0.0
-1.16549240e-01 9.27441731e-02 0.0
-1.23901362e-01 8.90864119e-02 0.0
-1.30973356e-01 8.49373481e-02 0.0
-1.37732333e-01 8.03275660e-02 0.0
-1.44148160e-01 7.52839840e-02 0.0
-1.50192855e-01 6.98306438e-02 0.0
-1.55840137e-01 6.39894532e-02 0.0
-1.61064945e-01 5.77810584e-02 0.0
-1.65843127e-01 5.12256026e-02 0.0
-1.70151130e-01 4.43435679e-02 0.0
-1.73965852e-01 3.71564623e-02 0.0
-1.77264513e-01 2.96875651e-02 0.0
-1.80024677e-01 2.19624977e-02 0.0
-1.82224297e-01 1.40098447e-02 0.0
-1.83841891e-01 5.86159204e-03 0.0
-1.84856770e-01 -2.44638732e-03 0.0
-1.85249352e-01 -1.08740352e-02 0.0
-1.85001560e-01 -1.93767668e-02 0.0
-1.84097272e-01 -2.79053250e-02 0.0
-1.82522869e-01 -3.64056011e-02 0.0
-1.80267795e-01 -4.48186631e-02 0.0
-1.77325224e-01 -5.30807670e-02 0.0
-1.73692682e-01 -6.11235875e-02 0.0
-1.69372765e-01 -6.88744479e-02 0.0
-1.64373760e-01 -7.62567755e-02 0.0
-1.58710313e-01 -8.31905629e-02 0.0
-1.52403940e-01 -8.95930410e-02 0.0
-1.45483543e-01 -9.53793425e-02 0.0
-1.37985691e-01 -1.00463332e-01 0.0
-1.29954893e-01 -1.04758378e-01 0.0
-1.21443583e-01 -1.08178206e-01 0.0
-1.12512141e-01 -1.10637621e-01 0.0
-1.03228669e-01 -1.12053210e-01 0.0
-9.36689683e-02 -1.12343844e-01 0.0
-8.39164956e-02 -1.11431150e-01 0.0
-7.40628868e-02 -1.09239861e-01 0.0
-6.42089299e-02 -1.05698393e-01 0.0
-5.44666902e-02 -1.00739875e-01 0.0
-4.49626712e-02 -9.43043597e-02 0.0
-3.58425624e-02 -8.63430093e-02 0.0
-2.72769275e-02 -7.68255901e-02 0.0
-1.94673579e-02 -6.57525784e-02 0.0
-1.26507002e-02 -5.31731288e-02 0.0
-7.09860777e-03 -3.92089277e-02 0.0
-3.10786333e-03 -2.40817484e-02 0.0
-7.70526303e-04 -8.13881227e-03 0.0
-1.99900156e-04 9.95506263e-03 0.0
-1.49797663e-03 2.76612519e-02 0.0
-4.27925588e-03 4.32416450e-02 0.0
-8.14088370e-03 5.68158848e-02 0.0
-1.29204513e-02 6.85264990e-02 0.0
-1.84855682e-02 7.85191606e-02 0.0
-2.47256221e-02 8.69310490e-02 0.0
-3.15436906e-02 9.38862873e-02 0.0
-3.88502098e-02 9.94959444e-02 0.0
-4.65593884e-02 1.03860100e-01 0.0
-5.45875577e-02 1.07070381e-01 0.0
-6.28532205e-02 1.09212006e-01 0.0
-7.12776926e-02 1.10365113e-01 0.0
-7.97862347e-02 1.10605307e-01 0.0
-8.83089149e-02 1.10003712e-01 0.0
-9.67814052e-02 1.08626639e-01 0.0
-1.05145248e-01 1.06535221e-01 0.0
-1.13347962e-01 1.03785026e-01 0.0
-1.21342682e-01 1.00425912e-01 0.0
-1.29087740e-01 9.65020254e-02 0.0
-1.36545937e-01 9.20521062e-02 0.0
-1.43683893e-01 8.71099270e-02 0.0
-1.50471243e-01 8.17049906e-02 0.0
-1.56879983e-01 7.58632676e-02 0.0
-1.62883780e-01 6.96081079e-02 0.0
-1.68457462e-01 6.29610970e-02 0.0
-1.73576520e-01 5.59430110e-02 0.0
-1.78216799e-01 4.85746505e-02 0.0
-1.82354217e-01 4.08777303e-02 0.0
-1.85964658e-01 3.28756127e-02 0.0
-1.89023910e-01 2.45940798e-02 0.0
-1.91507748e-01 1.60619360e-02 0.0
-1.93392083e-01 7.31164571e-03 0.0
-1.94653226e-01 -1.62020400e-03 0.0
-1.95268240e-01 -1.06924082e-02 0.0
-1.95215382e-01 -1.98588309e-02 0.0
-1.94474651e-01 -2.90680690e-02 0.0
-1.93028391e-01 -3.82633118e-02 0.0
-1.90862013e-01 -4.73821972e-02 0.0
-1.87964731e-01 -5.63568826e-02 0.0
-1.84330407e-01 -6.51141390e-02 0.0
-1.79958345e-01 -7.35756794e-02 0.0
-1.74854171e-01 -8.16585323e-02 0.0
-1.69030581e-01 -8.92756575e-02 0.0
-1.62508111e-01 -9.63366097e-02 0.0
-1.55315686e-01 -1.02748421e-01 0.0
-1.47491130e-01 -1.08416494e-01 0.0
-1.39081341e-01 -1.13245641e-01 0.0
-1.30142404e-01 -1.17141035e-01 0.0
-1.20739318e-01 -1.20009175e-01 0.0
-1.10945694e-01 -1.21758613e-01 0.0
-1.00843183e-01 -1.22300523e-01 0.0
-9.05211108e-02 -1.21548895e-01 0.0
-8.00762290e-02 -1.19420493e-01 0.0
-6.96132968e-02 -1.15834545e-01 0.0
-5.92465929e-02 -1.10712570e-01 0.0
-4.91033318e-02 -1.03978859e-01 0.0
-3.93291189e-02 -9.55627553e-02 0.0
-3.00961701e-02 -8.54043615e-02 0.0
-2.16134066e-02 -7.34660832e-02 0.0
-1.41369659e-02 -5.97526763e-02 0.0
-7.97647806e-03 -4.43419239e-02 0.0
-3.49081760e-03 -2.74251315e-02 0.0
-8.57117062e-04 -9.35068828e-03 0.0
-2.12347226e-04 1.07799194e-02 0.0
-1.54897665e-03 2.98837216e-02 0.0
-4.38911834e-03 4.66406224e-02 0.0
-8.32223020e-03 6.12116844e-02 0.0
-1.31897272e-02 7.37778112e-02 0.0
-1.88692751e-02 8.45125713e-02 0.0
-2.52611254e-02 9.35696101e-02 0.0
-3.22760174e-02 1.01080765e-01 0.0
-3.98275737e-02 1.07159630e-01 0.0
-4.78286238e-02 1.11906741e-01 0.0
-5.61907778e-02 1.15414170e-01 0.0
-6.48255263e-02 1.17768745e-01 0.0
-7.36462915e-02 1.19053736e-01 0.0
-8.25703114e-02 1.19349380e-01 0.0
-9.15203839e-02 1.18732533e-01 0.0
-1.00425881e-01 1.17275955e-01 0.0
-1.09223396e-01 1.15047420e-01 0.0
-1.17856688e-01 1.12108999e-01 0.0
-1.26276395e-01 1.08516539e-01 0.0
-1.34439276e-01 1.04319516e-01 0.0
-1.42307426e-01 9.95611467e-02 0.0
-1.49847256e-01 9.42788623e-02 0.0
-1.57028600e-01 8.85049436e-02 0.0
-1.63823754e-01 8.22674086e-02 0.0
-1.70206716e-01 7.55909298e-02 0.0
-1.76152441e-01 6.84978891e-02 0.0
-1.81636313e-01 6.10093597e-02 0.0
-1.86633669e-01 5.31461509e-02 0.0
-1.91119526e-01 4.49297200e-02 0.0
-1.95068359e-01 3.63831147e-02 0.0
-1.98454068e-01 2.75317580e-02 0.0
-2.01250009e-01 1.84042559e-02 0.0
-2.03429169e-01 9.03304175e-03 0.0
-2.04964450e-01 -5.44957181e-04 0.0
-2.05829051e-01 -1.02878203e-02 0.0
-2.05996992e-01 -2.01481188e-02 0.0
-2.05443709e-01 -3.00725791e-02 0.0
-2.04146807e-01 -4.00017507e-02 0.0
-2.02086857e-01 -4.98698754e-02 0.0
-1.99248343e-01 -5.96047924e-02 0.0
-1.95620614e-01 -6.91280784e-02 0.0
-1.91198957e-01 -7.83552597e-02 0.0
-1.85985598e-01 -8.71962897e-02 0.0
-1.79990772e-01 -9.55561267e-02 0.0
-1.73233613e-01 -1.03335586e-01 0.0
-1.65743021e-01 -1.10432283e-01 0.0
-1.57558222e-01 -1.16741817e-01 0.0
-1.48729201e-01 -1.22158964e-01 0.0
-1.39316698e-01 -1.26578995e-01 0.0
-1.29392007e-01 -1.29898843e-01 0.0
-1.19036280e-01 -1.32018153e-01 0.0
-1.08339702e-01 -1.32839938e-01 0.0
-9.74003198e-02 -1.32270807e-01 0.0
-8.63231420e-02 -1.30220525e-01 0.0
-7.52195175e-02 -1.26600963e-01 0.0
-6.42078307e-02 -1.21324446e-01 0.0
-5.34159552e-02 -1.14302032e-01 0.0
-4.29869984e-02 -1.05442674e-01 0.0
-3.30890319e-02 -9.46552899e-02 0.0
-2.39299008e-02 -8.18569919e-02 0.0
-1.57756792e-02 -6.69923822e-02 0.0
-8.96881328e-03 -5.00695349e-02 0.0
-3.93562398e-03 -3.12163434e-02 0.0
-9.60492776e-04 -1.07524071e-02 0.0
-2.25413034e-04 1.16303815e-02 0.0
-1.59596536e-03 3.21531534e-02 0.0
-4.47613831e-03 5.00915326e-02 0.0
-8.44862982e-03 6.56664151e-02 0.0
-1.33665783e-02 7.91085746e-02 0.0
-1.91270873e-02 9.06219234e-02 0.0
-2.56478460e-02 1.00372936e-01 0.0
-3.28504571e-02 1.08495021e-01 0.0
-4.06516702e-02 1.15098233e-01 0.0
-4.89611731e-02 1.20278790e-01 0.0
-5.76829465e-02 1.24126158e-01 0.0
-6.67185877e-02 1.26727264e-01 0.0
-7.59707847e-02 1.28168306e-01 0.0
-8.53466020e-02 1.28534783e-01 0.0
-9.47597816e-02 1.27910526e-01 0.0
-1.04132362e-01 1.26376192e-01 0.0
-1.13395264e-01 1.24007760e-01 0.0
-1.22488353e-01 1.20875207e-01 0.0
-1.31359781e-01 1.17041641e-01 0.0
-1.39965128e-01 1.12562823e-01 0.0
-1.48266161e-01 1.07487211e-01 0.0
-1.56229669e-01 1.01856328e-01 0.0
-1.63826161e-01 9.57055129e-02 0.0
-1.71028792e-01 8.90648273e-02 0.0
-1.77812289e-01 8.19601776e-02 0.0
-1.84152146e-01 7.44144340e-02 0.0
-1.90023883e-01 6.64486389e-02 0.0
-1.95402552e-01 5.80831148e-02 0.0
-2.00262318e-01 4.93385983e-02 0.0
-2.04576257e-01 4.02372307e-02 0.0
-2.08316238e-01 3.08035555e-02 0.0
-2.11452980e-01 2.10653637e-02 0.0
-2.13956208e-01 1.10545474e-02 0.0
-2.15794968e-01 8.07801423e-04 0.0
-2.16938056e-01 -9.63266692e-03 0.0
-2.17354580e-01 -2.02185861e-02 0.0
-2.17014681e-01 -3.08950741e-02 0.0
-2.15890348e-01 -4.16002731e-02 0.0
-2.13956414e-01 -5.22650220e-02 0.0
-2.11191614e-01 -6.28127489e-02 0.0
-2.07579806e-01 -7.31594506e-02 0.0
-2.03111207e-01 -8.32139407e-02 0.0
-1.97783739e-01 -9.28782379e-02 0.0
-1.91604284e-01 -1.02048265e-01 0.0
-1.84589982e-01 -1.10614722e-01 0.0
-1.76769264e-01 -1.18464274e-01 0.0
-1.68182819e-01 -1.25480896e-01 0.0
-1.58884101e-01 -1.31547455e-01 0.0
-1.48939615e-01 -1.36547333e-01 0.0
-1.38428577e-01 -1.40366082e-01 0.0
-1.27442223e-01 -1.42892851e-01 0.0
-1.16082428e-01 -1.44021478e-01 0.0
-1.04460047e-01 -1.43650903e-01 0.0
-9.26928017e-02 -1.41684734e-01 0.0
-8.09034748e-02 -1.38029596e-01 0.0
-6.92186839e-02 -1.32592190e-01 0.0
-5.77697225e-02 -1.25275035e-01 0.0
-4.66966717e-02 -1.15971599e-01 0.0
-3.61584488e-02 -1.04562485e-01 0.0
-2.63508248e-02 -9.09164923e-02 0.0
-1.75344068e-02 -7.49034732e-02 0.0
-1.00696775e-02 -5.64300012e-02 0.0
-4.44797873e-03 -3.55107384e-02 0.0
-1.08410542e-03 -1.23810053e-02 0.0
-2.40546000e-04 1.25091443e-02 0.0
-1.63819874e-03 3.44554109e-02 0.0
-4.52769890e-03 5.35589754e-02 0.0
-8.48961834e-03 7.01334217e-02 0.0
-1.34043561e-02 8.44743030e-02 0.0
-1.92024286e-02 9.68148365e-02 0.0
-2.58269511e-02 1.07325375e-01 0.0
-3.32121222e-02 1.16130445e-01 0.0
-4.12758429e-02 1.23327833e-01 0.0
-4.99205496e-02 1.29003500e-01 0.0
-5.90382359e-02 1.33241017e-01 0.0
-6.85163594e-02 1.36126290e-01 0.0
-7.82435616e-02 1.37748808e-01 0.0
-8.81140516e-02 1.38200726e-01 0.0
-9.80308583e-02 1.37574716e-01 0.0
-1.07907561e-01 1.35961441e-01 0.0
-1.17669072e-01 1.33447086e-01 0.0
-1.27251313e-01 1.30111380e-01 0.0
-1.36600404e-01 1.26026165e-01 0.0
-1.45671255e-01 1.21254680e-01 0.0
-1.54426082e-01 1.15851405e-01 0.0
-1.62832722e-01 1.09862480e-01 0.0
-1.70863144e-01 1.03326477e-01 0.0
-1.78491959e-01 9.62755149e-02 0.0
-1.85695244e-01 8.87364821e-02 0.0
-1.92449455e-01 8.07324122e-02 0.0
-1.98730643e-01 7.22838040e-02 0.0
-2.04513777e-01 6.34099741e-02 0.0
-2.09772332e-01 5.41302824e-02 0.0
-2.14477968e-01 4.44653476e-02 0.0
-2.18600438e-01 3.44381159e-02 0.0
-2.22107587e-01 2.40749209e-02 0.0
-2.24965541e-01 1.34064008e-02 0.0
-2.27139021e-01 2.46841532e-03 0.0
-2.28591813e-01 -8.69717555e-03 0.0
-2.29287403e-01 -2.00417379e-02 0.0
-2.29189759e-01 -3.15092425e-02 0.0
-2.28264300e-01 -4.30356756e-02 0.0
-2.26478994e-01 -5.45486408e-02 0.0
-2.23805665e-01 -6.59670452e-02 0.0
-2.20221377e-01 -7.72010379e-02 0.0
-2.15710019e-01 -8.81521049e-02 0.0
-2.10263873e-01 -9.87134868e-02 0.0
-2.03885322e-01 -1.08770825e-01 0.0
-1.96588409e-01 -1.18203188e-01 0.0
-1.88400388e-01 -1.26884362e-01 0.0
-1.79362940e-01 -1.34684524e-01 0.0
-1.69533182e-01 -1.41472133e-01 0.0
-1.58984082e-01 -1.47116077e-01 0.0
-1.47804457e-01 -1.51487846e-01 0.0
-1.36098110e-01 -1.54463641e-01 0.0
-1.23982382e-01 -1.55926073e-01 0.0
-1.11585722e-01 -1.55765219e-01 0.0
-9.90447437e-02 -1.53878522e-01 0.0
-8.65006238e-02 -1.50169144e-01 0.0
-7.40958117e-02 -1.44542145e-01 0.0
-6.19716898e-02 -1.36898073e-01 0.0
-5.02695257e-02 -1.27123696e-01 0.0
-3.91374385e-02 -1.15080628e-01 0.0
-2.87486645e-02 -1.00594688e-01 0.0
-1.93366354e-02 -8.34536751e-02 0.0
-1.12513176e-02 -6.34298083e-02 0.0
-5.02900208e-03 -4.03549179e-02 0.0
-1.23228995e-03 -1.42813132e-02 0.0
-2.59849522e-04 1.34224563e-02 0.0
-1.67146430e-03 3.67642936e-02 0.0
-4.51559308e-03 5.69837496e-02 0.0
-8.38799599e-03 7.45430085e-02 0.0
-1.32248735e-02 8.98163814e-02 0.0
-1.90094544e-02 1.03055472e-01 0.0
-2.57165933e-02 1.14416472e-01 0.0
-3.32910185e-02 1.23999026e-01 0.0
-4.16455000e-02 1.31877547e-01 0.0
-5.06682696e-02 1.38121365e-01 0.0
-6.02327909e-02 1.42805473e-01 0.0
-7.02073033e-02 1.46014592e-01 0.0
-8.04624514e-02 1.47842988e-01 0.0
-9.08770968e-02 1.48391822e-01 0.0
-1.01341920e-01 1.47765399e-01 0.0
-1.11761466e-01 1.46067163e-01 0.0
-1.22054532e-01 1.43396107e-01 0.0
-1.32153648e-01 1.39843889e-01 0.0
-1.42003594e-01 1.35492873e-01 0.0
-1.51559632e-01 1.30415047e-01 0.0
-1.60785370e-01 1.24671796e-01 0.0
-1.69650760e-01 1.18314318e-01 0.0
-1.78130085e-01 1.11384590e-01 0.0
-1.86200291e-01 1.03916631e-01 0.0
-1.93839444e-01 9.59380171e-02 0.0
-2.01025567e-01 8.74714286e-02 0.0
-2.07735626e-01 7.85362560e-02 0.0
-2.13944843e-01 6.91500978e-02 0.0
-2.19626137e-01 5.93302332e-02 0.0
-2.24749824e-01 4.90949483e-02 0.0
-2.29283436e-01 3.84648266e-02 0.0
-2.33191748e-01 2.74639012e-02 0.0
-2.36436931e-01 1.61207885e-02 0.0
-2.38978893e-01 4.46969969e-03 0.0
-2.40775779e-01 -7.44855295e-03 0.0
-2.41784647e-01 -1.95856736e-02 0.0
-2.41962353e-01 -3.18850190e-02 0.0
-2.41266600e-01 -4.42808874e-02 0.0
-2.39657240e-01 -5.66978741e-02 0.0
-2.37097721e-01 -6.90504414e-02 0.0
-2.33556800e-01 -8.12426365e-02 0.0
-2.29010341e-01 -9.31681142e-02 0.0
-2.23443353e-01 -1.04710408e-01 0.0
-2.16852002e-01 -1.15743607e-01 0.0
-2.09245752e-01 -1.26133377e-01 0.0
-2.00649298e-01 -1.35738460e-01 0.0
-1.91104432e-01 -1.44412560e-01 0.0
-1.80671425e-01 -1.52006689e-01 0.0
-1.69430067e-01 -1.58371814e-01 0.0
-1.57479875e-01 -1.63361769e-01 0.0
-1.44939639e-01 -1.66836152e-01 0.0
-1.31945786e-01 -1.68663002e-01 0.0
-1.18649816e-01 -1.68720790e-01 0.0
-1.05214346e-01 -1.66899277e-01 0.0
-9.18082516e-02 -1.63098492e-01 0.0
-7.86007443e-02 -1.57225014e-01 0.0
-6.57555725e-02 -1.49184405e-01 0.0
-5.34264951e-02 -1.38868523e-01 0.0
-4.17578345e-02 -1.26136478e-01 0.0
-3.08961601e-02 -1.10789226e-01 0.0
-2.10250483e-02 -9.25422282e-02 0.0
-1.24386788e-02 -7.10129036e-02 0.0
-5.66613742e-03 -4.57666520e-02 0.0
-1.40940703e-03 -1.65068721e-02 0.0
-2.84715671e-04 1.43800585e-02 0.0
-1.67678443e-03 3.90234235e-02 0.0
-4.37196845e-03 6.02639604e-02 0.0
-8.03147101e-03 7.87947425e-02 0.0
-1.26955530e-02 9.50656570e-02 0.0
-1.84192658e-02 1.09314551e-01 0.0
-2.52073311e-02 1.21652669e-01 0.0
-3.30038698e-02 1.32133876e-01 0.0
-4.17042084e-02 1.40797610e-01 0.0
-5.11716141e-02 1.47691581e-01 0.0
-6.12530975e-02 1.52881375e-01 0.0
-7.17919675e-02 1.56452196e-01 0.0
-8.26373904e-02 1.58506087e-01 0.0
-9.36507537e-02 1.59156873e-01 0.0
-1.04709669e-01 1.58524237e-01 0.0
-1.15709610e-01 1.56727970e-01 0.0
-1.26564043e-01 1.53882965e-01 0.0
-1.37203103e-01 1.50095382e-01 0.0
-1.47571632e-01 1.45460035e-01 0.0
-1.57626561e-01 1.40059041e-01 0.0
-1.67334330e-01 1.33961502e-01 0.0
-1.76668202e-01 1.27224075e-01 0.0
-1.85605972e-01 1.19892133e-01 0.0
-1.94127820e-01 1.12001354e-01 0.0
-2.02214654e-01 1.03579497e-01 0.0
-2.09846649e-01 9.46482874e-02 0.0
-2.17002214e-01 8.52252445e-02 0.0
-2.23657124e-01 7.53254625e-02 0.0
-2.29783979e-01 6.49632468e-02 0.0
-2.35351802e-01 5.41536742e-02 0.0
-2.40325865e-01 4.29140085e-02 0.0
-2.44667667e-01 3.12650652e-02 0.0
-2.48335090e-01 1.92324640e-02 0.0
-2.51282733e-01 6.84786170e-03 0.0
-2.53462423e-01 -5.84990691e-03 0.0
-2.54823945e-01 -1.88136989e-02 0.0
-2.55315967e-01 -3.19870372e-02 0.0
-2.54887236e-01 -4.53031265e-02 0.0
-2.53487981e-01 -5.86840268e-02 0.0
-2.51071624e-01 -7.20399439e-02 0.0
-2.47596688e-01 -8.52687753e-02 0.0
-2.43029022e-01 -9.82558894e-02 0.0
-2.37344146e-01 -1.10874290e-01 0.0
-2.30529864e-01 -1.22985157e-01 0.0
-2.22588839e-01 -1.34438907e-01 0.0
-2.13541280e-01 -1.45076755e-01 0.0
-2.03427334e-01 -1.54732895e-01 0.0
-1.92309313e-01 -1.63237209e-01 0.0
-1.80273247e-01 -1.70418552e-01 0.0
-1.67429887e-01 -1.76108424e-01 0.0
-1.53914578e-01 -1.80144892e-01 0.0
-1.39886134e-01 -1.82376418e-01 0.0
-1.25524120e-01 -1.82665225e-01 0.0
-1.11024758e-01 -1.80889551e-01 0.0
-9.65948866e-02 -1.76944071e-01 0.0
-8.24443823e-02 -1.70737344e-01 0.0
-6.87767352e-02 -1.62184801e-01 0.0
-5.57789129e-02 -1.51194944e-01 0.0
-4.36121117e-02 -1.37645446e-01 0.0
-3.24095627e-02 -1.21344420e-01 0.0
-2.22951122e-02 -1.01972546e-01 0.0
-1.34539389e-02 -7.90100893e-02 0.0
-6.30674940e-03 -5.16891689e-02 0.0
-1.61577244e-03 -1.91159179e-02 0.0
-3.05629573e-04 1.53835706e-02 0.0
-1.58216796e-03 4.11016965e-02 0.0
-3.92896833e-03 6.32277002e-02 0.0
-7.19768471e-03 8.27592611e-02 0.0
-1.15944328e-02 1.00162019e-01 0.0
-1.72462269e-02 1.15593758e-01 0.0
-2.41636530e-02 1.29079027e-01 0.0
-3.22649745e-02 1.40605461e-01 0.0
-4.14084765e-02 1.50169959e-01 0.0
-5.14195614e-02 1.57797826e-01 0.0
-6.21106817e-02 1.63547847e-01 0.0
-7.32958589e-02 1.67509894e-01 0.0
-8.48005755e-02 1.69798661e-01 0.0
-9.64683636e-02 1.70545593e-01 0.0
-1.08164257e-01 1.69890478e-01 0.0
-1.19776063e-01 1.67973636e-01 0.0
-1.31213557e-01 1.64929393e-01 0.0
-1.42406520e-01 1.60881155e-01 0.0
-1.53301750e-01 1.55938204e-01 0.0
-1.63859828e-01 1.50194071e-01 0.0
-1.74051678e-01 1.43726287e-01 0.0
-1.83855466e-01 1.36597154e-01 0.0
-1.93253711e-01 1.28855278e-01 0.0
-2.02230958e-01 1.20537517e-01 0.0
-2.10771748e-01 1.11671176e-01 0.0
-2.18859132e-01 1.02276209e-01 0.0
-2.26473420e-01 9.23673998e-02 0.0
-2.33591340e-01 8.19563654e-02 0.0
-2.40185373e-01 7.10534639e-02 0.0
-2.46223369e-01 5.96695076e-02 0.0
-2.51668296e-01 4.78173998e-02 0.0
-2.56478215e-01 3.55136286e-02 0.0
-2.60606391e-01 2.27797354e-02 0.0
-2.64001615e-01 9.64369131e-03 0.0
-2.66608710e-01 -3.85871751e-03 0.0
-2.68369265e-01 -1.76825784e-02 0.0
-2.69222632e-01 -3.17725383e-02 0.0
-2.69107166e-01 -4.60615937e-02 0.0
-2.67961817e-01 -6.04699385e-02 0.0
-2.65727983e-01 -7.49040010e-02 0.0
-2.62351763e-01 -8.92556564e-02 0.0
-2.57786456e-01 -1.03401769e-01 0.0
-2.51995458e-01 -1.17204077e-01 0.0
-2.44955314e-01 -1.30509593e-01 0.0
-2.36659074e-01 -1.43151540e-01 0.0
-2.27119583e-01 -1.54950982e-01 0.0
-2.16372850e-01 -1.65719164e-01 0.0
-2.04480993e-01 -1.75260642e-01 0.0
-1.91534860e-01 -1.83377149e-01 0.0
-1.77655735e-01 -1.89872152e-01 0.0
-1.62996187e-01 -1.94555870e-01 0.0
-1.47739415e-01 -1.97250513e-01 0.0
-1.32097198e-01 -1.97795227e-01 0.0
-1.16305775e-01 -1.96050209e-01 0.0
-1.00619849e-01 -1.91899095e-01 0.0
-8.53040257e-02 -1.85248543e-01 0.0
-7.06218239e-02 -1.76023357e-01 0.0
-5.68213542e-02 -1.64154597e-01 0.0
-4.41177516e-02 -1.49556125e-01 0.0
-3.26729624e-02 -1.32081018e-01 0.0
-2.25815120e-02 -1.11441799e-01 0.0
-1.38945042e-02 -8.70689779e-02 0.0
-6.78104643e-03 -5.78908993e-02 0.0
-1.82725448e-03 -2.21429026e-02 0.0
-2.55821914e-04 1.63583308e-02 0.0
-1.13763590e-03 4.26986090e-02 0.0
-2.77779501e-03 6.56177757e-02 0.0
-5.45898553e-03 8.63191325e-02 0.0
-9.57012363e-03 1.05110085e-01 0.0
-1.52466331e-02 1.21974057e-01 0.0
-2.24441437e-02 1.36813737e-01 0.0
-3.10150728e-02 1.49543086e-01 0.0
-4.07586663e-02 1.60119524e-01 0.0
-5.14514983e-02 1.68552283e-01 0.0
-6.28672298e-02 1.74900357e-01 0.0
-7.47897396e-02 1.79265196e-01 0.0
-8.70222018e-02 1.81780672e-01 0.0
-9.93925549e-02 1.82601866e-01 0.0
-1.11756308e-01 1.81894004e-01 0.0
-1.23996689e-01 1.79822459e-01 0.0
-1.36023064e-01 1.76544608e-01 0.0
-1.47767789e-01 1.72203805e-01 0.0
-1.59182438e-01 1.66925616e-01 0.0
-1.70233550e-01 1.60816040e-01 0.0
-1.80898626e-01 1.53961441e-01 0.0
-1.91162320e-01 1.46429685e-01 0.0
-2.01013279e-01 1.38272160e-01 0.0
-2.10441393e-01 1.29526210e-01 0.0
-2.19435716e-01 1.20217816e-01 0.0
-2.27982745e-01 1.10364204e-01 0.0
-2.36065206e-01 9.99763798e-02 0.0
-2.43661085e-01 8.90614140e-02 0.0
-2.50742996e-01 7.76245919e-02 0.0
-2.57277703e-01 6.56713162e-02 0.0
-2.63225877e-01 5.32089279e-02 0.0
-2.68541986e-01 4.02483639e-02 0.0
-2.73174381e-01 2.68058079e-02 0.0
-2.77065557e-01 1.29042548e-02 0.0
-2.80152626e-01 -1.42488148e-03 0.0
-2.82368040e-01 -1.61402111e-02 0.0
-2.83640576e-01 -3.11887710e-02 0.0
-2.83896673e-01 -4.65045009e-02 0.0
-2.83062080e-01 -6.20067464e-02 0.0
-2.81063958e-01 -7.75989263e-02 0.0
-2.77833323e-01 -9.31673671e-02 0.0
-2.73308009e-01 -1.08580465e-01 0.0
-2.67435953e-01 -1.23688226e-01 0.0
-2.60178969e-01 -1.38322367e-01 0.0
-2.51516725e-01 -1.52297052e-01 0.0
-2.41451047e-01 -1.65410447e-01 0.0
-2.30010124e-01 -1.77447171e-01 0.0
-2.17252693e-01 -1.88181747e-01 0.0
-2.03271625e-01 -1.97383077e-01 0.0
-1.88196927e-01 -2.04819886e-01 0.0
-1.72197488e-01 -2.10266972e-01 0.0
-1.55481559e-01 -2.13511969e-01 0.0
-1.38295280e-01 -2.14362133e-01 0.0
-1.20919368e-01 -2.12650513e-01 0.0
-1.03663352e-01 -2.08240618e-01 0.0
-8.68576291e-02 -2.01028462e-01 0.0
-7.08426556e-02 -1.90940518e-01 0.0
-5.59550604e-02 -1.77925416e-01 0.0
-4.25082943e-02 -1.61935601e-01 0.0
-3.07638531e-02 -1.42890710e-01 0.0
-2.08852238e-02 -1.20602135e-01 0.0
-1.28754626e-02 -9.46053711e-02 0.0
-6.57302816e-03 -6.37703697e-02 0.0
-1.91004196e-03 -2.54643842e-02 0.0
1.86628844e-04 1.68409986e-02 0.0
4.76578793e-04 4.32212913e-02 0.0
2.34915503e-05 6.71883683e-02 0.0
-2.06169180e-03 8.95149536e-02 0.0
-6.13316044e-03 1.10096922e-01 0.0
-1.21618976e-02 1.28692529e-01 0.0
-1.99614271e-02 1.45092378e-01 0.0
-2.92828658e-02 1.59156897e-01 0.0
-3.98552439e-02 1.70821780e-01 0.0
-5.14062064e-02 1.80093927e-01 0.0
-6.36749326e-02 1.87043286e-01 0.0
-7.64216070e-02 1.91791576e-01 0.0
-8.94339407e-02 1.94499223e-01 0.0
-1.02531305e-01 1.95351177e-01 0.0
-1.15566079e-01 1.94543372e-01 0.0
-1.28422861e-01 1.92270415e-01 0.0
-1.41015591e-01 1.88715927e-01 0.0
-1.53283541e-01 1.84045338e-01 0.0
-1.65186429e-01 1.78401805e-01 0.0
-1.76699546e-01 1.71904273e-01 0.0
-1.87808976e-01 1.64647912e-01 0.0
-1.98507482e-01 1.56705620e-01 0.0
-2.08790913e-01 1.48130825e-01 0.0
-2.18655400e-01 1.38960361e-01 0.0
-2.28095059e-01 1.29217867e-01 0.0
-2.37100332e-01 1.18916679e-01 0.0
-2.45656655e-01 1.08062917e-01 0.0
-2.53743556e-01 9.66578876e-02 0.0
-2.61333928e-01 8.47006336e-02 0.0
-2.68393564e-01 7.21898519e-02 0.0
-2.74880816e-01 5.91260551e-02 0.0
-2.80746448e-01 4.55132134e-02 0.0
-2.85933611e-01 3.13607535e-02 0.0
-2.90378034e-01 1.66851465e-02 0.0
-2.94008419e-01 1.51191624e-03 0.0
-2.96747080e-01 -1.41226985e-02 0.0
-2.98510929e-01 -3.01696662e-02 0.0
-2.99212775e-01 -4.65654319e-02 0.0
-2.98763102e-01 -6.32298541e-02 0.0
-2.97072250e-01 -8.00645695e-02 0.0
-2.94053190e-01 -9.69511991e-02 0.0
-2.89624767e-01 -1.13750154e-01 0.0
-2.83715595e-01 -1.30299555e-01 0.0
-2.76268391e-01 -1.46415022e-01 0.0
-2.67244907e-01 -1.61889927e-01 0.0
-2.56631111e-01 -1.76496855e-01 0.0
-2.44442699e-01 -1.89989913e-01 0.0
-2.30730425e-01 -2.02108531e-01 0.0
-2.15585231e-01 -2.12582386e-01 0.0
-1.99142470e-01 -2.21137873e-01 0.0
-1.81585155e-01 -2.27505586e-01 0.0
-1.63145409e-01 -2.31428885e-01 0.0
-1.44104108e-01 -2.32672662e-01 0.0
-1.24787998e-01 -2.31031881e-01 0.0
-1.05564583e-01 -2.26338565e-01 0.0
-8.68344815e-02 -2.18466234e-01 0.0
-6.90220857e-02 -2.07330021e-01 0.0
-5.25646126e-02 -1.92880897e-01 0.0
-3.79000280e-02 -1.75091397e-01 0.0
-2.54504973e-02 -1.53928823e-01 0.0
-1.55886592e-02 -1.29304438e-01 0.0
-8.54290517e-03 -1.00958544e-01 0.0
-4.14417858e-03 -6.81183297e-02 0.0
-1.27457568e-03 -2.82336310e-02 0.0
2.40474291e-03 7.29064291e-03 0.0
5.82644410e-03 2.22182841e-02 0.0
6.37646108e-03 3.67878631e-02 0.0
4.07677391e-03 5.05610374e-02 0.0
-7.84092537e-04 6.32476507e-02 0.0
-7.86147522e-03 7.46505090e-02 0.0
-1.68105029e-02 8.46405207e-02 0.0
-2.72949975e-02 9.31448493e-02 0.0
-3.89926298e-02 1.00140230e-01 0.0
-5.16003833e-02 1.05647597e-01 0.0
-6.48406058e-02 1.09726113e-01 0.0
-7.84662487e-02 1.12465888e-01 0.0
-9.22650096e-02 1.13979488e-01 0.0
-1.06061271e-01 1.14392854e-01 0.0
-1.19716096e-01 1.13836475e-01 0.0
-1.33124917e-01 1.12437607e-01 0.0
-1.46213791e-01 1.10314121e-01 0.0
-1.58934336e-01 1.07570259e-01 0.0
-1.71258390e-01 1.04294273e-01 0.0
-1.83172506e-01 1.00557709e-01 0.0
-1.94673048e-01 9.64159659e-02 0.0
-2.05761764e-01 9.19097274e-02 0.0
-2.16442280e-01 8.70668907e-02 0.0
-2.26717153e-01 8.19047014e-02 0.0
-2.36585730e-01 7.64318782e-02 0.0
-2.46042406e-01 7.06505984e-02 0.0
-2.55075422e-01 6.45582856e-02 0.0
-2.63665859e-01 5.81491865e-02 0.0
-2.71786966e-01 5.14157618e-02 0.0
-2.79403571e-01 4.43499321e-02 0.0
-2.86471697e-01 3.69442251e-02 0.0
-2.92938264e-01 2.91928766e-02 0.0
-2.98740971e-01 2.10929261e-02 0.0
-3.03808326e-01 1.26453464e-02 0.0
-3.08059906e-01 3.85623111e-03 0.0
-3.11406895e-01 -5.26193864e-03 0.0
-3.13752940e-01 -1.46889464e-02 0.0
-3.14995441e-01 -2.43954152e-02 0.0
-3.15027287e-01 -3.43413279e-02 0.0
-3.13739208e-01 -4.44745286e-02 0.0
-3.11022677e-01 -5.47292621e-02 0.0
-3.06773597e-01 -6.50248273e-02 0.0
-3.00896609e-01 -7.52644441e-02 0.0
-2.93310258e-01 -8.53344565e-02 0.0
-2.83952720e-01 -9.51040188e-02 0.0
-2.72788268e-01 -1.04425425e-01 0.0
-2.59814001e-01 -1.13135257e-01 0.0
-2.45066889e-01 -1.21056505e-01 0.0
-2.28630398e-01 -1.28001805e-01 0.0
-2.10640618e-01 -1.33777860e-01 0.0
-1.91290924e-01 -1.38191003e-01 0.0
-1.70834984e-01 -1.41053759e-01 0.0
-1.49587106e-01 -1.42192027e-01 0.0
-1.27919903e-01 -1.41452324e-01 0.0
-1.06258578e-01 -1.38708276e-01 0.0
-8.50725042e-02 -1.33865299e-01 0.0
-6.48643772e-02 -1.26862198e-01 0.0
-4.61591312e-02 -1.17668189e-01 0.0
-2.94950870e-02 -1.06273645e-01 0.0
-1.54231769e-02 -9.26724721e-02 0.0
-4.52295121e-03 -7.68331637e-02 0.0
2.55131925e-03 -5.86532226e-02 0.0
5.01589576e-03 -3.78853791e-02 0.0
2.49412099e-03 -1.40085601e-02 0.0
-1.32402331e-04 -1.93545784e-03 0.0
-7.01135424e-04 1.76950000e-03 0.0
-2.29096672e-03 7.00878734e-03 0.0
-5.54924373e-03 1.22177928e-02 0.0
-1.07078474e-02 1.69548772e-02 0.0
-1.76697371e-02 2.10866962e-02 0.0
-2.62138110e-02 2.45780945e-02 0.0
-3.60811626e-02 2.74334645e-02 0.0
-4.70096785e-02 2.96784925e-02 0.0
-5.87496097e-02 3.13535332e-02 0.0
-7.10714630e-02 3.25098936e-02 0.0
-8.37707415e-02 3.32068017e-02 0.0
-9.66704084e-02 3.35079247e-02 0.0
-1.09621957e-01 3.34779558e-02 0.0
-1.22504839e-01 3.31790722e-02 0.0
-1.35224865e-01 3.26681982e-02 0.0
-1.47711408e-01 3.19947334e-02 0.0
-1.59914110e-01 3.11995003e-02 0.0
-1.71799038e-01 3.03141868e-02 0.0
-1.83344938e-01 2.93618391e-02 0.0
-1.94539490e-01 2.83574543e-02 0.0
-2.05376034e-01 2.73092276e-02 0.0
-2.15850579e-01 2.62194833e-02 0.0
-2.25959371e-01 2.50859684e-02 0.0
-2.35696774e-01 2.39026071e-02 0.0
-2.45053619e-01 2.26605187e-02 0.0
-2.54015782e-01 2.13484549e-02 0.0
-2.62563089e-01 1.99535311e-02 0.0
-2.70668369e-01 1.84614297e-02 0.0
-2.78296730e-01 1.68569737e-02 0.0
-2.85404942e-01 1.51242498e-02 0.0
-2.91941010e-01 1.32471737e-02 0.0
-2.97843885e-01 1.12096796e-02 0.0
-3.03043375e-01 8.99639999e-03 0.0
-3.07460286e-01 6.59303513e-03 0.0
-3.11006830e-01 3.98723981e-03 0.0
-3.13587387e-01 1.16925129e-03 0.0
-3.15099644e-01 -1.86696124e-03 0.0
-3.15436255e-01 -5.12277279e-03 0.0
-3.14486997e-01 -8.59348792e-03 0.0
-3.12141622e-01 -1.22671554e-02 0.0
-3.08293334e-01 -1.61229805e-02 0.0
-3.02843101e-01 -2.01300383e-02 0.0
-2.95704646e-01 -2.42457630e-02 0.0
-2.86810314e-01 -2.84149144e-02 0.0
-2.76117493e-01 -3.25686169e-02 0.0
-2.63615725e-01 -3.66241698e-02 0.0
-2.49333946e-01 -4.04853330e-02 0.0
-2.33347843e-01 -4.40437466e-02 0.0
-2.15786497e-01 -4.71812233e-02 0.0
-1.96838113e-01 -4.97734254e-02 0.0
-1.76753807e-01 -5.16945478e-02 0.0
-1.55849182e-01 -5.28231931e-02 0.0
-1.34502691e-01 -5.30487392e-02 0.0
-1.13150811e-01 -5.22778835e-02 0.0
-9.22794903e-02 -5.04402133e-02 0.0
-7.24125531e-02 -4.74919805e-02 0.0
-5.40970664e-02 -4.34166540e-02 0.0
-3.78859831e-02 -3.82215206e-02 0.0
-2.43141301e-02 -3.19305426e-02 0.0
-1.38527689e-02 -2.45801572e-02 0.0
-6.79220383e-03 -1.62510153e-02 0.0
-2.93262894e-03 -7.28767225e-03 0.0
-8.66747926e-04 6.10878108e-04 0.0
-7.04684053e-04 -6.85161546e-04 0.0
-2.88791504e-03 3.68438895e-03 0.0
-6.37337690e-03 1.01692201e-02 0.0
-1.10365931e-02 1.69788929e-02 0.0
-1.70412772e-02 2.33571160e-02 0.0
-2.43959997e-02 2.90011316e-02 0.0
-3.29901834e-02 3.38019898e-02 0.0
-4.26523912e-02 3.77392124e-02 0.0
-5.31891592e-02 4.08381230e-02 0.0
-6.44066507e-02 4.31514301e-02 0.0
-7.61224933e-02 4.47498075e-02 0.0
-8.81717882e-02 4.57155859e-02 0.0
-1.00410173e-01 4.61373271e-02 0.0
-1.12714711e-01 4.61047825e-02 0.0
-1.24983699e-01 4.57042687e-02 0.0
-1.37135358e-01 4.50148478e-02 0.0
-1.49106058e-01 4.41054956e-02 0.0
-1.60847903e-01 4.30334618e-02 0.0
-1.72326234e-01 4.18436689e-02 0.0
-1.83516846e-01 4.05690598e-02 0.0
-1.94403396e-01 3.92315329e-02 0.0
-2.04974797e-01 3.78432989e-02 0.0
-2.15222954e-01 3.64083225e-02 0.0
-2.25140599e-01 3.49237809e-02 0.0
-2.34719506e-01 3.33813239e-02 0.0
-2.43948830e-01 3.17681945e-02 0.0
-2.52813759e-01 3.00680960e-02 0.0
-2.61294270e-01 2.82619388e-02 0.0
-2.69364142e-01 2.63284055e-02 0.0
-2.76990036e-01 2.42444867e-02 0.0
-2.84130792e-01 2.19859405e-02 0.0
-2.90736825e-01 1.95278197e-02 0.0
-2.96749701e-01 1.68450211e-02 0.0
-3.02101898e-01 1.39129816e-02 0.0
-3.06716772e-01 1.07084748e-02 0.0
-3.10508809e-01 7.21061443e-03 0.0
-3.13384161e-01 3.40201670e-03 0.0
-3.15241606e-01 -7.29794360e-04 0.0
-3.15973917e-01 -5.19079013e-03 0.0
-3.15469822e-01 -9.97860136e-03 0.0
-3.13616510e-01 -1.50805101e-02 0.0
-3.10302932e-01 -2.04712778e-02 0.0
-3.05423778e-01 -2.61109192e-02 0.0
-2.98884397e-01 -3.19425132e-02 0.0
-2.90606462e-01 -3.78902334e-02 0.0
-2.80534592e-01 -4.38577976e-02 0.0
-2.68643557e-01 -4.97276080e-02 0.0
-2.54946172e-01 -5.53608811e-02 0.0
-2.39501215e-01 -6.05990891e-02 0.0
-2.22421260e-01 -6.52670205e-02 0.0
-2.03879438e-01 -6.91776826e-02 0.0
-1.84114750e-01 -7.21391407e-02 0.0
-1.63434699e-01 -7.39631421e-02 0.0
-1.42214759e-01 -7.44750966e-02 0.0
-1.20893437e-01 -7.35246129e-02 0.0
-9.99626276e-02 -7.09955093e-02 0.0
-7.99520965e-02 -6.68140584e-02 0.0
-6.14074546e-02 -6.09546209e-02 0.0
-4.48586078e-02 -5.34434109e-02 0.0
-3.07730938e-02 -4.43659572e-02 0.0
-1.94819057e-02 -3.38972409e-02 0.0
-1.10667452e-02 -2.24096173e-02 0.0
-5.25482735e-03 -1.08005346e-02 0.0
-1.47054327e-03 -1.31160004e-03 0.0
-7.95058647e-04 1.22754068e-03 0.0
-3.57609727e-03 7.14892742e-03 0.0
-8.18082781e-03 1.47949023e-02 0.0
-1.39769124e-02 2.28125512e-02 0.0
-2.08708764e-02 3.04221564e-02 0.0
-2.88102161e-02 3.72302153e-02 0.0
-3.77060171e-02 4.30629632e-02 0.0
-4.74332056e-02 4.78677188e-02 0.0
-5.78473323e-02 5.16606050e-02 0.0
-6.87999092e-02 5.44991207e-02 0.0
-8.01484806e-02 5.64666449e-02 0.0
-9.17626543e-02 5.76623412e-02 0.0
-1.03526950e-01 5.81933861e-02 0.0
-1.15341982e-01 5.81684361e-02 0.0
-1.27124249e-01 5.76920212e-02 0.0
-1.38805390e-01 5.68600559e-02 0.0
-1.50330788e-01 5.57565534e-02 0.0
-1.61658054e-01 5.44516903e-02 0.0
-1.72755145e-01 5.30010469e-02 0.0
-1.83598567e-01 5.14459049e-02 0.0
-1.94171361e-01 4.98142282e-02 0.0
-2.04461285e-01 4.81221324e-02 0.0
-2.14458918e-01 4.63754862e-02 0.0
-2.24155996e-01 4.45715533e-02 0.0
-2.33543761e-01 4.27004415e-02 0.0
-2.42611544e-01 4.07464059e-02 0.0
-2.51345389e-01 3.86888831e-02 0.0
-2.59726891e-01 3.65033939e-02 0.0
-2.67732084e-01 3.41622447e-02 0.0
-2.75330510e-01 3.16352003e-02 0.0
-2.82484363e-01 2.88900708e-02 0.0
-2.89147793e-01 2.58933862e-02 0.0
-2.95266324e-01 2.26110974e-02 0.0
-3.00776454e-01 1.90094666e-02 0.0
-3.05605435e-01 1.50560786e-02 0.0
-3.09671280e-01 1.07211256e-02 0.0
-3.12883079e-01 5.97888679e-03 0.0
-3.15141614e-01 8.09543544e-04 0.0
-3.16340442e-01 -4.79876293e-03 0.0
-3.16367426e-01 -1.08475190e-02 0.0
-3.15106920e-01 -1.73251927e-02 0.0
-3.12442581e-01 -2.42042983e-02 0.0
-3.08261072e-01 -3.14383548e-02 0.0
-3.02456548e-01 -3.89587794e-02 0.0
-2.94936247e-01 -4.66720061e-02 0.0
-2.85626940e-01 -5.44570130e-02 0.0
-2.74482493e-01 -6.21636907e-02 0.0
-2.61492110e-01 -6.96123904e-02 0.0
-2.46689282e-01 -7.65951968e-02 0.0
-2.30160662e-01 -8.28793270e-02 0.0
-2.12054570e-01 -8.82131388e-02 0.0
-1.92587865e-01 -9.23349351e-02 0.0
-1.72050513e-01 -9.49846166e-02 0.0
-1.50806217e-01 -9.59177347e-02 0.0
-1.29288208e-01 -9.49211918e-02 0.0
-1.07988471e-01 -9.18293725e-02 0.0
-8.74395382e-02 -8.65395653e-02 0.0
-6.81870100e-02 -7.90262008e-02 0.0
-5.07516981e-02 -6.93559169e-02 0.0
-3.55796586e-02 -5.77109431e-02 0.0
-2.29836825e-02 -4.44393683e-02 0.0
-1.30984216e-02 -3.01678719e-02 0.0
-5.93305106e-03 -1.60195400e-02 0.0
-1.51388768e-03 -3.88093071e-03 0.0
-7.76940385e-04 3.21234246e-03 0.0
-3.75202953e-03 1.13330671e-02 0.0
-8.93404604e-03 2.03975379e-02 0.0
-1.54847835e-02 2.95567768e-02 0.0
-2.31017006e-02 3.81888623e-02 0.0
-3.16178414e-02 4.59190510e-02 0.0
-4.09051030e-02 5.25572622e-02 0.0
-5.08403642e-02 5.80359519e-02 0.0
-6.12998731e-02 6.23661008e-02 0.0
-7.21624047e-02 6.56088364e-02 0.0
-8.33138690e-02 6.78570782e-02 0.0
-9.46504702e-02 6.92228057e-02 0.0
-1.06080558e-01 6.98274375e-02 0.0
-1.17525043e-01 6.97940435e-02 0.0
-1.28917228e-01 6.92410153e-02 0.0
-1.40201949e-01 6.82770839e-02 0.0
-1.51334653e-01 6.69977934e-02 0.0
-1.62280114e-01 6.54833510e-02 0.0
-1.73011256e-01 6.37978021e-02 0.0
-1.83507722e-01 6.19892259e-02 0.0
-1.93754569e-01 6.00907432e-02 0.0
-2.03740786e-01 5.81219594e-02 0.0
-2.13457952e-01 5.60906638e-02 0.0
-2.22898783e-01 5.39944962e-02 0.0
-2.32055840e-01 5.18225366e-02 0.0
-2.40920181e-01 4.95566551e-02 0.0
-2.49480179e-01 4.71727006e-02 0.0
-2.57720325e-01 4.46414509e-02 0.0
-2.65620186e-01 4.19294699e-02 0.0
-2.73153381e-01 3.89998269e-02 0.0
-2.80286697e-01 3.58128454e-02 0.0
-2.86979261e-01 3.23268381e-02 0.0
-2.93181847e-01 2.84989959e-02 0.0
-2.98836295e-01 2.42863791e-02 0.0
-3.03875089e-01 1.96471720e-02 0.0
-3.08221124e-01 1.45421436e-02 0.0
-3.11787693e-01 8.93646602e-03 0.0
-3.14478793e-01 2.80182488e-03 0.0
-3.16189745e-01 -3.88104041e-03 0.0
-3.16808328e-01 -1.11194560e-02 0.0
-3.16216385e-01 -1.89054883e-02 0.0
-3.14292198e-01 -2.72123167e-02 0.0
-3.10913559e-01 -3.59902782e-02 0.0
-3.05961905e-01 -4.51628322e-02 0.0
-2.99327404e-01 -5.46225610e-02 0.0
-2.90915353e-01 -6.42276277e-02 0.0
-2.80653678e-01 -7.37990167e-02 0.0
-2.68501756e-01 -8.31191944e-02 0.0
-2.54460082e-01 -9.19327286e-02 0.0
-2.38580690e-01 -9.99496473e-02 0.0
-2.20977338e-01 -1.06852112e-01 0.0
-2.01834849e-01 -1.12305014e-01 0.0
-1.81415959e-01 -1.15970647e-01 0.0
-1.60064505e-01 -1.17527331e-01 0.0
-1.38202820e-01 -1.16691177e-01 0.0
-1.16322009e-01 -1.13239831e-01 0.0
-9.49632079e-02 -1.07036749e-01 0.0
-7.46894067e-02 -9.80552639e-02 0.0
-5.60479554e-02 -8.64035451e-02 0.0
-3.95279489e-02 -7.23552997e-02 0.0
-2.55233408e-02 -5.63955457e-02 0.0
-1.43297843e-02 -3.92904724e-02 0.0
-6.22711349e-03 -2.21649528e-02 0.0
-1.49348239e-03 -6.47299964e-03 0.0
-7.41782023e-04 5.14377922e-03 0.0
-3.75832645e-03 1.58059898e-02 0.0
-9.21691998e-03 2.65652528e-02 0.0
-1.62302323e-02 3.69531507e-02 0.0
-2.43726907e-02 4.65519134e-02 0.0
-3.33748063e-02 5.50743171e-02 0.0
-4.30482110e-02 6.23627335e-02 0.0
-5.32446976e-02 6.83623104e-02 0.0
-6.38377615e-02 7.30924071e-02 0.0
-7.47159884e-02 7.66233909e-02 0.0
-8.57809531e-02 7.90590648e-02 0.0
-9.69467650e-02 8.05233540e-02 0.0
-1.08139494e-01 8.11498364e-02 0.0
-1.19296580e-01 8.10733560e-02 0.0
-1.30365817e-01 8.04232729e-02 0.0
-1.41304430e-01 7.93183188e-02 0.0
-1.52077943e-01 7.78629397e-02 0.0
-1.62659248e-01 7.61451436e-02 0.0
-1.73027516e-01 7.42355994e-02 0.0
-1.83167283e-01 7.21878478e-02 0.0
-1.93067353e-01 7.00392313e-02 0.0
-2.02719829e-01 6.78123629e-02 0.0
-2.12118963e-01 6.55167638e-02 0.0
-2.21260114e-01 6.31505877e-02 0.0
-2.30138575e-01 6.07021770e-02 0.0
-2.38748505e-01 5.81515034e-02 0.0
-2.47081779e-01 5.54713450e-02 0.0
-2.55126951e-01 5.26283488e-02 0.0
-2.62868180e-01 4.95838882e-02 0.0
-2.70284257e-01 4.62949090e-02 0.0
-2.77347637e-01 4.27146892e-02 0.0
-2.84023568e-01 3.87937192e-02 0.0
-2.90269261e-01 3.44806237e-02 0.0
-2.96033162e-01 2.97233317e-02 0.0
-3.01254331e-01 2.44704110e-02 0.0
-3.05861933e-01 1.86727699e-02 0.0
-3.09774938e-01 1.22856401e-02 0.0
-3.12901999e-01 5.27103593e-03 0.0
-3.15141676e-01 -2.39940104e-03 0.0
-3.16382973e-01 -1.07409991e-02 0.0
-3.16506434e-01 -1.97522134e-02 0.0
-3.15385780e-01 -2.94102241e-02 0.0
-3.12890415e-01 -3.96661700e-02 0.0
-3.08888790e-01 -5.04400202e-02 0.0
-3.03253036e-01 -6.16154353e-02 0.0
-2.95864815e-01 -7.30348384e-02 0.0
-2.86622809e-01 -8.44953077e-02 0.0
-2.75451638e-01 -9.57458238e-02 0.0
-2.62312452e-01 -1.06486794e-01 0.0
-2.47214585e-01 -1.16372683e-01 0.0
-2.30228032e-01 -1.25018832e-01 0.0
-2.11495409e-01 -1.32013266e-01 0.0
-1.91242372e-01 -1.36934192e-01 0.0
-1.69784267e-01 -1.39373224e-01 0.0
-1.47527306e-01 -1.38963817e-01 0.0
-1.24961729e-01 -1.35413476e-01 0.0
-1.02645709e-01 -1.28537833e-01 0.0
-8.11791270e-02 -1.18294481e-01 0.0
-6.11695145e-02 -1.04815320e-01 0.0
-4.31955553e-02 -8.84374301e-02 0.0
-2.77806984e-02 -6.97328302e-02 0.0
-1.53961614e-02 -4.95312429e-02 0.0
-6.51549133e-03 -2.89074953e-02 0.0
-1.50654341e-03 -9.05756266e-03 0.0
-7.10677346e-04 7.00891770e-03 0.0
-3.71665512e-03 2.03760631e-02 0.0
-9.30194687e-03 3.30390924e-02 0.0
-1.65915312e-02 4.47822459e-02 0.0
-2.50994935e-02 5.53732882e-02 0.0
-3.44827772e-02 6.46384013e-02 0.0
-4.44952212e-02 7.24845685e-02 0.0
-5.49528794e-02 7.88947007e-02 0.0
-6.57125988e-02 8.39128911e-02 0.0
-7.66595883e-02 8.76282239e-02 0.0
-8.77005490e-02 9.01602682e-02 0.0
-9.87592878e-02 9.16468211e-02 0.0
-1.09773852e-01 9.22337916e-02 0.0
-1.20694101e-01 9.20668740e-02 0.0
-1.31479895e-01 9.12849328e-02 0.0
-1.42099404e-01 9.00149359e-02 0.0
-1.52527884e-01 8.83684787e-02 0.0
-1.62746498e-01 8.64396939e-02 0.0
-1.72741479e-01 8.43044757e-02 0.0
-1.82503220e-01 8.20206630e-02 0.0
-1.92025564e-01 7.96290211e-02 0.0
-2.01304940e-01 7.71546212e-02 0.0
-2.10339604e-01 7.46085048e-02 0.0
-2.19128710e-01 7.19893107e-02 0.0
-2.27671459e-01 6.92848745e-02 0.0
-2.35966099e-01 6.64735905e-02 0.0
-2.44009010e-01 6.35256608e-02 0.0
-2.51793682e-01 6.04040984e-02 0.0
-2.59309771e-01 5.70656798e-02 0.0
-2.66542097e-01 5.34617459e-02 0.0
-2.73469712e-01 4.95390736e-02 0.0
-2.80064943e-01 4.52407247e-02 0.0
-2.86292505e-01 4.05070993e-02 0.0
-2.92108618e-01 3.52770987e-02 0.0
-2.97460206e-01 2.94896266e-02 0.0
-3.02284157e-01 2.30853331e-02 0.0
-3.06506685e-01 1.60088324e-02 0.0
-3.10042858e-01 8.21129928e-03 0.0
-3.12796300e-01 -3.46326607e-04 0.0
-3.14659230e-01 -9.68963199e-03 0.0
-3.15512827e-01 -1.98263125e-02 0.0
-3.15228210e-01 -3.07411897e-02 0.0
-3.13668041e-01 -4.23905368e-02 0.0
-3.10689153e-01 -5.46959695e-02 0.0
-3.06146248e-01 -6.75379551e-02 0.0
-2.99897171e-01 -8.07494316e-02 0.0
-2.91809796e-01 -9.41099185e-02 0.0
-2.81771013e-01 -1.07340997e-01 0.0
-2.69697656e-01 -1.20104001e-01 0.0
-2.55549593e-01 -1.32001251e-01 0.0
-2.39344219e-01 -1.42582046e-01 0.0
-2.21171831e-01 -1.51354924e-01 0.0
-2.01210091e-01 -1.57807181e-01 0.0
-1.79735919e-01 -1.61432392e-01 0.0
-1.57131924e-01 -1.61765494e-01 0.0
-1.33885146e-01 -1.58424054e-01 0.0
-1.10575499e-01 -1.51152831e-01 0.0
-8.78535970e-02 -1.39867887e-01 0.0
-6.64092968e-02 -1.24695757e-01 0.0
-4.69369945e-02 -1.06003194e-01 0.0
-3.01070402e-02 -8.44118286e-02 0.0
-1.65560182e-02 -6.07877650e-02 0.0
-6.90230125e-03 -3.61853329e-02 0.0
-1.56342834e-03 -1.17119300e-02 0.0
-6.87599705e-04 8.81987819e-03 0.0
-3.67217033e-03 2.49683458e-02 0.0
-9.31788244e-03 3.96778403e-02 0.0
-1.67786446e-02 5.28938824e-02 0.0
-2.55426538e-02 6.45336712e-02 0.0
-3.52187928e-02 7.45375000e-02 0.0
-4.55134107e-02 8.28926006e-02 0.0
-5.62064021e-02 8.96373978e-02 0.0
-6.71317357e-02 9.48553362e-02 0.0
-7.81635135e-02 9.86646457e-02 0.0
-8.92059345e-02 1.01207337e-01 0.0
-1.00186294e-01 1.02638969e-01 0.0
-1.11049601e-01 1.03119643e-01 0.0
-1.21754671e-01 1.02806478e-01 0.0
-1.32270923e-01 1.01847519e-01 0.0
-1.42576107e-01 1.00377195e-01 0.0
-1.52654423e-01 9.85131758e-02 0.0
-1.62495277e-01 9.63546325e-02 0.0
-1.72092185e-01 9.39816015e-02 0.0
-1.81442072e-01 9.14553459e-02 0.0
-1.90544515e-01 8.88193125e-02 0.0
-1.99401192e-01 8.61005762e-02 0.0
-2.08015178e-01 8.33113977e-02 0.0
-2.16390329e-01 8.04508782e-02 0.0
-2.24530502e-01 7.75064361e-02 0.0
-2.32438829e-01 7.44552077e-02 0.0
-2.40116845e-01 7.12651853e-02 0.0
-2.47563664e-01 6.78962826e-02 0.0
-2.54775051e-01 6.43011914e-02 0.0
-2.61742533e-01 6.04262632e-02 0.0
-2.68452434e-01 5.62122956e-02 0.0
-2.74884951e-01 5.15954748e-02 0.0
-2.81013171e-01 4.65083545e-02 0.0
-2.86802118e-01 4.08811284e-02 0.0
-2.92207790e-01 3.46430788e-02 0.0
-2.97176199e-01 2.77244627e-02 0.0
-3.01642475e-01 2.00587268e-02 0.0
-3.05529999e-01 1.15853192e-02 0.0
-3.08749685e-01 2.25299689e-03 0.0
-3.11199396e-01 -7.97610305e-03 0.0
-3.12763697e-01 -1.91217365e-02 0.0
-3.13313942e-01 -3.11799346e-02 0.0
-3.12709046e-01 -4.41166582e-02 0.0
-3.10796987e-01 -5.78606025e-02 0.0
-3.07417548e-01 -7.22954786e-02 0.0
-3.02406440e-01 -8.72519119e-02 0.0
-2.95601440e-01 -1.02499638e-01 0.0
-2.86850714e-01 -1.17740620e-01 0.0
-2.76023937e-01 -1.32604351e-01 0.0
-2.63026115e-01 -1.46646633e-01 0.0
-2.47814277e-01 -1.59353732e-01 0.0
-2.30416065e-01 -1.70153702e-01 0.0
-2.10949267e-01 -1.78436814e-01 0.0
-1.89639788e-01 -1.83586293e-01 0.0
-1.66835567e-01 -1.85019700e-01 0.0
-1.43012676e-01 -1.82239419e-01 0.0
-1.18770860e-01 -1.74888839e-01 0.0
-9.48161774e-02 -1.62808384e-01 0.0
-7.19317476e-02 -1.46083920e-01 0.0
-5.09402354e-02 -1.25078787e-01 0.0
-3.26660855e-02 -1.00440292e-01 0.0
-1.79056632e-02 -7.30707089e-02 0.0
-7.40956856e-03 -4.40521734e-02 0.0
-1.65908122e-03 -1.45187050e-02 0.0
-6.72917306e-04 1.05931154e-02 0.0
-3.64291147e-03 2.95624036e-02 0.0
-9.32831115e-03 4.64149211e-02 0.0
-1.69097119e-02 6.11990012e-02 0.0
-2.58647102e-02 7.39476079e-02 0.0
-3.57704979e-02 8.47055476e-02 0.0
-4.62964780e-02 9.35452193e-02 0.0
-5.71898952e-02 1.00571265e-01 0.0
-6.82608081e-02 1.05917803e-01 0.0
-7.93684854e-02 1.09741731e-01 0.0
-9.04103469e-02 1.12214641e-01 0.0
-1.01312881e-01 1.13514673e-01 0.0
-1.12024639e-01 1.13819129e-01 0.0
-1.22510555e-01 1.13298112e-01 0.0
-1.32747751e-01 1.12109474e-01 0.0
-1.42722194e-01 1.10395016e-01 0.0
-1.52426414e-01 1.08278048e-01 0.0
-1.61857710e-01 1.05862074e-01 0.0
-1.71017039e-01 1.03230569e-01 0.0
-1.79908081e-01 1.00447485e-01 0.0
-1.88536676e-01 9.75583953e-02 0.0
-1.96910216e-01 9.45918998e-02 0.0
-2.05037210e-01 9.15612487e-02 0.0
-2.12926704e-01 8.84658722e-02 0.0
-2.20587775e-01 8.52928905e-02 0.0
-2.28028856e-01 8.20183692e-02 0.0
-2.35257104e-01 7.86084980e-02 0.0
-2.42277619e-01 7.50205182e-02 0.0
-2.49092696e-01 7.12036351e-02 0.0
-2.55700947e-01 6.70997695e-02 0.0
-2.62096448e-01 6.26444109e-02 0.0
-2.68267785e-01 5.77674333e-02 0.0
-2.74197096e-01 5.23941463e-02 0.0
-2.79859036e-01 4.64464441e-02 0.0
-2.85219717e-01 3.98443344e-02 0.0
-2.90235600e-01 3.25077166e-02 0.0
-2.94852338e-01 2.43587040e-02 0.0
-2.99003633e-01 1.53243739e-02 0.0
-3.02610052e-01 5.34025774e-03 0.0
-3.05577966e-01 -5.64553101e-03 0.0
-3.07798554e-01 -1.76672154e-02 0.0
-3.09147140e-01 -3.07354250e-02 0.0
-3.09482863e-01 -4.48301456e-02 0.0
-3.08649120e-01 -5.98927280e-02 0.0
-3.06474888e-01 -7.58168400e-02 0.0
-3.02777589e-01 -9.24387795e-02 0.0
-2.97367772e-01 -1.09527416e-01 0.0
-2.90056470e-01 -1.26774705e-01 0.0
-2.80665588e-01 -1.43787767e-01 0.0
-2.69042135e-01 -1.60084342e-01 0.0
-2.55076258e-01 -1.75093596e-01 0.0
-2.38723199e-01 -1.88164976e-01 0.0
-2.20027781e-01 -1.98587632e-01 0.0
-1.99149770e-01 -2.05622849e-01 0.0
-1.76386506e-01 -2.08550523e-01 0.0
-1.52188996e-01 -2.06728899e-01 0.0
-1.27166494e-01 -1.99663589e-01 0.0
-1.02076161e-01 -1.87078570e-01 0.0
-7.77958235e-02 -1.68978433e-01 0.0
-5.52822880e-02 -1.45689264e-01 0.0
-3.55207117e-02 -1.17865494e-01 0.0
-1.94736925e-02 -8.64529110e-02 0.0
-8.03606345e-03 -5.26036687e-02 0.0
-1.78798151e-03 -1.75499164e-02 0.0
-6.66387055e-04 1.23451993e-02 0.0
-3.63733059e-03 3.41640480e-02 0.0
-9.36729646e-03 5.32286679e-02 0.0
-1.70545200e-02 6.96539153e-02 0.0
-2.61695019e-02 8.35627201e-02 0.0
-3.62662150e-02 9.50929932e-02 0.0
-4.69844258e-02 1.04402031e-01 0.0
-5.80431721e-02 1.11666694e-01 0.0
-6.92297930e-02 1.17079994e-01 0.0
-8.03880689e-02 1.20845589e-01 0.0
-9.14067001e-02 1.23171380e-01 0.0
-1.02209323e-01 1.24263205e-01 0.0
-1.12745898e-01 1.24319052e-01 0.0
-1.22985898e-01 1.23524236e-01 0.0
-1.32912779e-01 1.22047565e-01 0.0
-1.42519952e-01 1.20038689e-01 0.0
-1.51807675e-01 1.17626471e-01 0.0
-1.60781001e-01 1.14918434e-01 0.0
-1.69448243e-01 1.12000948e-01 0.0
-1.77820067e-01 1.08940148e-01 0.0
-1.85908751e-01 1.05783191e-01 0.0
-1.93727764e-01 1.02559843e-01 0.0
-2.01291300e-01 9.92840258e-02 0.0
-2.08613940e-01 9.59554257e-02 0.0
-2.15710185e-01 9.25608521e-02 0.0
-2.22594029e-01 8.90755355e-02 0.0
-2.29278384e-01 8.54641407e-02 0.0
-2.35774521e-01 8.16817376e-02 0.0
-2.42091367e-01 7.76745489e-02 0.0
-2.48234798e-01 7.33807516e-02 0.0
-2.54206819e-01 6.87311652e-02 0.0
-2.60004705e-01 6.36501176e-02 0.0
-2.65620042e-01 5.80563251e-02 0.0
-2.71037709e-01 5.18640867e-02 0.0
-2.76234756e-01 4.49846342e-02 0.0
-2.81179194e-01 3.73279513e-02 0.0
-2.85828695e-01 2.88049200e-02 0.0
-2.90129161e-01 1.93301281e-02 0.0
-2.94013253e-01 8.82522092e-03 0.0
-2.97398788e-01 -2.77684190e-03 0.0
-3.00187191e-01 -1.55267140e-02 0.0
-3.02261933e-01 -2.94524027e-02 0.0
-3.03487277e-01 -4.45519096e-02 0.0
-3.03707349e-01 -6.07844500e-02 0.0
-3.02746082e-01 -7.80604366e-02 0.0
-3.00408268e-01 -9.62301221e-02 0.0
-2.96482562e-01 -1.15071429e-01 0.0
-2.90746972e-01 -1.34277423e-01 0.0
-2.82977993e-01 -1.53444756e-01 0.0
-2.72964035e-01 -1.72064618e-01 0.0
-2.60524247e-01 -1.89518844e-01 0.0
-2.45532762e-01 -2.05084141e-01 0.0
-2.27948255e-01 -2.17948270e-01 0.0
-2.07846734e-01 -2.27241628e-01 0.0
-1.85454632e-01 -2.32087005e-01 0.0
-1.61176750e-01 -2.31667714e-01 0.0
-1.35613205e-01 -2.25310735e-01 0.0
-1.09558612e-01 -2.12576274e-01 0.0
-8.39793814e-02 -1.93340231e-01 0.0
-5.99680657e-02 -1.67852261e-01 0.0
-3.86798284e-02 -1.36752263e-01 0.0
-2.12600224e-02 -1.01032931e-01 0.0
-8.77481237e-03 -6.19464611e-02 0.0
-1.94605533e-03 -2.08679997e-02 0.0
-6.68108578e-04 1.40925521e-02 0.0
-3.66070888e-03 3.87931056e-02 0.0
-9.45611635e-03 6.01250094e-02 0.0
-1.72582571e-02 7.82469732e-02 0.0
-2.65276222e-02 9.33540548e-02 0.0
-3.67970846e-02 1.05667889e-01 0.0
-4.76808114e-02 1.15429138e-01 0.0
-5.88729600e-02 1.22890556e-01 0.0
-7.01404299e-02 1.28310307e-01 0.0
-8.13123418e-02 1.31945556e-01 0.0
-9.22688545e-02 1.34046659e-01 0.0
-1.02930245e-01 1.34852050e-01 0.0
-1.13247408e-01 1.34584064e-01 0.0
-1.23193688e-01 1.33445632e-01 0.0
-1.32758511e-01 1.31618010e-01 0.0
-1.41942323e-01 1.29259372e-01 0.0
-1.50753020e-01 1.26504358e-01 0.0
-1.59203279e-01 1.23464291e-01 0.0
-1.67308892e-01 1.20228110e-01 0.0
-1.75087542e-01 1.16863630e-01 0.0
-1.82558155e-01 1.13419182e-01 0.0
-1.89740360e-01 1.09925251e-01 0.0
-1.96654217e-01 1.06396196e-01 0.0
-2.03319879e-01 1.02831748e-01 0.0
-2.09757361e-01 9.92184510e-02 0.0
-2.15986168e-01 9.55307854e-02 0.0
-2.22024954e-01 9.17322343e-02 0.0
-2.27891036e-01 8.77760667e-02 0.0
-2.33599895e-01 8.36061308e-02 0.0
-2.39164548e-01 7.91574627e-02 0.0
-2.44594881e-01 7.43570179e-02 0.0
-2.49896855e-01 6.91243338e-02 0.0
-2.55071640e-01 6.33724415e-02 0.0
-2.60114632e-01 5.70088392e-02 0.0
-2.65014348e-01 4.99368537e-02 0.0
-2.69751185e-01 4.20572158e-02 0.0
-2.74296019e-01 3.32701962e-02 0.0
-2.78608648e-01 2.34781513e-02 0.0
-2.82636016e-01 1.25888590e-02 0.0
-2.86310298e-01 5.19535734e-04 0.0
-2.89546744e-01 -1.27980483e-02 0.0
-2.92241465e-01 -2.74114138e-02 0.0
-2.94269100e-01 -4.33397339e-02 0.0
-2.95480717e-01 -6.05647560e-02 0.0
-2.95702047e-01 -7.90198916e-02 0.0
-2.94732716e-01 -9.85776421e-02 0.0
-2.92346900e-01 -1.19035267e-01 0.0
-2.88296560e-01 -1.40099358e-01 0.0
-2.82318139e-01 -1.61370071e-01 0.0
-2.74144363e-01 -1.82326893e-01 0.0
-2.63522231e-01 -2.02318354e-01 0.0
-2.50238645e-01 -2.20559573e-01 0.0
-2.34153733e-01 -2.36142138e-01 0.0
-2.15241214e-01 -2.48061689e-01 0.0
-1.93632384e-01 -2.55267773e-01 0.0
-1.69658523e-01 -2.56738595e-01 0.0
-1.43883281e-01 -2.51578558e-01 0.0
-1.17116099e-01 -2.39130151e-01 0.0
-9.03978062e-02 -2.19083812e-01 0.0
-6.49544804e-02 -1.91563266e-01 0.0
-4.21218830e-02 -1.57162048e-01 0.0
-2.32518886e-02 -1.16912911e-01 0.0
-9.61785825e-03 -7.21856970e-02 0.0
-2.13065658e-03 -2.45286784e-02 0.0
-6.78498658e-04 1.58521035e-02 0.0
-3.71794471e-03 4.34785555e-02 0.0
-9.61127558e-03 6.71283222e-02 0.0
-1.75549759e-02 8.69895364e-02 0.0
-2.69922562e-02 1.03318181e-01 0.0
-3.74328321e-02 1.16413856e-01 0.0
-4.84659780e-02 1.26600107e-01 0.0
-5.97631572e-02 1.34208988e-01 0.0
-7.10729734e-02 1.39569243e-01 0.0
-8.22119253e-02 1.42997576e-01 0.0
-9.30530053e-02 1.44792332e-01 0.0
-1.03514303e-01 1.45229175e-01 0.0
-1.13548307e-01 1.44558222e-01 0.0
-1.23132875e-01 1.43002447e-01 0.0
-1.32263717e-01 1.40756991e-01 0.0
-1.40948719e-01 1.37989345e-01 0.0
-1.49203593e-01 1.34840102e-01 0.0
-1.57048937e-01 1.31424304e-01 0.0
-1.64508123e-01 1.27833055e-01 0.0
-1.71606073e-01 1.24135451e-01 0.0
-1.78368397e-01 1.20380470e-01 0.0
-1.84820998e-01 1.16598946e-01 0.0
-1.90989742e-01 1.12805283e-01 0.0
-1.96900342e-01 1.08999109e-01 0.0
-2.02578150e-01 1.05166570e-01 0.0
-2.08048028e-01 1.01281544e-01 0.0
-2.13334079e-01 9.73065098e-02 0.0
-2.18459396e-01 9.31933887e-02 0.0
-2.23445656e-01 8.88841288e-02 0.0
-2.28312696e-01 8.43113602e-02 0.0
-2.33077942e-01 7.93989037e-02 0.0
-2.37755783e-01 7.40624672e-02 0.0
-2.42356800e-01 6.82103141e-02 0.0
-2.46886881e-01 6.17442447e-02 0.0
-2.51346194e-01 5.45606813e-02 0.0
-2.55727979e-01 4.65522126e-02 0.0
-2.60017152e-01 3.76094072e-02 0.0
-2.64188662e-01 2.76232776e-02 0.0
-2.68205611e-01 1.64882466e-02 0.0
-2.72017029e-01 4.10604109e-03 0.0
-2.75555375e-01 -9.60957128e-03 0.0
-2.78733646e-01 -2.47267136e-02 0.0
-2.81442260e-01 -4.12880039e-02 0.0
-2.83545669e-01 -5.93012843e-02 0.0
-2.84879096e-01 -7.87284341e-02 0.0
-2.85245600e-01 -9.94717616e-02 0.0
-2.84414312e-01 -1.21358091e-01 0.0
-2.82120584e-01 -1.44120449e-01 0.0
-2.78069625e-01 -1.67378213e-01 0.0
-2.71945095e-01 -1.90616918e-01 0.0
-2.63424966e-01 -2.13170457e-01 0.0
-2.52206389e-01 -2.34209509e-01 0.0
-2.38041414e-01 -2.52741973e-01 0.0
-2.20783426e-01 -2.67632253e-01 0.0
-2.00442461e-01 -2.77646904e-01 0.0
-1.77243444e-01 -2.81532252e-01 0.0
-1.51678272e-01 -2.78125233e-01 0.0
-1.24538660e-01 -2.66490198e-01 0.0
-9.69168398e-02 -2.46063816e-01 0.0
-7.01640585e-02 -2.16779316e-01 0.0
-4.58065352e-02 -1.79136074e-01 0.0
-2.54301021e-02 -1.34185278e-01 0.0
-1.05575321e-02 -8.34199049e-02 0.0
-2.33993009e-03 -2.85831781e-02 0.0
-6.98582141e-04 1.76422223e-02 0.0
-3.81485039e-03 4.82571977e-02 0.0
-9.84907896e-03 7.42772638e-02 0.0
-1.79753891e-02 9.59106383e-02 0.0
-2.76095532e-02 1.13468566e-01 0.0
-3.82325182e-02 1.27327063e-01 0.0
-4.94070767e-02 1.37894666e-01 0.0
-6.07826823e-02 1.45587284e-01 0.0
-7.20918709e-02 1.50810032e-01 0.0
-8.31410423e-02 1.53944998e-01 0.0
-9.37987532e-02 1.55343797e-01 0.0
-1.03983180e-01 1.55323539e-01 0.0
-1.13650513e-01 1.54165307e-01 0.0
-1.22784670e-01 1.52114206e-01 0.0
-1.31389024e-01 1.49380557e-01 0.0
-1.39479813e-01 1.46141706e-01 0.0
-1.47081388e-01 1.42544333e-01 0.0
-1.54222731e-01 1.38706907e-01 0.0
-1.60935248e-01 1.34722310e-01 0.0
-1.67251261e-01 1.30660321e-01 0.0
-1.73203245e-01 1.26570075e-01 0.0
-1.78823324e-01 1.22482192e-01 0.0
-1.84143138e-01 1.18410772e-01 0.0
-1.89193723e-01 1.14354985e-01 0.0
-1.94005542e-01 1.10300505e-01 0.0
-1.98608418e-01 1.06220551e-01 0.0
-2.03031516e-01 1.02076843e-01 0.0
-2.07303181e-01 9.78202304e-02 0.0
-2.11450774e-01 9.33913356e-02 0.0
-2.15500364e-01 8.87209792e-02 0.0
-2.19476368e-01 8.37307324e-02 0.0
-2.23401051e-01 7.83333614e-02 0.0
-2.27293932e-01 7.24335157e-02 0.0
-2.31171033e-01 6.59284234e-02 0.0
-2.35043974e-01 5.87089554e-02 0.0
-2.38918884e-01 5.06608296e-02 0.0
-2.42795063e-01 4.16663368e-02 0.0
-2.46663400e-01 3.16063877e-02 0.0
-2.50504423e-01 2.03632996e-02 0.0
-2.54286008e-01 7.82417925e-03 0.0
-2.57960574e-01 -6.11461373e-03 0.0
-2.61461826e-01 -2.15419688e-02 0.0
-2.64700880e-01 -3.85249046e-02 0.0
-2.67561945e-01 -5.70997379e-02 0.0
-2.69897494e-01 -7.72608379e-02 0.0
-2.71523414e-01 -9.89467735e-02 0.0
-2.72214460e-01 -1.22023166e-01 0.0
-2.71701162e-01 -1.46262251e-01 0.0
-2.69669340e-01 -1.71319050e-01 0.0
-2.65764509e-01 -1.96705308e-01 0.0
-2.59603473e-01 -2.21763104e-01 0.0
-2.50796456e-01 -2.45642336e-01 0.0
-2.38982349e-01 -2.67288116e-01 0.0
-2.23879344e-01 -2.85446998e-01 0.0
-2.05350064e-01 -2.98702309e-01 0.0
-1.83476903e-01 -3.05548935e-01 0.0
-1.58637062e-01 -3.04513484e-01 0.0
-1.31561822e-01 -2.94316727e-01 0.0
-1.03360521e-01 -2.74060346e-01 0.0
-7.54925832e-02 -2.43403452e-01 0.0
-4.96801370e-02 -2.02681865e-01 0.0
-2.77718034e-02 -1.52924220e-01 0.0
-1.15866091e-02 -9.57387033e-02 0.0
-2.57273606e-03 -3.30797389e-02 0.0
-7.29908475e-04 1.94838427e-02 0.0
-3.95921071e-03 5.31742878e-02 0.0
-1.01884302e-02 8.16236445e-02 0.0
-1.85522177e-02 1.05054388e-01 0.0
-2.84255184e-02 1.23832322e-01 0.0
-3.92523113e-02 1.38413116e-01 0.0
-5.05651146e-02 1.49296033e-01 0.0
-6.19913327e-02 1.56987808e-01 0.0
-7.32494864e-02 1.61976926e-01 0.0
-8.41393427e-02 1.64717217e-01 0.0
-9.45286933e-02 1.65618732e-01 0.0
-1.04339549e-01 1.65043988e-01 0.0
-1.13534959e-01 1.63307709e-01 0.0
-1.22107713e-01 1.60678831e-01 0.0
-1.30070948e-01 1.57383645e-01 0.0
-1.37451013e-01 1.53609603e-01 0.0
-1.44282071e-01 1.49509206e-01 0.0
-1.50602447e-01 1.45203897e-01 0.0
-1.56452093e-01 1.40787631e-01 0.0
-1.61871147e-01 1.36330222e-01 0.0
-1.66899031e-01 1.31880202e-01 0.0
-1.71574135e-01 1.27467413e-01 0.0
-1.75933660e-01 1.23105060e-01 0.0
-1.80013735e-01 1.18791531e-01 0.0
-1.83849499e-01 1.14511719e-01 0.0
-1.87475289e-01 1.10238184e-01 0.0
-1.90924715e-01 1.05931917e-01 0.0
-1.94230752e-01 1.01543045e-01 0.0
-1.97425700e-01 9.70112508e-02 0.0
-2.00541113e-01 9.22662571e-02 0.0
-2.03607589e-01 8.72281250e-02 0.0
-2.06654484e-01 8.18077389e-02 0.0
-2.09709483e-01 7.59072112e-02 0.0
-2.12798044e-01 6.94205811e-02 0.0
-2.15942660e-01 6.22345465e-02 0.0
-2.19161930e-01 5.42296088e-02 0.0
-2.22469391e-01 4.52813859e-02 0.0
-2.25872027e-01 3.52624980e-02 0.0
-2.29368449e-01 2.40448187e-02 0.0
-2.32946569e-01 1.15025469e-02 0.0
-2.36580781e-01 -2.48402540e-03 0.0
-2.40228416e-01 -1.80234968e-02 0.0
-2.43825501e-01 -3.52070674e-02 0.0
-2.47281590e-01 -5.41002548e-02 0.0
-2.50473836e-01 -7.47323655e-02 0.0
-2.53240223e-01 -9.70827836e-02 0.0
-2.55372562e-01 -1.21063621e-01 0.0
-2.56609755e-01 -1.46497757e-01 0.0
-2.56632926e-01 -1.73092057e-01 0.0
-2.55064236e-01 -2.00405691e-01 0.0
-2.51472697e-01 -2.27815170e-01 0.0
-2.45390602e-01 -2.54479266e-01 0.0
-2.36345374e-01 -2.79310412e-01 0.0
-2.23910595e-01 -3.00962385e-01 0.0
-2.07778597e-01 -3.17848107e-01 0.0
-1.87851862e-01 -3.28202949e-01 0.0
-1.64344102e-01 -3.30206994e-01 0.0
-1.37872535e-01 -3.22169957e-01 0.0
-1.09516191e-01 -3.02764700e-01 0.0
-8.08129893e-02 -2.71270188e-01 0.0
-5.36786274e-02 -2.27761895e-01 0.0
-3.02516085e-02 -1.73179511e-01 0.0
-1.26985197e-02 -1.09221673e-01 0.0
-2.82833944e-03 -3.80647291e-02 0.0
-7.74920265e-04 2.14018894e-02 0.0
-4.16167436e-03 5.82855233e-02 0.0
-1.06533996e-02 8.92333765e-02 0.0
-1.93241711e-02 1.14479246e-01 0.0
-2.94913871e-02 1.34448022e-01 0.0
-4.05509651e-02 1.49683835e-01 0.0
-5.20000228e-02 1.60787233e-01 0.0
-6.34432543e-02 1.68366124e-01 0.0
-7.45879014e-02 1.73001485e-01 0.0
-8.52314367e-02 1.75226131e-01 0.0
-9.52461076e-02 1.75513930e-01 0.0
-1.04562727e-01 1.74276363e-01 0.0
-1.13155843e-01 1.71863965e-01 0.0
-1.21030866e-01 1.68570464e-01 0.0
-1.28213851e-01 1.64638351e-01 0.0
-1.34743536e-01 1.60264774e-01 0.0
-1.40665700e-01 1.55607390e-01 0.0
-1.46029141e-01 1.50789668e-01 0.0
-1.50883209e-01 1.45905719e-01 0.0
-1.55276233e-01 1.41024361e-01 0.0
-1.59254815e-01 1.36192685e-01 0.0
-1.62863503e-01 1.31438883e-01 0.0
-1.66144890e-01 1.26774666e-01 0.0
-1.69139775e-01 1.22197052e-01 0.0
-1.71887517e-01 1.17689876e-01 0.0
-1.74426315e-01 1.13224791e-01 0.0
-1.76793545e-01 1.08762145e-01 0.0
-1.79025982e-01 1.04251470e-01 0.0
-1.81160007e-01 9.96319809e-02 0.0
-1.83231696e-01 9.48328124e-02 0.0
-1.85276846e-01 8.97733794e-02 0.0
-1.87330867e-01 8.43635857e-02 0.0
-1.89428581e-01 7.85042632e-02 0.0
-1.91603861e-01 7.20875541e-02 0.0
-1.93889112e-01 6.49976258e-02 0.0
-1.96314562e-01 5.71114324e-02 0.0
-1.98907278e-01 4.82999205e-02 0.0
-2.01689914e-01 3.84294165e-02 0.0
-2.04679036e-01 2.73636213e-02 0.0
-2.07882997e-01 1.49660001e-02 0.0
-2.11299158e-01 1.10306614e-03 0.0
-2.14910405e-01 -1.43515388e-02 0.0
-2.18680661e-01 -3.15115210e-02 0.0
-2.22549378e-01 -5.04708353e-02 0.0
-2.26424675e-01 -7.12940868e-02 0.0
-2.30175271e-01 -9.40039290e-02 0.0
-2.33621114e-01 -1.18564151e-01 0.0
-2.36523439e-01 -1.44857571e-01 0.0
-2.38575074e-01 -1.72657305e-01 0.0
-2.39393212e-01 -2.01590868e-01 0.0
-2.38517550e-01 -2.31097076e-01 0.0
-2.35418671e-01 -2.60378222e-01 0.0
-2.29522338e-01 -2.88352912e-01 0.0
-2.20256619e-01 -3.13620285e-01 0.0
-2.07127008e-01 -3.34451726e-01 0.0
-1.89821293e-01 -3.48831698e-01 0.0
-1.68337101e-01 -3.54570124e-01 0.0
-1.43113835e-01 -3.49501593e-01 0.0
-1.15137184e-01 -3.31766002e-01 0.0
-8.59775240e-02 -3.00131700e-01 0.0
-5.77290122e-02 -2.54283218e-01 0.0
-3.28426933e-02 -1.94971494e-01 0.0
-1.38876056e-02 -1.23937844e-01 0.0
-3.10663276e-03 -4.35836836e-02 0.0
-8.37042615e-04 2.34271466e-02 0.0
-4.43702731e-03 6.36603089e-02 0.0
-1.12756852e-02 9.71889950e-02 0.0
-2.03398686e-02 1.24258613e-01 0.0
-3.08679450e-02 1.45363985e-01 0.0
-4.21940695e-02 1.61153622e-01 0.0
-5.37735566e-02 1.72346045e-01 0.0
-6.51882292e-02 1.79665279e-01 0.0
-7.61378052e-02 1.83796624e-01 0.0
-8.64236669e-02 1.85360469e-01 0.0
-9.59293429e-02 1.84900026e-01 0.0
-1.04601274e-01 1.82878913e-01 0.0
-1.12431408e-01 1.79684765e-01 0.0
-1.19442849e-01 1.75636237e-01 0.0
-1.25678437e-01 1.70991266e-01 0.0
-1.31192359e-01 1.65955588e-01 0.0
-1.36044077e-01 1.60690585e-01 0.0
-1.40294398e-01 1.55320369e-01 0.0
-1.44002910e-01 1.49937737e-01 0.0
-1.47226673e-01 1.44609273e-01 0.0
-1.50019555e-01 1.39379385e-01 0.0
-1.52432206e-01 1.34273675e-01 0.0
-1.54512233e-01 1.29301445e-01 0.0
-1.56304670e-01 1.24457757e-01 0.0
-1.57852431e-01 1.19724838e-01 0.0
-1.59196871e-01 1.15073235e-01 0.0
-1.60378256e-01 1.10462487e-01 0.0
-1.61436246e-01 1.05841727e-01 0.0
-1.62410260e-01 1.01149937e-01 0.0
-1.63339809e-01 9.63162698e-02 0.0
-1.64264701e-01 9.12601412e-02 0.0
-1.65225182e-01 8.58915038e-02 0.0
-1.66261931e-01 8.01109854e-02 0.0
-1.67415940e-01 7.38102986e-02 0.0
-1.68728235e-01 6.68726050e-02 0.0
-1.70239392e-01 5.91732354e-02 0.0
-1.71988839e-01 5.05804546e-02 0.0
-1.74013832e-01 4.09566842e-02 0.0
-1.76348083e-01 3.01598977e-02 0.0
-1.79019867e-01 1.80456356e-02 0.0
-1.82049537e-01 4.46942682e-03 0.0
-1.85446189e-01 -1.07098396e-02 0.0
-1.89203358e-01 -2.76256377e-02 0.0
-1.93293352e-01 -4.63978542e-02 0.0
-1.97660116e-01 -6.71248575e-02 0.0
-2.02210166e-01 -8.98723694e-02 0.0
-2.06801669e-01 -1.14658225e-01 0.0
-2.11231563e-01 -1.41431144e-01 0.0
-2.15221596e-01 -1.70041937e-01 0.0
-2.18404581e-01 -2.00204991e-01 0.0
-2.20314082e-01 -2.31448999e-01 0.0
-2.20382092e-01 -2.63057061e-01 0.0
-2.17952114e-01 -2.94000280e-01 0.0
-2.12316439e-01 -3.22874217e-01 0.0
-2.02787573e-01 -3.47856184e-01 0.0
-1.88810401e-01 -3.66710047e-01 0.0
-1.70114152e-01 -3.76872146e-01 0.0
-1.46887829e-01 -3.75649097e-01 0.0
-1.19944052e-01 -3.60538870e-01 0.0
-9.08184598e-02 -3.29644038e-01 0.0
-6.17506300e-02 -2.82087182e-01 0.0
-3.55178870e-02 -2.18286562e-01 0.0
-1.51499177e-02 -1.39945811e-01 0.0
-3.40814160e-03 -4.96825560e-02 0.0
-9.21278423e-04 2.55988257e-02 0.0
-4.80575539e-03 6.93864566e-02 0.0
-1.20978616e-02 1.05593632e-01 0.0
-2.16618379e-02 1.34482163e-01 0.0
-3.26296706e-02 1.56636381e-01 0.0
-4.42568248e-02 1.72834549e-01 0.0
-5.59501781e-02 1.83938012e-01 0.0
-6.72696935e-02 1.90807560e-01 0.0
-7.79138048e-02 1.94248098e-01 0.0
-8.76964031e-02 1.94977529e-01 0.0
-9.65217336e-02 1.93614055e-01 0.0
-1.04360579e-01 1.90675750e-01 0.0
-1.11229982e-01 1.86587562e-01 0.0
-1.17176842e-01 1.81691845e-01 0.0
-1.22265627e-01 1.76260141e-01 0.0
-1.26569400e-01 1.70504522e-01 0.0
-1.30163824e-01 1.64587916e-01 0.0
-1.33123225e-01 1.58632887e-01 0.0
-1.35518415e-01 1.52729054e-01 0.0
-1.37415537e-01 1.46938978e-01 0.0
-1.38875808e-01 1.41302977e-01 0.0
-1.39955664e-01 1.35842736e-01 0.0
-1.40707301e-01 1.30564199e-01 0.0
-1.41179295e-01 1.25459587e-01 0.0
-1.41417373e-01 1.20509004e-01 0.0
-1.41465121e-01 1.15681418e-01 0.0
-1.41364735e-01 1.10935466e-01 0.0
-1.41157657e-01 1.06219824e-01 0.0
-1.40885196e-01 1.01473561e-01 0.0
-1.40589039e-01 9.66262051e-02 0.0
-1.40311696e-01 9.15979242e-02 0.0
-1.40096835e-01 8.62995114e-02 0.0
-1.39989528e-01 8.06325894e-02 0.0
-1.40036353e-01 7.44896984e-02 0.0
-1.40285362e-01 6.77546782e-02 0.0
-1.40785876e-01 6.03030017e-02 0.0
-1.41588045e-01 5.20024709e-02 0.0
-1.42742155e-01 4.27139358e-02 0.0
-1.44297552e-01 3.22924570e-02 0.0
-1.46301138e-01 2.05886061e-02 0.0
-1.48795221e-01 7.45036667e-03 0.0
-1.51814619e-01 -7.27457423e-03 0.0
-1.55382657e-01 -2.37355460e-02 0.0
-1.59505868e-01 -4.20745938e-02 0.0
-1.64166863e-01 -6.24202167e-02 0.0
-1.69315112e-01 -8.48785744e-02 0.0
-1.74854995e-01 -1.09520502e-01 0.0
-1.80631062e-01 -1.36362778e-01 0.0
-1.86410342e-01 -1.65340869e-01 0.0
-1.91862818e-01 -1.96270482e-01 0.0
-1.96542108e-01 -2.28794609e-01 0.0
-1.99871120e-01 -2.62314325e-01 0.0
-2.01140012e-01 -2.95904005e-01 0.0
-1.99527871e-01 -3.28218218e-01 0.0
-1.94161810e-01 -3.57407030e-01 0.0
-1.84227605e-01 -3.81070502e-01 0.0
-1.69138932e-01 -3.96296547e-01 0.0
-1.48756754e-01 -3.99833136e-01 0.0
-1.23623549e-01 -3.88431761e-01 0.0
-9.51477346e-02 -3.59352508e-01 0.0
-6.56560214e-02 -3.10938219e-01 0.0
-3.82515370e-02 -2.43072724e-01 0.0
-1.64844468e-02 -1.57294689e-01 0.0
-3.73459707e-03 -5.64095637e-02 0.0
-1.03467465e-03 2.79681803e-02 0.0
-5.29645631e-03 7.55767711e-02 0.0
-1.31773907e-02 1.14576377e-01 0.0
-2.33713487e-02 1.45257380e-01 0.0
-3.48683483e-02 1.68326030e-01 0.0
-4.68253025e-02 1.84729051e-01 0.0
-5.85945525e-02 1.95506162e-01 0.0
-6.97183818e-02 2.01682812e-01 0.0
-7.99038842e-02 2.04202524e-01 0.0
-8.89900631e-02 2.03891953e-01 0.0
-9.69144151e-02 2.01449392e-01 0.0
-1.03683474e-01 1.97448403e-01 0.0
-1.09348702e-01 1.92349631e-01 0.0
-1.13988227e-01 1.86516259e-01 0.0
-1.17693523e-01 1.80229913e-01 0.0
-1.20560432e-01 1.73705542e-01 0.0
-1.22683265e-01 1.67104268e-01 0.0
-1.24151440e-01 1.60544233e-01 0.0
-1.25047666e-01 1.54109250e-01 0.0
-1.25447397e-01 1.47855765e-01 0.0
-1.25418912e-01 1.41818111e-01 0.0
-1.25023956e-01 1.36012641e-01 0.0
-1.24318533e-01 1.30440651e-01 0.0
-1.23353915e-01 1.25090658e-01 0.0
-1.22177607e-01 1.19939853e-01 0.0
-1.20834373e-01 1.14955235e-01 0.0
-1.19367145e-01 1.10094189e-01 0.0
-1.17817934e-01 1.05304968e-01 0.0
-1.16228618e-01 1.00526798e-01 0.0
-1.14641690e-01 9.56900429e-02 0.0
-1.13100896e-01 9.07161092e-02 0.0
-1.11651795e-01 8.55175271e-02 0.0
-1.10342219e-01 7.99978516e-02 0.0
-1.09222613e-01 7.40518168e-02 0.0
-1.08346257e-01 6.75653740e-02 0.0
-1.07769312e-01 6.04160349e-02 0.0
-1.07550692e-01 5.24731458e-02 0.0
-1.07751669e-01 4.35985052e-02 0.0
-1.08435189e-01 3.36469591e-02 0.0
-1.09664738e-01 2.24673910e-02 0.0
-1.11502703e-01 9.90377999e-03 0.0
-1.14007944e-01 -4.20320146e-03 0.0
-1.17232430e-01 -2.00142513e-02 0.0
-1.21216468e-01 -3.76885009e-02 0.0
-1.25982215e-01 -5.73794307e-02 0.0
-1.31524737e-01 -7.92284599e-02 0.0
-1.37800106e-01 -1.03355237e-01 0.0
-1.44709655e-01 -1.29842306e-01 0.0
-1.52080020e-01 -1.58711579e-01 0.0
-1.59638777e-01 -1.89888429e-01 0.0
-1.66987086e-01 -2.23148958e-01 0.0
-1.73572605e-01 -2.58045346e-01 0.0
-1.78670037e-01 -2.93806567e-01 0.0
-1.81381203e-01 -3.29216546e-01 0.0
-1.80672658e-01 -3.62483229e-01 0.0
-1.75472077e-01 -3.91129017e-01 0.0
-1.64842747e-01 -4.11955969e-01 0.0
-1.48240241e-01 -4.21158341e-01 0.0
-1.25824457e-01 -4.14655494e-01 0.0
-9.87542146e-02 -3.88674790e-01 0.0
-6.93514845e-02 -3.40510345e-01 0.0
-4.10218561e-02 -2.69234684e-01 0.0
-1.78953146e-02 -1.76026340e-01 0.0
-4.08945473e-03 -6.38181074e-02 0.0
-1.18747182e-03 3.06037525e-02 0.0
-5.94920727e-03 8.23781479e-02 0.0
-1.45922855e-02 1.24299032e-01 0.0
-2.55738532e-02 1.56710276e-01 0.0
-3.76960341e-02 1.80492349e-01 0.0
-4.99944778e-02 1.96818170e-01 0.0
-6.17638824e-02 2.06955746e-01 0.0
-7.25384218e-02 2.12131651e-01 0.0
-8.20501228e-02 2.13450950e-01 0.0
-9.01810243e-02 2.11860674e-01 0.0
-9.69188395e-02 2.08142912e-01 0.0
-1.02320086e-01 2.02925269e-01 0.0
-1.06481994e-01 1.96699990e-01 0.0
-1.09522205e-01 1.89845727e-01 0.0
-1.11565118e-01 1.82648753e-01 0.0
-1.12733096e-01 1.75321692e-01 0.0
-1.13141422e-01 1.68019386e-01 0.0
-1.12895637e-01 1.60851618e-01 0.0
-1.12090673e-01 1.53893246e-01 0.0
-1.10810926e-01 1.47191877e-01 0.0
-1.09131081e-01 1.40773798e-01 0.0
-1.07117177e-01 1.34648225e-01 0.0
-1.04827933e-01 1.28810536e-01 0.0
-1.02316043e-01 1.23244404e-01 0.0
-9.96295208e-02 1.17923419e-01 0.0
-9.68129222e-02 1.12811981e-01 0.0
-9.39085590e-02 1.07865999e-01 0.0
-9.09575684e-02 1.03033106e-01 0.0
-8.80009518e-02 9.82528783e-02 0.0
-8.50804848e-02 9.34567205e-02 0.0
-8.22395797e-02 8.85678843e-02 0.0
-7.95240315e-02 8.35012562e-02 0.0
-7.69826932e-02 7.81633608e-02 0.0
-7.46680376e-02 7.24521994e-02 0.0
-7.26366065e-02 6.62573565e-02 0.0
-7.09493283e-02 5.94599805e-02 0.0
-6.96716565e-02 5.19330587e-02 0.0
-6.88735196e-02 4.35415813e-02 0.0
-6.86289749e-02 3.41430049e-02 0.0
-6.90155464e-02 2.35876104e-02 0.0
-7.01130489e-02 1.17191700e-02 0.0
-7.20018224e-02 -1.62443783e-03 0.0
-7.47600283e-02 -1.66101879e-02 0.0
-7.84597887e-02 -3.34086335e-02 0.0
-8.31615551e-02 -5.21916563e-02 0.0
-8.89062078e-02 -7.31289357e-02 0.0
-9.57038632e-02 -9.63816176e-02 0.0
-1.03518515e-01 -1.22091611e-01 0.0
-1.12247156e-01 -1.50363158e-01 0.0
-1.21692618e-01 -1.81232527e-01 0.0
-1.31529720e-01 -2.14619351e-01 0.0
-1.41266732e-01 -2.50252330e-01 0.0
-1.50207381e-01 -2.87561416e-01 0.0
-1.57425254e-01 -3.25532577e-01 0.0
-1.61770241e-01 -3.62530682e-01 0.0
-1.61935958e-01 -3.96116359e-01 0.0
-1.56620761e-01 -4.22913093e-01 0.0
-1.44806647e-01 -4.38617782e-01 0.0
-1.26147346e-01 -4.38271091e-01 0.0
-1.01396909e-01 -4.16879832e-01 0.0
-7.27358809e-02 -3.70369028e-01 0.0
-4.38141081e-02 -2.96627375e-01 0.0
-1.93949671e-02 -1.96179314e-01 0.0
-4.47919498e-03 -7.19715266e-02 0.0
-1.39450621e-03 3.35991541e-02 0.0
-6.82075893e-03 8.99841663e-02 0.0
-1.64485670e-02 1.34963917e-01 0.0
-2.84051711e-02 1.68983588e-01 0.0
-4.12454908e-02 1.93181568e-01 0.0
-5.38604709e-02 2.09042413e-01 0.0
-6.54905839e-02 2.18131064e-01 0.0
-7.56812409e-02 2.21921581e-01 0.0
-8.42148834e-02 2.21706421e-01 0.0
-9.10422166e-02 2.18563503e-01 0.0
-9.62232892e-02 2.13359041e-01 0.0
-9.98822477e-02 2.06769421e-01 0.0
-1.02174966e-01 1.99310546e-01 0.0
-1.03267573e-01 1.91368079e-01 0.0
-1.03323000e-01 1.83224834e-01 0.0
-1.02493421e-01 1.75084109e-01 0.0
-1.00916475e-01 1.67088452e-01 0.0
-9.87140997e-02 1.59334500e-01 0.0
-9.59927766e-02 1.51884188e-01 0.0
-9.28447536e-02 1.44773282e-01 0.0
-8.93496062e-02 1.38017521e-01 0.0
-8.55760745e-02 1.31617191e-01 0.0
-8.15838369e-02 1.25560216e-01 0.0
-7.74253054e-02 1.19824433e-01 0.0
-7.31472433e-02 1.14378939e-01 0.0
-6.87923346e-02 1.09185090e-01 0.0
-6.44005743e-02 1.04196904e-01 0.0
-6.00106018e-02 9.93613778e-02 0.0
-5.56608838e-02 9.46184133e-02 0.0
-5.13908439e-02 8.99008215e-02 0.0
-4.72418705e-02 8.51340482e-02 0.0
-4.32582662e-02 8.02360838e-02 0.0
-3.94880930e-02 7.51171660e-02 0.0
-3.59839384e-02 6.96797281e-02 0.0
-3.28035786e-02 6.38181805e-02 0.0
-3.00105223e-02 5.74189647e-02 0.0
-2.76744292e-02 5.03604513e-02 0.0
-2.58713391e-02 4.25131015e-02 0.0
-2.46837116e-02 3.37394509e-02 0.0
-2.42001509e-02 2.38943110e-02 0.0
-2.45147926e-02 1.28247474e-02 0.0
-2.57261261e-02 3.70222370e-04 0.0
-2.79351466e-02 -1.36374938e-02 0.0
-3.12424150e-02 -2.93741748e-02 0.0
-3.57437054e-02 -4.70229372e-02 0.0
-4.15234383e-02 -6.67731529e-02 0.0
-4.86451221e-02 -8.88179483e-02 0.0
-5.71373524e-02 -1.13348291e-01 0.0
-6.69739036e-02 -1.40541182e-01 0.0
-7.80458302e-02 -1.70537017e-01 0.0
-9.01240847e-02 -2.03399410e-01 0.0
-1.02811951e-01 -2.39047306e-01 0.0
-1.15490204e-01 -2.77147456e-01 0.0
-1.27263767e-01 -3.16955025e-01 0.0
-1.36929545e-01 -3.57097398e-01 0.0
-1.42998624e-01 -3.95314784e-01 0.0
-1.43819953e-01 -4.28208478e-01 0.0
-1.37854559e-01 -4.51101854e-01 0.0
-1.24124503e-01 -4.58176331e-01 0.0
-1.02789989e-01 -4.43059506e-01 0.0
-7.56957609e-02 -3.99944579e-01 0.0
-4.66237623e-02 -3.25045572e-01 0.0
-2.10090746e-02 -2.17794928e-01 0.0
-4.91501598e-03 -8.09508304e-02 0.0
-1.67788285e-03 3.70849413e-02 0.0
-7.99225043e-03 9.86524027e-02 0.0
-1.88904481e-02 1.46821703e-01 0.0
-3.20369335e-02 1.82228913e-01 0.0
-4.56649137e-02 2.06404572e-01 0.0
-5.85007860e-02 2.21270296e-01 0.0
-6.97480157e-02 2.28780566e-01 0.0
-7.89983169e-02 2.30713084e-01 0.0
-8.61238728e-02 2.28574171e-01 0.0
-9.11794168e-02 2.23578689e-01 0.0
-9.43256834e-02 2.16671260e-01 0.0
-9.57750057e-02 2.08565554e-01 0.0
-9.57558291e-02 1.99788031e-01 0.0
-9.44911986e-02 1.90718651e-01 0.0
-9.21871388e-02 1.81625716e-01 0.0
-8.90272804e-02 1.72693881e-01 0.0
-8.51715073e-02 1.64046058e-01 0.0
-8.07567413e-02 1.55759854e-01 0.0
-7.58990081e-02 1.47879884e-01 0.0
-7.06959255e-02 1.40426589e-01 0.0
-6.52294234e-02 1.33402677e-01 0.0
-5.95683060e-02 1.26797501e-01 0.0
-5.37707253e-02 1.20590208e-01 0.0
-4.78863700e-02 1.14751677e-01 0.0
-4.19585128e-02 1.09245901e-01 0.0
-3.60257990e-02 1.04030633e-01 0.0
-3.01239186e-02 9.90578504e-02 0.0
-2.42870794e-02 9.42737506e-02 0.0
-1.85493979e-02 8.96187735e-02 0.0
-1.29461444e-02 8.50273013e-02 0.0
-7.51492598e-03 8.04275110e-02 0.0
-2.29676059e-03 7.57409861e-02 0.0
2.66291055e-03 7.08825542e-02 0.0
7.31330052e-03 6.57599301e-02 0.0
1.15974342e-02 6.02736192e-02 0.0
1.54513957e-02 5.43166419e-02 0.0
1.88036946e-02 4.77745144e-02 0.0
2.15747459e-02 4.05250282e-02 0.0
2.36765371e-02 3.24382346e-02 0.0
2.50124754e-02 2.33761557e-02 0.0
2.54775524e-02 1.31925921e-02 0.0
2.49588494e-02 1.73253678e-03 0.0
2.33366388e-02 -1.11684579e-02 0.0
2.04862208e-02 -2.56854076e-02 0.0
1.62810021e-02 -4.20050828e-02 0.0
1.05972767e-02 -6.03274395e-02 0.0
3.32176260e-03 -8.08663590e-02 0.0
-5.63691343e-03 -1.03848872e-01 0.0
-1.63306834e-02 -1.29510183e-01 0.0
-2.87460524e-02 -1.58080628e-01 0.0
-4.27663706e-02 -1.89757140e-01 0.0
-5.81196400e-02 -2.24648358e-01 0.0
-7.43106206e-02 -2.62677094e-01 0.0
-9.05418062e-02 -3.03420566e-01 0.0
-1.05638423e-01 -3.45869396e-01 0.0
-1.18011380e-01 -3.88100689e-01 0.0
-1.25715448e-01 -4.26897123e-01 0.0
-1.26680128e-01 -4.57413874e-01 0.0
-1.19183474e-01 -4.73090980e-01 0.0
-1.02573504e-01 -4.66089305e-01 0.0
-7.80919571e-02 -4.28490527e-01 0.0
-4.94586470e-02 -3.54204910e-01 0.0
-2.27834813e-02 -2.40925428e-01 0.0
-5.41600800e-03 -9.08673139e-02 0.0
-2.07105824e-03 4.12472268e-02 0.0
-9.58119307e-03 1.08727971e-01 0.0
-2.21130770e-02 1.60176231e-01 0.0
-3.66782606e-02 1.96586077e-01 0.0
-5.10988944e-02 2.20096049e-01 0.0
-6.39314231e-02 2.33247254e-01 0.0
-7.43851373e-02 2.38504590e-01 0.0
-8.21584184e-02 2.38012688e-01 0.0
-8.72714298e-02 2.33513184e-01 0.0
-8.99303693e-02 2.26354215e-01 0.0
-9.04308428e-02 2.17542534e-01 0.0
-8.90958149e-02 2.07808640e-01 0.0
-8.62392590e-02 1.97669283e-01 0.0
-8.21474388e-02 1.87481026e-01 0.0
-7.70710816e-02 1.77483005e-01 0.0
-7.12240876e-02 1.67829826e-01 0.0
-6.47855767e-02 1.58615919e-01 0.0
-5.79036469e-02 1.49893391e-01 0.0
-5.06995846e-02 1.41684649e-01 0.0
-4.32721444e-02 1.33991404e-01 0.0
-3.57014405e-02 1.26800761e-01 0.0
-2.80525108e-02 1.20089479e-01 0.0
-2.03783817e-02 1.13826631e-01 0.0
-1.27228086e-02 1.07975439e-01 0.0
-5.12260817e-03 1.02494197e-01 0.0
2.39023879e-03 9.73368946e-02 0.0
9.78677521e-03 9.24532918e-02 0.0
1.70393990e-02 8.77889682e-02 0.0
2.41203887e-02 8.32850075e-02 0.0
3.10005173e-02 7.88778093e-02 0.0
3.76477937e-02 7.44986327e-02 0.0
4.40262667e-02 7.00733512e-02 0.0
5.00949169e-02 6.55219931e-02 0.0
5.58066083e-02 6.07585351e-02 0.0
6.11071099e-02 5.56905038e-02 0.0
6.59341930e-02 5.02188366e-02 0.0
7.02167987e-02 4.42375381e-02 0.0
7.38743151e-02 3.76335584e-02 0.0
7.68159451e-02 3.02864036e-02 0.0
7.89402455e-02 2.20678661e-02 0.0
8.01348164e-02 1.28413502e-02 0.0
8.02762856e-02 2.46112588e-03 0.0
7.92306070e-02 -9.22904653e-03 0.0
7.68539496e-02 -2.23976359e-02 0.0
7.29943551e-02 -3.72279362e-02 0.0
6.74947660e-02 -5.39211707e-02 0.0
6.01980688e-02 -7.27003183e-02 0.0
5.09555528e-02 -9.38136277e-02 0.0
3.96405881e-02 -1.17536603e-01 0.0
2.61706202e-02 -1.44168786e-01 0.0
1.05414088e-02 -1.74019371e-01 0.0
-7.12117949e-03 -2.07370194e-01 0.0
-2.64869641e-02 -2.44398421e-01 0.0
-4.69226656e-02 -2.85032287e-01 0.0
-6.73762116e-02 -3.28707452e-01 0.0
-8.62712904e-02 -3.73994544e-01 0.0
-1.01472796e-01 -4.18097645e-01 0.0
-1.10424342e-01 -4.56297082e-01 0.0
-1.10585562e-01 -4.81543166e-01 0.0
-1.00258699e-01 -4.84573920e-01 0.0
-7.97293035e-02 -4.55016828e-01 0.0
-5.23363647e-02 -3.83704837e-01 0.0
-2.47941443e-02 -2.65642870e-01 0.0
-6.01408105e-03 -1.01883257e-01 0.0
-2.62625806e-03 4.63578118e-02 0.0
-1.17597792e-02 1.20674315e-01 0.0
-2.63768603e-02 1.75378866e-01 0.0
-4.25646612e-02 2.12136444e-01 0.0
-5.76394555e-02 2.34041135e-01 0.0
-7.00184709e-02 2.44513742e-01 0.0
-7.90057660e-02 2.46679148e-01 0.0
-8.45045717e-02 2.43110257e-01 0.0
-8.67659453e-02 2.35790047e-01 0.0
-8.62072302e-02 2.26177628e-01 0.0
-8.32968724e-02 2.15309294e-01 0.0
-7.84891528e-02 2.03899193e-01 0.0
-7.21922902e-02 1.92425378e-01 0.0
-6.47565641e-02 1.81197454e-01 0.0
-5.64736695e-02 1.70407400e-01 0.0
-4.75814664e-02 1.60166312e-01 0.0
-3.82710307e-02 1.50530569e-01 0.0
-2.86940433e-02 1.41519909e-01 0.0
-1.89698224e-02 1.33129938e-01 0.0
-9.19147261e-03 1.25340418e-01 0.0
5.68771323e-04 1.18120896e-01 0.0
1.02551083e-02 1.11434176e-01 0.0
1.98243911e-02 1.05238624e-01 0.0
2.92430175e-02 9.94893506e-02 0.0
3.84842500e-02 9.41389596e-02 0.0
4.75259780e-02 8.91376655e-02 0.0
5.63487329e-02 8.44333404e-02 0.0
6.49339785e-02 7.99711621e-02 0.0
7.32625418e-02 7.56933740e-02 0.0
8.13132108e-02 7.15387594e-02 0.0
8.90614102e-02 6.74423218e-02 0.0
9.64779777e-02 6.33347369e-02 0.0
1.03527992e-01 5.91420584e-02 0.0
1.10169664e-01 5.47852215e-02 0.0
1.16353279e-01 5.01798161e-02 0.0
1.22020180e-01 4.52356541e-02 0.0
1.27101823e-01 3.98565853e-02 0.0
1.31518864e-01 3.39400656e-02 0.0
1.35180345e-01 2.73768962e-02 0.0
1.37982922e-01 2.00506047e-02 0.0
1.39810238e-01 1.18368317e-02 0.0
1.40532376e-01 2.60214201e-03 0.0
1.40005557e-01 -7.79746301e-03 0.0
1.38072069e-01 -1.95189746e-02 0.0
1.34560728e-01 -3.27355659e-02 0.0
1.29288070e-01 -4.76412000e-02 0.0
1.22060990e-01 -6.44564216e-02 0.0
1.12681700e-01 -8.34356319e-02 0.0
1.00956890e-01 -1.04874742e-01 0.0
8.67137834e-02 -1.29117493e-01 0.0
6.98277565e-02 -1.56555352e-01 0.0
5.02679497e-02 -1.87611748e-01 0.0
2.81696527e-02 -2.22692721e-01 0.0
3.94214476e-03 -2.62074716e-01 0.0
-2.15841643e-02 -3.05685112e-01 0.0
-4.69849823e-02 -3.52720934e-01 0.0
-7.00943667e-02 -4.01060319e-01 0.0
-8.79945246e-02 -4.46482663e-01 0.0
-9.73265187e-02 -4.81864336e-01 0.0
-9.51305718e-02 -4.96775529e-01 0.0
-8.02925367e-02 -4.78182626e-01 0.0
-5.52691330e-02 -4.12955362e-01 0.0
-2.71601996e-02 -2.92043486e-01 0.0
-6.76277954e-03 -1.14246386e-01 0.0
-3.42731719e-03 5.28245559e-02 0.0
-1.47827287e-02 1.35109679e-01 0.0
-3.20166035e-02 1.92794470e-01 0.0
-4.99128511e-02 2.28804907e-01 0.0
-6.52119521e-02 2.47746589e-01 0.0
-7.63022344e-02 2.54277614e-01 0.0
-8.27489017e-02 2.52349270e-01 0.0
-8.48114384e-02 2.45001515e-01 0.0
-8.30818503e-02 2.34430616e-01 0.0
-7.82566222e-02 2.22153163e-01 0.0
-7.10116765e-02 2.09178506e-01 0.0
-6.19446338e-02 1.96155275e-01 0.0
-5.15559575e-02 1.83483816e-01 0.0
-4.02504422e-02 1.71397839e-01 0.0
-2.83476694e-02 1.60021415e-01 0.0
-1.60954790e-02 1.49407975e-01 0.0
-3.68322688e-03 1.39566293e-01 0.0
8.74631914e-03 1.30477732e-01 0.0
2.10870109e-02 1.22107285e-01 0.0
3.32610852e-02 1.14410733e-01 0.0
4.52125890e-02 1.07338921e-01 0.0
5.69020512e-02 1.00840443e-01 0.0
6.83022662e-02 9.48629522e-02 0.0
7.93948376e-02 8.93539205e-02 0.0
9.01674026e-02 8.42606895e-02 0.0
1.00611282e-01 7.95304282e-02 0.0
1.10719526e-01 7.51096786e-02 0.0
1.20485192e-01 7.09440148e-02 0.0
1.29899835e-01 6.69774182e-02 0.0
1.38952120e-01 6.31518653e-02 0.0
1.47626554e-01 5.94066873e-02 0.0
1.55902272e-01 5.56781912e-02 0.0
1.63751891e-01 5.18990767e-02 0.0
1.71140393e-01 4.79981335e-02 0.0
1.78024051e-01 4.38997363e-02 0.0
1.84349376e-01 3.95236113e-02 0.0
1.90052090e-01 3.47843751e-02 0.0
1.95056133e-01 2.95912938e-02 0.0
1.99272681e-01 2.38477405e-02 0.0
2.02599212e-01 1.74507512e-02 0.0
2.04918565e-01 1.02901145e-02 0.0
2.06098065e-01 2.24731622e-03 0.0
2.05988643e-01 -6.80630287e-03 0.0
2.04424069e-01 -1.70119827e-02 0.0
2.01220273e-01 -2.85273325e-02 0.0
1.96175029e-01 -4.15314459e-02 0.0
1.89068218e-01 -5.62322020e-02 0.0
1.79663486e-01 -7.28757518e-02 0.0
1.67712442e-01 -9.17586927e-02 0.0
1.52963923e-01 -1.13241846e-01 0.0
1.35182353e-01 -1.37763333e-01 0.0
1.14182326e-01 -1.65843869e-01 0.0
8.98900590e-02 -1.98069975e-01 0.0
6.24466552e-02 -2.35026495e-01 0.0
3.23689686e-02 -2.77129285e-01 0.0
7.75143949e-04 -3.24282073e-01 0.0
-3.03509450e-02 -3.75263664e-01 0.0
-5.79547351e-02 -4.26775333e-01 0.0
-7.79835967e-02 -4.72210777e-01 0.0
-8.60789538e-02 -5.00529651e-01 0.0
-7.92167428e-02 -4.96128727e-01 0.0
-5.82161039e-02 -4.41033286e-01 0.0
-3.00584647e-02 -3.20232121e-01 0.0
-7.75223350e-03 -1.28348082e-01 0.0
-4.61322822e-03 6.12781571e-02 0.0
-1.90263001e-02 1.52837620e-01 0.0
-3.94235330e-02 2.12697649e-01 0.0
-5.87885553e-02 2.46163014e-01 0.0
-7.33225942e-02 2.60221644e-01 0.0
-8.16539881e-02 2.61224259e-01 0.0
-8.38967006e-02 2.54092035e-01 0.0
-8.08821498e-02 2.42306769e-01 0.0
-7.36733122e-02 2.28186974e-01 0.0
-6.33071943e-02 2.13205500e-01 0.0
-5.06833509e-02 1.98257427e-01 0.0
-3.65327959e-02 1.83858806e-01 0.0
-2.14256993e-02 1.70284566e-01 0.0
-5.79421748e-03 1.57660149e-01 0.0
1.00412450e-02 1.46020932e-01 0.0
2.58477976e-02 1.35349779e-01 0.0
4.14595531e-02 1.25600549e-01 0.0
5.67612360e-02 1.16712317e-01 0.0
7.16753262e-02 1.08617992e-01 0.0
8.61522352e-02 1.01249119e-01 0.0
1.00162746e-01 9.45386005e-02 0.0
1.13692293e-01 8.84218368e-02 0.0
1.26736511e-01 8.28372090e-02 0.0
1.39297836e-01 7.77258530e-02 0.0
1.51382764e-01 7.30313529e-02 0.0
1.62999684e-01 6.86990549e-02 0.0
1.74157051e-01 6.46755307e-02 0.0
1.84861853e-01 6.09077868e-02 0.0
1.95118234e-01 5.73427152e-02 0.0
2.04926275e-01 5.39263361e-02 0.0
2.14280832e-01 5.06033203e-02 0.0
2.23170449e-01 4.73163178e-02 0.0
2.31576294e-01 4.40055817e-02 0.0
2.39471117e-01 4.06083970e-02 0.0
2.46818226e-01 3.70588006e-02 0.0
2.53570452e-01 3.32870902e-02 0.0
2.59669135e-01 2.92195927e-02 0.0
2.65043087e-01 2.47781737e-02 0.0
2.69607562e-01 1.98799278e-02 0.0
2.73263185e-01 1.44364997e-02 0.0
2.75894869e-01 8.35341662e-03 0.0
2.77370645e-01 1.52882479e-03 0.0
2.77540439e-01 -6.14810001e-03 0.0
2.76234695e-01 -1.47997860e-02 0.0
2.73262902e-01 -2.45638608e-02 0.0
2.68411933e-01 -3.55986273e-02 0.0
2.61444421e-01 -4.80906241e-02 0.0
2.52097333e-01 -6.22654390e-02 0.0
2.40081621e-01 -7.84021817e-02 0.0
2.25084382e-01 -9.68525340e-02 0.0
2.06776898e-01 -1.18063529e-01 0.0
1.84834497e-01 -1.42601189e-01 0.0
1.58979355e-01 -1.71165192e-01 0.0
1.29064083e-01 -2.04572551e-01 0.0
9.52224615e-02 -2.43663876e-01 0.0
5.81169170e-02 -2.89048070e-01 0.0
1.92966905e-02 -3.40551315e-01 0.0
-1.83842409e-02 -3.96202927e-01 0.0
-5.04905076e-02 -4.50648026e-01 0.0
-7.13146263e-02 -4.93172900e-01 0.0
-7.54314536e-02 -5.06230841e-01 0.0
-6.09565615e-02 -4.66406686e-01 0.0
-3.37281136e-02 -3.50244798e-01 0.0
-9.13471417e-03 -1.44822116e-01 0.0
-6.41964923e-03 7.27239667e-02 0.0
-2.50294030e-02 1.74827574e-01 0.0
-4.89304159e-02 2.35005950e-01 0.0
-6.87600228e-02 2.63049357e-01 0.0
-8.05141590e-02 2.69623494e-01 0.0
-8.36197360e-02 2.63259403e-01 0.0
-7.91916526e-02 2.49871545e-01 0.0
-6.89017363e-02 2.33222822e-01 0.0
-5.44002807e-02 2.15560661e-01 0.0
-3.70844025e-02 1.98149855e-01 0.0
-1.80456945e-02 1.81650561e-01 0.0
1.90412570e-03 1.66365343e-01 0.0
2.21822635e-02 1.52392843e-01 0.0
4.23822333e-02 1.39720472e-01 0.0
6.22286832e-02 1.28278750e-01 0.0
8.15415806e-02 1.17972570e-01 0.0
1.00209166e-01 1.08698477e-01 0.0
1.18167941e-01 1.00353994e-01 0.0
1.35388156e-01 9.28420744e-02 0.0
1.51863274e-01 8.60730780e-02 0.0
1.67602404e-01 7.99650700e-02 0.0
1.82624773e-01 7.44435246e-02 0.0
1.96955723e-01 6.94404268e-02 0.0
2.10623696e-01 6.48934139e-02 0.0
2.23657989e-01 6.07446493e-02 0.0
2.36086967e-01 5.69399401e-02 0.0
2.47936649e-01 5.34276775e-02 0.0
2.59229488e-01 5.01580811e-02 0.0
2.69983330e-01 4.70822802e-02 0.0
2.80210431e-01 4.41517120e-02 0.0
2.89916552e-01 4.13173512e-02 0.0
2.99100049e-01 3.85292563e-02 0.0
3.07750997e-01 3.57359345e-02 0.0
3.15850284e-01 3.28840176e-02 0.0
3.23368701e-01 2.99177384e-02 0.0
3.30266014e-01 2.67786971e-02 0.0
3.36490002e-01 2.34053974e-02 0.0
3.41975479e-01 1.97330222e-02 0.0
3.46643253e-01 1.56929107e-02 0.0
3.50399057e-01 1.12121681e-02 0.0
3.53132367e-01 6.21283253e-03 0.0
3.54715124e-01 6.10952998e-04 0.0
3.55000249e-01 -5.68507224e-03 0.0
3.53819939e-01 -1.27766879e-02 0.0
3.50983560e-01 -2.07787156e-02 0.0
3.46275115e-01 -2.98242909e-02 0.0
3.39450066e-01 -4.00723330e-02 0.0
3.30231567e-01 -5.17180812e-02 0.0
3.18306141e-01 -6.50083399e-02 0.0
3.03319566e-01 -8.02625055e-02 0.0
2.84874653e-01 -9.79011059e-02 0.0
2.62535221e-01 -1.18481728e-01 0.0
2.35844988e-01 -1.42739229e-01 0.0
2.04378815e-01 -1.71617024e-01 0.0
1.67856909e-01 -2.06255833e-01 0.0
1.26370160e-01 -2.47863783e-01 0.0
8.07749587e-02 -2.97320139e-01 0.0
3.32876386e-02 -3.54265821e-01 0.0
-1.18268186e-02 -4.15364381e-01 0.0
-4.79085614e-02 -4.71550662e-01 0.0
-6.68667688e-02 -5.04778026e-01 0.0
-6.27730198e-02 -4.86428129e-01 0.0
-3.84226330e-02 -3.81802178e-01 0.0
-1.11619678e-02 -1.64706255e-01 0.0
-9.24452360e-03 8.88009540e-02 0.0
-3.34741167e-02 2.02002750e-01 0.0
-6.03907730e-02 2.58648453e-01 0.0
-7.80310155e-02 2.76876715e-01 0.0
-8.32194983e-02 2.72738771e-01 0.0
-7.72003154e-02 2.57230538e-01 0.0
-6.26973706e-02 2.36969405e-01 0.0
-4.24623913e-02 2.15600092e-01 0.0
-1.87476709e-02 1.94967245e-01 0.0
6.78094406e-03 1.75898810e-01 0.0
3.29648419e-02 1.58679037e-01 0.0
5.90341660e-02 1.43317760e-01 0.0
8.44988273e-02 1.29697668e-01 0.0
1.09062764e-01 1.17651784e-01 0.0
1.32561151e-01 1.07002648e-01 0.0
1.54916300e-01 9.75806740e-02 0.0
1.76107292e-01 8.92318482e-02 0.0
1.96149426e-01 8.18197697e-02 0.0
2.15080331e-01 7.52252364e-02 0.0
2.32950694e-01 6.93444947e-02 0.0
2.49817990e-01 6.40872891e-02 0.0
2.65742307e-01 5.93746823e-02 0.0
2.80783471e-01 5.51372196e-02 0.0
2.94999109e-01 5.13130763e-02 0.0
3.08443237e-01 4.78466338e-02 0.0
3.21165259e-01 4.46870255e-02 0.0
3.33209148e-01 4.17870918e-02 0.0
3.44612795e-01 3.91022516e-02 0.0
3.55407385e-01 3.65897498e-02 0.0
3.65616823e-01 3.42077754e-02 0.0
3.75257133e-01 3.19149302e-02 0.0
3.84335852e-01 2.96695345e-02 0.0
3.92851370e-01 2.74292636e-02 0.0
4.00792247e-01 2.51505980e-02 0.0
4.08136477e-01 2.27885836e-02 0.0
4.14850709e-01 2.02963795e-02 0.0
4.20889424e-01 1.76250841e-02 0.0
4.26194048e-01 1.47233068e-02 0.0
4.30692019e-01 1.15369515e-02 0.0
4.34295748e-01 8.00866295e-03 0.0
4.36901492e-01 4.07735090e-03 0.0
4.38388037e-01 -3.22799369e-04 0.0
4.38615164e-01 -5.26350804e-03 0.0
4.37421751e-01 -1.08244647e-02 0.0
4.34623388e-01 -1.70961362e-02 0.0
4.30009255e-01 -2.41842318e-02 0.0
4.23338031e-01 -3.22160630e-02 0.0
4.14332429e-01 -4.13501947e-02 0.0
4.02672055e-01 -5.17903746e-02 0.0
3.87984279e-01 -6.38060685e-02 0.0
3.69833449e-01 -7.77617539e-02 0.0
3.47710031e-01 -9.41581854e-02 0.0
3.21024798e-01 -1.13687265e-01 0.0
2.89120383e-01 -1.37298361e-01 0.0
2.51327555e-01 -1.66259729e-01 0.0
2.07119643e-01 -2.02165194e-01 0.0
1.56456942e-01 -2.46760797e-01 0.0
1.00443651e-01 -3.01324525e-01 0.0
4.23707944e-02 -3.65118342e-01 0.0
-1.10838589e-02 -4.32260285e-01 0.0
-4.95269506e-02 -4.86667089e-01 0.0
-6.16895224e-02 -4.96470230e-01 0.0
-4.41625314e-02 -4.13637446e-01 0.0
-1.42129776e-02 -1.89668988e-01 0.0
-1.37013752e-02 1.12159562e-01 0.0
-4.48217006e-02 2.34406774e-01 0.0
-7.18335898e-02 2.80172981e-01 0.0
-8.13365050e-02 2.82495356e-01 0.0
-7.34235722e-02 2.64395693e-01 0.0
-5.27002602e-02 2.38831139e-01 0.0
-2.40475488e-02 2.12213167e-01 0.0
8.73455382e-03 1.87339271e-01 0.0
4.30560665e-02 1.65191857e-01 0.0
7.72892778e-02 1.45912400e-01 0.0
1.10478510e-01 1.29292346e-01 0.0
1.42106783e-01 1.15006887e-01 0.0
1.71931654e-01 1.02719044e-01 0.0
1.99876857e-01 9.21213071e-02 0.0
2.25963388e-01 8.29482468e-02 0.0
2.50266567e-01 7.49767896e-02 0.0
2.72889790e-01 6.80215622e-02 0.0
2.93948635e-01 6.19291250e-02 0.0
3.13561460e-01 5.65721987e-02 0.0
3.31843901e-01 5.18447792e-02 0.0
3.48905801e-01 4.76578610e-02 0.0
3.64849531e-01 4.39361173e-02 0.0
3.79769199e-01 4.06150072e-02 0.0
3.93750280e-01 3.76386269e-02 0.0
4.06869537e-01 3.49577547e-02 0.0
4.19195019e-01 3.25284615e-02 0.0
4.30786094e-01 3.03107499e-02 0.0
4.41693455e-01 2.82676463e-02 0.0
4.51959064e-01 2.63642174e-02 0.0
4.61616021e-01 2.45669745e-02 0.0
4.70688365e-01 2.28431393e-02 0.0
4.79190774e-01 2.11602602e-02 0.0
4.87128205e-01 1.94856512e-02 0.0
4.94495444e-01 1.77861564e-02 0.0
5.01276591e-01 1.60277106e-02 0.0
5.07444472e-01 1.41752001e-02 0.0
5.12959992e-01 1.21920911e-02 0.0
5.17771408e-01 1.00403196e-02 0.0
5.21813535e-01 7.67990119e-03 0.0
5.25006851e-01 5.06872700e-03 0.0
5.27256467e-01 2.16198462e-03 0.0
5.28450931e-01 -1.08838581e-03 0.0
5.28460748e-01 -4.73481056e-03 0.0
5.27136528e-01 -8.83547546e-03 0.0
5.24306540e-01 -1.34567216e-02 0.0
5.19773446e-01 -1.86763694e-02 0.0
5.13309781e-01 -2.45889874e-02 0.0
5.04651690e-01 -3.13135303e-02 0.0
4.93490128e-01 -3.90050590e-02 0.0
4.79458651e-01 -4.78720882e-02 0.0
4.62116630e-01 -5.82028427e-02 0.0
4.40927181e-01 -7.04041929e-02 0.0
4.15230258e-01 -8.50590648e-02 0.0
3.84215867e-01 -1.03007722e-01 0.0
3.46913257e-01 -1.25454900e-01 0.0
3.02237849e-01 -1.54086675e-01 0.0
2.49189865e-01 -1.91128605e-01 0.0
1.87387615e-01 -2.39141154e-01 0.0
1.18213249e-01 -3.00054470e-01 0.0
4.67762110e-02 -3.72432450e-01 0.0
-1.58334308e-02 -4.45442176e-01 0.0
-5.27032621e-02 -4.88662730e-01 0.0
-4.98273444e-02 -4.41847847e-01 0.0
-1.86767592e-02 -2.22146784e-01 0.0
-2.03557984e-02 1.46629371e-01 0.0
-5.74407108e-02 2.68554839e-01 0.0
-7.54069897e-02 2.91003091e-01 0.0
-6.50285117e-02 2.70789691e-01 0.0
-3.41980930e-02 2.37358018e-01 0.0
7.66744386e-03 2.03279978e-01 0.0
5.37964262e-02 1.72982651e-01 0.0
1.00143715e-01 1.47440414e-01 0.0
1.44571194e-01 1.26341743e-01 0.0
1.86097119e-01 1.09003399e-01 0.0
2.24387195e-01 9.47220633e-02 0.0
2.59447223e-01 8.28888950e-02 0.0
2.91448324e-01 7.30110938e-02 0.0
3.20631597e-01 6.47008125e-02 0.0
3.47257950e-01 5.76558905e-02 0.0
3.71583003e-01 5.16409482e-02 0.0
3.93845441e-01 4.64717809e-02 0.0
4.14262539e-01 4.20030011e-02 0.0
4.33029276e-01 3.81188005e-02 0.0
4.50319214e-01 3.47258385e-02 0.0
4.66286088e-01 3.17480723e-02 0.0
4.81065628e-01 2.91226791e-02 0.0
4.94777310e-01 2.67971414e-02 0.0
5.07525952e-01 2.47268160e-02 0.0
5.19403063e-01 2.28732451e-02 0.0
5.30487976e-01 2.12026247e-02 0.0
5.40848739e-01 1.96847971e-02 0.0
5.50542801e-01 1.82922263e-02 0.0
5.59617494e-01 1.69993864e-02 0.0
5.68110355e-01 1.57820376e-02 0.0
5.76049280e-01 1.46168585e-02 0.0
5.83452551e-01 1.34809128e-02 0.0
5.90328730e-01 1.23514393e-02 0.0
5.96676464e-01 1.12054470e-02 0.0
6.02484177e-01 1.00196108e-02 0.0
6.07729697e-01 8.76994889e-03 0.0
6.12379793e-01 7.43177737e-03 0.0
6.16389640e-01 5.97941930e-03 0.0
6.19702213e-01 4.38615132e-03 0.0
6.22247565e-01 2.62385736e-03 0.0
6.23942008e-01 6.62842880e-04 0.0
6.24687086e-01 -1.52873989e-03 0.0
6.24368319e-01 -3.98546161e-03 0.0
6.22853539e-01 -6.74577962e-03 0.0
6.19990672e-01 -9.85352024e-03 0.0
6.15604646e-01 -1.33604094e-02 0.0
6.09493038e-01 -1.73296339e-02 0.0
6.01419790e-01 -2.18415064e-02 0.0
5.91106140e-01 -2.70018348e-02 0.0
5.78217327e-01 -3.29549868e-02 0.0
5.62343247e-01 -3.99038112e-02 0.0
5.42970321e-01 -4.81408172e-02 0.0
5.19441429e-01 -5.80965970e-02 0.0
4.90900998e-01 -7.04153395e-02 0.0
4.56226432e-01 -8.60700830e-02 0.0
4.13961393e-01 -1.06531022e-01 0.0
3.62308418e-01 -1.33983281e-01 0.0
2.99342266e-01 -1.71518057e-01 0.0
2.23821494e-01 -2.22982414e-01 0.0
1.37285502e-01 -2.91531463e-01 0.0
4.80989837e-02 -3.74546993e-01 0.0
-2.38647748e-02 -4.50724315e-01 0.0
-5.02104329e-02 -4.56316517e-01 0.0
-2.41077925e-02 -2.64519611e-01 0.0
-2.73788545e-02 1.94776618e-01 0.0
-5.96336648e-02 2.90159913e-01 0.0
-4.57402041e-02 2.73470840e-01 0.0
3.49627883e-03 2.28706989e-01 0.0
6.76117104e-02 1.84494878e-01 0.0
1.33808194e-01 1.48081109e-01 0.0
1.96092736e-01 1.19768007e-01 0.0
2.52316547e-01 9.80839736e-02 0.0
3.02159438e-01 8.14278287e-02 0.0
3.46058324e-01 6.84925212e-02 0.0
3.84697504e-01 5.83037032e-02 0.0
4.18786274e-01 5.01584789e-02 0.0
4.48972912e-01 4.35537928e-02 0.0
4.75819613e-01 3.81281658e-02 0.0
4.99802792e-01 3.36190292e-02 0.0
5.21322512e-01 2.98330650e-02 0.0
5.40714101e-01 2.66256654e-02 0.0
5.58259145e-01 2.38870045e-02 0.0
5.74194977e-01 2.15322594e-02 0.0
5.88722479e-01 1.94949717e-02 0.0
6.02012406e-01 1.77221712e-02 0.0
6.14210405e-01 1.61710761e-02 0.0
6.25441016e-01 1.48064863e-02 0.0
6.35810816e-01 1.35990661e-02 0.0
6.45410903e-01 1.25238345e-02 0.0
6.54318823e-01 1.15592388e-02 0.0
6.62600077e-01 1.06862048e-02 0.0
6.70309244e-01 9.88762906e-03 0.0
6.77490840e-01 9.14773347e-03 0.0
6.84179914e-01 8.45179512e-03 0.0
6.90402452e-01 7.78567721e-03 0.0
6.96175612e-01 7.13570351e-03 0.0
7.01507821e-01 6.48830022e-03 0.0
7.06398751e-01 5.82996311e-03 0.0
7.10839199e-01 5.14697247e-03 0.0
7.14810888e-01 4.42541817e-03 0.0
7.18286182e-01 3.65095741e-03 0.0
7.21227750e-01 2.80886210e-03 0.0
7.23588146e-01 1.88377897e-03 0.0
7.25309318e-01 8.59743171e-04 0.0
7.26322003e-01 -2.80133385e-04 0.0
7.26544987e-01 -1.55378989e-03 0.0
7.25884129e-01 -2.98075055e-03 0.0
7.24231067e-01 -4.58261437e-03 0.0
7.21461412e-01 -6.38413006e-03 0.0
7.17432192e-01 -8.41452244e-03 0.0
7.11978132e-01 -1.07098198e-02 0.0
7.04906198e-01 -1.33161108e-02 0.0
6.95987482e-01 -1.62948344e-02 0.0
6.84945040e-01 -1.97307060e-02 0.0
6.71435494e-01 -2.37444400e-02 0.0
6.55021047e-01 -2.85127909e-02 0.0
6.35126642e-01 -3.43013031e-02 0.0
6.10974485e-01 -4.15180251e-02 0.0
5.81484979e-01 -5.08033057e-02 0.0
5.45132215e-01 -6.31799784e-02 0.0
4.99752571e-01 -8.03016882e-02 0.0
4.42359341e-01 -1.04840255e-01 0.0
3.69206374e-01 -1.40986463e-01 0.0
2.76876314e-01 -1.94661352e-01 0.0
1.66244412e-01 -2.71598674e-01 0.0
5.18057923e-02 -3.67270250e-01 0.0
-2.71227049e-02 -4.34496421e-01 0.0
-2.54688243e-02 -3.13684659e-01 0.0
-1.67176351e-02 2.39285689e-01 0.0
2.05042746e-03 2.59550171e-01 0.0
9.03099632e-02 2.01927590e-01 0.0
1.94092987e-01 1.47230736e-01 0.0
2.88709083e-01 1.07239610e-01 0.0
3.68152618e-01 7.96963649e-02 0.0
4.33212653e-01 6.08081836e-02 0.0
4.86396324e-01 4.76363243e-02 0.0
5.30210912e-01 3.82180113e-02 0.0
5.66716846e-01 3.12975312e-02 0.0
5.97499955e-01 2.60764183e-02 0.0
6.23755460e-01 2.20415025e-02 0.0
6.46382921e-01 1.88566881e-02 0.0
6.66064811e-01 1.62966963e-02 0.0
6.83325338e-01 1.42068114e-02 0.0
6.98572823e-01 1.24780973e-02 0.0
7.12129830e-01 1.10320577e-02 0.0
7.24254612e-01 9.81080671e-03 0.0
7.35156455e-01 8.77080575e-03 0.0
7.45006792e-01 7.87860836e-03 0.0
7.53947327e-01 7.10809614e-03 0.0
7.62096057e-01 6.43844716e-03 0.0
7.69551760e-01 5.85282720e-03 0.0
7.76397395e-01 5.33731605e-03 0.0
7.82702665e-01 4.88025450e-03 0.0
7.88525973e-01 4.47161608e-03 0.0
7.93915902e-01 4.10267367e-03 0.0
7.98912328e-01 3.76559448e-03 0.0
8.03547253e-01 3.45327488e-03 0.0
8.07845405e-01 3.15905605e-03 0.0
8.11824657e-01 2.87665459e-03 0.0
8.15496302e-01 2.59994904e-03 0.0
8.18865208e-01 2.32296909e-03 0.0
8.21929874e-01 2.03972715e-03 0.0
8.24682418e-01 1.74424481e-03 0.0
8.27108490e-01 1.43041339e-03 0.0
8.29187145e-01 1.09204105e-03 0.0
8.30890656e-01 7.22726591e-04 0.0
8.32184295e-01 3.15906648e-04 0.0
8.33026049e-01 -1.35282105e-04 0.0
8.33366273e-01 -6.37991400e-04 0.0
8.33147242e-01 -1.19985899e-03 0.0
8.32302548e-01 -1.82910318e-03 0.0
8.30756253e-01 -2.53487960e-03 0.0
8.28421695e-01 -3.32762851e-03 0.0
8.25199719e-01 -4.21980559e-03 0.0
8.20976073e-01 -5.22680767e-03 0.0
8.15617482e-01 -6.36857720e-03 0.0
8.08965747e-01 -7.67189680e-03 0.0
8.00828713e-01 -9.17414666e-03 0.0
7.90966378e-01 -1.09291005e-02 0.0
7.79069198e-01 -1.30164862e-02 0.0
7.64723726e-01 -1.55577149e-02 0.0
7.47357186e-01 -1.87429005e-02 0.0
7.26146555e-01 -2.28782802e-02 0.0
6.99866875e-01 -2.84725464e-02 0.0
6.66636119e-01 -3.63987089e-02 0.0
6.23491856e-01 -4.82057306e-02 0.0
5.65742721e-01 -6.67188761e-02 0.0
4.86258654e-01 -9.71148026e-02 0.0
3.76008381e-01 -1.48263043e-01 0.0
2.30940557e-01 -2.31099432e-01 0.0
7.62810586e-02 -3.37079240e-01 0.0
1.33941212e-03 -3.37402613e-01 0.0
1.18268909e-01 1.28104806e-01 0.0
3.39813756e-01 1.12032238e-01 0.0
5.11906705e-01 7.45768738e-02 0.0
6.25191887e-01 4.81107787e-02 0.0
6.99137320e-01 3.18163471e-02 0.0
7.48996218e-01 2.19298754e-02 0.0
7.84112947e-01 1.57923822e-02 0.0
8.09945056e-01 1.18380388e-02 0.0
8.29695339e-01 9.18183659e-03 0.0
8.45291651e-01 7.32297126e-03 0.0
8.57935244e-01 5.97245083e-03 0.0
8.68403706e-01 4.95876052e-03 0.0
8.77219974e-01 4.17660719e-03 0.0
8.84748609e-01 3.55914393e-03 0.0
8.91252183e-01 3.06234959e-03 0.0
8.96925297e-01 2.65636687e-03 0.0
9.01915778e-01 2.32021067e-03 0.0
9.06338304e-01 2.03883530e-03 0.0
9.10283420e-01 1.80105351e-03 0.0
9.13823666e-01 1.59848995e-03 0.0
9.17017862e-01 1.42459894e-03 0.0
9.19914132e-01 1.27431334e-03 0.0
9.22552122e-01 1.14347716e-03 0.0
9.24964599e-01 1.02878245e-03 0.0
9.27178662e-01 9.27372823e-04 0.0
9.29216627e-01 8.36913837e-04 0.0
9.31096697e-01 7.55272174e-04 0.0
9.32833456e-01 6.80654597e-04 0.0
9.34438235e-01 6.11323086e-04 0.0
9.35919375e-01 5.45772142e-04 0.0
9.37282408e-01 4.82462684e-04 0.0
9.38530182e-01 4.20022178e-04 0.0
9.39662931e-01 3.56989902e-04 0.0
9.40678309e-01 2.92030823e-04 0.0
9.41571395e-01 2.23689119e-04 0.0
9.42334674e-01 1.50609314e-04 0.0
9.42958001e-01 7.12962672e-05 0.0
9.43428549e-01 -1.56627562e-05 0.0
9.43730745e-01 -1.11834410e-04 0.0
9.43846181e-01 -2.18724780e-04 0.0
9.43753512e-01 -3.38018568e-04 0.0
9.43428301e-01 -4.71386399e-04 0.0
9.42842815e-01 -6.20741904e-04 0.0
9.41965707e-01 -7.88097419e-04 0.0
9.40761556e-01 -9.75872538e-04 0.0
9.39190160e-01 -1.18685262e-03 0.0
9.37205456e-01 -1.42462579e-03 0.0
9.34753884e-01 -1.69376763e-03 0.0
9.31771868e-01 -2.00059724e-03 0.0
9.28181949e-01 -2.35390372e-03 0.0
9.23886760e-01 -2.76654804e-03 0.0
9.18759530e-01 -3.25765291e-03 0.0
9.12628775e-01 -3.85670733e-03 0.0
9.05253012e-01 -4.61032815e-03 0.0
8.96277568e-01 -5.59494339e-03 0.0
8.85157801e-01 -6.94062807e-03 0.0
8.71015746e-01 -8.87961867e-03 0.0
8.52356320e-01 -1.18504682e-02 0.0
8.26467604e-01 -1.67372651e-02 0.0
7.88078588e-01 -2.54375398e-02 0.0
7.26331558e-01 -4.21262444e-02 0.0
6.18967549e-01 -7.50210812e-02 0.0
4.29160148e-01 -1.31738504e-01 0.0
1.54083204e-01 -1.67928747e-01 0.0
SCALARS velocity_magnitude double 1
LOOKUP_TABLE default
2.92688039e-04
4.79943632e-04
4.20358897e-04
3.53456397e-04
2.99829845e-04
3.11352389e-04
4.28597817e-04
6.26702352e-04
8.74586295e-04
1.15528852e-03
1.45877918e-03
1.77804134e-03
2.10762433e-03
2.44310188e-03
2.78077583e-03
3.11752359e-03
3.45065817e-03
3.77784351e-03
4.09699783e-03
4.40623703e-03
4.70380510e-03
4.98803938e-03
5.25732399e-03
5.51007456e-03
5.74471154e-03
5.95966176e-03
6.15334838e-03
6.32420631e-03
6.47068555e-03
6.59127750e-03
6.68452881e-03
6.74907590e-03
6.78366660e-03
6.78720039e-03
6.75875542e-03
6.69763195e-03
6.60338216e-03
6.47585416e-03
6.31522164e-03
6.12202549e-03
5.89720002e-03
5.64210860e-03
5.35856280e-03
5.04884828e-03
4.71573277e-03
4.36247842e-03
3.99283490e-03
3.61103498e-03
3.22177017e-03
2.83016862e-03
2.44175417e-03
2.06241228e-03
1.69834543e-03
1.35605904e-03
1.04238757e-03
7.64694579e-04
5.31488377e-04
3.54116863e-04
2.48433576e-04
2.21403323e-04
2.48478298e-04
3.12879040e-04
4.13162117e-04
2.93946644e-04
4.11861600e-04
7.24994406e-04
7.35766950e-04
7.12103720e-04
7.91215579e-04
1.07343499e-03
1.54292150e-03
2.14924501e-03
2.85634500e-03
3.63956442e-03
4.48003284e-03
5.36218510e-03
6.27274997e-03
7.20026061e-03
8.13475165e-03
9.06751981e-03
9.99091426e-03
1.08981446e-02
1.17831070e-02
1.26402296e-02
1.34643397e-02
1.42505531e-02
1.49941870e-02
1.56906952e-02
1.63356259e-02
1.69245988e-02
1.74533025e-02
1.79175083e-02
1.83131003e-02
1.86361177e-02
1.88828115e-02
1.90497084e-02
1.91336865e-02
1.91320545e-02
1.90426398e-02
1.88638755e-02
1.85948947e-02
1.82356183e-02
1.77868473e-02
1.72503434e-02
1.66289113e-02
1.59264636e-02
1.51480827e-02
1.43000606e-02
1.33899304e-02
1.24264705e-02
1.14196950e-02
1.03808115e-02
9.32216115e-03
8.25712031e-03
7.19998112e-03
6.16579018e-03
5.17016630e-03
4.22908080e-03
3.35864260e-03
2.57492926e-03
1.89409948e-03
1.33340795e-03
9.14674022e-04
6.68514242e-04
6.08816830e-04
6.70701339e-04
7.33101282e-04
4.85118813e-04
3.18600275e-04
6.92687081e-04
8.51711639e-04
1.07647949e-03
1.49271775e-03
2.13078739e-03
2.96394737e-03
3.95847748e-03
5.08486028e-03
6.31733634e-03
7.63285053e-03
9.01058118e-03
1.04317388e-02
1.18794475e-02
1.33386034e-02
1.47957106e-02
1.62386839e-02
1.76566466e-02
1.90397235e-02
2.03788514e-02
2.16656040e-02
2.28920471e-02
2.40506177e-02
2.51340360e-02
2.61352438e-02
2.70473748e-02
2.78637474e-02
2.85778865e-02
2.91835635e-02
2.96748602e-02
3.00462451e-02
3.02926698e-02
3.04096720e-02
3.03934932e-02
3.02411982e-02
2.99508050e-02
2.95214094e-02
2.89533155e-02
2.82481559e-02
2.74090101e-02
2.64405076e-02
2.53489222e-02
2.41422436e-02
2.28302335e-02
2.14244502e-02
1.99382503e-02
1.83867499e-02
1.67867523e-02
1.51566269e-02
1.35161408e-02
1.18862288e-02
1.02886983e-02
8.74585182e-03
7.28001863e-03
5.91298010e-03
4.66530976e-03
3.55573946e-03
2.60101847e-03
1.81775073e-03
1.22986592e-03
8.79544617e-04
7.75451083e-04
7.57340376e-04
4.40244723e-04
2.69047685e-04
7.24871110e-04
1.16092507e-03
1.75387647e-03
2.54099853e-03
3.53225257e-03
4.71698901e-03
6.07534168e-03
7.58385925e-03
9.21793073e-03
1.09530341e-02
1.27654895e-02
1.46329381e-02
1.65346025e-02
1.84513867e-02
2.03658506e-02
2.22621022e-02
2.41256373e-02
2.59431551e-02
2.77023689e-02
2.93918278e-02
3.10007583e-02
3.25189329e-02
3.39365703e-02
3.52442671e-02
3.64329627e-02
3.74939343e-02
3.84188214e-02
3.91996772e-02
3.98290420e-02
4.03000394e-02
4.06064871e-02
4.07430250e-02
4.07052502e-02
4.04898645e-02
4.00948211e-02
3.95194769e-02
3.87647375e-02
3.78332013e-02
3.67292880e-02
3.54593583e-02
3.40318107e-02
3.24571602e-02
3.07480847e-02
2.89194437e-02
2.69882536e-02
2.49736226e-02
2.28966288e-02
2.07801419e-02
1.86485696e-02
1.65275241e-02
1.44433870e-02
1.24227616e-02
1.04917918e-02
8.67534607e-03
6.99609748e-03
5.47365260e-03
4.12416549e-03
2.96160820e-03
2.00346453e-03
1.28562231e-03
8.70991648e-04
7.17606910e-04
3.92438193e-04
2.82159909e-04
9.33829225e-04
1.72075963e-03
2.69601313e-03
3.85752854e-03
5.20927885e-03
6.74706711e-03
8.45855909e-03
1.03256087e-02
1.23264610e-02
1.44374690e-02
1.66343771e-02
1.88932271e-02
2.11909633e-02
2.35057857e-02
2.58173189e-02
2.81066401e-02
3.03562167e-02
3.25497871e-02
3.46722134e-02
3.67093291e-02
3.86477953e-02
4.04749776e-02
4.21788512e-02
4.37479346e-02
4.51712583e-02
4.64383628e-02
4.75393292e-02
4.84648363e-02
4.92062447e-02
4.97556995e-02
5.01062559e-02
5.02520145e-02
5.01882724e-02
4.99116764e-02
4.94203855e-02
4.87142261e-02
4.77948495e-02
4.66658746e-02
4.53330231e-02
4.38042317e-02
4.20897487e-02
4.02021960e-02
3.81566051e-02
3.59704084e-02
3.36633887e-02
3.12575714e-02
2.87770567e-02
2.62477749e-02
2.36971595e-02
2.11537179e-02
1.86464920e-02
1.62043937e-02
1.38554177e-02
1.16257560e-02
9.53890084e-03
7.61494372e-03
5.87051733e-03
4.32024833e-03
2.98135641e-03
1.88436127e-03
1.09296564e-03
6.86618089e-04
3.40014247e-04
3.76841473e-04
1.33183433e-03
2.49778911e-03
3.86379019e-03
5.40972971e-03
7.13188784e-03
9.02644247e-03
1.10848893e-02
1.32934870e-02
1.56341192e-02
1.80855669e-02
2.06247587e-02
2.32278343e-02
2.58709605e-02
2.85309059e-02
3.11854033e-02
3.38133422e-02
3.63948370e-02
3.89112070e-02
4.13449043e-02
4.36794152e-02
4.58991560e-02
4.79893772e-02
4.99360870e-02
5.17260002e-02
5.33465158e-02
5.47857241e-02
5.60324432e-02
5.70762826e-02
5.79077311e-02
5.85182675e-02
5.89004864e-02
5.90482413e-02
5.89567936e-02
5.86229718e-02
5.80453280e-02
5.72242962e-02
5.61623388e-02
5.48640873e-02
5.33364615e-02
5.15887735e-02
4.96328010e-02
4.74828337e-02
4.51556784e-02
4.26706242e-02
4.00493524e-02
3.73157894e-02
3.44958880e-02
3.16173306e-02
2.87091405e-02
2.58011945e-02
2.29236291e-02
2.01061467e-02
1.73772453e-02
1.47634364e-02
1.22885817e-02
9.97359163e-03
7.83688856e-03
5.89625757e-03
4.17294500e-03
2.69924508e-03
1.53194561e-03
7.74058266e-04
2.93949430e-04
5.50523572e-04
1.89327482e-03
3.47036516e-03
5.24525308e-03
7.18847976e-03
9.28965255e-03
1.15434628e-02
1.39434664e-02
1.64795845e-02
1.91375955e-02
2.18996170e-02
2.47450038e-02
2.76513269e-02
3.05952598e-02
3.35532960e-02
3.65022768e-02
3.94197481e-02
4.22841706e-02
4.50750236e-02
4.77728297e-02
5.03591345e-02
5.28164605e-02
5.51282569e-02
5.72788554e-02
5.92534436e-02
6.10380600e-02
6.26196131e-02
6.39859270e-02
6.51258096e-02
6.60291448e-02
6.66870021e-02
6.70917636e-02
6.72372609e-02
6.71189231e-02
6.67339233e-02
6.60813305e-02
6.51622509e-02
6.39799639e-02
6.25400406e-02
6.08504472e-02
5.89216202e-02
5.67665186e-02
5.44006354e-02
5.18419751e-02
4.91109785e-02
4.62303984e-02
4.32251096e-02
4.01218517e-02
3.69488925e-02
3.37356089e-02
3.05119825e-02
2.73080169e-02
2.41530994e-02
2.10753564e-02
1.81010935e-02
1.52544727e-02
1.25576588e-02
1.00317624e-02
7.69897202e-03
5.58629023e-03
3.73121819e-03
2.19018334e-03
1.05572332e-03
2.96768709e-04
7.89506249e-04
2.59856471e-03
4.62908710e-03
6.83803836e-03
9.19341467e-03
1.16813539e-02
1.42956723e-02
1.70316605e-02
1.98826349e-02
2.28384096e-02
2.58850058e-02
2.90050702e-02
3.21786249e-02
3.53839049e-02
3.85981343e-02
4.17981779e-02
4.49610378e-02
4.80642104e-02
5.10859185e-02
5.40052518e-02
5.68022381e-02
5.94578746e-02
6.19541342e-02
6.42739688e-02
6.64013142e-02
6.83211098e-02
7.00193346e-02
7.14830622e-02
7.27005358e-02
7.36612596e-02
7.43561082e-02
7.47774454e-02
7.49192553e-02
7.47772742e-02
7.43491280e-02
7.36344609e-02
7.26350612e-02
7.13549699e-02
6.98005775e-02
6.79806937e-02
6.59065972e-02
6.35920481e-02
6.10532699e-02
5.83088846e-02
5.53798054e-02
5.22890710e-02
4.90616266e-02
4.57240358e-02
4.23041303e-02
3.88305914e-02
3.53324754e-02
3.18387013e-02
2.83775386e-02
2.49761614e-02
2.16603689e-02
1.84546192e-02
1.53825699e-02
1.24683486e-02
9.73877096e-03
7.22662087e-03
4.97495634e-03
3.04246375e-03
1.51363060e-03
3.90679555e-04
1.08368990e-03
3.43519127e-03
5.96755242e-03
8.64083659e-03
1.14258100e-02
1.43088953e-02
1.72848691e-02
2.03514575e-02
2.35056539e-02
2.67415987e-02
3.00496866e-02
3.34165200e-02
3.68253757e-02
4.02569140e-02
4.36899551e-02
4.71022002e-02
5.04708492e-02
5.37730871e-02
5.69864514e-02
6.00890899e-02
6.30599404e-02
6.58788449e-02
6.85266308e-02
7.09851644e-02
7.32374008e-02
7.52674310e-02
7.70605391e-02
7.86032694e-02
7.98835064e-02
8.08905668e-02
8.16153019e-02
8.20502094e-02
8.21895473e-02
8.20294531e-02
8.15680552e-02
8.08055834e-02
7.97444619e-02
7.83893936e-02
7.67474186e-02
7.48279550e-02
7.26428052e-02
7.02061363e-02
6.75344171e-02
6.46463205e-02
6.15625743e-02
5.83057703e-02
5.49001156e-02
5.13711393e-02
4.77453464e-02
4.40498362e-02
4.03118976e-02
3.65586149e-02
3.28165298e-02
2.91114310e-02
2.54683655e-02
2.19119973e-02
1.84674433e-02
1.51617239e-02
1.20258902e-02
9.09778798e-03
6.42520386e-03
4.06916166e-03
2.10954590e-03
5.64636943e-04
1.42666446e-03
4.39386304e-03
7.47930352e-03
1.06508443e-02
1.38857550e-02
1.71741385e-02
2.05139850e-02
2.39067512e-02
2.73538481e-02
3.08542702e-02
3.44033025e-02
3.79920998e-02
4.16078715e-02
4.52344408e-02
4.88529691e-02
5.24427211e-02
5.59817673e-02
5.94475953e-02
6.28175983e-02
6.60694628e-02
6.91814524e-02
7.21326246e-02
7.49029837e-02
7.74736029e-02
7.98267170e-02
8.19458078e-02
8.38156820e-02
8.54225535e-02
8.67541280e-02
8.77996934e-02
8.85502157e-02
8.89984355e-02
8.91389677e-02
8.89683944e-02
8.84853561e-02
8.76906267e-02
8.65871810e-02
8.51802368e-02
8.34772827e-02
8.14880722e-02
7.92245962e-02
7.67010156e-02
7.39335639e-02
7.09404066e-02
6.77414652e-02
6.43581961e-02
6.08133372e-02
5.71306150e-02
5.33344346e-02
4.94495582e-02
4.55008067e-02
4.15128129e-02
3.75098856e-02
3.35160430e-02
2.95553021e-02
2.56523048e-02
2.18333670e-02
1.81279907e-02
1.45708204e-02
1.12038792e-02
8.07878593e-03
5.25858387e-03
2.82062577e-03
7.93670634e-04
1.81398956e-03
5.46690837e-03
9.15748416e-03
1.28636070e-02
1.65714809e-02
2.02776189e-02
2.39854239e-02
2.77016217e-02
3.14330740e-02
3.51843662e-02
3.89562935e-02
4.27451611e-02
4.65427410e-02
5.03366703e-02
5.41111204e-02
5.78475663e-02
6.15255693e-02
6.51234839e-02
6.86190762e-02
7.19900253e-02
7.52143296e-02
7.82706164e-02
8.11383872e-02
8.37982013e-02
8.62318268e-02
8.84223598e-02
9.03543316e-02
9.20138031e-02
9.33884562e-02
9.44676812e-02
9.52426621e-02
9.57064592e-02
9.58540849e-02
9.56825750e-02
9.51910452e-02
9.43807385e-02
9.32550499e-02
9.18195364e-02
9.00818960e-02
8.80519273e-02
8.57414511e-02
8.31642082e-02
8.03357162e-02
7.72730999e-02
7.39948828e-02
7.05207567e-02
6.68713226e-02
6.30678273e-02
5.91318986e-02
5.50853142e-02
5.09498236e-02
4.67470740e-02
4.24986788e-02
3.82264943e-02
3.39531539e-02
2.97029220e-02
2.55028860e-02
2.13844836e-02
1.73852601e-02
1.35506670e-02
9.93555375e-03
6.60502097e-03
3.63565244e-03
1.06467907e-03
2.24233689e-03
6.64774376e-03
1.09951644e-02
1.52735582e-02
1.94796045e-02
2.36182996e-02
2.77003906e-02
3.17394223e-02
3.57488660e-02
3.97397759e-02
4.37191613e-02
4.76891133e-02
5.16465723e-02
5.55836035e-02
5.94879904e-02
6.33440178e-02
6.71332989e-02
7.08355884e-02
7.44295039e-02
7.78931571e-02
8.12046662e-02
8.43425784e-02
8.72861952e-02
9.00158369e-02
9.25130423e-02
9.47607356e-02
9.67433558e-02
9.84469705e-02
9.98593694e-02
1.00970150e-01
1.01770790e-01
1.02254711e-01
1.02417335e-01
1.02256120e-01
1.01770590e-01
1.00962341e-01
9.98350312e-02
9.83943451e-02
9.66479338e-02
9.46053242e-02
9.22778062e-02
8.96782802e-02
8.68210857e-02
8.37217933e-02
8.03969838e-02
7.68640032e-02
7.31407245e-02
6.92453118e-02
6.51960287e-02
6.10110988e-02
5.67086714e-02
5.23069136e-02
4.78242910e-02
4.32800622e-02
3.86950438e-02
3.40926471e-02
2.95001974e-02
2.49504551e-02
2.04832308e-02
1.61468474e-02
1.19991509e-02
8.10773481e-03
4.55025029e-03
1.37222615e-03
2.70908798e-03
7.93068692e-03
1.29856788e-02
1.78746119e-02
2.26056416e-02
2.71937980e-02
3.16587932e-02
3.60224212e-02
4.03059362e-02
4.45277877e-02
4.87019628e-02
5.28369891e-02
5.69355851e-02
6.09948184e-02
6.50066565e-02
6.89587366e-02
7.28352558e-02
7.66178554e-02
8.02864657e-02
8.38200396e-02
8.71971933e-02
9.03967219e-02
9.33980274e-02
9.61814479e-02
9.87285257e-02
1.01022209e-01
1.03047016e-01
1.04789160e-01
1.06236651e-01
1.07379374e-01
1.08209150e-01
1.08719779e-01
1.08907067e-01
1.08768837e-01
1.08304919e-01
1.07517121e-01
1.06409176e-01
1.04986665e-01
1.03256908e-01
1.01228841e-01
9.89128521e-02
9.63205956e-02
9.34647828e-02
9.03589579e-02
8.70172525e-02
8.34541546e-02
7.96842791e-02
7.57221894e-02
7.15822666e-02
6.72786867e-02
6.28255116e-02
5.82369614e-02
5.35278775e-02
4.87144362e-02
4.38151063e-02
3.88518732e-02
3.38516655e-02
2.88479235e-02
2.38821290e-02
1.90050953e-02
1.42776888e-02
9.77073954e-03
5.56485832e-03
1.71474607e-03
3.21213821e-03
9.31083989e-03
1.51228385e-02
2.06606070e-02
2.59444942e-02
3.10007578e-02
3.58594114e-02
4.05517762e-02
4.51079909e-02
4.95548274e-02
5.39140110e-02
5.82011702e-02
6.24253853e-02
6.65892864e-02
7.06895481e-02
7.47176784e-02
7.86609388e-02
8.25033272e-02
8.62265080e-02
8.98106773e-02
9.32352999e-02
9.64797461e-02
9.95237981e-02
1.02348068e-01
1.04934317e-01
1.07265706e-01
1.09326987e-01
1.11104645e-01
1.12587002e-01
1.13764291e-01
1.14628701e-01
1.15174398e-01
1.15397526e-01
1.15296186e-01
1.14870386e-01
1.14121977e-01
1.13054555e-01
1.11673343e-01
1.09985046e-01
1.07997674e-01
1.05720352e-01
1.03163092e-01
1.00336565e-01
9.72518453e-02
9.39201751e-02
9.03527248e-02
8.65604064e-02
8.25537289e-02
7.83427567e-02
7.39371725e-02
6.93465126e-02
6.45805792e-02
5.96500951e-02
5.45675929e-02
4.93485772e-02
4.40129117e-02
3.85864034e-02
3.31024514e-02
2.76036235e-02
2.21429022e-02
1.67843451e-02
1.16028951e-02
6.68403240e-03
2.09305197e-03
3.74976899e-03
1.07839922e-02
1.74010154e-02
2.36255725e-02
2.94908108e-02
3.50351872e-02
4.03001478e-02
4.53276542e-02
5.01577458e-02
5.48263791e-02
5.93637602e-02
6.37932426e-02
6.81308386e-02
7.23852513e-02
7.65583636e-02
8.06460186e-02
8.46390063e-02
8.85241040e-02
9.22851260e-02
9.59038786e-02
9.93610280e-02
1.02636822e-01
1.05711708e-01
1.08566808e-01
1.11184315e-01
1.13547780e-01
1.15642332e-01
1.17454836e-01
1.18974005e-01
1.20190459e-01
1.21096758e-01
1.21687402e-01
1.21958801e-01
1.21909221e-01
1.21538697e-01
1.20848932e-01
1.19843157e-01
1.18525974e-01
1.16903169e-01
1.14981505e-01
1.12768486e-01
1.10272119e-01
1.07500643e-01
1.04462286e-01
1.01165002e-01
9.76162730e-02
9.38229238e-02
8.97910489e-02
8.55260180e-02
8.10326474e-02
7.63155285e-02
7.13795929e-02
6.62309019e-02
6.08777249e-02
5.53318663e-02
4.96102566e-02
4.37367045e-02
3.77437358e-02
3.16743091e-02
2.55832150e-02
1.95378445e-02
1.36181377e-02
7.91626659e-03
2.50985984e-03
4.32056238e-03
1.23465047e-02
1.98151235e-02
2.67638345e-02
3.32391844e-02
3.92926981e-02
4.49782378e-02
5.03493975e-02
5.54570167e-02
6.03470334e-02
6.50588001e-02
6.96239845e-02
7.40660346e-02
7.84002093e-02
8.26340380e-02
8.67681432e-02
9.07972527e-02
9.47113390e-02
9.84967401e-02
1.02137244e-01
1.05615041e-01
1.08911567e-01
1.12008196e-01
1.14886806e-01
1.17530220e-01
1.19922546e-01
1.22049426e-01
1.23898204e-01
1.25458041e-01
1.26719969e-01
1.27676906e-01
1.28323630e-01
1.28656725e-01
1.28674488e-01
1.28376811e-01
1.27765040e-01
1.26841800e-01
1.25610796e-01
1.24076600e-01
1.22244403e-01
1.20119763e-01
1.17708330e-01
1.15015585e-01
1.12046563e-01
1.08805623e-01
1.05296239e-01
1.01520867e-01
9.74808883e-02
9.31766940e-02
8.86079025e-02
8.37737980e-02
7.86739768e-02
7.33092846e-02
6.76830182e-02
6.18024479e-02
5.56805872e-02
4.93381994e-02
4.28058802e-02
3.61260873e-02
2.93548397e-02
2.25628374e-02
1.58357282e-02
9.27404744e-03
2.96962105e-03
4.92332422e-03
1.39951882e-02
2.23605236e-02
3.00699887e-02
3.71842043e-02
4.37686037e-02
4.98903806e-02
5.56156422e-02
6.10068384e-02
6.61205740e-02
7.10059455e-02
7.57034269e-02
8.02443590e-02
8.46509566e-02
8.89368044e-02
9.31076817e-02
9.71626524e-02
1.01095249e-01
1.04894713e-01
1.08547148e-01
1.12036604e-01
1.15345995e-01
1.18457894e-01
1.21355159e-01
1.24021449e-01
1.26441588e-01
1.28601858e-01
1.30490166e-01
1.32096173e-01
1.33411330e-01
1.34428879e-01
1.35143809e-01
1.35552762e-01
1.35653917e-01
1.35446836e-01
1.34932288e-01
1.34112036e-01
1.32988620e-01
1.31565096e-01
1.29844781e-01
1.27830970e-01
1.25526663e-01
1.22934276e-01
1.20055389e-01
1.16890505e-01
1.13438872e-01
1.09698356e-01
1.05665434e-01
1.01335292e-01
9.67021124e-02
9.17595356e-02
8.65014038e-02
8.09227543e-02
7.50211625e-02
6.87983913e-02
6.22623966e-02
5.54295860e-02
4.83272854e-02
4.09961906e-02
3.34926096e-02
2.58901360e-02
1.82805135e-02
1.07740158e-02
3.47855767e-03
5.55701968e-03
1.57271578e-02
2.50328611e-02
3.35387625e-02
4.13203579e-02
4.84578818e-02
5.50327407e-02
6.11243755e-02
6.68075398e-02
7.21500964e-02
7.72113528e-02
8.20410031e-02
8.66786248e-02
9.11537402e-02
9.54863116e-02
9.96876327e-02
1.03761440e-01
1.07705195e-01
1.11511377e-01
1.15168762e-01
1.18663565e-01
1.21980484e-01
1.25103547e-01
1.28016835e-01
1.30705028e-01
1.33153836e-01
1.35350289e-01
1.37282945e-01
1.38941995e-01
1.40319307e-01
1.41408405e-01
1.42204395e-01
1.42703856e-01
1.42904681e-01
1.42805907e-01
1.42407488e-01
1.41710079e-01
1.40714769e-01
1.39422820e-01
1.37835380e-01
1.35953205e-01
1.33776365e-01
1.31303977e-01
1.28533942e-01
1.25462731e-01
1.22085204e-01
1.18394526e-01
1.14382140e-01
1.10037917e-01
1.05350415e-01
1.00307398e-01
9.48965528e-02
8.91065578e-02
8.29284554e-02
7.63574527e-02
6.93950930e-02
6.20518530e-02
5.43500259e-02
4.63268015e-02
3.80372334e-02
2.95568005e-02
2.09831421e-02
1.24372052e-02
4.04474537e-03
6.22070895e-03
1.75396794e-02
2.78278477e-02
3.71647662e-02
4.56418006e-02
5.33549796e-02
6.04008330e-02
6.68728831e-02
7.28587869e-02
7.84381002e-02
8.36806910e-02
8.86457336e-02
9.33813038e-02
9.79244665e-02
1.02301848e-01
1.06530536e-01
1.10619277e-01
1.14569781e-01
1.18378125e-01
1.22036074e-01
1.25532351e-01
1.28853719e-01
1.31985945e-01
1.34914557e-01
1.37625463e-01
1.40105404e-01
1.42342285e-01
1.44325376e-01
1.46045434e-01
1.47494728e-01
1.48667002e-01
1.49557387e-01
1.50162254e-01
1.50479041e-01
1.50506042e-01
1.50242173e-01
1.49686714e-01
1.48839040e-01
1.47698337e-01
1.46263320e-01
1.44531939e-01
1.42501112e-01
1.40166441e-01
1.37521997e-01
1.34560086e-01
1.31271117e-01
1.27643486e-01
1.23663597e-01
1.19315954e-01
1.14583445e-01
1.09447777e-01
1.03890207e-01
9.78925320e-02
9.14384968e-02
8.45156127e-02
7.71175182e-02
6.92468424e-02
6.09186253e-02
5.21641131e-02
4.30347585e-02
3.36059771e-02
2.39802286e-02
1.42893221e-02
4.67830277e-03
6.91349073e-03
1.94299923e-02
3.07409753e-02
4.09421341e-02
5.01419655e-02
5.84534709e-02
6.59892527e-02
7.28576142e-02
7.91595552e-02
8.49866021e-02
9.04193252e-02
9.55265040e-02
1.00364812e-01
1.04979026e-01
1.09402620e-01
1.13658751e-01
1.17761453e-01
1.21717036e-01
1.25525497e-01
1.29181957e-01
1.32677957e-01
1.36002655e-01
1.39143819e-01
1.42088677e-01
1.44824558e-01
1.47339401e-01
1.49622087e-01
1.51662676e-01
1.53452507e-01
1.54984229e-01
1.56251742e-01
1.57250088e-01
1.57975288e-01
1.58424139e-01
1.58593987e-01
1.58482465e-01
1.58087229e-01
1.57405673e-01
1.56434647e-01
1.55170171e-01
1.53607164e-01
1.51739170e-01
1.49558129e-01
1.47054137e-01
1.44215282e-01
1.41027478e-01
1.37474400e-01
1.33537446e-01
1.29195842e-01
1.24426826e-01
1.19206050e-01
1.13508156e-01
1.07307704e-01
1.00580436e-01
9.33050888e-02
8.54657666e-02
7.70550820e-02
6.80780364e-02
5.85567032e-02
4.85354539e-02
3.80864008e-02
2.73143659e-02
1.63610603e-02
5.39161078e-03
7.63445428e-03
2.13951215e-02
3.37671563e-02
4.48640152e-02
5.48130004e-02
6.37455175e-02
7.17912731e-02
7.90739338e-02
8.57080921e-02
9.17972455e-02
9.74325922e-02
1.02692404e-01
1.07641931e-01
1.12333688e-01
1.16808161e-01
1.21094781e-01
1.25213186e-01
1.29174602e-01
1.32983334e-01
1.36638204e-01
1.40133944e-01
1.43462418e-01
1.46613707e-01
1.49576977e-01
1.52341197e-01
1.54895654e-01
1.57230330e-01
1.59336131e-01
1.61205001e-01
1.62829937e-01
1.64204923e-01
1.65324802e-01
1.66185091e-01
1.66781764e-01
1.67111002e-01
1.67168926e-01
1.66951314e-01
1.66453326e-01
1.65669218e-01
1.64592079e-01
1.63213564e-01
1.61523670e-01
1.59510504e-01
1.57160108e-01
1.54456284e-01
1.51380488e-01
1.47911721e-01
1.44026521e-01
1.39698974e-01
1.34900860e-01
1.29601881e-01
1.23770121e-01
1.17372715e-01
1.10376950e-01
1.02751821e-01
9.44703455e-02
8.55127331e-02
7.58706945e-02
6.55529403e-02
5.45919107e-02
4.30513258e-02
3.10339034e-02
1.86884013e-02
6.19964175e-03
8.38265550e-03
2.34316661e-02
3.69002420e-02
4.89218675e-02
5.96449521e-02
6.92211256e-02
7.77982731e-02
8.55158284e-02
9.25018681e-02
9.88715182e-02
1.04726167e-01
1.10153243e-01
1.15226335e-01
1.20005667e-01
1.24538810e-01
1.28861719e-01
1.32999933e-01
1.36969993e-01
1.40780895e-01
1.44435592e-01
1.47932378e-01
1.51266200e-01
1.54429750e-01
1.57414419e-01
1.60211022e-01
1.62810371e-01
1.65203656e-01
1.67382698e-01
1.69340057e-01
1.71069050e-01
1.72563671e-01
1.73818448e-01
1.74828244e-01
1.75588027e-01
1.76092606e-01
1.76336356e-01
1.76312942e-01
1.76015032e-01
1.75434051e-01
1.74559907e-01
1.73380788e-01
1.71882936e-01
1.70050492e-01
1.67865319e-01
1.65306906e-01
1.62352242e-01
1.58975767e-01
1.55149295e-01
1.50842024e-01
1.46020535e-01
1.40648912e-01
1.34688919e-01
1.28100435e-01
1.20842127e-01
1.12872680e-01
1.04152689e-01
9.46476640e-02
8.43323961e-02
7.31971685e-02
6.12559535e-02
4.85565994e-02
3.51922436e-02
2.13128504e-02
7.12034798e-03
9.15714130e-03
2.55355631e-02
4.01323566e-02
5.31044256e-02
6.46246217e-02
7.48671191e-02
8.39990441e-02
9.21755842e-02
9.95376634e-02
1.06211118e-01
1.12306678e-01
1.17920241e-01
1.23133360e-01
1.28013808e-01
1.32616362e-01
1.36983742e-01
1.41147799e-01
1.45130820e-01
1.48946994e-01
1.52603854e-01
1.56103725e-01
1.59445017e-01
1.62623400e-01
1.65632764e-01
1.68466016e-01
1.71115655e-01
1.73574207e-01
1.75834465e-01
1.77889629e-01
1.79733300e-01
1.81359410e-01
1.82762059e-01
1.83935313e-01
1.84872957e-01
1.85568228e-01
1.86013538e-01
1.86200195e-01
1.86118149e-01
1.85755728e-01
1.85099441e-01
1.84133757e-01
1.82840978e-01
1.81201073e-01
1.79191611e-01
1.76787652e-01
1.73961720e-01
1.70683719e-01
1.66920915e-01
1.62637844e-01
1.57796277e-01
1.52355111e-01
1.46270349e-01
1.39495088e-01
1.31979765e-01
1.23672701e-01
1.14521364e-01
1.04474658e-01
9.34869217e-02
8.15242422e-02
6.85738988e-02
5.46573128e-02
3.98463329e-02
2.42814625e-02
8.17520495e-03
9.95706945e-03
2.77017832e-02
4.34528698e-02
5.73961562e-02
6.97339166e-02
8.06658218e-02
9.03790001e-02
9.90436235e-02
1.06811899e-01
1.13818702e-01
1.20182644e-01
1.26007101e-01
1.31381001e-01
1.36379533e-01
1.41064811e-01
1.45486725e-01
1.49683922e-01
1.53685042e-01
1.57510033e-01
1.61171603e-01
1.64676602e-01
1.68027381e-01
1.71222955e-01
1.74260048e-01
1.77133889e-01
1.79838862e-01
1.82368936e-01
1.84717959e-01
1.86879773e-01
1.88848246e-01
1.90617175e-01
1.92180133e-01
1.93530251e-01
1.94659969e-01
1.95560766e-01
1.96222880e-01
1.96635049e-01
1.96784249e-01
1.96655487e-01
1.96231594e-01
1.95493094e-01
1.94418071e-01
1.92982116e-01
1.91158260e-01
1.88916988e-01
1.86226208e-01
1.83051276e-01
1.79354940e-01
1.75097309e-01
1.70235674e-01
1.64724336e-01
1.58514243e-01
1.51552648e-01
1.43782672e-01
1.35143083e-01
1.25568436e-01
1.14990175e-01
1.03339343e-01
9.05521088e-02
7.65794014e-02
6.14022485e-02
4.50536393e-02
2.76464038e-02
9.38988930e-03
1.07820107e-02
2.99238391e-02
4.68466863e-02
6.17748316e-02
7.49475438e-02
8.65934423e-02
9.69195356e-02
1.06108729e-01
1.14321572e-01
1.21699203e-01
1.28366016e-01
1.34431492e-01
1.39991315e-01
1.45127981e-01
1.49911291e-01
1.54398858e-01
1.58636878e-01
1.62661078e-01
1.66497949e-01
1.70166037e-01
1.73677360e-01
1.77038707e-01
1.80252895e-01
1.83319799e-01
1.86237255e-01
1.89001702e-01
1.91608695e-01
1.94053188e-01
1.96329704e-01
1.98432346e-01
2.00354723e-01
2.02089788e-01
2.03629622e-01
2.04965174e-01
2.06085996e-01
2.06979968e-01
2.07633036e-01
2.08028985e-01
2.08149230e-01
2.07972675e-01
2.07475579e-01
2.06631527e-01
2.05411381e-01
2.03783344e-01
2.01712984e-01
1.99163346e-01
1.96094990e-01
1.92466069e-01
1.88232261e-01
1.83346668e-01
1.77759469e-01
1.71417444e-01
1.64263169e-01
1.56234023e-01
1.47260924e-01
1.37267136e-01
1.26167424e-01
1.13868519e-01
1.00272169e-01
8.52831007e-02
6.88247872e-02
5.08664716e-02
3.14634587e-02
1.07952214e-02
1.16325657e-02
3.21927380e-02
5.02911270e-02
6.62076839e-02
8.02298697e-02
9.26184564e-02
1.03597965e-01
1.13359261e-01
1.22066218e-01
1.29862172e-01
1.36874488e-01
1.43217211e-01
1.48992197e-01
1.54289445e-01
1.59187057e-01
1.63751308e-01
1.68036931e-01
1.72087804e-01
1.75937880e-01
1.79612433e-01
1.83129340e-01
1.86500458e-01
1.89732855e-01
1.92829954e-01
1.95792443e-01
1.98619034e-01
2.01306974e-01
2.03852411e-01
2.06250560e-01
2.08495755e-01
2.10581372e-01
2.12499676e-01
2.14241597e-01
2.15796480e-01
2.17151809e-01
2.18292933e-01
2.19202822e-01
2.19861832e-01
2.20247542e-01
2.20334607e-01
2.20094710e-01
2.19496520e-01
2.18505776e-01
2.17085352e-01
2.15195441e-01
2.12793696e-01
2.09835450e-01
2.06273824e-01
2.02059850e-01
1.97142354e-01
1.91467718e-01
1.84979231e-01
1.77616112e-01
1.69311900e-01
1.59992318e-01
1.49572441e-01
1.37953526e-01
1.25019962e-01
1.10637908e-01
9.46581985e-02
7.69284454e-02
5.73214048e-02
3.57882251e-02
1.24283779e-02
1.25114569e-02
3.44943334e-02
5.37500131e-02
7.06453853e-02
8.55311910e-02
9.87007894e-02
1.10389164e-01
1.20786280e-01
1.30051719e-01
1.38325574e-01
1.45734972e-01
1.52397042e-01
1.58419661e-01
1.63900966e-01
1.68928540e-01
1.73578671e-01
1.77916091e-01
1.81994142e-01
1.85855494e-01
1.89533142e-01
1.93051710e-01
1.96428766e-01
1.99676175e-01
2.02801268e-01
2.05807888e-01
2.08697185e-01
2.11468240e-01
2.14118448e-01
2.16643760e-01
2.19038732e-01
2.21296487e-01
2.23408554e-01
2.25364652e-01
2.27152433e-01
2.28757202e-01
2.30161648e-01
2.31345581e-01
2.32285729e-01
2.32955551e-01
2.33325152e-01
2.33361212e-01
2.33027050e-01
2.32282691e-01
2.31085086e-01
2.29388308e-01
2.27143892e-01
2.24301104e-01
2.20807301e-01
2.16608122e-01
2.11647644e-01
2.05868190e-01
1.99209867e-01
1.91609438e-01
1.82998527e-01
1.73300692e-01
1.62427279e-01
1.50271663e-01
1.36702082e-01
1.21553651e-01
1.04622067e-01
8.56645864e-02
6.44199715e-02
4.06670661e-02
1.43343798e-02
1.34249713e-02
3.68022700e-02
5.71623854e-02
7.50134561e-02
9.07847985e-02
1.04794034e-01
1.17270935e-01
1.28390227e-01
1.38296909e-01
1.47121667e-01
1.54988361e-01
1.62016439e-01
1.68320394e-01
1.74007987e-01
1.79178118e-01
1.83919116e-01
1.88307600e-01
1.92408160e-01
1.96273634e-01
1.99946009e-01
2.03457592e-01
2.06832440e-01
2.10087729e-01
2.13235116e-01
2.16281837e-01
2.19231679e-01
2.22085645e-01
2.24842460e-01
2.27498828e-01
2.30049554e-01
2.32487499e-01
2.34803444e-01
2.36985869e-01
2.39020688e-01
2.40890964e-01
2.42576615e-01
2.44054163e-01
2.45296492e-01
2.46272697e-01
2.46947956e-01
2.47283531e-01
2.47236797e-01
2.46761426e-01
2.45807594e-01
2.44322356e-01
2.42250016e-01
2.39532652e-01
2.36110562e-01
2.31922787e-01
2.26907423e-01
2.21001811e-01
2.14142239e-01
2.06263142e-01
1.97295279e-01
1.87162692e-01
1.75777650e-01
1.63033070e-01
1.48791321e-01
1.32868836e-01
1.15016631e-01
9.49005620e-02
7.20940581e-02
4.61160660e-02
1.65669326e-02
1.43828768e-02
3.90594315e-02
6.04223389e-02
7.92030048e-02
9.59096252e-02
1.10855494e-01
1.24236795e-01
1.36193306e-01
1.46844162e-01
1.56305269e-01
1.64695649e-01
1.72137666e-01
1.78754351e-01
1.84665573e-01
1.89984338e-01
1.94813681e-01
1.99244633e-01
2.03355146e-01
2.07210059e-01
2.10861727e-01
2.14351258e-01
2.17709943e-01
2.20960857e-01
2.24120311e-01
2.27199204e-01
2.30204072e-01
2.33137949e-01
2.36000920e-01
2.38790495e-01
2.41501741e-01
2.44127290e-01
2.46657194e-01
2.49078712e-01
2.51376023e-01
2.53529922e-01
2.55517510e-01
2.57311899e-01
2.58881974e-01
2.60192182e-01
2.61202439e-01
2.61868066e-01
2.62139896e-01
2.61964410e-01
2.61284074e-01
2.60037711e-01
2.58161080e-01
2.55587459e-01
2.52248406e-01
2.48074437e-01
2.42995770e-01
2.36942777e-01
2.29846227e-01
2.21636841e-01
2.12244026e-01
2.01593096e-01
1.89600414e-01
1.76165118e-01
1.61155820e-01
1.44389352e-01
1.25597962e-01
1.04381379e-01
8.01473810e-02
5.20725001e-02
1.91840829e-02
1.53866063e-02
4.11321372e-02
6.33496556e-02
8.30716676e-02
1.00830853e-01
1.16873218e-01
1.31321275e-01
1.44259919e-01
1.55774448e-01
1.65964229e-01
1.74944663e-01
1.82843779e-01
1.89796530e-01
1.95938624e-01
2.01400797e-01
2.06304260e-01
2.10757449e-01
2.14854283e-01
2.18673615e-01
2.22279783e-01
2.25723796e-01
2.29045006e-01
2.32272856e-01
2.35428658e-01
2.38527108e-01
2.41577612e-01
2.44585254e-01
2.47551530e-01
2.50474766e-01
2.53350346e-01
2.56170715e-01
2.58925264e-01
2.61600091e-01
2.64177693e-01
2.66636633e-01
2.68951178e-01
2.71090981e-01
2.73020763e-01
2.74700107e-01
2.76083267e-01
2.77119144e-01
2.77751296e-01
2.77918165e-01
2.77553346e-01
2.76586118e-01
2.74942016e-01
2.72543669e-01
2.69311658e-01
2.65165574e-01
2.60024988e-01
2.53810448e-01
2.46444110e-01
2.37849998e-01
2.27953324e-01
2.16678603e-01
2.03945580e-01
1.89661973e-01
1.73710673e-01
1.55927581e-01
1.36062183e-01
1.13706637e-01
8.81706536e-02
5.82866950e-02
2.22181681e-02
1.63603310e-02
4.27137615e-02
6.56765455e-02
8.64915785e-02
1.05544859e-01
1.22923271e-01
1.38642483e-01
1.52725470e-01
1.65225697e-01
1.76230329e-01
1.85855921e-01
1.94240870e-01
2.01536787e-01
2.07899787e-01
2.13482788e-01
2.18429154e-01
2.22868286e-01
2.26912912e-01
2.30658210e-01
2.34182109e-01
2.37546707e-01
2.40800094e-01
2.43978541e-01
2.47108516e-01
2.50208627e-01
2.53291116e-01
2.56363137e-01
2.59427562e-01
2.62483575e-01
2.65526907e-01
2.68549907e-01
2.71541394e-01
2.74486418e-01
2.77365901e-01
2.80156250e-01
2.82828953e-01
2.85350164e-01
2.87680360e-01
2.89774012e-01
2.91579392e-01
2.93038417e-01
2.94086697e-01
2.94653638e-01
2.94662813e-01
2.94032405e-01
2.92675971e-01
2.90503280e-01
2.87421472e-01
2.83336253e-01
2.78153319e-01
2.71779643e-01
2.64124736e-01
2.55101369e-01
2.44625702e-01
2.32616090e-01
2.18990160e-01
2.03658939e-01
1.86516548e-01
1.67421904e-01
1.46164871e-01
1.22397171e-01
9.54775041e-02
6.41082269e-02
2.55359183e-02
1.68420326e-02
4.32239187e-02
6.71883724e-02
8.95386927e-02
1.10267619e-01
1.29265923e-01
1.46459062e-01
1.61828316e-01
1.75409581e-01
1.87287000e-01
1.97584635e-01
2.06456462e-01
2.14075635e-01
2.20623550e-01
2.26280009e-01
2.31214930e-01
2.35582466e-01
2.39517286e-01
2.43133215e-01
2.46523445e-01
2.49762179e-01
2.52906844e-01
2.56000755e-01
2.59075599e-01
2.62153797e-01
2.65250342e-01
2.68374339e-01
2.71529998e-01
2.74717344e-01
2.77932509e-01
2.81167839e-01
2.84411709e-01
2.87648269e-01
2.90857004e-01
2.94012306e-01
2.97082952e-01
3.00031637e-01
3.02814505e-01
3.05380755e-01
3.07672321e-01
3.09623664e-01
3.11161700e-01
3.12205883e-01
3.12668487e-01
3.12455099e-01
3.11465354e-01
3.09593928e-01
3.06731784e-01
3.02767671e-01
2.97589788e-01
2.91087547e-01
2.83153233e-01
2.73683324e-01
2.62579082e-01
2.49745925e-01
2.35090881e-01
2.18517244e-01
1.99915180e-01
1.79146335e-01
1.56018622e-01
1.30240715e-01
1.01319341e-01
6.82442749e-02
2.82623860e-02
7.67699567e-03
2.29695363e-02
3.73363914e-02
5.07251278e-02
6.32525108e-02
7.50633152e-02
8.62937469e-02
9.70617321e-02
1.07463905e-01
1.17575569e-01
1.27452439e-01
1.37133250e-01
1.46642953e-01
1.55995891e-01
1.65198931e-01
1.74254008e-01
1.83160253e-01
1.91915303e-01
2.00516163e-01
2.08959374e-01
2.17240958e-01
2.25355944e-01
2.33297887e-01
2.41058183e-01
2.48625501e-01
2.55985103e-01
2.63118306e-01
2.70001876e-01
2.76607548e-01
2.82901524e-01
2.88844091e-01
2.94389284e-01
2.99484690e-01
3.04071379e-01
3.08084040e-01
3.11451349e-01
3.14096597e-01
3.15938703e-01
3.16893544e-01
3.16875803e-01
3.15801200e-01
3.13589330e-01
3.10166900e-01
3.05471565e-01
2.99456043e-01
2.92092637e-01
2.83377666e-01
2.73335796e-01
2.62023512e-01
2.49531533e-01
2.35985107e-01
2.21541767e-01
2.06385258e-01
1.90715132e-01
1.74730854e-01
1.58610369e-01
1.42482998e-01
1.26398054e-01
1.10290742e-01
9.39471206e-02
7.69661752e-02
5.87086855e-02
3.82159805e-02
1.42288579e-02
1.93998129e-03
1.90334472e-03
7.37371199e-03
1.34189630e-02
2.00530760e-02
2.75112407e-02
3.59339201e-02
4.53259889e-02
5.55942694e-02
6.65924972e-02
7.81539892e-02
9.01123122e-02
1.02312995e-01
1.14620011e-01
1.26918424e-01
1.39114972e-01
1.51136770e-01
1.62929222e-01
1.74453029e-01
1.85681135e-01
1.96595418e-01
2.07183757e-01
2.17437195e-01
2.27347626e-01
2.36905685e-01
2.46099117e-01
2.54911306e-01
2.63320184e-01
2.71297236e-01
2.78806793e-01
2.85805395e-01
2.92241409e-01
2.98054754e-01
3.03176883e-01
3.07530967e-01
3.11032388e-01
3.13589566e-01
3.15105175e-01
3.15477850e-01
3.14604386e-01
3.12382578e-01
3.08714642e-01
3.03511387e-01
2.96696975e-01
2.88214440e-01
2.78031626e-01
2.66147666e-01
2.52599444e-01
2.37468035e-01
2.20884314e-01
2.03033585e-01
1.84158178e-01
1.64557762e-01
1.44586108e-01
1.24643825e-01
1.05165201e-01
8.65971481e-02
6.93649655e-02
5.38166550e-02
4.01339815e-02
2.82149488e-02
1.76133339e-02
7.85560178e-03
1.06038862e-03
9.82866196e-04
4.68132195e-03
1.20013737e-02
2.02506590e-02
2.89129728e-02
3.78976310e-02
4.72326869e-02
5.69515112e-02
6.70584740e-02
7.75258832e-02
8.83016379e-02
9.93185734e-02
1.10502742e-01
1.21779543e-01
1.33078192e-01
1.44334483e-01
1.55492479e-01
1.66505035e-01
1.77333651e-01
1.87947549e-01
1.98322448e-01
2.08438919e-01
2.18280750e-01
2.27833184e-01
2.37081335e-01
2.46008638e-01
2.54595536e-01
2.62818251e-01
2.70647789e-01
2.78049051e-01
2.84980155e-01
2.91391896e-01
2.97227421e-01
3.02422102e-01
3.06903649e-01
3.10592520e-01
3.13402626e-01
3.15242451e-01
3.16016551e-01
3.15627599e-01
3.13978880e-01
3.10977464e-01
3.06537867e-01
3.00586438e-01
2.93066180e-01
2.83942183e-01
2.73207240e-01
2.60887673e-01
2.47048744e-01
2.31799485e-01
2.15296022e-01
1.97743007e-01
1.79391882e-01
1.60535285e-01
1.41495908e-01
1.22608683e-01
1.04194319e-01
8.65236458e-02
6.97745861e-02
5.39937169e-02
3.90969000e-02
2.49932751e-02
1.20110265e-02
1.97048019e-03
1.46252329e-03
7.99347452e-03
1.69060663e-02
2.67538142e-02
3.68931034e-02
4.70756570e-02
5.72377718e-02
6.73886303e-02
7.75572818e-02
8.77700499e-02
9.80421385e-02
1.08375875e-01
1.18761524e-01
1.29179487e-01
1.39602808e-01
1.50000008e-01
1.60337579e-01
1.70582276e-01
1.80702660e-01
1.90670173e-01
2.00459409e-01
2.10047987e-01
2.19415845e-01
2.28544381e-01
2.37415281e-01
2.46009412e-01
2.54305592e-01
2.62279537e-01
2.69902811e-01
2.77141977e-01
2.83957834e-01
2.90304863e-01
2.96130823e-01
3.01376567e-01
3.05976089e-01
3.09856813e-01
3.12940200e-01
3.15142654e-01
3.16376838e-01
3.16553339e-01
3.15582847e-01
3.13378708e-01
3.09860063e-01
3.04955325e-01
2.98606206e-01
2.90771929e-01
2.81433764e-01
2.70599351e-01
2.58306844e-01
2.44628112e-01
2.29670848e-01
2.13578618e-01
1.96528513e-01
1.78725283e-01
1.60391625e-01
1.41753813e-01
1.23023450e-01
1.04377243e-01
8.59417132e-02
6.77972349e-02
5.00310615e-02
3.28887388e-02
1.70829376e-02
4.16575072e-03
3.30496300e-03
1.19380122e-02
2.22682898e-02
3.33673729e-02
4.46326985e-02
5.57516559e-02
6.65994990e-02
7.71551317e-02
8.74482989e-02
9.75291345e-02
1.07451309e-01
1.17262561e-01
1.26999826e-01
1.36687030e-01
1.46335128e-01
1.55943409e-01
1.65501908e-01
1.74994013e-01
1.84399171e-01
1.93694988e-01
2.02858893e-01
2.11868993e-01
2.20704462e-01
2.29345314e-01
2.37771925e-01
2.45964216e-01
2.53900815e-01
2.61558072e-01
2.68909211e-01
2.75923461e-01
2.82565377e-01
2.88794253e-01
2.94563725e-01
2.99821546e-01
3.04509575e-01
3.08563989e-01
3.11915736e-01
3.14491274e-01
3.16213563e-01
3.17003405e-01
3.16781028e-01
3.15468058e-01
3.12989682e-01
3.09277172e-01
3.04270470e-01
2.97921015e-01
2.90194386e-01
2.81072933e-01
2.70557868e-01
2.58670984e-01
2.45455409e-01
2.30975589e-01
2.15315910e-01
1.98578245e-01
1.80877998e-01
1.62339364e-01
1.43090448e-01
1.23261276e-01
1.02990028e-01
8.24484574e-02
6.19023304e-02
4.18220509e-02
2.30230770e-02
6.64305758e-03
5.19699002e-03
1.62466714e-02
2.81187530e-02
4.03603244e-02
5.25462529e-02
6.43976560e-02
7.57776946e-02
8.66510433e-02
9.70451430e-02
1.07021600e-01
1.16656366e-01
1.26026528e-01
1.35201502e-01
1.44237870e-01
1.53176855e-01
1.62044246e-01
1.70851802e-01
1.79599872e-01
1.88280231e-01
1.96878995e-01
2.05378910e-01
2.13761188e-01
2.22006533e-01
2.30095708e-01
2.38009492e-01
2.45728399e-01
2.53232058e-01
2.60498569e-01
2.67503723e-01
2.74220346e-01
2.80617634e-01
2.86660670e-01
2.92310036e-01
2.97521612e-01
3.02246543e-01
3.06431386e-01
3.10018465e-01
3.12946393e-01
3.15150810e-01
3.16565245e-01
3.17122173e-01
3.16754086e-01
3.15394700e-01
3.12980000e-01
3.09449294e-01
3.04745921e-01
2.98817823e-01
2.91617674e-01
2.83102914e-01
2.73235525e-01
2.61982165e-01
2.49314682e-01
2.35211858e-01
2.19662452e-01
2.02670295e-01
1.84261345e-01
1.64493514e-01
1.43469979e-01
1.21358810e-01
9.84227365e-02
7.50628724e-02
5.18689291e-02
2.96326663e-02
9.18199947e-03
7.04485554e-03
2.07122542e-02
3.43235756e-02
4.77569729e-02
6.07962632e-02
7.32610732e-02
8.50519687e-02
9.61467251e-02
1.06581044e-01
1.16427652e-01
1.25778616e-01
1.34731350e-01
1.43378418e-01
1.51800445e-01
1.60062181e-01
1.68210967e-01
1.76277461e-01
1.84277625e-01
1.92215668e-01
2.00087017e-01
2.07881212e-01
2.15584124e-01
2.23179699e-01
2.30650932e-01
2.37980434e-01
2.45150440e-01
2.52142632e-01
2.58937663e-01
2.65514687e-01
2.71850782e-01
2.77920498e-01
2.83695428e-01
2.89143949e-01
2.94231063e-01
2.98918404e-01
3.03164385e-01
3.06924470e-01
3.10151574e-01
3.12796492e-01
3.14808387e-01
3.16135140e-01
3.16723610e-01
3.16519506e-01
3.15466954e-01
3.13507417e-01
3.10578145e-01
3.06609905e-01
3.01524449e-01
2.95231768e-01
2.87628102e-01
2.78595217e-01
2.68002410e-01
2.55711962e-01
2.41589358e-01
2.25518329e-01
2.07420859e-01
1.87280857e-01
1.65170458e-01
1.41277127e-01
1.15929973e-01
8.96202582e-02
6.30020167e-02
3.68377535e-02
1.18158204e-02
8.84664030e-03
2.52369398e-02
4.07572564e-02
5.54913120e-02
6.94047685e-02
8.24390822e-02
9.45656058e-02
1.05801809e-01
1.16207593e-01
1.25873934e-01
1.34909687e-01
1.43429604e-01
1.51544299e-01
1.59352979e-01
1.66938654e-01
1.74366073e-01
1.81681641e-01
1.88915140e-01
1.96082283e-01
2.03187858e-01
2.10228643e-01
2.17196097e-01
2.24078341e-01
2.30861686e-01
2.37531459e-01
2.44072504e-01
2.50469212e-01
2.56705421e-01
2.62764096e-01
2.68627040e-01
2.74274555e-01
2.79685232e-01
2.84835793e-01
2.89701090e-01
2.94254202e-01
2.98466646e-01
3.02308676e-01
3.05749571e-01
3.08757905e-01
3.11301594e-01
3.13347684e-01
3.14861580e-01
3.15805680e-01
3.16137021e-01
3.15804030e-01
3.14742039e-01
3.12868003e-01
3.10074484e-01
3.06223983e-01
3.01144437e-01
2.94627779e-01
2.86432968e-01
2.76295656e-01
2.63945404e-01
2.49131282e-01
2.31654551e-01
2.11406298e-01
1.88405619e-01
1.62833314e-01
1.35054102e-01
1.05618774e-01
7.52325812e-02
4.46709714e-02
1.46131908e-02
1.06144671e-02
2.97860120e-02
4.73430279e-02
6.34921735e-02
7.83404873e-02
9.19486722e-02
1.04374671e-01
1.15694700e-01
1.26008408e-01
1.35434870e-01
1.44104672e-01
1.52150849e-01
1.59700701e-01
1.66869105e-01
1.73754135e-01
1.80434709e-01
1.86970445e-01
1.93402939e-01
1.99758299e-01
2.06050030e-01
2.12282168e-01
2.18451964e-01
2.24552265e-01
2.30573181e-01
2.36503369e-01
2.42330708e-01
2.48042740e-01
2.53626740e-01
2.59069737e-01
2.64358380e-01
2.69478886e-01
2.74416984e-01
2.79158009e-01
2.83687067e-01
2.87989336e-01
2.92050432e-01
2.95856803e-01
2.99396073e-01
3.02657168e-01
3.05630112e-01
3.08305174e-01
3.10671242e-01
3.12712943e-01
3.14406454e-01
3.15713557e-01
3.16574157e-01
3.16897217e-01
3.16551073e-01
3.15353919e-01
3.13066553e-01
3.09389180e-01
3.03965169e-01
2.96393778e-01
2.86254060e-01
2.73140110e-01
2.56706697e-01
2.36721072e-01
2.13114838e-01
1.86026614e-01
1.55825200e-01
1.23101566e-01
8.86190189e-02
5.32139481e-02
1.76407608e-02
1.23631718e-02
3.43571296e-02
5.40466218e-02
7.17113977e-02
8.75646676e-02
1.01773846e-01
1.14487206e-01
1.25850945e-01
1.36016504e-01
1.45140959e-01
1.53383095e-01
1.60897762e-01
1.67829866e-01
1.74309403e-01
1.80447818e-01
1.86336319e-01
1.92045715e-01
1.97627874e-01
2.03117994e-01
2.08537603e-01
2.13897516e-01
2.19200748e-01
2.24444882e-01
2.29624084e-01
2.34730474e-01
2.39755193e-01
2.44688979e-01
2.49522606e-01
2.54247056e-01
2.58853723e-01
2.63334540e-01
2.67682245e-01
2.71890684e-01
2.75955292e-01
2.79873646e-01
2.83646109e-01
2.87276463e-01
2.90772392e-01
2.94145674e-01
2.97411752e-01
3.00588470e-01
3.03693464e-01
3.06739955e-01
3.09730372e-01
3.12647760e-01
3.15444708e-01
3.18030412e-01
3.20256504e-01
3.21903460e-01
3.22669486e-01
3.22164982e-01
3.19915367e-01
3.15375737e-01
3.07959449e-01
2.97082141e-01
2.82219550e-01
2.62975034e-01
2.39147991e-01
2.10791322e-01
1.78242954e-01
1.42117242e-01
1.03245541e-01
6.25648574e-02
2.09585434e-02
1.41083802e-02
3.89654441e-02
6.08640689e-02
8.01276248e-02
9.70499576e-02
1.11891591e-01
1.24889334e-01
1.36264868e-01
1.46230007e-01
1.54988151e-01
1.62733059e-01
1.69645839e-01
1.75891574e-01
1.81616138e-01
1.86944170e-01
1.91978146e-01
1.96798947e-01
2.01467405e-01
2.06026852e-01
2.10505951e-01
2.14921825e-01
2.19282843e-01
2.23591215e-01
2.27844995e-01
2.32039763e-01
2.36169760e-01
2.40228814e-01
2.44210897e-01
2.48110653e-01
2.51923768e-01
2.55647457e-01
2.59280951e-01
2.62826193e-01
2.66288621e-01
2.69678130e-01
2.73010094e-01
2.76306374e-01
2.79596141e-01
2.82916236e-01
2.86310769e-01
2.89829445e-01
2.93524206e-01
2.97443500e-01
3.01623844e-01
3.06078166e-01
3.10781153e-01
3.15651872e-01
3.20535078e-01
3.25182766e-01
3.29238862e-01
3.32229864e-01
3.33565444e-01
3.32552372e-01
3.28425610e-01
3.20398403e-01
3.07731573e-01
2.89817476e-01
2.66269431e-01
2.37001013e-01
2.02275973e-01
1.62708827e-01
1.19202680e-01
7.28236092e-02
2.46210431e-02
1.58666173e-02
4.36372306e-02
6.78128915e-02
8.87432061e-02
1.06785900e-01
1.22284107e-01
1.35560090e-01
1.46913877e-01
1.56623565e-01
1.64945771e-01
1.72115313e-01
1.78344398e-01
1.83821374e-01
1.88709843e-01
1.93148185e-01
1.97250097e-01
2.01105856e-01
2.04784560e-01
2.08336777e-01
2.11797674e-01
2.15190015e-01
2.18527150e-01
2.21815494e-01
2.25056772e-01
2.28249676e-01
2.31391298e-01
2.34478114e-01
2.37506874e-01
2.40475258e-01
2.43382605e-01
2.46230609e-01
2.49024219e-01
2.51772646e-01
2.54490635e-01
2.57199878e-01
2.59930582e-01
2.62723023e-01
2.65628866e-01
2.68711950e-01
2.72048017e-01
2.75722884e-01
2.79828261e-01
2.84454645e-01
2.89680494e-01
2.95557551e-01
3.02092177e-01
3.09223685e-01
3.16800769e-01
3.24558443e-01
3.32097793e-01
3.38872183e-01
3.44183318e-01
3.47191906e-01
3.46947178e-01
3.42439751e-01
3.32679496e-01
3.16796375e-01
2.94154557e-01
2.64462238e-01
2.27851414e-01
1.84899897e-01
1.36573712e-01
8.40853259e-02
2.86787960e-02
1.76560478e-02
4.84077495e-02
7.49274067e-02
9.75805573e-02
1.16779292e-01
1.32943245e-01
1.46478661e-01
1.57766256e-01
1.67155327e-01
1.74961411e-01
1.81465979e-01
1.86916836e-01
1.91529061e-01
1.95486078e-01
1.98941264e-01
2.02019841e-01
2.04821438e-01
2.07422894e-01
2.09881525e-01
2.12238318e-01
2.14521206e-01
2.16747937e-01
2.18928770e-01
2.21068603e-01
2.23168886e-01
2.25229015e-01
2.27247615e-01
2.29223486e-01
2.31156595e-01
2.33048963e-01
2.34905750e-01
2.36736446e-01
2.38556378e-01
2.40388443e-01
2.42265167e-01
2.44230942e-01
2.46344325e-01
2.48680109e-01
2.51330718e-01
2.54406352e-01
2.58033033e-01
2.62347751e-01
2.67489671e-01
2.73586868e-01
2.80738124e-01
2.88990360e-01
2.98312530e-01
3.08567930e-01
3.19486729e-01
3.30641425e-01
3.41427646e-01
3.51054155e-01
3.58546371e-01
3.62769830e-01
3.62479956e-01
3.56404161e-01
3.43357218e-01
3.22383078e-01
2.92903518e-01
2.54841854e-01
2.08681706e-01
1.55425513e-01
9.64372792e-02
3.31796338e-02
1.94975099e-02
5.33214800e-02
8.22570571e-02
1.06679938e-01
1.27052958e-01
1.43871243e-01
1.57626573e-01
1.68784174e-01
1.77769547e-01
1.84962674e-01
1.90696718e-01
1.95259467e-01
1.98895940e-01
2.01811745e-01
2.04176549e-01
2.06127852e-01
2.07774683e-01
2.09201503e-01
2.10471885e-01
2.11632222e-01
2.12715007e-01
2.13741960e-01
2.14726591e-01
2.15676547e-01
2.16595411e-01
2.17484347e-01
2.18343349e-01
2.19172478e-01
2.19972930e-01
2.20748273e-01
2.21505747e-01
2.22257917e-01
2.23024600e-01
2.23835262e-01
2.24731776e-01
2.25771570e-01
2.27030909e-01
2.28607997e-01
2.30625321e-01
2.33230385e-01
2.36593822e-01
2.40903587e-01
2.46354242e-01
2.53130446e-01
2.61384906e-01
2.71211500e-01
2.82615544e-01
2.95482925e-01
3.09550187e-01
3.24376642e-01
3.39320305e-01
3.53519793e-01
3.65887199e-01
3.75119063e-01
3.79735914e-01
3.78160677e-01
3.68843656e-01
3.50431615e-01
3.21963134e-01
2.83051681e-01
2.34001872e-01
1.75801885e-01
1.09957384e-01
3.81696621e-02
2.14159140e-02
5.84339093e-02
8.98670708e-02
1.16098756e-01
1.37644515e-01
1.55079435e-01
1.68986794e-01
1.79922756e-01
1.88395512e-01
1.94855318e-01
1.99692165e-01
2.03237828e-01
2.05770424e-01
2.07519811e-01
2.08673377e-01
2.09381514e-01
2.09762959e-01
2.09909585e-01
2.09890976e-01
2.09758382e-01
2.09548427e-01
2.09286169e-01
2.08987895e-01
2.08663324e-01
2.08317607e-01
2.07952861e-01
2.07569655e-01
2.07168219e-01
2.06749800e-01
2.06317999e-01
2.05880473e-01
2.05450890e-01
2.05051473e-01
2.04716035e-01
2.04493715e-01
2.04453229e-01
2.04687536e-01
2.05318391e-01
2.06500062e-01
2.08421020e-01
2.11302037e-01
2.15389064e-01
2.20939375e-01
2.28200637e-01
2.37383615e-01
2.48631040e-01
2.61985272e-01
2.77357266e-01
2.94497217e-01
3.12966433e-01
3.32109139e-01
3.51025311e-01
3.68548376e-01
3.83237083e-01
3.93394909e-01
3.97134331e-01
3.92501404e-01
3.77667755e-01
3.51176951e-01
3.12203734e-01
2.60753895e-01
1.97718300e-01
1.24713490e-01
4.36942633e-02
2.34420954e-02
6.38147486e-02
9.78409006e-02
1.25912323e-01
1.48605243e-01
1.66585802e-01
1.80540175e-01
1.91125921e-01
1.98942616e-01
2.04517856e-01
2.08303765e-01
2.10680145e-01
2.11960931e-01
2.12402170e-01
2.12209996e-01
2.11548321e-01
2.10545613e-01
2.09301064e-01
2.07889786e-01
2.06367476e-01
2.04774217e-01
2.03137877e-01
2.01476782e-01
1.99802110e-01
1.98119728e-01
1.96431904e-01
1.94738661e-01
1.93039200e-01
1.91333224e-01
1.89622564e-01
1.87913026e-01
1.86216839e-01
1.84555682e-01
1.82964634e-01
1.81497005e-01
1.80230193e-01
1.79272260e-01
1.78768743e-01
1.78908541e-01
1.79927090e-01
1.82104392e-01
1.85755188e-01
1.91209535e-01
1.98784006e-01
2.08746899e-01
2.21282611e-01
2.36460227e-01
2.54207675e-01
2.74289255e-01
2.96281285e-01
3.19541756e-01
3.43172382e-01
3.65977170e-01
3.86427264e-01
4.02649630e-01
4.12462879e-01
4.13486928e-01
4.03346350e-01
3.79966910e-01
3.41925700e-01
2.88766893e-01
2.21157282e-01
1.40763454e-01
4.97993152e-02
2.56153983e-02
6.95526825e-02
1.06284399e-01
1.36215592e-01
1.59998910e-01
1.78410896e-01
1.92259238e-01
2.02318404e-01
2.09291387e-01
2.13791712e-01
2.16339657e-01
2.17366907e-01
2.17225752e-01
2.16199766e-01
2.14514617e-01
2.12347840e-01
2.09837563e-01
2.07089802e-01
2.04184732e-01
2.01181741e-01
1.98123752e-01
1.95040603e-01
1.91951959e-01
1.88869535e-01
1.85799067e-01
1.82741814e-01
1.79696038e-01
1.76658243e-01
1.73624659e-01
1.70592794e-01
1.67563575e-01
1.64544003e-01
1.61550866e-01
1.58615558e-01
1.55790498e-01
1.53157157e-01
1.50835777e-01
1.48995984e-01
1.47866785e-01
1.47742728e-01
1.48981628e-01
1.51988809e-01
1.57185070e-01
1.64961793e-01
1.75633261e-01
1.89398996e-01
2.06322586e-01
2.26323635e-01
2.49171464e-01
2.74469384e-01
3.01621904e-01
3.29783671e-01
3.57793914e-01
3.84107498e-01
4.06741433e-01
4.23266509e-01
4.30881575e-01
4.26608847e-01
4.07629752e-01
3.71735546e-01
3.17794413e-01
2.46064075e-01
1.58156113e-01
5.65330531e-02
2.79873125e-02
7.57621329e-02
1.15331652e-01
1.47125546e-01
1.71899547e-01
1.90571328e-01
2.04097969e-01
2.13393087e-01
2.19279050e-01
2.22466086e-01
2.23549237e-01
2.23015997e-01
2.21258941e-01
2.18590097e-01
2.15254703e-01
2.11443687e-01
2.07304172e-01
2.02948345e-01
1.98460524e-01
1.93903008e-01
1.89320575e-01
1.84744223e-01
1.80193954e-01
1.75681134e-01
1.71210210e-01
1.66780250e-01
1.62386101e-01
1.58019625e-01
1.53670845e-01
1.49329506e-01
1.44986982e-01
1.40639151e-01
1.36290357e-01
1.31959277e-01
1.27687083e-01
1.23548864e-01
1.19668636e-01
1.16237910e-01
1.13535492e-01
1.11942567e-01
1.11941671e-01
1.14085399e-01
1.18928604e-01
1.26940361e-01
1.38433802e-01
1.53544473e-01
1.72253227e-01
1.94421986e-01
2.19812870e-01
2.48076913e-01
2.78711579e-01
3.10990113e-01
3.43868116e-01
3.75875877e-01
4.05014445e-01
4.28686782e-01
4.43712578e-01
4.46485742e-01
4.33325482e-01
4.01024298e-01
3.47500969e-01
2.72341895e-01
1.76933645e-01
6.39489990e-02
3.06267817e-02
8.25926893e-02
1.25152644e-01
1.58783288e-01
1.84386764e-01
2.03068560e-01
2.15975595e-01
2.24191124e-01
2.28677788e-01
2.30255429e-01
2.29601249e-01
2.27262105e-01
2.23672308e-01
2.19172338e-01
2.14026500e-01
2.08438112e-01
2.02562325e-01
1.96516330e-01
1.90387631e-01
1.84240359e-01
1.78120339e-01
1.72058810e-01
1.66075434e-01
1.60180385e-01
1.54376080e-01
1.48658283e-01
1.43017101e-01
1.37437623e-01
1.31900704e-01
1.26383731e-01
1.20861982e-01
1.15310587e-01
1.09708004e-01
1.04041516e-01
9.83163969e-02
9.25704946e-02
8.68975391e-02
8.14827037e-02
7.66529906e-02
7.29350465e-02
7.10857129e-02
7.20201446e-02
7.65830280e-02
8.52764635e-02
9.81825505e-02
1.15118005e-01
1.35825792e-01
1.60070123e-01
1.87639290e-01
2.18298699e-01
2.51717169e-01
2.87371742e-01
3.24428459e-01
3.61599460e-01
3.96986280e-01
4.27938576e-01
4.50982868e-01
4.61903154e-01
4.56064362e-01
4.29033947e-01
3.77443672e-01
2.99845753e-01
1.97135709e-01
7.21107747e-02
3.36280805e-02
9.02423012e-02
1.35962547e-01
1.71354331e-01
1.97535588e-01
2.15869592e-01
2.27750253e-01
2.34471402e-01
2.37162146e-01
2.36767164e-01
2.34053417e-01
2.29630261e-01
2.23974144e-01
2.17453290e-01
2.10349666e-01
2.02877664e-01
1.95199093e-01
1.87435206e-01
1.79675874e-01
1.71986777e-01
1.64414684e-01
1.56991559e-01
1.49737405e-01
1.42662443e-01
1.35768409e-01
1.29049484e-01
1.22492566e-01
1.16077370e-01
1.09776036e-01
1.03552772e-01
9.73632400e-02
9.11543018e-02
8.48639978e-02
7.84226264e-02
7.17553826e-02
6.47886484e-02
5.74634587e-02
4.97663540e-02
4.18047385e-02
3.40086077e-02
2.76667526e-02
2.57287899e-02
3.10862293e-02
4.28827546e-02
5.90658031e-02
7.86310999e-02
1.01266855e-01
1.26935070e-01
1.55683421e-01
1.87547396e-01
2.22471730e-01
2.60218968e-01
3.00247730e-01
3.41550222e-01
3.82450326e-01
4.20383617e-01
4.51715264e-01
4.71695624e-01
4.74691945e-01
4.54826899e-01
4.07044856e-01
3.28372348e-01
2.18805877e-01
8.10999033e-02
3.71228792e-02
9.89756163e-02
1.48031961e-01
1.85023625e-01
2.11395676e-01
2.28873078e-01
2.39176364e-01
2.43863202e-01
2.44261075e-01
2.41456241e-01
2.36312863e-01
2.29504775e-01
2.21550076e-01
2.12843113e-01
2.03682030e-01
1.94291104e-01
1.84838564e-01
1.75450230e-01
1.66220094e-01
1.57218132e-01
1.48496303e-01
1.40092788e-01
1.32035181e-01
1.24342478e-01
1.17026423e-01
1.10091920e-01
1.03536990e-01
9.73519506e-02
9.15183300e-02
8.60072359e-02
8.07778350e-02
7.57758015e-02
7.09325566e-02
6.61653442e-02
6.13792282e-02
5.64716142e-02
5.13418266e-02
4.59102120e-02
4.01598988e-02
3.42354871e-02
2.86905936e-02
2.50189098e-02
2.58714739e-02
3.28546101e-02
4.50499502e-02
6.12511406e-02
8.09345546e-02
1.04001746e-01
1.30535737e-01
1.60673023e-01
1.94516669e-01
2.32044774e-01
2.72985941e-01
3.16641530e-01
3.61642248e-01
4.05646189e-01
4.45023064e-01
4.74631760e-01
4.87872704e-01
4.77242668e-01
4.35548488e-01
3.57641267e-01
2.42000307e-01
9.10285772e-02
4.12991889e-02
1.09149306e-01
1.61695433e-01
1.99978450e-01
2.25949923e-01
2.41850178e-01
2.49835122e-01
2.51793656e-01
2.49288407e-01
2.43564575e-01
2.35589668e-01
2.26102842e-01
2.15662596e-01
2.04688389e-01
1.93494622e-01
1.82317638e-01
1.71336454e-01
1.60688709e-01
1.50482516e-01
1.40805451e-01
1.31730884e-01
1.23322448e-01
1.15636414e-01
1.08722423e-01
1.02622130e-01
9.73662380e-02
9.29698453e-02
8.94273115e-02
8.67074716e-02
8.47510524e-02
8.34709689e-02
8.27561884e-02
8.24780715e-02
8.24983462e-02
8.26771498e-02
8.28809348e-02
8.29901114e-02
8.29077749e-02
8.25709129e-02
8.19667803e-02
8.11571874e-02
8.03140036e-02
7.97663111e-02
8.00511315e-02
8.19395821e-02
8.63888655e-02
9.43882607e-02
1.06758911e-01
1.24041240e-01
1.46524880e-01
1.74338357e-01
2.07492430e-01
2.45829509e-01
2.88868726e-01
3.35541566e-01
3.83815912e-01
4.30235249e-01
4.69468383e-01
4.94077916e-01
4.94837035e-01
4.61949213e-01
3.87257662e-01
2.66797459e-01
1.02060606e-01
4.64321435e-02
1.21245960e-01
1.77351305e-01
2.16364557e-01
2.41034354e-01
2.54341417e-01
2.59022225e-01
2.57378359e-01
2.51247439e-01
2.42049594e-01
2.30860263e-01
2.18484389e-01
2.05521903e-01
1.92421230e-01
1.79521467e-01
1.67084539e-01
1.55319426e-01
1.44399560e-01
1.34474661e-01
1.25676981e-01
1.18122266e-01
1.11905062e-01
1.07089563e-01
1.03698047e-01
1.01701432e-01
1.01016048e-01
1.01509451e-01
1.03013632e-01
1.05341762e-01
1.08303427e-01
1.11715718e-01
1.15409224e-01
1.19230148e-01
1.23039731e-01
1.26712665e-01
1.30135271e-01
1.33204432e-01
1.35827610e-01
1.37924690e-01
1.39432111e-01
1.40310417e-01
1.40556465e-01
1.40222524e-01
1.39444923e-01
1.38485403e-01
1.37786389e-01
1.38034472e-01
1.40209380e-01
1.45571306e-01
1.55533300e-01
1.71421976e-01
1.94229335e-01
2.24467319e-01
2.62104363e-01
3.06446184e-01
3.55836544e-01
4.07139534e-01
4.55071208e-01
4.91595046e-01
5.05802088e-01
4.84876804e-01
4.16637502e-01
2.93303724e-01
1.14446372e-01
5.29356232e-02
1.35915983e-01
1.95434825e-01
2.34185777e-01
2.56185423e-01
2.65479069e-01
2.65570207e-01
2.59265737e-01
2.48717324e-01
2.35533706e-01
2.20903385e-01
2.05703742e-01
1.90589421e-01
1.76060550e-01
1.62512903e-01
1.50272444e-01
1.39614885e-01
1.30770549e-01
1.23914692e-01
1.19147453e-01
1.16472410e-01
1.15787039e-01
1.16893880e-01
1.19531014e-01
1.23409985e-01
1.28248661e-01
1.33791918e-01
1.39820366e-01
1.46150408e-01
1.52629780e-01
1.59131248e-01
1.65546306e-01
1.71779498e-01
1.77743790e-01
1.83356892e-01
1.88538613e-01
1.93209083e-01
1.97287961e-01
2.00694584e-01
2.03349377e-01
2.05176764e-01
2.06110317e-01
2.06101060e-01
2.05130708e-01
2.03232397e-01
2.00523073e-01
1.97253268e-01
1.93881003e-01
1.91173013e-01
1.90319934e-01
1.93010374e-01
2.01349926e-01
2.17513074e-01
2.43181081e-01
2.79013244e-01
3.24283000e-01
3.76489041e-01
4.30692391e-01
4.78606790e-01
5.07877463e-01
5.02413182e-01
4.44858938e-01
3.21639740e-01
1.28581987e-01
6.14515615e-02
1.54017331e-01
2.16320375e-01
2.53085605e-01
2.70354410e-01
2.73688669e-01
2.67584414e-01
2.55449589e-01
2.39785429e-01
2.22405904e-01
2.04633353e-01
1.87453210e-01
1.71627195e-01
1.57766585e-01
1.46365772e-01
1.37795760e-01
1.32266369e-01
1.29782906e-01
1.30135393e-01
1.32942061e-01
1.37732069e-01
1.44029020e-01
1.51407221e-01
1.59515502e-01
1.68078314e-01
1.76885435e-01
1.85778370e-01
1.94637260e-01
2.03369890e-01
2.11902874e-01
2.20174864e-01
2.28131285e-01
2.35720324e-01
2.42889806e-01
2.49584838e-01
2.55745976e-01
2.61307949e-01
2.66198790e-01
2.70339507e-01
2.73644260e-01
2.76021301e-01
2.77374858e-01
2.77608527e-01
2.76630874e-01
2.74364715e-01
2.70762309e-01
2.65830572e-01
2.59672968e-01
2.52559076e-01
2.45037533e-01
2.38108552e-01
2.33449974e-01
2.33606418e-01
2.41883166e-01
2.61609254e-01
2.94832771e-01
3.41097582e-01
3.96629222e-01
4.53467678e-01
4.98302403e-01
5.11819860e-01
4.70373149e-01
3.51865037e-01
1.45109918e-01
7.30067615e-02
1.76610169e-01
2.40045792e-01
2.71887669e-01
2.81388270e-01
2.76220516e-01
2.62120406e-01
2.43187857e-01
2.22319115e-01
2.01590223e-01
1.82544716e-01
1.66376239e-01
1.53998803e-01
1.46007068e-01
1.42575757e-01
1.43410448e-01
1.47841929e-01
1.55030921e-01
1.64163344e-01
1.74559528e-01
1.85701314e-01
1.97214721e-01
2.08838525e-01
2.20393957e-01
2.31760239e-01
2.42856363e-01
2.53627874e-01
2.64037422e-01
2.74057913e-01
2.83667516e-01
2.92845916e-01
3.01571456e-01
3.09818872e-01
3.17557492e-01
3.24749732e-01
3.31349874e-01
3.37303030e-01
3.42544333e-01
3.46998288e-01
3.50578397e-01
3.53187016e-01
3.54715650e-01
3.55045767e-01
3.54050551e-01
3.51598086e-01
3.47557108e-01
3.41807166e-01
3.34256859e-01
3.24876720e-01
3.13759189e-01
3.01227812e-01
2.88032398e-01
2.75676162e-01
2.66876569e-01
2.65927454e-01
2.78219109e-01
3.08097159e-01
3.55826277e-01
4.15532721e-01
4.73978119e-01
5.09187608e-01
4.90461800e-01
3.83730637e-01
1.65084039e-01
8.92808526e-02
2.04757485e-01
2.65605097e-01
2.87662223e-01
2.85152454e-01
2.68565520e-01
2.45123355e-01
2.19741790e-01
1.95866541e-01
1.76029465e-01
1.62067015e-01
1.55000043e-01
1.54795145e-01
1.60426397e-01
1.70358520e-01
1.83087542e-01
1.97423659e-01
2.12530167e-01
2.27856062e-01
2.43052843e-01
2.57907364e-01
2.72294558e-01
2.86145891e-01
2.99428633e-01
3.12132233e-01
3.24259238e-01
3.35819144e-01
3.46824112e-01
3.57285907e-01
3.67213607e-01
3.76611841e-01
3.85479349e-01
3.93807774e-01
4.01580599e-01
4.08772190e-01
4.15346908e-01
4.21258295e-01
4.26448288e-01
4.30846511e-01
4.34369584e-01
4.36920518e-01
4.38388156e-01
4.38646745e-01
4.37555662e-01
4.34959501e-01
4.30688793e-01
4.24562084e-01
4.16390682e-01
4.05988949e-01
3.93195899e-01
3.77920190e-01
3.60233299e-01
3.40560883e-01
3.20064737e-01
3.01343388e-01
2.89429287e-01
2.92180879e-01
3.17624615e-01
3.67568616e-01
4.32402366e-01
4.89180717e-01
5.00288204e-01
4.15988301e-01
1.90200772e-01
1.12993341e-01
2.38653558e-01
2.89235136e-01
2.93971518e-01
2.74401355e-01
2.44576431e-01
2.13571330e-01
1.87542782e-01
1.70710792e-01
1.65118324e-01
1.70064728e-01
1.82813900e-01
2.00279045e-01
2.20084287e-01
2.40707009e-01
2.61256337e-01
2.81239703e-01
3.00401425e-01
3.18623921e-01
3.35869403e-01
3.52145608e-01
3.67485459e-01
3.81934841e-01
3.95545129e-01
4.08368541e-01
4.20455187e-01
4.31851133e-01
4.42597072e-01
4.52727366e-01
4.62269280e-01
4.71242343e-01
4.79657747e-01
4.87517773e-01
4.94815210e-01
5.01532759e-01
5.07642422e-01
5.13104863e-01
5.17868747e-01
5.21870047e-01
5.25031319e-01
5.27260899e-01
5.28452052e-01
5.28481959e-01
5.27210570e-01
5.24479200e-01
5.20108876e-01
5.13898385e-01
5.05622255e-01
4.95029192e-01
4.81842645e-01
4.65767486e-01
4.46512631e-01
4.23852819e-01
3.97784393e-01
3.68900718e-01
3.39249792e-01
3.14047342e-01
3.03813446e-01
3.22501252e-01
3.75358420e-01
4.45723490e-01
4.91496590e-01
4.44648495e-01
2.22930516e-01
1.48035574e-01
2.74629090e-01
3.00614393e-01
2.78488356e-01
2.39808962e-01
2.03424529e-01
1.81154776e-01
1.78234226e-01
1.91997568e-01
2.15670764e-01
2.43560840e-01
2.72366353e-01
3.00454232e-01
3.27094506e-01
3.52011769e-01
3.75154256e-01
3.96577681e-01
4.16386483e-01
4.34703803e-01
4.51656151e-01
4.67365656e-01
4.81946334e-01
4.95502446e-01
5.08127944e-01
5.19906460e-01
5.30911522e-01
5.41206846e-01
5.50846604e-01
5.59875628e-01
5.68329524e-01
5.76234697e-01
5.83608271e-01
5.90457931e-01
5.96781672e-01
6.02567487e-01
6.07792972e-01
6.12424887e-01
6.16418642e-01
6.19717735e-01
6.22253097e-01
6.23942360e-01
6.24688956e-01
6.24381039e-01
6.22890068e-01
6.20068968e-01
6.15749609e-01
6.09739353e-01
6.01816264e-01
5.91722543e-01
5.79155686e-01
5.63757255e-01
5.45100273e-01
5.22680220e-01
4.95925508e-01
4.64274290e-01
4.27449288e-01
3.86288635e-01
3.44998893e-01
3.15938630e-01
3.22238891e-01
3.77622777e-01
4.51355664e-01
4.59070639e-01
2.65615908e-01
1.96691465e-01
2.96224491e-01
2.77269664e-01
2.28733711e-01
1.96493520e-01
1.99581181e-01
2.29775405e-01
2.70710372e-01
3.12938999e-01
3.52771298e-01
3.89090595e-01
4.21779346e-01
4.51080490e-01
4.77344803e-01
5.00932201e-01
5.22175424e-01
5.41369250e-01
5.58769955e-01
5.74598564e-01
5.89045169e-01
6.02273204e-01
6.14423246e-01
6.25616254e-01
6.35956231e-01
6.45532400e-01
6.54420919e-01
6.62686243e-01
6.70382165e-01
6.77552596e-01
6.84232115e-01
6.90446350e-01
6.96212181e-01
7.01537826e-01
7.06422808e-01
7.10857833e-01
7.14824586e-01
7.18295460e-01
7.21233220e-01
7.23590598e-01
7.25309828e-01
7.26322057e-01
7.26546649e-01
7.25890249e-01
7.24245565e-01
7.21489657e-01
7.17481536e-01
7.12058677e-01
7.05031962e-01
6.96178208e-01
6.85229165e-01
6.71855209e-01
6.55641328e-01
6.36052224e-01
6.12383514e-01
5.83700057e-01
5.48781233e-01
5.06163010e-01
4.54613315e-01
3.95209475e-01
3.38457582e-01
3.18438446e-01
3.70906021e-01
4.35342142e-01
3.14716898e-01
2.39868965e-01
2.59558270e-01
2.21202714e-01
2.43616456e-01
3.07982579e-01
3.76680051e-01
4.37459527e-01
4.88723443e-01
5.31586520e-01
5.67580407e-01
5.98068705e-01
6.24144777e-01
6.46657912e-01
6.66264148e-01
6.83473007e-01
6.98684257e-01
7.12215277e-01
7.24321058e-01
7.35208773e-01
7.45048450e-01
7.53980834e-01
7.62123254e-01
7.69574016e-01
7.76415740e-01
7.82717879e-01
7.88538652e-01
7.93926502e-01
7.98921202e-01
8.03554673e-01
8.07851581e-01
8.11829754e-01
8.15500447e-01
8.18868503e-01
8.21932405e-01
8.24684262e-01
8.27109727e-01
8.29187864e-01
8.30890971e-01
8.32184355e-01
8.33026060e-01
8.33366517e-01
8.33148106e-01
8.32304557e-01
8.30760120e-01
8.28428378e-01
8.25210509e-01
8.20992711e-01
8.15642346e-01
8.09002125e-01
8.00881260e-01
7.91041880e-01
7.79177929e-01
7.64881964e-01
7.47592175e-01
7.26506872e-01
7.00445807e-01
6.67629075e-01
6.25352610e-01
5.69663264e-01
4.95861637e-01
4.04183414e-01
3.26711629e-01
3.45602682e-01
3.37405272e-01
1.74351301e-01
3.57805270e-01
5.17310530e-01
6.27040304e-01
6.99860895e-01
7.49317192e-01
7.84271964e-01
8.10031563e-01
8.29746143e-01
8.45323370e-01
8.57956032e-01
8.68417864e-01
8.77229917e-01
8.84755768e-01
8.91257445e-01
8.96929230e-01
9.01918763e-01
9.06340598e-01
9.10285201e-01
9.13825065e-01
9.17018968e-01
9.19915015e-01
9.22552830e-01
9.24965171e-01
9.27179126e-01
9.29217004e-01
9.31097003e-01
9.32833704e-01
9.34438435e-01
9.35919534e-01
9.37282532e-01
9.38530276e-01
9.39662999e-01
9.40678354e-01
9.41571421e-01
9.42334686e-01
9.42958003e-01
9.43428549e-01
9.43730751e-01
9.43846206e-01
9.43753572e-01
9.43428419e-01
9.42843019e-01
9.41966037e-01
9.40762062e-01
9.39190910e-01
9.37206539e-01
9.34755419e-01
9.31774016e-01
9.28184934e-01
9.23890903e-01
9.18765306e-01
9.12636924e-01
9.05264752e-01
8.96295031e-01
8.85185012e-01
8.71061006e-01
8.52438696e-01
8.26637065e-01
7.88489016e-01
7.27552165e-01
6.23497385e-01
4.48924789e-01
2.27907213e-01
SCALARS pressure double 1
LOOKUP_TABLE default
-1.52706148e+00
-1.52790988e+00
-1.52832102e+00
-1.52867075e+00
-1.52899353e+00
-1.52929281e+00
-1.52956257e+00
-1.52979516e+00
-1.52998427e+00
-1.53012522e+00
-1.53021517e+00
-1.53025245e+00
-1.53023659e+00
-1.53016765e+00
-1.53004637e+00
-1.52987358e+00
-1.52965051e+00
-1.52937822e+00
-1.52905809e+00
-1.52869121e+00
-1.52827904e+00
-1.52782270e+00
-1.52732377e+00
-1.52678357e+00
-1.52620397e+00
-1.52558664e+00
-1.52493393e+00
-1.52424807e+00
-1.52353203e+00
-1.52278876e+00
-1.52202200e+00
-1.52123552e+00
-1.52043389e+00
-1.51962170e+00
-1.51880437e+00
-1.51798727e+00
-1.51717650e+00
-1.51637808e+00
-1.51559861e+00
-1.51484446e+00
-1.51412241e+00
-1.51343884e+00
-1.51280031e+00
-1.51221270e+00
-1.51168184e+00
-1.51121264e+00
-1.51080962e+00
-1.51047609e+00
-1.51021468e+00
-1.51002654e+00
-1.50991180e+00
-1.50986885e+00
-1.50989474e+00
-1.50998452e+00
-1.51013150e+00
-1.51032661e+00
-1.51055842e+00
-1.51081222e+00
-1.51106935e+00
-1.51130484e+00
-1.51148361e+00
-1.51155129e+00
-1.51141591e+00
-1.51065070e+00
-1.52780192e+00
-1.52826476e+00
-1.52853576e+00
-1.52881562e+00
-1.52908797e+00
-1.52934379e+00
-1.52957476e+00
-1.52977360e+00
-1.52993418e+00
-1.53005212e+00
-1.53012419e+00
-1.53014865e+00
-1.53012434e+00
-1.53005119e+00
-1.52992920e+00
-1.52975914e+00
-1.52954155e+00
-1.52927758e+00
-1.52896798e+00
-1.52861407e+00
-1.52821671e+00
-1.52777739e+00
-1.52729714e+00
-1.52677770e+00
-1.52622039e+00
-1.52562735e+00
-1.52500037e+00
-1.52434215e+00
-1.52365507e+00
-1.52294252e+00
-1.52220762e+00
-1.52145451e+00
-1.52068709e+00
-1.51991029e+00
-1.51912874e+00
-1.51834810e+00
-1.51757365e+00
-1.51681158e+00
-1.51606762e+00
-1.51534825e+00
-1.51465934e+00
-1.51400730e+00
-1.51339773e+00
-1.51283653e+00
-1.51232857e+00
-1.51187871e+00
-1.51149057e+00
-1.51116743e+00
-1.51091108e+00
-1.51072267e+00
-1.51060165e+00
-1.51054649e+00
-1.51055376e+00
-1.51061874e+00
-1.51073455e+00
-1.51089266e+00
-1.51108197e+00
-1.51128904e+00
-1.51149697e+00
-1.51168504e+00
-1.51182747e+00
-1.51189425e+00
-1.51185956e+00
-1.51148135e+00
-1.52791476e+00
-1.52828398e+00
-1.52847800e+00
-1.52870431e+00
-1.52893551e+00
-1.52915614e+00
-1.52935598e+00
-1.52952716e+00
-1.52966403e+00
-1.52976207e+00
-1.52981847e+00
-1.52983103e+00
-1.52979885e+00
-1.52972115e+00
-1.52959817e+00
-1.52942987e+00
-1.52921711e+00
-1.52896020e+00
-1.52866032e+00
-1.52831793e+00
-1.52793444e+00
-1.52751050e+00
-1.52704774e+00
-1.52654708e+00
-1.52601050e+00
-1.52543929e+00
-1.52483596e+00
-1.52420231e+00
-1.52354145e+00
-1.52285584e+00
-1.52214931e+00
-1.52142504e+00
-1.52068760e+00
-1.51994089e+00
-1.51919020e+00
-1.51844012e+00
-1.51769651e+00
-1.51696448e+00
-1.51625027e+00
-1.51555925e+00
-1.51489776e+00
-1.51427107e+00
-1.51368522e+00
-1.51314499e+00
-1.51265562e+00
-1.51222092e+00
-1.51184483e+00
-1.51152967e+00
-1.51127756e+00
-1.51108882e+00
-1.51096324e+00
-1.51089866e+00
-1.51089210e+00
-1.51093849e+00
-1.51103169e+00
-1.51116329e+00
-1.51132354e+00
-1.51150028e+00
-1.51167972e+00
-1.51184586e+00
-1.51198207e+00
-1.51207368e+00
-1.51211704e+00
-1.51187256e+00
-1.52783705e+00
-1.52821467e+00
-1.52838790e+00
-1.52858844e+00
-1.52879412e+00
-1.52899046e+00
-1.52916719e+00
-1.52931723e+00
-1.52943500e+00
-1.52951686e+00
-1.52955976e+00
-1.52956219e+00
-1.52952267e+00
-1.52944100e+00
-1.52931659e+00
-1.52915001e+00
-1.52894111e+00
-1.52869087e+00
-1.52839939e+00
-1.52806792e+00
-1.52769672e+00
-1.52728729e+00
-1.52684013e+00
-1.52635705e+00
-1.52583888e+00
-1.52528788e+00
-1.52470533e+00
-1.52409406e+00
-1.52345592e+00
-1.52279442e+00
-1.52211209e+00
-1.52141313e+00
-1.52070080e+00
-1.51998003e+00
-1.51925474e+00
-1.51853050e+00
-1.51781183e+00
-1.51710476e+00
-1.51641418e+00
-1.51574636e+00
-1.51510627e+00
-1.51450006e+00
-1.51393241e+00
-1.51340892e+00
-1.51293357e+00
-1.51251092e+00
-1.51214373e+00
-1.51183504e+00
-1.51158593e+00
-1.51139739e+00
-1.51126837e+00
-1.51119743e+00
-1.51118098e+00
-1.51121485e+00
-1.51129267e+00
-1.51140732e+00
-1.51154964e+00
-1.51170969e+00
-1.51187592e+00
-1.51203679e+00
-1.51218112e+00
-1.51230142e+00
-1.51239746e+00
-1.51221599e+00
-1.52766574e+00
-1.52808590e+00
-1.52827064e+00
-1.52846779e+00
-1.52866330e+00
-1.52884602e+00
-1.52900798e+00
-1.52914289e+00
-1.52924660e+00
-1.52931555e+00
-1.52934785e+00
-1.52934157e+00
-1.52929620e+00
-1.52921075e+00
-1.52908554e+00
-1.52892007e+00
-1.52871513e+00
-1.52847046e+00
-1.52818717e+00
-1.52786514e+00
-1.52750571e+00
-1.52710898e+00
-1.52667658e+00
-1.52620886e+00
-1.52570788e+00
-1.52517436e+00
-1.52461088e+00
-1.52401870e+00
-1.52340102e+00
-1.52275972e+00
-1.52209869e+00
-1.52142052e+00
-1.52072982e+00
-1.52002988e+00
-1.51932597e+00
-1.51862202e+00
-1.51792387e+00
-1.51723593e+00
-1.51656439e+00
-1.51591391e+00
-1.51529072e+00
-1.51469941e+00
-1.51414589e+00
-1.51363426e+00
-1.51316966e+00
-1.51275525e+00
-1.51239491e+00
-1.51209039e+00
-1.51184383e+00
-1.51165513e+00
-1.51152425e+00
-1.51144889e+00
-1.51142654e+00
-1.51145246e+00
-1.51152159e+00
-1.51162680e+00
-1.51176067e+00
-1.51191419e+00
-1.51207853e+00
-1.51224447e+00
-1.51240449e+00
-1.51255340e+00
-1.51269065e+00
-1.51255496e+00
-1.52745598e+00
-1.52792891e+00
-1.52814116e+00
-1.52834982e+00
-1.52854686e+00
-1.52872546e+00
-1.52887968e+00
-1.52900550e+00
-1.52909932e+00
-1.52915921e+00
-1.52918313e+00
-1.52917048e+00
-1.52912008e+00
-1.52903217e+00
-1.52890602e+00
-1.52874231e+00
-1.52854052e+00
-1.52830163e+00
-1.52802522e+00
-1.52771248e+00
-1.52736312e+00
-1.52697860e+00
-1.52655883e+00
-1.52610562e+00
-1.52561921e+00
-1.52510190e+00
-1.52455436e+00
-1.52397950e+00
-1.52337857e+00
-1.52275515e+00
-1.52211116e+00
-1.52145091e+00
-1.52077702e+00
-1.52009452e+00
-1.51940672e+00
-1.51871926e+00
-1.51803605e+00
-1.51736320e+00
-1.51670499e+00
-1.51606776e+00
-1.51545592e+00
-1.51487566e+00
-1.51433116e+00
-1.51382808e+00
-1.51336991e+00
-1.51296132e+00
-1.51260467e+00
-1.51230314e+00
-1.51205750e+00
-1.51186904e+00
-1.51173656e+00
-1.51165910e+00
-1.51163327e+00
-1.51165574e+00
-1.51172094e+00
-1.51182335e+00
-1.51195567e+00
-1.51211086e+00
-1.51228101e+00
-1.51245927e+00
-1.51263936e+00
-1.51281746e+00
-1.51299192e+00
-1.51289857e+00
-1.52724179e+00
-1.52776897e+00
-1.52801610e+00
-1.52824483e+00
-1.52845186e+00
-1.52863324e+00
-1.52878605e+00
-1.52890737e+00
-1.52899574e+00
-1.52904936e+00
-1.52906789e+00
-1.52905025e+00
-1.52899678e+00
-1.52890673e+00
-1.52878083e+00
-1.52861842e+00
-1.52842044e+00
-1.52818626e+00
-1.52791698e+00
-1.52761197e+00
-1.52727255e+00
-1.52689822e+00
-1.52649058e+00
-1.52604939e+00
-1.52557666e+00
-1.52507255e+00
-1.52453962e+00
-1.52397853e+00
-1.52339253e+00
-1.52278292e+00
-1.52215364e+00
-1.52150672e+00
-1.52084685e+00
-1.52017675e+00
-1.51950184e+00
-1.51882551e+00
-1.51815372e+00
-1.51749039e+00
-1.51684188e+00
-1.51621237e+00
-1.51560830e+00
-1.51503384e+00
-1.51449512e+00
-1.51399588e+00
-1.51354151e+00
-1.51313490e+00
-1.51278021e+00
-1.51247902e+00
-1.51223382e+00
-1.51204445e+00
-1.51191138e+00
-1.51183245e+00
-1.51180589e+00
-1.51182747e+00
-1.51189328e+00
-1.51199733e+00
-1.51213406e+00
-1.51229650e+00
-1.51247857e+00
-1.51267383e+00
-1.51287749e+00
-1.51308562e+00
-1.51329643e+00
-1.51324440e+00
-1.52704594e+00
-1.52762595e+00
-1.52791052e+00
-1.52816424e+00
-1.52838631e+00
-1.52857590e+00
-1.52873158e+00
-1.52885287e+00
-1.52893875e+00
-1.52898947e+00
-1.52900437e+00
-1.52898417e+00
-1.52892834e+00
-1.52883784e+00
-1.52871206e+00
-1.52855205e+00
-1.52835709e+00
-1.52812825e+00
-1.52786471e+00
-1.52756768e+00
-1.52723631e+00
-1.52687203e+00
-1.52647415e+00
-1.52604444e+00
-1.52558251e+00
-1.52509065e+00
-1.52456893e+00
-1.52402024e+00
-1.52344526e+00
-1.52284760e+00
-1.52222864e+00
-1.52159275e+00
-1.52094205e+00
-1.52028167e+00
-1.51961446e+00
-1.51894623e+00
-1.51828045e+00
-1.51762344e+00
-1.51697913e+00
-1.51635410e+00
-1.51575246e+00
-1.51518071e+00
-1.51464277e+00
-1.51414467e+00
-1.51368973e+00
-1.51328303e+00
-1.51292684e+00
-1.51262480e+00
-1.51237773e+00
-1.51218744e+00
-1.51205292e+00
-1.51197389e+00
-1.51194737e+00
-1.51197093e+00
-1.51203978e+00
-1.51214966e+00
-1.51229451e+00
-1.51246903e+00
-1.51266694e+00
-1.51288319e+00
-1.51311272e+00
-1.51335221e+00
-1.51359912e+00
-1.51358765e+00
-1.52688512e+00
-1.52751533e+00
-1.52783790e+00
-1.52811865e+00
-1.52835920e+00
-1.52856013e+00
-1.52872247e+00
-1.52884642e+00
-1.52893316e+00
-1.52898281e+00
-1.52899676e+00
-1.52897497e+00
-1.52891883e+00
-1.52882803e+00
-1.52870388e+00
-1.52854573e+00
-1.52835479e+00
-1.52813013e+00
-1.52787295e+00
-1.52758215e+00
-1.52725905e+00
-1.52690256e+00
-1.52651426e+00
-1.52609326e+00
-1.52564156e+00
-1.52515868e+00
-1.52464717e+00
-1.52410710e+00
-1.52354173e+00
-1.52295178e+00
-1.52234130e+00
-1.52171177e+00
-1.52106802e+00
-1.52041233e+00
-1.51975027e+00
-1.51908485e+00
-1.51842229e+00
-1.51776617e+00
-1.51712316e+00
-1.51649721e+00
-1.51589511e+00
-1.51532087e+00
-1.51478106e+00
-1.51427932e+00
-1.51382154e+00
-1.51341062e+00
-1.51305126e+00
-1.51274515e+00
-1.51249541e+00
-1.51230210e+00
-1.51216640e+00
-1.51208652e+00
-1.51206153e+00
-1.51208778e+00
-1.51216237e+00
-1.51228013e+00
-1.51243668e+00
-1.51262608e+00
-1.51284342e+00
-1.51308309e+00
-1.51334086e+00
-1.51361262e+00
-1.51389588e+00
-1.51392396e+00
-1.52677216e+00
-1.52744994e+00
-1.52780963e+00
-1.52811842e+00
-1.52837887e+00
-1.52859370e+00
-1.52876464e+00
-1.52889410e+00
-1.52898331e+00
-1.52903455e+00
-1.52904857e+00
-1.52902743e+00
-1.52897132e+00
-1.52888202e+00
-1.52875917e+00
-1.52860423e+00
-1.52841636e+00
-1.52819683e+00
-1.52794445e+00
-1.52766045e+00
-1.52734350e+00
-1.52699497e+00
-1.52661360e+00
-1.52620110e+00
-1.52575647e+00
-1.52528194e+00
-1.52477700e+00
-1.52424453e+00
-1.52368464e+00
-1.52310100e+00
-1.52249445e+00
-1.52186950e+00
-1.52122780e+00
-1.52057468e+00
-1.51991259e+00
-1.51924761e+00
-1.51858290e+00
-1.51792514e+00
-1.51727801e+00
-1.51664852e+00
-1.51604063e+00
-1.51546136e+00
-1.51491457e+00
-1.51440685e+00
-1.51394159e+00
-1.51352449e+00
-1.51315798e+00
-1.51284641e+00
-1.51259087e+00
-1.51239394e+00
-1.51225500e+00
-1.51217463e+00
-1.51215038e+00
-1.51218073e+00
-1.51226154e+00
-1.51238953e+00
-1.51255930e+00
-1.51276645e+00
-1.51300516e+00
-1.51327082e+00
-1.51355825e+00
-1.51386364e+00
-1.51418341e+00
-1.51425050e+00
-1.52671774e+00
-1.52744030e+00
-1.52783609e+00
-1.52817260e+00
-1.52845403e+00
-1.52868364e+00
-1.52886523e+00
-1.52900133e+00
-1.52909534e+00
-1.52914903e+00
-1.52916534e+00
-1.52914524e+00
-1.52909114e+00
-1.52900316e+00
-1.52888323e+00
-1.52873073e+00
-1.52854718e+00
-1.52833141e+00
-1.52808471e+00
-1.52780557e+00
-1.52749527e+00
-1.52715221e+00
-1.52677789e+00
-1.52637085e+00
-1.52593302e+00
-1.52546333e+00
-1.52496430e+00
-1.52443543e+00
-1.52388001e+00
-1.52329825e+00
-1.52269427e+00
-1.52206910e+00
-1.52142776e+00
-1.52077212e+00
-1.52010803e+00
-1.51943819e+00
-1.51876916e+00
-1.51810431e+00
-1.51745075e+00
-1.51681229e+00
-1.51619625e+00
-1.51560663e+00
-1.51505057e+00
-1.51453183e+00
-1.51405696e+00
-1.51362906e+00
-1.51325361e+00
-1.51293260e+00
-1.51266998e+00
-1.51246626e+00
-1.51232353e+00
-1.51224053e+00
-1.51221728e+00
-1.51225076e+00
-1.51233898e+00
-1.51247735e+00
-1.51266229e+00
-1.51288820e+00
-1.51315054e+00
-1.51344353e+00
-1.51376255e+00
-1.51410252e+00
-1.51445968e+00
-1.51456560e+00
-1.52673077e+00
-1.52749583e+00
-1.52792610e+00
-1.52829010e+00
-1.52859230e+00
-1.52883779e+00
-1.52903047e+00
-1.52917499e+00
-1.52927433e+00
-1.52933250e+00
-1.52935142e+00
-1.52933434e+00
-1.52928212e+00
-1.52919726e+00
-1.52907962e+00
-1.52893108e+00
-1.52875066e+00
-1.52853983e+00
-1.52829704e+00
-1.52802357e+00
-1.52771759e+00
-1.52738045e+00
-1.52701030e+00
-1.52660880e+00
-1.52617438e+00
-1.52570923e+00
-1.52521224e+00
-1.52468633e+00
-1.52413107e+00
-1.52355020e+00
-1.52294410e+00
-1.52231743e+00
-1.52167145e+00
-1.52101172e+00
-1.52034040e+00
-1.51966388e+00
-1.51898512e+00
-1.51831121e+00
-1.51764572e+00
-1.51699617e+00
-1.51636652e+00
-1.51576436e+00
-1.51519368e+00
-1.51466175e+00
-1.51417219e+00
-1.51373146e+00
-1.51334237e+00
-1.51301015e+00
-1.51273634e+00
-1.51252451e+00
-1.51237462e+00
-1.51228828e+00
-1.51226368e+00
-1.51230034e+00
-1.51239471e+00
-1.51254436e+00
-1.51274429e+00
-1.51299054e+00
-1.51327723e+00
-1.51359946e+00
-1.51395121e+00
-1.51432753e+00
-1.51472311e+00
-1.51486883e+00
-1.52681936e+00
-1.52762463e+00
-1.52808818e+00
-1.52847857e+00
-1.52880175e+00
-1.52906285e+00
-1.52926777e+00
-1.52942080e+00
-1.52952713e+00
-1.52958987e+00
-1.52961327e+00
-1.52959908e+00
-1.52955061e+00
-1.52946834e+00
-1.52935469e+00
-1.52920907e+00
-1.52903323e+00
-1.52882575e+00
-1.52858801e+00
-1.52831806e+00
-1.52801718e+00
-1.52768324e+00
-1.52731768e+00
-1.52691848e+00
-1.52648752e+00
-1.52602317e+00
-1.52552794e+00
-1.52500080e+00
-1.52444509e+00
-1.52386054e+00
-1.52325142e+00
-1.52261834e+00
-1.52196653e+00
-1.52129756e+00
-1.52061757e+00
-1.51992902e+00
-1.51923888e+00
-1.51855041e+00
-1.51787116e+00
-1.51720496e+00
-1.51655969e+00
-1.51593944e+00
-1.51535204e+00
-1.51480147e+00
-1.51429505e+00
-1.51383624e+00
-1.51343142e+00
-1.51308306e+00
-1.51279614e+00
-1.51257180e+00
-1.51241321e+00
-1.51231988e+00
-1.51229292e+00
-1.51233006e+00
-1.51243032e+00
-1.51258968e+00
-1.51280520e+00
-1.51307144e+00
-1.51338386e+00
-1.51373606e+00
-1.51412254e+00
-1.51453670e+00
-1.51497288e+00
-1.51516014e+00
-1.52699068e+00
-1.52783443e+00
-1.52832965e+00
-1.52874592e+00
-1.52908920e+00
-1.52936642e+00
-1.52958319e+00
-1.52974595e+00
-1.52985911e+00
-1.52992808e+00
-1.52995572e+00
-1.52994627e+00
-1.52990106e+00
-1.52982321e+00
-1.52971266e+00
-1.52957163e+00
-1.52939897e+00
-1.52919627e+00
-1.52896161e+00
-1.52869629e+00
-1.52839799e+00
-1.52806801e+00
-1.52770397e+00
-1.52730748e+00
-1.52687642e+00
-1.52641294e+00
-1.52591543e+00
-1.52538682e+00
-1.52482622e+00
-1.52423746e+00
-1.52362052e+00
-1.52298023e+00
-1.52231754e+00
-1.52163826e+00
-1.52094430e+00
-1.52024243e+00
-1.51953545e+00
-1.51883089e+00
-1.51813229e+00
-1.51744769e+00
-1.51678113e+00
-1.51614084e+00
-1.51553100e+00
-1.51495964e+00
-1.51443069e+00
-1.51395151e+00
-1.51352538e+00
-1.51315856e+00
-1.51285324e+00
-1.51261412e+00
-1.51244200e+00
-1.51233968e+00
-1.51230627e+00
-1.51234245e+00
-1.51244551e+00
-1.51261396e+00
-1.51284329e+00
-1.51312992e+00
-1.51346778e+00
-1.51385152e+00
-1.51427394e+00
-1.51472854e+00
-1.51520783e+00
-1.51543994e+00
-1.52725166e+00
-1.52813209e+00
-1.52865797e+00
-1.52909884e+00
-1.52946216e+00
-1.52975471e+00
-1.52998410e+00
-1.53015613e+00
-1.53027748e+00
-1.53035231e+00
-1.53038595e+00
-1.53038076e+00
-1.53034072e+00
-1.53026651e+00
-1.53016093e+00
-1.53002329e+00
-1.52985550e+00
-1.52965584e+00
-1.52942571e+00
-1.52916272e+00
-1.52886810e+00
-1.52853923e+00
-1.52817748e+00
-1.52778031e+00
-1.52734957e+00
-1.52688310e+00
-1.52638343e+00
-1.52584907e+00
-1.52528341e+00
-1.52468580e+00
-1.52406062e+00
-1.52340818e+00
-1.52273392e+00
-1.52203914e+00
-1.52133031e+00
-1.52060972e+00
-1.51988473e+00
-1.51915851e+00
-1.51843912e+00
-1.51773040e+00
-1.51704083e+00
-1.51637463e+00
-1.51574033e+00
-1.51514219e+00
-1.51458837e+00
-1.51408277e+00
-1.51363274e+00
-1.51324141e+00
-1.51291488e+00
-1.51265515e+00
-1.51246666e+00
-1.51234993e+00
-1.51230746e+00
-1.51233801e+00
-1.51244189e+00
-1.51261594e+00
-1.51285811e+00
-1.51316330e+00
-1.51352710e+00
-1.51394255e+00
-1.51440314e+00
-1.51490054e+00
-1.51542686e+00
-1.51570813e+00
-1.52760866e+00
-1.52852451e+00
-1.52907959e+00
-1.52954456e+00
-1.52992684e+00
-1.53023503e+00
-1.53047630e+00
-1.53065864e+00
-1.53078767e+00
-1.53086997e+00
-1.53090912e+00
-1.53091012e+00
-1.53087459e+00
-1.53080606e+00
-1.53070446e+00
-1.53057217e+00
-1.53040778e+00
-1.53021292e+00
-1.52998527e+00
-1.52972607e+00
-1.52943255e+00
-1.52910592e+00
-1.52874330e+00
-1.52834627e+00
-1.52791219e+00
-1.52744323e+00
-1.52693730e+00
-1.52639740e+00
-1.52582221e+00
-1.52521570e+00
-1.52457749e+00
-1.52391262e+00
-1.52322173e+00
-1.52251094e+00
-1.52178195e+00
-1.52104186e+00
-1.52029336e+00
-1.51954441e+00
-1.51879853e+00
-1.51806428e+00
-1.51734577e+00
-1.51665186e+00
-1.51598695e+00
-1.51535980e+00
-1.51477473e+00
-1.51424000e+00
-1.51375947e+00
-1.51334048e+00
-1.51298606e+00
-1.51270218e+00
-1.51249071e+00
-1.51235594e+00
-1.51229818e+00
-1.51231971e+00
-1.51241905e+00
-1.51259609e+00
-1.51284728e+00
-1.51316989e+00
-1.51355803e+00
-1.51400619e+00
-1.51450619e+00
-1.51504996e+00
-1.51562763e+00
-1.51596418e+00
-1.52806811e+00
-1.52901792e+00
-1.52960137e+00
-1.53008915e+00
-1.53049030e+00
-1.53081316e+00
-1.53106701e+00
-1.53125900e+00
-1.53139712e+00
-1.53148639e+00
-1.53153298e+00
-1.53153966e+00
-1.53151084e+00
-1.53144724e+00
-1.53135184e+00
-1.53122373e+00
-1.53106483e+00
-1.53087305e+00
-1.53064973e+00
-1.53039204e+00
-1.53010112e+00
-1.52977387e+00
-1.52941159e+00
-1.52901128e+00
-1.52857476e+00
-1.52809942e+00
-1.52758785e+00
-1.52703812e+00
-1.52645376e+00
-1.52583374e+00
-1.52518263e+00
-1.52450043e+00
-1.52379282e+00
-1.52306089e+00
-1.52231137e+00
-1.52154642e+00
-1.52077376e+00
-1.51999649e+00
-1.51922309e+00
-1.51845744e+00
-1.51770852e+00
-1.51698071e+00
-1.51628317e+00
-1.51562044e+00
-1.51500148e+00
-1.51443066e+00
-1.51391633e+00
-1.51346234e+00
-1.51307604e+00
-1.51276042e+00
-1.51252146e+00
-1.51236098e+00
-1.51228323e+00
-1.51228850e+00
-1.51237891e+00
-1.51255285e+00
-1.51280984e+00
-1.51314584e+00
-1.51355729e+00
-1.51403729e+00
-1.51457882e+00
-1.51517208e+00
-1.51580694e+00
-1.51620607e+00
-1.52863605e+00
-1.52961881e+00
-1.53022926e+00
-1.53073940e+00
-1.53115823e+00
-1.53149608e+00
-1.53176168e+00
-1.53196450e+00
-1.53211121e+00
-1.53220934e+00
-1.53226301e+00
-1.53227771e+00
-1.53225513e+00
-1.53219898e+00
-1.53210899e+00
-1.53198752e+00
-1.53183280e+00
-1.53164636e+00
-1.53142546e+00
-1.53117122e+00
-1.53088039e+00
-1.53055412e+00
-1.53018908e+00
-1.52978679e+00
-1.52934421e+00
-1.52886352e+00
-1.52834225e+00
-1.52778348e+00
-1.52718555e+00
-1.52655258e+00
-1.52588388e+00
-1.52518469e+00
-1.52445543e+00
-1.52370244e+00
-1.52292724e+00
-1.52213724e+00
-1.52133499e+00
-1.52052882e+00
-1.51972218e+00
-1.51892407e+00
-1.51813864e+00
-1.51737526e+00
-1.51663852e+00
-1.51593782e+00
-1.51527784e+00
-1.51466767e+00
-1.51411179e+00
-1.51361860e+00
-1.51319206e+00
-1.51283958e+00
-1.51256430e+00
-1.51237228e+00
-1.51226554e+00
-1.51224844e+00
-1.51232147e+00
-1.51248674e+00
-1.51274262e+00
-1.51308826e+00
-1.51351910e+00
-1.51403047e+00
-1.51461413e+00
-1.51526104e+00
-1.51595920e+00
-1.51643026e+00
-1.52931877e+00
-1.53033312e+00
-1.53096979e+00
-1.53150090e+00
-1.53193731e+00
-1.53228911e+00
-1.53256731e+00
-1.53278039e+00
-1.53293748e+00
-1.53304428e+00
-1.53310753e+00
-1.53313013e+00
-1.53311665e+00
-1.53306761e+00
-1.53298592e+00
-1.53287027e+00
-1.53272246e+00
-1.53253992e+00
-1.53232386e+00
-1.53207097e+00
-1.53178230e+00
-1.53145429e+00
-1.53108823e+00
-1.53068068e+00
-1.53023348e+00
-1.52974368e+00
-1.52921392e+00
-1.52864197e+00
-1.52803147e+00
-1.52738110e+00
-1.52669561e+00
-1.52597476e+00
-1.52522441e+00
-1.52444545e+00
-1.52364487e+00
-1.52282464e+00
-1.52199276e+00
-1.52115219e+00
-1.52031178e+00
-1.51947531e+00
-1.51865219e+00
-1.51784682e+00
-1.51706888e+00
-1.51632310e+00
-1.51561910e+00
-1.51496168e+00
-1.51436008e+00
-1.51381889e+00
-1.51334670e+00
-1.51294764e+00
-1.51262937e+00
-1.51239536e+00
-1.51225204e+00
-1.51220188e+00
-1.51224964e+00
-1.51239629e+00
-1.51264416e+00
-1.51299177e+00
-1.51343791e+00
-1.51397737e+00
-1.51460402e+00
-1.51530772e+00
-1.51607671e+00
-1.51663035e+00
-1.53012227e+00
-1.53116720e+00
-1.53182853e+00
-1.53238003e+00
-1.53283266e+00
-1.53319879e+00
-1.53348885e+00
-1.53371378e+00
-1.53388117e+00
-1.53399927e+00
-1.53407239e+00
-1.53410614e+00
-1.53410198e+00
-1.53406348e+00
-1.53398990e+00
-1.53388337e+00
-1.53374162e+00
-1.53356597e+00
-1.53335318e+00
-1.53310423e+00
-1.53281545e+00
-1.53248792e+00
-1.53211793e+00
-1.53170701e+00
-1.53125179e+00
-1.53075452e+00
-1.53021244e+00
-1.52962875e+00
-1.52900153e+00
-1.52833503e+00
-1.52762836e+00
-1.52688691e+00
-1.52611088e+00
-1.52530680e+00
-1.52447599e+00
-1.52362605e+00
-1.52275937e+00
-1.52188449e+00
-1.52100472e+00
-1.52012932e+00
-1.51926237e+00
-1.51841359e+00
-1.51758757e+00
-1.51679419e+00
-1.51603836e+00
-1.51532983e+00
-1.51467357e+00
-1.51407898e+00
-1.51355090e+00
-1.51309819e+00
-1.51272543e+00
-1.51244075e+00
-1.51224829e+00
-1.51215518e+00
-1.51216481e+00
-1.51228275e+00
-1.51251085e+00
-1.51285202e+00
-1.51330516e+00
-1.51386871e+00
-1.51453653e+00
-1.51530049e+00
-1.51614768e+00
-1.51679671e+00
-1.53105295e+00
-1.53212687e+00
-1.53281178e+00
-1.53338187e+00
-1.53385039e+00
-1.53422970e+00
-1.53453278e+00
-1.53476945e+00
-1.53494981e+00
-1.53507989e+00
-1.53516655e+00
-1.53521237e+00
-1.53522163e+00
-1.53519427e+00
-1.53513281e+00
-1.53503534e+00
-1.53490332e+00
-1.53473366e+00
-1.53452734e+00
-1.53428064e+00
-1.53399450e+00
-1.53366502e+00
-1.53329348e+00
-1.53287617e+00
-1.53241501e+00
-1.53190679e+00
-1.53135428e+00
-1.53075504e+00
-1.53011284e+00
-1.52942617e+00
-1.52869991e+00
-1.52793362e+00
-1.52713332e+00
-1.52629965e+00
-1.52543976e+00
-1.52455538e+00
-1.52365465e+00
-1.52274032e+00
-1.52182134e+00
-1.52090133e+00
-1.51998986e+00
-1.51909119e+00
-1.51821527e+00
-1.51736682e+00
-1.51655588e+00
-1.51578747e+00
-1.51507151e+00
-1.51441319e+00
-1.51382217e+00
-1.51330372e+00
-1.51286722e+00
-1.51251799e+00
-1.51226503e+00
-1.51211368e+00
-1.51207231e+00
-1.51214585e+00
-1.51234133e+00
-1.51266214e+00
-1.51311227e+00
-1.51369130e+00
-1.51439724e+00
-1.51522258e+00
-1.51615605e+00
-1.51691461e+00
-1.53211708e+00
-1.53321859e+00
-1.53392484e+00
-1.53451225e+00
-1.53499475e+00
-1.53538753e+00
-1.53570315e+00
-1.53595401e+00
-1.53614832e+00
-1.53629449e+00
-1.53639642e+00
-1.53645921e+00
-1.53648351e+00
-1.53647225e+00
-1.53642386e+00
-1.53633998e+00
-1.53621768e+00
-1.53605797e+00
-1.53585713e+00
-1.53561604e+00
-1.53533068e+00
-1.53500214e+00
-1.53462648e+00
-1.53420534e+00
-1.53373516e+00
-1.53321834e+00
-1.53265196e+00
-1.53203938e+00
-1.53137852e+00
-1.53067379e+00
-1.52992409e+00
-1.52913496e+00
-1.52830636e+00
-1.52744493e+00
-1.52655171e+00
-1.52563439e+00
-1.52469503e+00
-1.52374222e+00
-1.52277894e+00
-1.52181450e+00
-1.52085265e+00
-1.51990318e+00
-1.51897045e+00
-1.51806451e+00
-1.51719018e+00
-1.51635759e+00
-1.51557190e+00
-1.51484324e+00
-1.51417713e+00
-1.51358369e+00
-1.51306890e+00
-1.51264300e+00
-1.51231258e+00
-1.51208809e+00
-1.51197681e+00
-1.51198918e+00
-1.51213268e+00
-1.51241676e+00
-1.51284736e+00
-1.51343030e+00
-1.51416622e+00
-1.51505244e+00
-1.51607886e+00
-1.51696312e+00
-1.53332168e+00
-1.53444850e+00
-1.53517382e+00
-1.53577544e+00
-1.53627069e+00
-1.53667544e+00
-1.53700525e+00
-1.53727126e+00
-1.53748392e+00
-1.53764877e+00
-1.53777186e+00
-1.53785455e+00
-1.53790007e+00
-1.53790718e+00
-1.53787756e+00
-1.53780842e+00
-1.53770076e+00
-1.53755091e+00
-1.53735968e+00
-1.53712302e+00
-1.53684192e+00
-1.53651228e+00
-1.53613555e+00
-1.53570792e+00
-1.53523150e+00
-1.53470302e+00
-1.53412545e+00
-1.53349622e+00
-1.53281933e+00
-1.53209310e+00
-1.53132256e+00
-1.53050704e+00
-1.52965266e+00
-1.52875977e+00
-1.52783554e+00
-1.52688133e+00
-1.52590523e+00
-1.52490957e+00
-1.52390320e+00
-1.52288927e+00
-1.52187721e+00
-1.52087086e+00
-1.51988004e+00
-1.51890913e+00
-1.51796817e+00
-1.51706204e+00
-1.51620094e+00
-1.51539024e+00
-1.51464037e+00
-1.51395740e+00
-1.51335219e+00
-1.51283186e+00
-1.51240805e+00
-1.51208935e+00
-1.51188856e+00
-1.51181598e+00
-1.51188549e+00
-1.51210857e+00
-1.51249876e+00
-1.51306606e+00
-1.51381923e+00
-1.51476036e+00
-1.51588503e+00
-1.51691186e+00
-1.53467430e+00
-1.53582391e+00
-1.53656389e+00
-1.53717618e+00
-1.53768057e+00
-1.53809711e+00
-1.53844125e+00
-1.53872659e+00
-1.53896092e+00
-1.53915145e+00
-1.53930025e+00
-1.53941064e+00
-1.53948146e+00
-1.53951422e+00
-1.53950609e+00
-1.53945789e+00
-1.53936597e+00
-1.53923106e+00
-1.53904911e+00
-1.53882105e+00
-1.53854275e+00
-1.53821557e+00
-1.53783555e+00
-1.53740464e+00
-1.53691931e+00
-1.53638226e+00
-1.53579056e+00
-1.53514781e+00
-1.53445186e+00
-1.53370730e+00
-1.53291287e+00
-1.53207417e+00
-1.53119091e+00
-1.53026970e+00
-1.52931122e+00
-1.52832300e+00
-1.52730664e+00
-1.52627048e+00
-1.52521692e+00
-1.52415495e+00
-1.52308768e+00
-1.52202454e+00
-1.52096926e+00
-1.51993156e+00
-1.51891573e+00
-1.51793173e+00
-1.51698447e+00
-1.51608423e+00
-1.51523672e+00
-1.51445285e+00
-1.51373957e+00
-1.51310889e+00
-1.51256969e+00
-1.51213580e+00
-1.51181888e+00
-1.51163537e+00
-1.51160038e+00
-1.51173325e+00
-1.51205199e+00
-1.51257683e+00
-1.51332440e+00
-1.51430806e+00
-1.51553110e+00
-1.51671813e+00
-1.53618463e+00
-1.53735275e+00
-1.53810121e+00
-1.53871694e+00
-1.53922650e+00
-1.53965245e+00
-1.54001376e+00
-1.54032195e+00
-1.54058598e+00
-1.54080866e+00
-1.54099308e+00
-1.54113768e+00
-1.54124328e+00
-1.54130657e+00
-1.54132790e+00
-1.54130338e+00
-1.54123354e+00
-1.54111433e+00
-1.54094664e+00
-1.54072642e+00
-1.54045502e+00
-1.54012853e+00
-1.53974883e+00
-1.53931230e+00
-1.53882151e+00
-1.53827329e+00
-1.53767099e+00
-1.53701207e+00
-1.53630075e+00
-1.53553529e+00
-1.53472083e+00
-1.53385646e+00
-1.53294830e+00
-1.53199631e+00
-1.53100749e+00
-1.52998268e+00
-1.52892963e+00
-1.52784999e+00
-1.52675214e+00
-1.52563841e+00
-1.52451764e+00
-1.52339278e+00
-1.52227298e+00
-1.52116175e+00
-1.52006852e+00
-1.51899741e+00
-1.51795821e+00
-1.51695588e+00
-1.51600086e+00
-1.51509939e+00
-1.51426313e+00
-1.51350038e+00
-1.51282488e+00
-1.51224815e+00
-1.51178731e+00
-1.51145862e+00
-1.51128423e+00
-1.51128672e+00
-1.51149441e+00
-1.51193611e+00
-1.51264350e+00
-1.51364409e+00
-1.51495788e+00
-1.51632047e+00
-1.53786591e+00
-1.53904609e+00
-1.53979107e+00
-1.54039946e+00
-1.54090604e+00
-1.54134027e+00
-1.54172091e+00
-1.54206040e+00
-1.54236269e+00
-1.54263016e+00
-1.54286002e+00
-1.54305141e+00
-1.54319972e+00
-1.54330406e+00
-1.54335986e+00
-1.54336708e+00
-1.54332155e+00
-1.54322405e+00
-1.54307071e+00
-1.54286298e+00
-1.54259717e+00
-1.54227528e+00
-1.54189384e+00
-1.54145540e+00
-1.54095679e+00
-1.54040122e+00
-1.53978596e+00
-1.53911497e+00
-1.53838613e+00
-1.53760422e+00
-1.53676782e+00
-1.53588256e+00
-1.53494780e+00
-1.53396997e+00
-1.53294922e+00
-1.53189269e+00
-1.53080124e+00
-1.52968259e+00
-1.52853823e+00
-1.52737631e+00
-1.52619885e+00
-1.52501431e+00
-1.52382518e+00
-1.52264017e+00
-1.52146232e+00
-1.52030063e+00
-1.51915895e+00
-1.51804686e+00
-1.51696944e+00
-1.51593741e+00
-1.51495783e+00
-1.51404350e+00
-1.51320466e+00
-1.51245759e+00
-1.51181755e+00
-1.51130653e+00
-1.51094760e+00
-1.51077179e+00
-1.51081373e+00
-1.51111693e+00
-1.51172909e+00
-1.51270238e+00
-1.51408257e+00
-1.51563056e+00
-1.53974007e+00
-1.54091916e+00
-1.54163959e+00
-1.54222054e+00
-1.54271335e+00
-1.54315287e+00
-1.54355982e+00
-1.54394092e+00
-1.54429745e+00
-1.54462399e+00
-1.54491630e+00
-1.54516683e+00
-1.54537208e+00
-1.54552578e+00
-1.54562659e+00
-1.54566982e+00
-1.54565596e+00
-1.54558133e+00
-1.54544759e+00
-1.54525149e+00
-1.54499539e+00
-1.54467622e+00
-1.54429679e+00
-1.54385416e+00
-1.54335165e+00
-1.54278653e+00
-1.54216267e+00
-1.54147775e+00
-1.54073629e+00
-1.53993651e+00
-1.53908364e+00
-1.53817653e+00
-1.53722110e+00
-1.53621686e+00
-1.53517036e+00
-1.53408172e+00
-1.53295798e+00
-1.53179978e+00
-1.53061453e+00
-1.52940325e+00
-1.52817356e+00
-1.52692687e+00
-1.52567090e+00
-1.52440747e+00
-1.52314450e+00
-1.52188442e+00
-1.52063560e+00
-1.51940156e+00
-1.51819164e+00
-1.51701115e+00
-1.51587133e+00
-1.51478040e+00
-1.51375278e+00
-1.51280136e+00
-1.51194590e+00
-1.51120680e+00
-1.51061297e+00
-1.51019756e+00
-1.51000565e+00
-1.51009211e+00
-1.51052805e+00
-1.51139700e+00
-1.51279037e+00
-1.51451733e+00
-1.54184675e+00
-1.54299636e+00
-1.54365016e+00
-1.54417087e+00
-1.54463253e+00
-1.54507772e+00
-1.54552129e+00
-1.54596368e+00
-1.54639470e+00
-1.54680374e+00
-1.54717733e+00
-1.54750680e+00
-1.54778217e+00
-1.54799944e+00
-1.54815247e+00
-1.54824101e+00
-1.54826139e+00
-1.54821558e+00
-1.54810102e+00
-1.54792072e+00
-1.54767238e+00
-1.54735946e+00
-1.54697960e+00
-1.54653651e+00
-1.54602780e+00
-1.54545747e+00
-1.54482323e+00
-1.54412953e+00
-1.54337437e+00
-1.54256273e+00
-1.54169307e+00
-1.54077090e+00
-1.53979518e+00
-1.53877197e+00
-1.53770068e+00
-1.53658774e+00
-1.53543297e+00
-1.53424301e+00
-1.53301794e+00
-1.53176446e+00
-1.53048281e+00
-1.52917965e+00
-1.52785539e+00
-1.52651666e+00
-1.52516426e+00
-1.52380502e+00
-1.52244053e+00
-1.52107836e+00
-1.51972165e+00
-1.51837954e+00
-1.51705777e+00
-1.51576830e+00
-1.51452094e+00
-1.51333222e+00
-1.51221833e+00
-1.51120340e+00
-1.51031440e+00
-1.50958963e+00
-1.50907704e+00
-1.50884472e+00
-1.50898436e+00
-1.50962267e+00
-1.51091960e+00
-1.51278105e+00
-1.54426530e+00
-1.54531467e+00
-1.54581987e+00
-1.54622492e+00
-1.54663541e+00
-1.54709101e+00
-1.54759399e+00
-1.54812592e+00
-1.54866430e+00
-1.54918433e+00
-1.54966747e+00
-1.55009641e+00
-1.55046175e+00
-1.55075418e+00
-1.55097162e+00
-1.55110999e+00
-1.55117147e+00
-1.55115447e+00
-1.55106304e+00
-1.55089622e+00
-1.55065856e+00
-1.55034887e+00
-1.54997168e+00
-1.54952536e+00
-1.54901438e+00
-1.54843683e+00
-1.54779728e+00
-1.54709380e+00
-1.54633124e+00
-1.54550785e+00
-1.54462887e+00
-1.54369286e+00
-1.54270545e+00
-1.54166549e+00
-1.54057887e+00
-1.53944469e+00
-1.53826891e+00
-1.53705068e+00
-1.53579585e+00
-1.53450350e+00
-1.53317918e+00
-1.53182185e+00
-1.53043670e+00
-1.52902271e+00
-1.52758494e+00
-1.52612275e+00
-1.52464157e+00
-1.52314190e+00
-1.52163040e+00
-1.52010978e+00
-1.51858911e+00
-1.51707474e+00
-1.51557962e+00
-1.51411543e+00
-1.51270102e+00
-1.51135604e+00
-1.51010912e+00
-1.50899431e+00
-1.50806136e+00
-1.50737941e+00
-1.50705642e+00
-1.50725951e+00
-1.50824676e+00
-1.51010279e+00
-1.54715961e+00
-1.54792499e+00
-1.54812071e+00
-1.54832908e+00
-1.54867098e+00
-1.54915982e+00
-1.54976135e+00
-1.55042996e+00
-1.55111897e+00
-1.55179138e+00
-1.55241587e+00
-1.55297282e+00
-1.55344640e+00
-1.55383059e+00
-1.55411984e+00
-1.55431619e+00
-1.55441918e+00
-1.55443443e+00
-1.55436300e+00
-1.55421135e+00
-1.55398016e+00
-1.55367551e+00
-1.55329715e+00
-1.55285054e+00
-1.55233457e+00
-1.55175431e+00
-1.55110816e+00
-1.55040111e+00
-1.54963139e+00
-1.54880414e+00
-1.54791768e+00
-1.54697734e+00
-1.54598158e+00
-1.54493587e+00
-1.54383871e+00
-1.54269551e+00
-1.54150466e+00
-1.54027124e+00
-1.53899328e+00
-1.53767527e+00
-1.53631478e+00
-1.53491556e+00
-1.53347470e+00
-1.53199531e+00
-1.53047433e+00
-1.52891470e+00
-1.52731393e+00
-1.52567563e+00
-1.52399905e+00
-1.52228979e+00
-1.52055029e+00
-1.51878966e+00
-1.51701509e+00
-1.51524063e+00
-1.51347965e+00
-1.51175261e+00
-1.51008103e+00
-1.50849527e+00
-1.50703283e+00
-1.50575225e+00
-1.50474947e+00
-1.50420677e+00
-1.50447819e+00
-1.50595060e+00
-1.55086994e+00
-1.55086040e+00
-1.55045745e+00
-1.55037526e+00
-1.55066218e+00
-1.55124039e+00
-1.55201129e+00
-1.55288352e+00
-1.55378512e+00
-1.55465901e+00
-1.55546684e+00
-1.55618034e+00
-1.55678566e+00
-1.55727349e+00
-1.55764473e+00
-1.55790000e+00
-1.55804706e+00
-1.55808994e+00
-1.55803808e+00
-1.55789525e+00
-1.55767010e+00
-1.55736471e+00
-1.55698630e+00
-1.55653524e+00
-1.55601758e+00
-1.55543247e+00
-1.55478534e+00
-1.55407469e+00
-1.55330571e+00
-1.55247671e+00
-1.55159288e+00
-1.55065244e+00
-1.54966059e+00
-1.54861545e+00
-1.54752203e+00
-1.54637814e+00
-1.54518827e+00
-1.54394963e+00
-1.54266584e+00
-1.54133322e+00
-1.53995420e+00
-1.53852409e+00
-1.53704406e+00
-1.53550855e+00
-1.53391781e+00
-1.53226602e+00
-1.53055337e+00
-1.52877500e+00
-1.52693242e+00
-1.52502348e+00
-1.52305283e+00
-1.52102284e+00
-1.51894296e+00
-1.51682144e+00
-1.51467312e+00
-1.51251184e+00
-1.51035649e+00
-1.50822407e+00
-1.50613497e+00
-1.50411056e+00
-1.50219080e+00
-1.50047983e+00
-1.49930829e+00
-1.49940619e+00
-1.55605637e+00
-1.55397835e+00
-1.55256741e+00
-1.55217730e+00
-1.55250725e+00
-1.55329424e+00
-1.55434304e+00
-1.55551387e+00
-1.55670357e+00
-1.55784125e+00
-1.55887650e+00
-1.55978081e+00
-1.56053678e+00
-1.56114183e+00
-1.56159697e+00
-1.56191247e+00
-1.56209659e+00
-1.56216331e+00
-1.56212120e+00
-1.56198310e+00
-1.56175494e+00
-1.56144688e+00
-1.56106178e+00
-1.56060740e+00
-1.56008428e+00
-1.55949864e+00
-1.55884965e+00
-1.55814277e+00
-1.55737650e+00
-1.55655603e+00
-1.55567958e+00
-1.55475220e+00
-1.55377185e+00
-1.55274332e+00
-1.55166411e+00
-1.55053835e+00
-1.54936273e+00
-1.54814025e+00
-1.54686633e+00
-1.54554235e+00
-1.54416210e+00
-1.54272504e+00
-1.54122324e+00
-1.53965428e+00
-1.53800895e+00
-1.53628364e+00
-1.53446898e+00
-1.53256167e+00
-1.53055409e+00
-1.52844547e+00
-1.52623240e+00
-1.52391905e+00
-1.52150839e+00
-1.51901089e+00
-1.51643611e+00
-1.51379891e+00
-1.51111039e+00
-1.50837997e+00
-1.50560259e+00
-1.50275118e+00
-1.49975185e+00
-1.49646583e+00
-1.49274905e+00
-1.48891764e+00
-1.57302266e+00
-1.58091463e+00
-1.59193883e+00
-1.60375670e+00
-1.61526604e+00
-1.62593392e+00
-1.63548389e+00
-1.64377362e+00
-1.65074821e+00
-1.65640793e+00
-1.66079758e+00
-1.66398716e+00
-1.66606922e+00
-1.66714204e+00
-1.66731099e+00
-1.66667322e+00
-1.66532302e+00
-1.66333821e+00
-1.66078936e+00
-1.65772770e+00
-1.65419730e+00
-1.65022362e+00
-1.64582765e+00
-1.64101420e+00
-1.63578705e+00
-1.63013656e+00
-1.62405529e+00
-1.61752477e+00
-1.61053145e+00
-1.60305290e+00
-1.59507397e+00
-1.58657273e+00
-1.57753700e+00
-1.56795038e+00
-1.55780911e+00
-1.54710856e+00
-1.53586047e+00
-1.52408003e+00
-1.51180347e+00
-1.49907580e+00
-1.48596831e+00
-1.47256681e+00
-1.45898840e+00
-1.44536956e+00
-1.43188106e+00
-1.41871485e+00
-1.40609559e+00
-1.39426502e+00
-1.38348866e+00
-1.37403654e+00
-1.36618439e+00
-1.36019114e+00
-1.35629569e+00
-1.35469392e+00
-1.35553484e+00
-1.35890201e+00
-1.36481401e+00
-1.37321421e+00
-1.38397531e+00
-1.39688671e+00
-1.41162447e+00
-1.42761632e+00
-1.44359841e+00
-1.45586870e+00
-1.55513703e+00
-1.55301600e+00
-1.55087699e+00
-1.54921610e+00
-1.54788540e+00
-1.54678078e+00
-1.54586076e+00
-1.54512388e+00
-1.54458228e+00
-1.54425264e+00
-1.54414283e+00
-1.54425458e+00
-1.54457608e+00
-1.54509072e+00
-1.54577135e+00
-1.54659143e+00
-1.54751835e+00
-1.54852482e+00
-1.54958023e+00
-1.55066171e+00
-1.55174348e+00
-1.55280794e+00
-1.55383360e+00
-1.55480653e+00
-1.55570745e+00
-1.55652375e+00
-1.55723605e+00
-1.55783090e+00
-1.55828696e+00
-1.55858830e+00
-1.55871042e+00
-1.55863405e+00
-1.55833126e+00
-1.55777966e+00
-1.55694883e+00
-1.55581498e+00
-1.55434799e+00
-1.55252646e+00
-1.55032563e+00
-1.54773289e+00
-1.54473653e+00
-1.54134149e+00
-1.53755888e+00
-1.53342123e+00
-1.52897222e+00
-1.52428030e+00
-1.51942743e+00
-1.51451956e+00
-1.50967300e+00
-1.50502020e+00
-1.50069281e+00
-1.49682233e+00
-1.49352057e+00
-1.49087685e+00
-1.48893888e+00
-1.48771021e+00
-1.48713547e+00
-1.48710059e+00
-1.48742198e+00
-1.48784346e+00
-1.48801609e+00
-1.48748161e+00
-1.48572603e+00
-1.48262693e+00
-1.54991697e+00
-1.55029182e+00
-1.54966030e+00
-1.54885599e+00
-1.54805365e+00
-1.54730869e+00
-1.54665318e+00
-1.54611463e+00
-1.54572156e+00
-1.54549505e+00
-1.54545124e+00
-1.54559356e+00
-1.54591956e+00
-1.54641475e+00
-1.54706237e+00
-1.54783711e+00
-1.54871608e+00
-1.54967100e+00
-1.55067944e+00
-1.55171509e+00
-1.55275899e+00
-1.55378825e+00
-1.55478754e+00
-1.55573658e+00
-1.55662213e+00
-1.55742482e+00
-1.55813154e+00
-1.55872190e+00
-1.55918119e+00
-1.55948647e+00
-1.55962008e+00
-1.55955571e+00
-1.55927228e+00
-1.55874018e+00
-1.55793563e+00
-1.55682738e+00
-1.55539144e+00
-1.55359857e+00
-1.55142947e+00
-1.54886315e+00
-1.54589255e+00
-1.54251381e+00
-1.53874187e+00
-1.53460036e+00
-1.53013629e+00
-1.52540973e+00
-1.52050621e+00
-1.51552479e+00
-1.51058653e+00
-1.50581953e+00
-1.50136215e+00
-1.49734469e+00
-1.49388769e+00
-1.49108205e+00
-1.48898554e+00
-1.48760563e+00
-1.48689918e+00
-1.48676319e+00
-1.48704226e+00
-1.48753270e+00
-1.48800992e+00
-1.48828639e+00
-1.48838723e+00
-1.48873140e+00
-1.54692414e+00
-1.54831124e+00
-1.54860927e+00
-1.54849649e+00
-1.54819340e+00
-1.54781933e+00
-1.54744632e+00
-1.54712772e+00
-1.54690242e+00
-1.54680180e+00
-1.54684432e+00
-1.54704169e+00
-1.54739286e+00
-1.54789260e+00
-1.54852528e+00
-1.54927516e+00
-1.55011918e+00
-1.55103787e+00
-1.55200664e+00
-1.55300687e+00
-1.55401558e+00
-1.55501672e+00
-1.55598956e+00
-1.55692033e+00
-1.55778964e+00
-1.55858460e+00
-1.55928561e+00
-1.55987896e+00
-1.56034323e+00
-1.56066239e+00
-1.56081196e+00
-1.56077255e+00
-1.56051604e+00
-1.56001960e+00
-1.55925209e+00
-1.55818852e+00
-1.55679708e+00
-1.55505400e+00
-1.55293148e+00
-1.55041298e+00
-1.54748219e+00
-1.54413855e+00
-1.54038714e+00
-1.53625396e+00
-1.53177613e+00
-1.52701585e+00
-1.52204987e+00
-1.51698041e+00
-1.51192239e+00
-1.50700966e+00
-1.50237865e+00
-1.49816908e+00
-1.49450444e+00
-1.49148875e+00
-1.48918725e+00
-1.48762388e+00
-1.48676853e+00
-1.48654253e+00
-1.48682041e+00
-1.48745325e+00
-1.48829990e+00
-1.48929443e+00
-1.49054917e+00
-1.49222404e+00
-1.54538053e+00
-1.54718010e+00
-1.54800371e+00
-1.54837264e+00
-1.54847206e+00
-1.54842524e+00
-1.54831910e+00
-1.54821552e+00
-1.54816307e+00
-1.54819537e+00
-1.54833790e+00
-1.54860291e+00
-1.54899708e+00
-1.54951562e+00
-1.55015158e+00
-1.55088917e+00
-1.55171405e+00
-1.55260539e+00
-1.55354672e+00
-1.55451644e+00
-1.55549896e+00
-1.55647383e+00
-1.55742726e+00
-1.55834008e+00
-1.55919968e+00
-1.55998720e+00
-1.56068989e+00
-1.56128775e+00
-1.56176636e+00
-1.56210319e+00
-1.56228078e+00
-1.56227303e+00
-1.56205873e+00
-1.56160797e+00
-1.56089608e+00
-1.55989047e+00
-1.55856501e+00
-1.55688756e+00
-1.55483485e+00
-1.55238098e+00
-1.54951274e+00
-1.54621917e+00
-1.54250704e+00
-1.53839124e+00
-1.53390967e+00
-1.52911373e+00
-1.52408129e+00
-1.51890587e+00
-1.51370588e+00
-1.50861083e+00
-1.50376522e+00
-1.49931079e+00
-1.49538493e+00
-1.49210058e+00
-1.48954232e+00
-1.48774914e+00
-1.48671523e+00
-1.48638422e+00
-1.48666361e+00
-1.48743963e+00
-1.48861337e+00
-1.49014036e+00
-1.49207831e+00
-1.49433120e+00
-1.54482745e+00
-1.54679755e+00
-1.54791313e+00
-1.54860013e+00
-1.54899843e+00
-1.54921813e+00
-1.54934170e+00
-1.54943416e+00
-1.54954336e+00
-1.54970744e+00
-1.54995090e+00
-1.55029170e+00
-1.55073583e+00
-1.55128572e+00
-1.55193388e+00
-1.55267251e+00
-1.55348614e+00
-1.55436201e+00
-1.55528133e+00
-1.55623016e+00
-1.55718936e+00
-1.55814574e+00
-1.55908088e+00
-1.55998267e+00
-1.56083314e+00
-1.56162048e+00
-1.56232612e+00
-1.56293720e+00
-1.56343318e+00
-1.56379871e+00
-1.56400999e+00
-1.56404799e+00
-1.56388482e+00
-1.56349727e+00
-1.56285346e+00
-1.56192681e+00
-1.56068317e+00
-1.55909524e+00
-1.55713061e+00
-1.55476668e+00
-1.55197974e+00
-1.54876029e+00
-1.54510330e+00
-1.54102348e+00
-1.53654629e+00
-1.53172231e+00
-1.52661793e+00
-1.52132726e+00
-1.51596088e+00
-1.51065322e+00
-1.50554769e+00
-1.50079808e+00
-1.49654966e+00
-1.49293554e+00
-1.49005681e+00
-1.48797899e+00
-1.48671864e+00
-1.48624869e+00
-1.48650057e+00
-1.48738542e+00
-1.48881371e+00
-1.49072452e+00
-1.49309888e+00
-1.49568433e+00
-1.54500465e+00
-1.54704636e+00
-1.54832774e+00
-1.54922108e+00
-1.54983435e+00
-1.55025903e+00
-1.55057116e+00
-1.55082980e+00
-1.55108339e+00
-1.55136672e+00
-1.55170750e+00
-1.55212148e+00
-1.55261997e+00
-1.55320389e+00
-1.55387253e+00
-1.55461668e+00
-1.55542836e+00
-1.55629277e+00
-1.55719869e+00
-1.55812921e+00
-1.55907256e+00
-1.56001162e+00
-1.56093520e+00
-1.56182645e+00
-1.56267460e+00
-1.56346255e+00
-1.56417899e+00
-1.56480540e+00
-1.56532856e+00
-1.56572717e+00
-1.56598468e+00
-1.56607582e+00
-1.56597966e+00
-1.56566627e+00
-1.56511014e+00
-1.56427719e+00
-1.56313858e+00
-1.56165839e+00
-1.55980798e+00
-1.55755459e+00
-1.55487623e+00
-1.55175152e+00
-1.54817492e+00
-1.54414776e+00
-1.53969330e+00
-1.53484836e+00
-1.52967710e+00
-1.52426197e+00
-1.51871434e+00
-1.51316286e+00
-1.50775873e+00
-1.50265970e+00
-1.49802898e+00
-1.49401526e+00
-1.49074741e+00
-1.48831548e+00
-1.48676833e+00
-1.48610439e+00
-1.48628101e+00
-1.48722118e+00
-1.48883428e+00
-1.49102907e+00
-1.49372551e+00
-1.49658164e+00
-1.54576030e+00
-1.54783464e+00
-1.54921418e+00
-1.55024361e+00
-1.55100826e+00
-1.55158716e+00
-1.55204609e+00
-1.55244088e+00
-1.55281427e+00
-1.55320170e+00
-1.55362702e+00
-1.55410922e+00
-1.55465692e+00
-1.55527629e+00
-1.55596455e+00
-1.55671899e+00
-1.55752950e+00
-1.55838836e+00
-1.55928169e+00
-1.56019983e+00
-1.56112755e+00
-1.56205500e+00
-1.56296678e+00
-1.56385333e+00
-1.56469912e+00
-1.56549435e+00
-1.56622254e+00
-1.56687256e+00
-1.56742570e+00
-1.56786804e+00
-1.56817725e+00
-1.56833525e+00
-1.56831490e+00
-1.56809300e+00
-1.56763716e+00
-1.56691914e+00
-1.56590219e+00
-1.56455478e+00
-1.56283884e+00
-1.56072398e+00
-1.55817682e+00
-1.55517582e+00
-1.55170194e+00
-1.54775379e+00
-1.54333952e+00
-1.53849168e+00
-1.53325957e+00
-1.52772239e+00
-1.52198043e+00
-1.51616443e+00
-1.51042330e+00
-1.50492725e+00
-1.49985044e+00
-1.49536717e+00
-1.49163085e+00
-1.48876703e+00
-1.48685531e+00
-1.48592780e+00
-1.48596316e+00
-1.48689732e+00
-1.48863102e+00
-1.49104662e+00
-1.49401661e+00
-1.49714789e+00
-1.54700287e+00
-1.54909637e+00
-1.55053951e+00
-1.55166057e+00
-1.55253267e+00
-1.55322368e+00
-1.55379430e+00
-1.55429348e+00
-1.55476285e+00
-1.55523286e+00
-1.55572883e+00
-1.55626601e+00
-1.55685666e+00
-1.55750409e+00
-1.55821081e+00
-1.55897160e+00
-1.55978268e+00
-1.56063367e+00
-1.56151753e+00
-1.56242144e+00
-1.56333725e+00
-1.56425136e+00
-1.56515558e+00
-1.56603605e+00
-1.56688452e+00
-1.56768649e+00
-1.56843288e+00
-1.56910749e+00
-1.56969907e+00
-1.57018837e+00
-1.57056040e+00
-1.57079139e+00
-1.57086125e+00
-1.57074051e+00
-1.57040313e+00
-1.56981371e+00
-1.56894062e+00
-1.56774385e+00
-1.56618854e+00
-1.56423389e+00
-1.56184721e+00
-1.55899411e+00
-1.55565324e+00
-1.55180789e+00
-1.54746111e+00
-1.54262863e+00
-1.53735351e+00
-1.53169932e+00
-1.52576274e+00
-1.51966500e+00
-1.51355980e+00
-1.50762029e+00
-1.50203963e+00
-1.49701190e+00
-1.49272510e+00
-1.48933840e+00
-1.48697298e+00
-1.48569413e+00
-1.48550974e+00
-1.48636651e+00
-1.48816170e+00
-1.49075322e+00
-1.49397971e+00
-1.49741267e+00
-1.54867510e+00
-1.55078724e+00
-1.55227651e+00
-1.55346293e+00
-1.55441046e+00
-1.55518211e+00
-1.55583223e+00
-1.55640819e+00
-1.55694660e+00
-1.55747842e+00
-1.55802474e+00
-1.55860320e+00
-1.55922260e+00
-1.55989030e+00
-1.56060588e+00
-1.56136950e+00
-1.56217452e+00
-1.56301680e+00
-1.56388623e+00
-1.56477669e+00
-1.56567658e+00
-1.56657926e+00
-1.56747262e+00
-1.56834996e+00
-1.56919872e+00
-1.57001172e+00
-1.57077521e+00
-1.57148045e+00
-1.57211124e+00
-1.57265576e+00
-1.57309381e+00
-1.57340884e+00
-1.57357508e+00
-1.57356983e+00
-1.57336066e+00
-1.57291794e+00
-1.57220252e+00
-1.57117859e+00
-1.56980206e+00
-1.56803397e+00
-1.56583004e+00
-1.56315465e+00
-1.55997196e+00
-1.55626058e+00
-1.55200633e+00
-1.54721739e+00
-1.54191833e+00
-1.53616480e+00
-1.53003764e+00
-1.52365493e+00
-1.51716371e+00
-1.51074616e+00
-1.50460551e+00
-1.49896326e+00
-1.49403748e+00
-1.49003139e+00
-1.48710788e+00
-1.48537704e+00
-1.48487795e+00
-1.48557775e+00
-1.48737212e+00
-1.49010306e+00
-1.49358013e+00
-1.49734804e+00
-1.55074190e+00
-1.55287848e+00
-1.55440747e+00
-1.55564253e+00
-1.55664387e+00
-1.55746956e+00
-1.55817293e+00
-1.55879742e+00
-1.55938024e+00
-1.55994856e+00
-1.56052531e+00
-1.56112457e+00
-1.56175830e+00
-1.56243063e+00
-1.56314559e+00
-1.56390030e+00
-1.56469357e+00
-1.56551818e+00
-1.56637017e+00
-1.56724009e+00
-1.56812294e+00
-1.56900842e+00
-1.56989131e+00
-1.57076093e+00
-1.57161182e+00
-1.57243252e+00
-1.57321656e+00
-1.57395064e+00
-1.57462595e+00
-1.57522584e+00
-1.57573743e+00
-1.57613900e+00
-1.57641179e+00
-1.57652738e+00
-1.57645965e+00
-1.57617238e+00
-1.57563148e+00
-1.57479312e+00
-1.57361631e+00
-1.57205199e+00
-1.57005616e+00
-1.56758027e+00
-1.56458517e+00
-1.56103322e+00
-1.55690307e+00
-1.55218368e+00
-1.54688965e+00
-1.54105670e+00
-1.53475644e+00
-1.52809156e+00
-1.52120746e+00
-1.51428391e+00
-1.50753920e+00
-1.50121398e+00
-1.49556392e+00
-1.49083374e+00
-1.48723968e+00
-1.48493982e+00
-1.48401812e+00
-1.48446738e+00
-1.48619296e+00
-1.48902455e+00
-1.49274900e+00
-1.49688434e+00
-1.55318283e+00
-1.55535462e+00
-1.55692254e+00
-1.55819719e+00
-1.55923499e+00
-1.56009379e+00
-1.56082454e+00
-1.56147220e+00
-1.56207153e+00
-1.56265190e+00
-1.56323336e+00
-1.56383287e+00
-1.56445930e+00
-1.56512058e+00
-1.56581761e+00
-1.56655223e+00
-1.56732012e+00
-1.56811953e+00
-1.56894325e+00
-1.56978789e+00
-1.57064494e+00
-1.57151061e+00
-1.57237592e+00
-1.57323696e+00
-1.57408429e+00
-1.57491345e+00
-1.57571375e+00
-1.57647907e+00
-1.57719612e+00
-1.57785551e+00
-1.57843958e+00
-1.57893372e+00
-1.57931401e+00
-1.57955868e+00
-1.57963577e+00
-1.57951481e+00
-1.57915480e+00
-1.57851612e+00
-1.57754919e+00
-1.57620679e+00
-1.57443387e+00
-1.57218045e+00
-1.56939304e+00
-1.56602850e+00
-1.56204739e+00
-1.55742895e+00
-1.55216665e+00
-1.54628389e+00
-1.53983116e+00
-1.53290106e+00
-1.52562489e+00
-1.51818347e+00
-1.51079857e+00
-1.50373394e+00
-1.49727559e+00
-1.49171787e+00
-1.48733080e+00
-1.48433460e+00
-1.48286535e+00
-1.48295751e+00
-1.48453360e+00
-1.48742102e+00
-1.49138500e+00
-1.49591750e+00
-1.55598950e+00
-1.55821062e+00
-1.55982172e+00
-1.56112978e+00
-1.56219099e+00
-1.56306207e+00
-1.56379660e+00
-1.56443904e+00
-1.56502753e+00
-1.56559013e+00
-1.56615030e+00
-1.56672272e+00
-1.56731989e+00
-1.56794693e+00
-1.56860892e+00
-1.56930459e+00
-1.57003448e+00
-1.57079359e+00
-1.57158014e+00
-1.57238733e+00
-1.57321262e+00
-1.57404858e+00
-1.57489260e+00
-1.57573694e+00
-1.57657883e+00
-1.57740978e+00
-1.57822601e+00
-1.57901716e+00
-1.57977699e+00
-1.58049164e+00
-1.58115050e+00
-1.58173420e+00
-1.58222558e+00
-1.58259765e+00
-1.58282462e+00
-1.58287001e+00
-1.58269786e+00
-1.58226127e+00
-1.58151390e+00
-1.58039929e+00
-1.57886290e+00
-1.57684271e+00
-1.57428203e+00
-1.57112195e+00
-1.56731529e+00
-1.56282139e+00
-1.55762143e+00
-1.55171581e+00
-1.54514046e+00
-1.53796604e+00
-1.53031337e+00
-1.52235143e+00
-1.51430714e+00
-1.50645566e+00
-1.49911658e+00
-1.49262834e+00
-1.48732467e+00
-1.48349266e+00
-1.48133814e+00
-1.48094869e+00
-1.48228092e+00
-1.48516685e+00
-1.48935562e+00
-1.49430978e+00
-1.55916350e+00
-1.56145246e+00
-1.56311354e+00
-1.56445195e+00
-1.56552295e+00
-1.56638642e+00
-1.56709747e+00
-1.56770566e+00
-1.56825018e+00
-1.56876395e+00
-1.56926985e+00
-1.56978678e+00
-1.57032532e+00
-1.57089462e+00
-1.57149698e+00
-1.57213548e+00
-1.57280746e+00
-1.57351276e+00
-1.57424618e+00
-1.57500628e+00
-1.57578694e+00
-1.57658654e+00
-1.57739873e+00
-1.57822198e+00
-1.57904959e+00
-1.57987959e+00
-1.58070412e+00
-1.58151954e+00
-1.58231536e+00
-1.58308452e+00
-1.58381191e+00
-1.58448488e+00
-1.58508147e+00
-1.58558098e+00
-1.58595230e+00
-1.58616449e+00
-1.58617536e+00
-1.58594225e+00
-1.58541112e+00
-1.58452772e+00
-1.58322760e+00
-1.58144792e+00
-1.57911894e+00
-1.57617680e+00
-1.57255716e+00
-1.56820939e+00
-1.56309299e+00
-1.55719353e+00
-1.55052211e+00
-1.54313271e+00
-1.53512365e+00
-1.52665375e+00
-1.51794151e+00
-1.50927323e+00
-1.50099053e+00
-1.49347915e+00
-1.48713396e+00
-1.48232208e+00
-1.47932937e+00
-1.47831793e+00
-1.47929284e+00
-1.48210599e+00
-1.48649372e+00
-1.49188877e+00
-1.56271716e+00
-1.56509675e+00
-1.56681802e+00
-1.56818334e+00
-1.56925028e+00
-1.57008162e+00
-1.57073938e+00
-1.57127719e+00
-1.57174150e+00
-1.57216740e+00
-1.57258359e+00
-1.57300874e+00
-1.57345798e+00
-1.57393849e+00
-1.57445670e+00
-1.57501274e+00
-1.57560822e+00
-1.57623956e+00
-1.57690627e+00
-1.57760329e+00
-1.57832967e+00
-1.57908003e+00
-1.57985364e+00
-1.58064509e+00
-1.58145367e+00
-1.58227342e+00
-1.58310272e+00
-1.58393381e+00
-1.58476259e+00
-1.58557772e+00
-1.58637053e+00
-1.58712381e+00
-1.58782183e+00
-1.58843901e+00
-1.58894996e+00
-1.58931823e+00
-1.58950650e+00
-1.58946555e+00
-1.58914476e+00
-1.58848175e+00
-1.58741322e+00
-1.58586579e+00
-1.58376759e+00
-1.58104081e+00
-1.57761444e+00
-1.57341940e+00
-1.56840301e+00
-1.56252738e+00
-1.55578621e+00
-1.54820682e+00
-1.53986884e+00
-1.53090834e+00
-1.52153492e+00
-1.51203152e+00
-1.50275970e+00
-1.49414163e+00
-1.48663763e+00
-1.48069688e+00
-1.47670334e+00
-1.47491022e+00
-1.47539547e+00
-1.47804555e+00
-1.48259435e+00
-1.48844278e+00
-1.56667424e+00
-1.56917363e+00
-1.57096713e+00
-1.57235584e+00
-1.57339976e+00
-1.57416978e+00
-1.57473535e+00
-1.57516071e+00
-1.57549854e+00
-1.57579264e+00
-1.57607438e+00
-1.57636849e+00
-1.57668966e+00
-1.57704947e+00
-1.57745196e+00
-1.57790114e+00
-1.57839528e+00
-1.57893481e+00
-1.57951552e+00
-1.58013677e+00
-1.58079376e+00
-1.58148601e+00
-1.58220884e+00
-1.58296221e+00
-1.58374137e+00
-1.58454603e+00
-1.58537049e+00
-1.58621288e+00
-1.58706489e+00
-1.58792118e+00
-1.58876868e+00
-1.58959613e+00
-1.59038316e+00
-1.59110983e+00
-1.59174570e+00
-1.59225939e+00
-1.59260783e+00
-1.59274590e+00
-1.59261616e+00
-1.59215872e+00
-1.59130179e+00
-1.58997210e+00
-1.58808672e+00
-1.58556443e+00
-1.58231950e+00
-1.57827454e+00
-1.57335717e+00
-1.56751513e+00
-1.56071683e+00
-1.55296949e+00
-1.54432414e+00
-1.53489626e+00
-1.52487299e+00
-1.51453097e+00
-1.50423616e+00
-1.49444364e+00
-1.48567001e+00
-1.47845377e+00
-1.47328571e+00
-1.47053475e+00
-1.47037450e+00
-1.47275111e+00
-1.47740748e+00
-1.48371558e+00
-1.57107338e+00
-1.57372913e+00
-1.57560976e+00
-1.57701443e+00
-1.57801026e+00
-1.57867843e+00
-1.57910324e+00
-1.57936076e+00
-1.57951717e+00
-1.57962359e+00
-1.57972047e+00
-1.57983474e+00
-1.57998661e+00
-1.58018637e+00
-1.58044179e+00
-1.58075377e+00
-1.58112390e+00
-1.58154874e+00
-1.58202766e+00
-1.58255593e+00
-1.58313279e+00
-1.58375365e+00
-1.58441838e+00
-1.58512280e+00
-1.58586716e+00
-1.58664698e+00
-1.58746185e+00
-1.58830568e+00
-1.58917562e+00
-1.59006196e+00
-1.59095715e+00
-1.59184537e+00
-1.59271162e+00
-1.59353114e+00
-1.59427846e+00
-1.59491696e+00
-1.59540787e+00
-1.59570013e+00
-1.59573953e+00
-1.59545912e+00
-1.59478872e+00
-1.59364624e+00
-1.59194788e+00
-1.58960094e+00
-1.58651510e+00
-1.58259754e+00
-1.57776599e+00
-1.57194724e+00
-1.56509301e+00
-1.55718320e+00
-1.54824580e+00
-1.53836558e+00
-1.52770733e+00
-1.51652656e+00
-1.50518790e+00
-1.49416286e+00
-1.48402029e+00
-1.47538236e+00
-1.46885965e+00
-1.46495487e+00
-1.46396957e+00
-1.46593693e+00
-1.47063055e+00
-1.47739762e+00
-1.57597220e+00
-1.57883155e+00
-1.58081529e+00
-1.58222321e+00
-1.58313291e+00
-1.58364470e+00
-1.58386213e+00
-1.58388224e+00
-1.58378591e+00
-1.58363881e+00
-1.58348812e+00
-1.58336876e+00
-1.58330158e+00
-1.58330098e+00
-1.58337210e+00
-1.58351848e+00
-1.58373764e+00
-1.58402870e+00
-1.58438656e+00
-1.58480950e+00
-1.58529230e+00
-1.58583396e+00
-1.58642999e+00
-1.58708030e+00
-1.58778084e+00
-1.58853168e+00
-1.58932807e+00
-1.59016872e+00
-1.59104641e+00
-1.59195635e+00
-1.59288646e+00
-1.59382583e+00
-1.59475471e+00
-1.59565304e+00
-1.59649031e+00
-1.59723415e+00
-1.59784030e+00
-1.59826123e+00
-1.59843652e+00
-1.59830167e+00
-1.59777916e+00
-1.59678768e+00
-1.59523434e+00
-1.59302464e+00
-1.59005644e+00
-1.58623118e+00
-1.58145048e+00
-1.57562955e+00
-1.56869776e+00
-1.56061571e+00
-1.55138159e+00
-1.54105378e+00
-1.52976403e+00
-1.51774428e+00
-1.50534125e+00
-1.49303429e+00
-1.48142768e+00
-1.47122462e+00
-1.46315663e+00
-1.45788279e+00
-1.45586290e+00
-1.45725673e+00
-1.46189602e+00
-1.46911558e+00
-1.58145550e+00
-1.58457895e+00
-1.58668263e+00
-1.58806914e+00
-1.58883667e+00
-1.58911336e+00
-1.58903478e+00
-1.58872446e+00
-1.58828738e+00
-1.58780378e+00
-1.58733368e+00
-1.58691612e+00
-1.58657733e+00
-1.58632988e+00
-1.58618097e+00
-1.58612978e+00
-1.58617513e+00
-1.58631108e+00
-1.58653419e+00
-1.58683770e+00
-1.58721878e+00
-1.58767163e+00
-1.58819485e+00
-1.58878374e+00
-1.58943790e+00
-1.59015289e+00
-1.59092802e+00
-1.59175750e+00
-1.59263835e+00
-1.59356124e+00
-1.59451839e+00
-1.59549417e+00
-1.59647306e+00
-1.59743004e+00
-1.59833857e+00
-1.59916098e+00
-1.59985651e+00
-1.60037188e+00
-1.60064943e+00
-1.60061819e+00
-1.60020228e+00
-1.59931285e+00
-1.59785693e+00
-1.59573072e+00
-1.59282933e+00
-1.58904199e+00
-1.58426337e+00
-1.57839170e+00
-1.57134281e+00
-1.56305303e+00
-1.55349804e+00
-1.54270322e+00
-1.53076991e+00
-1.51789465e+00
-1.50440063e+00
-1.49075634e+00
-1.47759035e+00
-1.46567157e+00
-1.45585486e+00
-1.44896912e+00
-1.44566998e+00
-1.44628819e+00
-1.45075643e+00
-1.45841628e+00
-1.58764673e+00
-1.59111308e+00
-1.59335010e+00
-1.59467163e+00
-1.59520989e+00
-1.59513988e+00
-1.59464213e+00
-1.59388094e+00
-1.59298970e+00
-1.59207075e+00
-1.59119454e+00
-1.59040838e+00
-1.58973820e+00
-1.58919821e+00
-1.58879072e+00
-1.58851461e+00
-1.58836259e+00
-1.58832862e+00
-1.58840325e+00
-1.58858058e+00
-1.58885222e+00
-1.58921419e+00
-1.58965999e+00
-1.59018753e+00
-1.59079159e+00
-1.59147092e+00
-1.59222012e+00
-1.59303694e+00
-1.59391372e+00
-1.59484478e+00
-1.59581761e+00
-1.59682024e+00
-1.59783220e+00
-1.59883197e+00
-1.59978786e+00
-1.60066538e+00
-1.60141828e+00
-1.60199595e+00
-1.60233478e+00
-1.60236573e+00
-1.60200628e+00
-1.60116835e+00
-1.59975124e+00
-1.59765015e+00
-1.59475059e+00
-1.59093797e+00
-1.58609414e+00
-1.58010880e+00
-1.57287943e+00
-1.56432617e+00
-1.55439760e+00
-1.54309215e+00
-1.53047378e+00
-1.51670378e+00
-1.50206801e+00
-1.48701453e+00
-1.47217538e+00
-1.45837304e+00
-1.44657611e+00
-1.43779794e+00
-1.43292424e+00
-1.43251520e+00
-1.43666072e+00
-1.44474459e+00
-1.59472808e+00
-1.59863900e+00
-1.60101345e+00
-1.60219122e+00
-1.60236642e+00
-1.60178656e+00
-1.60070169e+00
-1.59932954e+00
-1.59784342e+00
-1.59636803e+00
-1.59498812e+00
-1.59375361e+00
-1.59269196e+00
-1.59181162e+00
-1.59111240e+00
-1.59058520e+00
-1.59022020e+00
-1.59000370e+00
-1.58992499e+00
-1.58997143e+00
-1.59013480e+00
-1.59040523e+00
-1.59077753e+00
-1.59124435e+00
-1.59180261e+00
-1.59244611e+00
-1.59317213e+00
-1.59397361e+00
-1.59484585e+00
-1.59577835e+00
-1.59676165e+00
-1.59777884e+00
-1.59881244e+00
-1.59983583e+00
-1.60082006e+00
-1.60172531e+00
-1.60250772e+00
-1.60311105e+00
-1.60347354e+00
-1.60352003e+00
-1.60316909e+00
-1.60232580e+00
-1.60088931e+00
-1.59874680e+00
-1.59578169e+00
-1.59186924e+00
-1.58688596e+00
-1.58070759e+00
-1.57322071e+00
-1.56432470e+00
-1.55394785e+00
-1.54205688e+00
-1.52868238e+00
-1.51394193e+00
-1.49808045e+00
-1.48150844e+00
-1.46484737e+00
-1.44895155e+00
-1.43489481e+00
-1.42388004e+00
-1.41706283e+00
-1.41530004e+00
-1.41892121e+00
-1.42740820e+00
-1.60297229e+00
-1.60745850e+00
-1.60994938e+00
-1.61084480e+00
-1.61044662e+00
-1.60912035e+00
-1.60721561e+00
-1.60502499e+00
-1.60276752e+00
-1.60059482e+00
-1.59860011e+00
-1.59683540e+00
-1.59532090e+00
-1.59405916e+00
-1.59303886e+00
-1.59224467e+00
-1.59165629e+00
-1.59125575e+00
-1.59102364e+00
-1.59094524e+00
-1.59100522e+00
-1.59119342e+00
-1.59149864e+00
-1.59191446e+00
-1.59243249e+00
-1.59304827e+00
-1.59375409e+00
-1.59454508e+00
-1.59541167e+00
-1.59634578e+00
-1.59733301e+00
-1.59835890e+00
-1.59940092e+00
-1.60043475e+00
-1.60142622e+00
-1.60233757e+00
-1.60311949e+00
-1.60371738e+00
-1.60406370e+00
-1.60408442e+00
-1.60369178e+00
-1.60279110e+00
-1.60127442e+00
-1.59902768e+00
-1.59592574e+00
-1.59184026e+00
-1.58663649e+00
-1.58018251e+00
-1.57234865e+00
-1.56301949e+00
-1.55209810e+00
-1.53952422e+00
-1.52528888e+00
-1.50946635e+00
-1.49224852e+00
-1.47399872e+00
-1.45530560e+00
-1.43703714e+00
-1.42035442e+00
-1.40665641e+00
-1.39740699e+00
-1.39384709e+00
-1.39666012e+00
-1.40552228e+00
-1.61279829e+00
-1.61802254e+00
-1.62055347e+00
-1.62092036e+00
-1.61961851e+00
-1.61719903e+00
-1.61415694e+00
-1.61087871e+00
-1.60763723e+00
-1.60460485e+00
-1.60187902e+00
-1.59950195e+00
-1.59748238e+00
-1.59580611e+00
-1.59444951e+00
-1.59338202e+00
-1.59257446e+00
-1.59199694e+00
-1.59162483e+00
-1.59143435e+00
-1.59140774e+00
-1.59152776e+00
-1.59178271e+00
-1.59216029e+00
-1.59265282e+00
-1.59325060e+00
-1.59394735e+00
-1.59473325e+00
-1.59560052e+00
-1.59653620e+00
-1.59752779e+00
-1.59855590e+00
-1.59959986e+00
-1.60063029e+00
-1.60161471e+00
-1.60251011e+00
-1.60326858e+00
-1.60383006e+00
-1.60412800e+00
-1.60408250e+00
-1.60360617e+00
-1.60259785e+00
-1.60094883e+00
-1.59853749e+00
-1.59523608e+00
-1.59090661e+00
-1.58540853e+00
-1.57859644e+00
-1.57032926e+00
-1.56047096e+00
-1.54890313e+00
-1.53553209e+00
-1.52031035e+00
-1.50325893e+00
-1.48451023e+00
-1.46436059e+00
-1.44334608e+00
-1.42231904e+00
-1.40250938e+00
-1.38551154e+00
-1.37314615e+00
-1.36714817e+00
-1.36872616e+00
-1.37791471e+00
-1.62486915e+00
-1.63102016e+00
-1.63339233e+00
-1.63279435e+00
-1.63006491e+00
-1.62604802e+00
-1.62143760e+00
-1.61673405e+00
-1.61225828e+00
-1.60819284e+00
-1.60462080e+00
-1.60156301e+00
-1.59900098e+00
-1.59689780e+00
-1.59520625e+00
-1.59387946e+00
-1.59287105e+00
-1.59214120e+00
-1.59165321e+00
-1.59137799e+00
-1.59128914e+00
-1.59136710e+00
-1.59159355e+00
-1.59195575e+00
-1.59244047e+00
-1.59303865e+00
-1.59373901e+00
-1.59453293e+00
-1.59540785e+00
-1.59635224e+00
-1.59734886e+00
-1.59837976e+00
-1.59941948e+00
-1.60043997e+00
-1.60140382e+00
-1.60226917e+00
-1.60298301e+00
-1.60348612e+00
-1.60370659e+00
-1.60356490e+00
-1.60296782e+00
-1.60181377e+00
-1.59998734e+00
-1.59736501e+00
-1.59381065e+00
-1.58918176e+00
-1.58332625e+00
-1.57608948e+00
-1.56731290e+00
-1.55684276e+00
-1.54453216e+00
-1.53025432e+00
-1.51391335e+00
-1.49547124e+00
-1.47498243e+00
-1.45265617e+00
-1.42894004e+00
-1.40463347e+00
-1.38099802e+00
-1.35981934e+00
-1.34332875e+00
-1.33390935e+00
-1.33355561e+00
-1.34295968e+00
-1.64027625e+00
-1.64752715e+00
-1.64927789e+00
-1.64693531e+00
-1.64194895e+00
-1.63560647e+00
-1.62885931e+00
-1.62232083e+00
-1.61633787e+00
-1.61106990e+00
-1.60655952e+00
-1.60277995e+00
-1.59967097e+00
-1.59715689e+00
-1.59516169e+00
-1.59361238e+00
-1.59244546e+00
-1.59160434e+00
-1.59104307e+00
-1.59072161e+00
-1.59060906e+00
-1.59067824e+00
-1.59090910e+00
-1.59128306e+00
-1.59178670e+00
-1.59240603e+00
-1.59313040e+00
-1.59394665e+00
-1.59484323e+00
-1.59580418e+00
-1.59681339e+00
-1.59784848e+00
-1.59888507e+00
-1.59989058e+00
-1.60082859e+00
-1.60165256e+00
-1.60231027e+00
-1.60273765e+00
-1.60286326e+00
-1.60260241e+00
-1.60186178e+00
-1.60053398e+00
-1.59850239e+00
-1.59563643e+00
-1.59179662e+00
-1.58683081e+00
-1.58057962e+00
-1.57287373e+00
-1.56354002e+00
-1.55240048e+00
-1.53928010e+00
-1.52400965e+00
-1.50643979e+00
-1.48645664e+00
-1.46401804e+00
-1.43920899e+00
-1.41233995e+00
-1.38408730e+00
-1.35567599e+00
-1.32904416e+00
-1.30689004e+00
-1.29245609e+00
-1.28894344e+00
-1.29826747e+00
-1.66090087e+00
-1.66926023e+00
-1.66935259e+00
-1.66386913e+00
-1.65532020e+00
-1.64562747e+00
-1.63602460e+00
-1.62719344e+00
-1.61943976e+00
-1.61284210e+00
-1.60735310e+00
-1.60286708e+00
-1.59925624e+00
-1.59639415e+00
-1.59416339e+00
-1.59246261e+00
-1.59120428e+00
-1.59031708e+00
-1.58974094e+00
-1.58942869e+00
-1.58934060e+00
-1.58944647e+00
-1.58972013e+00
-1.59014214e+00
-1.59069432e+00
-1.59136290e+00
-1.59213308e+00
-1.59299242e+00
-1.59392543e+00
-1.59491710e+00
-1.59594738e+00
-1.59699486e+00
-1.59803116e+00
-1.59902462e+00
-1.59993469e+00
-1.60071566e+00
-1.60131107e+00
-1.60165747e+00
-1.60167900e+00
-1.60129122e+00
-1.60039601e+00
-1.59888545e+00
-1.59663726e+00
-1.59351877e+00
-1.58938290e+00
-1.58407235e+00
-1.57741609e+00
-1.56923370e+00
-1.55933245e+00
-1.54751177e+00
-1.53356135e+00
-1.51726698e+00
-1.49841283e+00
-1.47679568e+00
-1.45224641e+00
-1.42468171e+00
-1.39419645e+00
-1.36123194e+00
-1.32683019e+00
-1.29295698e+00
-1.26277276e+00
-1.24064690e+00
-1.23166588e+00
-1.24008373e+00
-1.69016933e+00
-1.69899795e+00
-1.69514147e+00
-1.68402318e+00
-1.66990403e+00
-1.65548711e+00
-1.64219978e+00
-1.63064054e+00
-1.62093897e+00
-1.61298847e+00
-1.60658470e+00
-1.60149725e+00
-1.59750732e+00
-1.59442050e+00
-1.59207318e+00
-1.59032906e+00
-1.58907852e+00
-1.58823213e+00
-1.58771976e+00
-1.58748430e+00
-1.58748189e+00
-1.58767623e+00
-1.58803990e+00
-1.58854915e+00
-1.58918592e+00
-1.58993289e+00
-1.59077598e+00
-1.59169950e+00
-1.59268891e+00
-1.59372595e+00
-1.59479159e+00
-1.59586112e+00
-1.59690711e+00
-1.59789453e+00
-1.59878375e+00
-1.59952557e+00
-1.60006434e+00
-1.60033306e+00
-1.60025649e+00
-1.59974644e+00
-1.59870496e+00
-1.59701992e+00
-1.59456819e+00
-1.59121162e+00
-1.58680019e+00
-1.58116824e+00
-1.57413745e+00
-1.56551306e+00
-1.55508620e+00
-1.54262967e+00
-1.52789908e+00
-1.51062804e+00
-1.49052899e+00
-1.46729150e+00
-1.44059327e+00
-1.41012676e+00
-1.37567445e+00
-1.33726861e+00
-1.29550384e+00
-1.25204416e+00
-1.21028218e+00
-1.17590087e+00
-1.15690004e+00
-1.16208264e+00
-1.73471411e+00
-1.74121447e+00
-1.72838479e+00
-1.70726658e+00
-1.68465123e+00
-1.66385846e+00
-1.64611526e+00
-1.63158886e+00
-1.61998692e+00
-1.61086807e+00
-1.60378341e+00
-1.59833488e+00
-1.59418938e+00
-1.59107859e+00
-1.58878853e+00
-1.58715194e+00
-1.58603695e+00
-1.58534175e+00
-1.58498589e+00
-1.58490788e+00
-1.58505854e+00
-1.58540063e+00
-1.58590347e+00
-1.58654380e+00
-1.58730109e+00
-1.58815908e+00
-1.58910142e+00
-1.59011365e+00
-1.59117894e+00
-1.59228028e+00
-1.59339622e+00
-1.59450325e+00
-1.59557144e+00
-1.59656688e+00
-1.59744736e+00
-1.59816478e+00
-1.59866087e+00
-1.59886965e+00
-1.59871322e+00
-1.59810424e+00
-1.59694192e+00
-1.59511444e+00
-1.59249520e+00
-1.58894515e+00
-1.58430908e+00
-1.57841769e+00
-1.57108363e+00
-1.56210258e+00
-1.55124828e+00
-1.53827149e+00
-1.52289239e+00
-1.50479537e+00
-1.48361665e+00
-1.45893348e+00
-1.43024891e+00
-1.39698757e+00
-1.35851633e+00
-1.31424666e+00
-1.26391460e+00
-1.20821177e+00
-1.14994047e+00
-1.09568388e+00
-1.05749308e+00
-1.05291982e+00
-1.80819824e+00
-1.80269960e+00
-1.77006575e+00
-1.73173093e+00
-1.69687740e+00
-1.66822280e+00
-1.64575620e+00
-1.62855518e+00
-1.61554822e+00
-1.60578400e+00
-1.59849734e+00
-1.59309755e+00
-1.58913805e+00
-1.58628231e+00
-1.58427802e+00
-1.58293426e+00
-1.58210742e+00
-1.58168758e+00
-1.58159187e+00
-1.58175598e+00
-1.58213151e+00
-1.58268010e+00
-1.58337283e+00
-1.58418570e+00
-1.58510012e+00
-1.58609902e+00
-1.58716793e+00
-1.58829134e+00
-1.58945414e+00
-1.59063804e+00
-1.59182320e+00
-1.59298462e+00
-1.59409390e+00
-1.59511555e+00
-1.59600881e+00
-1.59672402e+00
-1.59720437e+00
-1.59738232e+00
-1.59718142e+00
-1.59651281e+00
-1.59527697e+00
-1.59336041e+00
-1.59063727e+00
-1.58696605e+00
-1.58219095e+00
-1.57613823e+00
-1.56861668e+00
-1.55941293e+00
-1.54828972e+00
-1.53497826e+00
-1.51917166e+00
-1.50051038e+00
-1.47856504e+00
-1.45280714e+00
-1.42257114e+00
-1.38700049e+00
-1.34498885e+00
-1.29514151e+00
-1.23585999e+00
-1.16580178e+00
-1.08526475e+00
-9.99358527e-01
-9.23715397e-01
-8.91395327e-01
-1.94027960e+00
-1.89149011e+00
-1.81693980e+00
-1.75117477e+00
-1.70089905e+00
-1.66439305e+00
-1.63833952e+00
-1.61980364e+00
-1.60659168e+00
-1.59715674e+00
-1.59042626e+00
-1.58565653e+00
-1.58232627e+00
-1.58006607e+00
-1.57860977e+00
-1.57776402e+00
-1.57738587e+00
-1.57736974e+00
-1.57763596e+00
-1.57812528e+00
-1.57879218e+00
-1.57960272e+00
-1.58052999e+00
-1.58155365e+00
-1.58265629e+00
-1.58382386e+00
-1.58504242e+00
-1.58629899e+00
-1.58757854e+00
-1.58886497e+00
-1.59013820e+00
-1.59137524e+00
-1.59254726e+00
-1.59362069e+00
-1.59455432e+00
-1.59530040e+00
-1.59580173e+00
-1.59599275e+00
-1.59579673e+00
-1.59512686e+00
-1.59388344e+00
-1.59195494e+00
-1.58921522e+00
-1.58552436e+00
-1.58072562e+00
-1.57464560e+00
-1.56709038e+00
-1.55784394e+00
-1.54666191e+00
-1.53326594e+00
-1.51733144e+00
-1.49847238e+00
-1.47621421e+00
-1.44995495e+00
-1.41890082e+00
-1.38196724e+00
-1.33762067e+00
-1.28364183e+00
-1.21680716e+00
-1.13262851e+00
-1.02578940e+00
-8.93385828e-01
-7.46342632e-01
-6.37600906e-01
-2.19622709e+00
-2.00597317e+00
-1.85147464e+00
-1.75037088e+00
-1.68688235e+00
-1.64678080e+00
-1.62093315e+00
-1.60390823e+00
-1.59250286e+00
-1.58479316e+00
-1.57958980e+00
-1.57613247e+00
-1.57391941e+00
-1.57260900e+00
-1.57196318e+00
-1.57181203e+00
-1.57203296e+00
-1.57253579e+00
-1.57325441e+00
-1.57413934e+00
-1.57515416e+00
-1.57627112e+00
-1.57746969e+00
-1.57873348e+00
-1.58004980e+00
-1.58140711e+00
-1.58279513e+00
-1.58420256e+00
-1.58561736e+00
-1.58702456e+00
-1.58840670e+00
-1.58974165e+00
-1.59100302e+00
-1.59215798e+00
-1.59316774e+00
-1.59398531e+00
-1.59455598e+00
-1.59481511e+00
-1.59468859e+00
-1.59409071e+00
-1.59292457e+00
-1.59107997e+00
-1.58843366e+00
-1.58484718e+00
-1.58016669e+00
-1.57422017e+00
-1.56681625e+00
-1.55773979e+00
-1.54674798e+00
-1.53356184e+00
-1.51785569e+00
-1.49923837e+00
-1.47722588e+00
-1.45119501e+00
-1.42030870e+00
-1.38338649e+00
-1.33867706e+00
-1.28343906e+00
-1.21315227e+00
-1.12003614e+00
-9.90536927e-01
-8.02766287e-01
-5.33300846e-01
-2.18853231e-01
-2.71408937e+00
-2.08911373e+00
-1.82706717e+00
-1.70657996e+00
-1.64585062e+00
-1.61269122e+00
-1.59337765e+00
-1.58159401e+00
-1.57421553e+00
-1.56958329e+00
-1.56675386e+00
-1.56515570e+00
-1.56442251e+00
-1.56430907e+00
-1.56464512e+00
-1.56530992e+00
-1.56621607e+00
-1.56730014e+00
-1.56851547e+00
-1.56982825e+00
-1.57121350e+00
-1.57265335e+00
-1.57413443e+00
-1.57564703e+00
-1.57718312e+00
-1.57873607e+00
-1.58029885e+00
-1.58186397e+00
-1.58342182e+00
-1.58496069e+00
-1.58646510e+00
-1.58791585e+00
-1.58928835e+00
-1.59055264e+00
-1.59167166e+00
-1.59260133e+00
-1.59328879e+00
-1.59367241e+00
-1.59368013e+00
-1.59322945e+00
-1.59222577e+00
-1.59056239e+00
-1.58811876e+00
-1.58476034e+00
-1.58033663e+00
-1.57468036e+00
-1.56760471e+00
-1.55890101e+00
-1.54833361e+00
-1.53563387e+00
-1.52048926e+00
-1.50252804e+00
-1.48129345e+00
-1.45620326e+00
-1.42648032e+00
-1.39103185e+00
-1.34822330e+00
-1.29542622e+00
-1.22802894e+00
-1.13706159e+00
-1.00301758e+00
-7.79480914e-01
-3.55023378e-01
5.03974379e-01
SCALARS vorticity double 1
LOOKUP_TABLE default
3.15836451e-04
-5.73747122e-03
-6.19041398e-03
2.38120686e-03
1.70223247e-02
3.65450898e-02
6.02994886e-02
8.77400725e-02
1.18318827e-01
1.51481881e-01
1.86687365e-01
2.23422609e-01
2.61213898e-01
2.99631256e-01
3.38288011e-01
3.76838474e-01
4.14973148e-01
4.52413984e-01
4.88908672e-01
5.24225907e-01
5.58150440e-01
5.90479452e-01
6.21019060e-01
6.49582188e-01
6.75986706e-01
7.00054807e-01
7.21612676e-01
7.40491207e-01
7.56526974e-01
7.69564041e-01
7.79455982e-01
7.86068499e-01
7.89282233e-01
7.88995919e-01
7.85129710e-01
7.77628606e-01
7.66466009e-01
7.51647141e-01
7.33212537e-01
7.11241132e-01
6.85853374e-01
6.57213644e-01
6.25532620e-01
5.91068665e-01
5.54129055e-01
5.15069943e-01
4.74296041e-01
4.32258756e-01
3.89453921e-01
3.46417676e-01
3.03721797e-01
2.61966821e-01
2.21774309e-01
1.83776214e-01
1.48602366e-01
1.16862858e-01
8.91240940e-02
6.58696132e-02
4.74308046e-02
3.38439099e-02
2.45329213e-02
1.75831246e-02
8.20987328e-03
-7.48674097e-04
1.08718801e-02
7.79956237e-03
8.12973557e-03
1.69838900e-02
3.12186643e-02
4.97227267e-02
7.19626752e-02
9.75118009e-02
1.25930641e-01
1.56756954e-01
1.89522379e-01
2.23769970e-01
2.59066758e-01
2.95010710e-01
3.31233562e-01
3.67400494e-01
4.03208034e-01
4.38380697e-01
4.72667259e-01
5.05836814e-01
5.37675175e-01
5.67981577e-01
5.96566031e-01
6.23247184e-01
6.47850928e-01
6.70209542e-01
6.90161541e-01
7.07552017e-01
7.22233574e-01
7.34067672e-01
7.42926429e-01
7.48694732e-01
7.51272662e-01
7.50578125e-01
7.46549649e-01
7.39149275e-01
7.28365474e-01
7.14216046e-01
6.96750877e-01
6.76054568e-01
6.52248766e-01
6.25494222e-01
5.95992385e-01
5.63986581e-01
5.29762537e-01
4.93648338e-01
4.56013532e-01
4.17267475e-01
3.77856600e-01
3.38260699e-01
2.98987801e-01
2.60567677e-01
2.23543329e-01
1.88460180e-01
1.55851621e-01
1.26219321e-01
1.00004166e-01
7.75400959e-02
5.89724540e-02
4.40985623e-02
3.20268467e-02
2.04059573e-02
3.66464991e-03
-8.45715272e-03
2.28042184e-02
2.65543592e-02
3.19004474e-02
4.17290766e-02
5.52532331e-02
7.19853338e-02
9.16248039e-02
1.13912676e-01
1.38567108e-01
1.65270825e-01
1.93680055e-01
2.23438758e-01
2.54191619e-01
2.85593747e-01
3.17317027e-01
3.49053622e-01
3.80517350e-01
4.11443537e-01
4.41587913e-01
4.70724928e-01
4.98645854e-01
5.25156880e-01
5.50077385e-01
5.73238502e-01
5.94482042e-01
6.13659819e-01
6.30633388e-01
6.45274175e-01
6.57463995e-01
6.67095898e-01
6.74075323e-01
6.78321495e-01
6.79769024e-01
6.78369643e-01
6.74094049e-01
6.66933776e-01
6.56903052e-01
6.44040604e-01
6.28411332e-01
6.10107829e-01
5.89251667e-01
5.65994428e-01
5.40518396e-01
5.13036880e-01
4.83794074e-01
4.53064413e-01
4.21151321e-01
3.88385254e-01
3.55120900e-01
3.21733370e-01
2.88613105e-01
2.56159164e-01
2.24770292e-01
1.94832947e-01
1.66704777e-01
1.40691163e-01
1.17010494e-01
9.57405357e-02
7.67320161e-02
5.94657662e-02
4.28191775e-02
2.47248130e-02
1.88305625e-03
-1.15498432e-02
3.31043154e-02
4.07457777e-02
5.12406868e-02
6.28111566e-02
7.61187537e-02
9.13949009e-02
1.08708663e-01
1.28029897e-01
1.49246576e-01
1.72178816e-01
1.96595420e-01
2.22230791e-01
2.48800048e-01
2.76011288e-01
3.03574839e-01
3.31209792e-01
3.58648271e-01
3.85637933e-01
4.11943153e-01
4.37345282e-01
4.61642304e-01
4.84648143e-01
5.06191826e-01
5.26116654e-01
5.44279475e-01
5.60550150e-01
5.74811233e-01
5.86957899e-01
5.96898109e-01
6.04552998e-01
6.09857460e-01
6.12760897e-01
6.13228083e-01
6.11240121e-01
6.06795423e-01
5.99910697e-01
5.90621883e-01
5.78985008e-01
5.65076921e-01
5.48995872e-01
5.30861902e-01
5.10817017e-01
4.89025102e-01
4.65671537e-01
4.40962478e-01
4.15123737e-01
3.88399182e-01
3.61048567e-01
3.33344631e-01
3.05569284e-01
2.78008571e-01
2.50946005e-01
2.24653643e-01
1.99379975e-01
1.75333241e-01
1.52658032e-01
1.31402015e-01
1.11468182e-01
9.25468451e-02
7.40229928e-02
5.48666231e-02
3.35585796e-02
8.22970981e-03
-6.39031590e-03
4.64376784e-02
5.60167526e-02
6.96712587e-02
8.23322628e-02
9.52145660e-02
1.08990223e-01
1.24028076e-01
1.40506397e-01
1.58468644e-01
1.77857385e-01
1.98539827e-01
2.20329012e-01
2.43001654e-01
2.66312800e-01
2.90007514e-01
3.13829849e-01
3.37529486e-01
3.60866415e-01
3.83614070e-01
4.05561235e-01
4.26513060e-01
4.46291429e-01
4.64734910e-01
4.81698456e-01
4.97052991e-01
5.10684984e-01
5.22496081e-01
5.32402824e-01
5.40336501e-01
5.46243106e-01
5.50083408e-01
5.51833114e-01
5.51483084e-01
5.49039580e-01
5.44524509e-01
5.37975634e-01
5.29446719e-01
5.19007578e-01
5.06744024e-01
4.92757661e-01
4.77165537e-01
4.60099614e-01
4.41706045e-01
4.22144233e-01
4.01585629e-01
3.80212237e-01
3.58214746e-01
3.35790192e-01
3.13139022e-01
2.90461342e-01
2.67952068e-01
2.45794576e-01
2.24152274e-01
2.03157297e-01
1.82895241e-01
1.63384498e-01
1.44548483e-01
1.26179124e-01
1.07891368e-01
8.90732259e-02
6.88482556e-02
4.60932290e-02
1.95911213e-02
4.23489915e-03
6.45912210e-02
7.46903746e-02
8.93523590e-02
1.01937390e-01
1.13769611e-01
1.25716213e-01
1.38328718e-01
1.51936022e-01
1.66703387e-01
1.82672377e-01
1.99790708e-01
2.17936228e-01
2.36936810e-01
2.56586883e-01
2.76661003e-01
2.96924739e-01
3.17143203e-01
3.37087508e-01
3.56539508e-01
3.75295089e-01
3.93166333e-01
4.09982790e-01
4.25592086e-01
4.39860077e-01
4.52670677e-01
4.63925509e-01
4.73543455e-01
4.81460180e-01
4.87627660e-01
4.92013750e-01
4.94601775e-01
4.95390159e-01
4.94392062e-01
4.91635008e-01
4.87160486e-01
4.81023494e-01
4.73292022e-01
4.64046435e-01
4.53378763e-01
4.41391871e-01
4.28198513e-01
4.13920251e-01
3.98686230e-01
3.82631801e-01
3.65896953e-01
3.48624533e-01
3.30958180e-01
3.13039893e-01
2.95007104e-01
2.76989075e-01
2.59102363e-01
2.41445004e-01
2.24088964e-01
2.07070250e-01
1.90375992e-01
1.73927712e-01
1.57560221e-01
1.40996287e-01
1.23819120e-01
1.05448731e-01
8.51352612e-02
6.19912299e-02
3.50858580e-02
1.94402978e-02
8.80831219e-02
9.76444711e-02
1.11462810e-01
1.22733966e-01
1.32722964e-01
1.42347614e-01
1.52246380e-01
1.62838836e-01
1.74373051e-01
1.86962367e-01
2.00614903e-01
2.15258062e-01
2.30759294e-01
2.46943741e-01
2.63609097e-01
2.80537912e-01
2.97507562e-01
3.14298124e-01
3.30698396e-01
3.46510327e-01
3.61552115e-01
3.75660219e-01
3.88690507e-01
4.00518750e-01
4.11040635e-01
4.20171429e-01
4.27845429e-01
4.34015261e-01
4.38651108e-01
4.41739884e-01
4.43284396e-01
4.43302480e-01
4.41826123e-01
4.38900549e-01
4.34583268e-01
4.28943065e-01
4.22058924e-01
4.14018876e-01
4.04918768e-01
3.94860938e-01
3.83952809e-01
3.72305388e-01
3.60031667e-01
3.47244915e-01
3.34056852e-01
3.20575654e-01
3.06903761e-01
2.93135400e-01
2.79353715e-01
2.65627369e-01
2.52006395e-01
2.38517046e-01
2.25155309e-01
2.11878708e-01
1.98596003e-01
1.85154519e-01
1.71325177e-01
1.56786114e-01
1.41107250e-01
1.23740601e-01
1.04024013e-01
8.12071976e-02
5.45028174e-02
3.89399697e-02
1.16915713e-01
1.25129546e-01
1.36591188e-01
1.45405013e-01
1.52732718e-01
1.59473495e-01
1.66291027e-01
1.73648192e-01
1.81840759e-01
1.91027567e-01
2.01257062e-01
2.12490675e-01
2.24623401e-01
2.37501831e-01
2.50939755e-01
2.64731421e-01
2.78662565e-01
2.92519354e-01
3.06095413e-01
3.19197147e-01
3.31647581e-01
3.43288944e-01
3.53984231e-01
3.63617939e-01
3.72096175e-01
3.79346295e-01
3.85316196e-01
3.89973389e-01
3.93303909e-01
3.95311122e-01
3.96014476e-01
3.95448195e-01
3.93659939e-01
3.90709425e-01
3.86667002e-01
3.81612182e-01
3.75632120e-01
3.68820031e-01
3.61273559e-01
3.53093082e-01
3.44379965e-01
3.35234752e-01
3.25755303e-01
3.16034856e-01
3.06160010e-01
2.96208596e-01
2.86247397e-01
2.76329658e-01
2.66492301e-01
2.56752732e-01
2.47105102e-01
2.37515829e-01
2.27918198e-01
2.18205813e-01
2.08224769e-01
1.97764560e-01
1.86548078e-01
1.74221704e-01
1.60347457e-01
1.44400330e-01
1.25774845e-01
1.03803872e-01
7.77879486e-02
6.25860414e-02
1.50895481e-01
1.57122879e-01
1.64992105e-01
1.70340935e-01
1.74231082e-01
1.77516510e-01
1.80851534e-01
1.84709682e-01
1.89406686e-01
1.95124170e-01
2.01932550e-01
2.09812505e-01
2.18674757e-01
2.28377974e-01
2.38744681e-01
2.49575112e-01
2.60658967e-01
2.71785135e-01
2.82749474e-01
2.93360806e-01
3.03445319e-01
3.12849569e-01
3.21442321e-01
3.29115435e-01
3.35783984e-01
3.41385805e-01
3.45880605e-01
3.49248777e-01
3.51489987e-01
3.52621630e-01
3.52677186e-01
3.51704520e-01
3.49764133e-01
3.46927374e-01
3.43274637e-01
3.38893505e-01
3.33876888e-01
3.28321112e-01
3.22323995e-01
3.15982888e-01
3.09392689e-01
3.02643835e-01
2.95820257e-01
2.88997292e-01
2.82239548e-01
2.75598672e-01
2.69111020e-01
2.62795157e-01
2.56649139e-01
2.50647502e-01
2.44737864e-01
2.38837050e-01
2.32826630e-01
2.26547809e-01
2.19795686e-01
2.12313027e-01
2.03784024e-01
1.93828886e-01
1.82000701e-01
1.67786518e-01
1.50614677e-01
1.29869453e-01
1.04911378e-01
9.02571763e-02
1.89765395e-01
1.93485874e-01
1.96736279e-01
1.97742482e-01
1.97484263e-01
1.96764663e-01
1.96211480e-01
1.96288156e-01
1.97310026e-01
1.99463157e-01
2.02824067e-01
2.07379294e-01
2.13044161e-01
2.19680300e-01
2.27111610e-01
2.35138414e-01
2.43549705e-01
2.52133400e-01
2.60684669e-01
2.69012404e-01
2.76944008e-01
2.84328684e-01
2.91039430e-01
2.96973966e-01
3.02054802e-01
3.06228625e-01
3.09465193e-01
3.11755855e-01
3.13111823e-01
3.13562276e-01
3.13152350e-01
3.11941077e-01
3.09999270e-01
3.07407408e-01
3.04253492e-01
3.00630916e-01
2.96636327e-01
2.92367488e-01
2.87921148e-01
2.83390916e-01
2.78865129e-01
2.74424724e-01
2.70141085e-01
2.66073880e-01
2.62268831e-01
2.58755431e-01
2.55544553e-01
2.52625925e-01
2.49965435e-01
2.47502215e-01
2.45145484e-01
2.42771090e-01
2.40217772e-01
2.37283152e-01
2.33719585e-01
2.29230098e-01
2.23464856e-01
2.16018868e-01
2.06431919e-01
1.94191947e-01
1.78742977e-01
1.59498092e-01
1.35856700e-01
1.21858116e-01
2.33260942e-01
2.34036355e-01
2.31795634e-01
2.27691626e-01
2.22642370e-01
2.17403288e-01
2.12568447e-01
2.08578685e-01
2.05734545e-01
2.04212217e-01
2.04081060e-01
2.05321688e-01
2.07843851e-01
2.11503540e-01
2.16118859e-01
2.21484341e-01
2.27383484e-01
2.33599371e-01
2.39923345e-01
2.46161807e-01
2.52141239e-01
2.57711636e-01
2.62748556e-01
2.67153992e-01
2.70856304e-01
2.73809403e-01
2.75991375e-01
2.77402696e-01
2.78064173e-01
2.78014703e-01
2.77308925e-01
2.76014821e-01
2.74211293e-01
2.71985757e-01
2.69431751e-01
2.66646574e-01
2.63728964e-01
2.60776813e-01
2.57884914e-01
2.55142747e-01
2.52632283e-01
2.50425801e-01
2.48583708e-01
2.47152318e-01
2.46161596e-01
2.45622807e-01
2.45526064e-01
2.45837732e-01
2.46497677e-01
2.47416335e-01
2.48471610e-01
2.49505634e-01
2.50321434e-01
2.50679646e-01
2.50295442e-01
2.48835967e-01
2.45918706e-01
2.41111352e-01
2.33933878e-01
2.23863624e-01
2.10344059e-01
1.92797547e-01
1.70641937e-01
1.57346319e-01
2.81132694e-01
2.78582907e-01
2.70091338e-01
2.60197812e-01
2.49776707e-01
2.39542207e-01
2.30052528e-01
2.21718500e-01
2.14815758e-01
2.09499522e-01
2.05821028e-01
2.03744745e-01
2.03165685e-01
2.03926196e-01
2.05831755e-01
2.08665360e-01
2.12200242e-01
2.16210707e-01
2.20481032e-01
2.24812434e-01
2.29028205e-01
2.32977175e-01
2.36535696e-01
2.39608391e-01
2.42127870e-01
2.44053652e-01
2.45370490e-01
2.46086252e-01
2.46229528e-01
2.45847046e-01
2.45001003e-01
2.43766362e-01
2.42228163e-01
2.40478875e-01
2.38615807e-01
2.36738594e-01
2.34946754e-01
2.33337328e-01
2.32002577e-01
2.31027760e-01
2.30488934e-01
2.30450791e-01
2.30964485e-01
2.32065419e-01
2.33770961e-01
2.36078042e-01
2.38960609e-01
2.42366902e-01
2.46216540e-01
2.50397424e-01
2.54762494e-01
2.59126415e-01
2.63262325e-01
2.66898822e-01
2.69717455e-01
2.71351064e-01
2.71383379e-01
2.69350396e-01
2.64744067e-01
2.57018861e-01
2.45601632e-01
2.29904992e-01
2.09344203e-01
1.96757895e-01
3.33155545e-01
3.26940939e-01
3.11520809e-01
2.95227307e-01
2.78906097e-01
2.63236863e-01
2.48742103e-01
2.35798146e-01
2.24648384e-01
2.15418338e-01
2.08131981e-01
2.02728760e-01
1.99080718e-01
1.97009186e-01
1.96300566e-01
1.96720789e-01
1.98028135e-01
1.99984209e-01
2.02362939e-01
2.04957604e-01
2.07585973e-01
2.10093680e-01
2.12356072e-01
2.14278728e-01
2.15796911e-01
2.16874174e-01
2.17500341e-01
2.17689044e-01
2.17474975e-01
2.16910974e-01
2.16065050e-01
2.15017407e-01
2.13857519e-01
2.12681287e-01
2.11588316e-01
2.10679290e-01
2.10053486e-01
2.09806394e-01
2.10027446e-01
2.10797831e-01
2.12188375e-01
2.14257445e-01
2.17048836e-01
2.20589599e-01
2.24887753e-01
2.29929827e-01
2.35678186e-01
2.42068106e-01
2.49004587e-01
2.56358913e-01
2.63965031e-01
2.71615850e-01
2.79059673e-01
2.85996987e-01
2.92077982e-01
2.96901207e-01
3.00013821e-01
3.00913976e-01
2.99055791e-01
2.93857345e-01
2.84711945e-01
2.71002712e-01
2.52120359e-01
2.40229312e-01
3.89130339e-01
3.78939730e-01
3.55972646e-01
3.32721366e-01
3.10014748e-01
2.88503903e-01
2.68676419e-01
2.50871058e-01
2.35293305e-01
2.22031808e-01
2.11075481e-01
2.02330929e-01
1.95639798e-01
1.90795602e-01
1.87559612e-01
1.85675405e-01
1.84881778e-01
1.84923774e-01
1.85561707e-01
1.86578160e-01
1.87783012e-01
1.89016660e-01
1.90151621e-01
1.91092768e-01
1.91776441e-01
1.92168701e-01
1.92262927e-01
1.92076986e-01
1.91650125e-01
1.91039734e-01
1.90318072e-01
1.89569041e-01
1.88885063e-01
1.88364092e-01
1.88106784e-01
1.88213836e-01
1.88783501e-01
1.89909258e-01
1.91677623e-01
1.94166086e-01
1.97441106e-01
2.01556154e-01
2.06549711e-01
2.12443172e-01
2.19238575e-01
2.26916093e-01
2.35431203e-01
2.44711496e-01
2.54653085e-01
2.65116650e-01
2.75923166e-01
2.86849478e-01
2.97623963e-01
3.07922605e-01
3.17365940e-01
3.25517391e-01
3.31883596e-01
3.35917309e-01
3.37023411e-01
3.34568384e-01
3.27893386e-01
3.16330703e-01
2.99223154e-01
2.88013295e-01
4.48882988e-01
4.34424325e-01
4.03334294e-01
3.72607023e-01
3.43063900e-01
3.15332154e-01
2.89865098e-01
2.66961348e-01
2.46783641e-01
2.29377514e-01
2.14689904e-01
2.02587534e-01
1.92874863e-01
1.85311289e-01
1.79627266e-01
1.75539004e-01
1.72761449e-01
1.71019335e-01
1.70056160e-01
1.69641073e-01
1.69573721e-01
1.69687219e-01
1.69849449e-01
1.69962930e-01
1.69963553e-01
1.69818411e-01
1.69523003e-01
1.69098004e-01
1.68585794e-01
1.68046891e-01
1.67556401e-01
1.67200561e-01
1.67073448e-01
1.67273875e-01
1.67902511e-01
1.69059226e-01
1.70840662e-01
1.73338006e-01
1.76634954e-01
1.80805809e-01
1.85913684e-01
1.92008715e-01
1.99126240e-01
2.07284820e-01
2.16484034e-01
2.26701921e-01
2.37891993e-01
2.49979716e-01
2.62858426e-01
2.76384656e-01
2.90372960e-01
3.04590377e-01
3.18750835e-01
3.32509902e-01
3.45460441e-01
3.57129899e-01
3.66979971e-01
3.74409474e-01
3.78761079e-01
3.79332368e-01
3.75391232e-01
3.66195136e-01
3.51013300e-01
3.40492290e-01
5.12260792e-01
4.93254621e-01
4.53495186e-01
4.14802904e-01
3.77998922e-01
3.43689952e-01
3.12295013e-01
2.84069871e-01
2.59129879e-01
2.37471640e-01
2.18993709e-01
2.03516410e-01
1.90800714e-01
1.80566025e-01
1.72506647e-01
1.66306669e-01
1.61653029e-01
1.58246538e-01
1.55810772e-01
1.54098769e-01
1.52897637e-01
1.52031201e-01
1.51360924e-01
1.50785371e-01
1.50238488e-01
1.49687000e-01
1.49127164e-01
1.48581132e-01
1.48093104e-01
1.47725435e-01
1.47554815e-01
1.47668602e-01
1.48161389e-01
1.49131821e-01
1.50679703e-01
1.52903391e-01
1.55897475e-01
1.59750708e-01
1.64544174e-01
1.70349624e-01
1.77227924e-01
1.85227531e-01
1.94382894e-01
2.04712678e-01
2.16217656e-01
2.28878171e-01
2.42650991e-01
2.57465463e-01
2.73218844e-01
2.89770783e-01
3.06936970e-01
3.24482110e-01
3.42112523e-01
3.59468857e-01
3.76119620e-01
3.91556435e-01
4.05192099e-01
4.16362588e-01
4.24334024e-01
4.28315315e-01
4.27476535e-01
4.20972313e-01
4.07968609e-01
3.98189029e-01
5.79128306e-01
5.55302357e-01
5.06346764e-01
4.59221465e-01
4.14752983e-01
3.73529568e-01
3.35934964e-01
3.02178779e-01
2.72324086e-01
2.46312728e-01
2.23988669e-01
2.05119629e-01
1.89417158e-01
1.76555160e-01
1.66186790e-01
1.57959556e-01
1.51528446e-01
1.46566913e-01
1.42775617e-01
1.39888899e-01
1.37679079e-01
1.35958724e-01
1.34581143e-01
1.33439376e-01
1.32463994e-01
1.31620002e-01
1.30903130e-01
1.30335763e-01
1.29962708e-01
1.29846975e-01
1.30065695e-01
1.30706264e-01
1.31862782e-01
1.33632829e-01
1.36114592e-01
1.39404350e-01
1.43594301e-01
1.48770715e-01
1.55012346e-01
1.62389070e-01
1.70960653e-01
1.80775543e-01
1.91869591e-01
2.04264537e-01
2.17966111e-01
2.32961567e-01
2.49216473e-01
2.66670562e-01
2.85232488e-01
3.04773363e-01
3.25119034e-01
3.46041210e-01
3.67247689e-01
3.88372239e-01
4.08964946e-01
4.28484191e-01
4.46291727e-01
4.61652525e-01
4.73741022e-01
4.81655050e-01
4.84437859e-01
4.81107377e-01
4.70690304e-01
4.61776797e-01
6.49361389e-01
6.20446709e-01
5.61780104e-01
5.05768406e-01
4.53247939e-01
4.04789221e-01
3.60738482e-01
3.21254817e-01
2.86343401e-01
2.55885127e-01
2.29663091e-01
2.07386370e-01
1.88711460e-01
1.73261621e-01
1.60644223e-01
1.50466049e-01
1.42346468e-01
1.35928339e-01
1.30886568e-01
1.26934314e-01
1.23826932e-01
1.21363821e-01
1.19388438e-01
1.17786778e-01
1.16484644e-01
1.15444029e-01
1.14658915e-01
1.14150752e-01
1.13963827e-01
1.14160723e-01
1.14817973e-01
1.16022031e-01
1.17865612e-01
1.20444441e-01
1.23854435e-01
1.28189317e-01
1.33538636e-01
1.39986171e-01
1.47608658e-01
1.56474775e-01
1.66644293e-01
1.78167277e-01
1.91083198e-01
2.05419793e-01
2.21191486e-01
2.38397132e-01
2.57016867e-01
2.77007791e-01
2.98298232e-01
3.20780371e-01
3.44301061e-01
3.68650824e-01
3.93551198e-01
4.18640921e-01
4.43461863e-01
4.67446089e-01
4.89906014e-01
5.10030041e-01
5.26886314e-01
5.39436929e-01
5.46563933e-01
5.47106558e-01
5.39906560e-01
5.32088010e-01
7.22841047e-01
6.88568344e-01
6.19681257e-01
5.54339413e-01
4.93392603e-01
4.37392895e-01
3.86645016e-01
3.41251579e-01
3.01153012e-01
2.66162324e-01
2.35995195e-01
2.10296104e-01
1.88661171e-01
1.70658291e-01
1.55844849e-01
1.43783168e-01
1.34053660e-01
1.26265607e-01
1.20065507e-01
1.15142978e-01
1.11234315e-01
1.08123892e-01
1.05643657e-01
1.03671073e-01
1.02125819e-01
1.00965631e-01
1.00181577e-01
9.97930683e-02
9.98428262e-02
1.00392004e-01
1.01515598e-01
1.03298241e-01
1.05830465e-01
1.09205449e-01
1.13516280e-01
1.18853717e-01
1.25304451e-01
1.32949790e-01
1.41864743e-01
1.52117410e-01
1.63768576e-01
1.76871387e-01
1.91470965e-01
2.07603756e-01
2.25296420e-01
2.44563970e-01
2.65406898e-01
2.87806910e-01
3.11720952e-01
3.37073102e-01
3.63744049e-01
3.91557875e-01
4.20266150e-01
4.49529636e-01
4.78898434e-01
5.07792132e-01
5.35482361e-01
5.61081090e-01
5.83538721e-01
6.01656165e-01
6.14114148e-01
6.19520474e-01
6.16471908e-01
6.10122375e-01
7.99445445e-01
7.59541961e-01
6.79923932e-01
6.04813815e-01
5.35078133e-01
4.71247856e-01
4.13579599e-01
3.62110998e-01
3.16708960e-01
2.77110525e-01
2.42956977e-01
2.13822342e-01
1.89237493e-01
1.68710826e-01
1.51746159e-01
1.37858157e-01
1.26585379e-01
1.17500880e-01
1.10220319e-01
1.04407557e-01
9.97778231e-02
9.60986523e-02
9.31888578e-02
9.09158980e-02
8.91920019e-02
8.79694302e-02
8.72352158e-02
8.70056866e-02
8.73210195e-02
8.82400260e-02
8.98353106e-02
9.21889115e-02
9.53884834e-02
9.95240655e-02
1.04685440e-01
1.10960077e-01
1.18431638e-01
1.27178988e-01
1.37275659e-01
1.48789683e-01
1.61783682e-01
1.76315094e-01
1.92436377e-01
2.10194988e-01
2.29632909e-01
2.50785425e-01
2.73678809e-01
2.98326489e-01
3.24723220e-01
3.52836705e-01
3.82596099e-01
4.13876856e-01
4.46481526e-01
4.80116452e-01
5.14364875e-01
5.48657890e-01
5.82245972e-01
6.14175358e-01
6.43275213e-01
6.68162632e-01
6.87272250e-01
6.98914486e-01
7.01360478e-01
6.97051864e-01
8.79041192e-01
8.33226450e-01
7.42358311e-01
6.57043915e-01
5.78169595e-01
5.06239429e-01
4.41450989e-01
3.83764390e-01
3.32961294e-01
2.88693055e-01
2.50519075e-01
2.17937390e-01
1.90409507e-01
1.67381130e-01
1.48299831e-01
1.32630212e-01
1.19866683e-01
1.09543855e-01
1.01244401e-01
9.46043708e-02
8.93160023e-02
8.51282101e-02
8.18450458e-02
7.93224929e-02
7.74640003e-02
7.62151531e-02
7.55578585e-02
7.55043679e-02
7.60914070e-02
7.73746165e-02
7.94234644e-02
8.23167265e-02
8.61386086e-02
9.09755359e-02
9.69136241e-02
1.04036810e-01
1.12425617e-01
1.22156497e-01
1.33301697e-01
1.45929544e-01
1.60105070e-01
1.75890840e-01
1.93347825e-01
2.12536141e-01
2.33515406e-01
2.56344422e-01
2.81079795e-01
3.07773017e-01
3.36465399e-01
3.67180132e-01
3.99910619e-01
4.34604131e-01
4.71139869e-01
5.09300729e-01
5.48738579e-01
5.88933899e-01
6.29152284e-01
6.68402766e-01
7.05405882e-01
7.38582498e-01
7.66076071e-01
7.85819305e-01
7.95648552e-01
7.94221361e-01
9.61471731e-01
9.09451436e-01
8.06793510e-01
7.10837481e-01
6.22491899e-01
5.42222182e-01
4.70148292e-01
4.06133642e-01
3.49858470e-01
3.00876553e-01
2.58657582e-01
2.22618875e-01
1.92149846e-01
1.66631842e-01
1.45454932e-01
1.28032384e-01
1.13813035e-01
1.02291402e-01
9.30153762e-02
8.55913263e-02
7.96866342e-02
7.50298107e-02
7.14084850e-02
6.86656538e-02
6.66946272e-02
6.54331062e-02
6.48568011e-02
6.49729425e-02
6.58139714e-02
6.74316343e-02
6.98916370e-02
7.32689714e-02
7.76439707e-02
8.30991282e-02
8.97166734e-02
9.75768918e-02
1.06757141e-01
1.17331521e-01
1.29371117e-01
1.42944751e-01
1.58120132e-01
1.74965307e-01
1.93550261e-01
2.13948521e-01
2.36238520e-01
2.60504466e-01
2.86836314e-01
3.15328349e-01
3.46075689e-01
3.79167807e-01
4.14677953e-01
4.52647042e-01
4.93060430e-01
5.35815893e-01
5.80681420e-01
6.27242312e-01
6.74838909e-01
7.22499462e-01
7.68877523e-01
8.12209330e-01
8.50312653e-01
8.80650838e-01
9.00479021e-01
9.03138512e-01
1.04654213e+00
9.87996753e-01
8.72968520e-01
7.65928604e-01
6.67806931e-01
5.79006175e-01
4.99536244e-01
4.29133697e-01
3.67354593e-01
3.13640663e-01
2.67364317e-01
2.27859300e-01
1.94442733e-01
1.66432480e-01
1.43162025e-01
1.23993752e-01
1.08330687e-01
9.56263920e-02
8.53926064e-02
7.72043304e-02
7.07022552e-02
6.55926426e-02
6.16449415e-02
5.86875522e-02
5.66022136e-02
5.53174954e-02
5.48018441e-02
5.50565688e-02
5.61090828e-02
5.80066347e-02
6.08107018e-02
6.45921473e-02
6.94272082e-02
7.53943265e-02
8.25718243e-02
9.10363848e-02
1.00862303e-01
1.12121437e-01
1.24883808e-01
1.39218757e-01
1.55196598e-01
1.72890664e-01
1.92379647e-01
2.13750115e-01
2.37099024e-01
2.62536013e-01
2.90185152e-01
3.20185647e-01
3.52690839e-01
3.87864503e-01
4.25873076e-01
4.66871992e-01
5.10983765e-01
5.58264939e-01
6.08658779e-01
6.61930829e-01
7.17585881e-01
7.74768367e-01
8.32154601e-01
8.87855638e-01
9.39362871e-01
9.83580902e-01
1.01699369e+00
1.02544425e+00
1.13399412e+00
1.06855763e+00
9.40501309e-01
8.21928132e-01
7.13776664e-01
6.16336674e-01
5.29450132e-01
4.52678757e-01
3.85422483e-01
3.26994136e-01
2.76663132e-01
2.33680709e-01
1.97295960e-01
1.66768259e-01
1.41378803e-01
1.20442031e-01
1.03316626e-01
8.94153432e-02
7.82129195e-02
6.92514665e-02
6.21431010e-02
5.65698297e-02
5.22809655e-02
4.90885173e-02
4.68610778e-02
4.55167535e-02
4.50156379e-02
4.53522613e-02
4.65483629e-02
4.86462438e-02
5.17028758e-02
5.57848781e-02
6.09644119e-02
6.73160087e-02
7.49143072e-02
8.38326667e-02
9.41425930e-02
1.05913924e-01
1.19215700e-01
1.34117667e-01
1.50692333e-01
1.69017547e-01
1.89179515e-01
2.11276213e-01
2.35421100e-01
2.61747001e-01
2.90409941e-01
3.21592569e-01
3.55506583e-01
3.92393221e-01
4.32520406e-01
4.76174450e-01
5.23643310e-01
5.75187352e-01
6.30992337e-01
6.91098455e-01
7.55299173e-01
8.23005866e-01
8.93080847e-01
9.63655301e-01
1.03197243e+00
1.09432801e+00
1.14620788e+00
1.16284329e+00
1.22345975e+00
1.15067814e+00
1.00879505e+00
8.78237915e-01
7.59904449e-01
6.53866175e-01
5.59693362e-01
4.76697157e-01
4.04077971e-01
3.41002400e-01
2.86636551e-01
2.40157850e-01
2.00759271e-01
1.67653273e-01
1.40078159e-01
1.17306989e-01
9.86578976e-02
8.35043127e-02
7.12836999e-02
6.15038599e-02
5.37462586e-02
4.76663110e-02
4.29908766e-02
3.95134513e-02
3.70876547e-02
3.56196379e-02
3.50599877e-02
3.53956219e-02
3.66420660e-02
3.88363942e-02
4.20310262e-02
4.62884870e-02
5.16771800e-02
5.82681668e-02
6.61329280e-02
7.53420418e-02
8.59647244e-02
9.80691532e-02
1.11723519e-01
1.26997744e-01
1.43965832e-01
1.62708832e-01
1.83318408e-01
2.05901038e-01
2.30582851e-01
2.57515109e-01
2.86880294e-01
3.18898616e-01
3.53834627e-01
3.92003222e-01
4.33773855e-01
4.79570934e-01
5.29867218e-01
5.85165329e-01
6.45960224e-01
7.12672708e-01
7.85541194e-01
8.64457438e-01
9.48734747e-01
1.03681043e+00
1.12591673e+00
1.21181562e+00
1.28877725e+00
1.31695555e+00
1.31435976e+00
1.23361194e+00
1.07685895e+00
9.33901766e-01
8.05444388e-01
6.91120492e-01
5.90045539e-01
5.01164850e-01
4.23425223e-01
3.55835219e-01
2.97469846e-01
2.47455378e-01
2.04953242e-01
1.69150756e-01
1.39260280e-01
1.14525207e-01
9.42300952e-02
7.77121824e-02
6.43720088e-02
5.36815678e-02
4.51891425e-02
3.85206006e-02
3.33773966e-02
2.95318346e-02
2.68203026e-02
2.51352148e-02
2.44163490e-02
2.46421573e-02
2.58214986e-02
2.79861183e-02
3.11840782e-02
3.54742513e-02
4.09219147e-02
4.75954311e-02
5.55639595e-02
6.48961320e-02
7.56596075e-02
8.79214357e-02
1.01749153e-01
1.17212582e-01
1.34386298e-01
1.53352798e-01
1.74206419e-01
1.97058109e-01
2.22041174e-01
2.49318187e-01
2.79089195e-01
3.11601389e-01
3.47160225e-01
3.86141813e-01
4.29005906e-01
4.76308110e-01
5.28708658e-01
5.86973062e-01
6.51956793e-01
7.24561358e-01
8.05642439e-01
8.95842457e-01
9.95312421e-01
1.10328883e+00
1.21751831e+00
1.33360765e+00
1.44455597e+00
1.48900043e+00
1.40566303e+00
1.31601056e+00
1.14295890e+00
9.87350201e-01
8.49270717e-01
7.27470040e-01
6.20299399e-01
5.26176636e-01
4.43740313e-01
3.71848984e-01
3.09524282e-01
2.55888203e-01
2.10115295e-01
1.71404893e-01
1.38971308e-01
1.12047165e-01
8.98946402e-02
7.18199592e-02
5.71876001e-02
4.54318315e-02
3.60642950e-02
2.86772419e-02
2.29426798e-02
1.86081012e-02
1.54896678e-02
1.34637622e-02
1.24577462e-02
1.24406268e-02
1.34141668e-02
1.54048142e-02
1.84566829e-02
2.26256986e-02
2.79749391e-02
3.45711304e-02
4.24822316e-02
5.17760080e-02
6.25195029e-02
7.47793092e-02
8.86225829e-02
1.04118745e-01
1.21341891e-01
1.40373933e-01
1.61308613e-01
1.84256532e-01
2.09351470e-01
2.36758300e-01
2.66682922e-01
2.99384657e-01
3.35191625e-01
3.74519518e-01
4.17894064e-01
4.65976964e-01
5.19594201e-01
5.79763805e-01
6.47716925e-01
7.24900225e-01
8.12937581e-01
9.13512571e-01
1.02810858e+00
1.15751323e+00
1.30097668e+00
1.45496827e+00
1.61173292e+00
1.67912035e+00
1.49529102e+00
1.39519613e+00
1.20393550e+00
1.03598350e+00
8.89717131e-01
7.62141694e-01
6.50365887e-01
5.52090328e-01
4.65622535e-01
3.89727685e-01
3.23458836e-01
2.66019932e-01
2.16673886e-01
1.74691640e-01
1.39332867e-01
1.09848233e-01
8.54942964e-02
6.55538266e-02
4.93563293e-02
3.62953345e-02
2.58406212e-02
1.75447908e-02
1.10444987e-02
6.05721143e-03
2.37461717e-03
-1.46135881e-04
-1.59230521e-03
-2.00564414e-03
-1.39205306e-03
2.69659005e-04
3.02017094e-03
6.91332710e-03
1.20111098e-02
1.83798521e-02
2.60875880e-02
3.52024247e-02
4.57918123e-02
5.79226118e-02
7.16618753e-02
8.70783089e-02
1.04244415e-01
1.23239403e-01
1.44152987e-01
1.67090337e-01
1.92178483e-01
2.19574679e-01
2.49477297e-01
2.82140083e-01
3.17890726e-01
3.57154957e-01
4.00487545e-01
4.48611660e-01
5.02467952e-01
5.63273984e-01
6.32592807e-01
7.12405050e-01
8.05169178e-01
9.13834061e-01
1.04172704e+00
1.19216472e+00
1.36751358e+00
1.56730232e+00
1.78508092e+00
1.88489735e+00
1.57864033e+00
1.46542738e+00
1.25391022e+00
1.07556433e+00
9.24459784e-01
7.94361096e-01
6.80524301e-01
5.79804715e-01
4.90261794e-01
4.10721802e-01
3.40432184e-01
2.78824572e-01
2.25369647e-01
1.79501351e-01
1.40589880e-01
1.07946410e-01
8.08459775e-02
5.85581468e-02
4.03780752e-02
2.56531913e-02
1.38029419e-02
4.33080120e-03
-3.17102738e-03
-9.02302938e-03
-1.34643834e-02
-1.66619749e-02
-1.87210045e-02
-1.96960409e-02
-1.96016713e-02
-1.84221851e-02
-1.61199685e-02
-1.26424767e-02
-7.92777867e-03
-1.90876535e-03
5.48385513e-03
1.43196123e-02
2.46672454e-02
3.65944486e-02
5.01683178e-02
6.54564260e-02
8.25285636e-02
1.01459188e-01
1.22330772e-01
1.45238277e-01
1.70295176e-01
1.97641521e-01
2.27454883e-01
2.59965129e-01
2.95474482e-01
3.34384684e-01
3.77233738e-01
4.24745455e-01
4.77895982e-01
5.38002668e-01
6.06841729e-01
6.86801648e-01
7.81076839e-01
8.93894837e-01
1.03073413e+00
1.19839046e+00
1.40450542e+00
1.65565449e+00
1.95229057e+00
2.09805918e+00
1.64503546e+00
1.51375940e+00
1.28202852e+00
1.09957868e+00
9.50690147e-01
8.23819994e-01
7.11952522e-01
6.11268334e-01
5.19898326e-01
4.37048703e-01
3.62438416e-01
2.95954758e-01
2.37456319e-01
1.86675789e-01
1.43189804e-01
1.06431784e-01
7.57292968e-02
5.03518781e-02
2.95591052e-02
1.26422778e-02
-1.04386920e-03
-1.20605185e-02
-2.08745364e-02
-2.78569355e-02
-3.32878450e-02
-3.73657826e-02
-4.02192620e-02
-4.19191905e-02
-4.24909147e-02
-4.19252033e-02
-4.01877478e-02
-3.72270504e-02
-3.29806901e-02
-2.73801179e-02
-2.03541249e-02
-1.18312077e-02
-1.74098137e-03
9.98517271e-03
2.34141416e-02
3.86117007e-02
5.56437414e-02
7.45781400e-02
9.54874355e-02
1.18452541e-01
1.43567890e-01
1.70948549e-01
2.00740134e-01
2.33132639e-01
2.68379793e-01
3.06826222e-01
3.48945582e-01
3.95394209e-01
4.47086803e-01
5.05303721e-01
5.71844206e-01
6.49247531e-01
7.41115738e-01
8.52588136e-01
9.91032383e-01
1.16699571e+00
1.39526884e+00
1.69511755e+00
2.08615533e+00
2.29728841e+00
1.67002554e+00
1.51042234e+00
1.26937803e+00
1.09940213e+00
9.66196883e-01
8.51818310e-01
7.47737685e-01
6.50357730e-01
5.58590851e-01
4.72559292e-01
3.92869256e-01
3.20194027e-01
2.55041136e-01
1.97640728e-01
1.47917243e-01
1.05516895e-01
6.98681870e-02
4.02569113e-02
1.59012559e-02
-3.98261568e-03
-2.01298269e-02
-3.31924820e-02
-4.37207632e-02
-5.21568301e-02
-5.88382262e-02
-6.40075861e-02
-6.78257660e-02
-7.03862783e-02
-7.17293894e-02
-7.18550219e-02
-7.07338256e-02
-6.83163881e-02
-6.45404705e-02
-5.93366236e-02
-5.26322229e-02
-4.43543862e-02
-3.44317722e-02
-2.27957009e-02
-9.38048419e-03
5.87666999e-03
2.30364206e-02
4.21584695e-02
6.33035349e-02
8.65360394e-02
1.11928102e-01
1.39565069e-01
1.69553550e-01
2.02032831e-01
2.37191418e-01
2.75290864e-01
3.16700318e-01
3.61946679e-01
4.11787714e-01
4.67319593e-01
5.30137092e-01
6.02577773e-01
6.88105850e-01
7.91941628e-01
9.22143446e-01
1.09155202e+00
1.32135955e+00
1.64736533e+00
2.12813181e+00
2.43389735e+00
1.60320066e+00
1.38826527e+00
1.18846100e+00
1.06792941e+00
9.72529434e-01
8.83529541e-01
7.94583249e-01
7.04298453e-01
6.13471792e-01
5.23852520e-01
4.37472815e-01
3.56238268e-01
2.81677076e-01
2.14811683e-01
1.56128823e-01
1.05625065e-01
6.29008049e-02
2.72775790e-02
-2.08360234e-03
-2.60779429e-02
-4.55753994e-02
-6.13645726e-02
-7.41202179e-02
-8.43903375e-02
-9.25974194e-02
-9.90492308e-02
-1.03954412e-01
-1.07440307e-01
-1.09570091e-01
-1.10358732e-01
-1.09786198e-01
-1.07808738e-01
-1.04367254e-01
-9.93942028e-02
-9.28180968e-02
-8.45672710e-02
-7.45718326e-02
-6.27654547e-02
-4.90857843e-02
-3.34750238e-02
-1.58793552e-02
3.75139621e-03
2.54652201e-02
4.93093703e-02
7.53331715e-02
1.03591504e-01
1.34150433e-01
1.67095106e-01
2.02541804e-01
2.40655717e-01
2.81677541e-01
3.25963152e-01
3.74042558e-01
4.26708241e-01
4.85147951e-01
5.51149406e-01
6.27425857e-01
7.18166246e-01
8.30043735e-01
9.74281058e-01
1.17145623e+00
1.46429844e+00
1.95635164e+00
2.41168750e+00
9.65578034e-01
9.81597900e-01
9.81030771e-01
9.58314866e-01
9.17253074e-01
8.60822704e-01
7.91895176e-01
7.13536197e-01
6.29029841e-01
5.41737170e-01
4.54874283e-01
3.71280277e-01
2.93229859e-01
2.22324456e-01
1.59472449e-01
1.04948808e-01
5.85110042e-02
1.95430556e-02
-1.27981316e-02
-3.94532835e-02
-6.13589468e-02
-7.93767413e-02
-9.42515340e-02
-1.06593328e-01
-1.16876426e-01
-1.25449750e-01
-1.32553124e-01
-1.38335716e-01
-1.42874009e-01
-1.46187845e-01
-1.48253768e-01
-1.49015574e-01
-1.48392196e-01
-1.46283348e-01
-1.42573359e-01
-1.37133690e-01
-1.29824603e-01
-1.20496412e-01
-1.08990719e-01
-9.51419793e-02
-7.87797317e-02
-5.97316989e-02
-3.78279661e-02
-1.29062253e-02
1.51820059e-02
4.65646243e-02
8.13422995e-02
1.19583136e-01
1.61320246e-01
2.06554567e-01
2.55265890e-01
3.07435955e-01
3.63088259e-01
4.22350202e-01
4.85544110e-01
5.53314779e-01
6.26802478e-01
7.07872225e-01
7.99413509e-01
9.05731648e-01
1.03306750e+00
1.19030666e+00
1.38985961e+00
1.51506593e+00
3.36618964e-01
5.65075338e-01
7.42340185e-01
8.01902619e-01
8.04034816e-01
7.73047737e-01
7.20846361e-01
6.54649336e-01
5.79731139e-01
5.00405394e-01
4.20324990e-01
3.42514262e-01
2.69322176e-01
2.02386808e-01
1.42651066e-01
9.04352513e-02
4.55541835e-02
7.45665676e-03
-2.46341481e-02
-5.15965842e-02
-7.43124308e-02
-9.35980238e-02
-1.10162736e-01
-1.24589775e-01
-1.37333537e-01
-1.48727296e-01
-1.58996818e-01
-1.68275634e-01
-1.76620230e-01
-1.84022898e-01
-1.90422543e-01
-1.95712309e-01
-1.99745396e-01
-2.02338312e-01
-2.03273390e-01
-2.02299846e-01
-1.99135370e-01
-1.93467483e-01
-1.84956687e-01
-1.73240609e-01
-1.57941114e-01
-1.38673520e-01
-1.15059643e-01
-8.67436103e-02
-5.34115763e-02
-1.48138032e-02
2.92108769e-02
7.87106027e-02
1.33597666e-01
1.93630817e-01
2.58406069e-01
3.27359966e-01
3.99788875e-01
4.74885307e-01
5.51788317e-01
6.29632844e-01
7.07560917e-01
7.84601063e-01
8.59188233e-01
9.27720968e-01
9.80431418e-01
9.89137582e-01
8.68243729e-01
6.32376479e-01
3.00856234e-01
4.39338992e-01
6.13899683e-01
6.91698067e-01
7.09928561e-01
6.90731290e-01
6.47369179e-01
5.88421635e-01
5.19995888e-01
4.46783490e-01
3.72517549e-01
3.00141837e-01
2.31863624e-01
1.69182960e-01
1.12943197e-01
6.34160586e-02
2.04158148e-02
-1.65722599e-02
-4.82654178e-02
-7.54722263e-02
-9.90044690e-02
-1.19614690e-01
-1.37957723e-01
-1.54571964e-01
-1.69875185e-01
-1.84169715e-01
-1.97652752e-01
-2.10428432e-01
-2.22519606e-01
-2.33877930e-01
-2.44391863e-01
-2.53892364e-01
-2.62156743e-01
-2.68910936e-01
-2.73831002e-01
-2.76544251e-01
-2.76630911e-01
-2.73626781e-01
-2.67027848e-01
-2.56297328e-01
-2.40876124e-01
-2.20197161e-01
-1.93704454e-01
-1.60877190e-01
-1.21259232e-01
-7.44937064e-02
-2.03620903e-02
4.11738439e-02
1.09929561e-01
1.85458283e-01
2.67018792e-01
3.53555145e-01
4.43692014e-01
5.35745771e-01
6.27743485e-01
7.17425135e-01
8.02171953e-01
8.78738916e-01
9.42540119e-01
9.85974349e-01
9.94792108e-01
9.40893570e-01
7.71150061e-01
6.28000283e-01
3.81280954e-01
4.61807234e-01
5.83177375e-01
6.42414227e-01
6.55298799e-01
6.35604750e-01
5.93677541e-01
5.37139673e-01
4.71747705e-01
4.01977407e-01
3.31347082e-01
2.62573540e-01
1.97647335e-01
1.37886949e-01
8.40047474e-02
3.61959613e-02
-5.75265674e-03
-4.23454553e-02
-7.42644353e-02
-1.02270144e-01
-1.27123161e-01
-1.49528105e-01
-1.70098602e-01
-1.89339543e-01
-2.07642046e-01
-2.25286646e-01
-2.42450920e-01
-2.59218672e-01
-2.75588767e-01
-2.91482506e-01
-3.06749098e-01
-3.21169188e-01
-3.34456766e-01
-3.46259883e-01
-3.56160782e-01
-3.63676061e-01
-3.68257574e-01
-3.69294799e-01
-3.66119507e-01
-3.58013574e-01
-3.44220939e-01
-3.23964692e-01
-2.96470388e-01
-2.60996565e-01
-2.16873338e-01
-1.63549534e-01
-1.00648220e-01
-2.80295117e-02
5.41417631e-02
1.45327616e-01
2.44553351e-01
3.50355883e-01
4.60750716e-01
5.73221455e-01
6.84727829e-01
7.91712267e-01
8.90057057e-01
9.74899217e-01
1.04014737e+00
1.07748492e+00
1.07470420e+00
1.01385176e+00
8.72295274e-01
7.77605045e-01
5.18021525e-01
5.55757588e-01
6.16313659e-01
6.41428618e-01
6.35650834e-01
6.05855685e-01
5.58691036e-01
4.99850579e-01
4.34026038e-01
3.65025812e-01
2.95886137e-01
2.28943037e-01
1.65881011e-01
1.07781614e-01
5.51874689e-02
8.18616494e-03
-3.34905019e-02
-7.03614872e-02
-1.03096135e-01
-1.32426985e-01
-1.59080787e-01
-1.83729149e-01
-2.06957386e-01
-2.29248287e-01
-2.50976844e-01
-2.72411989e-01
-2.93722061e-01
-3.14981465e-01
-3.36176885e-01
-3.57212076e-01
-3.77910866e-01
-3.98018375e-01
-4.17200730e-01
-4.35043708e-01
-4.51050860e-01
-4.64641712e-01
-4.75150740e-01
-4.81827883e-01
-4.83841504e-01
-4.80284822e-01
-4.70187092e-01
-4.52530938e-01
-4.26277528e-01
-3.90401322e-01
-3.43936216e-01
-2.86034564e-01
-2.16040016e-01
-1.33573890e-01
-3.86330514e-02
6.83052414e-02
1.86179016e-01
3.13248291e-01
4.47025362e-01
5.84240671e-01
7.20851171e-01
8.52085939e-01
9.72503604e-01
1.07601026e+00
1.15576898e+00
1.20396468e+00
1.21157898e+00
1.16890665e+00
1.06879722e+00
1.00404999e+00
6.80261058e-01
6.84355175e-01
6.88481975e-01
6.74989065e-01
6.43806697e-01
5.97624192e-01
5.40099568e-01
4.74950041e-01
4.05561798e-01
3.34842919e-01
2.65172578e-01
1.98386859e-01
1.35785477e-01
7.81598197e-02
2.58441650e-02
-2.12121187e-02
-6.33582078e-02
-1.01150602e-01
-1.35266337e-01
-1.66427853e-01
-1.95343679e-01
-2.22666023e-01
-2.48963927e-01
-2.74709088e-01
-3.00270896e-01
-3.25917259e-01
-3.51818366e-01
-3.78051195e-01
-4.04603359e-01
-4.31375455e-01
-4.58181613e-01
-4.84748260e-01
-5.10711354e-01
-5.35612472e-01
-5.58894232e-01
-5.79895607e-01
-5.97847767e-01
-6.11871247e-01
-6.20975359e-01
-6.24061102e-01
-6.19929057e-01
-6.07294220e-01
-5.84810061e-01
-5.51104563e-01
-5.04831183e-01
-4.44737748e-01
-3.69755752e-01
-2.79111350e-01
-1.72457131e-01
-5.00203229e-02
8.72415262e-02
2.37491901e-01
3.97893570e-01
5.64537234e-01
7.32443277e-01
8.95651854e-01
1.04740114e+00
1.18037451e+00
1.28698856e+00
1.35972913e+00
1.39167637e+00
1.37765020e+00
1.31676378e+00
1.27263396e+00
8.53763475e-01
8.30208595e-01
7.84228647e-01
7.32243455e-01
6.72835791e-01
6.06568539e-01
5.35087972e-01
4.60480867e-01
3.84879916e-01
3.10236869e-01
2.38194516e-01
1.70017664e-01
1.06565134e-01
4.82954443e-02
-4.69862377e-03
-5.26328859e-02
-9.59603989e-02
-1.35295194e-01
-1.71339572e-01
-2.04821290e-01
-2.36444160e-01
-2.66852909e-01
-2.96611060e-01
-3.26189310e-01
-3.55961390e-01
-3.86204465e-01
-4.17101619e-01
-4.48744571e-01
-4.81135398e-01
-5.14186590e-01
-5.47719176e-01
-5.81458933e-01
-6.15030905e-01
-6.47952535e-01
-6.79625814e-01
-7.09328913e-01
-7.36207876e-01
-7.59269089e-01
-7.77373518e-01
-7.89234007e-01
-7.93417421e-01
-7.88353972e-01
-7.72356736e-01
-7.43655085e-01
-7.00446398e-01
-6.40970840e-01
-5.63613877e-01
-4.67040224e-01
-3.50360596e-01
-2.13328465e-01
-5.65576763e-02
1.18256681e-01
3.08141637e-01
5.08710652e-01
7.14131181e-01
9.17235530e-01
1.10980216e+00
1.28301197e+00
1.42806162e+00
1.53691548e+00
1.60322612e+00
1.62355192e+00
1.59903719e+00
1.57117900e+00
1.03229361e+00
9.85094991e-01
8.94460828e-01
8.05568371e-01
7.17082699e-01
6.28692803e-01
5.40836946e-01
4.54392042e-01
3.70414632e-01
2.89948727e-01
2.13891864e-01
1.42908779e-01
7.73854783e-02
1.74185714e-02
-3.71656713e-02
-8.67696926e-02
-1.31969045e-01
-1.73451602e-01
-2.11959265e-01
-2.48237693e-01
-2.82997050e-01
-3.16884452e-01
-3.50466963e-01
-3.84222970e-01
-4.18539328e-01
-4.53711790e-01
-4.89946614e-01
-5.27361815e-01
-5.65987035e-01
-6.05761477e-01
-6.46529682e-01
-6.88035182e-01
-7.29912174e-01
-7.71675462e-01
-8.12708959e-01
-8.52253110e-01
-8.89391679e-01
-9.23038560e-01
-9.51925476e-01
-9.74591943e-01
-9.89379332e-01
-9.94431717e-01
-9.87707047e-01
-9.67003301e-01
-9.30005402e-01
-8.74359706e-01
-7.97783443e-01
-6.98216197e-01
-5.74018573e-01
-4.24218876e-01
-2.48800945e-01
-4.90148204e-02
1.72323137e-01
4.10590872e-01
6.59246604e-01
9.09910771e-01
1.15270493e+00
1.37687942e+00
1.57171596e+00
1.72764551e+00
1.83749598e+00
1.89778536e+00
1.90994451e+00
1.89732768e+00
1.21335564e+00
1.14518291e+00
1.01395237e+00
8.89873991e-01
7.72268626e-01
6.60641077e-01
5.54775450e-01
4.54699324e-01
3.60592735e-01
2.72684590e-01
1.91158646e-01
1.16080537e-01
4.73515238e-02
-1.53097124e-02
-7.23596697e-02
-1.24402559e-01
-1.72150089e-01
-2.16376152e-01
-2.57873018e-01
-2.97413724e-01
-3.35723168e-01
-3.73458378e-01
-4.11196968e-01
-4.49431882e-01
-4.88570240e-01
-5.28934183e-01
-5.70761990e-01
-6.14208193e-01
-6.59341870e-01
-7.06142674e-01
-7.54494434e-01
-8.04176329e-01
-8.54851767e-01
-9.06055097e-01
-9.57176369e-01
-1.00744432e+00
-1.05590795e+00
-1.10141709e+00
-1.14260277e+00
-1.17785859e+00
-1.20532481e+00
-1.22287806e+00
-1.22813031e+00
-1.21844263e+00
-1.19096056e+00
-1.14267995e+00
-1.07055374e+00
-9.71650972e-01
-8.43378582e-01
-6.83773096e-01
-4.91861264e-01
-2.68074855e-01
-1.46843417e-02
2.63809782e-01
5.60416469e-01
8.65632234e-01
1.16776557e+00
1.45368289e+00
1.70998210e+00
1.92450464e+00
2.08800305e+00
2.19571790e+00
2.24858363e+00
2.25262332e+00
1.39625244e+00
1.30884051e+00
1.13976552e+00
9.81843118e-01
8.35263676e-01
6.99708718e-01
5.74657088e-01
4.59552900e-01
3.53872541e-01
2.57127762e-01
1.68835950e-01
8.84811473e-02
1.54816397e-02
-5.08273034e-02
-1.11193201e-01
-1.66430883e-01
-2.17396741e-01
-2.64958520e-01
-3.09965881e-01
-3.53225465e-01
-3.95482419e-01
-4.37408675e-01
-4.79597111e-01
-5.22559972e-01
-5.66729750e-01
-6.12460801e-01
-6.60030313e-01
-7.09637613e-01
-7.61401178e-01
-8.15353033e-01
-8.71430405e-01
-9.29464661e-01
-9.89167572e-01
-1.05011501e+00
-1.11172813e+00
-1.17325211e+00
-1.23373255e+00
-1.29198989e+00
-1.34659218e+00
-1.39582728e+00
-1.43767587e+00
-1.46978785e+00
-1.48946595e+00
-1.49366178e+00
-1.47899244e+00
-1.44178770e+00
-1.37818152e+00
-1.28426359e+00
-1.15630862e+00
-9.91099497e-01
-7.86353587e-01
-5.41247367e-01
-2.57009108e-01
6.24867081e-02
4.10233366e-01
7.75865497e-01
1.14586329e+00
1.50433419e+00
1.83443185e+00
2.12032512e+00
2.34945604e+00
2.51468793e+00
2.61589524e+00
2.63998713e+00
1.58122300e+00
1.47561829e+00
1.27033109e+00
1.07934404e+00
9.03797443e-01
7.43734407e-01
5.98535009e-01
4.67236947e-01
3.48741792e-01
2.41926663e-01
1.45689562e-01
5.89563289e-02
-1.93282906e-02
-9.02104590e-02
-1.54730299e-01
-2.13916341e-01
-2.68773196e-01
-3.20265977e-01
-3.69305007e-01
-4.16733483e-01
-4.63319431e-01
-5.09752094e-01
-5.56641937e-01
-6.04522973e-01
-6.53855937e-01
-7.05030972e-01
-7.58368756e-01
-8.14119312e-01
-8.72458059e-01
-9.33478890e-01
-9.97184207e-01
-1.06347194e+00
-1.13211960e+00
-1.20276531e+00
-1.27488591e+00
-1.34777193e+00
-1.42049944e+00
-1.49189878e+00
-1.56052024e+00
-1.62459733e+00
-1.68200847e+00
-1.73023913e+00
-1.76634751e+00
-1.78693881e+00
-1.78815590e+00
-1.76569737e+00
-1.71487889e+00
-1.63075817e+00
-1.50834891e+00
-1.34295111e+00
-1.13062276e+00
-8.68805055e-01
-5.57086586e-01
-1.98046175e-01
2.01949509e-01
6.32189120e-01
1.07755235e+00
1.51919341e+00
1.93613901e+00
2.30776821e+00
2.61686598e+00
2.85268579e+00
3.01334246e+00
3.06265318e+00
1.76906808e+00
1.64577153e+00
1.40492619e+00
1.18102369e+00
9.76200014e-01
7.90955508e-01
6.24684718e-01
4.76123474e-01
3.43680921e-01
2.25657260e-01
1.20367931e-01
2.62023864e-02
-5.83559354e-02
-1.34727968e-01
-2.04242834e-01
-2.68140782e-01
-3.27573553e-01
-3.83603032e-01
-4.37199896e-01
-4.89243721e-01
-5.40525307e-01
-5.91751137e-01
-6.43549297e-01
-6.96475810e-01
-7.51020287e-01
-8.07609912e-01
-8.66610985e-01
-9.28327543e-01
-9.92996770e-01
-1.06078110e+00
-1.13175701e+00
-1.20590058e+00
-1.28306977e+00
-1.36298344e+00
-1.44519698e+00
-1.52907440e+00
-1.61375652e+00
-1.69812509e+00
-1.78076255e+00
-1.85990744e+00
-1.93340560e+00
-1.99865832e+00
-2.05256931e+00
-2.09149445e+00
-2.11120095e+00
-2.10684667e+00
-2.07299606e+00
-2.00369666e+00
-1.89264858e+00
-1.73350716e+00
-1.52036316e+00
-1.24843857e+00
-9.15012143e-01
-5.20537609e-01
-6.98342121e-02
4.26881642e-01
9.53466734e-01
1.48822847e+00
2.00555511e+00
2.47890702e+00
2.88487334e+00
3.20755469e+00
3.44226722e+00
3.52369706e+00
1.96100354e+00
1.82004184e+00
1.54337905e+00
1.28603342e+00
1.05118998e+00
8.39858513e-01
6.51499441e-01
4.84593323e-01
3.37095272e-01
2.06757859e-01
9.13353193e-02
-1.13038073e-02
-1.03125786e-01
-1.85917186e-01
-2.61288618e-01
-3.30685765e-01
-3.95402254e-01
-4.56592417e-01
-5.15283721e-01
-5.72389176e-01
-6.28719849e-01
-6.84997274e-01
-7.41865210e-01
-7.99899993e-01
-8.59618744e-01
-9.21484798e-01
-9.85909890e-01
-1.05325284e+00
-1.12381464e+00
-1.19782995e+00
-1.27545508e+00
-1.35675253e+00
-1.44167213e+00
-1.53002871e+00
-1.62147610e+00
-1.71547736e+00
-1.81127049e+00
-1.90782949e+00
-2.00381985e+00
-2.09754794e+00
-2.18690374e+00
-2.26929665e+00
-2.34158490e+00
-2.40000037e+00
-2.44007347e+00
-2.45656655e+00
-2.44343129e+00
-2.39381483e+00
-2.30015220e+00
-2.15439718e+00
-1.94845750e+00
-1.67490555e+00
-1.32802247e+00
-9.05184813e-01
-4.08505627e-01
1.53511793e-01
7.64737211e-01
1.40118439e+00
2.03240405e+00
2.62487719e+00
3.14724237e+00
3.57646937e+00
3.90353501e+00
4.02580282e+00
2.15863131e+00
1.99957202e+00
1.68590147e+00
1.39383872e+00
1.12769797e+00
8.89029052e-01
6.77364442e-01
4.90926853e-01
3.27214067e-01
1.83430432e-01
5.67720062e-02
-5.54072261e-02
-1.55514463e-01
-2.45691779e-01
-3.27820853e-01
-4.03542909e-01
-4.74284632e-01
-5.41285268e-01
-6.05622833e-01
-6.68238621e-01
-7.29959658e-01
-7.91518808e-01
-8.53572157e-01
-9.16713264e-01
-9.81483898e-01
-1.04838097e+00
-1.11785953e+00
-1.19033170e+00
-1.26616176e+00
-1.34565740e+00
-1.42905728e+00
-1.51651512e+00
-1.60808028e+00
-1.70367478e+00
-1.80306670e+00
-1.90583946e+00
-2.01135668e+00
-2.11872168e+00
-2.22673081e+00
-2.33381938e+00
-2.43799871e+00
-2.53678281e+00
-2.62710325e+00
-2.70521170e+00
-2.76657111e+00
-2.80574075e+00
-2.81626621e+00
-2.79059706e+00
-2.72007043e+00
-2.59502111e+00
-2.40510391e+00
-2.13993687e+00
-1.79018017e+00
-1.34913342e+00
-8.14835834e-01
-1.92463907e-01
5.03456977e-01
1.24781780e+00
2.00564583e+00
2.73560787e+00
3.39646569e+00
3.95555559e+00
4.39730490e+00
4.57112909e+00
2.36398086e+00
2.18589772e+00
1.83299127e+00
1.50407348e+00
1.20470452e+00
9.36991001e-01
7.00503381e-01
4.93156770e-01
3.11946435e-01
1.53496621e-01
1.44282093e-02
-1.08423689e-01
-2.17902404e-01
-3.16495282e-01
-4.06342414e-01
-4.89267710e-01
-5.66819181e-01
-6.40311018e-01
-7.10863671e-01
-7.79440250e-01
-8.46878531e-01
-9.13918350e-01
-9.81224250e-01
-1.04940337e+00
-1.11901856e+00
-1.19059678e+00
-1.26463296e+00
-1.34158941e+00
-1.42189110e+00
-1.50591699e+00
-1.59398766e+00
-1.68634936e+00
-1.78315469e+00
-1.88443970e+00
-1.99009748e+00
-2.09984778e+00
-2.21320216e+00
-2.32942384e+00
-2.44748104e+00
-2.56599224e+00
-2.68316107e+00
-2.79669806e+00
-2.90372607e+00
-3.00066572e+00
-3.08309803e+00
-3.14560389e+00
-3.18158512e+00
-3.18308305e+00
-3.14062804e+00
-3.04318164e+00
-2.87827104e+00
-2.63245909e+00
-2.29233034e+00
-1.84617503e+00
-1.28647801e+00
-6.13115485e-01
1.63204952e-01
1.01822133e+00
1.91352814e+00
2.79962415e+00
3.62343066e+00
4.33957287e+00
4.92285468e+00
5.16121992e+00
2.57960585e+00
2.38098974e+00
1.98536850e+00
1.61640502e+00
1.28106537e+00
9.82013430e-01
7.18777994e-01
4.88864567e-01
2.88674985e-01
1.14187786e-01
-3.85897532e-02
-1.73357063e-01
-2.93393198e-01
-4.01520768e-01
-5.00123915e-01
-5.91194121e-01
-6.76387023e-01
-7.57080431e-01
-8.34428472e-01
-9.09409545e-01
-9.82867355e-01
-1.05554497e+00
-1.12811222e+00
-1.20118676e+00
-1.27534933e+00
-1.35115346e+00
-1.42913018e+00
-1.50978798e+00
-1.59360856e+00
-1.68103850e+00
-1.77247732e+00
-1.86826201e+00
-1.96864826e+00
-2.07378843e+00
-2.18370604e+00
-2.29826676e+00
-2.41714508e+00
-2.53978610e+00
-2.66536105e+00
-2.79271457e+00
-2.92030122e+00
-3.04610721e+00
-3.16755258e+00
-3.28136735e+00
-3.38343447e+00
-3.46859287e+00
-3.53039659e+00
-3.56083482e+00
-3.55003454e+00
-3.48599861e+00
-3.35448040e+00
-3.13916262e+00
-2.82238341e+00
-2.38670887e+00
-1.81763293e+00
-1.10750881e+00
-2.60390973e-01
7.03238272e-01
1.74372557e+00
2.80390074e+00
3.81710352e+00
4.72160688e+00
5.47842711e+00
5.79694317e+00
2.80873260e+00
2.58733554e+00
2.14391718e+00
1.73037532e+00
1.35528926e+00
1.02185164e+00
7.29408233e-01
4.74887658e-01
2.53953530e-01
6.18352890e-02
-1.06134626e-01
-2.54217369e-01
-3.86131546e-01
-5.05025392e-01
-6.13511592e-01
-7.13732892e-01
-8.07438298e-01
-8.96058253e-01
-9.80772942e-01
-1.06257131e+00
-1.14230032e+00
-1.22070488e+00
-1.29845917e+00
-1.37619042e+00
-1.45449578e+00
-1.53395312e+00
-1.61512656e+00
-1.69856698e+00
-1.78480837e+00
-1.87436015e+00
-1.96769597e+00
-2.06523910e+00
-2.16734481e+00
-2.27427964e+00
-2.38619760e+00
-2.50311321e+00
-2.62487082e+00
-2.75110965e+00
-2.88122317e+00
-3.01431102e+00
-3.14912046e+00
-3.28397305e+00
-3.41667032e+00
-3.54436977e+00
-3.66342020e+00
-3.76914285e+00
-3.85554450e+00
-3.91495283e+00
-3.93757696e+00
-3.91102541e+00
-3.81986683e+00
-3.64540424e+00
-3.36595104e+00
-2.95802433e+00
-2.39895037e+00
-1.67129096e+00
-7.69089236e-01
2.94950357e-01
1.48355307e+00
2.73373750e+00
3.96418044e+00
5.09271998e+00
6.06107382e+00
6.47845003e+00
3.05546800e+00
2.80805277e+00
2.30960106e+00
1.84517339e+00
1.42521710e+00
1.05336912e+00
7.28558890e-01
4.46882891e-01
2.03054674e-01
-8.59235960e-03
-1.93486181e-01
-3.56488160e-01
-5.01764231e-01
-6.32779330e-01
-7.52359238e-01
-8.62782380e-01
-9.65878737e-01
-1.06312337e+00
-1.15571874e+00
-1.24466397e+00
-1.33081121e+00
-1.41491031e+00
-1.49764321e+00
-1.57964957e+00
-1.66154478e+00
-1.74393160e+00
-1.82740618e+00
-1.91255932e+00
-1.99997345e+00
-2.09021579e+00
-2.18382822e+00
-2.28131396e+00
-2.38312144e+00
-2.48962536e+00
-2.60110519e+00
-2.71772083e+00
-2.83948538e+00
-2.96623432e+00
-3.09759011e+00
-3.23292065e+00
-3.37128845e+00
-3.51138650e+00
-3.65145371e+00
-3.78916027e+00
-3.92144856e+00
-4.04431075e+00
-4.15247930e+00
-4.23900446e+00
-4.29469790e+00
-4.30744252e+00
-4.26141774e+00
-4.13638391e+00
-3.90732261e+00
-3.54493695e+00
-3.01772923e+00
-2.29646039e+00
-1.36151989e+00
-2.12788219e-01
1.12023516e+00
2.57261837e+00
4.04863889e+00
5.44149043e+00
6.66646710e+00
7.20515402e+00
3.32507591e+00
3.04702664e+00
2.48330574e+00
1.95926844e+00
1.48752118e+00
1.07195409e+00
7.10704394e-01
3.98658042e-01
1.29280712e-01
-1.04188305e-01
-3.08049011e-01
-4.87812753e-01
-6.48104890e-01
-7.92700479e-01
-9.24625879e-01
-1.04628406e+00
-1.15957962e+00
-1.26603138e+00
-1.36686817e+00
-1.46310690e+00
-1.55561464e+00
-1.64515661e+00
-1.73243254e+00
-1.81810322e+00
-1.90280918e+00
-1.98718269e+00
-2.07185426e+00
-2.15745448e+00
-2.24461181e+00
-2.33394690e+00
-2.42606367e+00
-2.52153768e+00
-2.62090184e+00
-2.72462973e+00
-2.83311671e+00
-2.94665879e+00
-3.06542918e+00
-3.18945227e+00
-3.31857434e+00
-3.45242949e+00
-3.59039867e+00
-3.73155763e+00
-3.87460732e+00
-4.01777668e+00
-4.15868199e+00
-4.29412031e+00
-4.41976509e+00
-4.52972296e+00
-4.61590505e+00
-4.66717247e+00
-4.66824973e+00
-4.59848705e+00
-4.43072259e+00
-4.13077447e+00
-3.65846063e+00
-2.97138762e+00
-2.03277493e+00
-8.23797760e-01
6.41215848e-01
2.30201080e+00
4.05109547e+00
5.75333187e+00
7.28862747e+00
7.97571633e+00
3.62433394e+00
3.30904980e+00
2.66552269e+00
2.06978340e+00
1.53688657e+00
1.07058573e+00
6.67625629e-01
3.21128072e-01
2.29014950e-02
-2.35167601e-01
-4.60391606e-01
-6.58994417e-01
-8.36080247e-01
-9.95734987e-01
-1.14118238e+00
-1.27495034e+00
-1.39902474e+00
-1.51498111e+00
-1.62409225e+00
-1.72741338e+00
-1.82584799e+00
-1.92019761e+00
-2.01119892e+00
-2.09955043e+00
-2.18593122e+00
-2.27101306e+00
-2.35546730e+00
-2.43996735e+00
-2.52518752e+00
-2.61179858e+00
-2.70046053e+00
-2.79181290e+00
-2.88646270e+00
-2.98497036e+00
-3.08783373e+00
-3.19547050e+00
-3.30819886e+00
-3.42621651e+00
-3.54957768e+00
-3.67816721e+00
-3.81167008e+00
-3.94953322e+00
-4.09091406e+00
-4.23460649e+00
-4.37892913e+00
-4.52155186e+00
-4.65922444e+00
-4.78735471e+00
-4.89936637e+00
-4.98575341e+00
-5.03275642e+00
-5.02064440e+00
-4.92174334e+00
-4.69866846e+00
-4.30373049e+00
-3.68114108e+00
-2.77415622e+00
-1.53901992e+00
3.45112119e-02
1.90106711e+00
3.94784033e+00
6.00941410e+00
7.91946418e+00
8.78800024e+00
3.96196719e+00
3.59991028e+00
2.85571265e+00
2.17139067e+00
1.56463318e+00
1.03830227e+00
5.86794920e-01
2.00665028e-01
-1.30491149e-01
-4.16472265e-01
-6.65778626e-01
-8.85429159e-01
-1.08104349e+00
-1.25703840e+00
-1.41685404e+00
-1.56316774e+00
-1.69807764e+00
-1.82325204e+00
-1.94004660e+00
-2.04959412e+00
-2.15287213e+00
-2.25075307e+00
-2.34404095e+00
-2.43349771e+00
-2.51986173e+00
-2.60385996e+00
-2.68621542e+00
-2.76765049e+00
-2.84888710e+00
-2.93064396e+00
-3.01363134e+00
-3.09854367e+00
-3.18605011e+00
-3.27678342e+00
-3.37132726e+00
-3.47020225e+00
-3.57385093e+00
-3.68262189e+00
-3.79675294e+00
-3.91635324e+00
-4.04138329e+00
-4.17163078e+00
-4.30667834e+00
-4.44585566e+00
-4.58816296e+00
-4.73214338e+00
-4.87566796e+00
-5.01557533e+00
-5.14707991e+00
-5.26282904e+00
-5.35146315e+00
-5.39554321e+00
-5.36881433e+00
-5.23306891e+00
-4.93547062e+00
-4.40816195e+00
-3.57313095e+00
-2.35597036e+00
-7.10859901e-01
1.34621322e+00
3.70937403e+00
6.18488646e+00
8.54792530e+00
9.63888936e+00
4.34911566e+00
3.92628904e+00
3.05102456e+00
2.25432147e+00
1.55634302e+00
9.57639237e-01
4.48741871e-01
1.64751654e-02
-3.52524789e-01
-6.70170771e-01
-9.46380354e-01
-1.18909133e+00
-1.40451691e+00
-1.59746920e+00
-1.77166942e+00
-1.93001281e+00
-2.07478115e+00
-2.20780698e+00
-2.33059753e+00
-2.44442689e+00
-2.55040385e+00
-2.64952142e+00
-2.74269300e+00
-2.83077829e+00
-2.91460183e+00
-2.99496583e+00
-3.07265850e+00
-3.14845895e+00
-3.22313915e+00
-3.29746336e+00
-3.37218542e+00
-3.44804409e+00
-3.52575672e+00
-3.60601129e+00
-3.68945738e+00
-3.77669601e+00
-3.86826901e+00
-3.96464810e+00
-4.06622400e+00
-4.17329601e+00
-4.28606162e+00
-4.40460554e+00
-4.52888575e+00
-4.65871162e+00
-4.79370435e+00
-4.93322162e+00
-5.07621389e+00
-5.22095673e+00
-5.36456743e+00
-5.50216331e+00
-5.62545712e+00
-5.72053249e+00
-5.76455570e+00
-5.72137541e+00
-5.53652850e+00
-5.13333093e+00
-4.41355582e+00
-3.26819597e+00
-1.60428139e+00
6.10668980e-01
3.29822920e+00
6.24590219e+00
9.15834555e+00
1.05237120e+01
4.79965651e+00
4.29512288e+00
3.24370097e+00
2.30069949e+00
1.48769138e+00
8.00282375e-01
2.22728937e-01
-2.63554599e-01
-6.75910671e-01
-1.02894399e+00
-1.33432323e+00
-1.60112312e+00
-1.83632130e+00
-2.04527918e+00
-2.23214575e+00
-2.40017406e+00
-2.55196007e+00
-2.68961911e+00
-2.81491478e+00
-2.92935268e+00
-3.03424868e+00
-3.13077869e+00
-3.22001515e+00
-3.30295394e+00
-3.38053427e+00
-3.45365319e+00
-3.52317615e+00
-3.58994431e+00
-3.65477918e+00
-3.71848497e+00
-3.78184906e+00
-3.84564061e+00
-3.91060765e+00
-3.97747286e+00
-4.04692828e+00
-4.11962926e+00
-4.19618815e+00
-4.27716821e+00
-4.36307829e+00
-4.45436898e+00
-4.55143075e+00
-4.65459437e+00
-4.76413289e+00
-4.88026311e+00
-5.00314059e+00
-5.13283579e+00
-5.26926660e+00
-5.41204012e+00
-5.56011890e+00
-5.71116521e+00
-5.86032635e+00
-5.99810802e+00
-6.10687971e+00
-6.15557478e+00
-6.09252477e+00
-5.83749252e+00
-5.27627453e+00
-4.26475595e+00
-2.65263463e+00
-3.35937134e-01
2.66584340e+00
6.14460411e+00
9.72714547e+00
1.14346353e+01
5.32983094e+00
4.71156593e+00
3.41574083e+00
2.27763242e+00
1.31698704e+00
5.19622345e-01
-1.40325259e-01
-6.89314458e-01
-1.15011152e+00
-1.54086865e+00
-1.87556510e+00
-2.16483350e+00
-2.41676887e+00
-2.63759192e+00
-2.83215291e+00
-3.00430036e+00
-3.15714648e+00
-3.29325720e+00
-3.41478871e+00
-3.52358627e+00
-3.62125647e+00
-3.70922091e+00
-3.78875657e+00
-3.86102661e+00
-3.92710419e+00
-3.98799093e+00
-4.04463141e+00
-4.09792431e+00
-4.14873093e+00
-4.19788144e+00
-4.24617906e+00
-4.29440261e+00
-4.34330750e+00
-4.39362540e+00
-4.44606302e+00
-4.50130025e+00
-4.55998813e+00
-4.62274742e+00
-4.69016832e+00
-4.76281245e+00
-4.84121812e+00
-4.92590996e+00
-5.01741379e+00
-5.11627699e+00
-5.22309237e+00
-5.33851944e+00
-5.46328758e+00
-5.59814796e+00
-5.74370637e+00
-5.90000767e+00
-6.06563728e+00
-6.23594204e+00
-6.39975451e+00
-6.53379994e+00
-6.59399051e+00
-6.50356092e+00
-6.14029814e+00
-5.32983668e+00
-3.85889053e+00
-1.52748465e+00
1.74832899e+00
5.81068909e+00
1.02160998e+01
1.23564804e+01
5.95556027e+00
5.17331732e+00
3.52765459e+00
2.12387733e+00
9.71630477e-01
3.80125561e-02
-7.19191658e-01
-1.33807241e+00
-1.84905084e+00
-2.27525654e+00
-2.63400562e+00
-2.93829184e+00
-3.19798012e+00
-3.42068192e+00
-3.61237510e+00
-3.77783815e+00
-3.92095540e+00
-4.04493374e+00
-4.15245900e+00
-4.24581056e+00
-4.32694708e+00
-4.39757163e+00
-4.45918210e+00
-4.51311086e+00
-4.56055631e+00
-4.60260825e+00
-4.64026849e+00
-4.67446755e+00
-4.70607824e+00
-4.73592659e+00
-4.76480050e+00
-4.79345650e+00
-4.82262488e+00
-4.85301352e+00
-4.88531062e+00
-4.92018706e+00
-4.95829852e+00
-5.00028834e+00
-5.04679187e+00
-5.09844343e+00
-5.15588729e+00
-5.21979442e+00
-5.29088693e+00
-5.36997217e+00
-5.45798810e+00
-5.55605918e+00
-5.66555710e+00
-5.78814843e+00
-5.92578538e+00
-6.08054367e+00
-6.25411056e+00
-6.44654584e+00
-6.65364133e+00
-6.86178699e+00
-7.03883071e+00
-7.11943856e+00
-6.98498433e+00
-6.44285072e+00
-5.22005604e+00
-3.00010265e+00
4.61319679e-01
5.13737470e+00
1.05583596e+01
1.32561631e+01
6.68283232e+00
5.65535361e+00
3.49404872e+00
1.72352012e+00
3.23422423e-01
-7.74579876e-01
-1.63954916e+00
-2.32738058e+00
-2.87995547e+00
-3.32794363e+00
-3.69384657e+00
-3.99438975e+00
-4.24222070e+00
-4.44707439e+00
-4.61656988e+00
-4.75676080e+00
-4.87252207e+00
-4.96782697e+00
-5.04594947e+00
-5.10961481e+00
-5.16111350e+00
-5.20238903e+00
-5.23510627e+00
-5.26070561e+00
-5.28044632e+00
-5.29544149e+00
-5.30668659e+00
-5.31508287e+00
-5.32145665e+00
-5.32657526e+00
-5.33116024e+00
-5.33589823e+00
-5.34145008e+00
-5.34845841e+00
-5.35755429e+00
-5.36936316e+00
-5.38451086e+00
-5.40363034e+00
-5.42736994e+00
-5.45640450e+00
-5.49145082e+00
-5.53328950e+00
-5.58279574e+00
-5.64098237e+00
-5.70905887e+00
-5.78851005e+00
-5.88119683e+00
-5.98947529e+00
-6.11631549e+00
-6.26536520e+00
-6.44082477e+00
-6.64683703e+00
-6.88578363e+00
-7.15433293e+00
-7.43525928e+00
-7.68214501e+00
-7.79399328e+00
-7.57990826e+00
-6.72467656e+00
-4.78862119e+00
-1.30502305e+00
3.95868187e+00
1.06290013e+01
1.40566435e+01
7.47793019e+00
6.06847350e+00
3.12886843e+00
8.53337613e-01
-8.55576425e-01
-2.13404293e+00
-3.09678561e+00
-3.82843042e+00
-4.38904414e+00
-4.82118044e+00
-5.15536811e+00
-5.41388882e+00
-5.61329173e+00
-5.76606863e+00
-5.88178609e+00
-5.96786517e+00
-6.03012889e+00
-6.07319376e+00
-6.10075452e+00
-6.11579440e+00
-6.12074270e+00
-6.11759448e+00
-6.10800261e+00
-6.09334942e+00
-6.07480317e+00
-6.05336299e+00
-6.02989503e+00
-6.00516191e+00
-5.97984674e+00
-5.95457310e+00
-5.92992173e+00
-5.90644451e+00
-5.88467660e+00
-5.86514688e+00
-5.84838745e+00
-5.83494264e+00
-5.82537798e+00
-5.82028999e+00
-5.82031764e+00
-5.82615661e+00
-5.83857797e+00
-5.85845332e+00
-5.88678926e+00
-5.92477497e+00
-5.97384791e+00
-6.03578427e+00
-6.11282170e+00
-6.20782190e+00
-6.32447556e+00
-6.46753488e+00
-6.64301101e+00
-6.85815908e+00
-7.12081426e+00
-7.43710449e+00
-7.80554179e+00
-8.20380025e+00
-8.56237561e+00
-8.71864066e+00
-8.35122648e+00
-6.91947262e+00
-3.68778507e+00
2.01471630e+00
1.01825905e+01
1.45744547e+01
8.17938237e+00
6.14336042e+00
2.01935354e+00
-9.20953343e-01
-2.96593991e+00
-4.38560913e+00
-5.37554127e+00
-6.06807731e+00
-6.55186355e+00
-6.88690193e+00
-7.11449172e+00
-7.26356347e+00
-7.35472246e+00
-7.40286817e+00
-7.41892214e+00
-7.41098839e+00
-7.38514600e+00
-7.34599925e+00
-7.29706530e+00
-7.24105147e+00
-7.18005632e+00
-7.11571762e+00
-7.04932254e+00
-6.98189106e+00
-6.91423970e+00
-6.84703112e+00
-6.78081301e+00
-6.71604922e+00
-6.65314497e+00
-6.59246752e+00
-6.53436356e+00
-6.47917398e+00
-6.42724686e+00
-6.37894904e+00
-6.33467701e+00
-6.29486744e+00
-6.26000798e+00
-6.23064903e+00
-6.20741716e+00
-6.19103147e+00
-6.18232410e+00
-6.18226701e+00
-6.19200781e+00
-6.21291835e+00
-6.24666170e+00
-6.29528504e+00
-6.36134935e+00
-6.44810986e+00
-6.55976455e+00
-6.70178662e+00
-6.88134091e+00
-7.10772838e+00
-7.39264512e+00
-7.74964641e+00
-8.19129057e+00
-8.72049458e+00
-9.30899055e+00
-9.85038338e+00
-1.00717438e+01
-9.40022613e+00
-6.84339887e+00
-1.09537340e+00
8.72204312e+00
1.43775021e+01
8.24090929e+00
5.09394188e+00
-7.63473084e-01
-4.43129143e+00
-6.67343986e+00
-8.02828228e+00
-8.83135516e+00
-9.28713281e+00
-9.52129236e+00
-9.61243924e+00
-9.61067195e+00
-9.54849474e+00
-9.44733890e+00
-9.32153467e+00
-9.18077659e+00
-9.03168172e+00
-8.87879226e+00
-8.72523172e+00
-8.57314174e+00
-8.42397779e+00
-8.27871248e+00
-8.13797775e+00
-8.00216578e+00
-7.87150184e+00
-7.74609780e+00
-7.62599209e+00
-7.51118018e+00
-7.40163838e+00
-7.29734288e+00
-7.19828546e+00
-7.10448679e+00
-7.01600825e+00
-6.93296263e+00
-6.85552432e+00
-6.78393941e+00
-6.71853596e+00
-6.65973504e+00
-6.60806298e+00
-6.56416554e+00
-6.52882482e+00
-6.50298028e+00
-6.48775553e+00
-6.48449345e+00
-6.49480311e+00
-6.52062405e+00
-6.56431550e+00
-6.62878232e+00
-6.71765471e+00
-6.83554669e+00
-6.98842770e+00
-7.18415022e+00
-7.43317285e+00
-7.74946900e+00
-8.15142735e+00
-8.66199694e+00
-9.30584204e+00
-1.00975917e+01
-1.10070675e+01
-1.18722090e+01
-1.22132698e+01
-1.09206622e+01
-5.96091452e+00
5.23200204e+00
1.24923480e+01
5.98810964e+00
6.14498680e-01
-7.26943605e+00
-1.11391188e+01
-1.29130578e+01
-1.36067854e+01
-1.37412276e+01
-1.35869692e+01
-1.32873975e+01
-1.29198033e+01
-1.25262977e+01
-1.21298607e+01
-1.17428771e+01
-1.13717753e+01
-1.10195996e+01
-1.06874619e+01
-1.03753744e+01
-1.00827353e+01
-9.80861477e+00
-9.55192531e+00
-9.31152432e+00
-9.08627564e+00
-8.87508670e+00
-8.67693102e+00
-8.49086174e+00
-8.31602006e+00
-8.15164071e+00
-7.99705595e+00
-7.85169898e+00
-7.71510740e+00
-7.58692699e+00
-7.46691612e+00
-7.35495098e+00
-7.25103163e+00
-7.15528913e+00
-7.06799385e+00
-6.98956505e+00
-6.92058222e+00
-6.86179846e+00
-6.81415667e+00
-6.77880955e+00
-6.75714476e+00
-6.75081770e+00
-6.76179499e+00
-6.79241378e+00
-6.84546441e+00
-6.92430796e+00
-7.03304661e+00
-7.17677449e+00
-7.36195172e+00
-7.59696688e+00
-7.89298370e+00
-8.26520100e+00
-8.73466210e+00
-9.33062643e+00
-1.00929237e+01
-1.10716153e+01
-1.23146997e+01
-1.38157544e+01
-1.53467316e+01
-1.60165854e+01
-1.33664985e+01
-2.33298881e+00
6.91764222e+00
-3.36380158e+00
-1.39777767e+01
-2.14389230e+01
-2.29242748e+01
-2.23699194e+01
-2.11718224e+01
-1.98425681e+01
-1.85669978e+01
-1.74039902e+01
-1.63639974e+01
-1.54398006e+01
-1.46187892e+01
-1.38877398e+01
-1.32345239e+01
-1.26485757e+01
-1.21208812e+01
-1.16438070e+01
-1.12108932e+01
-1.08166605e+01
-1.04564447e+01
-1.01262597e+01
-9.82268788e+00
-9.54279157e+00
-9.28404338e+00
-9.04427070e+00
-8.82161230e+00
-8.61448454e+00
-8.42155556e+00
-8.24172587e+00
-8.07411460e+00
-7.91805002e+00
-7.77306418e+00
-7.63889062e+00
-7.51546505e+00
-7.40292830e+00
-7.30163168e+00
-7.21214418e+00
-7.13526186e+00
-7.07201942e+00
-7.02370436e+00
-6.99187473e+00
-6.97838163e+00
-6.98539861e+00
-7.01546130e+00
-7.07152226e+00
-7.15702871e+00
-7.27603509e+00
-7.43336880e+00
-7.63487857e+00
-7.88781160e+00
-8.20139538e+00
-8.58774713e+00
-9.06331350e+00
-9.65117095e+00
-1.03847115e+01
-1.13134725e+01
-1.25118835e+01
-1.40901487e+01
-1.61974497e+01
-1.89678861e+01
-2.22102968e+01
-2.41912945e+01
-1.80027531e+01
-5.76636081e+00
-9.66778311e+00
-2.33297469e+01
-2.90276782e+01
-2.89586664e+01
-2.71051960e+01
-2.48867573e+01
-2.27805576e+01
-2.09186563e+01
-1.93114855e+01
-1.79314879e+01
-1.67435132e+01
-1.57149547e+01
-1.48183591e+01
-1.40314193e+01
-1.33362070e+01
-1.27183068e+01
-1.21660617e+01
-1.16699693e+01
-1.12222168e+01
-1.08163265e+01
-1.04468878e+01
-1.01093527e+01
-9.79988015e+00
-9.51521639e+00
-9.25260361e+00
-9.00970905e+00
-8.78457120e+00
-8.57555858e+00
-8.38133913e+00
-8.20085763e+00
-8.03332008e+00
-7.87818344e+00
-7.73515002e+00
-7.60416547e+00
-7.48542003e+00
-7.37935232e+00
-7.28665547e+00
-7.20828532e+00
-7.14547073e+00
-7.09972637e+00
-7.07286844e+00
-7.06703493e+00
-7.08471184e+00
-7.12876926e+00
-7.20251130e+00
-7.30974833e+00
-7.45490182e+00
-7.64316081e+00
-7.88071607e+00
-8.17511755e+00
-8.53582447e+00
-8.97506634e+00
-9.50920876e+00
-1.01609564e+01
-1.09629544e+01
-1.19637289e+01
-1.32374110e+01
-1.48987704e+01
-1.71211788e+01
-2.01289231e+01
-2.40073567e+01
-2.77013198e+01
-2.55573070e+01
-1.20917782e+01
