# vtk DataFile Version 3.0
Lid-Driven Cavity Re=100 Step=100
ASCII
DATASET STRUCTURED_POINTS
DIMENSIONS 64 64 1
ORIGIN 0.007812 0.007812 0.0
SPACING 0.015625 0.015625 1.0
POINT_DATA 4096
VECTORS velocity double
3.65006256e-03 3.67045434e-03 0.0
6.38021833e-03 4.44040835e-03 0.0
4.83735440e-03 4.02766150e-03 0.0
3.84844529e-03 3.65656881e-03 0.0
3.22717345e-03 3.43300514e-03 0.0
2.75677166e-03 3.28110099e-03 0.0
2.34560864e-03 3.15131074e-03 0.0
1.96745151e-03 3.02704640e-03 0.0
1.61532647e-03 2.90483172e-03 0.0
1.28562250e-03 2.78418012e-03 0.0
9.75228945e-04 2.66464954e-03 0.0
6.81623850e-04 2.54582196e-03 0.0
4.02983517e-04 2.42722057e-03 0.0
1.38094046e-04 2.30859272e-03 0.0
-1.13806518e-04 2.18965216e-03 0.0
-3.53148786e-04 2.07031065e-03 0.0
-5.80129788e-04 1.95039826e-03 0.0
-7.94779019e-04 1.82991850e-03 0.0
-9.97011326e-04 1.70876804e-03 0.0
-1.18666458e-03 1.58700172e-03 0.0
-1.36352598e-03 1.46455569e-03 0.0
-1.52735452e-03 1.34151186e-03 0.0
-1.67789152e-03 1.21783147e-03 0.0
-1.81487641e-03 1.09360961e-03 0.0
-1.93804826e-03 9.68825797e-04 0.0
-2.04715934e-03 8.43580114e-04 0.0
-2.14197119e-03 7.17867288e-04 0.0
-2.22226783e-03 5.91787121e-04 0.0
-2.28784824e-03 4.65348055e-04 0.0
-2.33853990e-03 3.38646020e-04 0.0
-2.37418875e-03 2.11702340e-04 0.0
-2.39467327e-03 8.46064887e-05 0.0
-2.39989273e-03 -4.26080192e-05 0.0
-2.38978146e-03 -1.69860060e-04 0.0
-2.36429613e-03 -2.97104790e-04 0.0
-2.32342979e-03 -4.24270865e-04 0.0
-2.26719865e-03 -5.51303381e-04 0.0
-2.19565525e-03 -6.78141953e-04 0.0
-2.10887504e-03 -8.04723510e-04 0.0
-2.00696805e-03 -9.30999820e-04 0.0
-1.89006527e-03 -1.05690243e-03 0.0
-1.75832772e-03 -1.18239685e-03 0.0
-1.61193243e-03 -1.30741338e-03 0.0
-1.45107738e-03 -1.43193396e-03 0.0
-1.27596587e-03 -1.55589397e-03 0.0
-1.08680491e-03 -1.67929695e-03 0.0
-8.83785013e-04 -1.80209377e-03 0.0
-6.67067269e-04 -1.92431991e-03 0.0
-4.36752790e-04 -2.04595959e-03 0.0
-1.92850599e-04 -2.16709971e-03 0.0
6.47721413e-05 -2.28778694e-03 0.0
3.36452005e-04 -2.40819265e-03 0.0
6.22812994e-04 -2.52847424e-03 0.0
9.24879331e-04 -2.64894812e-03 0.0
1.24419972e-03 -2.76994680e-03 0.0
1.58290827e-03 -2.89190568e-03 0.0
1.94354637e-03 -3.01508224e-03 0.0
2.32895812e-03 -3.13994051e-03 0.0
2.74523737e-03 -3.26989636e-03 0.0
3.21806058e-03 -3.42192694e-03 0.0
3.83962065e-03 -3.64636931e-03 0.0
4.82925380e-03 -4.02037208e-03 0.0
6.37665102e-03 -4.43779728e-03 0.0
3.65007954e-03 -3.66469428e-03 0.0
4.40055598e-03 6.46085490e-03 0.0
8.74388470e-03 8.93803805e-03 0.0
8.31732558e-03 8.42466723e-03 0.0
7.56336149e-03 7.69775824e-03 0.0
6.80846655e-03 7.23629314e-03 0.0
6.06928194e-03 6.93110695e-03 0.0
5.33150187e-03 6.67150694e-03 0.0
4.59885628e-03 6.41785850e-03 0.0
3.88060585e-03 6.16416000e-03 0.0
3.18293717e-03 5.91154011e-03 0.0
2.50847894e-03 5.66059035e-03 0.0
1.85798958e-03 5.41085168e-03 0.0
1.23162944e-03 5.16160713e-03 0.0
6.29511837e-04 4.91214834e-03 0.0
5.19043416e-05 4.66196279e-03 0.0
-5.00743074e-04 4.41062279e-03 0.0
-1.02780924e-03 4.15787491e-03 0.0
-1.52854505e-03 3.90350781e-03 0.0
-2.00211260e-03 3.64744595e-03 0.0
-2.44762324e-03 3.38961804e-03 0.0
-2.86417030e-03 3.13005603e-03 0.0
-3.25084871e-03 2.86877134e-03 0.0
-3.60677959e-03 2.60585709e-03 0.0
-3.93111527e-03 2.34137417e-03 0.0
-4.22306039e-03 2.07545104e-03 0.0
-4.48186737e-03 1.80818038e-03 0.0
-4.70685718e-03 1.53971168e-03 0.0
-4.89740832e-03 1.27015971e-03 0.0
-5.05297854e-03 9.99686328e-04 0.0
-5.17308938e-03 7.28422612e-04 0.0
-5.25734912e-03 4.56537249e-04 0.0
-5.30543427e-03 1.84173758e-04 0.0
-5.31711345e-03 -8.84963084e-05 0.0
-5.29222704e-03 -3.61319988e-04 0.0
-5.23071137e-03 -6.34126063e-04 0.0
-5.13257735e-03 -9.06755035e-04 0.0
-4.99793420e-03 -1.17903914e-03 0.0
-4.82696776e-03 -1.45081581e-03 0.0
-4.61996261e-03 -1.72192446e-03 0.0
-4.37728051e-03 -1.99220419e-03 0.0
-4.09937959e-03 -2.26150680e-03 0.0
-3.78679296e-03 -2.52968021e-03 0.0
-3.44014317e-03 -2.79659668e-03 0.0
-3.06012037e-03 -3.06212436e-03 0.0
-2.64748958e-03 -3.32616968e-03 0.0
-2.20306637e-03 -3.58864044e-03 0.0
-1.72771326e-03 -3.84950185e-03 0.0
-1.22230942e-03 -4.10873563e-03 0.0
-6.87731997e-04 -4.36640853e-03 0.0
-1.24818956e-04 -4.62263025e-03 0.0
4.65659371e-04 -4.87762872e-03 0.0
1.08302563e-03 -5.13170435e-03 0.0
1.72669266e-03 -5.38530309e-03 0.0
2.39609242e-03 -5.63894916e-03 0.0
3.09044675e-03 -5.89320064e-03 0.0
3.80813954e-03 -6.14820467e-03 0.0
4.54542309e-03 -6.40305907e-03 0.0
5.29475909e-03 -6.65632940e-03 0.0
6.04565854e-03 -6.91424669e-03 0.0
6.79393866e-03 -7.21768611e-03 0.0
7.55494380e-03 -7.67991283e-03 0.0
8.31407928e-03 -8.41271032e-03 0.0
8.74460261e-03 -8.93415138e-03 0.0
4.40157697e-03 -6.44219858e-03 0.0
3.93561134e-03 5.05310266e-03 0.0
7.99829173e-03 8.86820277e-03 0.0
7.91265061e-03 9.00670848e-03 0.0
7.34231014e-03 8.44003356e-03 0.0
6.56038547e-03 8.03084895e-03 0.0
5.67251111e-03 7.76362754e-03 0.0
4.72363885e-03 7.52565563e-03 0.0
3.74560663e-03 7.27440985e-03 0.0
2.76237715e-03 7.00911040e-03 0.0
1.78956225e-03 6.73709965e-03 0.0
8.36268536e-04 6.46280879e-03 0.0
-9.22796496e-05 6.18770042e-03 0.0
-9.92873392e-04 5.91174166e-03 0.0
-1.86323085e-03 5.63452083e-03 0.0
-2.70148069e-03 5.35547943e-03 0.0
-3.50589599e-03 5.07420214e-03 0.0
-4.27480003e-03 4.79029899e-03 0.0
-5.00652611e-03 4.50357921e-03 0.0
-5.69942340e-03 4.21387302e-03 0.0
-6.35187128e-03 3.92118234e-03 0.0
-6.96229368e-03 3.62549416e-03 0.0
-7.52918192e-03 3.32693102e-03 0.0
-8.05109773e-03 3.02557547e-03 0.0
-8.52669756e-03 2.72161985e-03 0.0
-8.95472411e-03 2.41520587e-03 0.0
-9.33403305e-03 2.10656663e-03 0.0
-9.66357558e-03 1.79588330e-03 0.0
-9.94242835e-03 1.48341313e-03 0.0
-1.01697694e-02 1.16936573e-03 0.0
-1.03449113e-02 8.54012522e-04 0.0
-1.04672721e-02 5.37584952e-04 0.0
-1.05364114e-02 2.20362171e-04 0.0
-1.05519978e-02 -9.74069093e-05 0.0
-1.05138469e-02 -4.15439989e-04 0.0
-1.04218871e-02 -7.33474336e-04 0.0
-1.02761976e-02 -1.05122843e-03 0.0
-1.00769746e-02 -1.36842973e-03 0.0
-9.82456726e-03 -1.68480187e-03 0.0
-9.51944534e-03 -2.00006798e-03 0.0
-9.16223245e-03 -2.31396289e-03 0.0
-8.75367458e-03 -2.62621377e-03 0.0
-8.29466943e-03 -2.93657605e-03 0.0
-7.78623643e-03 -3.24479434e-03 0.0
-7.22953960e-03 -3.55066045e-03 0.0
-6.62585904e-03 -3.85395881e-03 0.0
-5.97660491e-03 -4.15454508e-03 0.0
-5.28328975e-03 -4.45228174e-03 0.0
-4.54753231e-03 -4.74713493e-03 0.0
-3.77103348e-03 -5.03910328e-03 0.0
-2.95557879e-03 -5.32832170e-03 0.0
-2.10304261e-03 -5.61497024e-03 0.0
-1.21544036e-03 -5.89934950e-03 0.0
-2.95058110e-04 -6.18172547e-03 0.0
6.55269572e-04 -6.46227123e-03 0.0
1.63158169e-03 -6.74056219e-03 0.0
2.62770131e-03 -7.01467059e-03 0.0
3.63333895e-03 -7.27952963e-03 0.0
4.63165771e-03 -7.52752603e-03 0.0
5.59779933e-03 -7.76010385e-03 0.0
6.50009882e-03 -8.02241781e-03 0.0
7.29519676e-03 -8.43129377e-03 0.0
7.87941319e-03 -9.00468692e-03 0.0
7.97815809e-03 -8.87144902e-03 0.0
3.92845239e-03 -5.02645475e-03 0.0
3.50825093e-03 4.31721761e-03 0.0
7.02340590e-03 8.73423035e-03 0.0
6.78404508e-03 9.46569496e-03 0.0
6.13365889e-03 9.20178651e-03 0.0
5.23371793e-03 8.95098162e-03 0.0
4.18648332e-03 8.77862445e-03 0.0
3.05217357e-03 8.59386795e-03 0.0
1.87242233e-03 8.36400876e-03 0.0
6.77067957e-04 8.09812891e-03 0.0
-5.13783640e-04 7.81178167e-03 0.0
-1.68724720e-03 7.51492288e-03 0.0
-2.83512899e-03 7.21205552e-03 0.0
-3.95194682e-03 6.90484100e-03 0.0
-5.03372928e-03 6.59360454e-03 0.0
-6.07728730e-03 6.27824915e-03 0.0
-7.07985606e-03 5.95846219e-03 0.0
-8.03889038e-03 5.63402410e-03 0.0
-8.95198975e-03 5.30472641e-03 0.0
-9.81686136e-03 4.97054135e-03 0.0
-1.06313145e-02 4.63146164e-03 0.0
-1.13932692e-02 4.28763697e-03 0.0
-1.21007544e-02 3.93920649e-03 0.0
-1.27519294e-02 3.58643302e-03 0.0
-1.33450731e-02 3.22954770e-03 0.0
-1.38786117e-02 2.86888115e-03 0.0
-1.43510974e-02 2.50472364e-03 0.0
-1.47612428e-02 2.13744712e-03 0.0
-1.51078907e-02 1.76738252e-03 0.0
-1.53900540e-02 1.39492762e-03 0.0
-1.56068785e-02 1.02044347e-03 0.0
-1.57576876e-02 6.44344304e-04 0.0
-1.58419405e-02 2.67014913e-04 0.0
-1.58592802e-02 -1.11120007e-04 0.0
-1.58094888e-02 -4.89656286e-04 0.0
-1.56925369e-02 -8.68163239e-04 0.0
-1.55085385e-02 -1.24622138e-03 0.0
-1.52578001e-02 -1.62339849e-03 0.0
-1.49407764e-02 -1.99926495e-03 0.0
-1.45581169e-02 -2.37339295e-03 0.0
-1.41106241e-02 -2.74535071e-03 0.0
-1.35992963e-02 -3.11472408e-03 0.0
-1.30252880e-02 -3.48109197e-03 0.0
-1.23899475e-02 -3.84406919e-03 0.0
-1.16947811e-02 -4.20326645e-03 0.0
-1.09414823e-02 -4.55835330e-03 0.0
-1.01319012e-02 -4.90900731e-03 0.0
-9.26806456e-03 -5.25499519e-03 0.0
-8.35215344e-03 -5.59611413e-03 0.0
-7.38652064e-03 -5.93228115e-03 0.0
-6.37369292e-03 -6.26345175e-03 0.0
-5.31642129e-03 -6.58967374e-03 0.0
-4.21777773e-03 -6.91091753e-03 0.0
-3.08136317e-03 -7.22697905e-03 0.0
-1.91171194e-03 -7.53702126e-03 0.0
-7.15006174e-04 -7.83885277e-03 0.0
4.99678769e-04 -8.12720709e-03 0.0
1.71849449e-03 -8.39146610e-03 0.0
2.92041445e-03 -8.61584761e-03 0.0
4.07517660e-03 -8.79270162e-03 0.0
5.14164977e-03 -8.95860796e-03 0.0
6.06114671e-03 -9.20970937e-03 0.0
6.73238698e-03 -9.48173852e-03 0.0
6.99115325e-03 -8.75191426e-03 0.0
3.49643338e-03 -4.29186995e-03 0.0
3.24658616e-03 4.05868811e-03 0.0
6.37890472e-03 8.84160273e-03 0.0
5.94504771e-03 1.00315521e-02 0.0
5.15643962e-03 1.00749439e-02 0.0
4.12238544e-03 1.00118413e-02 0.0
2.93266804e-03 9.95474666e-03 0.0
1.64886547e-03 9.83588962e-03 0.0
3.14614807e-04 9.63602768e-03 0.0
-1.03887801e-03 9.37499730e-03 0.0
-2.38995787e-03 9.07689098e-03 0.0
-3.72407451e-03 8.75744119e-03 0.0
-5.03142229e-03 8.42481907e-03 0.0
-6.30517807e-03 8.08270427e-03 0.0
-7.54024732e-03 7.73264967e-03 0.0
-8.73254814e-03 7.37512016e-03 0.0
-9.87856059e-03 7.01023171e-03 0.0
-1.09751180e-02 6.63790594e-03 0.0
-1.20192810e-02 6.25816706e-03 0.0
-1.30082928e-02 5.87104417e-03 0.0
-1.39395581e-02 5.47673632e-03 0.0
-1.48106320e-02 5.07544954e-03 0.0
-1.56192318e-02 4.66753515e-03 0.0
-1.63632231e-02 4.25332626e-03 0.0
-1.70406453e-02 3.83327222e-03 0.0
-1.76496880e-02 3.40778874e-03 0.0
-1.81887263e-02 2.97738596e-03 0.0
-1.86562865e-02 2.54253513e-03 0.0
-1.90510901e-02 2.10378486e-03 0.0
-1.93720104e-02 1.66164635e-03 0.0
-1.96181238e-02 1.21669346e-03 0.0
-1.97886595e-02 7.69468475e-04 0.0
-1.98830562e-02 3.20562618e-04 0.0
-1.99009074e-02 -1.29456117e-04 0.0
-1.98420216e-02 -5.79984161e-04 0.0
-1.97063654e-02 -1.03043174e-03 0.0
-1.94941252e-02 -1.48018714e-03 0.0
-1.92056502e-02 -1.92864321e-03 0.0
-1.88415130e-02 -2.37518522e-03 0.0
-1.84024554e-02 -2.81919536e-03 0.0
-1.78894444e-02 -3.26006392e-03 0.0
-1.73036228e-02 -3.69717362e-03 0.0
-1.66463592e-02 -4.12993310e-03 0.0
-1.59192037e-02 -4.55774406e-03 0.0
-1.51239305e-02 -4.98005571e-03 0.0
-1.42625001e-02 -5.39631862e-03 0.0
-1.33370937e-02 -5.80605836e-03 0.0
-1.23500847e-02 -6.20881935e-03 0.0
-1.13040668e-02 -6.60425064e-03 0.0
-1.02018458e-02 -6.99203052e-03 0.0
-9.04648044e-03 -7.37192840e-03 0.0
-7.84133324e-03 -7.74364896e-03 0.0
-6.59019896e-03 -8.10675277e-03 0.0
-5.29754632e-03 -8.46024344e-03 0.0
-3.96895085e-03 -8.80203433e-03 0.0
-2.61185923e-03 -9.12766738e-03 0.0
-1.23677816e-03 -9.42818596e-03 0.0
1.40964249e-04 -9.68707214e-03 0.0
1.49908875e-03 -9.88030895e-03 0.0
2.80611798e-03 -9.99005368e-03 0.0
4.01883835e-03 -1.00404668e-02 0.0
5.07644123e-03 -1.01049667e-02 0.0
5.88892775e-03 -1.00702190e-02 0.0
6.34338980e-03 -8.87667194e-03 0.0
3.23321639e-03 -4.03777850e-03 0.0
3.07772882e-03 4.02715707e-03 0.0
5.96849465e-03 9.14283641e-03 0.0
5.40540468e-03 1.07272833e-02 0.0
4.50806141e-03 1.10651849e-02 0.0
3.36890815e-03 1.11948380e-02 0.0
2.07236090e-03 1.12580477e-02 0.0
6.80299041e-04 1.12084946e-02 0.0
-7.63175821e-04 1.10411924e-02 0.0
-2.22662338e-03 1.07868246e-02 0.0
-3.68803354e-03 1.04776074e-02 0.0
-5.13218721e-03 1.01350550e-02 0.0
-6.54854323e-03 9.77097073e-03 0.0
-7.92951248e-03 9.39134408e-03 0.0
-9.26933939e-03 8.99897371e-03 0.0
-1.05633324e-02 8.59516079e-03 0.0
-1.18074646e-02 8.18040721e-03 0.0
-1.29981150e-02 7.75501121e-03 0.0
-1.41319616e-02 7.31914452e-03 0.0
-1.52059123e-02 6.87310206e-03 0.0
-1.62170776e-02 6.41718146e-03 0.0
-1.71627641e-02 5.95183535e-03 0.0
-1.80404569e-02 5.47751162e-03 0.0
-1.88478382e-02 4.99478851e-03 0.0
-1.95827615e-02 4.50422037e-03 0.0
-2.02432855e-02 4.00646722e-03 0.0
-2.08276367e-02 3.50215509e-03 0.0
-2.13342548e-02 2.99199639e-03 0.0
-2.17617453e-02 2.47666754e-03 0.0
-2.21089340e-02 1.95691554e-03 0.0
-2.23748109e-02 1.43345503e-03 0.0
-2.25585929e-02 9.07057298e-04 0.0
-2.26596607e-02 3.78468451e-04 0.0
-2.26776277e-02 -1.51521766e-04 0.0
-2.26122729e-02 -6.82139706e-04 0.0
-2.24636132e-02 -1.21258101e-03 0.0
-2.22318349e-02 -1.74204786e-03 0.0
-2.19173668e-02 -2.26972522e-03 0.0
-2.15208131e-02 -2.79479607e-03 0.0
-2.10430240e-02 -3.31644087e-03 0.0
-2.04850329e-02 -3.83383218e-03 0.0
-1.98481218e-02 -4.34615674e-03 0.0
-1.91337642e-02 -4.85259175e-03 0.0
-1.83436831e-02 -5.35234846e-03 0.0
-1.74798022e-02 -5.84463334e-03 0.0
-1.65442948e-02 -6.32871135e-03 0.0
-1.55395452e-02 -6.80385533e-03 0.0
-1.44681893e-02 -7.26942433e-03 0.0
-1.33330928e-02 -7.72479776e-03 0.0
-1.21373915e-02 -8.16944531e-03 0.0
-1.08845064e-02 -8.60280395e-03 0.0
-9.57822199e-03 -9.02424514e-03 0.0
-8.22281126e-03 -9.43274162e-03 0.0
-6.82327928e-03 -9.82647805e-03 0.0
-5.38580827e-03 -1.02019045e-02 0.0
-3.91848102e-03 -1.05522518e-02 0.0
-2.43244938e-03 -1.08647490e-02 0.0
-9.43539740e-04 -1.11171922e-02 0.0
5.25653712e-04 -1.12775365e-02 0.0
1.94337864e-03 -1.13176051e-02 0.0
3.26546205e-03 -1.12477424e-02 0.0
4.42997511e-03 -1.11198246e-02 0.0
5.35127372e-03 -1.07891619e-02 0.0
5.93327689e-03 -9.19420370e-03 0.0
3.06387957e-03 -4.00992785e-03 0.0
2.94706981e-03 4.09947911e-03 0.0
5.66383410e-03 9.56011598e-03 0.0
5.01834503e-03 1.15186002e-02 0.0
4.04416532e-03 1.21454191e-02 0.0
2.82889134e-03 1.24690632e-02 0.0
1.45562358e-03 1.26536797e-02 0.0
-1.31364570e-05 1.26737304e-02 0.0
-1.53285358e-03 1.25392033e-02 0.0
-3.07213008e-03 1.22915957e-02 0.0
-4.60893064e-03 1.19711127e-02 0.0
-6.12790782e-03 1.16047490e-02 0.0
-7.61819647e-03 1.12079960e-02 0.0
-9.07186267e-03 1.07890308e-02 0.0
-1.04827433e-02 1.03520755e-02 0.0
-1.18457859e-02 9.89917694e-03 0.0
-1.31566014e-02 9.43142350e-03 0.0
-1.44112623e-02 8.94939166e-03 0.0
-1.56061640e-02 8.45359843e-03 0.0
-1.67379719e-02 7.94449268e-03 0.0
-1.78035883e-02 7.42265724e-03 0.0
-1.88001295e-02 6.88867115e-03 0.0
-1.97249326e-02 6.34325251e-03 0.0
-2.05755283e-02 5.78710395e-03 0.0
-2.13496697e-02 5.22104420e-03 0.0
-2.20452931e-02 4.64586325e-03 0.0
-2.26605629e-02 4.06244620e-03 0.0
-2.31938197e-02 3.47164391e-03 0.0
-2.36436385e-02 2.87438539e-03 0.0
-2.40087654e-02 2.27156648e-03 0.0
-2.42881865e-02 1.66414687e-03 0.0
-2.44810565e-02 1.05305883e-03 0.0
-2.45867750e-02 4.39285656e-04 0.0
-2.46049100e-02 -1.76208064e-04 0.0
-2.45352795e-02 -7.92418975e-04 0.0
-2.43778723e-02 -1.40835252e-03 0.0
-2.41329321e-02 -2.02298778e-03 0.0
-2.38008789e-02 -2.63530312e-03 0.0
-2.33823921e-02 -3.24426398e-03 0.0
-2.28783352e-02 -3.84882748e-03 0.0
-2.22898352e-02 -4.44795312e-03 0.0
-2.16182134e-02 -5.04058816e-03 0.0
-2.08650575e-02 -5.62570021e-03 0.0
-2.00321615e-02 -6.20224613e-03 0.0
-1.91215878e-02 -6.76922488e-03 0.0
-1.81356188e-02 -7.32563293e-03 0.0
-1.70768091e-02 -7.87053415e-03 0.0
-1.59479511e-02 -8.40300175e-03 0.0
-1.47521214e-02 -8.92219171e-03 0.0
-1.34926713e-02 -9.42724880e-03 0.0
-1.21732825e-02 -9.91732151e-03 0.0
-1.07980201e-02 -1.03913216e-02 0.0
-9.37146505e-03 -1.08476776e-02 0.0
-7.89895139e-03 -1.12836339e-02 0.0
-6.38698000e-03 -1.16942352e-02 0.0
-4.84394550e-03 -1.20703260e-02 0.0
-3.28122632e-03 -1.23954652e-02 0.0
-1.71480419e-03 -1.26418457e-02 0.0
-1.67324404e-04 -1.27695895e-02 0.0
1.32918172e-03 -1.27398143e-02 0.0
2.72963584e-03 -1.25480959e-02 0.0
3.97069307e-03 -1.22250641e-02 0.0
4.96757816e-03 -1.16021222e-02 0.0
5.62936762e-03 -9.62504959e-03 0.0
2.93286424e-03 -4.08419172e-03 0.0
2.83266356e-03 4.22834344e-03 0.0
5.40496624e-03 1.00507879e-02 0.0
4.70028097e-03 1.23781262e-02 0.0
3.66798064e-03 1.32924020e-02 0.0
2.39462367e-03 1.38107515e-02 0.0
9.63159533e-04 1.41167684e-02 0.0
-5.63143241e-04 1.42057600e-02 0.0
-2.13940440e-03 1.41032120e-02 0.0
-3.73420163e-03 1.38617300e-02 0.0
-5.32566275e-03 1.35293132e-02 0.0
-6.89846053e-03 1.31384041e-02 0.0
-8.44170524e-03 1.27079578e-02 0.0
-9.94729308e-03 1.22484124e-02 0.0
-1.14088859e-02 1.17652590e-02 0.0
-1.28211899e-02 1.12614353e-02 0.0
-1.41796035e-02 1.07384909e-02 0.0
-1.54799739e-02 1.01974540e-02 0.0
-1.67185042e-02 9.63906675e-03 0.0
-1.78916831e-02 9.06410943e-03 0.0
-1.89962548e-02 8.47332642e-03 0.0
-2.00292101e-02 7.86759384e-03 0.0
-2.09877585e-02 7.24777514e-03 0.0
-2.18693485e-02 6.61485661e-03 0.0
-2.26716289e-02 5.96980058e-03 0.0
-2.33924893e-02 5.31367184e-03 0.0
-2.40300067e-02 4.64750296e-03 0.0
-2.45825032e-02 3.97241112e-03 0.0
-2.50484791e-02 3.28947980e-03 0.0
-2.54266840e-02 2.59986224e-03 0.0
-2.57160397e-02 1.90468206e-03 0.0
-2.59157214e-02 1.20512004e-03 0.0
-2.60250736e-02 5.02335264e-04 0.0
-2.60436985e-02 -2.02467486e-04 0.0
-2.59713680e-02 -9.08094980e-04 0.0
-2.58081167e-02 -1.61331946e-03 0.0
-2.55541525e-02 -2.31691417e-03 0.0
-2.52099516e-02 -3.01762968e-03 0.0
-2.47761707e-02 -3.71420832e-03 0.0
-2.42537401e-02 -4.40538314e-03 0.0
-2.36437812e-02 -5.08987274e-03 0.0
-2.29476938e-02 -5.76640238e-03 0.0
-2.21670825e-02 -6.43368126e-03 0.0
-2.13038344e-02 -7.09044447e-03 0.0
-2.03600570e-02 -7.73541551e-03 0.0
-1.93381455e-02 -8.36736643e-03 0.0
-1.82407346e-02 -8.98506717e-03 0.0
-1.70707545e-02 -9.58735645e-03 0.0
-1.58314039e-02 -1.01730683e-02 0.0
-1.45262010e-02 -1.07410785e-02 0.0
-1.31589935e-02 -1.12901420e-02 0.0
-1.17340367e-02 -1.18187745e-02 0.0
-1.02561054e-02 -1.23247650e-02 0.0
-8.73071611e-03 -1.28045021e-02 0.0
-7.16454202e-03 -1.32515641e-02 0.0
-5.56608911e-03 -1.36545330e-02 0.0
-3.94681826e-03 -1.39932950e-02 0.0
-2.32271255e-03 -1.42345858e-02 0.0
-7.16492692e-04 -1.43305887e-02 0.0
8.39520177e-04 -1.42313679e-02 0.0
2.29934921e-03 -1.39168564e-02 0.0
3.59845519e-03 -1.33964909e-02 0.0
4.65195593e-03 -1.24811021e-02 0.0
5.37061453e-03 -1.01265310e-02 0.0
2.81786358e-03 -4.21350473e-03 0.0
2.72738920e-03 4.39468159e-03 0.0
5.17119388e-03 1.05947464e-02 0.0
4.41936290e-03 1.32907070e-02 0.0
3.33908162e-03 1.44924386e-02 0.0
2.01724249e-03 1.52059530e-02 0.0
5.37270160e-04 1.56330573e-02 0.0
-1.03685301e-03 1.57899568e-02 0.0
-2.65974122e-03 1.57182350e-02 0.0
-4.29994221e-03 1.54817807e-02 0.0
-5.93564018e-03 1.51365061e-02 0.0
-7.55165336e-03 1.47201108e-02 0.0
-9.13710310e-03 1.42550416e-02 0.0
-1.06838894e-02 1.37538020e-02 0.0
-1.21855645e-02 1.32232417e-02 0.0
-1.36367334e-02 1.26670319e-02 0.0
-1.50326388e-02 1.20873227e-02 0.0
-1.63689945e-02 1.14854588e-02 0.0
-1.76418596e-02 1.08625686e-02 0.0
-1.88475965e-02 1.02196344e-02 0.0
-1.99828406e-02 9.55772676e-03 0.0
-2.10444741e-02 8.87789056e-03 0.0
-2.20296353e-02 8.18129257e-03 0.0
-2.29356815e-02 7.46907772e-03 0.0
-2.37602233e-02 6.74249828e-03 0.0
-2.45010715e-02 6.00277602e-03 0.0
-2.51562916e-02 5.25122224e-03 0.0
-2.57241353e-02 4.48911391e-03 0.0
-2.62031118e-02 3.71780236e-03 0.0
-2.65919057e-02 2.93860675e-03 0.0
-2.68894622e-02 2.15290806e-03 0.0
-2.70948953e-02 1.36206208e-03 0.0
-2.72075833e-02 5.67475745e-04 0.0
-2.72270702e-02 -2.29459073e-04 0.0
-2.71531690e-02 -1.02730916e-03 0.0
-2.69858603e-02 -1.82464485e-03 0.0
-2.67253986e-02 -2.62000515e-03 0.0
-2.63722124e-02 -3.41192162e-03 0.0
-2.59270103e-02 -4.19890570e-03 0.0
-2.53906852e-02 -4.97945281e-03 0.0
-2.47644163e-02 -5.75205175e-03 0.0
-2.40495817e-02 -6.51517075e-03 0.0
-2.32478516e-02 -7.26728808e-03 0.0
-2.23611128e-02 -8.00686231e-03 0.0
-2.13915500e-02 -8.73238226e-03 0.0
-2.03415853e-02 -9.44232349e-03 0.0
-1.92139462e-02 -1.01352130e-02 0.0
-1.80116226e-02 -1.08095692e-02 0.0
-1.67379238e-02 -1.14639631e-02 0.0
-1.53964616e-02 -1.20969083e-02 0.0
-1.39912078e-02 -1.27068342e-02 0.0
-1.25265352e-02 -1.32917726e-02 0.0
-1.10073358e-02 -1.38489580e-02 0.0
-9.43923578e-03 -1.43738581e-02 0.0
-7.82897929e-03 -1.48586958e-02 0.0
-6.18513305e-03 -1.52897559e-02 0.0
-4.51916070e-03 -1.56433666e-02 0.0
-2.84709222e-03 -1.58807372e-02 0.0
-1.19175031e-03 -1.59460421e-02 0.0
4.14113904e-04 -1.57778314e-02 0.0
1.92370747e-03 -1.53398485e-02 0.0
3.27137764e-03 -1.46203042e-02 0.0
4.37186038e-03 -1.34112935e-02 0.0
5.13604948e-03 -1.06792044e-02 0.0
2.71180297e-03 -4.37933972e-03 0.0
2.62858233e-03 4.58857221e-03 0.0
4.95435080e-03 1.11811526e-02 0.0
4.16242384e-03 1.42480876e-02 0.0
3.03944485e-03 1.57383547e-02 0.0
1.67357111e-03 1.66477996e-02 0.0
1.49016460e-04 1.71957946e-02 0.0
-1.46924925e-03 1.74196775e-02 0.0
-3.13527939e-03 1.73775081e-02 0.0
-4.81733396e-03 1.71448493e-02 0.0
-6.49363352e-03 1.67855265e-02 0.0
-8.14901862e-03 1.63425890e-02 0.0
-9.77270536e-03 1.58418045e-02 0.0
-1.13565761e-02 1.52978076e-02 0.0
-1.28941828e-02 1.47186325e-02 0.0
-1.43800441e-02 1.41087904e-02 0.0
-1.58093344e-02 1.34708807e-02 0.0
-1.71776594e-02 1.28067045e-02 0.0
-1.84809872e-02 1.21176391e-02 0.0
-1.97155866e-02 1.14050232e-02 0.0
-2.08780038e-02 1.06701213e-02 0.0
-2.19650565e-02 9.91430154e-03 0.0
-2.29738027e-02 9.13890616e-03 0.0
-2.39015655e-02 8.34538534e-03 0.0
-2.47458836e-02 7.53515939e-03 0.0
-2.55045599e-02 6.70974114e-03 0.0
-2.61755934e-02 5.87060811e-03 0.0
-2.67572480e-02 5.01931508e-03 0.0
-2.72479687e-02 4.15738170e-03 0.0
-2.76464665e-02 3.28639240e-03 0.0
-2.79516224e-02 2.40790218e-03 0.0
-2.81625859e-02 1.52352081e-03 0.0
-2.82786695e-02 6.34838544e-04 0.0
-2.82994582e-02 -2.56508009e-04 0.0
-2.82246985e-02 -1.14888944e-03 0.0
-2.80544140e-02 -2.04063793e-03 0.0
-2.77887943e-02 -2.93008011e-03 0.0
-2.74283122e-02 -3.81551294e-03 0.0
-2.69736163e-02 -4.69521670e-03 0.0
-2.64256455e-02 -5.56745273e-03 0.0
-2.57855289e-02 -6.43045804e-03 0.0
-2.50546939e-02 -7.28246453e-03 0.0
-2.42347765e-02 -8.12167718e-03 0.0
-2.33277189e-02 -8.94631334e-03 0.0
-2.23356939e-02 -9.75456668e-03 0.0
-2.12611884e-02 -1.05446635e-02 0.0
-2.01069451e-02 -1.13148127e-02 0.0
-1.88760306e-02 -1.20632695e-02 0.0
-1.75717988e-02 -1.27882573e-02 0.0
-1.61979473e-02 -1.34879942e-02 0.0
-1.47585168e-02 -1.41604998e-02 0.0
-1.32579631e-02 -1.48034010e-02 0.0
-1.17012534e-02 -1.54133060e-02 0.0
-1.00940710e-02 -1.59848580e-02 0.0
-8.44321764e-03 -1.65088699e-02 0.0
-6.75728013e-03 -1.69694261e-02 0.0
-5.04778273e-03 -1.73392242e-02 0.0
-3.33082874e-03 -1.75739547e-02 0.0
-1.62951287e-03 -1.76095317e-02 0.0
2.29100464e-05 -1.73726714e-02 0.0
1.57869105e-03 -1.68104214e-02 0.0
2.97108048e-03 -1.58898212e-02 0.0
4.11399077e-03 -1.43851953e-02 0.0
4.91759630e-03 -1.12731142e-02 0.0
2.61197015e-03 -4.57226802e-03 0.0
2.53453981e-03 4.80397891e-03 0.0
4.74943445e-03 1.18036268e-02 0.0
3.92107378e-03 1.52459296e-02 0.0
2.75747896e-03 1.70271297e-02 0.0
1.34849475e-03 1.81339341e-02 0.0
-2.20350351e-04 1.88031251e-02 0.0
-1.88299422e-03 1.90933296e-02 0.0
-3.59262111e-03 1.90795983e-02 0.0
-5.31712893e-03 1.88494135e-02 0.0
-7.03453653e-03 1.84747721e-02 0.0
-8.72971161e-03 1.80040119e-02 0.0
-1.03918475e-02 1.74663208e-02 0.0
-1.20128752e-02 1.68783105e-02 0.0
-1.35863037e-02 1.62492917e-02 0.0
-1.51066397e-02 1.55844581e-02 0.0
-1.65689818e-02 1.48869785e-02 0.0
-1.79688818e-02 1.41589661e-02 0.0
-1.93022293e-02 1.34021880e-02 0.0
-2.05652240e-02 1.26182036e-02 0.0
-2.17543524e-02 1.18086198e-02 0.0
-2.28663632e-02 1.09749981e-02 0.0
-2.38982813e-02 1.01190013e-02 0.0
-2.48473648e-02 9.24226070e-03 0.0
-2.57111452e-02 8.34650039e-03 0.0
-2.64873633e-02 7.43340783e-03 0.0
-2.71740322e-02 6.50474871e-03 0.0
-2.77693539e-02 5.56225016e-03 0.0
-2.82718025e-02 4.60770503e-03 0.0
-2.86800245e-02 3.64287172e-03 0.0
-2.89929393e-02 2.66956488e-03 0.0
-2.92096273e-02 1.68957400e-03 0.0
-2.93294440e-02 7.04737775e-04 0.0
-2.93519005e-02 -2.83117368e-04 0.0
-2.92767867e-02 -1.27212163e-03 0.0
-2.91040493e-02 -2.26040301e-03 0.0
-2.88339200e-02 -3.24605207e-03 0.0
-2.84667948e-02 -4.22714341e-03 0.0
-2.80033624e-02 -5.20172174e-03 0.0
-2.74444901e-02 -6.16780481e-03 0.0
-2.67913466e-02 -7.12339101e-03 0.0
-2.60452988e-02 -8.06644554e-03 0.0
-2.52080246e-02 -8.99492860e-03 0.0
-2.42814232e-02 -9.90676692e-03 0.0
-2.32677146e-02 -1.07999005e-02 0.0
-2.21693666e-02 -1.16722411e-02 0.0
-2.09891770e-02 -1.25217318e-02 0.0
-1.97302206e-02 -1.33462881e-02 0.0
-1.83959138e-02 -1.41438479e-02 0.0
-1.69899883e-02 -1.49122529e-02 0.0
-1.55165485e-02 -1.56491853e-02 0.0
-1.39801007e-02 -1.63517911e-02 0.0
-1.23856636e-02 -1.70161362e-02 0.0
-1.07389744e-02 -1.76359718e-02 0.0
-9.04686888e-03 -1.82007846e-02 0.0
-7.31800570e-03 -1.86923794e-02 0.0
-5.56398323e-03 -1.90798533e-02 0.0
-3.80112065e-03 -1.93132014e-02 0.0
-2.05286181e-03 -1.93199124e-02 0.0
-3.53180115e-04 -1.90144437e-02 0.0
1.24914698e-03 -1.83267975e-02 0.0
2.68601991e-03 -1.72027426e-02 0.0
3.87019501e-03 -1.53993853e-02 0.0
4.71035348e-03 -1.19027086e-02 0.0
2.51679906e-03 -4.78665786e-03 0.0
2.44415764e-03 5.03734915e-03 0.0
4.55277608e-03 1.24588212e-02 0.0
3.68917151e-03 1.62827345e-02 0.0
2.48455599e-03 1.83585790e-02 0.0
1.03105343e-03 1.96650306e-02 0.0
-5.84264553e-04 2.04562598e-02 0.0
-2.29388146e-03 2.08125376e-02 0.0
-4.05004831e-03 2.08262741e-02 0.0
-5.82001551e-03 2.05973149e-02 0.0
-7.58157144e-03 2.02059434e-02 0.0
-9.31941765e-03 1.97059811e-02 0.0
-1.10227552e-02 1.91299499e-02 0.0
-1.26834603e-02 1.84965468e-02 0.0
-1.42950566e-02 1.78162167e-02 0.0
-1.58519914e-02 1.70949455e-02 0.0
-1.73493402e-02 1.63363261e-02 0.0
-1.87825872e-02 1.55429119e-02 0.0
-2.01475734e-02 1.47167227e-02 0.0
-2.14404420e-02 1.38596787e-02 0.0
-2.26576219e-02 1.29735984e-02 0.0
-2.37958281e-02 1.20603787e-02 0.0
-2.48520279e-02 1.11218780e-02 0.0
-2.58234713e-02 1.01600446e-02 0.0
-2.67076330e-02 9.17678804e-03 0.0
-2.75022686e-02 8.17409527e-03 0.0
-2.82053333e-02 7.15391066e-03 0.0
-2.88150609e-02 6.11824330e-03 0.0
-2.93298632e-02 5.06906186e-03 0.0
-2.97484292e-02 4.00839041e-03 0.0
-3.00696091e-02 2.93822089e-03 0.0
-3.02925304e-02 1.86059463e-03 0.0
-3.04164714e-02 7.77534040e-04 0.0
-3.04409898e-02 -3.08892847e-04 0.0
-3.03657914e-02 -1.39662091e-03 0.0
-3.01908660e-02 -2.48354235e-03 0.0
-2.99163566e-02 -3.56753578e-03 0.0
-2.95426977e-02 -4.64644109e-03 0.0
-2.90704894e-02 -5.71807005e-03 0.0
-2.85006335e-02 -6.78020225e-03 0.0
-2.78342164e-02 -7.83057891e-03 0.0
-2.70726380e-02 -8.86691971e-03 0.0
-2.62175073e-02 -9.88690170e-03 0.0
-2.52707583e-02 -1.08881958e-02 0.0
-2.42345629e-02 -1.18684326e-02 0.0
-2.31114288e-02 -1.28252554e-02 0.0
-2.19041315e-02 -1.37562727e-02 0.0
-2.06157926e-02 -1.46591160e-02 0.0
-1.92498340e-02 -1.55313614e-02 0.0
-1.78100381e-02 -1.63705396e-02 0.0
-1.63005384e-02 -1.71739180e-02 0.0
-1.47258887e-02 -1.79382363e-02 0.0
-1.30911534e-02 -1.86589435e-02 0.0
-1.14021113e-02 -1.93289740e-02 0.0
-9.66566981e-03 -1.99364056e-02 0.0
-7.89056029e-03 -2.04608032e-02 0.0
-6.08856102e-03 -2.08675202e-02 0.0
-4.27625001e-03 -2.11007710e-02 0.0
-2.47760962e-03 -2.10793006e-02 0.0
-7.27413542e-04 -2.07049840e-02 0.0
9.24288344e-04 -1.98903316e-02 0.0
2.40790023e-03 -1.85597297e-02 0.0
3.63451688e-03 -1.64532203e-02 0.0
4.51083319e-03 -1.25653687e-02 0.0
2.42511905e-03 -5.01925457e-03 0.0
2.35659677e-03 5.28681470e-03 0.0
4.36195133e-03 1.31456196e-02 0.0
3.46246301e-03 1.73590626e-02 0.0
2.21483789e-03 1.97345416e-02 0.0
7.13757679e-04 2.12437113e-02 0.0
-9.51667254e-04 2.21583979e-02 0.0
-2.71238283e-03 2.25808175e-02 0.0
-4.51939914e-03 2.26212767e-02 0.0
-6.33929664e-03 2.23922849e-02 0.0
-8.14939573e-03 2.19827481e-02 0.0
-9.93424770e-03 2.14520012e-02 0.0
-1.16829062e-02 2.08360620e-02 0.0
-1.33872384e-02 2.01556133e-02 0.0
-1.50406935e-02 1.94223496e-02 0.0
-1.66377094e-02 1.86429150e-02 0.0
-1.81732949e-02 1.78214464e-02 0.0
-1.96429017e-02 1.69608026e-02 0.0
-2.10423129e-02 1.60633876e-02 0.0
-2.23676257e-02 1.51313530e-02 0.0
-2.36152322e-02 1.41668664e-02 0.0
-2.47817973e-02 1.31720358e-02 0.0
-2.58642776e-02 1.21490501e-02 0.0
-2.68598727e-02 1.11000561e-02 0.0
-2.77660718e-02 1.00272753e-02 0.0
-2.85805784e-02 8.93288253e-03 0.0
-2.93013818e-02 7.81911431e-03 0.0
-2.99266586e-02 6.68816003e-03 0.0
-3.04548678e-02 5.54226113e-03 0.0
-3.08846326e-02 4.38361852e-03 0.0
-3.12148560e-02 3.21447985e-03 0.0
-3.14445892e-02 2.03706512e-03 0.0
-3.15731626e-02 8.53639204e-04 0.0
-3.16000469e-02 -3.33543362e-04 0.0
-3.15249947e-02 -1.52218315e-03 0.0
-3.13478997e-02 -2.70997186e-03 0.0
-3.10689446e-02 -3.89455630e-03 0.0
-3.06884627e-02 -5.07355605e-03 0.0
-3.02070862e-02 -6.24454784e-03 0.0
-2.96256168e-02 -7.40506640e-03 0.0
-2.89451678e-02 -8.55260960e-03 0.0
-2.81670473e-02 -9.68462448e-03 0.0
-2.72928897e-02 -1.07985326e-02 0.0
-2.63245540e-02 -1.18917032e-02 0.0
-2.52642401e-02 -1.29614971e-02 0.0
-2.41144049e-02 -1.40052279e-02 0.0
-2.28778580e-02 -1.50202188e-02 0.0
-2.15576991e-02 -1.60037458e-02 0.0
-2.01573903e-02 -1.69530814e-02 0.0
-1.86807215e-02 -1.78653687e-02 0.0
-1.71318695e-02 -1.87375268e-02 0.0
-1.55154210e-02 -1.95658121e-02 0.0
-1.38364844e-02 -2.03451254e-02 0.0
-1.21009018e-02 -2.10675012e-02 0.0
-1.03156478e-02 -2.17196551e-02 0.0
-8.48960004e-03 -2.22787895e-02 0.0
-6.63473006e-03 -2.27064762e-02 0.0
-4.76801918e-03 -2.29409057e-02 0.0
-2.91403879e-03 -2.28918482e-02 0.0
-1.10858180e-03 -2.24481456e-02 0.0
5.96935067e-04 -2.15044359e-02 0.0
2.13107999e-03 -1.99634231e-02 0.0
3.40296867e-03 -1.75480630e-02 0.0
4.31666783e-03 -1.32605652e-02 0.0
2.33622609e-03 -5.26842746e-03 0.0
2.27144735e-03 5.55158283e-03 0.0
4.17540043e-03 1.38643684e-02 0.0
3.23835396e-03 1.84768875e-02 0.0
1.94460221e-03 2.11581443e-02 0.0
3.91980706e-04 2.28738779e-02 0.0
-1.32817857e-03 2.39138941e-02 0.0
-3.14490776e-03 2.44028600e-02 0.0
-5.00795707e-03 2.44694037e-02 0.0
-6.88297090e-03 2.42391866e-02 0.0
-8.74682145e-03 2.38099219e-02 0.0
-1.05837166e-02 2.32467116e-02 0.0
-1.23826070e-02 2.25890444e-02 0.0
-1.41352234e-02 2.18597319e-02 0.0
-1.58349915e-02 2.10716114e-02 0.0
-1.74762643e-02 2.02321048e-02 0.0
-1.90540239e-02 1.93457674e-02 0.0
-2.05636556e-02 1.84158883e-02 0.0
-2.20009039e-02 1.74451305e-02 0.0
-2.33618220e-02 1.64360094e-02 0.0
-2.46427585e-02 1.53909201e-02 0.0
-2.58403625e-02 1.43123148e-02 0.0
-2.69515468e-02 1.32025959e-02 0.0
-2.79735236e-02 1.20642361e-02 0.0
-2.89037374e-02 1.08996569e-02 0.0
-2.97399276e-02 9.71133749e-03 0.0
-3.04800341e-02 8.50170236e-03 0.0
-3.11222858e-02 7.27322251e-03 0.0
-3.16650828e-02 6.02831864e-03 0.0
-3.21071082e-02 4.76945233e-03 0.0
-3.24471937e-02 3.49904680e-03 0.0
-3.26844502e-02 2.21956568e-03 0.0
-3.28181225e-02 9.33452279e-04 0.0
-3.28477348e-02 -3.56806706e-04 0.0
-3.27729406e-02 -1.64872328e-03 0.0
-3.25936773e-02 -2.93976185e-03 0.0
-3.23100174e-02 -4.22736326e-03 0.0
-3.19223274e-02 -5.50891767e-03 0.0
-3.14311243e-02 -6.78177192e-03 0.0
-3.08372332e-02 -8.04322268e-03 0.0
-3.01416551e-02 -9.29050896e-03 0.0
-2.93457159e-02 -1.05208258e-02 0.0
-2.84509494e-02 -1.17313041e-02 0.0
-2.74592318e-02 -1.29190439e-02 0.0
-2.63726838e-02 -1.40810837e-02 0.0
-2.51937839e-02 -1.52144499e-02 0.0
-2.39252917e-02 -1.63161144e-02 0.0
-2.25703364e-02 -1.73830487e-02 0.0
-2.11323634e-02 -1.84121477e-02 0.0
-1.96151997e-02 -1.94002254e-02 0.0
-1.80230380e-02 -2.03437756e-02 0.0
-1.63605084e-02 -2.12386337e-02 0.0
-1.46327698e-02 -2.20790710e-02 0.0
-1.28457247e-02 -2.28562731e-02 0.0
-1.10064627e-02 -2.35554868e-02 0.0
-9.12400378e-03 -2.41515475e-02 0.0
-7.21061647e-03 -2.46020547e-02 0.0
-5.28370159e-03 -2.48390254e-02 0.0
-3.36859618e-03 -2.47628814e-02 0.0
-1.50217117e-03 -2.42490528e-02 0.0
2.62517243e-04 -2.31737860e-02 0.0
1.85202935e-03 -2.14177719e-02 0.0
3.17298486e-03 -1.86865929e-02 0.0
4.12639415e-03 -1.39891672e-02 0.0
2.24960008e-03 -5.53356676e-03 0.0
2.18832786e-03 5.83149980e-03 0.0
3.99219678e-03 1.46163403e-02 0.0
3.01515456e-03 1.96390428e-02 0.0
1.67159487e-03 2.26333571e-02 0.0
6.27768080e-05 2.45601737e-02 0.0
-1.71722888e-03 2.57278492e-02 0.0
-3.59547313e-03 2.62839758e-02 0.0
-5.52013350e-03 2.63761102e-02 0.0
-7.45594287e-03 2.61434259e-02 0.0
-9.37910118e-03 2.56928270e-02 0.0
-1.12735249e-02 2.50952692e-02 0.0
-1.31279028e-02 2.43939092e-02 0.0
-1.49338866e-02 2.36136279e-02 0.0
-1.66847718e-02 2.27685366e-02 0.0
-1.83748741e-02 2.18667270e-02 0.0
-1.99990877e-02 2.09132950e-02 0.0
-2.15527598e-02 1.99118428e-02 0.0
-2.30315765e-02 1.88654205e-02 0.0
-2.44315508e-02 1.77767908e-02 0.0
-2.57490057e-02 1.66487073e-02 0.0
-2.69805523e-02 1.54838527e-02 0.0
-2.81231112e-02 1.42849706e-02 0.0
-2.91738578e-02 1.30547495e-02 0.0
-3.01302733e-02 1.17959295e-02 0.0
-3.09900577e-02 1.05111895e-02 0.0
-3.17512080e-02 9.20324693e-03 0.0
-3.24119049e-02 7.87475795e-03 0.0
-3.29706167e-02 6.52841089e-03 0.0
-3.34259643e-02 5.16684258e-03 0.0
-3.37768489e-02 3.79272206e-03 0.0
-3.40223020e-02 2.40868497e-03 0.0
-3.41616314e-02 1.01740457e-03 0.0
-3.41942637e-02 -3.78455553e-04 0.0
-3.41199031e-02 -1.77618588e-03 0.0
-3.39383731e-02 -3.17306031e-03 0.0
-3.36497826e-02 -4.56629829e-03 0.0
-3.32543718e-02 -5.95307749e-03 0.0
-3.27526804e-02 -7.33051528e-03 0.0
-3.21454030e-02 -8.69566665e-03 0.0
-3.14335525e-02 -1.00455259e-02 0.0
-3.06183296e-02 -1.13770123e-02 0.0
-2.97012752e-02 -1.26869918e-02 0.0
-2.86841572e-02 -1.39722527e-02 0.0
-2.75691050e-02 -1.52295461e-02 0.0
-2.63585165e-02 -1.64555528e-02 0.0
-2.50551679e-02 -1.76469366e-02 0.0
-2.36621435e-02 -1.88002947e-02 0.0
-2.21829170e-02 -1.99121945e-02 0.0
-2.06213094e-02 -2.09790454e-02 0.0
-1.89815534e-02 -2.19969709e-02 0.0
-1.72683131e-02 -2.29613062e-02 0.0
-1.54868024e-02 -2.38657451e-02 0.0
-1.36430117e-02 -2.47005304e-02 0.0
-1.17441363e-02 -2.54494591e-02 0.0
-9.79940991e-03 -2.60848494e-02 0.0
-7.82138908e-03 -2.65602439e-02 0.0
-5.82802529e-03 -2.68011928e-02 0.0
-3.84544136e-03 -2.66984732e-02 0.0
-1.91180682e-03 -2.61135841e-02 0.0
-8.19154511e-05 -2.49038881e-02 0.0
1.56839959e-03 -2.29275431e-02 0.0
2.94294600e-03 -1.98723587e-02 0.0
3.93902963e-03 -1.47529211e-02 0.0
2.16498444e-03 -5.81469734e-03 0.0
2.10711067e-03 6.12682461e-03 0.0
3.81165192e-03 1.54033829e-02 0.0
2.79179013e-03 2.08489475e-02 0.0
1.39419563e-03 2.41646637e-02 0.0
-2.75811487e-04 2.63077677e-02 0.0
-2.12124572e-03 2.76057835e-02 0.0
-4.06676839e-03 2.82299135e-02 0.0
-6.05898912e-03 2.83471703e-02 0.0
-8.06146679e-03 2.81107843e-02 0.0
-1.00497902e-02 2.76370917e-02 0.0
-1.20073977e-02 2.70031892e-02 0.0
-1.39227856e-02 2.62559164e-02 0.0
-1.57873926e-02 2.54223823e-02 0.0
-1.75944421e-02 2.45178934e-02 0.0
-1.93381234e-02 2.35513364e-02 0.0
-2.10132813e-02 2.25282431e-02 0.0
-2.26151797e-02 2.14526540e-02 0.0
-2.41394617e-02 2.03278976e-02 0.0
-2.55820978e-02 1.91571130e-02 0.0
-2.69393750e-02 1.79433047e-02 0.0
-2.82079031e-02 1.66895135e-02 0.0
-2.93845731e-02 1.53987184e-02 0.0
-3.04665955e-02 1.40739435e-02 0.0
-3.14514230e-02 1.27181452e-02 0.0
-3.23368173e-02 1.13343096e-02 0.0
-3.31207409e-02 9.92534991e-03 0.0
-3.38014517e-02 8.49419971e-03 0.0
-3.43773692e-02 7.04372599e-03 0.0
-3.48471960e-02 5.57681557e-03 0.0
-3.52097651e-02 4.09630564e-03 0.0
-3.54641833e-02 2.60506030e-03 0.0
-3.56096677e-02 1.10591914e-03 0.0
-3.56457065e-02 -3.98239114e-04 0.0
-3.55718908e-02 -1.90453039e-03 0.0
-3.53880875e-02 -3.41001726e-03 0.0
-3.50942731e-02 -4.91172612e-03 0.0
-3.46907122e-02 -6.40661710e-03 0.0
-3.41777997e-02 -7.89158654e-03 0.0
-3.35562380e-02 -9.36345636e-03 0.0
-3.28268926e-02 -1.08189643e-02 0.0
-3.19909616e-02 -1.22547734e-02 0.0
-3.10498483e-02 -1.36674531e-02 0.0
-3.00053152e-02 -1.50535083e-02 0.0
-2.88593779e-02 -1.64093533e-02 0.0
-2.76144354e-02 -1.77313589e-02 0.0
-2.62731858e-02 -1.90158166e-02 0.0
-2.48387284e-02 -2.02589908e-02 0.0
-2.33145030e-02 -2.14570482e-02 0.0
-2.17043632e-02 -2.26060403e-02 0.0
-2.00125551e-02 -2.37016429e-02 0.0
-1.82437934e-02 -2.47387396e-02 0.0
-1.64033571e-02 -2.57103616e-02 0.0
-1.44973199e-02 -2.66058423e-02 0.0
-1.25330299e-02 -2.74074106e-02 0.0
-1.05199139e-02 -2.80848333e-02 0.0
-8.47090838e-03 -2.85873747e-02 0.0
-6.40450098e-03 -2.88339143e-02 0.0
-4.34776469e-03 -2.87051469e-02 0.0
-2.34020779e-03 -2.80481675e-02 0.0
-4.38659727e-04 -2.67008023e-02 0.0
1.27845898e-03 -2.44981098e-02 0.0
2.71158647e-03 -2.11095045e-02 0.0
3.75388820e-03 -1.55541871e-02 0.0
2.08210116e-03 -6.11225622e-03 0.0
2.02754936e-03 6.43809781e-03 0.0
3.63329003e-03 1.62277812e-02 0.0
2.56731229e-03 2.21104316e-02 0.0
1.11117449e-03 2.57569743e-02 0.0
-6.25460910e-04 2.81221765e-02 0.0
-2.54213464e-03 2.95535779e-02 0.0
-4.56105455e-03 3.02466700e-02 0.0
-6.62693514e-03 3.03886398e-02 0.0
-8.70222061e-03 3.01472141e-02 0.0
-1.07616721e-02 2.96485870e-02 0.0
-1.27883352e-02 2.89761242e-02 0.0
-1.47703547e-02 2.81805599e-02 0.0
-1.66990292e-02 2.72911985e-02 0.0
-1.85673936e-02 2.63246773e-02 0.0
-2.03695609e-02 2.52905921e-02 0.0
-2.21002546e-02 2.41950346e-02 0.0
-2.37546820e-02 2.30423863e-02 0.0
-2.53284168e-02 2.18363814e-02 0.0
-2.68173893e-02 2.05804366e-02 0.0
-2.82178691e-02 1.92779347e-02 0.0
-2.95264400e-02 1.79321761e-02 0.0
-3.07400226e-02 1.65464964e-02 0.0
-3.18558096e-02 1.51241575e-02 0.0
-3.28713188e-02 1.36684420e-02 0.0
-3.37842927e-02 1.21825476e-02 0.0
-3.45927810e-02 1.06696790e-02 0.0
-3.52950105e-02 9.13295659e-03 0.0
-3.58894962e-02 7.57550464e-03 0.0
-3.63748890e-02 6.00037793e-03 0.0
-3.67501128e-02 4.41064236e-03 0.0
-3.70141968e-02 2.80931997e-03 0.0
-3.71664344e-02 1.19945926e-03 0.0
-3.72062074e-02 -4.15902079e-04 0.0
-3.71331620e-02 -2.03368011e-03 0.0
-3.69470317e-02 -3.65076533e-03 0.0
-3.66478235e-02 -5.26398157e-03 0.0
-3.62356475e-02 -6.87009189e-03 0.0
-3.57109054e-02 -8.46577564e-03 0.0
-3.50741332e-02 -1.00476221e-02 0.0
-3.43261852e-02 -1.16121274e-02 0.0
-3.34680940e-02 -1.31556786e-02 0.0
-3.25012426e-02 -1.46745715e-02 0.0
-3.14272448e-02 -1.61649884e-02 0.0
-3.02480978e-02 -1.76230357e-02 0.0
-2.89660850e-02 -1.90447171e-02 0.0
-2.75839004e-02 -2.04259857e-02 0.0
-2.61045744e-02 -2.17627032e-02 0.0
-2.45315656e-02 -2.30506732e-02 0.0
-2.28687141e-02 -2.42855126e-02 0.0
-2.11203100e-02 -2.54624910e-02 0.0
-1.92911123e-02 -2.65759595e-02 0.0
-1.73864725e-02 -2.76183255e-02 0.0
-1.54125771e-02 -2.85779168e-02 0.0
-1.33769090e-02 -2.94353964e-02 0.0
-1.12891518e-02 -3.01578191e-02 0.0
-9.16258623e-03 -3.06900520e-02 0.0
-7.01634767e-03 -3.09439693e-02 0.0
-4.87844445e-03 -3.07898090e-02 0.0
-2.78993867e-03 -3.00596382e-02 0.0
-8.09790958e-04 -2.85710869e-02 0.0
9.80559814e-04 -2.61353456e-02 0.0
2.47783319e-03 -2.24027084e-02 0.0
3.57033726e-03 -1.63958185e-02 0.0
2.00082228e-03 -6.42700437e-03 0.0
1.94959820e-03 6.76610015e-03 0.0
3.45661985e-03 1.70921827e-02 0.0
2.34094627e-03 2.34277288e-02 0.0
8.21274691e-04 2.74155495e-02 0.0
-9.87680859e-04 3.00092749e-02 0.0
-2.98179938e-03 3.15773690e-02 0.0
-5.08039671e-03 3.23405114e-02 0.0
-7.22632264e-03 3.25067334e-02 0.0
-9.38065036e-03 3.22588780e-02 0.0
-1.15174133e-02 3.17332932e-02 0.0
-1.36190826e-02 3.10199190e-02 0.0
-1.56735438e-02 3.01734234e-02 0.0
-1.76718129e-02 2.92254660e-02 0.0
-1.96068007e-02 2.81939559e-02 0.0
-2.14724427e-02 2.70893234e-02 0.0
-2.32633786e-02 2.59181372e-02 0.0
-2.49747061e-02 2.46852459e-02 0.0
-2.66019439e-02 2.33947027e-02 0.0
-2.81409781e-02 2.20503297e-02 0.0
-2.95880504e-02 2.06557996e-02 0.0
-3.09397617e-02 1.92147954e-02 0.0
-3.21930233e-02 1.77309188e-02 0.0
-3.33450934e-02 1.62077823e-02 0.0
-3.43934869e-02 1.46489032e-02 0.0
-3.53360436e-02 1.30577898e-02 0.0
-3.61708028e-02 1.14378482e-02 0.0
-3.68961027e-02 9.79246773e-03 0.0
-3.75104289e-02 8.12494550e-03 0.0
-3.80125421e-02 6.43856826e-03 0.0
-3.84013080e-02 4.73655478e-03 0.0
-3.86758509e-02 3.02213111e-03 0.0
-3.88353724e-02 1.29849060e-03 0.0
-3.88793251e-02 -4.31141288e-04 0.0
-3.88072284e-02 -2.16353015e-03 0.0
-3.86188571e-02 -3.89538140e-03 0.0
-3.83140603e-02 -5.62334851e-03 0.0
-3.78929580e-02 -7.34399810e-03 0.0
-3.73557716e-02 -9.05380566e-03 0.0
-3.67030201e-02 -1.07491393e-02 0.0
-3.59353671e-02 -1.24262464e-02 0.0
-3.50538103e-02 -1.40812572e-02 0.0
-3.40595484e-02 -1.57101660e-02 0.0
-3.29541555e-02 -1.73088565e-02 0.0
-3.17394710e-02 -1.88730795e-02 0.0
-3.04177487e-02 -2.03984985e-02 0.0
-2.89915709e-02 -2.18806631e-02 0.0
-2.74639645e-02 -2.33150613e-02 0.0
-2.58383380e-02 -2.46970576e-02 0.0
-2.41185628e-02 -2.60218660e-02 0.0
-2.23089482e-02 -2.72842690e-02 0.0
-2.04143204e-02 -2.84781204e-02 0.0
-1.84401192e-02 -2.95951184e-02 0.0
-1.63926407e-02 -3.06226081e-02 0.0
-1.42795500e-02 -3.15395713e-02 0.0
-1.21107507e-02 -3.23103028e-02 0.0
-9.89994241e-03 -3.28750392e-02 0.0
-7.66685272e-03 -3.31383995e-02 0.0
-5.44055917e-03 -3.29596577e-02 0.0
-3.26367744e-03 -3.21552492e-02 0.0
-1.19760075e-03 -3.05217640e-02 0.0
6.73000510e-04 -2.78456724e-02 0.0
2.24049119e-03 -2.37571879e-02 0.0
3.38779258e-03 -1.72811737e-02 0.0
1.92091348e-03 -6.75998978e-03 0.0
1.87303414e-03 7.11182503e-03 0.0
3.28122681e-03 1.79996222e-02 0.0
2.11176831e-03 2.48054684e-02 0.0
5.23262698e-04 2.91460550e-02 0.0
-1.36417617e-03 3.19752477e-02 0.0
-3.44215006e-03 3.36835920e-02 0.0
-5.62703352e-03 3.45178874e-02 0.0
-7.85949192e-03 3.47078773e-02 0.0
-1.00993353e-02 3.44520537e-02 0.0
-1.23196682e-02 3.38973768e-02 0.0
-1.45025035e-02 3.31405141e-02 0.0
-1.66353032e-02 3.22402753e-02 0.0
-1.87088811e-02 3.12306555e-02 0.0
-2.07158915e-02 3.01309676e-02 0.0
-2.26501408e-02 2.89524112e-02 0.0
-2.45061000e-02 2.77021578e-02 0.0
-2.62787821e-02 2.63854506e-02 0.0
-2.79636206e-02 2.50067912e-02 0.0
-2.95564607e-02 2.35703321e-02 0.0
-3.10535390e-02 2.20801619e-02 0.0
-3.24514504e-02 2.05402667e-02 0.0
-3.37471668e-02 1.89546304e-02 0.0
-3.49379593e-02 1.73271322e-02 0.0
-3.60214487e-02 1.56616259e-02 0.0
-3.69954880e-02 1.39618443e-02 0.0
-3.78582457e-02 1.22314799e-02 0.0
-3.86080576e-02 1.04741066e-02 0.0
-3.92435414e-02 8.69326107e-03 0.0
-3.97634263e-02 6.89238291e-03 0.0
-4.01666969e-02 5.07489260e-03 0.0
-4.04524077e-02 3.24414967e-03 0.0
-4.06198528e-02 1.40352376e-03 0.0
-4.06683732e-02 -4.43630301e-04 0.0
-4.05975455e-02 -2.29391220e-03 0.0
-4.04069915e-02 -4.14388566e-03 0.0
-4.00965793e-02 -5.99003219e-03 0.0
-3.96662409e-02 -7.82874774e-03 0.0
-3.91161797e-02 -9.65631334e-03 0.0
-3.84467034e-02 -1.14688822e-02 0.0
-3.76584287e-02 -1.32624695e-02 0.0
-3.67521352e-02 -1.50329343e-02 0.0
-3.57289593e-02 -1.67759902e-02 0.0
-3.45902722e-02 -1.84871859e-02 0.0
-3.33378536e-02 -2.01619383e-02 0.0
-3.19737947e-02 -2.17955136e-02 0.0
-3.05006419e-02 -2.33830796e-02 0.0
-2.89213237e-02 -2.49196762e-02 0.0
-2.72392553e-02 -2.64002498e-02 0.0
-2.54582911e-02 -2.78195284e-02 0.0
-2.35827984e-02 -2.91718314e-02 0.0
-2.16176714e-02 -3.04504308e-02 0.0
-1.95684562e-02 -3.16463416e-02 0.0
-1.74415983e-02 -3.27458364e-02 0.0
-1.52449282e-02 -3.37262151e-02 0.0
-1.29886297e-02 -3.45488636e-02 0.0
-1.06867557e-02 -3.51492608e-02 0.0
-8.35970063e-03 -3.54244163e-02 0.0
-6.03752906e-03 -3.52221905e-02 0.0
-3.76457350e-03 -3.43426299e-02 0.0
-1.60470939e-03 -3.25603890e-02 0.0
3.53702796e-04 -2.96361162e-02 0.0
1.99824495e-03 -2.51788195e-02 0.0
3.20554856e-03 -1.82141790e-02 0.0
1.84225418e-03 -7.11256882e-03 0.0
1.79781992e-03 7.47650100e-03 0.0
3.10656330e-03 1.89535582e-02 0.0
1.87883728e-03 2.62487678e-02 0.0
2.15599750e-04 3.09545670e-02 0.0
-1.75678059e-03 3.40266440e-02 0.0
-3.92541601e-03 3.58789103e-02 0.0
-6.20330677e-03 3.67854677e-02 0.0
-8.52903232e-03 3.69986200e-02 0.0
-1.08609232e-02 3.67332010e-02 0.0
-1.31713059e-02 3.61471132e-02 0.0
-1.54415577e-02 3.53440467e-02 0.0
-1.76588177e-02 3.43869943e-02 0.0
-1.98135341e-02 3.33124333e-02 0.0
-2.18981607e-02 3.21410366e-02 0.0
-2.39062519e-02 3.08848994e-02 0.0
-2.58321424e-02 2.95517403e-02 0.0
-2.76706977e-02 2.81473295e-02 0.0
-2.94172808e-02 2.66765591e-02 0.0
-3.10676949e-02 2.51440430e-02 0.0
-3.26181645e-02 2.35542214e-02 0.0
-3.40653318e-02 2.19115043e-02 0.0
-3.54061946e-02 2.02201853e-02 0.0
-3.66381351e-02 1.84845159e-02 0.0
-3.77588130e-02 1.67086074e-02 0.0
-3.87662287e-02 1.48965049e-02 0.0
-3.96585804e-02 1.30521057e-02 0.0
-4.04343621e-02 1.11792377e-02 0.0
-4.10921937e-02 9.28159672e-03 0.0
-4.16309520e-02 7.36282612e-03 0.0
-4.20495830e-02 5.42647297e-03 0.0
-4.23472616e-02 3.47606358e-03 0.0
-4.25231941e-02 1.51507776e-03 0.0
-4.25768026e-02 -4.52983359e-04 0.0
-4.25075251e-02 -2.42460718e-03 0.0
-4.23150180e-02 -4.39621301e-03 0.0
-4.19989628e-02 -6.36414852e-03 0.0
-4.15592790e-02 -8.32464763e-03 0.0
-4.09959450e-02 -1.02738168e-02 0.0
-4.03092145e-02 -1.22076106e-02 0.0
-3.94994565e-02 -1.41218118e-02 0.0
-3.85673673e-02 -1.60120278e-02 0.0
-3.75138356e-02 -1.78736689e-02 0.0
-3.63401394e-02 -1.97019679e-02 0.0
-3.50478387e-02 -2.14919623e-02 0.0
-3.36389475e-02 -2.32385367e-02 0.0
-3.21158525e-02 -2.49364083e-02 0.0
-3.04814486e-02 -2.65801807e-02 0.0
-2.87390810e-02 -2.81642971e-02 0.0
-2.68926375e-02 -2.96830086e-02 0.0
-2.49465227e-02 -3.11300804e-02 0.0
-2.29057369e-02 -3.24982168e-02 0.0
-2.07759658e-02 -3.37776634e-02 0.0
-1.85638207e-02 -3.49536366e-02 0.0
-1.62773633e-02 -3.60016582e-02 0.0
-1.39270202e-02 -3.68801723e-02 0.0
-1.15272559e-02 -3.75196951e-02 0.0
-9.09901526e-03 -3.78093740e-02 0.0
-6.67340141e-03 -3.75851067e-02 0.0
-4.29634616e-03 -3.66298024e-02 0.0
-2.03442664e-03 -3.46950686e-02 0.0
2.01212032e-05 -3.15144527e-02 0.0
1.74934048e-03 -2.66742898e-02 0.0
3.02278587e-03 -1.91994894e-02 0.0
1.76456106e-03 -7.48645560e-03 0.0
1.72368884e-03 7.86162767e-03 0.0
2.93203594e-03 1.99579991e-02 0.0
1.64082776e-03 2.77633118e-02 0.0
-1.03498075e-04 3.28476590e-02 0.0
-2.16780221e-03 3.61703267e-02 0.0
-4.43405056e-03 3.81702221e-02 0.0
-6.81190847e-03 3.91500314e-02 0.0
-9.23764018e-03 3.93856588e-02 0.0
-1.16683044e-02 3.91088768e-02 0.0
-1.40752824e-02 3.84889733e-02 0.0
-1.64394516e-02 3.76367946e-02 0.0
-1.87474366e-02 3.66196910e-02 0.0
-2.09893797e-02 3.54766045e-02 0.0
-2.31573653e-02 3.42296952e-02 0.0
-2.52447270e-02 3.28919171e-02 0.0
-2.72455582e-02 3.14716731e-02 0.0
-2.91545989e-02 2.99752241e-02 0.0
-3.09671102e-02 2.84079918e-02 0.0
-3.26788616e-02 2.67750079e-02 0.0
-3.42860985e-02 2.50811928e-02 0.0
-3.57854957e-02 2.33313236e-02 0.0
-3.71741617e-02 2.15301149e-02 0.0
-3.84495436e-02 1.96821220e-02 0.0
-3.96094664e-02 1.77918057e-02 0.0
-4.06519970e-02 1.58634473e-02 0.0
-4.15755209e-02 1.39012208e-02 0.0
-4.23785751e-02 1.19091288e-02 0.0
-4.30599621e-02 9.89107924e-03 0.0
-4.36185597e-02 7.85084138e-03 0.0
-4.40534696e-02 5.79212330e-03 0.0
-4.43638137e-02 3.71854598e-03 0.0
-4.45489110e-02 1.63371698e-03 0.0
-4.46080698e-02 -4.58778935e-04 0.0
-4.45407874e-02 -2.55531410e-03 0.0
-4.43465455e-02 -4.65221316e-03 0.0
-4.40250270e-02 -6.74569906e-03 0.0
-4.35759227e-02 -8.83187727e-03 0.0
-4.29991566e-02 -1.09066971e-02 0.0
-4.22947127e-02 -1.29659289e-02 0.0
-4.14628606e-02 -1.50051443e-02 0.0
-4.05040073e-02 -1.70196912e-02 0.0
-3.94189153e-02 -1.90046970e-02 0.0
-3.82085833e-02 -2.09550467e-02 0.0
-3.68744460e-02 -2.28654120e-02 0.0
-3.54182852e-02 -2.47302381e-02 0.0
-3.38423985e-02 -2.65437967e-02 0.0
-3.21495369e-02 -2.83001720e-02 0.0
-3.03430310e-02 -2.99932993e-02 0.0
-2.84267506e-02 -3.16168537e-02 0.0
-2.64051876e-02 -3.31640389e-02 0.0
-2.42834664e-02 -3.46268917e-02 0.0
-2.20674597e-02 -3.59948917e-02 0.0
-1.97640223e-02 -3.72521141e-02 0.0
-1.73814657e-02 -3.83723137e-02 0.0
-1.49305478e-02 -3.93108921e-02 0.0
-1.24260672e-02 -3.99933276e-02 0.0
-9.88953856e-03 -4.03006110e-02 0.0
-7.35288724e-03 -4.00562254e-02 0.0
-4.86363220e-03 -3.90250755e-02 0.0
-2.49090539e-03 -3.69345115e-02 0.0
-3.31187465e-04 -3.34893346e-02 0.0
1.49150192e-03 -2.82513621e-02 0.0
2.83833518e-03 -2.02427296e-02 0.0
1.68761351e-03 -7.88384380e-03 0.0
1.65051966e-03 8.26908458e-03 0.0
2.75672094e-03 2.10176788e-02 0.0
1.39608861e-03 2.93555266e-02 0.0
-4.36479241e-04 3.48324108e-02 0.0
-2.59996084e-03 3.84134554e-02 0.0
-4.97101362e-03 4.05645070e-02 0.0
-7.45569812e-03 4.16184213e-02 0.0
-9.98826497e-03 4.18757157e-02 0.0
-1.25243998e-02 4.15857846e-02 0.0
-1.50347493e-02 4.09295723e-02 0.0
-1.74994890e-02 4.00252983e-02 0.0
-1.99047920e-02 3.89446798e-02 0.0
-2.22402666e-02 3.77292490e-02 0.0
-2.44976427e-02 3.64026358e-02 0.0
-2.66698704e-02 3.49787966e-02 0.0
-2.87508206e-02 3.34668102e-02 0.0
-3.07350358e-02 3.18735814e-02 0.0
-3.26176958e-02 3.02050457e-02 0.0
-3.43945447e-02 2.84667937e-02 0.0
-3.60618549e-02 2.66641913e-02 0.0
-3.76164035e-02 2.48025034e-02 0.0
-3.90553874e-02 2.28868122e-02 0.0
-4.03764356e-02 2.09220739e-02 0.0
-4.15774798e-02 1.89130317e-02 0.0
-4.26568068e-02 1.68642782e-02 0.0
-4.36128933e-02 1.47801889e-02 0.0
-4.44444994e-02 1.26649954e-02 0.0
-4.51504781e-02 1.05227396e-02 0.0
-4.57299063e-02 8.35735172e-03 0.0
-4.61818781e-02 6.17262471e-03 0.0
-4.65056691e-02 3.97229161e-03 0.0
-4.67005217e-02 1.76001751e-03 0.0
-4.67658379e-02 -4.60527219e-04 0.0
-4.67009652e-02 -2.68566016e-03 0.0
-4.65054104e-02 -4.91162198e-03 0.0
-4.61786359e-02 -7.13455774e-03 0.0
-4.57202877e-02 -9.35046429e-03 0.0
-4.51300091e-02 -1.15551635e-02 0.0
-4.44076758e-02 -1.37442659e-02 0.0
-4.35532347e-02 -1.59131409e-02 0.0
-4.25669377e-02 -1.80569010e-02 0.0
-4.14492108e-02 -2.01703747e-02 0.0
-4.02008775e-02 -2.22481163e-02 0.0
-3.88230612e-02 -2.42843881e-02 0.0
-3.73173870e-02 -2.62731999e-02 0.0
-3.56859157e-02 -2.82083035e-02 0.0
-3.39313101e-02 -3.00832505e-02 0.0
-3.20567941e-02 -3.18913657e-02 0.0
-3.00662699e-02 -3.36257190e-02 0.0
-2.79643021e-02 -3.52788336e-02 0.0
-2.57562020e-02 -3.68420484e-02 0.0
-2.34481048e-02 -3.83039680e-02 0.0
-2.10471835e-02 -3.96475230e-02 0.0
-1.85621387e-02 -4.08446292e-02 0.0
-1.60040829e-02 -4.18476675e-02 0.0
-1.33882391e-02 -4.25769877e-02 0.0
-1.07365204e-02 -4.29053006e-02 0.0
-8.08156839e-03 -4.26432332e-02 0.0
-5.47207950e-03 -4.15368946e-02 0.0
-2.97961919e-03 -3.92879522e-02 0.0
-7.04825618e-04 -3.55704651e-02 0.0
1.22141418e-03 -2.99192089e-02 0.0
2.65057252e-03 -2.13509083e-02 0.0
1.61092219e-03 -8.30761070e-03 0.0
1.57785493e-03 8.70131360e-03 0.0
2.57934816e-03 2.21383825e-02 0.0
1.14211021e-03 3.10327471e-02 0.0
-7.86478623e-04 3.69164237e-02 0.0
-3.05674372e-03 4.07632849e-02 0.0
-5.53955970e-03 4.30686632e-02 0.0
-8.13780276e-03 4.41973271e-02 0.0
-1.07837821e-02 4.44755096e-02 0.0
-1.34321953e-02 4.41707076e-02 0.0
-1.60528010e-02 4.34757898e-02 0.0
-1.86251530e-02 4.25163705e-02 0.0
-2.11346721e-02 4.13686406e-02 0.0
-2.35704050e-02 4.00767164e-02 0.0
-2.59234789e-02 3.86658484e-02 0.0
-2.81864534e-02 3.71510228e-02 0.0
-3.03528483e-02 3.55421711e-02 0.0
-3.24170331e-02 3.38468655e-02 0.0
-3.43740840e-02 3.20717189e-02 0.0
-3.62197463e-02 3.02228775e-02 0.0
-3.79503728e-02 2.83062876e-02 0.0
-3.95628469e-02 2.63276693e-02 0.0
-4.10545616e-02 2.42925778e-02 0.0
-4.24232958e-02 2.22063165e-02 0.0
-4.36672362e-02 2.00739897e-02 0.0
-4.47848164e-02 1.79004331e-02 0.0
-4.57747832e-02 1.56902799e-02 0.0
-4.66360070e-02 1.34479145e-02 0.0
-4.73675915e-02 1.11775481e-02 0.0
-4.79686637e-02 8.88319368e-03 0.0
-4.84385224e-02 6.56874559e-03 0.0
-4.87764172e-02 4.23797301e-03 0.0
-4.89817299e-02 1.89459897e-03 0.0
-4.90537514e-02 -4.57690083e-04 0.0
-4.89918900e-02 -2.81517019e-03 0.0
-4.87954551e-02 -5.17405722e-03 0.0
-4.84638855e-02 -7.53044168e-03 0.0
-4.79965489e-02 -9.88025664e-03 0.0
-4.73929830e-02 -1.22192257e-02 0.0
-4.66527194e-02 -1.45428261e-02 0.0
-4.57755293e-02 -1.68462544e-02 0.0
-4.47612792e-02 -1.91243910e-02 0.0
-4.36101734e-02 -2.13717888e-02 0.0
-4.23226456e-02 -2.35826464e-02 0.0
-4.08995895e-02 -2.57508258e-02 0.0
-3.93422881e-02 -2.78698426e-02 0.0
-3.76526190e-02 -2.99329151e-02 0.0
-3.58330181e-02 -3.19329660e-02 0.0
-3.38866439e-02 -3.38626671e-02 0.0
-3.18173654e-02 -3.57143505e-02 0.0
-2.96298755e-02 -3.74797925e-02 0.0
-2.73297137e-02 -3.91494848e-02 0.0
-2.49233785e-02 -4.07110965e-02 0.0
-2.24185272e-02 -4.21462973e-02 0.0
-1.98243826e-02 -4.34251703e-02 0.0
-1.71526321e-02 -4.44970534e-02 0.0
-1.44189397e-02 -4.52772514e-02 0.0
-1.16456432e-02 -4.56301579e-02 0.0
-8.86570481e-03 -4.53533620e-02 0.0
-6.12859084e-03 -4.41734547e-02 0.0
-3.50755540e-03 -4.17649615e-02 0.0
-1.10719700e-03 -3.77686701e-02 0.0
9.34385627e-04 -3.16888747e-02 0.0
2.45698166e-03 -2.25330326e-02 0.0
1.53391049e-03 -8.76169100e-03 0.0
1.50523353e-03 9.16167992e-03 0.0
2.39782275e-03 2.33274094e-02 0.0
8.75418417e-04 3.28034190e-02 0.0
-1.15778267e-03 3.91076186e-02 0.0
-3.54216451e-03 4.32268363e-02 0.0
-6.14322923e-03 4.56891108e-02 0.0
-8.86107301e-03 4.68931053e-02 0.0
-1.16268396e-02 4.71916333e-02 0.0
-1.43942887e-02 4.68706203e-02 0.0
-1.71324506e-02 4.61348334e-02 0.0
-1.98198784e-02 4.51173103e-02 0.0
-2.24411284e-02 4.38986851e-02 0.0
-2.49843030e-02 4.25258062e-02 0.0
-2.74398520e-02 4.10256164e-02 0.0
-2.97997295e-02 3.94143495e-02 0.0
-3.20571149e-02 3.77028723e-02 0.0
-3.42061421e-02 3.58996274e-02 0.0
-3.62418291e-02 3.40119473e-02 0.0
-3.81599589e-02 3.20466929e-02 0.0
-3.99569992e-02 3.00103885e-02 0.0
-4.16300392e-02 2.79093272e-02 0.0
-4.31766669e-02 2.57495013e-02 0.0
-4.45949548e-02 2.35366457e-02 0.0
-4.58833000e-02 2.12761680e-02 0.0
-4.70404597e-02 1.89732048e-02 0.0
-4.80653620e-02 1.66325756e-02 0.0
-4.89571885e-02 1.42588529e-02 0.0
-4.97151637e-02 1.18563391e-02 0.0
-5.03386816e-02 9.42914537e-03 0.0
-5.08270798e-02 6.98118765e-03 0.0
-5.11798053e-02 4.51626940e-03 0.0
-5.13961833e-02 2.03809450e-03 0.0
-5.14756147e-02 -4.49651035e-04 0.0
-5.14173493e-02 -2.94327187e-03 0.0
-5.12207085e-02 -5.43898693e-03 0.0
-5.08848718e-02 -7.93289135e-03 0.0
-5.04091182e-02 -1.04208896e-02 0.0
-4.97926351e-02 -1.28986507e-02 0.0
-4.90347712e-02 -1.53615556e-02 0.0
-4.81348766e-02 -1.78046518e-02 0.0
-4.70925594e-02 -2.02226196e-02 0.0
-4.59075639e-02 -2.26097335e-02 0.0
-4.45800239e-02 -2.49598552e-02 0.0
-4.31103835e-02 -2.72664101e-02 0.0
-4.14996369e-02 -2.95224141e-02 0.0
-3.97492927e-02 -3.17204730e-02 0.0
-3.78615872e-02 -3.38528384e-02 0.0
-3.58394861e-02 -3.59113991e-02 0.0
-3.36868549e-02 -3.78876616e-02 0.0
-3.14084879e-02 -3.97724740e-02 0.0
-2.90102332e-02 -4.15553562e-02 0.0
-2.64990844e-02 -4.32228446e-02 0.0
-2.38833668e-02 -4.47552508e-02 0.0
-2.11731377e-02 -4.61207196e-02 0.0
-1.83809000e-02 -4.72656155e-02 0.0
-1.55230753e-02 -4.81003229e-02 0.0
-1.26223800e-02 -4.84811858e-02 0.0
-9.71189216e-03 -4.81928589e-02 0.0
-6.84094944e-03 -4.69421017e-02 0.0
-4.08347623e-03 -4.43748994e-02 0.0
-1.54683598e-03 -4.00957937e-02 0.0
6.23528970e-04 -3.35737491e-02 0.0
2.25377489e-03 -2.38010359e-02 0.0
1.45546168e-03 -9.25170314e-03 0.0
1.43156446e-03 9.65509975e-03 0.0
2.20896438e-03 2.45942425e-02 0.0
5.90915700e-04 3.46770954e-02 0.0
-1.55558173e-03 4.14137206e-02 0.0
-4.06053176e-03 4.58101664e-02 0.0
-6.78486637e-03 4.84313023e-02 0.0
-9.62747781e-03 4.97115098e-02 0.0
-1.25189665e-02 5.00306445e-02 0.0
-1.54125785e-02 4.96928471e-02 0.0
-1.82761859e-02 4.89145695e-02 0.0
-2.10870825e-02 4.78361057e-02 0.0
-2.38283546e-02 4.65426325e-02 0.0
-2.64869387e-02 4.50838485e-02 0.0
-2.90522487e-02 4.34886737e-02 0.0
-3.15155979e-02 4.17747664e-02 0.0
-3.38697063e-02 3.99542023e-02 0.0
-3.61085340e-02 3.80364085e-02 0.0
-3.82270616e-02 3.60296384e-02 0.0
-4.02211809e-02 3.39415080e-02 0.0
-4.20875696e-02 3.17792568e-02 0.0
-4.38235597e-02 2.95497393e-02 0.0
-4.54270757e-02 2.72594767e-02 0.0
-4.68964729e-02 2.49145915e-02 0.0
-4.82305341e-02 2.25208546e-02 0.0
-4.94282804e-02 2.00836395e-02 0.0
-5.04890221e-02 1.76079867e-02 0.0
-5.14121469e-02 1.50985814e-02 0.0
-5.21972195e-02 1.25598308e-02 0.0
-5.28437535e-02 9.99586247e-03 0.0
-5.33513553e-02 7.41060933e-03 0.0
-5.37194864e-02 4.80782631e-03 0.0
-5.39476462e-02 2.19117774e-03 0.0
-5.40351341e-02 -4.35730367e-04 0.0
-5.39812631e-02 -3.06926440e-03 0.0
-5.37851332e-02 -5.70571855e-03 0.0
-5.34458685e-02 -8.34123457e-03 0.0
-5.29624107e-02 -1.09717487e-02 0.0
-5.23337740e-02 -1.35929214e-02 0.0
-5.15588680e-02 -1.62000812e-02 0.0
-5.06367633e-02 -1.87881695e-02 0.0
-4.95665534e-02 -2.13516877e-02 0.0
-4.83476238e-02 -2.38846645e-02 0.0
-4.69795603e-02 -2.63806144e-02 0.0
-4.54624146e-02 -2.88325363e-02 0.0
-4.37966639e-02 -3.12328945e-02 0.0
-4.19834649e-02 -3.35736546e-02 0.0
-4.00246647e-02 -3.58462882e-02 0.0
-3.79230322e-02 -3.80418149e-02 0.0
-3.56823137e-02 -4.01507314e-02 0.0
-3.33074273e-02 -4.21627960e-02 0.0
-3.08045607e-02 -4.40662947e-02 0.0
-2.81813411e-02 -4.58464128e-02 0.0
-2.54470426e-02 -4.74818345e-02 0.0
-2.26129033e-02 -4.89386357e-02 0.0
-1.96927921e-02 -5.01601742e-02 0.0
-1.67043099e-02 -5.10521893e-02 0.0
-1.36709618e-02 -5.14634731e-02 0.0
-1.06256789e-02 -5.11664423e-02 0.0
-7.61686473e-03 -4.98483648e-02 0.0
-4.71717130e-03 -4.71258800e-02 0.0
-2.03465548e-03 -4.25640341e-02 0.0
2.79292316e-04 -3.55898720e-02 0.0
2.03509761e-03 -2.51710014e-02 0.0
1.37395032e-03 -9.78601577e-03 0.0
1.35528707e-03 1.01891605e-02 0.0
2.00775866e-03 2.59512447e-02 0.0
2.82075123e-04 3.66638841e-02 0.0
-1.98536819e-03 4.38409528e-02 0.0
-4.61460789e-03 4.85172271e-02 0.0
-7.46499165e-03 5.12990832e-02 0.0
-1.04362244e-02 5.26577175e-02 0.0
-1.34595416e-02 5.29994050e-02 0.0
-1.64873190e-02 5.26456568e-02 0.0
-1.94857667e-02 5.18240112e-02 0.0
-2.24299212e-02 5.06819268e-02 0.0
-2.53008750e-02 4.93092613e-02 0.0
-2.80837896e-02 4.77589541e-02 0.0
-3.07669021e-02 4.60622351e-02 0.0
-3.33406855e-02 4.42385899e-02 0.0
-3.57974775e-02 4.23015367e-02 0.0
-3.81310766e-02 4.02617621e-02 0.0
-4.03365468e-02 3.81285451e-02 0.0
-4.24099898e-02 3.59104254e-02 0.0
-4.43483797e-02 3.36153774e-02 0.0
-4.61494363e-02 3.12509200e-02 0.0
-4.78114515e-02 2.88240759e-02 0.0
-4.93332395e-02 2.63414175e-02 0.0
-5.07139436e-02 2.38090245e-02 0.0
-5.19530506e-02 2.12325415e-02 0.0
-5.30501764e-02 1.86171586e-02 0.0
-5.40051360e-02 1.59676852e-02 0.0
-5.48177113e-02 1.32885514e-02 0.0
-5.54877700e-02 1.05838936e-02 0.0
-5.60150227e-02 7.85757501e-03 0.0
-5.63991847e-02 5.11327709e-03 0.0
-5.66397300e-02 2.35453748e-03 0.0
-5.67360903e-02 -4.15156672e-04 0.0
-5.66874154e-02 -3.19231710e-03 0.0
-5.64928020e-02 -5.97336266e-03 0.0
-5.61510714e-02 -8.75455752e-03 0.0
-5.56610213e-02 -1.15319252e-02 0.0
-5.50212311e-02 -1.43011809e-02 0.0
-5.42303302e-02 -1.70576563e-02 0.0
-5.32868414e-02 -1.97962317e-02 0.0
-5.21894593e-02 -2.25112779e-02 0.0
-5.09369418e-02 -2.51965959e-02 0.0
-4.95283934e-02 -2.78453837e-02 0.0
-4.79632118e-02 -3.04501946e-02 0.0
-4.62413723e-02 -3.30029380e-02 0.0
-4.43634364e-02 -3.54948664e-02 0.0
-4.23308315e-02 -3.79166097e-02 0.0
-4.01459266e-02 -4.02581647e-02 0.0
-3.78123016e-02 -4.25088633e-02 0.0
-3.53348911e-02 -4.46571017e-02 0.0
-3.27202403e-02 -4.66896480e-02 0.0
-2.99767231e-02 -4.85899369e-02 0.0
-2.71148123e-02 -5.03346576e-02 0.0
-2.41474508e-02 -5.18874471e-02 0.0
-2.10905218e-02 -5.31885309e-02 0.0
-1.79637571e-02 -5.41392005e-02 0.0
-1.47921812e-02 -5.45814977e-02 0.0
-1.16090531e-02 -5.42769310e-02 0.0
-8.46101595e-03 -5.28948181e-02 0.0
-5.41727181e-03 -5.00229433e-02 0.0
-2.58259746e-03 -4.51842263e-02 0.0
-1.10858388e-04 -3.77554189e-02 0.0
1.79236100e-03 -2.66645163e-02 0.0
1.28652857e-03 -1.03774836e-02 0.0
1.27345265e-03 1.07759804e-02 0.0
1.78715911e-03 2.74138311e-02 0.0
-5.81272620e-05 3.87723262e-02 0.0
-2.44958076e-03 4.63914900e-02 0.0
-5.20180176e-03 5.13482544e-02 0.0
-8.17770292e-03 5.42944669e-02 0.0
-1.12810018e-02 5.57370112e-02 0.0
-1.44436806e-02 5.61062731e-02 0.0
-1.76163184e-02 5.57393867e-02 0.0
-2.07617065e-02 5.48743172e-02 0.0
-2.38514650e-02 5.36657483e-02 0.0
-2.68636159e-02 5.22087726e-02 0.0
-2.97811913e-02 5.05601716e-02 0.0
-3.25909408e-02 4.87541283e-02 0.0
-3.52826003e-02 4.68123955e-02 0.0
-3.78481560e-02 4.47503405e-02 0.0
-4.02814471e-02 4.25801135e-02 0.0
-4.25777531e-02 4.03122364e-02 0.0
-4.47335431e-02 3.79562330e-02 0.0
-4.67462490e-02 3.55209290e-02 0.0
-4.86140628e-02 3.30144978e-02 0.0
-5.03358255e-02 3.04445283e-02 0.0
-5.19108264e-02 2.78179982e-02 0.0
-5.33387728e-02 2.51413283e-02 0.0
-5.46195741e-02 2.24203686e-02 0.0
-5.57533756e-02 1.96604677e-02 0.0
-5.67403239e-02 1.68664791e-02 0.0
-5.75806569e-02 1.40428443e-02 0.0
-5.82744546e-02 1.11936197e-02 0.0
-5.88217781e-02 8.32256898e-03 0.0
-5.92224143e-02 5.43320750e-03 0.0
-5.94760566e-02 2.52890103e-03 0.0
-5.95820536e-02 -3.87075223e-04 0.0
-5.95396244e-02 -3.31143555e-03 0.0
-5.93476208e-02 -6.24081285e-03 0.0
-5.90047716e-02 -9.17165915e-03 0.0
-5.85094692e-02 -1.21001665e-02 0.0
-5.78600353e-02 -1.50221735e-02 0.0
-5.70545443e-02 -1.79330827e-02 0.0
-5.60911051e-02 -2.08277783e-02 0.0
-5.49677314e-02 -2.37005475e-02 0.0
-5.36826353e-02 -2.65450160e-02 0.0
-5.22341550e-02 -2.93540817e-02 0.0
-5.06210572e-02 -3.21198781e-02 0.0
-4.88425327e-02 -3.48337311e-02 0.0
-4.68985068e-02 -3.74861574e-02 0.0
-4.47897149e-02 -4.00668452e-02 0.0
-4.25180264e-02 -4.25646588e-02 0.0
-4.00866170e-02 -4.49675437e-02 0.0
-3.75003195e-02 -4.72622721e-02 0.0
-3.47659140e-02 -4.94336774e-02 0.0
-3.18925223e-02 -5.14629590e-02 0.0
-2.88920284e-02 -5.33241802e-02 0.0
-2.57795151e-02 -5.49779349e-02 0.0
-2.25738047e-02 -5.63608124e-02 0.0
-1.92979733e-02 -5.73696374e-02 0.0
-1.59802589e-02 -5.78404649e-02 0.0
-1.26555841e-02 -5.75258699e-02 0.0
-9.36933977e-03 -5.60802531e-02 0.0
-6.18514702e-03 -5.30655248e-02 0.0
-3.19931872e-03 -4.79622143e-02 0.0
-5.60473156e-04 -4.00880678e-02 0.0
1.51367542e-03 -2.83092736e-02 0.0
1.18886097e-03 -1.10461814e-02 0.0
1.18170202e-03 1.14350350e-02 0.0
1.53883932e-03 2.89981652e-02 0.0
-4.31724297e-04 4.10039023e-02 0.0
-2.93944859e-03 4.90591743e-02 0.0
-5.80512413e-03 5.42985726e-02 0.0
-8.90384930e-03 5.74189020e-02 0.0
-1.21451355e-02 5.89573095e-02 0.0
-1.54600005e-02 5.93636859e-02 0.0
-1.87938270e-02 5.89886242e-02 0.0
-2.21034036e-02 5.80802466e-02 0.0
-2.53549052e-02 5.68012966e-02 0.0
-2.85225068e-02 5.52532072e-02 0.0
-3.15866608e-02 5.34977090e-02 0.0
-3.45328174e-02 5.15727488e-02 0.0
-3.73501104e-02 4.95029871e-02 0.0
-4.00305391e-02 4.73059982e-02 0.0
-4.25682088e-02 4.49956852e-02 0.0
-4.49588888e-02 4.25839209e-02 0.0
-4.71996214e-02 4.00813407e-02 0.0
-4.92884540e-02 3.74976268e-02 0.0
-5.12242471e-02 3.48416692e-02 0.0
-5.30064572e-02 3.21215857e-02 0.0
-5.46350560e-02 2.93447876e-02 0.0
-5.61103105e-02 2.65179771e-02 0.0
-5.74327781e-02 2.36472139e-02 0.0
-5.86030702e-02 2.07379283e-02 0.0
-5.96219076e-02 1.77950014e-02 0.0
-6.04898686e-02 1.48227977e-02 0.0
-6.12074985e-02 1.18252580e-02 0.0
-6.17750481e-02 8.80595029e-03 0.0
-6.21926302e-02 5.76817184e-03 0.0
-6.24599588e-02 2.71501615e-03 0.0
-6.25765451e-02 -3.50518815e-04 0.0
-6.25414466e-02 -3.42545072e-03 0.0
-6.23534974e-02 -6.50670203e-03 0.0
-6.20110775e-02 -9.59100983e-03 0.0
-6.15123704e-02 -1.26748163e-02 0.0
-6.08551651e-02 -1.57541720e-02 0.0
-6.00371360e-02 -1.88246323e-02 0.0
-5.90556889e-02 -2.18811597e-02 0.0
-5.79082585e-02 -2.49180318e-02 0.0
-5.65922121e-02 -2.79287505e-02 0.0
-5.51051612e-02 -3.09059692e-02 0.0
-5.34449341e-02 -3.38414184e-02 0.0
-5.16099031e-02 -3.67258606e-02 0.0
-4.95990412e-02 -3.95490391e-02 0.0
-4.74122725e-02 -4.22996557e-02 0.0
-4.50506382e-02 -4.49653085e-02 0.0
-4.25166988e-02 -4.75323847e-02 0.0
-3.98148577e-02 -4.99857143e-02 0.0
-3.69518700e-02 -5.23077738e-02 0.0
-3.39373877e-02 -5.44768809e-02 0.0
-3.07846190e-02 -5.64636625e-02 0.0
-2.75110734e-02 -5.82246489e-02 0.0
-2.41392207e-02 -5.96917928e-02 0.0
-2.06970985e-02 -6.07567346e-02 0.0
-1.72185124e-02 -6.12497830e-02 0.0
-1.37433226e-02 -6.09165213e-02 0.0
-1.03184326e-02 -5.94008291e-02 0.0
-7.00251994e-03 -5.62451352e-02 0.0
-3.87830870e-03 -5.08927106e-02 0.0
-1.07711201e-03 -4.25976672e-02 0.0
1.18541107e-03 -3.01363841e-02 0.0
1.07422954e-03 -1.18232950e-02 0.0
1.07408377e-03 1.21961844e-02 0.0
1.25967673e-03 3.07112456e-02 0.0
-8.20176229e-04 4.33412985e-02 0.0
-3.41515766e-03 5.18245681e-02 0.0
-6.37670573e-03 5.73605089e-02 0.0
-9.59968125e-03 6.06787954e-02 0.0
-1.29960114e-02 6.23351818e-02 0.0
-1.64883037e-02 6.27931405e-02 0.0
-2.00106909e-02 6.24155706e-02 0.0
-2.35098060e-02 6.14621967e-02 0.0
-2.69447442e-02 6.01060058e-02 0.0
-3.02852548e-02 5.84568434e-02 0.0
-3.35096871e-02 5.65829038e-02 0.0
-3.66026750e-02 5.45269532e-02 0.0
-3.95534860e-02 5.23171488e-02 0.0
-4.23546040e-02 4.99736511e-02 0.0
-4.50008930e-02 4.75122625e-02 0.0
-4.74889224e-02 4.49463262e-02 0.0
-4.98165742e-02 4.22875921e-02 0.0
-5.19827394e-02 3.95466429e-02 0.0
-5.39870748e-02 3.67330467e-02 0.0
-5.58298660e-02 3.38554678e-02 0.0
-5.75118060e-02 3.09216944e-02 0.0
-5.90339486e-02 2.79387071e-02 0.0
-6.03974718e-02 2.49127029e-02 0.0
-6.16036975e-02 2.18491713e-02 0.0
-6.26538363e-02 1.87529343e-02 0.0
-6.35490649e-02 1.56282375e-02 0.0
-6.42902588e-02 1.24788084e-02 0.0
-6.48781215e-02 9.30795988e-03 0.0
-6.53129135e-02 6.11866574e-03 0.0
-6.55946269e-02 2.91367346e-03 0.0
-6.57227207e-02 -3.04406149e-04 0.0
-6.56963336e-02 -3.53297971e-03 0.0
-6.55140363e-02 -6.76936990e-03 0.0
-6.51740760e-02 -1.00106930e-02 0.0
-6.46741577e-02 -1.32537486e-02 0.0
-6.40117147e-02 -1.64948974e-02 0.0
-6.31837314e-02 -1.97299467e-02 0.0
-6.21870368e-02 -2.29540326e-02 0.0
-6.10181809e-02 -2.61615068e-02 0.0
-5.96737488e-02 -2.93458314e-02 0.0
-5.81503049e-02 -3.24994744e-02 0.0
-5.64447258e-02 -3.56138237e-02 0.0
-5.45542270e-02 -3.86791001e-02 0.0
-5.24767210e-02 -4.16842923e-02 0.0
-5.02109492e-02 -4.46170755e-02 0.0
-4.77568898e-02 -4.74637212e-02 0.0
-4.51160478e-02 -5.02088965e-02 0.0
-4.22919864e-02 -5.28352508e-02 0.0
-3.92908888e-02 -5.53224693e-02 0.0
-3.61223535e-02 -5.76453486e-02 0.0
-3.28003728e-02 -5.97700873e-02 0.0
-2.93444678e-02 -6.16478133e-02 0.0
-2.57809553e-02 -6.32041263e-02 0.0
-2.21439049e-02 -6.43236985e-02 0.0
-1.84755989e-02 -6.48298274e-02 0.0
-1.48257292e-02 -6.44616420e-02 0.0
-1.12498505e-02 -6.28565714e-02 0.0
-7.80843641e-03 -5.95468010e-02 0.0
-4.57202185e-03 -5.39517388e-02 0.0
-1.64137928e-03 -4.52705318e-02 0.0
8.00322306e-04 -3.21677831e-02 0.0
9.34329032e-04 -1.27551406e-02 0.0
9.49140629e-04 1.30968471e-02 0.0
9.76627376e-04 3.25214143e-02 0.0
-1.14171638e-03 4.57293877e-02 0.0
-3.76586540e-03 5.46556937e-02 0.0
-6.81040067e-03 6.05355745e-02 0.0
-1.01834504e-02 6.40998846e-02 0.0
-1.37805012e-02 6.59076246e-02 0.0
-1.75003472e-02 6.64330064e-02 0.0
-2.12565595e-02 6.60544936e-02 0.0
-2.49821938e-02 6.50482293e-02 0.0
-2.86287589e-02 6.36016983e-02 0.0
-3.21629650e-02 6.18361025e-02 0.0
-3.55625481e-02 5.98279071e-02 0.0
-3.88129614e-02 5.76256077e-02 0.0
-4.19046912e-02 5.52612996e-02 0.0
-4.48316443e-02 5.27578415e-02 0.0
-4.75899857e-02 5.01329762e-02 0.0
-5.01775266e-02 4.74014579e-02 0.0
-5.25932774e-02 4.45761375e-02 0.0
-5.48371739e-02 4.16684314e-02 0.0
-5.69098911e-02 3.86885781e-02 0.0
-5.88126282e-02 3.56457254e-02 0.0
-6.05470252e-02 3.25480259e-02 0.0
-6.21149331e-02 2.94026679e-02 0.0
-6.35183954e-02 2.62159573e-02 0.0
-6.47593940e-02 2.29933577e-02 0.0
-6.58398907e-02 1.97395846e-02 0.0
-6.67615555e-02 1.64586658e-02 0.0
-6.75258638e-02 1.31540499e-02 0.0
-6.81338183e-02 9.82868514e-03 0.0
-6.85860960e-02 6.48514023e-03 0.0
-6.88827722e-02 3.12569927e-03 0.0
-6.90235109e-02 -2.47509052e-04 0.0
-6.90073021e-02 -3.63240226e-03 0.0
-6.88326880e-02 -7.02680907e-03 0.0
-6.84975237e-02 -1.04283482e-02 0.0
-6.79992354e-02 -1.38342901e-02 0.0
-6.73346169e-02 -1.72414264e-02 0.0
-6.65001145e-02 -2.06459314e-02 0.0
-6.54916748e-02 -2.40432276e-02 0.0
-6.43050534e-02 -2.74278514e-02 0.0
-6.29357283e-02 -3.07933215e-02 0.0
-6.13792314e-02 -3.41320170e-02 0.0
-5.96311411e-02 -3.74350549e-02 0.0
-5.76874388e-02 -4.06921860e-02 0.0
-5.55445960e-02 -4.38916807e-02 0.0
-5.31999669e-02 -4.70202215e-02 0.0
-5.06520059e-02 -5.00627353e-02 0.0
-4.79007469e-02 -5.30021276e-02 0.0
-4.49482515e-02 -5.58187233e-02 0.0
-4.17993336e-02 -5.84891600e-02 0.0
-3.84624771e-02 -6.09841964e-02 0.0
-3.49511130e-02 -6.32647282e-02 0.0
-3.12853265e-02 -6.52750035e-02 0.0
-2.74938675e-02 -6.69320409e-02 0.0
-2.36163915e-02 -6.81104363e-02 0.0
-1.97050775e-02 -6.86228264e-02 0.0
-1.58249422e-02 -6.81987546e-02 0.0
-1.20512777e-02 -6.64690967e-02 0.0
-8.46411804e-03 -6.29629318e-02 0.0
-5.14068929e-03 -5.70955198e-02 0.0
-2.15420341e-03 -4.80439335e-02 0.0
3.88816109e-04 -3.43791415e-02 0.0
7.65911362e-04 -1.38997819e-02 0.0
8.42076381e-04 1.41410097e-02 0.0
8.37016380e-04 3.42902295e-02 0.0
-1.14785319e-03 4.80638470e-02 0.0
-3.73835363e-03 5.75359691e-02 0.0
-6.90909362e-03 6.38706824e-02 0.0
-1.05273562e-02 6.77562196e-02 0.0
-1.44292672e-02 6.97504030e-02 0.0
-1.84672146e-02 7.03481932e-02 0.0
-2.25271980e-02 6.99556926e-02 0.0
-2.65293012e-02 6.88749751e-02 0.0
-3.04215956e-02 6.73140346e-02 0.0
-3.41719843e-02 6.54085976e-02 0.0
-3.77614277e-02 6.32446867e-02 0.0
-4.11787496e-02 6.08768216e-02 0.0
-4.44175365e-02 5.83408682e-02 0.0
-4.74741520e-02 5.56621132e-02 0.0
-5.03467957e-02 5.28599651e-02 0.0
-5.30349112e-02 4.99504022e-02 0.0
-5.55389196e-02 4.69472286e-02 0.0
-5.78600255e-02 4.38626164e-02 0.0
-6.00000445e-02 4.07073983e-02 0.0
-6.19613054e-02 3.74911655e-02 0.0
-6.37464412e-02 3.42223724e-02 0.0
-6.53583403e-02 3.09083716e-02 0.0
-6.67998968e-02 2.75555037e-02 0.0
-6.80740152e-02 2.41691459e-02 0.0
-6.91833362e-02 2.07538166e-02 0.0
-7.01302984e-02 1.73132468e-02 0.0
-7.09168525e-02 1.38505001e-02 0.0
-7.15445784e-02 1.03680656e-02 0.0
-7.20143982e-02 6.86798854e-03 0.0
-7.23267416e-02 3.35198167e-03 0.0
-7.24812669e-02 -1.78435982e-04 0.0
-7.24770682e-02 -3.72181211e-03 0.0
-7.23124151e-02 -7.27661594e-03 0.0
-7.19849937e-02 -1.08410970e-02 0.0
-7.14916782e-02 -1.44131348e-02 0.0
-7.08288018e-02 -1.79900858e-02 0.0
-6.99919739e-02 -2.15686299e-02 0.0
-6.89763790e-02 -2.51446093e-02 0.0
-6.77766552e-02 -2.87128770e-02 0.0
-6.63872202e-02 -3.22671340e-02 0.0
-6.48022266e-02 -3.57997871e-02 0.0
-6.30159142e-02 -3.93017925e-02 0.0
-6.10226539e-02 -4.27625272e-02 0.0
-5.88173261e-02 -4.61696362e-02 0.0
-5.63954654e-02 -4.95088897e-02 0.0
-5.37536769e-02 -5.27639569e-02 0.0
-5.08899245e-02 -5.59160621e-02 0.0
-4.78040669e-02 -5.89432892e-02 0.0
-4.44984608e-02 -6.18192662e-02 0.0
-4.09789152e-02 -6.45106395e-02 0.0
-3.72560884e-02 -6.69726206e-02 0.0
-3.33475304e-02 -6.91415958e-02 0.0
-2.92806585e-02 -7.09239137e-02 0.0
-2.50965393e-02 -7.21802852e-02 0.0
-2.08544179e-02 -7.27065304e-02 0.0
-1.66357114e-02 -7.22139993e-02 0.0
-1.25460570e-02 -7.03172662e-02 0.0
-8.71188658e-03 -6.65361748e-02 0.0
-5.26608858e-03 -6.02915723e-02 0.0
-2.31149506e-03 -5.07890147e-02 0.0
1.27170914e-04 -3.66157852e-02 0.0
6.10396195e-04 -1.52775170e-02 0.0
9.84792152e-04 1.50662853e-02 0.0
1.42098618e-03 3.56859885e-02 0.0
-1.95677711e-04 5.02696830e-02 0.0
-2.84526303e-03 6.05703042e-02 0.0
-6.37362686e-03 6.75355598e-02 0.0
-1.04779788e-02 7.18140876e-02 0.0
-1.48816755e-02 7.39982949e-02 0.0
-1.93799659e-02 7.46367113e-02 0.0
-2.38381004e-02 7.41854834e-02 0.0
-2.81757077e-02 7.29851028e-02 0.0
-3.23489056e-02 7.12696228e-02 0.0
-3.63359206e-02 6.91906504e-02 0.0
-4.01268410e-02 6.68432467e-02 0.0
-4.37177065e-02 6.42867079e-02 0.0
-4.71072091e-02 6.15595381e-02 0.0
-5.02953710e-02 5.86884931e-02 0.0
-5.32829490e-02 5.56940832e-02 0.0
-5.60713562e-02 5.25930845e-02 0.0
-5.86626105e-02 4.94000862e-02 0.0
-6.10593128e-02 4.61278416e-02 0.0
-6.32646002e-02 4.27877493e-02 0.0
-6.52819987e-02 3.93897371e-02 0.0
-6.71153594e-02 3.59425519e-02 0.0
-6.87686272e-02 3.24536032e-02 0.0
-7.02458057e-02 2.89292391e-02 0.0
-7.15506863e-02 2.53746280e-02 0.0
-7.26868659e-02 2.17940384e-02 0.0
-7.36574605e-02 1.81907686e-02 0.0
-7.44651804e-02 1.45674216e-02 0.0
-7.51120405e-02 1.09258812e-02 0.0
-7.55994894e-02 7.26757337e-03 0.0
-7.59281248e-02 3.59348743e-03 0.0
-7.60978676e-02 -9.55819254e-05 0.0
-7.61076925e-02 -3.79896863e-03 0.0
-7.59558399e-02 -7.51591448e-03 0.0
-7.56395709e-02 -1.12454583e-02 0.0
-7.51554129e-02 -1.49862366e-02 0.0
-7.44989533e-02 -1.87363290e-02 0.0
-7.36651153e-02 -2.24930803e-02 0.0
-7.26480077e-02 -2.62529069e-02 0.0
-7.14412315e-02 -3.00111418e-02 0.0
-7.00378023e-02 -3.37618113e-02 0.0
-6.84304896e-02 -3.74975085e-02 0.0
-6.66118246e-02 -4.12091535e-02 0.0
-6.45744687e-02 -4.48858989e-02 0.0
-6.23113096e-02 -4.85148775e-02 0.0
-5.98158432e-02 -5.20811098e-02 0.0
-5.70823476e-02 -5.55671614e-02 0.0
-5.41062624e-02 -5.89528403e-02 0.0
-5.08844584e-02 -6.22143203e-02 0.0
-4.74157011e-02 -6.53227472e-02 0.0
-4.37012653e-02 -6.82412875e-02 0.0
-3.97460141e-02 -7.09201955e-02 0.0
-3.55603240e-02 -7.32884095e-02 0.0
-3.11633018e-02 -7.52411287e-02 0.0
-2.65880883e-02 -7.66225297e-02 0.0
-2.18895476e-02 -7.72050657e-02 0.0
-1.71548334e-02 -7.66689919e-02 0.0
-1.25158446e-02 -7.45910124e-02 0.0
-8.16179109e-03 -7.04507354e-02 0.0
-4.34332334e-03 -6.36413465e-02 0.0
-1.33856971e-03 -5.33986421e-02 0.0
7.02999564e-04 -3.84864323e-02 0.0
7.40004656e-04 -1.65958592e-02 0.0
2.52300561e-03 7.60539028e-03 0.0
4.77575004e-03 1.99504543e-02 0.0
3.11120308e-03 2.90435731e-02 0.0
-3.64077062e-04 3.54596745e-02 0.0
-4.89474674e-03 3.97139195e-02 0.0
-9.94238901e-03 4.22356048e-02 0.0
-1.51462245e-02 4.34371573e-02 0.0
-2.02859030e-02 4.36945849e-02 0.0
-2.52444824e-02 4.33102846e-02 0.0
-2.99710638e-02 4.25014998e-02 0.0
-3.44510657e-02 4.14113046e-02 0.0
-3.86860964e-02 4.01282261e-02 0.0
-4.26830428e-02 3.87050295e-02 0.0
-4.64488598e-02 3.71732207e-02 0.0
-4.99891616e-02 3.55525888e-02 0.0
-5.33081820e-02 3.38569379e-02 0.0
-5.64094668e-02 3.20970019e-02 0.0
-5.92963984e-02 3.02819144e-02 0.0
-6.19726183e-02 2.84197027e-02 0.0
-6.44422013e-02 2.65175658e-02 0.0
-6.67096544e-02 2.45818419e-02 0.0
-6.87798905e-02 2.26181086e-02 0.0
-7.06580190e-02 2.06311017e-02 0.0
-7.23492942e-02 1.86248337e-02 0.0
-7.38588256e-02 1.66025312e-02 0.0
-7.51915740e-02 1.45667849e-02 0.0
-7.63520324e-02 1.25195026e-02 0.0
-7.73442889e-02 1.04620821e-02 0.0
-7.81716972e-02 8.39537306e-03 0.0
-7.88370036e-02 6.31986444e-03 0.0
-7.93420176e-02 4.23565142e-03 0.0
-7.96877932e-02 2.14263350e-03 0.0
-7.98743071e-02 4.04857243e-05 0.0
-7.99006843e-02 -2.07113409e-03 0.0
-7.97648938e-02 -4.19260858e-03 0.0
-7.94640100e-02 -6.32414434e-03 0.0
-7.89939394e-02 -8.46578724e-03 0.0
-7.83497132e-02 -1.06171965e-02 0.0
-7.75252637e-02 -1.27776501e-02 0.0
-7.65137470e-02 -1.49458108e-02 0.0
-7.53073895e-02 -1.71197220e-02 0.0
-7.38978444e-02 -1.92965701e-02 0.0
-7.22761280e-02 -2.14726752e-02 0.0
-7.04330099e-02 -2.36432596e-02 0.0
-6.83590478e-02 -2.58024428e-02 0.0
-6.60449933e-02 -2.79430264e-02 0.0
-6.34819010e-02 -3.00564940e-02 0.0
-6.06614828e-02 -3.21327898e-02 0.0
-5.75761970e-02 -3.41602318e-02 0.0
-5.42194167e-02 -3.61250514e-02 0.0
-5.05853738e-02 -3.80107080e-02 0.0
-4.66691194e-02 -3.97962179e-02 0.0
-4.24666171e-02 -4.14532345e-02 0.0
-3.79754329e-02 -4.29407694e-02 0.0
-3.31969820e-02 -4.41970608e-02 0.0
-2.81414578e-02 -4.51277878e-02 0.0
-2.28375199e-02 -4.55912668e-02 0.0
-1.73483607e-02 -4.53826846e-02 0.0
-1.17960020e-02 -4.42232499e-02 0.0
-6.39291970e-03 -4.17616750e-02 0.0
-1.48115752e-03 -3.75844996e-02 0.0
2.41169136e-03 -3.11914883e-02 0.0
4.48202097e-03 -2.18702069e-02 0.0
2.47022069e-03 -8.64980099e-03 0.0
8.32768068e-04 -1.86401802e-05 0.0
9.65378752e-04 4.10668640e-03 0.0
-9.45704345e-04 7.82292797e-03 0.0
-3.86630973e-03 1.04368633e-02 0.0
-7.64049068e-03 1.20442237e-02 0.0
-1.19755387e-02 1.28689642e-02 0.0
-1.66047374e-02 1.31419944e-02 0.0
-2.13285339e-02 1.30610831e-02 0.0
-2.60122506e-02 1.27721927e-02 0.0
-3.05722757e-02 1.23700805e-02 0.0
-3.49603010e-02 1.19094341e-02 0.0
-3.91504216e-02 1.14186061e-02 0.0
-4.31295997e-02 1.09106433e-02 0.0
-4.68919223e-02 1.03911664e-02 0.0
-5.04351841e-02 9.86262228e-03 0.0
-5.37593479e-02 9.32671260e-03 0.0
-5.68657277e-02 8.78499487e-03 0.0
-5.97567239e-02 8.23928680e-03 0.0
-6.24356278e-02 7.69132984e-03 0.0
-6.49064915e-02 7.14288616e-03 0.0
-6.71739987e-02 6.59537984e-03 0.0
-6.92432549e-02 6.05005936e-03 0.0
-7.11196752e-02 5.50773075e-03 0.0
-7.28087152e-02 4.96897242e-03 0.0
-7.43158064e-02 4.43392951e-03 0.0
-7.56460625e-02 3.90253748e-03 0.0
-7.68042793e-02 3.37435568e-03 0.0
-7.77946348e-02 2.84877528e-03 0.0
-7.86207531e-02 2.32488497e-03 0.0
-7.92854069e-02 1.80165160e-03 0.0
-7.97906375e-02 1.27781778e-03 0.0
-8.01374646e-02 7.52050314e-04 0.0
-8.03260523e-02 2.22872274e-04 0.0
-8.03554329e-02 -3.11221368e-04 0.0
-8.02237101e-02 -8.51794012e-04 0.0
-7.99278060e-02 -1.40038221e-03 0.0
-7.94636964e-02 -1.95848514e-03 0.0
-7.88261959e-02 -2.52750564e-03 0.0
-7.80092237e-02 -3.10869687e-03 0.0
-7.70056457e-02 -3.70312470e-03 0.0
-7.58075753e-02 -4.31157233e-03 0.0
-7.44062938e-02 -4.93452061e-03 0.0
-7.27925924e-02 -5.57201680e-03 0.0
-7.09567908e-02 -6.22367521e-03 0.0
-6.88891238e-02 -6.88852669e-03 0.0
-6.65798669e-02 -7.56505432e-03 0.0
-6.40197569e-02 -8.25105607e-03 0.0
-6.12002154e-02 -8.94374126e-03 0.0
-5.81137839e-02 -9.63963074e-03 0.0
-5.47544522e-02 -1.03346757e-02 0.0
-5.11181792e-02 -1.10240360e-02 0.0
-4.72035665e-02 -1.17017890e-02 0.0
-4.30130183e-02 -1.23597366e-02 0.0
-3.85548239e-02 -1.29852785e-02 0.0
-3.38467243e-02 -1.35572686e-02 0.0
-2.89219357e-02 -1.40397659e-02 0.0
-2.38381737e-02 -1.43730430e-02 0.0
-1.86903733e-02 -1.44630427e-02 0.0
-1.36260481e-02 -1.41715970e-02 0.0
-8.86078046e-03 -1.33126600e-02 0.0
-4.68377618e-03 -1.16577883e-02 0.0
-1.42186452e-03 -8.95235480e-03 0.0
7.27064321e-04 -5.00794140e-03 0.0
7.57393866e-04 -3.65519627e-04 0.0
6.21245317e-04 1.16460348e-03 0.0
1.45984836e-04 5.90337381e-03 0.0
-2.36311416e-03 1.04464841e-02 0.0
-5.50120531e-03 1.38720886e-02 0.0
-9.20909561e-03 1.60911779e-02 0.0
-1.33490681e-02 1.72971607e-02 0.0
-1.77602489e-02 1.77543291e-02 0.0
-2.22967582e-02 1.77092257e-02 0.0
-2.68424711e-02 1.73536699e-02 0.0
-3.13124091e-02 1.68187735e-02 0.0
-3.56485656e-02 1.61851457e-02 0.0
-3.98133275e-02 1.54980131e-02 0.0
-4.37835584e-02 1.47808935e-02 0.0
-4.75456628e-02 1.40456009e-02 0.0
-5.10923771e-02 1.32984298e-02 0.0
-5.44205195e-02 1.25434827e-02 0.0
-5.75297464e-02 1.17841067e-02 0.0
-6.04216861e-02 1.10233876e-02 0.0
-6.30994426e-02 1.02641657e-02 0.0
-6.55672163e-02 9.50896128e-03 0.0
-6.78299844e-02 8.75984884e-03 0.0
-6.98932869e-02 8.01841146e-03 0.0
-7.17629253e-02 7.28569100e-03 0.0
-7.34448406e-02 6.56221102e-03 0.0
-7.49448074e-02 5.84798028e-03 0.0
-7.62683938e-02 5.14254712e-03 0.0
-7.74206532e-02 4.44502493e-03 0.0
-7.84061593e-02 3.75415424e-03 0.0
-7.92287008e-02 3.06833482e-03 0.0
-7.98913800e-02 2.38568568e-03 0.0
-8.03963130e-02 1.70407885e-03 0.0
-8.07447799e-02 1.02119525e-03 0.0
-8.09369340e-02 3.34560765e-04 0.0
-8.09719920e-02 -3.58399676e-04 0.0
-8.08479596e-02 -1.06031992e-03 0.0
-8.05618537e-02 -1.77383528e-03 0.0
-8.01094555e-02 -2.50152891e-03 0.0
-7.94855611e-02 -3.24586498e-03 0.0
-7.86837799e-02 -4.00911792e-03 0.0
-7.76968157e-02 -4.79329033e-03 0.0
-7.65163330e-02 -5.60002129e-03 0.0
-7.51332762e-02 -6.43048685e-03 0.0
-7.35378300e-02 -7.28528950e-03 0.0
-7.17197901e-02 -8.16434796e-03 0.0
-6.96686436e-02 -9.06678282e-03 0.0
-6.73740052e-02 -9.99081847e-03 0.0
-6.48258437e-02 -1.09336966e-02 0.0
-6.20150046e-02 -1.18916206e-02 0.0
-5.89336287e-02 -1.28597027e-02 0.0
-5.55758396e-02 -1.38318710e-02 0.0
-5.19385222e-02 -1.48005786e-02 0.0
-4.80224884e-02 -1.57560395e-02 0.0
-4.38341658e-02 -1.66845008e-02 0.0
-3.93881103e-02 -1.75649037e-02 0.0
-3.47107960e-02 -1.83631908e-02 0.0
-2.98458094e-02 -1.90237449e-02 0.0
-2.48606616e-02 -1.94580907e-02 0.0
-1.98540841e-02 -1.95324794e-02 0.0
-1.49620673e-02 -1.90585970e-02 0.0
-1.03578186e-02 -1.77952586e-02 0.0
-6.23758030e-03 -1.54725006e-02 0.0
-2.77704130e-03 -1.18601474e-02 0.0
-6.15736522e-05 -6.96458427e-03 0.0
5.53664901e-04 -1.60418575e-03 0.0
6.78905619e-04 2.50823783e-03 0.0
1.16837661e-04 8.24087816e-03 0.0
-2.71338047e-03 1.34483574e-02 0.0
-6.14835750e-03 1.74433682e-02 0.0
-1.00332421e-02 2.01127805e-02 0.0
-1.42449662e-02 2.16273845e-02 0.0
-1.86652158e-02 2.22556861e-02 0.0
-2.31846679e-02 2.22640009e-02 0.0
-2.77095123e-02 2.18696408e-02 0.0
-3.21651965e-02 2.12286307e-02 0.0
-3.64960585e-02 2.04425281e-02 0.0
-4.06629553e-02 1.95725245e-02 0.0
-4.46396361e-02 1.86535404e-02 0.0
-4.84095777e-02 1.77052565e-02 0.0
-5.19631607e-02 1.67393357e-02 0.0
-5.52957675e-02 1.57635960e-02 0.0
-5.84062866e-02 1.47840131e-02 0.0
-6.12961785e-02 1.38055880e-02 0.0
-6.39687452e-02 1.28325631e-02 0.0
-6.64286157e-02 1.18684799e-02 0.0
-6.86813605e-02 1.09161105e-02 0.0
-7.07331155e-02 9.97746799e-03 0.0
-7.25903671e-02 9.05377688e-03 0.0
-7.42596193e-02 8.14553446e-03 0.0
-7.57472927e-02 7.25252740e-03 0.0
-7.70594094e-02 6.37391947e-03 0.0
-7.82015835e-02 5.50828797e-03 0.0
-7.91787156e-02 4.65371476e-03 0.0
-7.99950587e-02 3.80782728e-03 0.0
-8.06539189e-02 2.96788243e-03 0.0
-8.11577804e-02 2.13080786e-03 0.0
-8.15080130e-02 1.29327689e-03 0.0
-8.17050403e-02 4.51752158e-04 0.0
-8.17480578e-02 -3.97444645e-04 0.0
-8.16352331e-02 -1.25808075e-03 0.0
-8.13634422e-02 -2.13394064e-03 0.0
-8.09284953e-02 -3.02875728e-03 0.0
-8.03249051e-02 -3.94612952e-03 0.0
-7.95461383e-02 -4.88942767e-03 0.0
-7.85844365e-02 -5.86169091e-03 0.0
-7.74311003e-02 -6.86550019e-03 0.0
-7.60763912e-02 -7.90285034e-03 0.0
-7.45098640e-02 -8.97498972e-03 0.0
-7.27203837e-02 -1.00822713e-02 0.0
-7.06965320e-02 -1.12239721e-02 0.0
-6.84267802e-02 -1.23981436e-02 0.0
-6.59000068e-02 -1.36014384e-02 0.0
-6.31058849e-02 -1.48289782e-02 0.0
-6.00355810e-02 -1.60741677e-02 0.0
-5.66824743e-02 -1.73284471e-02 0.0
-5.30432165e-02 -1.85807240e-02 0.0
-4.91190716e-02 -1.98162182e-02 0.0
-4.49177660e-02 -2.10140930e-02 0.0
-4.04560309e-02 -2.21432404e-02 0.0
-3.57628968e-02 -2.31554350e-02 0.0
-3.08839018e-02 -2.39756071e-02 0.0
-2.58855746e-02 -2.44898196e-02 0.0
-2.08594961e-02 -2.45335120e-02 0.0
-1.59237803e-02 -2.38853913e-02 0.0
-1.12202167e-02 -2.22763581e-02 0.0
-6.90500022e-03 -1.94269240e-02 0.0
-3.13720076e-03 -1.51341160e-02 0.0
-9.25204247e-05 -9.45080267e-03 0.0
6.12389644e-04 -2.99388163e-03 0.0
7.53600939e-04 3.73146261e-03 0.0
2.37300258e-04 1.07517769e-02 0.0
-2.72665107e-03 1.67316888e-02 0.0
-6.38620543e-03 2.12546516e-02 0.0
-1.04930707e-02 2.42933538e-02 0.0
-1.48826053e-02 2.60481981e-02 0.0
-1.94317682e-02 2.68044347e-02 0.0
-2.40413139e-02 2.68444189e-02 0.0
-2.86301539e-02 2.64030948e-02 0.0
-3.31334585e-02 2.56543696e-02 0.0
-3.75016805e-02 2.47160930e-02 0.0
-4.16985586e-02 2.36629674e-02 0.0
-4.56990033e-02 2.25404678e-02 0.0
-4.94866312e-02 2.13761527e-02 0.0
-5.30518401e-02 2.01874935e-02 0.0
-5.63900438e-02 1.89865164e-02 0.0
-5.95004592e-02 1.77822987e-02 0.0
-6.23850704e-02 1.65820783e-02 0.0
-6.50479054e-02 1.53917468e-02 0.0
-6.74944466e-02 1.42159778e-02 0.0
-6.97311436e-02 1.30583195e-02 0.0
-7.17650743e-02 1.19212035e-02 0.0
-7.36035606e-02 1.08060295e-02 0.0
-7.52539902e-02 9.71320374e-03 0.0
-7.67234795e-02 8.64224894e-03 0.0
-7.80188135e-02 7.59186374e-03 0.0
-7.91461343e-02 6.56003843e-03 0.0
-8.01109707e-02 5.54411717e-03 0.0
-8.09179408e-02 4.54090470e-03 0.0
-8.15708504e-02 3.54672395e-03 0.0
-8.20724020e-02 2.55750926e-03 0.0
-8.24243433e-02 1.56886029e-03 0.0
-8.26271815e-02 5.76124743e-04 0.0
-8.26803653e-02 -4.25544837e-04 0.0
-8.25820092e-02 -1.44111090e-03 0.0
-8.23290985e-02 -2.47558102e-03 0.0
-8.19172324e-02 -3.53391898e-03 0.0
-8.13408484e-02 -4.62094945e-03 0.0
-8.05930021e-02 -5.74124731e-03 0.0
-7.96656142e-02 -6.89900429e-03 0.0
-7.85493132e-02 -8.09788436e-03 0.0
-7.72337206e-02 -9.34084302e-03 0.0
-7.57073922e-02 -1.06299424e-02 0.0
-7.39581700e-02 -1.19661231e-02 0.0
-7.19732702e-02 -1.33489854e-02 0.0
-6.97397460e-02 -1.47765288e-02 0.0
-6.72447879e-02 -1.62449155e-02 0.0
-6.44763650e-02 -1.77481827e-02 0.0
-6.14238320e-02 -1.92779415e-02 0.0
-5.80788687e-02 -2.08228873e-02 0.0
-5.44365618e-02 -2.23679935e-02 0.0
-5.04968701e-02 -2.38929295e-02 0.0
-4.62664884e-02 -2.53692102e-02 0.0
-4.17612047e-02 -2.67552793e-02 0.0
-3.70088881e-02 -2.79889778e-02 0.0
-3.20528596e-02 -2.89772117e-02 0.0
-2.69555595e-02 -2.95839571e-02 0.0
-2.18015832e-02 -2.96195341e-02 0.0
-1.66998338e-02 -2.88369275e-02 0.0
-1.17844341e-02 -2.69438662e-02 0.0
-7.21711707e-03 -2.36420166e-02 0.0
-3.19700175e-03 -1.87069916e-02 0.0
6.45665624e-06 -1.21261040e-02 0.0
6.82221153e-04 -4.26634109e-03 0.0
8.05077817e-04 4.84507669e-03 0.0
3.38953622e-04 1.32929054e-02 0.0
-2.69148434e-03 2.01850089e-02 0.0
-6.51874874e-03 2.52882336e-02 0.0
-1.08382386e-02 2.86862320e-02 0.0
-1.54386551e-02 3.06453985e-02 0.0
-2.01724414e-02 3.14903310e-02 0.0
-2.49332591e-02 3.15290537e-02 0.0
-2.96417678e-02 3.10159938e-02 0.0
-3.42382656e-02 3.01414753e-02 0.0
-3.86781931e-02 2.90373535e-02 0.0
-4.29293828e-02 2.77900053e-02 0.0
-4.69695271e-02 2.64542606e-02 0.0
-5.07843148e-02 2.50650271e-02 0.0
-5.43656198e-02 2.36453921e-02 0.0
-5.77102104e-02 2.22116769e-02 0.0
-6.08185409e-02 2.07761525e-02 0.0
-6.36938891e-02 1.93484537e-02 0.0
-6.63415844e-02 1.79361712e-02 0.0
-6.87684067e-02 1.65451837e-02 0.0
-7.09821071e-02 1.51797735e-02 0.0
-7.29909546e-02 1.38427836e-02 0.0
-7.48034614e-02 1.25356904e-02 0.0
-7.64280125e-02 1.12587608e-02 0.0
-7.78727408e-02 1.00111357e-02 0.0
-7.91452053e-02 8.79098799e-03 0.0
-8.02523785e-02 7.59560642e-03 0.0
-8.12003496e-02 6.42153860e-03 0.0
-8.19943955e-02 5.26466477e-03 0.0
-8.26386947e-02 4.12031979e-03 0.0
-8.31364567e-02 2.98335612e-03 0.0
-8.34896391e-02 1.84824639e-03 0.0
-8.36991143e-02 7.09142313e-04 0.0
-8.37643891e-02 -4.40033936e-04 0.0
-8.36837929e-02 -1.60552339e-03 0.0
-8.34542046e-02 -2.79363726e-03 0.0
-8.30712536e-02 -4.01066818e-03 0.0
-8.25290664e-02 -5.26277927e-03 0.0
-8.18204797e-02 -6.55587583e-03 0.0
-8.09368283e-02 -7.89545834e-03 0.0
-7.98681811e-02 -9.28643752e-03 0.0
-7.86032035e-02 -1.07329347e-02 0.0
-7.71294433e-02 -1.22380274e-02 0.0
-7.54333162e-02 -1.38034883e-02 0.0
-7.35004873e-02 -1.54294605e-02 0.0
-7.13160489e-02 -1.71141377e-02 0.0
-6.88650674e-02 -1.88533754e-02 0.0
-6.61330462e-02 -2.06403023e-02 0.0
-6.31067392e-02 -2.24648015e-02 0.0
-5.97750263e-02 -2.43128457e-02 0.0
-5.61301440e-02 -2.61653673e-02 0.0
-5.21691670e-02 -2.79963667e-02 0.0
-4.78958925e-02 -2.97695690e-02 0.0
-4.33232077e-02 -3.14330243e-02 0.0
-3.84759092e-02 -3.29109776e-02 0.0
-3.33941304e-02 -3.40931414e-02 0.0
-2.81370362e-02 -3.48225355e-02 0.0
-2.27869882e-02 -3.48850832e-02 0.0
-1.74539860e-02 -3.40062223e-02 0.0
-1.22818694e-02 -3.18621672e-02 0.0
-7.45794210e-03 -2.81150268e-02 0.0
-3.22894421e-03 -2.24831469e-02 0.0
7.68624111e-05 -1.48592520e-02 0.0
7.26005031e-04 -5.44099139e-03 0.0
8.34141296e-04 5.89895331e-03 0.0
3.88400338e-04 1.58440123e-02 0.0
-2.70726753e-03 2.37600673e-02 0.0
-6.68477089e-03 2.95180243e-02 0.0
-1.12091285e-02 3.33003932e-02 0.0
-1.60315108e-02 3.54541610e-02 0.0
-2.09768766e-02 3.63608667e-02 0.0
-2.59238722e-02 3.63664958e-02 0.0
-3.07880163e-02 3.57513877e-02 0.0
-3.55098080e-02 3.47245699e-02 0.0
-4.00475281e-02 3.34321209e-02 0.0
-4.43723227e-02 3.19714494e-02 0.0
-4.84651975e-02 3.04060745e-02 0.0
-5.23146379e-02 2.87776894e-02 0.0
-5.59150731e-02 2.71147259e-02 0.0
-5.92654879e-02 2.54376098e-02 0.0
-6.23684580e-02 2.37617851e-02 0.0
-6.52292331e-02 2.20992108e-02 0.0
-6.78550396e-02 2.04591819e-02 0.0
-7.02544654e-02 1.88486845e-02 0.0
-7.24369284e-02 1.72726950e-02 0.0
-7.44122934e-02 1.57343274e-02 0.0
-7.61904553e-02 1.42350595e-02 0.0
-7.77811384e-02 1.27748607e-02 0.0
-7.91935558e-02 1.13524041e-02 0.0
-8.04363469e-02 9.96518540e-03 0.0
-8.15172812e-02 8.60971173e-03 0.0
-8.24432980e-02 7.28160141e-03 0.0
-8.32202294e-02 5.97574196e-03 0.0
-8.38529102e-02 4.68636865e-03 0.0
-8.43449063e-02 3.40719201e-03 0.0
-8.46986668e-02 2.13146213e-03 0.0
-8.49152502e-02 8.52073620e-04 0.0
-8.49944988e-02 -4.38371941e-04 0.0
-8.49347613e-02 -1.74746969e-03 0.0
-8.47330756e-02 -3.08293413e-03 0.0
-8.43848940e-02 -4.45249297e-03 0.0
-8.38842682e-02 -5.86377433e-03 0.0
-8.32235927e-02 -7.32416838e-03 0.0
-8.23937960e-02 -8.84065574e-03 0.0
-8.13841298e-02 -1.04196121e-02 0.0
-8.01823863e-02 -1.20665542e-02 0.0
-7.87747774e-02 -1.37858642e-02 0.0
-7.71462202e-02 -1.55804349e-02 0.0
-7.52803744e-02 -1.74512990e-02 0.0
-7.31600657e-02 -1.93971657e-02 0.0
-7.07675773e-02 -2.14139447e-02 0.0
-6.80853140e-02 -2.34941506e-02 0.0
-6.50964751e-02 -2.56262369e-02 0.0
-6.17860964e-02 -2.77936421e-02 0.0
-5.81422700e-02 -2.99734208e-02 0.0
-5.41577599e-02 -3.21339406e-02 0.0
-4.98320156e-02 -3.42311516e-02 0.0
-4.51736747e-02 -3.62026011e-02 0.0
-4.02037502e-02 -3.79587515e-02 0.0
-3.49594451e-02 -3.93715722e-02 0.0
-2.94989392e-02 -4.02618164e-02 0.0
-2.39070220e-02 -4.03878697e-02 0.0
-1.83024079e-02 -3.94411427e-02 0.0
-1.28471446e-02 -3.70547058e-02 0.0
-7.75920843e-03 -3.28344169e-02 0.0
-3.32574205e-03 -2.64262733e-02 0.0
8.97616538e-05 -1.76374731e-02 0.0
7.46409661e-04 -6.57137402e-03 0.0
8.47064054e-04 6.93569265e-03 0.0
3.87099521e-04 1.84309476e-02 0.0
-2.80064671e-03 2.74566034e-02 0.0
-6.94050783e-03 3.39389337e-02 0.0
-1.16774506e-02 3.81408860e-02 0.0
-1.67340438e-02 4.04927678e-02 0.0
-2.19099169e-02 4.14436417e-02 0.0
-2.70669625e-02 4.13879250e-02 0.0
-3.21118427e-02 4.06391624e-02 0.0
-3.69822948e-02 3.94292357e-02 0.0
-4.16371608e-02 3.79202518e-02 0.0
-4.60500710e-02 3.62212474e-02 0.0
-5.02050459e-02 3.44043609e-02 0.0
-5.40938601e-02 3.25179021e-02 0.0
-5.77140388e-02 3.05953786e-02 0.0
-6.10675960e-02 2.86611865e-02 0.0
-6.41599056e-02 2.67337487e-02 0.0
-6.69988874e-02 2.48272663e-02 0.0
-6.95942490e-02 2.29525563e-02 0.0
-7.19568704e-02 2.11176164e-02 0.0
-7.40983012e-02 1.93279119e-02 0.0
-7.60302864e-02 1.75867091e-02 0.0
-7.77644774e-02 1.58952716e-02 0.0
-7.93120634e-02 1.42531484e-02 0.0
-8.06836521e-02 1.26583424e-02 0.0
-8.18889698e-02 1.11075623e-02 0.0
-8.29368672e-02 9.59635949e-03 0.0
-8.38350544e-02 8.11933428e-03 0.0
-8.45901918e-02 6.67023906e-03 0.0
-8.52076358e-02 5.24213935e-03 0.0
-8.56915814e-02 3.82748880e-03 0.0
-8.60448029e-02 2.41825347e-03 0.0
-8.62688212e-02 1.00597222e-03 0.0
-8.63636337e-02 -4.18141479e-04 0.0
-8.63278861e-02 -1.86313553e-03 0.0
-8.61585905e-02 -3.33821999e-03 0.0
-8.58512906e-02 -4.85267682e-03 0.0
-8.53997760e-02 -6.41573827e-03 0.0
-8.47962370e-02 -8.03644299e-03 0.0
-8.40309949e-02 -9.72346167e-03 0.0
-8.30926563e-02 -1.14848677e-02 0.0
-8.19678952e-02 -1.33278755e-02 0.0
-8.06416391e-02 -1.52584928e-02 0.0
-7.90969627e-02 -1.72811376e-02 0.0
-7.73153702e-02 -1.93981425e-02 0.0
-7.52768945e-02 -2.16092242e-02 0.0
-7.29605804e-02 -2.39108135e-02 0.0
-7.03449253e-02 -2.62953312e-02 0.0
-6.74087130e-02 -2.87502426e-02 0.0
-6.41319772e-02 -3.12568887e-02 0.0
-6.04973925e-02 -3.37887240e-02 0.0
-5.64920168e-02 -3.63086609e-02 0.0
-5.21095670e-02 -3.87647608e-02 0.0
-4.73533731e-02 -4.10836577e-02 0.0
-4.22401046e-02 -4.31610137e-02 0.0
-3.68046244e-02 -4.48492135e-02 0.0
-3.11059441e-02 -4.59434717e-02 0.0
-2.52348194e-02 -4.61693563e-02 0.0
-1.93229277e-02 -4.51762515e-02 0.0
-1.35542551e-02 -4.25436099e-02 0.0
-8.17720971e-03 -3.78105593e-02 0.0
-3.51333998e-03 -3.05475176e-02 0.0
4.76324580e-05 -2.04927421e-02 0.0
7.49914923e-04 -7.70170516e-03 0.0
8.48482758e-04 7.98687621e-03 0.0
3.42578264e-04 2.10923849e-02 0.0
-2.97481529e-03 3.13003634e-02 0.0
-7.30687067e-03 3.85671685e-02 0.0
-1.22797852e-02 4.32226095e-02 0.0
-1.75914860e-02 4.57794590e-02 0.0
-2.30191264e-02 4.67606054e-02 0.0
-2.84078280e-02 4.66168674e-02 0.0
-3.36543483e-02 4.57017978e-02 0.0
-3.86918352e-02 4.42747316e-02 0.0
-4.34785712e-02 4.25165652e-02 0.0
-4.79897950e-02 4.05492873e-02 0.0
-5.22125372e-02 3.84542692e-02 0.0
-5.61420219e-02 3.62865323e-02 0.0
-5.97795110e-02 3.40846635e-02 0.0
-6.31306410e-02 3.18768413e-02 0.0
-6.62043303e-02 2.96843488e-02 0.0
-6.90118005e-02 2.75233758e-02 0.0
-7.15658374e-02 2.54061022e-02 0.0
-7.38801431e-02 2.33412523e-02 0.0
-7.59687858e-02 2.13345996e-02 0.0
-7.78458063e-02 1.93892715e-02 0.0
-7.95248098e-02 1.75061398e-02 0.0
-8.10187800e-02 1.56840633e-02 0.0
-8.23397700e-02 1.39202215e-02 0.0
-8.34988720e-02 1.22103063e-02 0.0
-8.45059640e-02 1.05487936e-02 0.0
-8.53697846e-02 8.92908245e-03 0.0
-8.60977014e-02 7.34370249e-03 0.0
-8.66958482e-02 5.78440815e-03 0.0
-8.71688905e-02 4.24233051e-03 0.0
-8.75201925e-02 2.70804068e-03 0.0
-8.77515656e-02 1.17166212e-03 0.0
-8.78634390e-02 -3.77077549e-04 0.0
-8.78545852e-02 -1.94875298e-03 0.0
-8.77222764e-02 -3.55417669e-03 0.0
-8.74619874e-02 -5.20429826e-03 0.0
-8.70675271e-02 -6.91009786e-03 0.0
-8.65307288e-02 -8.68244507e-03 0.0
-8.58415564e-02 -1.05319140e-02 0.0
-8.49878062e-02 -1.24685604e-02 0.0
-8.39552060e-02 -1.45016141e-02 0.0
-8.27271744e-02 -1.66391260e-02 0.0
-8.12849620e-02 -1.88874885e-02 0.0
-7.96075514e-02 -2.12509010e-02 0.0
-7.76719369e-02 -2.37306708e-02 0.0
-7.54532995e-02 -2.63244412e-02 0.0
-7.29255838e-02 -2.90252025e-02 0.0
-7.00621522e-02 -3.18201479e-02 0.0
-6.68368964e-02 -3.46891101e-02 0.0
-6.32256664e-02 -3.76024533e-02 0.0
-5.92082846e-02 -4.05178244e-02 0.0
-5.47712250e-02 -4.33752394e-02 0.0
-4.99111515e-02 -4.60895755e-02 0.0
-4.46396299e-02 -4.85400091e-02 0.0
-3.89890997e-02 -5.05563449e-02 0.0
-3.30205295e-02 -5.19036984e-02 0.0
-2.68325648e-02 -5.22683176e-02 0.0
-2.05724820e-02 -5.12493519e-02 0.0
-1.44479976e-02 -4.83637427e-02 0.0
-8.73827107e-03 -4.30772614e-02 0.0
-3.79768529e-03 -3.48853214e-02 0.0
-4.32088200e-05 -2.34704229e-02 0.0
7.41129554e-04 -8.86500736e-03 0.0
8.41264710e-04 9.07650048e-03 0.0
2.60343824e-04 2.38689816e-02 0.0
-3.22853169e-03 3.53300908e-02 0.0
-7.79378450e-03 4.34348275e-02 0.0
-1.30386121e-02 4.85727903e-02 0.0
-1.86366775e-02 5.13391638e-02 0.0
-2.43434092e-02 5.23354101e-02 0.0
-2.99878022e-02 5.20753140e-02 0.0
-3.54562352e-02 5.09584770e-02 0.0
-4.06768944e-02 4.92763876e-02 0.0
-4.56068442e-02 4.72317972e-02 0.0
-5.02229073e-02 4.49615578e-02 0.0
-5.45151466e-02 4.25572058e-02 0.0
-5.84828001e-02 4.00809689e-02 0.0
-6.21314061e-02 3.75765639e-02 0.0
-6.54710202e-02 3.50759325e-02 0.0
-6.85147869e-02 3.26029641e-02 0.0
-7.12779454e-02 3.01756413e-02 0.0
-7.37769656e-02 2.78071455e-02 0.0
-7.60288751e-02 2.55066734e-02 0.0
-7.80507313e-02 2.32799226e-02 0.0
-7.98591525e-02 2.11296290e-02 0.0
-8.14700503e-02 1.90559153e-02 0.0
-8.28983043e-02 1.70567336e-02 0.0
-8.41576887e-02 1.51281371e-02 0.0
-8.52606333e-02 1.32646356e-02 0.0
-8.62182823e-02 1.14593910e-02 0.0
-8.70402919e-02 9.70448521e-03 0.0
-8.77349675e-02 7.99104743e-03 0.0
-8.83090643e-02 6.30944422e-03 0.0
-8.87679606e-02 4.64935429e-03 0.0
-8.91154383e-02 2.99989890e-03 0.0
-8.93538623e-02 1.34968610e-03 0.0
-8.94839278e-02 -3.13097164e-04 0.0
-8.95048210e-02 -2.00064580e-03 0.0
-8.94139289e-02 -3.72545615e-03 0.0
-8.92069630e-02 -5.50026177e-03 0.0
-8.88776333e-02 -7.33793136e-03 0.0
-8.84177240e-02 -9.25134175e-03 0.0
-8.78167430e-02 -1.12532106e-02 0.0
-8.70619532e-02 -1.33558578e-02 0.0
-8.61380246e-02 -1.55709148e-02 0.0
-8.50270504e-02 -1.79089124e-02 0.0
-8.37082630e-02 -2.03787957e-02 0.0
-8.21581081e-02 -2.29872625e-02 0.0
-8.03501423e-02 -2.57380024e-02 0.0
-7.82553126e-02 -2.86306964e-02 0.0
-7.58422392e-02 -3.16598622e-02 0.0
-7.30779560e-02 -3.48133326e-02 0.0
-6.99289122e-02 -3.80703573e-02 0.0
-6.63625920e-02 -4.13988894e-02 0.0
-6.23497759e-02 -4.47517183e-02 0.0
-5.78677358e-02 -4.80605752e-02 0.0
-5.29046328e-02 -5.12275419e-02 0.0
-4.74653306e-02 -5.41129871e-02 0.0
-4.15790195e-02 -5.65203216e-02 0.0
-3.53085322e-02 -5.81788851e-02 0.0
-2.87614987e-02 -5.87282248e-02 0.0
-2.21024771e-02 -5.77086352e-02 0.0
-1.55652655e-02 -5.45662292e-02 0.0
-9.46201736e-03 -4.86878118e-02 0.0
-4.18332430e-03 -3.94940982e-02 0.0
-1.79596971e-04 -2.66198857e-02 0.0
7.22192363e-04 -1.00874930e-02 0.0
8.26448788e-04 1.02246075e-02 0.0
1.42425204e-04 2.68016598e-02 0.0
-3.56343679e-03 3.95922053e-02 0.0
-8.41118655e-03 4.85857902e-02 0.0
-1.39746617e-02 5.42302271e-02 0.0
-1.99001638e-02 5.72054097e-02 0.0
-2.59207438e-02 5.81966111e-02 0.0
-3.18488842e-02 5.77867981e-02 0.0
-3.75607950e-02 5.64275062e-02 0.0
-4.29795892e-02 5.44469952e-02 0.0
-4.80614997e-02 5.20732483e-02 0.0
-5.27851888e-02 4.94600685e-02 0.0
-5.71444998e-02 4.67104664e-02 0.0
-6.11433412e-02 4.38944323e-02 0.0
-6.47924799e-02 4.10610816e-02 0.0
-6.81071941e-02 3.82459843e-02 0.0
-7.11057370e-02 3.54754668e-02 0.0
-7.38080874e-02 3.27688937e-02 0.0
-7.62350495e-02 3.01401211e-02 0.0
-7.84075267e-02 2.75983282e-02 0.0
-8.03459514e-02 2.51487877e-02 0.0
-8.20699077e-02 2.27933752e-02 0.0
-8.35977752e-02 2.05311600e-02 0.0
-8.49466046e-02 1.83587895e-02 0.0
-8.61318909e-02 1.62709577e-02 0.0
-8.71676173e-02 1.42606808e-02 0.0
-8.80660897e-02 1.23196475e-02 0.0
-8.88380794e-02 1.04383951e-02 0.0
-8.94926699e-02 8.60655409e-03 0.0
-9.00374450e-02 6.81294502e-03 0.0
-9.04783159e-02 5.04573785e-03 0.0
-9.08197173e-02 3.29249569e-03 0.0
-9.10643949e-02 1.54027287e-03 0.0
-9.12135810e-02 -2.24366965e-04 0.0
-9.12667314e-02 -2.01528658e-03 0.0
-9.12216569e-02 -3.84675261e-03 0.0
-9.10742047e-02 -5.73337291e-03 0.0
-9.08183270e-02 -7.69003305e-03 0.0
-9.04457062e-02 -9.73179316e-03 0.0
-8.99457492e-02 -1.18737349e-02 0.0
-8.93051667e-02 -1.41307594e-02 0.0
-8.85078981e-02 -1.65172769e-02 0.0
-8.75346786e-02 -1.90468240e-02 0.0
-8.63629360e-02 -2.17315047e-02 0.0
-8.49664280e-02 -2.45813177e-02 0.0
-8.33152222e-02 -2.76032281e-02 0.0
-8.13755778e-02 -3.08000618e-02 0.0
-7.91102436e-02 -3.41690267e-02 0.0
-7.64789150e-02 -3.76999064e-02 0.0
-7.34392892e-02 -4.13725819e-02 0.0
-6.99486894e-02 -4.51537145e-02 0.0
-6.59666535e-02 -4.89918741e-02 0.0
-6.14587288e-02 -5.28105107e-02 0.0
-5.64018308e-02 -5.64977304e-02 0.0
-5.07915970e-02 -5.98924517e-02 0.0
-4.46518238e-02 -6.27670524e-02 0.0
-3.80461587e-02 -6.48084094e-02 0.0
-3.10912848e-02 -6.56007021e-02 0.0
-2.39708840e-02 -6.46156637e-02 0.0
-1.69480797e-02 -6.12192894e-02 0.0
-1.03732706e-02 -5.47128687e-02 0.0
-4.68030005e-03 -4.44407531e-02 0.0
-3.63135329e-04 -2.99941567e-02 0.0
6.93569520e-04 -1.13927190e-02 0.0
8.04108162e-04 1.14500810e-02 0.0
-1.28270570e-05 2.99331986e-02 0.0
-3.98616843e-03 4.41399219e-02 0.0
-9.17440504e-03 5.40741344e-02 0.0
-1.51133667e-02 6.02444124e-02 0.0
-2.14171680e-02 6.34206413e-02 0.0
-2.77937342e-02 6.43786559e-02 0.0
-3.40383264e-02 6.37776350e-02 0.0
-4.00167764e-02 6.21271941e-02 0.0
-4.56478177e-02 5.97973226e-02 0.0
-5.08875070e-02 5.70447128e-02 0.0
-5.57175225e-02 5.40425134e-02 0.0
-6.01365032e-02 5.09065274e-02 0.0
-6.41543337e-02 4.77152667e-02 0.0
-6.77880923e-02 4.45233742e-02 0.0
-7.10594461e-02 4.13699949e-02 0.0
-7.39926865e-02 3.82834775e-02 0.0
-7.66133943e-02 3.52841807e-02 0.0
-7.89473896e-02 3.23860305e-02 0.0
-8.10199767e-02 2.95977199e-02 0.0
-8.28554110e-02 2.69234880e-02 0.0
-8.44764800e-02 2.43639271e-02 0.0
-8.59043134e-02 2.19165293e-02 0.0
-8.71581630e-02 1.95763099e-02 0.0
-8.82554334e-02 1.73361952e-02 0.0
-8.92115596e-02 1.51874844e-02 0.0
-9.00401643e-02 1.31200977e-02 0.0
-9.07529623e-02 1.11228942e-02 0.0
-9.13599755e-02 9.18380655e-03 0.0
-9.18694196e-02 7.29004239e-03 0.0
-9.22879301e-02 5.42813749e-03 0.0
-9.26204048e-02 3.58406935e-03 0.0
-9.28702077e-02 1.74326106e-03 0.0
-9.30389512e-02 -1.09363305e-04 0.0
-9.31266515e-02 -1.98939334e-03 0.0
-9.31314407e-02 -3.91290383e-03 0.0
-9.30496491e-02 -5.89645374e-03 0.0
-9.28754387e-02 -7.95704668e-03 0.0
-9.26007900e-02 -1.01120701e-02 0.0
-9.22150514e-02 -1.23791914e-02 0.0
-9.17048145e-02 -1.47761733e-02 0.0
-9.10533857e-02 -1.73206259e-02 0.0
-9.02405550e-02 -2.00296020e-02 0.0
-8.92420276e-02 -2.29190854e-02 0.0
-8.80291456e-02 -2.60032248e-02 0.0
-8.65683951e-02 -2.92933843e-02 0.0
-8.48212518e-02 -3.27968065e-02 0.0
-8.27440384e-02 -3.65149488e-02 0.0
-8.02882873e-02 -4.04411868e-02 0.0
-7.74015198e-02 -4.45578201e-02 0.0
-7.40289221e-02 -4.88317998e-02 0.0
-7.01161343e-02 -5.32087377e-02 0.0
-6.56136659e-02 -5.76041634e-02 0.0
-6.04834440e-02 -6.18913167e-02 0.0
-5.47078837e-02 -6.58847739e-02 0.0
-4.83018705e-02 -6.93206241e-02 0.0
-4.13272300e-02 -7.18352436e-02 0.0
-3.39090546e-02 -7.29470078e-02 0.0
-2.62518087e-02 -7.20470865e-02 0.0
-1.86528622e-02 -6.84096872e-02 0.0
-1.15087224e-02 -6.12414791e-02 0.0
-5.30765313e-03 -4.98062283e-02 0.0
-6.00442865e-04 -3.36530907e-02 0.0
6.54102212e-04 -1.28049037e-02 0.0
7.73135143e-04 1.27728155e-02 0.0
-2.10410219e-04 3.33109412e-02 0.0
-4.50964561e-03 4.90348084e-02 0.0
-1.01066590e-02 5.99645682e-02 0.0
-1.64892292e-02 6.66756020e-02 0.0
-2.32320910e-02 7.00362232e-02 0.0
-3.00143608e-02 7.09220381e-02 0.0
-3.66122971e-02 7.00769243e-02 0.0
-4.28815353e-02 6.80757533e-02 0.0
-4.87371860e-02 6.53356286e-02 0.0
-5.41367517e-02 6.21458491e-02 0.0
-5.90664795e-02 5.87013182e-02 0.0
-6.35316901e-02 5.51321226e-02 0.0
-6.75498317e-02 5.15258598e-02 0.0
-7.11459366e-02 4.79428679e-02 0.0
-7.43493568e-02 4.44255031e-02 0.0
-7.71916181e-02 4.10037022e-02 0.0
-7.97048088e-02 3.76980871e-02 0.0
-8.19204927e-02 3.45220355e-02 0.0
-8.38689288e-02 3.14829682e-02 0.0
-8.55785356e-02 2.85835067e-02 0.0
-8.70756074e-02 2.58222702e-02 0.0
-8.83840895e-02 2.31947149e-02 0.0
-8.95255950e-02 2.06936848e-02 0.0
-9.05193338e-02 1.83100238e-02 0.0
-9.13822949e-02 1.60329273e-02 0.0
-9.21292242e-02 1.38503592e-02 0.0
-9.27728800e-02 1.17492446e-02 0.0
-9.33239970e-02 9.71572850e-03 0.0
-9.37915559e-02 7.73525170e-03 0.0
-9.41826975e-02 5.79269114e-03 0.0
-9.45029691e-02 3.87235789e-03 0.0
-9.47561694e-02 1.95805319e-03 0.0
-9.49445430e-02 3.30237104e-05 0.0
-9.50685441e-02 -1.92003547e-03 0.0
-9.51269526e-02 -3.91903581e-03 0.0
-9.51165441e-02 -5.98251189e-03 0.0
-9.50320986e-02 -8.12964903e-03 0.0
-9.48659617e-02 -1.03802750e-02 0.0
-9.46079150e-02 -1.27548069e-02 0.0
-9.42446112e-02 -1.52741489e-02 0.0
-9.37592799e-02 -1.79594726e-02 0.0
-9.31310327e-02 -2.08319086e-02 0.0
-9.23344049e-02 -2.39120190e-02 0.0
-9.13385734e-02 -2.72191002e-02 0.0
-9.01068163e-02 -3.07701193e-02 0.0
-8.85958121e-02 -3.45783292e-02 0.0
-8.67552945e-02 -3.86512722e-02 0.0
-8.45278871e-02 -4.29881409e-02 0.0
-8.18496466e-02 -4.75759953e-02 0.0
-7.86514682e-02 -5.23845229e-02 0.0
-7.48619893e-02 -5.73584029e-02 0.0
-7.04125585e-02 -6.24065165e-02 0.0
-6.52449907e-02 -6.73868693e-02 0.0
-5.93228412e-02 -7.20870416e-02 0.0
-5.26463932e-02 -7.62009225e-02 0.0
-4.52711948e-02 -7.93048808e-02 0.0
-3.73284661e-02 -8.08383634e-02 0.0
-2.90450500e-02 -8.00964711e-02 0.0
-2.07585973e-02 -7.62457706e-02 0.0
-1.29229947e-02 -6.83851946e-02 0.0
-6.09621625e-03 -5.56904061e-02 0.0
-9.03968657e-04 -3.76684026e-02 0.0
6.01340822e-04 -1.43518408e-02 0.0
7.31724129e-04 1.42155874e-02 0.0
-4.59011833e-04 3.69901038e-02 0.0
-5.15382414e-03 5.43497421e-02 0.0
-1.12415555e-02 6.63344492e-02 0.0
-1.81489703e-02 7.35957928e-02 0.0
-2.54027145e-02 7.71127450e-02 0.0
-3.26477743e-02 7.78729680e-02 0.0
-3.96396096e-02 7.67159059e-02 0.0
-4.62236654e-02 7.42902193e-02 0.0
-5.23131460e-02 7.10664629e-02 0.0
-5.78690865e-02 6.73707010e-02 0.0
-6.28849468e-02 6.34222468e-02 0.0
-6.73750790e-02 5.93667377e-02 0.0
-7.13668761e-02 5.53013931e-02 0.0
-7.48952251e-02 5.12920041e-02 0.0
-7.79988869e-02 4.73836696e-02 0.0
-8.07179028e-02 4.36070362e-02 0.0
-8.30919094e-02 3.99821751e-02 0.0
-8.51589500e-02 3.65208965e-02 0.0
-8.69547277e-02 3.32285431e-02 0.0
-8.85121763e-02 3.01052061e-02 0.0
-8.98612087e-02 2.71468880e-02 0.0
-9.10287168e-02 2.43462942e-02 0.0
-9.20385609e-02 2.16936528e-02 0.0
-9.29117925e-02 1.91772153e-02 0.0
-9.36667255e-02 1.67838068e-02 0.0
-9.43192524e-02 1.44991020e-02 0.0
-9.48829059e-02 1.23079629e-02 0.0
-9.53691913e-02 1.01945517e-02 0.0
-9.57875916e-02 8.14251033e-03 0.0
-9.61458713e-02 6.13496265e-03 0.0
-9.64500028e-02 4.15458067e-03 0.0
-9.67044136e-02 2.18351816e-03 0.0
-9.69118211e-02 2.03398343e-04 0.0
-9.70733985e-02 -1.80478767e-03 0.0
-9.71885065e-02 -3.86074143e-03 0.0
-9.72547475e-02 -5.98496236e-03 0.0
-9.72675753e-02 -8.19882222e-03 0.0
-9.72201999e-02 -1.05246335e-02 0.0
-9.71030441e-02 -1.29856861e-02 0.0
-9.69034518e-02 -1.56062131e-02 0.0
-9.66049538e-02 -1.84112991e-02 0.0
-9.61867309e-02 -2.14266239e-02 0.0
-9.56226649e-02 -2.46780806e-02 0.0
-9.48805437e-02 -2.81910827e-02 0.0
-9.39209398e-02 -3.19895979e-02 0.0
-9.26962749e-02 -3.60946257e-02 0.0
-9.11497846e-02 -4.05220952e-02 0.0
-8.92149065e-02 -4.52797183e-02 0.0
-8.68151288e-02 -5.03625534e-02 0.0
-8.38649700e-02 -5.57464199e-02 0.0
-8.02726323e-02 -6.13784397e-02 0.0
-7.59452931e-02 -6.71633651e-02 0.0
-7.07980964e-02 -7.29448968e-02 0.0
-6.47677905e-02 -7.84815767e-02 0.0
-5.78317231e-02 -8.34190033e-02 0.0
-5.00315765e-02 -8.72622392e-02 0.0
-4.15001183e-02 -8.93552768e-02 0.0
-3.24867877e-02 -8.88763811e-02 0.0
-2.33767779e-02 -8.48623884e-02 0.0
-1.46958946e-02 -7.62851182e-02 0.0
-7.09310343e-03 -6.22200948e-02 0.0
-1.29354452e-03 -4.21305524e-02 0.0
5.30971841e-04 -1.60680704e-02 0.0
6.76828421e-04 1.58060155e-02 0.0
-7.71490102e-04 4.10377278e-02 0.0
-5.94759794e-03 6.01730872e-02 0.0
-1.26256493e-02 7.32769522e-02 0.0
-2.01554360e-02 8.10905769e-02 0.0
-2.80040782e-02 8.47204483e-02 0.0
-3.57764361e-02 8.52828018e-02 0.0
-4.32048885e-02 8.37264931e-02 0.0
-5.01256555e-02 8.07846043e-02 0.0
-5.64523676e-02 7.69884319e-02 0.0
-6.21530611e-02 7.27055407e-02 0.0
-6.72317865e-02 6.81821770e-02 0.0
-7.17153791e-02 6.35807268e-02 0.0
-7.56440161e-02 5.90080396e-02 0.0
-7.90649799e-02 5.45348788e-02 0.0
-8.20283334e-02 5.02080225e-02 0.0
-8.45841618e-02 4.60577433e-02 0.0
-8.67806920e-02 4.21022216e-02 0.0
-8.86631651e-02 3.83505800e-02 0.0
-9.02731745e-02 3.48048613e-02 0.0
-9.16483468e-02 3.14617193e-02 0.0
-9.28223174e-02 2.83135838e-02 0.0
-9.38247916e-02 2.53497793e-02 0.0
-9.46818303e-02 2.25572421e-02 0.0
-9.54160434e-02 1.99212517e-02 0.0
-9.60469940e-02 1.74258259e-02 0.0
-9.65913888e-02 1.50541632e-02 0.0
-9.70634962e-02 1.27888102e-02 0.0
-9.74752687e-02 1.06118947e-02 0.0
-9.78367228e-02 8.50514160e-03 0.0
-9.81559668e-02 6.44995830e-03 0.0
-9.84395152e-02 4.42735469e-03 0.0
-9.86922129e-02 2.41792484e-03 0.0
-9.89174641e-02 4.01708618e-04 0.0
-9.91170446e-02 -1.64189944e-03 0.0
-9.92912210e-02 -3.73431867e-03 0.0
-9.94384350e-02 -5.89792066e-03 0.0
-9.95552751e-02 -8.15619998e-03 0.0
-9.96359997e-02 -1.05339266e-02 0.0
-9.96723045e-02 -1.30572763e-02 0.0
-9.96526294e-02 -1.57539372e-02 0.0
-9.95616434e-02 -1.86531168e-02 0.0
-9.93792604e-02 -2.17854821e-02 0.0
-9.90797525e-02 -2.51828752e-02 0.0
-9.86304083e-02 -2.88778425e-02 0.0
-9.79902297e-02 -3.29027161e-02 0.0
-9.71082691e-02 -3.72882356e-02 0.0
-9.59220781e-02 -4.20612735e-02 0.0
-9.43561415e-02 -4.72414655e-02 0.0
-9.23208977e-02 -5.28359405e-02 0.0
-8.97127280e-02 -5.88314749e-02 0.0
-8.64159292e-02 -6.51826343e-02 0.0
-8.23078512e-02 -7.17946985e-02 0.0
-7.72687541e-02 -7.84999650e-02 0.0
-7.11980595e-02 -8.50276118e-02 0.0
-6.40379773e-02 -9.09692154e-02 0.0
-5.58044767e-02 -9.57457641e-02 0.0
-4.66228522e-02 -9.85849173e-02 0.0
-3.67627561e-02 -9.85202401e-02 0.0
-2.66639898e-02 -9.44273695e-02 0.0
-1.69429508e-02 -8.51221117e-02 0.0
-8.36830216e-03 -6.95605837e-02 0.0
-1.79954643e-03 -4.71584077e-02 0.0
4.36403531e-04 -1.79990183e-02 0.0
6.04262924e-04 1.75789299e-02 0.0
-1.16630489e-03 4.55377263e-02 0.0
-6.93117808e-03 6.66141145e-02 0.0
-1.43225036e-02 8.09053667e-02 0.0
-2.25919166e-02 8.92614422e-02 0.0
-3.11332309e-02 9.29396384e-02 0.0
-3.95038648e-02 9.32067163e-02 0.0
-4.74116281e-02 9.11389239e-02 0.0
-5.46853130e-02 8.75667673e-02 0.0
-6.12431364e-02 8.30909608e-02 0.0
-6.70647974e-02 7.81255328e-02 0.0
-7.21698870e-02 7.29461780e-02 0.0
-7.66019748e-02 6.77325919e-02 0.0
-8.04178100e-02 6.26008409e-02 0.0
-8.36799370e-02 5.76253676e-02 0.0
-8.64520102e-02 5.28531645e-02 0.0
-8.87957050e-02 4.83123312e-02 0.0
-9.07689114e-02 4.40175784e-02 0.0
-9.24246833e-02 3.99736758e-02 0.0
-9.38107794e-02 3.61780766e-02 0.0
-9.49696015e-02 3.26227009e-02 0.0
-9.59383408e-02 2.92955092e-02 0.0
-9.67493629e-02 2.61815416e-02 0.0
-9.74305628e-02 2.32639013e-02 0.0
-9.80059027e-02 2.05243205e-02 0.0
-9.84957706e-02 1.79437393e-02 0.0
-9.89175236e-02 1.55025515e-02 0.0
-9.92857585e-02 1.31809045e-02 0.0
-9.96127956e-02 1.09587390e-02 0.0
-9.99088315e-02 8.81590075e-03 0.0
-1.00182339e-01 6.73205139e-03 0.0
-1.00440096e-01 4.68665181e-03 0.0
-1.00687494e-01 2.65879405e-03 0.0
-1.00928440e-01 6.27091047e-04 0.0
-1.01165559e-01 -1.43054153e-03 0.0
-1.01399967e-01 -3.53706774e-03 0.0
-1.01631333e-01 -5.71658136e-03 0.0
-1.01857494e-01 -7.99454305e-03 0.0
-1.02074329e-01 -1.03980417e-02 0.0
-1.02275161e-01 -1.29560572e-02 0.0
-1.02450345e-01 -1.56996903e-02 0.0
-1.02586369e-01 -1.86623826e-02 0.0
-1.02665022e-01 -2.18800116e-02 0.0
-1.02662049e-01 -2.53909037e-02 0.0
-1.02545742e-01 -2.92355494e-02 0.0
-1.02274992e-01 -3.34560300e-02 0.0
-1.01797197e-01 -3.80947753e-02 0.0
-1.01045718e-01 -4.31925064e-02 0.0
-9.99373550e-02 -4.87846383e-02 0.0
-9.83699309e-02 -5.48955438e-02 0.0
-9.62208375e-02 -6.15292435e-02 0.0
-9.33475115e-02 -6.86550988e-02 0.0
-8.95915738e-02 -7.61863564e-02 0.0
-8.47888720e-02 -8.39502089e-02 0.0
-7.87879026e-02 -9.16491310e-02 0.0
-7.14788640e-02 -9.88169098e-02 0.0
-6.28336474e-02 -1.04776874e-01 0.0
-5.29543025e-02 -1.08614855e-01 0.0
-4.21224385e-02 -1.09182333e-01 0.0
-3.08377246e-02 -1.05148817e-01 0.0
-1.98293048e-02 -9.51301745e-02 0.0
-1.00247074e-02 -7.79318064e-02 0.0
-2.46763105e-03 -5.29130467e-02 0.0
3.07322187e-04 -2.02070236e-02 0.0
5.07788568e-04 1.95795906e-02 0.0
-1.66937381e-03 5.05975232e-02 0.0
-8.16017966e-03 7.38100418e-02 0.0
-1.64176086e-02 8.93582536e-02 0.0
-2.55677744e-02 9.82282127e-02 0.0
-3.49137356e-02 1.01860236e-01 0.0
-4.39580177e-02 1.01701145e-01 0.0
-5.23832524e-02 9.89776157e-02 0.0
-6.00150350e-02 9.46336803e-02 0.0
-6.67822870e-02 8.93492711e-02 0.0
-7.26833829e-02 8.35901399e-02 0.0
-7.77598139e-02 7.76632605e-02 0.0
-8.20775840e-02 7.17655459e-02 0.0
-8.57144220e-02 6.60207449e-02 0.0
-8.87516203e-02 6.05049800e-02 0.0
-9.12687888e-02 5.52629886e-02 0.0
-9.33408227e-02 5.03184335e-02 0.0
-9.50361772e-02 4.56802358e-02 0.0
-9.64161417e-02 4.13469533e-02 0.0
-9.75347097e-02 3.73096601e-02 0.0
-9.84388348e-02 3.35542576e-02 0.0
-9.91689673e-02 3.00630134e-02 0.0
-9.97596366e-02 2.68159111e-02 0.0
-1.00240189e-01 2.37914599e-02 0.0
-1.00635377e-01 2.09674564e-02 0.0
-1.00966085e-01 1.83213371e-02 0.0
-1.01249793e-01 1.58305606e-02 0.0
-1.01501206e-01 1.34726786e-02 0.0
-1.01732560e-01 1.12254774e-02 0.0
-1.01954133e-01 9.06688146e-03 0.0
-1.02174400e-01 6.97493978e-03 0.0
-1.02400427e-01 4.92763087e-03 0.0
-1.02637888e-01 2.90274000e-03 0.0
-1.02891344e-01 8.77600981e-04 0.0
-1.03164125e-01 -1.17111421e-03 0.0
-1.03458484e-01 -3.26770331e-03 0.0
-1.03775330e-01 -5.43772504e-03 0.0
-1.04114218e-01 -7.70835310e-03 0.0
-1.04472889e-01 -1.01087446e-02 0.0
-1.04847008e-01 -1.26704333e-02 0.0
-1.05229425e-01 -1.54277555e-02 0.0
-1.05609526e-01 -1.84182457e-02 0.0
-1.05972038e-01 -2.16830467e-02 0.0
-1.06295773e-01 -2.52671786e-02 0.0
-1.06551725e-01 -2.92197112e-02 0.0
-1.06700894e-01 -3.35935370e-02 0.0
-1.06691368e-01 -3.84446829e-02 0.0
-1.06454982e-01 -4.38305611e-02 0.0
-1.05903325e-01 -4.98067051e-02 0.0
-1.04923632e-01 -5.64206973e-02 0.0
-1.03375037e-01 -6.37018827e-02 0.0
-1.01086577e-01 -7.16443497e-02 0.0
-9.78590087e-02 -8.01807126e-02 0.0
-9.34735462e-02 -8.91441158e-02 0.0
-8.77114623e-02 -9.82183712e-02 0.0
-8.03883110e-02 -1.06879949e-01 0.0
-7.14050742e-02 -1.14342370e-01 0.0
-6.08139539e-02 -1.19519900e-01 0.0
-4.88901782e-02 -1.21032994e-01 0.0
-3.61922083e-02 -1.17280898e-01 0.0
-2.35864273e-02 -1.06612342e-01 0.0
-1.22108668e-02 -8.76298362e-02 0.0
-3.36564109e-03 -5.96173459e-02 0.0
1.28184931e-04 -2.27803085e-02 0.0
3.78687199e-04 2.18682141e-02 0.0
-2.31714835e-03 5.63570162e-02 0.0
-9.71056635e-03 8.19348131e-02 0.0
-1.90247897e-02 9.88051939e-02 0.0
-2.92237952e-02 1.08130516e-01 0.0
-3.94992514e-02 1.11579440e-01 0.0
-4.92913631e-02 1.10818437e-01 0.0
-5.82599576e-02 1.07254271e-01 0.0
-6.62347835e-02 1.01963763e-01 0.0
-7.31652336e-02 9.57170333e-02 0.0
-7.90778814e-02 8.90362725e-02 0.0
-8.40448007e-02 8.22606403e-02 0.0
-8.81613057e-02 7.56026101e-02 0.0
-9.15315042e-02 6.91908940e-02 0.0
-9.42591328e-02 6.30998391e-02 0.0
-9.64422729e-02 5.73686239e-02 0.0
-9.81704163e-02 5.20131636e-02 0.0
-9.95232331e-02 4.70338663e-02 0.0
-1.00570312e-01 4.24205553e-02 0.0
-1.01371561e-01 3.81560622e-02 0.0
-1.01977982e-01 3.42185855e-02 0.0
-1.02432580e-01 3.05835962e-02 0.0
-1.02771415e-01 2.72250064e-02 0.0
-1.03024512e-01 2.41161801e-02 0.0
-1.03216857e-01 2.12304286e-02 0.0
-1.03369127e-01 1.85414919e-02 0.0
-1.03498519e-01 1.60236460e-02 0.0
-1.03619256e-01 1.36518712e-02 0.0
-1.03743244e-01 1.14017438e-02 0.0
-1.03880372e-01 9.24941922e-03 0.0
-1.04039017e-01 7.17140569e-03 0.0
-1.04226176e-01 5.14442813e-03 0.0
-1.04447838e-01 3.14513215e-03 0.0
-1.04708979e-01 1.14985481e-03 0.0
-1.05013802e-01 -8.65726581e-04 0.0
-1.05365598e-01 -2.92691518e-03 0.0
-1.05766846e-01 -5.06040781e-03 0.0
-1.06218913e-01 -7.29472099e-03 0.0
-1.06721949e-01 -9.66068483e-03 0.0
-1.07274360e-01 -1.21919934e-02 0.0
-1.07872381e-01 -1.49257965e-02 0.0
-1.08509158e-01 -1.79033777e-02 0.0
-1.09173794e-01 -2.11708264e-02 0.0
-1.09849751e-01 -2.47797760e-02 0.0
-1.10512984e-01 -2.87880057e-02 0.0
-1.11129210e-01 -3.32599320e-02 0.0
-1.11650551e-01 -3.82665601e-02 0.0
-1.12011065e-01 -4.38846501e-02 0.0
-1.12121352e-01 -5.01940820e-02 0.0
-1.11862161e-01 -5.72723018e-02 0.0
-1.11077685e-01 -6.51834485e-02 0.0
-1.09569742e-01 -7.39592858e-02 0.0
-1.07095401e-01 -8.35677821e-02 0.0
-1.03372112e-01 -9.38658914e-02 0.0
-9.80959758e-02 -1.04534906e-01 0.0
-9.09798087e-02 -1.15002817e-01 0.0
-8.18161339e-02 -1.24366493e-01 0.0
-7.05656634e-02 -1.31337439e-01 0.0
-5.74616099e-02 -1.34243349e-01 0.0
-4.31068545e-02 -1.31123323e-01 0.0
-2.85265924e-02 -1.19956007e-01 0.0
-1.51351256e-02 -9.90532342e-02 0.0
-4.59182440e-03 -6.75825019e-02 0.0
-1.24344115e-04 -2.58460688e-02 0.0
2.04251422e-04 2.45264793e-02 0.0
-3.16038868e-03 6.30004437e-02 0.0
-1.16851247e-02 9.12095805e-02 0.0
-2.22922450e-02 1.09451824e-01 0.0
-3.37358262e-02 1.19126544e-01 0.0
-4.50718779e-02 1.22195003e-01 0.0
-5.56734961e-02 1.20596703e-01 0.0
-6.51846733e-02 1.15955886e-01 0.0
-7.34524168e-02 1.09504840e-01 0.0
-8.04608465e-02 1.02114969e-01 0.0
-8.62781644e-02 9.43684477e-02 0.0
-9.10179482e-02 8.66353203e-02 0.0
-9.48133637e-02 7.91400116e-02 0.0
-9.78007996e-02 7.20112933e-02 0.0
-1.00110392e-01 6.53168327e-02 0.0
-1.01860853e-01 5.90854067e-02 0.0
-1.03157269e-01 5.33211189e-02 0.0
-1.04090585e-01 4.80122227e-02 0.0
-1.04738194e-01 4.31370660e-02 0.0
-1.05165092e-01 3.86678764e-02 0.0
-1.05425288e-01 3.45735617e-02 0.0
-1.05563327e-01 3.08214280e-02 0.0
-1.05615694e-01 2.73785406e-02 0.0
-1.05612204e-01 2.42124115e-02 0.0
-1.05577110e-01 2.12915970e-02 0.0
-1.05530213e-01 1.85858396e-02 0.0
-1.05487644e-01 1.60662524e-02 0.0
-1.05462702e-01 1.37051821e-02 0.0
-1.05466344e-01 1.14761727e-02 0.0
-1.05507819e-01 9.35369303e-03 0.0
-1.05594933e-01 7.31297554e-03 0.0
-1.05734516e-01 5.32967497e-03 0.0
-1.05932527e-01 3.37961927e-03 0.0
-1.06194389e-01 1.43841974e-03 0.0
-1.06524959e-01 -5.18865106e-04 0.0
-1.06928739e-01 -2.51817901e-03 0.0
-1.07409712e-01 -4.58691455e-03 0.0
-1.07971406e-01 -6.75445614e-03 0.0
-1.08616556e-01 -9.05278022e-03 0.0
-1.09346925e-01 -1.15171445e-02 0.0
-1.10162689e-01 -1.41868993e-02 0.0
-1.11061847e-01 -1.71063854e-02 0.0
-1.12039078e-01 -2.03260099e-02 0.0
-1.13084394e-01 -2.39033843e-02 0.0
-1.14180999e-01 -2.79046328e-02 0.0
-1.15302543e-01 -3.24056132e-02 0.0
-1.16409141e-01 -3.74930236e-02 0.0
-1.17442162e-01 -4.32647410e-02 0.0
-1.18317216e-01 -4.98287408e-02 0.0
-1.18915390e-01 -5.72987522e-02 0.0
-1.19072780e-01 -6.57841776e-02 0.0
-1.18569532e-01 -7.53698411e-02 0.0
-1.17120930e-01 -8.60802609e-02 0.0
-1.14375459e-01 -9.78222617e-02 0.0
-1.09927657e-01 -1.10302559e-01 0.0
-1.03355923e-01 -1.22923145e-01 0.0
-9.42960009e-02 -1.34669835e-01 0.0
-8.25557918e-02 -1.44024845e-01 0.0
-6.82649641e-02 -1.48950884e-01 0.0
-5.20306474e-02 -1.47004913e-01 0.0
-3.50451589e-02 -1.35640210e-01 0.0
-1.90753745e-02 -1.12730317e-01 0.0
-6.28299845e-03 -7.72411202e-02 0.0
-4.83764019e-04 -2.95885097e-02 0.0
-3.34425359e-05 2.76667386e-02 0.0
-4.26916557e-03 7.07716335e-02 0.0
-1.42196700e-02 1.01913667e-01 0.0
-2.64063683e-02 1.21541609e-01 0.0
-3.93111182e-02 1.31385155e-01 0.0
-5.18288380e-02 1.33790244e-01 0.0
-6.32663455e-02 1.31040678e-01 0.0
-7.32677288e-02 1.25024577e-01 0.0
-8.17183773e-02 1.17154656e-01 0.0
-8.86582592e-02 1.08413592e-01 0.0
-9.42149427e-02 9.94439609e-02 0.0
-9.85573810e-02 9.06421737e-02 0.0
-1.01866242e-01 8.22375849e-02 0.0
-1.04316551e-01 7.43516230e-02 0.0
-1.06068303e-01 6.70380087e-02 0.0
-1.07262375e-01 6.03089287e-02 0.0
-1.08019476e-01 5.41512826e-02 0.0
-1.08441003e-01 4.85370698e-02 0.0
-1.08610787e-01 4.34297811e-02 0.0
-1.08597296e-01 3.87887352e-02 0.0
-1.08455916e-01 3.45716828e-02 0.0
-1.08231092e-01 3.07366819e-02 0.0
-1.07958332e-01 2.72430493e-02 0.0
-1.07665858e-01 2.40520873e-02 0.0
-1.07376139e-01 2.11272495e-02 0.0
-1.07107028e-01 1.84343120e-02 0.0
-1.06872867e-01 1.59411760e-02 0.0
-1.06685216e-01 1.36177779e-02 0.0
-1.06553632e-01 1.14357411e-02 0.0
-1.06486104e-01 9.36816280e-03 0.0
-1.06489610e-01 7.38920809e-03 0.0
-1.06570343e-01 5.47382670e-03 0.0
-1.06734123e-01 3.59731701e-03 0.0
-1.06986470e-01 1.73497568e-03 0.0
-1.07332908e-01 -1.38379149e-04 0.0
-1.07778921e-01 -2.04885353e-03 0.0
-1.08330142e-01 -4.02403594e-03 0.0
-1.08992194e-01 -6.09359319e-03 0.0
-1.09770721e-01 -8.28998052e-03 0.0
-1.10671048e-01 -1.06492741e-02 0.0
-1.11697948e-01 -1.32121400e-02 0.0
-1.12854952e-01 -1.60250287e-02 0.0
-1.14143590e-01 -1.91415499e-02 0.0
-1.15561996e-01 -2.26241851e-02 0.0
-1.17103074e-01 -2.65462164e-02 0.0
-1.18751608e-01 -3.09940262e-02 0.0
-1.20480252e-01 -3.60694466e-02 0.0
-1.22243630e-01 -4.18920028e-02 0.0
-1.23970177e-01 -4.85999632e-02 0.0
-1.25550936e-01 -5.63486849e-02 0.0
-1.26825116e-01 -6.53027628e-02 0.0
-1.27562790e-01 -7.56169170e-02 0.0
-1.27446999e-01 -8.73976647e-02 0.0
-1.26060517e-01 -1.00636893e-01 0.0
-1.22886937e-01 -1.15109390e-01 0.0
-1.17340908e-01 -1.30234153e-01 0.0
-1.08845664e-01 -1.44914064e-01 0.0
-9.69740512e-02 -1.57392501e-01 0.0
-8.16548930e-02 -1.65193271e-01 0.0
-6.34163342e-02 -1.65235451e-01 0.0
-4.35918393e-02 -1.54219698e-01 0.0
-2.43751658e-02 -1.29337319e-01 0.0
-8.61875651e-03 -8.91829285e-02 0.0
-9.96213148e-04 -3.42717978e-02 0.0
-3.59935862e-04 3.14449077e-02 0.0
-5.73824291e-03 7.99922962e-02 0.0
-1.74877969e-02 1.14393099e-01 0.0
-3.15874987e-02 1.35348624e-01 0.0
-4.61691613e-02 1.45064615e-01 0.0
-5.99441371e-02 1.46403553e-01 0.0
-7.21667720e-02 1.42087599e-01 0.0
-8.25113693e-02 1.34323733e-01 0.0
-9.09353691e-02 1.24730258e-01 0.0
-9.75641666e-02 1.14406786e-01 0.0
-1.02607960e-01 1.04051372e-01 0.0
-1.06307320e-01 9.40766946e-02 0.0
-1.08900909e-01 8.47056553e-02 0.0
-1.10608034e-01 7.60411335e-02 0.0
-1.11620893e-01 6.81132618e-02 0.0
-1.12102427e-01 6.09094352e-02 0.0
-1.12187493e-01 5.43931008e-02 0.0
-1.11985609e-01 4.85150521e-02 0.0
-1.11584410e-01 4.32205410e-02 0.0
-1.11053169e-01 3.84534007e-02 0.0
-1.10446103e-01 3.41587242e-02 0.0
-1.09805322e-01 3.02841856e-02 0.0
-1.09163302e-01 2.67809099e-02 0.0
-1.08545033e-01 2.36036244e-02 0.0
-1.07969671e-01 2.07107621e-02 0.0
-1.07451998e-01 1.80641412e-02 0.0
-1.07003459e-01 1.56287629e-02 0.0
-1.06633143e-01 1.33723322e-02 0.0
-1.06348393e-01 1.12649493e-02 0.0
-1.06155478e-01 9.27859940e-03 0.0
-1.06059933e-01 7.38680728e-03 0.0
-1.06067039e-01 5.56413303e-03 0.0
-1.06181991e-01 3.78579436e-03 0.0
-1.06410258e-01 2.02715661e-03 0.0
-1.06757643e-01 2.63292529e-04 0.0
-1.07230558e-01 -1.53157723e-03 0.0
-1.07835996e-01 -3.38464600e-03 0.0
-1.08581724e-01 -5.32520557e-03 0.0
-1.09476155e-01 -7.38542523e-03 0.0
-1.10528396e-01 -9.60128310e-03 0.0
-1.11747946e-01 -1.20137149e-02 0.0
-1.13144449e-01 -1.46699886e-02 0.0
-1.14726984e-01 -1.76254676e-02 0.0
-1.16503166e-01 -2.09457367e-02 0.0
-1.18477476e-01 -2.47093410e-02 0.0
-1.20648857e-01 -2.90110560e-02 0.0
-1.23006796e-01 -3.39659071e-02 0.0
-1.25525508e-01 -3.97135297e-02 0.0
-1.28155058e-01 -4.64224192e-02 0.0
-1.30808499e-01 -5.42921110e-02 0.0
-1.33343717e-01 -6.35500208e-02 0.0
-1.35539494e-01 -7.44362899e-02 0.0
-1.37066775e-01 -8.71668823e-02 0.0
-1.37459739e-01 -1.01861272e-01 0.0
-1.36097314e-01 -1.18421091e-01 0.0
-1.32214096e-01 -1.36351769e-01 0.0
-1.24968699e-01 -1.54537152e-01 0.0
-1.13601197e-01 -1.71008589e-01 0.0
-9.77011025e-02 -1.82796489e-01 0.0
-7.75691992e-02 -1.86002742e-01 0.0
-5.45857701e-02 -1.76260369e-01 0.0
-3.14115333e-02 -1.49687590e-01 0.0
-1.18169993e-02 -1.04183622e-01 0.0
-1.72132342e-03 -4.02663532e-02 0.0
-8.10894984e-04 3.60782233e-02 0.0
-7.69302770e-03 9.10819212e-02 0.0
-2.16999867e-02 1.29060018e-01 0.0
-3.80695731e-02 1.51151039e-01 0.0
-5.44915191e-02 1.60265864e-01 0.0
-6.94855732e-02 1.59971404e-01 0.0
-8.22915920e-02 1.53548481e-01 0.0
-9.26678069e-02 1.43583755e-01 0.0
-1.00694462e-01 1.31920991e-01 0.0
-1.06622932e-01 1.19773431e-01 0.0
-1.10774388e-01 1.07880093e-01 0.0
-1.13478919e-01 9.66519894e-02 0.0
-1.15042575e-01 8.62877356e-02 0.0
-1.15732495e-01 7.68562355e-02 0.0
-1.15772534e-01 6.83511987e-02 0.0
-1.15344860e-01 6.07255027e-02 0.0
-1.14594343e-01 5.39117270e-02 0.0
-1.13634098e-01 4.78344441e-02 0.0
-1.12551080e-01 4.24170773e-02 0.0
-1.11411232e-01 3.75859219e-02 0.0
-1.10263974e-01 3.32720215e-02 0.0
-1.09145908e-01 2.94121793e-02 0.0
-1.08083898e-01 2.59490219e-02 0.0
-1.07097448e-01 2.28309228e-02 0.0
-1.06200673e-01 2.00114502e-02 0.0
-1.05403725e-01 1.74489473e-02 0.0
-1.04714033e-01 1.51058344e-02 0.0
-1.04137117e-01 1.29481277e-02 0.0
-1.03677388e-01 1.09447659e-02 0.0
-1.03338592e-01 9.06715184e-03 0.0
-1.03124354e-01 7.28854290e-03 0.0
-1.03038408e-01 5.58361746e-03 0.0
-1.03085007e-01 3.92791126e-03 0.0
-1.03269033e-01 2.29737098e-03 0.0
-1.03596329e-01 6.67789431e-04 0.0
-1.04073756e-01 -9.85715788e-04 0.0
-1.04709473e-01 -2.68934362e-03 0.0
-1.05512957e-01 -4.47129956e-03 0.0
-1.06495238e-01 -6.36263155e-03 0.0
-1.07668858e-01 -8.39823852e-03 0.0
-1.09047999e-01 -1.06180978e-02 0.0
-1.10648292e-01 -1.30688493e-02 0.0
-1.12486650e-01 -1.58057600e-02 0.0
-1.14580627e-01 -1.88953397e-02 0.0
-1.16947465e-01 -2.24186481e-02 0.0
-1.19602196e-01 -2.64757020e-02 0.0
-1.22554584e-01 -3.11910024e-02 0.0
-1.25803873e-01 -3.67205060e-02 0.0
-1.29330379e-01 -4.32594598e-02 0.0
-1.33082086e-01 -5.10499991e-02 0.0
-1.36954278e-01 -6.03847987e-02 0.0
-1.40760023e-01 -7.16000668e-02 0.0
-1.44190501e-01 -8.50454204e-02 0.0
-1.46767523e-01 -1.01012819e-01 0.0
-1.47797542e-01 -1.19602019e-01 0.0
-1.46348491e-01 -1.40503176e-01 0.0
-1.41286554e-01 -1.62693140e-01 0.0
-1.31425474e-01 -1.84081236e-01 0.0
-1.15842101e-01 -2.01207360e-01 0.0
-9.43775383e-02 -2.09188378e-01 0.0
-6.82462923e-02 -2.02189443e-01 0.0
-4.05194345e-02 -1.74659637e-01 0.0
-1.61156381e-02 -1.23209926e-01 0.0
-2.73184608e-03 -4.80756612e-02 0.0
-1.43671924e-03 4.18701553e-02 0.0
-1.02958815e-02 1.04575611e-01 0.0
-2.70929973e-02 1.46370435e-01 0.0
-4.60494620e-02 1.69166714e-01 0.0
-6.43186099e-02 1.76941338e-01 0.0
-8.02568267e-02 1.74228263e-01 0.0
-9.31721105e-02 1.65012999e-01 0.0
-1.02995915e-01 1.52319338e-01 0.0
-1.10005169e-01 1.38221411e-01 0.0
-1.14629006e-01 1.24025417e-01 0.0
-1.17331435e-01 1.10482101e-01 0.0
-1.18548094e-01 9.79712867e-02 0.0
-1.18657664e-01 8.66417850e-02 0.0
-1.17973226e-01 7.65077936e-02 0.0
-1.16744537e-01 6.75111208e-02 0.0
-1.15165286e-01 5.95587886e-02 0.0
-1.13382242e-01 5.25450138e-02 0.0
-1.11504330e-01 4.63631350e-02 0.0
-1.09610844e-01 4.09120167e-02 0.0
-1.07758392e-01 3.60988179e-02 0.0
-1.05986535e-01 3.18401409e-02 0.0
-1.04322263e-01 2.80618507e-02 0.0
-1.02783420e-01 2.46986209e-02 0.0
-1.01381376e-01 2.16929504e-02 0.0
-1.00122967e-01 1.89943509e-02 0.0
-9.90120445e-02 1.65582838e-02 0.0
-9.80505274e-02 1.43453866e-02 0.0
-9.72393162e-02 1.23205414e-02 0.0
-9.65788408e-02 1.04522301e-02 0.0
-9.60696350e-02 8.71176188e-03 0.0
-9.57126153e-02 7.07273841e-03 0.0
-9.55094850e-02 5.51040332e-03 0.0
-9.54628800e-02 4.00116361e-03 0.0
-9.55766988e-02 2.52200083e-03 0.0
-9.58561964e-02 1.04997859e-03 0.0
-9.63082954e-02 -4.38361119e-04 0.0
-9.69416764e-02 -1.96759475e-03 0.0
-9.77670986e-02 -3.56414318e-03 0.0
-9.87975125e-02 -5.25710616e-03 0.0
-1.00048393e-01 -7.07928291e-03 0.0
-1.01537864e-01 -9.06847022e-03 0.0
-1.03286996e-01 -1.12690868e-02 0.0
-1.05319846e-01 -1.37343579e-02 0.0
-1.07663521e-01 -1.65291379e-02 0.0
-1.10347781e-01 -1.97338070e-02 0.0
-1.13404218e-01 -2.34494341e-02 0.0
-1.16864285e-01 -2.78048786e-02 0.0
-1.20755625e-01 -3.29660673e-02 0.0
-1.25095186e-01 -3.91478992e-02 0.0
-1.29877279e-01 -4.66278305e-02 0.0
-1.35053471e-01 -5.57586528e-02 0.0
-1.40500632e-01 -6.69733771e-02 0.0
-1.45973207e-01 -8.07691245e-02 0.0
-1.51037989e-01 -9.76473790e-02 0.0
-1.54996200e-01 -1.17979293e-01 0.0
-1.56811456e-01 -1.41759757e-01 0.0
-1.55085660e-01 -1.68224347e-01 0.0
-1.48155513e-01 -1.95341308e-01 0.0
-1.34408888e-01 -2.19277332e-01 0.0
-1.12909704e-01 -2.34082192e-01 0.0
-8.43193174e-02 -2.32017294e-01 0.0
-5.18598788e-02 -2.05018110e-01 0.0
-2.17389717e-02 -1.47376175e-01 0.0
-4.11233935e-03 -5.83613317e-02 0.0
-2.31037648e-03 4.92476885e-02 0.0
-1.37556203e-02 1.21132935e-01 0.0
-3.39020949e-02 1.66756726e-01 0.0
-5.55853127e-02 1.89420144e-01 0.0
-7.53587914e-02 1.94730581e-01 0.0
-9.15243780e-02 1.88542883e-01 0.0
-1.03616587e-01 1.75705938e-01 0.0
-1.11880974e-01 1.59714669e-01 0.0
-1.16891087e-01 1.42845531e-01 0.0
-1.19313715e-01 1.26447854e-01 0.0
-1.19784156e-01 1.11232631e-01 0.0
-1.18851021e-01 9.75043865e-02 0.0
-1.16960031e-01 8.53273745e-02 0.0
-1.14457994e-01 7.46358442e-02 0.0
-1.11605556e-01 6.53020608e-02 0.0
-1.08592824e-01 5.71759868e-02 0.0
-1.05554506e-01 5.01065761e-02 0.0
-1.02583248e-01 4.39525252e-02 0.0
-9.97405768e-02 3.85865920e-02 0.0
-9.70655375e-02 3.38968735e-02 0.0
-9.45812928e-02 2.97861038e-02 0.0
-9.23000189e-02 2.61704585e-02 0.0
-9.02265335e-02 2.29777983e-02 0.0
-8.83608618e-02 2.01461656e-02 0.0
-8.67001499e-02 1.76221185e-02 0.0
-8.52399388e-02 1.53594791e-02 0.0
-8.39751745e-02 1.33180017e-02 0.0
-8.29008108e-02 1.14624341e-02 0.0
-8.20123726e-02 9.76150088e-03 0.0
-8.13062274e-02 8.18720693e-03 0.0
-8.07799453e-02 6.71405229e-03 0.0
-8.04324221e-02 5.31848550e-03 0.0
-8.02641638e-02 3.97826142e-03 0.0
-8.02773644e-02 2.67195408e-03 0.0
-8.04761865e-02 1.37837032e-03 0.0
-8.08668562e-02 7.60297065e-05 0.0
-8.14579875e-02 -1.25746573e-03 0.0
-8.22607407e-02 -2.64610029e-03 0.0
-8.32892245e-02 -4.11626056e-03 0.0
-8.45607580e-02 -5.69773404e-03 0.0
-8.60963757e-02 -7.42495494e-03 0.0
-8.79212125e-02 -9.33866692e-03 0.0
-9.00651016e-02 -1.14880764e-02 0.0
-9.25630271e-02 -1.39338640e-02 0.0
-9.54556479e-02 -1.67522493e-02 0.0
-9.87894544e-02 -2.00408033e-02 0.0
-1.02616461e-01 -2.39264921e-02 0.0
-1.06992580e-01 -2.85770553e-02 0.0
-1.11973678e-01 -3.42163138e-02 0.0
-1.17607093e-01 -4.11439724e-02 0.0
-1.23915335e-01 -4.97581408e-02 0.0
-1.30866763e-01 -6.05753641e-02 0.0
-1.38326467e-01 -7.42349210e-02 0.0
-1.45980195e-01 -9.14631332e-02 0.0
-1.53227797e-01 -1.12957785e-01 0.0
-1.59054998e-01 -1.39138863e-01 0.0
-1.61919109e-01 -1.69706978e-01 0.0
-1.59731423e-01 -2.02976556e-01 0.0
-1.50081681e-01 -2.35038494e-01 0.0
-1.30898787e-01 -2.59003143e-01 0.0
-1.01691604e-01 -2.64893943e-01 0.0
-6.52230436e-02 -2.41069482e-01 0.0
-2.88504721e-02 -1.77818299e-01 0.0
-5.96132298e-03 -7.19689429e-02 0.0
-3.54504236e-03 5.88240807e-02 0.0
-1.83451897e-02 1.41522914e-01 0.0
-4.23029016e-02 1.90470960e-01 0.0
-6.64040749e-02 2.11490334e-01 0.0
-8.66549833e-02 2.12684823e-01 0.0
-1.01572095e-01 2.01671389e-01 0.0
-1.11195725e-01 1.84293333e-01 0.0
-1.16290370e-01 1.64486374e-01 0.0
-1.17846508e-01 1.44640154e-01 0.0
-1.16822063e-01 1.26051495e-01 0.0
-1.14033489e-01 1.09310948e-01 0.0
-1.10127174e-01 9.45867137e-02 0.0
-1.05589120e-01 8.18161040e-02 0.0
-1.00769542e-01 7.08256023e-02 0.0
-9.59109864e-02 6.14014158e-02 0.0
-9.11743944e-02 5.33274161e-02 0.0
-8.66611451e-02 4.64036901e-02 0.0
-8.24304916e-02 4.04536106e-02 0.0
-7.85128158e-02 3.53252702e-02 0.0
-7.49193290e-02 3.08897793e-02 0.0
-7.16489781e-02 2.70387100e-02 0.0
-6.86932743e-02 2.36809805e-02 0.0
-6.60395550e-02 2.07401730e-02 0.0
-6.36732244e-02 1.81518873e-02 0.0
-6.15791720e-02 1.58617248e-02 0.0
-5.97427738e-02 1.38233524e-02 0.0
-5.81504479e-02 1.19971191e-02 0.0
-5.67901072e-02 1.03486889e-02 0.0
-5.56513372e-02 8.84810516e-03 0.0
-5.47256311e-02 7.46881394e-03 0.0
-5.40064224e-02 6.18700676e-03 0.0
-5.34892583e-02 4.98089085e-03 0.0
-5.31718029e-02 3.83017893e-03 0.0
-5.30540281e-02 2.71549348e-03 0.0
-5.31382526e-02 1.61789780e-03 0.0
-5.34293990e-02 5.18333332e-04 0.0
-5.39351190e-02 -6.02913687e-04 0.0
-5.46661596e-02 -1.76685922e-03 0.0
-5.56366284e-02 -2.99655956e-03 0.0
-5.68645218e-02 -4.31802341e-03 0.0
-5.83721982e-02 -5.76139577e-03 0.0
-6.01871402e-02 -7.36247552e-03 0.0
-6.23427215e-02 -9.16483329e-03 0.0
-6.48792803e-02 -1.12226621e-02 0.0
-6.78452387e-02 -1.36049175e-02 0.0
-7.12984622e-02 -1.64011531e-02 0.0
-7.53075053e-02 -1.97301450e-02 0.0
-7.99525673e-02 -2.37522747e-02 0.0
-8.53252006e-02 -2.86874194e-02 0.0
-9.15252583e-02 -3.48394516e-02 0.0
-9.86518637e-02 -4.26278721e-02 0.0
-1.06782983e-01 -5.26231432e-02 0.0
-1.15934785e-01 -6.55756921e-02 0.0
-1.25988416e-01 -8.24150581e-02 0.0
-1.36570131e-01 -1.04176594e-01 0.0
-1.46875912e-01 -1.31787122e-01 0.0
-1.55453785e-01 -1.65616780e-01 0.0
-1.60010495e-01 -2.04697772e-01 0.0
-1.57410200e-01 -2.45567351e-01 0.0
-1.44174311e-01 -2.80893103e-01 0.0
-1.17890645e-01 -2.98494857e-01 0.0
-7.97448553e-02 -2.82082940e-01 0.0
-3.74901160e-02 -2.15432166e-01 0.0
-8.40204144e-03 -8.99666466e-02 0.0
-5.33118078e-03 7.15162418e-02 0.0
-2.44303635e-02 1.66546033e-01 0.0
-5.22764667e-02 2.17251676e-01 0.0
-7.75268485e-02 2.34061205e-01 0.0
-9.60021516e-02 2.28840200e-01 0.0
-1.06996471e-01 2.11427490e-01 0.0
-1.11502298e-01 1.88666743e-01 0.0
-1.11063241e-01 1.64768614e-01 0.0
-1.07194721e-01 1.42045598e-01 0.0
-1.01157390e-01 1.21584349e-01 0.0
-9.39094313e-02 1.03741639e-01 0.0
-8.61352183e-02 8.84755798e-02 0.0
-7.82982100e-02 7.55522632e-02 0.0
-7.06952421e-02 6.46669895e-02 0.0
-6.35032828e-02 5.55096076e-02 0.0
-5.68165726e-02 4.77960191e-02 0.0
-5.06744682e-02 4.12798312e-02 0.0
-4.50815351e-02 3.57539815e-02 0.0
-4.00214808e-02 3.10472677e-02 0.0
-3.54665186e-02 2.70194300e-02 0.0
-3.13834544e-02 2.35557404e-02 0.0
-2.77374895e-02 2.05623743e-02 0.0
-2.44945452e-02 1.79622067e-02 0.0
-2.16225553e-02 1.56916193e-02 0.0
-1.90922051e-02 1.36976738e-02 0.0
-1.68772123e-02 1.19360894e-02 0.0
-1.49544789e-02 1.03693965e-02 0.0
-1.33040149e-02 8.96567264e-03 0.0
-1.19089193e-02 7.69731789e-03 0.0
-1.07552145e-02 6.54024346e-03 0.0
-9.83182140e-03 5.47302441e-03 0.0
-9.13041355e-03 4.47634065e-03 0.0
-8.64545296e-03 3.53234811e-03 0.0
-8.37411453e-03 2.62423614e-03 0.0
-8.31641740e-03 1.73570314e-03 0.0
-8.47525615e-03 8.50523907e-04 0.0
-8.85665993e-03 -4.79740770e-05 0.0
-9.46997536e-03 -9.77445748e-04 0.0
-1.03283031e-02 -1.95718353e-03 0.0
-1.14489038e-02 -3.00892116e-03 0.0
-1.28538985e-02 -4.15784634e-03 0.0
-1.45710185e-02 -5.43398987e-03 0.0
-1.66347222e-02 -6.87406419e-03 0.0
-1.90874921e-02 -8.52413882e-03 0.0
-2.19816241e-02 -1.04433892e-02 0.0
-2.53813878e-02 -1.27097379e-02 0.0
-2.93658263e-02 -1.54281242e-02 0.0
-3.40320399e-02 -1.87430686e-02 0.0
-3.94988714e-02 -2.28572102e-02 0.0
-4.59100973e-02 -2.80584281e-02 0.0
-5.34351946e-02 -3.47572441e-02 0.0
-6.22632132e-02 -4.35346841e-02 0.0
-7.25811744e-02 -5.51944383e-02 0.0
-8.45219366e-02 -7.08019670e-02 0.0
-9.80582659e-02 -9.16716868e-02 0.0
-1.12813312e-01 -1.19231245e-01 0.0
-1.27762286e-01 -1.54645852e-01 0.0
-1.40838796e-01 -1.98035516e-01 0.0
-1.48572562e-01 -2.47096169e-01 0.0
-1.46124772e-01 -2.95047993e-01 0.0
-1.28443234e-01 -3.28305197e-01 0.0
-9.34616491e-02 -3.25399992e-01 0.0
-4.74617433e-02 -2.60369774e-01 0.0
-1.16050860e-02 -1.13717038e-01 0.0
-8.00576643e-03 8.87684672e-02 0.0
-3.24687727e-02 1.96771279e-01 0.0
-6.32310245e-02 2.45634806e-01 0.0
-8.64669142e-02 2.54164371e-01 0.0
-9.88850952e-02 2.39630553e-01 0.0
-1.01588573e-01 2.14334974e-01 0.0
-9.71317213e-02 1.85808283e-01 0.0
-8.80730527e-02 1.58129400e-01 0.0
-7.64602019e-02 1.33203502e-01 0.0
-6.37548824e-02 1.11683858e-01 0.0
-5.09208465e-02 9.35602046e-02 0.0
-3.85480339e-02 7.85100609e-02 0.0
-2.69651962e-02 6.60980136e-02 0.0
-1.63278407e-02 5.58809950e-02 0.0
-6.68211622e-03 4.74580011e-02 0.0
1.99103699e-03 4.04878461e-02 0.0
9.74645335e-03 3.46905688e-02 0.0
1.66559209e-02 2.98409290e-02 0.0
2.27966299e-02 2.57596425e-02 0.0
2.82444912e-02 2.23043169e-02 0.0
3.30705748e-02 1.93617890e-02 0.0
3.73394498e-02 1.68415680e-02 0.0
4.11086785e-02 1.46709182e-02 0.0
4.44288865e-02 1.27907865e-02 0.0
4.73441962e-02 1.11529179e-02 0.0
4.98927207e-02 9.71739695e-03 0.0
5.21071613e-02 8.45097731e-03 0.0
5.40152849e-02 7.32556368e-03 0.0
5.56404462e-02 6.31722181e-03 0.0
5.70019314e-02 5.40519811e-03 0.0
5.81153483e-02 4.57130009e-03 0.0
5.89928189e-02 3.79922335e-03 0.0
5.96432307e-02 3.07412091e-03 0.0
6.00722826e-02 2.38209745e-03 0.0
6.02825931e-02 1.70984959e-03 0.0
6.02735949e-02 1.04422643e-03 0.0
6.00414814e-02 3.71843764e-04 0.0
5.95789226e-02 -3.21389492e-04 0.0
5.88748003e-02 -1.05079820e-03 0.0
5.79136773e-02 -1.83359436e-03 0.0
5.66752191e-02 -2.68973911e-03 0.0
5.51332752e-02 -3.64305489e-03 0.0
5.32547833e-02 -4.72283153e-03 0.0
5.09981781e-02 -5.96602659e-03 0.0
4.83113663e-02 -7.42059284e-03 0.0
4.51288807e-02 -9.15032192e-03 0.0
4.13680956e-02 -1.12423571e-02 0.0
3.69239920e-02 -1.38185601e-02 0.0
3.16621761e-02 -1.70531149e-02 0.0
2.54097691e-02 -2.11989347e-02 0.0
1.79445626e-02 -2.66264783e-02 0.0
8.98439650e-03 -3.38773096e-02 0.0
-1.81742788e-03 -4.37320705e-02 0.0
-1.48575308e-02 -5.72835122e-02 0.0
-3.05227279e-02 -7.59886551e-02 0.0
-4.90402321e-02 -1.01641765e-01 0.0
-7.01714705e-02 -1.36155155e-01 0.0
-9.26777962e-02 -1.80943411e-01 0.0
-1.13553372e-01 -2.35578961e-01 0.0
-1.27282259e-01 -2.95284130e-01 0.0
-1.26008913e-01 -3.47023964e-01 0.0
-1.02493930e-01 -3.65177810e-01 0.0
-5.80317965e-02 -3.11054006e-01 0.0
-1.57995715e-02 -1.44982564e-01 0.0
-1.21249889e-02 1.12918171e-01 0.0
-4.27236898e-02 2.31702241e-01 0.0
-7.28124947e-02 2.71554915e-01 0.0
-8.73563599e-02 2.66024041e-01 0.0
-8.64394883e-02 2.39272219e-01 0.0
-7.45439333e-02 2.05501266e-01 0.0
-5.63460552e-02 1.71987299e-01 0.0
-3.53878166e-02 1.41933523e-01 0.0
-1.39755373e-02 1.16374298e-01 0.0
6.54872741e-03 9.52835338e-02 0.0
2.54991668e-02 7.81761111e-02 0.0
4.26008132e-02 6.44197586e-02 0.0
5.78185625e-02 5.33877935e-02 0.0
7.12463010e-02 4.45261897e-02 0.0
8.30387176e-02 3.73747349e-02 0.0
9.33712675e-02 3.15654811e-02 0.0
1.02418071e-01 2.68107862e-02 0.0
1.10340740e-01 2.28886484e-02 0.0
1.17283688e-01 1.96283386e-02 0.0
1.23373064e-01 1.68984556e-02 0.0
1.28717557e-01 1.45971447e-02 0.0
1.33410073e-01 1.26448900e-02 0.0
1.37529647e-01 1.09788615e-02 0.0
1.41143357e-01 9.54898905e-03 0.0
1.44308015e-01 8.31481004e-03 0.0
1.47071685e-01 7.24336742e-03 0.0
1.49474904e-01 6.30740210e-03 0.0
1.51551767e-01 5.48420029e-03 0.0
1.53330738e-01 4.75449935e-03 0.0
1.54835387e-01 4.10182509e-03 0.0
1.56084894e-01 3.51178642e-03 0.0
1.57094527e-01 2.97166246e-03 0.0
1.57875910e-01 2.46991254e-03 0.0
1.58437305e-01 1.99587774e-03 0.0
1.58783678e-01 1.53940158e-03 0.0
1.58916802e-01 1.09055575e-03 0.0
1.58835145e-01 6.39290079e-04 0.0
1.58533766e-01 1.75099580e-04 0.0
1.58003986e-01 -3.13390132e-04 0.0
1.57233025e-01 -8.38929951e-04 0.0
1.56203350e-01 -1.41628409e-03 0.0
1.54891897e-01 -2.06313319e-03 0.0
1.53268881e-01 -2.80126808e-03 0.0
1.51296268e-01 -3.65839870e-03 0.0
1.48925545e-01 -4.67071448e-03 0.0
1.46094686e-01 -5.88688853e-03 0.0
1.42723739e-01 -7.37409177e-03 0.0
1.38708516e-01 -9.22753409e-03 0.0
1.33911356e-01 -1.15852022e-02 0.0
1.28147796e-01 -1.46509185e-02 0.0
1.21167654e-01 -1.87291837e-02 0.0
1.12629617e-01 -2.42764381e-02 0.0
1.02070408e-01 -3.19719467e-02 0.0
8.88752272e-02 -4.28083874e-02 0.0
7.22685360e-02 -5.81919265e-02 0.0
5.13686768e-02 -8.00211622e-02 0.0
2.53928761e-02 -1.10668749e-01 0.0
-5.83812376e-03 -1.52692517e-01 0.0
-4.08961049e-02 -2.07896323e-01 0.0
-7.51495273e-02 -2.74984479e-01 0.0
-9.91432025e-02 -3.44603305e-01 0.0
-9.93878896e-02 -3.90868778e-01 0.0
-6.70016597e-02 -3.62211411e-01 0.0
-2.11384547e-02 -1.85907060e-01 0.0
-1.82412401e-02 1.47411647e-01 0.0
-5.35449256e-02 2.67238400e-01 0.0
-7.31454475e-02 2.85708097e-01 0.0
-6.64684739e-02 2.59737766e-01 0.0
-4.15490292e-02 2.19722202e-01 0.0
-7.73572729e-03 1.79342453e-01 0.0
2.84206333e-02 1.43791908e-01 0.0
6.31975301e-02 1.14393815e-01 0.0
9.48294788e-02 9.08698205e-02 0.0
1.22712923e-01 7.23803462e-02 0.0
1.46864231e-01 5.79776000e-02 0.0
1.67591773e-01 4.67891320e-02 0.0
1.85311886e-01 3.80806119e-02 0.0
2.00453008e-01 3.12645661e-02 0.0
2.13410605e-01 2.58864031e-02 0.0
2.24530029e-01 2.16018968e-02 0.0
2.34103695e-01 1.81539612e-02 0.0
2.42374972e-01 1.53515878e-02 0.0
2.49544622e-01 1.30528601e-02 0.0
2.55777684e-01 1.11515560e-02 0.0
2.61209824e-01 9.56746904e-03 0.0
2.65952783e-01 8.23914784e-03 0.0
2.70098893e-01 7.11897485e-03 0.0
2.73724691e-01 6.16942158e-03 0.0
2.76893840e-01 5.36062014e-03 0.0
2.79659398e-01 4.66837774e-03 0.0
2.82065663e-01 4.07295110e-03 0.0
2.84149572e-01 3.55792072e-03 0.0
2.85941873e-01 3.10954298e-03 0.0
2.87467977e-01 2.71606215e-03 0.0
2.88748703e-01 2.36734476e-03 0.0
2.89800773e-01 2.05442731e-03 0.0
2.90637272e-01 1.76928452e-03 0.0
2.91267895e-01 1.50450622e-03 0.0
2.91699190e-01 1.25311481e-03 0.0
2.91934614e-01 1.00830350e-03 0.0
2.91974574e-01 7.63241075e-04 0.0
2.91816291e-01 5.10810693e-04 0.0
2.91453629e-01 2.43334239e-04 0.0
2.90876701e-01 -4.77731807e-05 0.0
2.90071394e-01 -3.72471479e-04 0.0
2.89018576e-01 -7.42689364e-04 0.0
2.87693086e-01 -1.17322632e-03 0.0
2.86062210e-01 -1.68297247e-03 0.0
2.84083603e-01 -2.29683580e-03 0.0
2.81702215e-01 -3.04854606e-03 0.0
2.78845854e-01 -3.98515377e-03 0.0
2.75418511e-01 -5.17393499e-03 0.0
2.71290328e-01 -6.71348875e-03 0.0
2.66282275e-01 -8.75105061e-03 0.0
2.60142992e-01 -1.15096573e-02 0.0
2.52514336e-01 -1.53293024e-02 0.0
2.42882164e-01 -2.07277320e-02 0.0
2.30510664e-01 -2.84859502e-02 0.0
2.14365373e-01 -3.97624094e-02 0.0
1.93048022e-01 -5.62334968e-02 0.0
1.64808640e-01 -8.02412558e-02 0.0
1.27792538e-01 -1.14872932e-01 0.0
8.08545473e-02 -1.63719955e-01 0.0
2.55025199e-02 -2.29555415e-01 0.0
-3.05610820e-02 -3.09975105e-01 0.0
-6.96558458e-02 -3.86157539e-01 0.0
-6.78613215e-02 -4.01103412e-01 0.0
-2.68470385e-02 -2.38010526e-01 0.0
-2.46119091e-02 1.94505881e-01 0.0
-5.36051851e-02 2.88682220e-01 0.0
-3.96018827e-02 2.69861506e-01 0.0
7.76051820e-03 2.21545000e-01 0.0
6.77154787e-02 1.73040581e-01 0.0
1.27446476e-01 1.32479798e-01 0.0
1.81181510e-01 1.00763192e-01 0.0
2.27154054e-01 7.66731197e-02 0.0
2.65498976e-01 5.86136757e-02 0.0
2.97108060e-01 4.51439989e-02 0.0
3.23071583e-01 3.50991527e-02 0.0
3.44430638e-01 2.75810229e-02 0.0
3.62084305e-01 2.19149819e-02 0.0
3.76769944e-01 1.76034789e-02 0.0
3.89075329e-01 1.42845531e-02 0.0
3.99461999e-01 1.16976983e-02 0.0
4.08290173e-01 9.65636681e-03 0.0
4.15841010e-01 8.02711463e-03 0.0
4.22334926e-01 6.71381434e-03 0.0
4.27945930e-01 5.64658156e-03 0.0
4.32812560e-01 4.77371895e-03 0.0
4.37046093e-01 4.05644992e-03 0.0
4.40736658e-01 3.46504147e-03 0.0
4.43957830e-01 2.97642631e-03 0.0
4.46770041e-01 2.57229502e-03 0.0
4.49223206e-01 2.23801621e-03 0.0
4.51358673e-01 1.96161637e-03 0.0
4.53210778e-01 1.73327179e-03 0.0
4.54807993e-01 1.54470659e-03 0.0
4.56173868e-01 1.38894299e-03 0.0
4.57327715e-01 1.25991527e-03 0.0
4.58285183e-01 1.15233655e-03 0.0
4.59058643e-01 1.06143409e-03 0.0
4.59657528e-01 9.82860557e-04 0.0
4.60088504e-01 9.12498780e-04 0.0
4.60355631e-01 8.46373510e-04 0.0
4.60460358e-01 7.80487898e-04 0.0
4.60401505e-01 7.10698089e-04 0.0
4.60175072e-01 6.32539218e-04 0.0
4.59774001e-01 5.41011666e-04 0.0
4.59187719e-01 4.30324965e-04 0.0
4.58401542e-01 2.93496174e-04 0.0
4.57395749e-01 1.21857366e-04 0.0
4.56144318e-01 -9.57670035e-05 0.0
4.54613030e-01 -3.74164766e-04 0.0
4.52756755e-01 -7.33575631e-04 0.0
4.50515355e-01 -1.20238314e-03 0.0
4.47807515e-01 -1.82154668e-03 0.0
4.44521233e-01 -2.65143531e-03 0.0
4.40499060e-01 -3.78290251e-03 0.0
4.35515060e-01 -5.35454634e-03 0.0
4.29239098e-01 -7.57981976e-03 0.0
4.21182288e-01 -1.07882561e-02 0.0
4.10615866e-01 -1.54875266e-02 0.0
3.96455358e-01 -2.24550565e-02 0.0
3.77105599e-01 -3.28737602e-02 0.0
3.50278809e-01 -4.85348405e-02 0.0
3.12854318e-01 -7.21387715e-02 0.0
2.61022736e-01 -1.07684560e-01 0.0
1.91425164e-01 -1.60641223e-01 0.0
1.04932161e-01 -2.36332704e-01 0.0
1.52226109e-02 -3.30995636e-01 0.0
-4.13049545e-02 -4.01532282e-01 0.0
-2.75216646e-02 -2.96631036e-01 0.0
-1.34635271e-02 2.36943559e-01 0.0
9.48951243e-03 2.56647020e-01 0.0
9.89643699e-02 1.98418555e-01 0.0
2.02408840e-01 1.42181088e-01 0.0
2.94728190e-01 1.00130195e-01 0.0
3.69807749e-01 7.05796424e-02 0.0
4.28638510e-01 5.00975725e-02 0.0
4.74126220e-01 3.58785049e-02 0.0
5.09246134e-01 2.59434787e-02 0.0
5.36504488e-01 1.89467816e-02 0.0
5.57860544e-01 1.39768192e-02 0.0
5.74792429e-01 1.04124439e-02 0.0
5.88394394e-01 7.82796049e-03 0.0
5.99468538e-01 5.93074702e-03 0.0
6.08600710e-01 4.51976014e-03 0.0
6.16219622e-01 3.45694171e-03 0.0
6.22641131e-01 2.64747432e-03 0.0
6.28100511e-01 2.02582320e-03 0.0
6.32775457e-01 1.54627801e-03 0.0
6.36802252e-01 1.17635158e-03 0.0
6.40287047e-01 8.92556413e-04 0.0
6.43313715e-01 6.77444347e-04 0.0
6.45949386e-01 5.17840769e-04 0.0
6.48248364e-01 4.03507616e-04 0.0
6.50254976e-01 3.26417219e-04 0.0
6.52005642e-01 2.80091082e-04 0.0
6.53530446e-01 2.59294598e-04 0.0
6.54854293e-01 2.59664588e-04 0.0
6.55997833e-01 2.77578773e-04 0.0
6.56978127e-01 3.09921173e-04 0.0
6.57809206e-01 3.54026413e-04 0.0
6.58502458e-01 4.07520201e-04 0.0
6.59066966e-01 4.68292860e-04 0.0
6.59509709e-01 5.34384555e-04 0.0
6.59835749e-01 6.03963312e-04 0.0
6.60048300e-01 6.75236393e-04 0.0
6.60148783e-01 7.46415335e-04 0.0
6.60136772e-01 8.15636530e-04 0.0
6.60009907e-01 8.80894292e-04 0.0
6.59763684e-01 9.39946050e-04 0.0
6.59391168e-01 9.90181217e-04 0.0
6.58882515e-01 1.02846210e-03 0.0
6.58224330e-01 1.05085755e-03 0.0
6.57398677e-01 1.05230606e-03 0.0
6.56381674e-01 1.02603881e-03 0.0
6.55141376e-01 9.62779284e-04 0.0
6.53634623e-01 8.49399825e-04 0.0
6.51802203e-01 6.66913663e-04 0.0
6.49561402e-01 3.87170048e-04 0.0
6.46794326e-01 -3.22761823e-05 0.0
6.43329568e-01 -6.56431849e-04 0.0
6.38913323e-01 -1.58574430e-03 0.0
6.33164121e-01 -2.97633587e-03 0.0
6.25502400e-01 -5.07132100e-03 0.0
6.15041805e-01 -8.25017392e-03 0.0
6.00422141e-01 -1.31092355e-02 0.0
5.79552345e-01 -2.06027929e-02 0.0
5.49216619e-01 -3.23106154e-02 0.0
5.04505862e-01 -5.09703866e-02 0.0
4.38235522e-01 -8.14874954e-02 0.0
3.41563259e-01 -1.32321173e-01 0.0
2.10577231e-01 -2.14311596e-01 0.0
6.94116041e-02 -3.20523132e-01 0.0
1.07041244e-03 -3.27467047e-01 0.0
1.20799467e-01 1.26309772e-01 0.0
3.45131721e-01 1.10115231e-01 0.0
5.17690433e-01 7.26801277e-02 0.0
6.31035924e-01 4.58974628e-02 0.0
7.04154613e-01 2.90985044e-02 0.0
7.52137332e-01 1.87166400e-02 0.0
7.84452191e-01 1.22065887e-02 0.0
8.06816720e-01 8.03760077e-03 0.0
8.22714591e-01 5.31343717e-03 0.0
8.34314778e-01 3.50252213e-03 0.0
8.42998580e-01 2.28125444e-03 0.0
8.49662890e-01 1.44744137e-03 0.0
8.54899222e-01 8.71783822e-04 0.0
8.59102856e-01 4.70504671e-04 0.0
8.62541418e-01 1.88668634e-04 0.0
8.65398899e-01 -9.76683133e-06 0.0
8.67804206e-01 -1.48773189e-04 0.0
8.69849716e-01 -2.44261220e-04 0.0
8.71603294e-01 -3.07154258e-04 0.0
8.73116061e-01 -3.44922309e-04 0.0
8.74427424e-01 -3.63013907e-04 0.0
8.75568373e-01 -3.65313788e-04 0.0
8.76563676e-01 -3.54872320e-04 0.0
8.77433384e-01 -3.33937608e-04 0.0
8.78193886e-01 -3.04399531e-04 0.0
8.78858678e-01 -2.67675112e-04 0.0
8.79438925e-01 -2.25027647e-04 0.0
8.79943895e-01 -1.77413272e-04 0.0
8.80381276e-01 -1.25729493e-04 0.0
8.80757439e-01 -7.06651257e-05 0.0
8.81077618e-01 -1.28957267e-05 0.0
8.81346075e-01 4.70441184e-05 0.0
8.81566196e-01 1.08612415e-04 0.0
8.81740586e-01 1.71355077e-04 0.0
8.81871113e-01 2.34801614e-04 0.0
8.81958951e-01 2.98522126e-04 0.0
8.82004570e-01 3.62063949e-04 0.0
8.82007735e-01 4.24966236e-04 0.0
8.81967433e-01 4.86732248e-04 0.0
8.81881808e-01 5.46796983e-04 0.0
8.81747999e-01 6.04524721e-04 0.0
8.81561954e-01 6.59120416e-04 0.0
8.81318112e-01 7.09630650e-04 0.0
8.81008967e-01 7.54774382e-04 0.0
8.80624399e-01 7.92897615e-04 0.0
8.80150702e-01 8.21656916e-04 0.0
8.79569088e-01 8.37806738e-04 0.0
8.78853419e-01 8.36556048e-04 0.0
8.77966694e-01 8.10883417e-04 0.0
8.76855571e-01 7.50097672e-04 0.0
8.75441786e-01 6.37923863e-04 0.0
8.73608662e-01 4.49107325e-04 0.0
8.71179917e-01 1.44450058e-04 0.0
8.67886310e-01 -3.37420969e-04 0.0
8.63312794e-01 -1.09303249e-03 0.0
8.56812819e-01 -2.27684283e-03 0.0
8.47362210e-01 -4.14427684e-03 0.0
8.33288213e-01 -7.14456604e-03 0.0
8.11711165e-01 -1.21405593e-02 0.0
7.77283228e-01 -2.09532127e-02 0.0
7.19273168e-01 -3.76149929e-02 0.0
6.15805964e-01 -7.02083779e-02 0.0
4.30309187e-01 -1.26626175e-01 0.0
1.55787020e-01 -1.64311005e-01 0.0
SCALARS velocity_magnitude double 1
LOOKUP_TABLE default
5.17640722e-03
7.77331411e-03
6.29460521e-03
5.30858047e-03
4.71170593e-03
4.28548873e-03
3.92843981e-03
3.61024588e-03
3.32375194e-03
3.06667314e-03
2.83750395e-03
2.63549246e-03
2.46044618e-03
2.31271924e-03
2.19260769e-03
2.10021434e-03
2.03484740e-03
1.99506275e-03
1.97836291e-03
1.98160220e-03
2.00103135e-03
2.03284675e-03
2.07326638e-03
2.11890499e-03
2.16671514e-03
2.21415645e-03
2.25906485e-03
2.29971440e-03
2.33469450e-03
2.36293249e-03
2.38360863e-03
2.39616743e-03
2.40027094e-03
2.39581048e-03
2.38289056e-03
2.36184923e-03
2.33326491e-03
2.29799444e-03
2.25719602e-03
2.21239269e-03
2.16549982e-03
2.11890979e-03
2.07548932e-03
2.03864181e-03
2.01218661e-03
2.00029577e-03
2.00714173e-03
2.03666047e-03
2.09205728e-03
2.17566369e-03
2.28870367e-03
2.43158216e-03
2.60405030e-03
2.80576691e-03
3.03655038e-03
3.29677373e-03
3.58721248e-03
3.90938260e-03
4.26949065e-03
4.69739267e-03
5.29515777e-03
6.28371577e-03
7.76889457e-03
5.17233649e-03
7.81713112e-03
1.25037612e-02
1.18386200e-02
1.07916597e-02
9.93575137e-03
9.21284032e-03
8.54013566e-03
7.89546622e-03
7.28395293e-03
6.71397018e-03
6.19150626e-03
5.72096506e-03
5.30651480e-03
4.95232132e-03
4.66225172e-03
4.43895675e-03
4.28302645e-03
4.19211440e-03
4.16080724e-03
4.18095324e-03
4.24272580e-03
4.33565062e-03
4.44964608e-03
4.57555464e-03
4.70550062e-03
4.83287197e-03
4.95229408e-03
5.05943810e-03
5.15091884e-03
5.22412225e-03
5.27713427e-03
5.30863002e-03
5.31784985e-03
5.30454703e-03
5.26900913e-03
5.21205861e-03
5.13512216e-03
5.04028613e-03
4.93042375e-03
4.80930995e-03
4.68180799e-03
4.55401832e-03
4.43345667e-03
4.32908100e-03
4.25118875e-03
4.21091934e-03
4.21943807e-03
4.28669439e-03
4.42023740e-03
4.62431511e-03
4.89980617e-03
5.24474347e-03
5.65534763e-03
6.12690840e-03
6.65437261e-03
7.23203619e-03
7.85239050e-03
8.50536271e-03
9.18459550e-03
9.91224472e-03
1.07730329e-02
1.18278320e-02
1.25014853e-02
7.80229469e-03
6.40491086e-03
1.19422649e-02
1.19887796e-02
1.11867638e-02
1.03698212e-02
9.61515963e-03
8.88528315e-03
8.18209067e-03
7.53381418e-03
6.97072771e-03
6.51668954e-03
6.18838848e-03
5.99453809e-03
5.93459806e-03
5.99826291e-03
6.16756305e-03
6.42034887e-03
6.73405742e-03
7.08802885e-03
7.46471297e-03
7.84969688e-03
8.23146708e-03
8.60083028e-03
8.95051875e-03
9.27471312e-03
9.56879281e-03
9.82903300e-03
1.00524821e-02
1.02367781e-02
1.03801025e-02
1.04810679e-02
1.05387155e-02
1.05524474e-02
1.05220514e-02
1.04476655e-02
1.03298267e-02
1.01694649e-02
9.96798271e-03
9.72728695e-03
9.44991681e-03
9.13913658e-03
8.79914882e-03
8.43529301e-03
8.05440454e-03
7.66518144e-03
7.27873966e-03
6.90912175e-03
6.57383755e-03
6.29390621e-03
6.09314845e-03
5.99588851e-03
6.02325657e-03
6.18876313e-03
6.49540820e-03
6.93521718e-03
7.49068873e-03
8.13588985e-03
8.83832004e-03
9.56841518e-03
1.03252347e-02
1.11492874e-02
1.19653474e-02
1.19312034e-02
6.37949728e-03
5.56293020e-03
1.12078102e-02
1.16457138e-02
1.10586910e-02
1.03687933e-02
9.72578479e-03
9.11977685e-03
8.57103307e-03
8.12638375e-03
7.82865930e-03
7.70200422e-03
7.74930327e-03
7.95579744e-03
8.29542351e-03
8.73783917e-03
9.25352006e-03
9.81661785e-03
1.04056832e-02
1.10035016e-02
1.15963480e-02
1.21733485e-02
1.27257850e-02
1.32466677e-02
1.37302934e-02
1.41720267e-02
1.45680347e-02
1.49151925e-02
1.52109172e-02
1.54531416e-02
1.56402034e-02
1.57708559e-02
1.58441906e-02
1.58596695e-02
1.58170699e-02
1.57165334e-02
1.55585293e-02
1.53439202e-02
1.50739464e-02
1.47503140e-02
1.43752101e-02
1.39514288e-02
1.34824378e-02
1.29725736e-02
1.24272022e-02
1.18530427e-02
1.12584979e-02
1.06542008e-02
1.00536043e-02
9.47378735e-03
8.93615070e-03
8.46688463e-03
8.09632201e-03
7.85646392e-03
7.77568852e-03
7.87139420e-03
8.14255328e-03
8.56562471e-03
9.09734305e-03
9.69116433e-03
1.03292410e-02
1.10252549e-02
1.16287747e-02
1.12014386e-02
5.53581015e-03
5.19742925e-03
1.09024935e-02
1.16608588e-02
1.13178339e-02
1.08273279e-02
1.03777417e-02
9.97313801e-03
9.64116238e-03
9.43238262e-03
9.38625849e-03
9.51638099e-03
9.81288880e-03
1.02511160e-02
1.08004259e-02
1.14302141e-02
1.21131874e-02
1.28263405e-02
1.35509325e-02
1.42718199e-02
1.49768462e-02
1.56561492e-02
1.63017265e-02
1.69069765e-02
1.74664698e-02
1.79756644e-02
1.84308055e-02
1.88287416e-02
1.91668971e-02
1.94431442e-02
1.96558165e-02
1.98036140e-02
1.98856401e-02
1.99013285e-02
1.98504963e-02
1.97332873e-02
1.95502396e-02
1.93022450e-02
1.89906324e-02
1.86171487e-02
1.81840655e-02
1.76941927e-02
1.71510240e-02
1.65588066e-02
1.59227582e-02
1.52492348e-02
1.45460779e-02
1.38229530e-02
1.30919079e-02
1.23679484e-02
1.16697959e-02
1.10204631e-02
1.04474955e-02
9.98196955e-03
9.65548441e-03
9.49400445e-03
9.50895949e-03
9.68809772e-03
9.99338641e-03
1.03766792e-02
1.08148987e-02
1.13084308e-02
1.16657096e-02
1.09102658e-02
5.17275008e-03
5.06857068e-03
1.09185341e-02
1.20122024e-02
1.19482608e-02
1.16907630e-02
1.14471970e-02
1.12291210e-02
1.10675366e-02
1.10142379e-02
1.11077382e-02
1.13603999e-02
1.17624524e-02
1.22912372e-02
1.29190627e-02
1.36183986e-02
1.43643755e-02
1.51357587e-02
1.59148426e-02
1.66870998e-02
1.74405798e-02
1.81654842e-02
1.88536791e-02
1.94984337e-02
2.00940924e-02
2.06359489e-02
2.11200270e-02
2.15430377e-02
2.19022245e-02
2.21953707e-02
2.24206814e-02
2.25768214e-02
2.26628211e-02
2.26781338e-02
2.26225596e-02
2.24963168e-02
2.22999824e-02
2.20345778e-02
2.17015271e-02
2.13027613e-02
2.08407016e-02
2.03183911e-02
1.97395182e-02
1.91085934e-02
1.84310397e-02
1.77134491e-02
1.69637824e-02
1.61917582e-02
1.54092136e-02
1.46306565e-02
1.38737419e-02
1.31597620e-02
1.25136421e-02
1.19631439e-02
1.15362813e-02
1.12563099e-02
1.11337137e-02
1.11571604e-02
1.12897804e-02
1.14832445e-02
1.17121711e-02
1.19697610e-02
1.20433445e-02
1.09424475e-02
5.04647197e-03
5.04885626e-03
1.11119231e-02
1.25643120e-02
1.28010343e-02
1.27859361e-02
1.27371288e-02
1.26737372e-02
1.26325477e-02
1.26697004e-02
1.28276959e-02
1.31233171e-02
1.35519774e-02
1.40961654e-02
1.47327314e-02
1.54374981e-02
1.61878939e-02
1.69639645e-02
1.77486811e-02
1.85276730e-02
1.92889501e-02
2.00224539e-02
2.07197929e-02
2.13738845e-02
2.19788011e-02
2.25295138e-02
2.30218283e-02
2.34521979e-02
2.38177189e-02
2.41159870e-02
2.43451307e-02
2.45036949e-02
2.45906990e-02
2.46055410e-02
2.45480726e-02
2.44185199e-02
2.42175740e-02
2.39463287e-02
2.36063870e-02
2.31998210e-02
2.27292991e-02
2.21980782e-02
2.16101626e-02
2.09703445e-02
2.02844159e-02
1.95592834e-02
1.88032634e-02
1.80263025e-02
1.72403768e-02
1.64598056e-02
1.57016583e-02
1.49858868e-02
1.43351480e-02
1.37736643e-02
1.33247383e-02
1.30060208e-02
1.28224024e-02
1.27576179e-02
1.27706857e-02
1.28089653e-02
1.28415585e-02
1.28537386e-02
1.26208587e-02
1.11503973e-02
5.02815221e-03
5.08948633e-03
1.14119234e-02
1.32404928e-02
1.37891999e-02
1.40168141e-02
1.41495875e-02
1.42169177e-02
1.42645589e-02
1.43558985e-02
1.45397730e-02
1.48393537e-02
1.52562964e-02
1.57788544e-02
1.63885325e-02
1.70646663e-02
1.77869711e-02
1.85369270e-02
1.92981862e-02
2.00566797e-02
2.08003596e-02
2.15190216e-02
2.22039692e-02
2.28478606e-02
2.34444295e-02
2.39884069e-02
2.44753040e-02
2.49013958e-02
2.52635504e-02
2.55592555e-02
2.57864792e-02
2.59437263e-02
2.60299211e-02
2.60444855e-02
2.59872390e-02
2.58584935e-02
2.56589712e-02
2.53899143e-02
2.50530234e-02
2.46505843e-02
2.41854335e-02
2.36611083e-02
2.30818500e-02
2.24527896e-02
2.17800040e-02
2.10707545e-02
2.03336133e-02
1.95787656e-02
1.88182005e-02
1.80660256e-02
1.73385817e-02
1.66544603e-02
1.60339494e-02
1.54977636e-02
1.50643490e-02
1.47454270e-02
1.45392461e-02
1.44228439e-02
1.43484889e-02
1.42561084e-02
1.41055273e-02
1.38713679e-02
1.33198575e-02
1.14625534e-02
5.06892269e-03
5.17222178e-03
1.17893977e-02
1.40062008e-02
1.48721298e-02
1.53391745e-02
1.56422869e-02
1.58239628e-02
1.59416792e-02
1.60678261e-02
1.62587097e-02
1.65441570e-02
1.69320071e-02
1.74158710e-02
1.79817158e-02
1.86122056e-02
1.92894686e-02
1.99964933e-02
2.07178813e-02
2.14399819e-02
2.21509381e-02
2.28404647e-02
2.34997527e-02
2.41212066e-02
2.46983703e-02
2.52256977e-02
2.56985280e-02
2.61128949e-02
2.64655459e-02
2.67537821e-02
2.69755109e-02
2.71291092e-02
2.72135006e-02
2.72280371e-02
2.71725956e-02
2.70474765e-02
2.68535166e-02
2.65920063e-02
2.62648181e-02
2.58743473e-02
2.54236586e-02
2.49164571e-02
2.43572593e-02
2.37514043e-02
2.31052572e-02
2.24262695e-02
2.17232196e-02
2.10063166e-02
2.02874479e-02
1.95802507e-02
1.89001993e-02
1.82643177e-02
1.76905364e-02
1.71961324e-02
1.67950516e-02
1.64934079e-02
1.62830504e-02
1.61339316e-02
1.59905137e-02
1.57832650e-02
1.54600000e-02
1.49818292e-02
1.41058838e-02
1.18500807e-02
5.15096997e-03
5.28814145e-03
1.22296265e-02
1.48436442e-02
1.60291620e-02
1.67317086e-02
1.71964402e-02
1.74815290e-02
1.76580793e-02
1.78087777e-02
1.79978104e-02
1.82616188e-02
1.86136654e-02
1.90524208e-02
1.95677821e-02
2.01455612e-02
2.07701632e-02
2.14262377e-02
2.20994132e-02
2.27767186e-02
2.34465889e-02
2.40989021e-02
2.47247895e-02
2.53166011e-02
2.58676899e-02
2.63723947e-02
2.68258407e-02
2.72239572e-02
2.75633020e-02
2.78411114e-02
2.80551455e-02
2.82037650e-02
2.82857945e-02
2.83006207e-02
2.82480716e-02
2.81285326e-02
2.79428427e-02
2.76924259e-02
2.73792081e-02
2.70057637e-02
2.65752572e-02
2.60916074e-02
2.55594607e-02
2.49843749e-02
2.43728290e-02
2.37324263e-02
2.30719359e-02
2.24014955e-02
2.17326400e-02
2.10784128e-02
2.04532044e-02
1.98724500e-02
1.93517268e-02
1.89051833e-02
1.85426727e-02
1.82653293e-02
1.80590367e-02
1.78868193e-02
1.76847652e-02
1.73726865e-02
1.68843873e-02
1.61652014e-02
1.49619104e-02
1.22990185e-02
5.26574049e-03
5.43158406e-03
1.27233145e-02
1.57420834e-02
1.72489663e-02
1.81840041e-02
1.88044162e-02
1.91859558e-02
1.94148911e-02
1.95850006e-02
1.97687103e-02
2.00088058e-02
2.03239479e-02
2.07168177e-02
2.11808198e-02
2.17045133e-02
2.22744986e-02
2.28769980e-02
2.34988233e-02
2.41277330e-02
2.47526837e-02
2.53637763e-02
2.59523031e-02
2.65105813e-02
2.70319636e-02
2.75106518e-02
2.79417212e-02
2.83209400e-02
2.86448208e-02
2.89104534e-02
2.91155818e-02
2.92584516e-02
2.93379097e-02
2.93532659e-02
2.93044115e-02
2.91916959e-02
2.90160610e-02
2.87789358e-02
2.84823843e-02
2.81290215e-02
2.77221744e-02
2.72658236e-02
2.67647762e-02
2.62246362e-02
2.56519862e-02
2.50543814e-02
2.44405262e-02
2.38202647e-02
2.32046995e-02
2.26060830e-02
2.20377013e-02
2.15133514e-02
2.10464618e-02
2.06483188e-02
2.03252158e-02
2.00738201e-02
1.98745745e-02
1.96837056e-02
1.94286710e-02
1.90177234e-02
1.83693189e-02
1.74111762e-02
1.58782706e-02
1.28008555e-02
5.40799140e-03
5.59899929e-03
1.32646144e-02
1.66954313e-02
1.85259397e-02
1.96920415e-02
2.04646019e-02
2.09385676e-02
2.12164225e-02
2.14037838e-02
2.15814822e-02
2.17985605e-02
2.20784084e-02
2.24274923e-02
2.28422026e-02
2.33135753e-02
2.38301312e-02
2.43796574e-02
2.49500830e-02
2.55300459e-02
2.61090422e-02
2.66775968e-02
2.72271824e-02
2.77502824e-02
2.82402390e-02
2.86912986e-02
2.90984409e-02
2.94574377e-02
2.97646815e-02
3.00172656e-02
3.02128207e-02
3.03496163e-02
3.04264078e-02
3.04425569e-02
3.03978920e-02
3.02928436e-02
3.01283206e-02
2.99058590e-02
2.96275156e-02
2.92960279e-02
2.89147293e-02
2.84877165e-02
2.80197879e-02
2.75166138e-02
2.69846944e-02
2.64315213e-02
2.58655372e-02
2.52962564e-02
2.47341726e-02
2.41907425e-02
2.36780702e-02
2.32084493e-02
2.27932988e-02
2.24414210e-02
2.21559347e-02
2.19295556e-02
2.17376165e-02
2.15297202e-02
2.12244072e-02
2.07177579e-02
1.99117955e-02
1.87152759e-02
1.68498716e-02
1.33505096e-02
5.57441646e-03
5.78826036e-03
1.38504128e-02
1.77010086e-02
1.98584400e-02
2.12556986e-02
2.21788248e-02
2.27431383e-02
2.30683144e-02
2.32723249e-02
2.34446980e-02
2.36405929e-02
2.38879002e-02
2.41964233e-02
2.45652218e-02
2.49874299e-02
2.54533417e-02
2.59521176e-02
2.64728418e-02
2.70049722e-02
2.75386873e-02
2.80649248e-02
2.85755188e-02
2.90631039e-02
2.95211957e-02
2.99440453e-02
3.03267130e-02
3.06649047e-02
3.09550582e-02
3.11941764e-02
3.13799318e-02
3.15105034e-02
3.15847004e-02
3.16018071e-02
3.15617225e-02
3.14648179e-02
3.13120886e-02
3.11050271e-02
3.08457847e-02
3.05370623e-02
3.01822774e-02
2.97854747e-02
2.93514928e-02
2.88858919e-02
2.83951094e-02
2.78863934e-02
2.73679258e-02
2.68487294e-02
2.63387045e-02
2.58484188e-02
2.53888925e-02
2.49709690e-02
2.46043173e-02
2.42955023e-02
2.40448749e-02
2.38415136e-02
2.36559444e-02
2.34311579e-02
2.30765755e-02
2.24755021e-02
2.15127194e-02
2.00768464e-02
1.78749744e-02
1.39454728e-02
5.76318317e-03
5.99829517e-03
1.44794571e-02
1.87585263e-02
2.12473186e-02
2.28772363e-02
2.39507493e-02
2.46046748e-02
2.49766161e-02
2.51974891e-02
2.53657104e-02
2.55426047e-02
2.57603160e-02
2.60317579e-02
2.63582959e-02
2.67349562e-02
2.71535365e-02
2.76045082e-02
2.80779691e-02
2.85642632e-02
2.90541902e-02
2.95392398e-02
3.00115713e-02
3.04641399e-02
3.08905901e-02
3.12853539e-02
3.16435053e-02
3.19608579e-02
3.22338036e-02
3.24594220e-02
3.26353138e-02
3.27597277e-02
3.28313950e-02
3.28496727e-02
3.28143859e-02
3.27259835e-02
3.25853928e-02
3.23941840e-02
3.21544399e-02
3.18689250e-02
3.15409723e-02
3.11746502e-02
3.07746652e-02
3.03465172e-02
2.98964106e-02
2.94313818e-02
2.89591984e-02
2.84884269e-02
2.80282708e-02
2.75884904e-02
2.71790195e-02
2.68094348e-02
2.64877958e-02
2.62187311e-02
2.60000612e-02
2.58175268e-02
2.56369672e-02
2.53947767e-02
2.49909531e-02
2.42955363e-02
2.31752729e-02
2.14976968e-02
1.89540652e-02
1.45850584e-02
5.97336267e-03
6.22857678e-03
1.51517338e-02
1.98691509e-02
2.26950012e-02
2.45602540e-02
2.57850945e-02
2.65287544e-02
2.69475614e-02
2.71858383e-02
2.73512138e-02
2.75111778e-02
2.77020692e-02
2.79396562e-02
2.82274311e-02
2.85620333e-02
2.89366449e-02
2.93428516e-02
2.97717586e-02
3.02144827e-02
3.06625301e-02
3.11078751e-02
3.15431414e-02
3.19615466e-02
3.23570290e-02
3.27241315e-02
3.30581150e-02
3.33548107e-02
3.36107381e-02
3.38229412e-02
3.39891198e-02
3.41074596e-02
3.41767783e-02
3.41963579e-02
3.41661035e-02
3.40863826e-02
3.39581942e-02
3.37830190e-02
3.35629935e-02
3.33007741e-02
3.29997093e-02
3.26637187e-02
3.22974536e-02
3.19061862e-02
3.14959461e-02
3.10734068e-02
3.06459754e-02
3.02216498e-02
2.98090137e-02
2.94169806e-02
2.90545367e-02
2.87300578e-02
2.84502168e-02
2.82178662e-02
2.80285516e-02
2.78648130e-02
2.76879158e-02
2.74275376e-02
2.69739854e-02
2.61834734e-02
2.49040229e-02
2.29811251e-02
2.00890908e-02
1.52697294e-02
6.20466460e-03
6.47903505e-03
1.58679833e-02
2.10350351e-02
2.42048498e-02
2.63092135e-02
2.76871625e-02
2.85213363e-02
2.89874699e-02
2.92438616e-02
2.94076031e-02
2.95524928e-02
2.97189688e-02
2.99255624e-02
3.01776654e-02
3.04734058e-02
3.08071376e-02
3.11715049e-02
3.15584701e-02
3.19599547e-02
3.23680724e-02
3.27753819e-02
3.31748951e-02
3.35602344e-02
3.39255542e-02
3.42656728e-02
3.45759461e-02
3.48523968e-02
3.50915601e-02
3.52906212e-02
3.54472464e-02
3.55597334e-02
3.56268367e-02
3.56479310e-02
3.56228389e-02
3.55520035e-02
3.54363240e-02
3.52773334e-02
3.50770456e-02
3.48381317e-02
3.45637797e-02
3.42578618e-02
3.39248043e-02
3.35697342e-02
3.31983519e-02
3.28170402e-02
3.24327238e-02
3.20529115e-02
3.16855009e-02
3.13386733e-02
3.10204810e-02
3.07382699e-02
3.04974231e-02
3.02992265e-02
3.01370701e-02
2.99904393e-02
2.98160072e-02
2.95366255e-02
2.90325423e-02
2.81456261e-02
2.67044054e-02
2.45314459e-02
2.12829482e-02
1.60007629e-02
6.45715272e-03
6.74981924e-03
1.66295424e-02
2.22589820e-02
2.57809316e-02
2.81291310e-02
2.96627108e-02
3.05886297e-02
3.11028246e-02
3.13780682e-02
3.15412793e-02
3.16726584e-02
3.18167776e-02
3.19947979e-02
3.22139215e-02
3.24735748e-02
3.27692074e-02
3.30943572e-02
3.34418339e-02
3.38042414e-02
3.41743603e-02
3.45452399e-02
3.49103929e-02
3.52637597e-02
3.55998582e-02
3.59136868e-02
3.62008639e-02
3.64574911e-02
3.66802972e-02
3.68664764e-02
3.70138428e-02
3.71206553e-02
3.71857842e-02
3.72085319e-02
3.71888098e-02
3.71269611e-02
3.70239446e-02
3.68811647e-02
3.67006556e-02
3.64849219e-02
3.62371148e-02
3.59608842e-02
3.56605358e-02
3.53408908e-02
3.50074108e-02
3.46660544e-02
3.43233514e-02
3.39862333e-02
3.36620149e-02
3.33581205e-02
3.30818068e-02
3.28394373e-02
3.26352773e-02
3.24691371e-02
3.23324026e-02
3.22015372e-02
3.20286166e-02
3.17294559e-02
3.11738922e-02
3.01888325e-02
2.85825606e-02
2.61537337e-02
2.25393213e-02
1.67800528e-02
6.73124617e-03
7.04138086e-03
1.74382032e-02
2.35443944e-02
2.74278480e-02
3.00255240e-02
3.17178398e-02
3.27371213e-02
3.33002621e-02
3.35951159e-02
3.37587426e-02
3.38779395e-02
3.40014038e-02
3.41529038e-02
3.43413131e-02
3.45672857e-02
3.48272109e-02
3.51154853e-02
3.54256338e-02
3.57509676e-02
3.60848276e-02
3.64208349e-02
3.67529078e-02
3.70754293e-02
3.73831822e-02
3.76714992e-02
3.79361483e-02
3.81734832e-02
3.83802947e-02
3.85539689e-02
3.86923172e-02
3.87937459e-02
3.88570743e-02
3.88817155e-02
3.88674908e-02
3.88148183e-02
3.87245305e-02
3.85980644e-02
3.84372875e-02
3.82446817e-02
3.80231799e-02
3.77763341e-02
3.75081612e-02
3.72232841e-02
3.69267809e-02
3.66242839e-02
3.63218200e-02
3.60258439e-02
3.57430324e-02
3.54801717e-02
3.52437300e-02
3.50392326e-02
3.48698871e-02
3.47341734e-02
3.46215266e-02
3.45054481e-02
3.43333229e-02
3.40137348e-02
3.34056690e-02
3.23204523e-02
3.05452505e-02
2.78538041e-02
2.38626021e-02
1.76101137e-02
7.02761485e-03
7.35433968e-03
1.82962523e-02
2.48951969e-02
2.91507518e-02
3.20043348e-02
3.38590131e-02
3.49735337e-02
3.55866318e-02
3.59018186e-02
3.60666935e-02
3.61748018e-02
3.62790389e-02
3.64057148e-02
3.65653302e-02
3.67596381e-02
3.69859228e-02
3.72393125e-02
3.75140465e-02
3.78040332e-02
3.81032260e-02
3.84057182e-02
3.87059334e-02
3.89985963e-02
3.92788912e-02
3.95423726e-02
3.97851212e-02
4.00036125e-02
4.01948794e-02
4.03563503e-02
4.04860232e-02
4.05822843e-02
4.06440933e-02
4.06707928e-02
4.06623011e-02
4.06189211e-02
4.05415362e-02
4.04314229e-02
4.02904443e-02
4.01208706e-02
3.99255601e-02
3.97077896e-02
3.94714122e-02
3.92206957e-02
3.89604445e-02
3.86958391e-02
3.84325067e-02
3.81763439e-02
3.79334973e-02
3.77100881e-02
3.75119198e-02
3.73437070e-02
3.72077332e-02
3.71012015e-02
3.70116930e-02
3.69097342e-02
3.67379543e-02
3.63974431e-02
3.57358988e-02
3.45483464e-02
3.25999084e-02
2.96382268e-02
2.52579875e-02
1.84941033e-02
7.34728083e-03
7.68961791e-03
1.92064600e-02
2.63159237e-02
3.09553179e-02
3.40719648e-02
3.60930062e-02
3.73048475e-02
3.79689646e-02
3.83051917e-02
3.84720301e-02
3.85699798e-02
3.86561666e-02
3.87594420e-02
3.88918459e-02
3.90561889e-02
3.92505406e-02
3.94707445e-02
3.97116509e-02
3.99677941e-02
4.02336426e-02
4.05038375e-02
4.07732083e-02
4.10369379e-02
4.12905016e-02
4.15298248e-02
4.17511732e-02
4.19513170e-02
4.21273832e-02
4.22770313e-02
4.23982787e-02
4.24896879e-02
4.25501762e-02
4.25792123e-02
4.25766182e-02
4.25427719e-02
4.24784093e-02
4.23848254e-02
4.22636821e-02
4.21171999e-02
4.19479753e-02
4.17591529e-02
4.15542525e-02
4.13373109e-02
4.11127163e-02
4.08853076e-02
4.06602071e-02
4.04428575e-02
4.02388172e-02
4.00536509e-02
3.98924918e-02
3.97593621e-02
3.96556592e-02
3.95774197e-02
3.95104030e-02
3.94221892e-02
3.92505433e-02
3.88888267e-02
3.81729555e-02
3.68809031e-02
3.47546641e-02
3.15144591e-02
2.67315904e-02
1.94359879e-02
7.69159887e-03
8.04837206e-03
2.01722226e-02
2.78117564e-02
3.28478221e-02
3.62352301e-02
3.84269002e-02
3.97382317e-02
4.04544696e-02
4.08124194e-02
4.09818819e-02
4.10704745e-02
4.11396177e-02
4.12206687e-02
4.13271775e-02
4.14629286e-02
4.16267540e-02
4.18151252e-02
4.20235162e-02
4.22470004e-02
4.24806166e-02
4.27194612e-02
4.29588658e-02
4.31943669e-02
4.34218629e-02
4.36375276e-02
4.38379730e-02
4.40201201e-02
4.41813737e-02
4.43194592e-02
4.44326105e-02
4.45193840e-02
4.45788571e-02
4.46104290e-02
4.46140266e-02
4.45899001e-02
4.45388309e-02
4.44619286e-02
4.43608330e-02
4.42375184e-02
4.40944800e-02
4.39345479e-02
4.37610488e-02
4.35776298e-02
4.33883837e-02
4.31976806e-02
4.30102439e-02
4.28309755e-02
4.26649450e-02
4.25171211e-02
4.23920677e-02
4.22931243e-02
4.22209072e-02
4.21703283e-02
4.21254058e-02
4.20507728e-02
4.18792717e-02
4.14962916e-02
4.07254975e-02
3.93269810e-02
3.70184110e-02
3.34909722e-02
2.82907059e-02
2.04407497e-02
8.06244581e-03
8.43219870e-03
2.11976964e-02
2.93887054e-02
3.48351454e-02
3.85013422e-02
4.08679606e-02
4.22809700e-02
4.30504471e-02
4.34308424e-02
4.36035959e-02
4.36835967e-02
4.37365845e-02
4.37964118e-02
4.38780855e-02
4.39863411e-02
4.41207102e-02
4.42782973e-02
4.44551331e-02
4.46468705e-02
4.48490410e-02
4.50572746e-02
4.52673111e-02
4.54751550e-02
4.56770139e-02
4.58694565e-02
4.60493045e-02
4.62138035e-02
4.63604758e-02
4.64873064e-02
4.65925655e-02
4.66750078e-02
4.67336751e-02
4.67681054e-02
4.67781243e-02
4.67640591e-02
4.67265270e-02
4.66666465e-02
4.65858296e-02
4.64859819e-02
4.63693035e-02
4.62384673e-02
4.60964326e-02
4.59465911e-02
4.57925932e-02
4.56384532e-02
4.54883828e-02
4.53468385e-02
4.52183287e-02
4.51073117e-02
4.50177553e-02
4.49524023e-02
4.49111076e-02
4.48877491e-02
4.48646490e-02
4.48035483e-02
4.46323294e-02
4.42282453e-02
4.34022705e-02
4.18957906e-02
3.94007782e-02
3.55774475e-02
2.99441299e-02
2.15148047e-02
8.46235581e-03
8.84321687e-03
2.22881362e-02
3.10537567e-02
3.69248004e-02
4.08777333e-02
4.34234553e-02
4.49402665e-02
4.57641881e-02
4.61679031e-02
4.63447594e-02
4.64170021e-02
4.64546961e-02
4.64941630e-02
4.65518484e-02
4.66334070e-02
4.67390770e-02
4.68665589e-02
4.70124750e-02
4.71730044e-02
4.73442363e-02
4.75222582e-02
4.77033161e-02
4.78837813e-02
4.80603015e-02
4.82297137e-02
4.83892102e-02
4.85362087e-02
4.86685351e-02
4.87842580e-02
4.88818869e-02
4.89601806e-02
4.90183575e-02
4.90558866e-02
4.90727060e-02
4.90690056e-02
4.90454458e-02
4.90029405e-02
4.89428679e-02
4.88668601e-02
4.87769963e-02
4.86756043e-02
4.85654257e-02
4.84494328e-02
4.83309575e-02
4.82135226e-02
4.81009265e-02
4.79970781e-02
4.79060002e-02
4.78315751e-02
4.77772369e-02
4.77451087e-02
4.77343500e-02
4.77378334e-02
4.77362709e-02
4.76885788e-02
4.75177368e-02
4.70928054e-02
4.62117752e-02
4.45965663e-02
4.19119906e-02
3.77848955e-02
3.17026475e-02
2.26665904e-02
8.89494860e-03
9.28450898e-03
2.34503216e-02
3.28150980e-02
3.91247529e-02
4.33717225e-02
4.61002615e-02
4.77229708e-02
4.86028153e-02
4.90311186e-02
4.92132474e-02
4.92787913e-02
4.93021176e-02
4.93219991e-02
4.93563236e-02
4.94116871e-02
4.94890412e-02
4.95867261e-02
4.97019389e-02
4.98314458e-02
4.99718441e-02
5.01197636e-02
5.02718746e-02
5.04250303e-02
5.05762053e-02
5.07226513e-02
5.08617891e-02
5.09913835e-02
5.11093952e-02
5.12141743e-02
5.13042788e-02
5.13786839e-02
5.14365773e-02
5.14775786e-02
5.15015209e-02
5.15086746e-02
5.14995237e-02
5.14749855e-02
5.14361905e-02
5.13846882e-02
5.13222366e-02
5.12509853e-02
5.11732789e-02
5.10918086e-02
5.10094333e-02
5.09292921e-02
5.08546426e-02
5.07889205e-02
5.07355630e-02
5.06979200e-02
5.06788200e-02
5.06797915e-02
5.06992679e-02
5.07291601e-02
5.07486210e-02
5.07138629e-02
5.05431195e-02
5.00974037e-02
4.91616974e-02
4.74379543e-02
4.45623886e-02
4.01256199e-02
3.35795386e-02
2.39075053e-02
9.36548876e-03
9.76065202e-03
2.46932438e-02
3.46821298e-02
4.14429257e-02
4.59897734e-02
4.89042478e-02
5.06351907e-02
5.15731510e-02
5.20281330e-02
5.22173734e-02
5.22777013e-02
5.22877340e-02
5.22887303e-02
5.23000754e-02
5.23293801e-02
5.23783857e-02
5.24461114e-02
5.25304015e-02
5.26285983e-02
5.27378866e-02
5.28553826e-02
5.29782812e-02
5.31038232e-02
5.32294403e-02
5.33526707e-02
5.34713246e-02
5.35833557e-02
5.36870475e-02
5.37808474e-02
5.38635706e-02
5.39342045e-02
5.39921272e-02
5.40368909e-02
5.40684488e-02
5.40869280e-02
5.40928559e-02
5.40869321e-02
5.40702452e-02
5.40440515e-02
5.40099723e-02
5.39697858e-02
5.39255962e-02
5.38796428e-02
5.38344341e-02
5.37925782e-02
5.37568750e-02
5.37301606e-02
5.37153241e-02
5.37150700e-02
5.37316116e-02
5.37657817e-02
5.38152539e-02
5.38709252e-02
5.39104207e-02
5.38873746e-02
5.37155472e-02
5.32483264e-02
5.22581082e-02
5.04269383e-02
4.73613795e-02
4.26126368e-02
3.55909679e-02
2.52531371e-02
9.88199596e-03
1.02789005e-02
2.60287955e-02
3.66649692e-02
4.38858842e-02
4.87361871e-02
5.18393869e-02
5.36819336e-02
5.46817720e-02
5.51669907e-02
5.53662644e-02
5.54234524e-02
5.54214537e-02
5.54041238e-02
5.53925244e-02
5.53954343e-02
5.54155159e-02
5.54525787e-02
5.55051615e-02
5.55712685e-02
5.56486512e-02
5.57350022e-02
5.58279701e-02
5.59252965e-02
5.60247599e-02
5.61243288e-02
5.62220580e-02
5.63162649e-02
5.64053816e-02
5.64881530e-02
5.65634533e-02
5.66305009e-02
5.66886484e-02
5.67376092e-02
5.67772309e-02
5.68077260e-02
5.68294386e-02
5.68430698e-02
5.68494472e-02
5.68497349e-02
5.68452131e-02
5.68374639e-02
5.68281663e-02
5.68192498e-02
5.68127102e-02
5.68107246e-02
5.68154911e-02
5.68292934e-02
5.68543336e-02
5.68926499e-02
5.69456870e-02
5.70134840e-02
5.70927832e-02
5.71733399e-02
5.72311677e-02
5.72173918e-02
5.70416479e-02
5.65504069e-02
5.55045525e-02
5.35672528e-02
5.03154220e-02
4.52579729e-02
3.77555816e-02
2.67246887e-02
1.04569270e-02
1.08509647e-02
2.74720234e-02
3.87723698e-02
4.64561168e-02
5.16110644e-02
5.49068663e-02
5.68671734e-02
5.79356004e-02
5.84569406e-02
5.86705986e-02
5.87273779e-02
5.87146472e-02
5.86792153e-02
5.86441340e-02
5.86196405e-02
5.86095204e-02
5.86145123e-02
5.86339617e-02
5.86665620e-02
5.87107162e-02
5.87646506e-02
5.88265640e-02
5.88946085e-02
5.89670338e-02
5.90421104e-02
5.91182956e-02
5.91941084e-02
5.92683180e-02
5.93397774e-02
5.94076319e-02
5.94711198e-02
5.95297963e-02
5.95833109e-02
5.96316399e-02
5.96748510e-02
5.97133353e-02
5.97475691e-02
5.97783354e-02
5.98064919e-02
5.98331716e-02
5.98595644e-02
5.98870871e-02
5.99171850e-02
5.99514637e-02
5.99915146e-02
6.00390034e-02
6.00955127e-02
6.01625527e-02
6.02413218e-02
6.03323821e-02
6.04347353e-02
6.05439438e-02
6.06483100e-02
6.07219624e-02
6.07134074e-02
6.05283988e-02
6.00074000e-02
5.89015239e-02
5.68575352e-02
5.34247692e-02
4.80688011e-02
4.00919856e-02
2.83497123e-02
1.11099736e-02
1.14959317e-02
2.90389671e-02
4.10061750e-02
4.91471560e-02
5.46080073e-02
5.81051533e-02
6.01952545e-02
6.13437757e-02
6.19101422e-02
6.21439901e-02
6.22033642e-02
6.21807872e-02
6.21266610e-02
6.20666086e-02
6.20127123e-02
6.19701664e-02
6.19408112e-02
6.19248900e-02
6.19218712e-02
6.19307977e-02
6.19505077e-02
6.19796803e-02
6.20169808e-02
6.20610188e-02
6.21105042e-02
6.21641497e-02
6.22208481e-02
6.22795274e-02
6.23393503e-02
6.23995298e-02
6.24595474e-02
6.25189392e-02
6.25775268e-02
6.26351838e-02
6.26920713e-02
6.27483960e-02
6.28046390e-02
6.28613161e-02
6.29191901e-02
6.29790405e-02
6.30418489e-02
6.31085856e-02
6.31803587e-02
6.32582214e-02
6.33432786e-02
6.34365146e-02
6.35388420e-02
6.36509149e-02
6.37730137e-02
6.39045736e-02
6.40432970e-02
6.41831507e-02
6.43104809e-02
6.43969634e-02
6.43879810e-02
6.41852840e-02
6.36239977e-02
6.24475899e-02
6.02903687e-02
5.66793659e-02
5.10402711e-02
4.26112828e-02
3.01596891e-02
1.18719953e-02
1.22433888e-02
3.07370687e-02
4.33490582e-02
5.19369729e-02
5.77138663e-02
6.14334607e-02
6.36755149e-02
6.49218195e-02
6.55448793e-02
6.58051108e-02
6.58691975e-02
6.58361542e-02
6.57611141e-02
6.56730115e-02
6.55862967e-02
6.55078490e-02
6.54407782e-02
6.53863135e-02
6.53447129e-02
6.53157115e-02
6.52987057e-02
6.52929295e-02
6.52974656e-02
6.53113959e-02
6.53337383e-02
6.53636124e-02
6.54001204e-02
6.54425355e-02
6.54901370e-02
6.55424196e-02
6.55988928e-02
6.56593068e-02
6.57234256e-02
6.57912623e-02
6.58628371e-02
6.59384119e-02
6.60182439e-02
6.61028083e-02
6.61925578e-02
6.62881223e-02
6.63900809e-02
6.64991287e-02
6.66158674e-02
6.67409282e-02
6.68747820e-02
6.70178071e-02
6.71701038e-02
6.73314589e-02
6.75010449e-02
6.76769964e-02
6.78553576e-02
6.80280136e-02
6.81786461e-02
6.82755496e-02
6.82599388e-02
6.80286022e-02
6.74110842e-02
6.61445806e-02
6.38553655e-02
6.00565833e-02
5.41451152e-02
4.53002779e-02
3.21777374e-02
1.27893152e-02
1.31311946e-02
3.25360752e-02
4.57436380e-02
5.47852771e-02
6.09174633e-02
6.49037585e-02
6.73328835e-02
6.86993922e-02
6.93904708e-02
6.96805722e-02
6.97479883e-02
6.97005013e-02
6.95993771e-02
6.94777420e-02
6.93528253e-02
6.92334180e-02
6.91239615e-02
6.90266788e-02
6.89426200e-02
6.88721556e-02
6.88152729e-02
6.87716727e-02
6.87409358e-02
6.87224984e-02
6.87158131e-02
6.87202562e-02
6.87353069e-02
6.87604026e-02
6.87951401e-02
6.88390896e-02
6.88920141e-02
6.89536533e-02
6.90239547e-02
6.91028371e-02
6.91904255e-02
6.92868040e-02
6.93922445e-02
6.95069595e-02
6.96313127e-02
6.97655807e-02
6.99101346e-02
7.00652163e-02
7.02310802e-02
7.04077860e-02
7.05952873e-02
7.07932326e-02
7.10009698e-02
7.12172954e-02
7.14402344e-02
7.16664159e-02
7.18899584e-02
7.21001689e-02
7.22772864e-02
7.23850657e-02
7.23589031e-02
7.20885947e-02
7.13959550e-02
7.00107058e-02
6.75527506e-02
6.35293009e-02
5.73264779e-02
4.80922046e-02
3.43813401e-02
1.39208677e-02
1.41660597e-02
3.43004437e-02
4.80775515e-02
5.76572895e-02
6.42432848e-02
6.85691660e-02
7.12272593e-02
7.27317420e-02
7.34933574e-02
7.38076285e-02
7.38691596e-02
7.37970809e-02
7.36601372e-02
7.34961007e-02
7.33251284e-02
7.31578154e-02
7.29998339e-02
7.28542688e-02
7.27228565e-02
7.26065539e-02
7.25058453e-02
7.24209283e-02
7.23517763e-02
7.22982716e-02
7.22601688e-02
7.22372422e-02
7.22291833e-02
7.22357755e-02
7.22567389e-02
7.22919324e-02
7.23411558e-02
7.24043737e-02
7.24814865e-02
7.25725658e-02
7.26776067e-02
7.27967630e-02
7.29300933e-02
7.30777829e-02
7.32398950e-02
7.34165665e-02
7.36077733e-02
7.38134876e-02
7.40334608e-02
7.42673302e-02
7.45144148e-02
7.47737464e-02
7.50438450e-02
7.53225924e-02
7.56068146e-02
7.58916343e-02
7.61691190e-02
7.64257424e-02
7.66377716e-02
7.67633901e-02
7.67304275e-02
7.64187795e-02
7.56382596e-02
7.41053884e-02
7.14277360e-02
6.71040947e-02
6.05211152e-02
5.08415875e-02
3.66160061e-02
1.52897059e-02
1.50984360e-02
3.57142686e-02
5.02700638e-02
6.06370949e-02
6.78356466e-02
7.25744529e-02
7.54798775e-02
7.71117485e-02
7.79213769e-02
7.82348755e-02
7.82675592e-02
7.81514250e-02
7.79627026e-02
7.77432870e-02
7.75155848e-02
7.72914197e-02
7.70772571e-02
7.68767164e-02
7.66920491e-02
7.65246199e-02
7.63753961e-02
7.62449391e-02
7.61336884e-02
7.60418335e-02
7.59695603e-02
7.59168786e-02
7.58838625e-02
7.58704524e-02
7.58766951e-02
7.59025264e-02
7.59480113e-02
7.60131126e-02
7.60979276e-02
7.62024476e-02
7.63267881e-02
7.64709423e-02
7.66350010e-02
7.68189043e-02
7.70226452e-02
7.72460235e-02
7.74888262e-02
7.77505862e-02
7.80307314e-02
7.83283442e-02
7.86422655e-02
7.89708341e-02
7.93118976e-02
7.96624368e-02
8.00182792e-02
8.03731906e-02
8.07174703e-02
8.10350165e-02
8.12983381e-02
8.14599755e-02
8.14394181e-02
8.11044913e-02
8.02482054e-02
7.85647671e-02
7.56337589e-02
7.09219356e-02
6.37893835e-02
5.34154168e-02
3.84928524e-02
1.66123493e-02
8.01295942e-03
2.05141029e-02
2.92097368e-02
3.54615435e-02
4.00144217e-02
4.33900612e-02
4.60021169e-02
4.81740035e-02
5.01304762e-02
5.20061742e-02
5.38680989e-02
5.57394706e-02
5.76187595e-02
5.94923938e-02
6.13425044e-02
6.31510452e-02
6.49018141e-02
6.65812075e-02
6.81783318e-02
6.96848520e-02
7.10946196e-02
7.24033989e-02
7.36084099e-02
7.47081308e-02
7.57018504e-02
7.65895817e-02
7.73716408e-02
7.80486655e-02
7.86212219e-02
7.90899097e-02
7.94549967e-02
7.97165934e-02
7.98743173e-02
7.99275231e-02
7.98750039e-02
7.97152663e-02
7.94462838e-02
7.90658107e-02
7.85712089e-02
7.79598021e-02
7.72288016e-02
7.63757096e-02
7.53983717e-02
7.42954413e-02
7.30665824e-02
7.17129965e-02
7.02377718e-02
6.86464250e-02
6.69472919e-02
6.51518571e-02
6.32747498e-02
6.13330715e-02
5.93446224e-02
5.73240192e-02
5.52758519e-02
5.31832575e-02
5.09913318e-02
4.85855296e-02
4.57694385e-02
4.22481587e-02
3.76136736e-02
3.12845840e-02
2.23247500e-02
8.99561268e-03
8.32976657e-04
4.21862884e-03
7.87988317e-03
1.11299805e-02
1.42632542e-02
1.75790719e-02
2.11761498e-02
2.50099630e-02
2.89787178e-02
3.29800384e-02
3.69331459e-02
4.07816144e-02
4.44882514e-02
4.80294568e-02
5.13904575e-02
5.45623960e-02
5.75403087e-02
6.03220681e-02
6.29075844e-02
6.52983419e-02
6.74970009e-02
6.95070612e-02
7.13326244e-02
7.29780768e-02
7.44479604e-02
7.57466605e-02
7.68783688e-02
7.78467772e-02
7.86551200e-02
7.93058743e-02
7.98008688e-02
8.01409933e-02
8.03263615e-02
8.03560356e-02
8.02282320e-02
7.99400728e-02
7.94878274e-02
7.88667068e-02
7.80711405e-02
7.70946341e-02
7.59300871e-02
7.45697395e-02
7.30055400e-02
7.12292096e-02
6.92326742e-02
6.70082736e-02
6.45492773e-02
6.18502779e-02
5.89078463e-02
5.57212308e-02
5.22933802e-02
4.86323818e-02
4.47535790e-02
4.06828207e-02
3.64609418e-02
3.21495473e-02
2.78359999e-02
2.36328089e-02
1.96596884e-02
1.59918838e-02
1.25635101e-02
9.06456591e-03
5.06044461e-03
8.40981609e-04
1.31994205e-03
5.90517857e-03
1.07104313e-02
1.49230728e-02
1.85400499e-02
2.18492423e-02
2.51125992e-02
2.84738845e-02
3.19635435e-02
3.55434678e-02
3.91507237e-02
4.27234065e-02
4.62111978e-02
4.95768994e-02
5.27946895e-02
5.58473983e-02
5.87242445e-02
6.14190135e-02
6.39288101e-02
6.62531524e-02
6.83932872e-02
7.03517340e-02
7.21318150e-02
7.37374207e-02
7.51726216e-02
7.64415704e-02
7.75481514e-02
7.84959839e-02
7.92880931e-02
7.99269923e-02
8.04143708e-02
8.07512373e-02
8.09376255e-02
8.09727851e-02
8.08549124e-02
8.05813797e-02
8.01485029e-02
7.95518074e-02
7.87858506e-02
7.78445297e-02
7.67209845e-02
7.54079595e-02
7.38978205e-02
7.21829957e-02
7.02561489e-02
6.81107409e-02
6.57414309e-02
6.31448449e-02
6.03203493e-02
5.72712372e-02
5.40061776e-02
5.05411928e-02
4.69020965e-02
4.31271269e-02
3.92688952e-02
3.53931520e-02
3.15700774e-02
2.78514346e-02
2.42300140e-02
2.05901830e-02
1.66824963e-02
1.21809299e-02
6.96485645e-03
1.69704353e-03
2.59849376e-03
8.24170637e-03
1.37193568e-02
1.84952262e-02
2.24764296e-02
2.58971586e-02
2.90466150e-02
3.21436551e-02
3.53001171e-02
3.85390014e-02
4.18313189e-02
4.51282578e-02
4.83802819e-02
5.15457401e-02
5.45928148e-02
5.74988075e-02
6.02483308e-02
6.28316462e-02
6.52431992e-02
6.74805290e-02
6.95434450e-02
7.14333500e-02
7.31528009e-02
7.47050252e-02
7.60937021e-02
7.73225673e-02
7.83953372e-02
7.93153583e-02
8.00856352e-02
8.07085061e-02
8.11857479e-02
8.15182725e-02
8.17062892e-02
8.17490240e-02
8.16449267e-02
8.13914211e-02
8.09851512e-02
8.04217776e-02
7.96962648e-02
7.88027479e-02
7.77348724e-02
7.64857656e-02
7.50484528e-02
7.34159819e-02
7.15819613e-02
6.95409104e-02
6.72890037e-02
6.48247738e-02
6.21502200e-02
5.92720674e-02
5.62034352e-02
5.29657030e-02
4.95902995e-02
4.61195569e-02
4.26046824e-02
3.90978916e-02
3.56344529e-02
3.22026674e-02
2.87067709e-02
2.49425218e-02
2.06175751e-02
1.54558563e-02
9.45125553e-03
3.05587112e-03
3.80680018e-03
1.07543953e-02
1.69524051e-02
2.21933286e-02
2.64626448e-02
3.00000094e-02
3.31069681e-02
3.60361985e-02
3.89462338e-02
4.19043285e-02
4.49139320e-02
4.79448205e-02
5.09555845e-02
5.39060903e-02
5.67629512e-02
5.95006289e-02
6.21008438e-02
6.45512380e-02
6.68441161e-02
6.89753169e-02
7.09433020e-02
7.27484775e-02
7.43925696e-02
7.58782536e-02
7.72086833e-02
7.83873182e-02
7.94175338e-02
8.03025831e-02
8.10452525e-02
8.16479202e-02
8.21122404e-02
8.24392728e-02
8.26291900e-02
8.26814604e-02
8.25945825e-02
8.23663096e-02
8.19934238e-02
8.14720001e-02
8.07972395e-02
7.99637815e-02
7.89656275e-02
7.77965227e-02
7.64500158e-02
7.49199507e-02
7.32007311e-02
7.12879933e-02
6.91791788e-02
6.68745066e-02
6.43779944e-02
6.16988462e-02
5.88529217e-02
5.58641743e-02
5.27653748e-02
4.95968062e-02
4.64008694e-02
4.32095430e-02
4.00226524e-02
3.67780618e-02
3.33234577e-02
2.94082440e-02
2.47190560e-02
1.89782074e-02
1.21261057e-02
4.32054302e-03
4.91150878e-03
1.32972261e-02
2.03636606e-02
2.61149161e-02
3.06654092e-02
3.43146108e-02
3.73974376e-02
4.01963759e-02
4.29025206e-02
4.56154290e-02
4.83649720e-02
5.11391856e-02
5.39069975e-02
5.66330487e-02
5.92851177e-02
6.18371003e-02
6.42693039e-02
6.65678163e-02
6.87234462e-02
7.07307349e-02
7.25870859e-02
7.42920057e-02
7.58465647e-02
7.72528368e-02
7.85136077e-02
7.96319345e-02
8.06110259e-02
8.14538700e-02
8.21632374e-02
8.27413494e-02
8.31899684e-02
8.35100943e-02
8.37021183e-02
8.37655449e-02
8.36991930e-02
8.35009502e-02
8.31680145e-02
8.26966967e-02
8.20827047e-02
8.13210209e-02
8.04062452e-02
7.93325878e-02
7.80943041e-02
7.66858624e-02
7.51025292e-02
7.33407972e-02
7.13992106e-02
6.92791591e-02
6.69860272e-02
6.45303668e-02
6.19291492e-02
5.92065751e-02
5.63936500e-02
5.35250908e-02
5.06312951e-02
4.77232672e-02
4.47694291e-02
4.16679237e-02
3.82238772e-02
3.41473573e-02
2.90873792e-02
2.27138279e-02
1.48594508e-02
5.48921403e-03
5.95763727e-03
1.58487722e-02
2.39138055e-02
3.02654906e-02
3.51363167e-02
3.89102412e-02
4.19778749e-02
4.46605998e-02
4.71811792e-02
4.96663087e-02
5.21681053e-02
5.46907360e-02
5.72136761e-02
5.97074262e-02
6.21426083e-02
6.44939536e-02
6.67416436e-02
6.88710967e-02
7.08723114e-02
7.27390047e-02
7.44678091e-02
7.60575996e-02
7.75088536e-02
7.88232362e-02
8.00031022e-02
8.10512851e-02
8.19706916e-02
8.27642380e-02
8.34345017e-02
8.39837639e-02
8.44136966e-02
8.47254819e-02
8.49195251e-02
8.49956292e-02
8.49527358e-02
8.47891419e-02
8.45022782e-02
8.40889665e-02
8.35452561e-02
8.28667292e-02
8.20484302e-02
8.10852440e-02
7.99719676e-02
7.87038070e-02
7.72766628e-02
7.56878144e-02
7.39365067e-02
7.20248922e-02
6.99589529e-02
6.77495997e-02
6.54135270e-02
6.29734317e-02
6.04566086e-02
5.78903206e-02
5.52920279e-02
5.26524786e-02
4.99119352e-02
4.69332049e-02
4.34808219e-02
3.92186225e-02
3.37387647e-02
2.66347232e-02
1.76377015e-02
6.61362865e-03
6.98722764e-03
1.84350122e-02
2.75990705e-02
3.46413318e-02
3.98884700e-02
4.38142953e-02
4.68787787e-02
4.94528138e-02
5.17949029e-02
5.40588083e-02
5.63169482e-02
5.85882907e-02
6.08621942e-02
6.31154471e-02
6.53221820e-02
6.74589868e-02
6.95067392e-02
7.14509906e-02
7.32815074e-02
7.49916324e-02
7.65775843e-02
7.80377908e-02
7.93723731e-02
8.05826013e-02
8.16705905e-02
8.26388608e-02
8.34902034e-02
8.42273111e-02
8.48527703e-02
8.53687368e-02
8.57770179e-02
8.60787782e-02
8.62746863e-02
8.63646460e-02
8.63479890e-02
8.62232361e-02
8.59883281e-02
8.56404311e-02
8.51762069e-02
8.45916888e-02
8.38826068e-02
8.30443743e-02
8.20725018e-02
8.09627521e-02
7.97116955e-02
7.83171081e-02
7.67787294e-02
7.50989545e-02
7.32837707e-02
7.13435603e-02
6.92936676e-02
6.71540529e-02
6.49470065e-02
6.26913780e-02
6.03912207e-02
5.80175175e-02
5.54831717e-02
5.26156400e-02
4.91352137e-02
4.46506056e-02
3.86846888e-02
3.07488925e-02
2.04927975e-02
7.73812863e-03
8.03181888e-03
2.10951668e-02
3.14414102e-02
3.92532400e-02
4.49331403e-02
4.90430347e-02
5.21194244e-02
5.45906312e-02
5.67562286e-02
5.87988943e-02
6.08115488e-02
6.28272642e-02
6.48450450e-02
6.68478799e-02
6.88139101e-02
7.07220676e-02
7.25546271e-02
7.42978118e-02
7.59416824e-02
7.74796077e-02
7.89076774e-02
8.02241447e-02
8.14288665e-02
8.25229213e-02
8.35081451e-02
8.43869256e-02
8.51618165e-02
8.58354742e-02
8.64103244e-02
8.68886038e-02
8.72720622e-02
8.75620785e-02
8.77593873e-02
8.78642482e-02
8.78761958e-02
8.77942478e-02
8.76166877e-02
8.73413060e-02
8.69652337e-02
8.64852243e-02
8.58975681e-02
8.51984356e-02
8.43839196e-02
8.34504779e-02
8.23951639e-02
8.12162208e-02
7.99135571e-02
7.84895098e-02
7.69495093e-02
7.53027561e-02
7.35624183e-02
7.17447911e-02
6.98662900e-02
6.79365293e-02
6.59456521e-02
6.38442942e-02
6.15170649e-02
5.87534132e-02
5.52242980e-02
5.04756995e-02
4.39546110e-02
3.50914244e-02
2.34704627e-02
8.89593326e-03
9.11540384e-03
2.38704014e-02
3.54772988e-02
4.41285318e-02
5.02923589e-02
5.46171721e-02
5.77199855e-02
6.00924838e-02
6.20798759e-02
6.38965735e-02
6.56568877e-02
6.74083236e-02
6.91593593e-02
7.08993793e-02
7.26106726e-02
7.42749993e-02
7.58764080e-02
7.74022921e-02
7.88433764e-02
8.01933928e-02
8.14485816e-02
8.26071756e-02
8.36689728e-02
8.46348688e-02
8.55065909e-02
8.62863034e-02
8.69764902e-02
8.75796177e-02
8.80981349e-02
8.85341738e-02
8.88896356e-02
8.91659170e-02
8.93640552e-02
8.94844756e-02
8.95271778e-02
8.94915063e-02
8.93763678e-02
8.91800366e-02
8.89004007e-02
8.85348243e-02
8.80804328e-02
8.75340658e-02
8.68926260e-02
8.61531694e-02
8.53133575e-02
8.43717378e-02
8.33283309e-02
8.21851089e-02
8.09466230e-02
7.96203797e-02
7.82167607e-02
7.67477091e-02
7.52229601e-02
7.36421158e-02
7.19803653e-02
7.01666703e-02
6.80549419e-02
6.53928758e-02
6.17964892e-02
5.67428485e-02
4.95987177e-02
3.97150349e-02
2.66204916e-02
1.01133119e-02
1.02579538e-02
2.68020382e-02
3.97522427e-02
4.93084889e-02
5.60018633e-02
6.05679405e-02
6.37081667e-02
6.59823117e-02
6.77855205e-02
6.93665652e-02
7.08627613e-02
7.23365366e-02
7.38062432e-02
7.52677179e-02
7.67077433e-02
7.81111081e-02
7.94640458e-02
8.07553971e-02
8.19768849e-02
8.31228487e-02
8.41898653e-02
8.51763330e-02
8.60820338e-02
8.69078293e-02
8.76552719e-02
8.83264429e-02
8.89236181e-02
8.94492283e-02
8.99055656e-02
9.02948378e-02
9.06189004e-02
9.08793793e-02
9.10774202e-02
9.12138570e-02
9.12889788e-02
9.13027283e-02
9.12544921e-02
9.11433219e-02
9.09677612e-02
9.07260899e-02
9.04162107e-02
9.00359287e-02
8.95829306e-02
8.90551234e-02
8.84507494e-02
8.77688125e-02
8.70093585e-02
8.61739696e-02
8.52660975e-02
8.42912791e-02
8.32566939e-02
8.21693562e-02
8.10316320e-02
7.98320741e-02
7.85295620e-02
7.70291389e-02
7.51507826e-02
7.25955929e-02
6.89187004e-02
6.35219553e-02
5.56875457e-02
4.46865276e-02
2.99963549e-02
1.14138112e-02
1.14782814e-02
2.99332014e-02
4.43195470e-02
5.48468934e-02
6.21112154e-02
6.69393220e-02
7.01220578e-02
7.22924227e-02
7.38994631e-02
7.52292699e-02
7.64436893e-02
7.76211026e-02
7.87900599e-02
7.99532689e-02
8.11021350e-02
8.22248220e-02
8.33099172e-02
8.43480029e-02
8.53319711e-02
8.62569513e-02
8.71199939e-02
8.79197169e-02
8.86559943e-02
8.93295992e-02
8.99420101e-02
9.04950940e-02
9.09910334e-02
9.14320455e-02
9.18204086e-02
9.21582062e-02
9.24474268e-02
9.26897240e-02
9.28865676e-02
9.30390155e-02
9.31478980e-02
9.32136045e-02
9.32362878e-02
9.32156731e-02
9.31512763e-02
9.30422489e-02
9.28876111e-02
9.26861540e-02
9.24366957e-02
9.21380701e-02
9.17894230e-02
9.13903134e-02
9.09410539e-02
9.04428956e-02
8.98982685e-02
8.93106634e-02
8.86838541e-02
8.80195550e-02
8.73120427e-02
8.65377495e-02
8.56373515e-02
8.44891687e-02
8.28748584e-02
8.04430850e-02
7.66807677e-02
7.09070841e-02
6.23134773e-02
5.00882377e-02
3.36584469e-02
1.28215993e-02
1.27961929e-02
3.33116057e-02
4.92417439e-02
6.08103116e-02
6.86842819e-02
7.37889057e-02
7.70116702e-02
7.90647559e-02
8.04557907e-02
8.15110892e-02
8.24190175e-02
8.32748087e-02
8.41179326e-02
8.49581897e-02
8.57919745e-02
8.66109241e-02
8.74062326e-02
8.81703029e-02
8.88973457e-02
8.95833383e-02
9.02258422e-02
9.08237361e-02
9.13769231e-02
9.18861293e-02
9.23526219e-02
9.27781148e-02
9.31645125e-02
9.35139135e-02
9.38283742e-02
9.41099893e-02
9.43606686e-02
9.45822728e-02
9.47763980e-02
9.49445487e-02
9.50879310e-02
9.52076465e-02
9.53044984e-02
9.53791956e-02
9.54321791e-02
9.54638291e-02
9.54743231e-02
9.54638425e-02
9.54324770e-02
9.53804329e-02
9.53079976e-02
9.52157476e-02
9.51045675e-02
9.49757967e-02
9.48311339e-02
9.46722767e-02
9.44996915e-02
9.43096168e-02
9.40877341e-02
9.37971160e-02
9.33581333e-02
9.26186985e-02
9.13167301e-02
8.90407512e-02
8.52001151e-02
7.90211168e-02
6.95955360e-02
5.60230772e-02
3.76792478e-02
1.43644334e-02
1.42344071e-02
3.69929516e-02
5.45935561e-02
6.72802476e-02
7.58005663e-02
8.11891208e-02
8.44397792e-02
8.63517740e-02
8.74966509e-02
8.82445885e-02
8.88124007e-02
8.93134812e-02
8.97987239e-02
9.02855198e-02
9.07753514e-02
9.12635661e-02
9.17439559e-02
9.22108440e-02
9.26597143e-02
9.30873823e-02
9.34918648e-02
9.38722022e-02
9.42282830e-02
9.45606222e-02
9.48702628e-02
9.51585605e-02
9.54271729e-02
9.56778542e-02
9.59125202e-02
9.61330493e-02
9.63414051e-02
9.65394405e-02
9.67290616e-02
9.69120345e-02
9.70901744e-02
9.72651588e-02
9.74387279e-02
9.76125088e-02
9.77882159e-02
9.79674907e-02
9.81520905e-02
9.83437493e-02
9.85443424e-02
9.87557680e-02
9.89800723e-02
9.92193394e-02
9.94757326e-02
9.97513079e-02
1.00047751e-01
1.00365599e-01
1.00702515e-01
1.01049534e-01
1.01383456e-01
1.01652980e-01
1.01755710e-01
1.01504868e-01
1.00587559e-01
9.85222072e-02
9.46277047e-02
8.80232851e-02
7.76877634e-02
6.26230973e-02
4.21504057e-02
1.60768410e-02
1.58205000e-02
4.10449790e-02
6.04663075e-02
7.43566994e-02
8.35579036e-02
8.92288225e-02
9.24830237e-02
9.42167078e-02
9.50722548e-02
9.54677352e-02
9.56509208e-02
9.57544901e-02
9.58415590e-02
9.59373020e-02
9.60485505e-02
9.61742845e-02
9.63109347e-02
9.64545777e-02
9.66018831e-02
9.67503199e-02
9.68981901e-02
9.70445343e-02
9.71890057e-02
9.73317942e-02
9.74734713e-02
9.76149808e-02
9.77574765e-02
9.79023798e-02
9.80512127e-02
9.82057115e-02
9.83676561e-02
9.85390259e-02
9.87218276e-02
9.89182798e-02
9.91306429e-02
9.93614196e-02
9.96131910e-02
9.98888202e-02
1.00191297e-01
1.00523931e-01
1.00890203e-01
1.01293927e-01
1.01739101e-01
1.02230008e-01
1.02771043e-01
1.03366696e-01
1.04021288e-01
1.04738702e-01
1.05521739e-01
1.06370977e-01
1.07282412e-01
1.08242730e-01
1.09220241e-01
1.10148558e-01
1.10900218e-01
1.11248644e-01
1.10821437e-01
1.09053548e-01
1.05155779e-01
9.81198067e-02
8.67919206e-02
7.00621387e-02
4.71927302e-02
1.80043080e-02
1.75893123e-02
4.55526595e-02
6.69737372e-02
8.21633280e-02
9.20760542e-02
9.80155827e-02
1.01232639e-01
1.02733470e-01
1.03239635e-01
1.03222234e-01
1.02962546e-01
1.02614022e-01
1.02252465e-01
1.01911184e-01
1.01602238e-01
1.01328215e-01
1.01087875e-01
1.00878851e-01
1.00698644e-01
1.00545092e-01
1.00416462e-01
1.00311475e-01
1.00229299e-01
1.00169475e-01
1.00131936e-01
1.00116905e-01
1.00124950e-01
1.00156867e-01
1.00213787e-01
1.00297032e-01
1.00408274e-01
1.00549379e-01
1.00722592e-01
1.00930388e-01
1.01175673e-01
1.01461639e-01
1.01791979e-01
1.02170748e-01
1.02602572e-01
1.03092521e-01
1.03646290e-01
1.04270070e-01
1.04970670e-01
1.05755351e-01
1.06631827e-01
1.07607992e-01
1.08691679e-01
1.09890080e-01
1.11208884e-01
1.12650628e-01
1.14211634e-01
1.15876143e-01
1.17605319e-01
1.19318022e-01
1.20859823e-01
1.21959049e-01
1.22173076e-01
1.20836025e-01
1.17025987e-01
1.09577548e-01
9.71748498e-02
7.85739219e-02
5.29705552e-02
2.02093604e-02
1.95861742e-02
5.06250547e-02
7.42597522e-02
9.08539232e-02
1.01501196e-01
1.07677651e-01
1.10794540e-01
1.11984702e-01
1.12059528e-01
1.11548940e-01
1.10770870e-01
1.09900731e-01
1.09027627e-01
1.08192887e-01
1.07413699e-01
1.06695781e-01
1.06039870e-01
1.05444577e-01
1.04907783e-01
1.04427153e-01
1.04000444e-01
1.03625619e-01
1.03300911e-01
1.03024895e-01
1.02796466e-01
1.02614920e-01
1.02479887e-01
1.02391444e-01
1.02350012e-01
1.02356502e-01
1.02412195e-01
1.02518920e-01
1.02678927e-01
1.02895087e-01
1.03170772e-01
1.03510075e-01
1.03917698e-01
1.04399182e-01
1.04960808e-01
1.05609824e-01
1.06354349e-01
1.07203562e-01
1.08167589e-01
1.09257594e-01
1.10485572e-01
1.11864232e-01
1.13406533e-01
1.15125068e-01
1.17030860e-01
1.19131288e-01
1.21426225e-01
1.23900802e-01
1.26512182e-01
1.29166471e-01
1.31682000e-01
1.33737071e-01
1.34806759e-01
1.34101989e-01
1.30534422e-01
1.22738279e-01
1.09190251e-01
8.84765136e-02
5.97122723e-02
2.27806692e-02
2.18714927e-02
5.64046315e-02
8.25082341e-02
1.00620122e-01
1.12009994e-01
1.18364531e-01
1.21286291e-01
1.22056140e-01
1.21588056e-01
1.20477807e-01
1.19083035e-01
1.17602472e-01
1.16138583e-01
1.14740560e-01
1.13430039e-01
1.12215289e-01
1.11098154e-01
1.10077511e-01
1.09150773e-01
1.08314720e-01
1.07565888e-01
1.06900841e-01
1.06316343e-01
1.05809452e-01
1.05377657e-01
1.05018871e-01
1.04731564e-01
1.04514706e-01
1.04367909e-01
1.04291339e-01
1.04285886e-01
1.04353059e-01
1.04495181e-01
1.04715293e-01
1.05017371e-01
1.05406243e-01
1.05887835e-01
1.06469105e-01
1.07158309e-01
1.07964962e-01
1.08900091e-01
1.09976217e-01
1.11207559e-01
1.12609969e-01
1.14201002e-01
1.15999674e-01
1.18026163e-01
1.20301044e-01
1.22843980e-01
1.25671237e-01
1.28791048e-01
1.32194948e-01
1.35841817e-01
1.39630223e-01
1.43353992e-01
1.46638922e-01
1.48865390e-01
1.49094050e-01
1.46024359e-01
1.38027268e-01
1.23301298e-01
1.00202870e-01
6.77383157e-02
2.58463680e-02
2.45273297e-02
6.30796636e-02
9.19550418e-02
1.11698907e-01
1.23811306e-01
1.30242439e-01
1.32827342e-01
1.33021837e-01
1.31858134e-01
1.30005441e-01
1.27864481e-01
1.25658050e-01
1.23501884e-01
1.21452142e-01
1.19534008e-01
1.17757032e-01
1.16123055e-01
1.14629941e-01
1.13273544e-01
1.12048656e-01
1.10949640e-01
1.09970798e-01
1.09106642e-01
1.08352105e-01
1.07702638e-01
1.07154371e-01
1.06704112e-01
1.06349487e-01
1.06088889e-01
1.05921629e-01
1.05847860e-01
1.05868755e-01
1.05986424e-01
1.06204131e-01
1.06526223e-01
1.06958386e-01
1.07507609e-01
1.08182472e-01
1.08993160e-01
1.09951783e-01
1.11072436e-01
1.12371537e-01
1.13867914e-01
1.15583095e-01
1.17541351e-01
1.19769780e-01
1.22298058e-01
1.25157897e-01
1.28381724e-01
1.32000064e-01
1.36036337e-01
1.40496786e-01
1.45351724e-01
1.50502294e-01
1.55726505e-01
1.60600580e-01
1.64401035e-01
1.66007875e-01
1.63848928e-01
1.55941120e-01
1.40094360e-01
1.14332823e-01
7.74962369e-02
2.95924642e-02
2.76667588e-02
7.09002812e-02
1.02900897e-01
1.24377084e-01
1.37140158e-01
1.43478423e-01
1.45513881e-01
1.44911369e-01
1.42839443e-01
1.40049255e-01
1.36987433e-01
1.33901311e-01
1.30918874e-01
1.28101939e-01
1.25477407e-01
1.23054394e-01
1.20832813e-01
1.18807820e-01
1.16972001e-01
1.15316689e-01
1.13832714e-01
1.12510946e-01
1.11342647e-01
1.10319717e-01
1.09434893e-01
1.08681826e-01
1.08055221e-01
1.07550821e-01
1.07165539e-01
1.06897394e-01
1.06745667e-01
1.06710828e-01
1.06794727e-01
1.07000537e-01
1.07332997e-01
1.07798394e-01
1.08404855e-01
1.09162403e-01
1.10083309e-01
1.11182229e-01
1.12476630e-01
1.13987024e-01
1.15737453e-01
1.17755801e-01
1.20074275e-01
1.22729679e-01
1.25763652e-01
1.29222464e-01
1.33156154e-01
1.37616176e-01
1.42650134e-01
1.48290875e-01
1.54535075e-01
1.61304180e-01
1.68378654e-01
1.75299239e-01
1.81238695e-01
1.84868510e-01
1.84272457e-01
1.76986964e-01
1.60262172e-01
1.31614174e-01
8.95984246e-02
3.42862737e-02
3.14469676e-02
8.01978484e-02
1.15722099e-01
1.38985683e-01
1.52234470e-01
1.58200189e-01
1.59364139e-01
1.57641972e-01
1.54359576e-01
1.50358502e-01
1.46133779e-01
1.41956580e-01
1.37965416e-01
1.34225151e-01
1.30761769e-01
1.27581007e-01
1.24678158e-01
1.22042972e-01
1.19662424e-01
1.17522213e-01
1.15607786e-01
1.13904963e-01
1.12400372e-01
1.11081751e-01
1.09938099e-01
1.08959832e-01
1.08138793e-01
1.07468351e-01
1.06943348e-01
1.06560208e-01
1.06316858e-01
1.06212882e-01
1.06249458e-01
1.06429565e-01
1.06757968e-01
1.07241495e-01
1.07889100e-01
1.08712228e-01
1.09724988e-01
1.10944630e-01
1.12391872e-01
1.14091520e-01
1.16072986e-01
1.18371076e-01
1.21026707e-01
1.24087824e-01
1.27610167e-01
1.31657957e-01
1.36303925e-01
1.41628023e-01
1.47713074e-01
1.54634135e-01
1.62435729e-01
1.71087400e-01
1.80405193e-01
1.89927281e-01
1.98743320e-01
2.05302629e-01
2.07268092e-01
2.01529155e-01
1.84519169e-01
1.52947896e-01
1.04851650e-01
4.03031283e-02
3.60873350e-02
9.14062308e-02
1.30871608e-01
1.55871515e-01
1.69276321e-01
1.74410707e-01
1.74209765e-01
1.70890659e-01
1.65959400e-01
1.60356242e-01
1.54625611e-01
1.49060632e-01
1.43806701e-01
1.38927648e-01
1.34443914e-01
1.30353456e-01
1.26642559e-01
1.23291696e-01
1.20278651e-01
1.17580459e-01
1.15174526e-01
1.13039398e-01
1.11155210e-01
1.09503947e-01
1.08069613e-01
1.06838247e-01
1.05797991e-01
1.04938997e-01
1.04253483e-01
1.03735615e-01
1.03381600e-01
1.03189585e-01
1.03159813e-01
1.03294584e-01
1.03598481e-01
1.04078424e-01
1.04744004e-01
1.05607655e-01
1.06685138e-01
1.07995895e-01
1.09563726e-01
1.11417410e-01
1.13591674e-01
1.16128179e-01
1.19076888e-01
1.22497543e-01
1.26461475e-01
1.31053462e-01
1.36373487e-01
1.42537518e-01
1.49675643e-01
1.57923885e-01
1.67402581e-01
1.78169289e-01
1.90128263e-01
2.02876867e-01
2.15478417e-01
2.26182574e-01
2.32171906e-01
2.29492696e-01
2.13396643e-01
1.79298113e-01
1.24259405e-01
4.81532157e-02
4.18947976e-02
1.05081224e-01
1.48856759e-01
1.75322360e-01
1.88268746e-01
1.91824518e-01
1.89500217e-01
1.83873161e-01
1.76653037e-01
1.68884911e-01
1.61161286e-01
1.53792144e-01
1.46923245e-01
1.40609831e-01
1.34859328e-01
1.29654512e-01
1.24966041e-01
1.20759082e-01
1.16997137e-01
1.13644163e-01
1.10665895e-01
1.08030561e-01
1.05709287e-01
1.03676263e-01
1.01908753e-01
1.00387060e-01
9.90943794e-02
9.80167351e-02
9.71427897e-02
9.64638251e-02
9.59735815e-02
9.56683139e-02
9.55466942e-02
9.56099673e-02
9.58619468e-02
9.63092930e-02
9.69616422e-02
9.78320432e-02
9.89372814e-02
1.00298540e-01
1.01942018e-01
1.03899932e-01
1.06211593e-01
1.08924957e-01
1.12098421e-01
1.15803249e-01
1.20126485e-01
1.25174608e-01
1.31077701e-01
1.37993703e-01
1.46111148e-01
1.55646590e-01
1.66828741e-01
1.79854065e-01
1.94789465e-01
2.11389833e-01
2.28803393e-01
2.45169906e-01
2.57193113e-01
2.59890504e-01
2.46863873e-01
2.11475465e-01
1.48970869e-01
5.85060371e-02
4.93018525e-02
1.21911464e-01
1.70168028e-01
1.97407492e-01
2.08803607e-01
2.09583230e-01
2.03982778e-01
1.95002892e-01
1.84576196e-01
1.73852876e-01
1.63465416e-01
1.53729212e-01
1.44777104e-01
1.36642386e-01
1.29306455e-01
1.22725282e-01
1.16843582e-01
1.11602631e-01
1.06944414e-01
1.02813990e-01
9.91606420e-02
9.59384511e-02
9.31064260e-02
9.06284166e-02
8.84729057e-02
8.66127055e-02
8.50246970e-02
8.36894966e-02
8.25912596e-02
8.17173970e-02
8.10584854e-02
8.06080691e-02
8.03626938e-02
8.03218188e-02
8.04879897e-02
8.08668920e-02
8.14676927e-02
8.23032885e-02
8.33908779e-02
8.47524983e-02
8.64159468e-02
8.84157808e-02
9.07948150e-02
9.36059109e-02
9.69144910e-02
1.00801737e-01
1.05368947e-01
1.10743218e-01
1.17084844e-01
1.24596368e-01
1.33532329e-01
1.44206395e-01
1.56987372e-01
1.72266428e-01
1.90363387e-01
2.11324668e-01
2.34559707e-01
2.58289778e-01
2.78868436e-01
2.90201862e-01
2.83742812e-01
2.49736943e-01
1.80143546e-01
7.22154147e-02
5.89308051e-02
1.42706977e-01
1.95112076e-01
2.21670166e-01
2.29660445e-01
2.25805757e-01
2.15240614e-01
2.01442839e-01
1.86570559e-01
1.71861496e-01
1.57963666e-01
1.45171075e-01
1.33577458e-01
1.23169666e-01
1.13881742e-01
1.05624730e-01
9.83028816e-02
9.18220048e-02
8.60937684e-02
8.10375489e-02
7.65811198e-02
7.26605448e-02
6.92197775e-02
6.62100484e-02
6.35892187e-02
6.13211554e-02
5.93751249e-02
5.77253119e-02
5.63503353e-02
5.52329420e-02
5.43596607e-02
5.37206667e-02
5.33095760e-02
5.31234770e-02
5.31628770e-02
5.34319132e-02
5.39384887e-02
5.46947054e-02
5.57172666e-02
5.70282313e-02
5.86558369e-02
6.06357807e-02
6.30127692e-02
6.58427609e-02
6.91958828e-02
7.31605668e-02
7.78492067e-02
8.34061363e-02
9.00186530e-02
9.79319166e-02
1.07467789e-01
1.19045372e-01
1.33195517e-01
1.50550067e-01
1.71767760e-01
1.97333168e-01
2.27144881e-01
2.59816351e-01
2.91686981e-01
3.15732747e-01
3.20932055e-01
2.93138238e-01
2.18669904e-01
9.03581308e-02
7.17146730e-02
1.68328322e-01
2.23452724e-01
2.46566542e-01
2.48161742e-01
2.36959550e-01
2.19152692e-01
1.98705158e-01
1.77954096e-01
1.58163117e-01
1.39933230e-01
1.23479569e-01
1.08806039e-01
9.58104211e-02
8.43444335e-02
7.42467667e-02
6.53599739e-02
5.75386131e-02
5.06522631e-02
4.45861362e-02
3.92402105e-02
3.45279533e-02
3.03747200e-02
2.67163211e-02
2.34976289e-02
2.06714907e-02
1.81978247e-02
1.60430701e-02
1.41799528e-02
1.25876695e-02
1.12524979e-02
1.01686812e-02
9.33923659e-03
8.77567145e-03
8.49561438e-03
8.51782588e-03
8.85678986e-03
9.52028537e-03
1.05121079e-02
1.18376942e-02
1.35096407e-02
1.55512966e-02
1.79990761e-02
2.09043846e-02
2.43363140e-02
2.83857761e-02
3.31719576e-02
3.88520573e-02
4.56356539e-02
5.38053197e-02
6.37446942e-02
7.59735246e-02
9.11836219e-02
1.10258226e-01
1.34235322e-01
1.64143027e-01
2.00595467e-01
2.43009531e-01
2.88323296e-01
3.29250311e-01
3.52536476e-01
3.38556102e-01
2.64660228e-01
1.14307667e-01
8.91287444e-02
1.99432088e-01
2.53642702e-01
2.68469840e-01
2.59231680e-01
2.37191314e-01
2.09664706e-01
1.81002126e-01
1.53588201e-01
1.28600036e-01
1.06519691e-01
8.74630241e-02
7.13867580e-02
5.82175574e-02
4.79261155e-02
4.05367723e-02
3.60337192e-02
3.41745628e-02
3.43983359e-02
3.59893572e-02
3.83215578e-02
4.09618471e-02
4.36481305e-02
4.62334313e-02
4.86401120e-02
5.08302212e-02
5.27880221e-02
5.45097687e-02
5.59979155e-02
5.72576314e-02
5.82948582e-02
5.91150300e-02
5.97224011e-02
6.01194937e-02
6.03068372e-02
6.02826397e-02
6.00426328e-02
5.95797894e-02
5.88841769e-02
5.79426966e-02
5.67390091e-02
5.52535056e-02
5.34637923e-02
5.13459604e-02
4.88779430e-02
4.60471960e-02
4.28685191e-02
3.94250401e-02
3.59625100e-02
3.30915578e-02
3.21088254e-02
3.50484164e-02
4.37698188e-02
5.91789404e-02
8.18896368e-02
1.12853856e-01
1.53173958e-01
2.03297053e-01
2.61518288e-01
3.21548582e-01
3.69193551e-01
3.79288595e-01
3.16421055e-01
1.45840907e-01
1.13567287e-01
2.35608239e-01
2.81147170e-01
2.79999864e-01
2.54407115e-01
2.18603679e-01
1.80982068e-01
1.46278578e-01
1.17210464e-01
9.55083120e-02
8.22296288e-02
7.72316942e-02
7.86971579e-02
8.40155758e-02
9.10620636e-02
9.85625344e-02
1.05869162e-01
1.12689703e-01
1.18914823e-01
1.24524980e-01
1.29542604e-01
1.34007988e-01
1.37967167e-01
1.41466005e-01
1.44547360e-01
1.47249947e-01
1.49607921e-01
1.51650963e-01
1.53404434e-01
1.54889710e-01
1.56124395e-01
1.57122631e-01
1.57895230e-01
1.58449876e-01
1.58791140e-01
1.58920544e-01
1.58836432e-01
1.58533863e-01
1.58004297e-01
1.57235263e-01
1.56209770e-01
1.54905636e-01
1.53294478e-01
1.51340492e-01
1.48998770e-01
1.46213244e-01
1.42914110e-01
1.39015106e-01
1.34411563e-01
1.28982585e-01
1.22606618e-01
1.15216214e-01
1.06960617e-01
9.86476763e-02
9.27849212e-02
9.50901013e-02
1.13544574e-01
1.52804085e-01
2.11880562e-01
2.85068264e-01
3.58581668e-01
4.03306775e-01
3.68356253e-01
1.87104968e-01
1.48535978e-01
2.72549852e-01
2.94922657e-01
2.68107750e-01
2.23616118e-01
1.79509211e-01
1.46573685e-01
1.30689987e-01
1.31339081e-01
1.42468859e-01
1.57893966e-01
1.74000647e-01
1.89184112e-01
2.02876518e-01
2.14974864e-01
2.25566788e-01
2.34806529e-01
2.42860656e-01
2.49885765e-01
2.56020665e-01
2.61384982e-01
2.66080376e-01
2.70192694e-01
2.73794208e-01
2.76945725e-01
2.79698360e-01
2.82095068e-01
2.84171846e-01
2.85958780e-01
2.87480808e-01
2.88758407e-01
2.89808055e-01
2.90642657e-01
2.91271780e-01
2.91701882e-01
2.91936355e-01
2.91975571e-01
2.91816738e-01
2.91453730e-01
2.90876705e-01
2.90071633e-01
2.89019530e-01
2.87695478e-01
2.86067161e-01
2.84092888e-01
2.81718710e-01
2.78874329e-01
2.75467105e-01
2.71373383e-01
2.66426033e-01
2.60397482e-01
2.52979204e-01
2.43765019e-01
2.32264107e-01
2.18021931e-01
2.01071492e-01
1.83304520e-01
1.71833417e-01
1.82597047e-01
2.30967675e-01
3.11478002e-01
3.92389579e-01
4.06803522e-01
2.39519883e-01
1.96056839e-01
2.93616996e-01
2.72751794e-01
2.21680880e-01
1.85818268e-01
1.83830088e-01
2.07316088e-01
2.39745139e-01
2.71892017e-01
3.00518186e-01
3.24972611e-01
3.45533178e-01
3.62746896e-01
3.77180956e-01
3.89337463e-01
3.99633238e-01
4.08404347e-01
4.15918478e-01
4.22388287e-01
4.27983181e-01
4.32838886e-01
4.37064918e-01
4.40750279e-01
4.43967807e-01
4.46777446e-01
4.49228780e-01
4.51362935e-01
4.53214092e-01
4.54810616e-01
4.56175983e-01
4.57329451e-01
4.58286632e-01
4.59059870e-01
4.59658579e-01
4.60089409e-01
4.60356409e-01
4.60461020e-01
4.60402053e-01
4.60175507e-01
4.59774320e-01
4.59187921e-01
4.58401636e-01
4.57395765e-01
4.56144328e-01
4.54613184e-01
4.52757350e-01
4.50516959e-01
4.47811220e-01
4.44529141e-01
4.40515303e-01
4.35547975e-01
4.29306018e-01
4.21320431e-01
4.10907840e-01
3.97090771e-01
3.78535753e-01
3.53625331e-01
3.21063587e-01
2.82362946e-01
2.49898372e-01
2.58580558e-01
3.31345497e-01
4.03651177e-01
2.97905041e-01
2.37325761e-01
2.56822397e-01
2.21729271e-01
2.47355615e-01
3.11272810e-01
3.76482744e-01
4.31556183e-01
4.75481797e-01
5.09906549e-01
5.36838939e-01
5.58035607e-01
5.74886733e-01
5.88446463e-01
5.99497875e-01
6.08617493e-01
6.16229319e-01
6.22646760e-01
6.28103778e-01
6.32777346e-01
6.36803339e-01
6.40287669e-01
6.43314071e-01
6.45949593e-01
6.48248490e-01
6.50255058e-01
6.52005703e-01
6.53530497e-01
6.54854345e-01
6.55997892e-01
6.56978200e-01
6.57809301e-01
6.58502584e-01
6.59067132e-01
6.59509925e-01
6.59836025e-01
6.60048645e-01
6.60149205e-01
6.60137275e-01
6.60010495e-01
6.59764354e-01
6.59391911e-01
6.58883318e-01
6.58225169e-01
6.57399520e-01
6.56382476e-01
6.55142084e-01
6.53635175e-01
6.51802545e-01
6.49561517e-01
6.46794327e-01
6.43329903e-01
6.38915291e-01
6.33171116e-01
6.25522958e-01
6.15097136e-01
6.00565234e-01
5.79918439e-01
5.50166221e-01
5.07074102e-01
4.45747220e-01
3.66298175e-01
3.00453375e-01
3.27952815e-01
3.27468797e-01
1.74776056e-01
3.62272368e-01
5.22767429e-01
6.32702864e-01
7.04755591e-01
7.52370174e-01
7.84547156e-01
8.06856755e-01
8.22731749e-01
8.34322130e-01
8.43001667e-01
8.49664123e-01
8.54899667e-01
8.59102985e-01
8.62541439e-01
8.65398899e-01
8.67804219e-01
8.69849751e-01
8.71603348e-01
8.73116129e-01
8.74427499e-01
8.75568449e-01
8.76563748e-01
8.77433448e-01
8.78193939e-01
8.78858719e-01
8.79438954e-01
8.79943913e-01
8.80381285e-01
8.80757442e-01
8.81077618e-01
8.81346077e-01
8.81566203e-01
8.81740603e-01
8.81871144e-01
8.81959001e-01
8.82004644e-01
8.82007837e-01
8.81967568e-01
8.81881977e-01
8.81748206e-01
8.81562201e-01
8.81318398e-01
8.81009290e-01
8.80624756e-01
8.80151085e-01
8.79569487e-01
8.78853817e-01
8.77967069e-01
8.76855892e-01
8.75442018e-01
8.73608777e-01
8.71179929e-01
8.67886375e-01
8.63313486e-01
8.56815844e-01
8.47372345e-01
8.33318841e-01
8.11801952e-01
7.77565594e-01
7.20256050e-01
6.19795290e-01
4.48553435e-01
2.26423722e-01
SCALARS pressure double 1
LOOKUP_TABLE default
-2.41597097e-01
-2.52170938e-01
-2.52246902e-01
-2.49863556e-01
-2.46274284e-01
-2.41950396e-01
-2.37082004e-01
-2.31768152e-01
-2.26074084e-01
-2.20046373e-01
-2.13719892e-01
-2.07121072e-01
-2.00271478e-01
-1.93188775e-01
-1.85888790e-01
-1.78385316e-01
-1.70691578e-01
-1.62819581e-01
-1.54781342e-01
-1.46588040e-01
-1.38251143e-01
-1.29781481e-01
-1.21190295e-01
-1.12488314e-01
-1.03686713e-01
-9.47962484e-02
-8.58281122e-02
-7.67931507e-02
-6.77026051e-02
-5.85674391e-02
-4.93989496e-02
-4.02082217e-02
-3.10065987e-02
-2.18052770e-02
-1.26156287e-02
-3.44894403e-03
5.68339554e-03
1.47700256e-02
2.37995715e-02
3.27606098e-02
4.16417771e-02
5.04315929e-02
5.91186866e-02
6.76914927e-02
7.61385729e-02
8.44481924e-02
9.26087035e-02
1.00608008e-01
1.08433949e-01
1.16073644e-01
1.23513802e-01
1.30739854e-01
1.37736026e-01
1.44484076e-01
1.50962702e-01
1.57145270e-01
1.62997644e-01
1.68473922e-01
1.73510926e-01
1.78012485e-01
1.81793317e-01
1.84387222e-01
1.84541798e-01
1.74252866e-01
-2.52360920e-01
-2.55239006e-01
-2.53033055e-01
-2.49939657e-01
-2.46076040e-01
-2.41612207e-01
-2.36662615e-01
-2.31302084e-01
-2.25582621e-01
-2.19543409e-01
-2.13214230e-01
-2.06619426e-01
-1.99778484e-01
-1.92708718e-01
-1.85424719e-01
-1.77940464e-01
-1.70268198e-01
-1.62420304e-01
-1.54407910e-01
-1.46242649e-01
-1.37935155e-01
-1.29496730e-01
-1.20937836e-01
-1.12269660e-01
-1.03502661e-01
-9.46480124e-02
-8.57162657e-02
-7.67186249e-02
-6.76657735e-02
-5.85689593e-02
-4.94390121e-02
-4.02872152e-02
-3.11245404e-02
-2.19622886e-02
-1.28115575e-02
-3.68364402e-03
5.41025018e-03
1.44588527e-02
2.34508794e-02
3.23750955e-02
4.12201487e-02
4.99748383e-02
5.86277395e-02
6.71676514e-02
7.55830339e-02
8.38625955e-02
9.19945640e-02
9.99673618e-02
1.07768724e-01
1.15386385e-01
1.22807038e-01
1.30016918e-01
1.37000534e-01
1.43740945e-01
1.50218064e-01
1.56408237e-01
1.62281671e-01
1.67800538e-01
1.72913881e-01
1.77549259e-01
1.81594358e-01
1.84882070e-01
1.87296816e-01
1.84704719e-01
-2.52854679e-01
-2.53505274e-01
-2.49916341e-01
-2.46151400e-01
-2.41999687e-01
-2.37435882e-01
-2.32484897e-01
-2.27179284e-01
-2.21550248e-01
-2.15624152e-01
-2.09424340e-01
-2.02969936e-01
-1.96278539e-01
-1.89364748e-01
-1.82242882e-01
-1.74925068e-01
-1.67423903e-01
-1.59750248e-01
-1.51915840e-01
-1.43930942e-01
-1.35806893e-01
-1.27553732e-01
-1.19182637e-01
-1.10703627e-01
-1.02127843e-01
-9.34653978e-02
-8.47274456e-02
-7.59242520e-02
-6.70669997e-02
-5.81661322e-02
-4.92328529e-02
-4.02777860e-02
-3.13121362e-02
-2.23466962e-02
-1.33926475e-02
-4.46092965e-03
4.43732381e-03
1.32910526e-02
2.20891911e-02
3.08205827e-02
3.94742382e-02
4.80389201e-02
5.65037031e-02
6.48572611e-02
7.30886833e-02
8.11865031e-02
8.91397090e-02
9.69365580e-02
1.04565705e-01
1.12014837e-01
1.19271830e-01
1.26323220e-01
1.33155270e-01
1.39752282e-01
1.46097426e-01
1.52170906e-01
1.57950526e-01
1.63410004e-01
1.68519950e-01
1.73248764e-01
1.77573455e-01
1.81519853e-01
1.85299739e-01
1.84909704e-01
-2.51196073e-01
-2.51213362e-01
-2.46976183e-01
-2.42751762e-01
-2.38336984e-01
-2.33649119e-01
-2.28663807e-01
-2.23382925e-01
-2.17817282e-01
-2.11981999e-01
-2.05891522e-01
-1.99561041e-01
-1.93003542e-01
-1.86232612e-01
-1.79259620e-01
-1.72096914e-01
-1.64754812e-01
-1.57244941e-01
-1.49577068e-01
-1.41762456e-01
-1.33810655e-01
-1.25732780e-01
-1.17538368e-01
-1.09238497e-01
-1.00842812e-01
-9.23624064e-02
-8.38071015e-02
-7.51880173e-02
-6.65151843e-02
-5.77997388e-02
-4.90519299e-02
-4.02828870e-02
-3.15030698e-02
-2.27235722e-02
-1.39550442e-02
-5.20851371e-03
3.50520738e-03
1.21751836e-02
2.07904736e-02
2.93402538e-02
3.78134837e-02
4.61994575e-02
5.44870554e-02
6.26656720e-02
7.07241058e-02
7.86517971e-02
8.64374163e-02
9.40703324e-02
1.01538968e-01
1.08832405e-01
1.15938580e-01
1.22845932e-01
1.29541522e-01
1.36012664e-01
1.42245116e-01
1.48224794e-01
1.53936548e-01
1.59366782e-01
1.64504820e-01
1.69350673e-01
1.73928998e-01
1.78323484e-01
1.82737978e-01
1.82961145e-01
-2.48713422e-01
-2.48523899e-01
-2.44023779e-01
-2.39544018e-01
-2.34950044e-01
-2.30162137e-01
-2.25141988e-01
-2.19874389e-01
-2.14358389e-01
-2.08598375e-01
-2.02603436e-01
-1.96382517e-01
-1.89946811e-01
-1.83305842e-01
-1.76470945e-01
-1.69451401e-01
-1.62258355e-01
-1.54900838e-01
-1.47389854e-01
-1.39734335e-01
-1.31945238e-01
-1.24031537e-01
-1.16004206e-01
-1.07872366e-01
-9.96470327e-02
-9.13375382e-02
-8.29549400e-02
-7.45088179e-02
-6.60102522e-02
-5.74690824e-02
-4.88963821e-02
-4.03022456e-02
-3.16977054e-02
-2.30930918e-02
-1.44993597e-02
-5.92704634e-03
2.61300524e-03
1.11100880e-02
1.95534996e-02
2.79324044e-02
3.62362612e-02
4.44541456e-02
5.25756847e-02
6.05898978e-02
6.84865671e-02
7.62546713e-02
8.38841058e-02
9.13637980e-02
9.86836787e-02
1.05832581e-01
1.12800366e-01
1.19575731e-01
1.26148420e-01
1.32507126e-01
1.38641845e-01
1.44542265e-01
1.50200715e-01
1.55612141e-01
1.60779310e-01
1.65717487e-01
1.70466648e-01
1.75106619e-01
1.79774267e-01
1.80190585e-01
-2.45918996e-01
-2.45635900e-01
-2.41050981e-01
-2.36452633e-01
-2.31759147e-01
-2.26911083e-01
-2.21870731e-01
-2.16619042e-01
-2.11147142e-01
-2.05454964e-01
-1.99545006e-01
-1.93424191e-01
-1.87098873e-01
-1.80578374e-01
-1.73870252e-01
-1.66984651e-01
-1.59929511e-01
-1.52715299e-01
-1.45350143e-01
-1.37844689e-01
-1.30207245e-01
-1.22448594e-01
-1.14577267e-01
-1.06604159e-01
-9.85380643e-02
-9.03899609e-02
-8.21689376e-02
-7.38860182e-02
-6.55505966e-02
-5.71737027e-02
-4.87650319e-02
-4.03355760e-02
-3.18953150e-02
-2.34551588e-02
-1.50253427e-02
-6.61665247e-03
1.76046073e-03
1.00953730e-02
1.83774653e-02
2.65963077e-02
3.47411669e-02
4.28018317e-02
5.07675101e-02
5.86282248e-02
6.63731813e-02
7.39926406e-02
8.14758609e-02
8.88133413e-02
9.59944572e-02
1.03009966e-01
1.09849477e-01
1.16504133e-01
1.22964102e-01
1.29221404e-01
1.35267743e-01
1.41097650e-01
1.46707243e-01
1.52098316e-01
1.57279195e-01
1.62270944e-01
1.67111369e-01
1.71861944e-01
1.76606046e-01
1.77106456e-01
-2.43015537e-01
-2.42677348e-01
-2.38092371e-01
-2.33457890e-01
-2.28726207e-01
-2.23855250e-01
-2.18815644e-01
-2.13587619e-01
-2.08161793e-01
-2.02533215e-01
-1.96703282e-01
-1.90674073e-01
-1.84451921e-01
-1.78041938e-01
-1.71452663e-01
-1.64690525e-01
-1.57765104e-01
-1.50683480e-01
-1.43455789e-01
-1.36089529e-01
-1.28595179e-01
-1.20980592e-01
-1.13256476e-01
-1.05431030e-01
-9.75151175e-02
-8.95172919e-02
-8.14485085e-02
-7.33176776e-02
-6.51357883e-02
-5.69121025e-02
-4.86575861e-02
-4.03818364e-02
-3.20957418e-02
-2.38092065e-02
-1.55329908e-02
-7.27726511e-03
9.47385054e-04
9.13057409e-03
1.72619336e-02
2.53309245e-02
3.33274330e-02
4.12408372e-02
4.90613114e-02
5.67782318e-02
6.43820931e-02
7.18623631e-02
7.92098984e-02
8.64143786e-02
9.34670985e-02
1.00358136e-01
1.07079406e-01
1.13621747e-01
1.19978155e-01
1.26141044e-01
1.32105663e-01
1.37867913e-01
1.43428128e-01
1.48789981e-01
1.53964921e-01
1.58972411e-01
1.63844165e-01
1.68623026e-01
1.73360107e-01
1.73907537e-01
-2.40099694e-01
-2.39725712e-01
-2.35183474e-01
-2.30562955e-01
-2.25835059e-01
-2.20972685e-01
-2.15952616e-01
-2.10759779e-01
-2.05383231e-01
-1.99819047e-01
-1.94064751e-01
-1.88123144e-01
-1.81996375e-01
-1.75690855e-01
-1.69211103e-01
-1.62565444e-01
-1.55759652e-01
-1.48803118e-01
-1.41702368e-01
-1.34467431e-01
-1.27105380e-01
-1.19626649e-01
-1.12038772e-01
-1.04352450e-01
-9.65756492e-02
-8.87192336e-02
-8.07915883e-02
-7.28036557e-02
-6.47642285e-02
-5.66842537e-02
-4.85729131e-02
-4.04410914e-02
-3.22983311e-02
-2.41553935e-02
-1.60221419e-02
-7.90915821e-03
1.73426150e-04
8.21525953e-03
1.62060079e-02
2.41355976e-02
3.19935711e-02
3.97701783e-02
4.74549326e-02
5.50384567e-02
6.25103492e-02
6.98616676e-02
7.70822427e-02
8.41636648e-02
9.10962084e-02
9.78721816e-02
1.04482652e-01
1.10921031e-01
1.17179832e-01
1.23254402e-01
1.29139988e-01
1.34835614e-01
1.40341776e-01
1.45664453e-01
1.50813590e-01
1.55806734e-01
1.60667310e-01
1.65425471e-01
1.70112537e-01
1.70688536e-01
-2.37228367e-01
-2.36829572e-01
-2.32353960e-01
-2.27777082e-01
-2.23082438e-01
-2.18251164e-01
-2.13268064e-01
-2.08119735e-01
-2.02798796e-01
-1.97299120e-01
-1.91620204e-01
-1.85761191e-01
-1.79726125e-01
-1.73517368e-01
-1.67141703e-01
-1.60603377e-01
-1.53910804e-01
-1.47069384e-01
-1.40088536e-01
-1.32974442e-01
-1.25737162e-01
-1.18383490e-01
-1.10923900e-01
-1.03365718e-01
-9.57196787e-02
-8.79936014e-02
-8.01983653e-02
-7.23422575e-02
-6.44362058e-02
-5.64889427e-02
-4.85113611e-02
-4.05126101e-02
-3.25034737e-02
-2.44934786e-02
-1.64932339e-02
-8.51259211e-03
-5.61927248e-04
7.34864896e-03
1.52090531e-02
2.30089968e-02
3.07387419e-02
3.83879242e-02
4.59472094e-02
5.34062814e-02
6.07562810e-02
6.79870986e-02
7.50904525e-02
8.20566542e-02
8.88781701e-02
9.55460525e-02
1.02053828e-01
1.08393811e-01
1.14561180e-01
1.20550420e-01
1.26359467e-01
1.31986540e-01
1.37434239e-01
1.42706926e-01
1.47814435e-01
1.52769676e-01
1.57590863e-01
1.62298001e-01
1.66911790e-01
1.67505039e-01
-2.34438142e-01
-2.34021905e-01
-2.29625970e-01
-2.25111969e-01
-2.20469213e-01
-2.15686798e-01
-2.10752710e-01
-2.05658880e-01
-2.00397392e-01
-1.94965469e-01
-1.89359832e-01
-1.83582324e-01
-1.77633202e-01
-1.71517584e-01
-1.65238085e-01
-1.58801975e-01
-1.52213403e-01
-1.45481034e-01
-1.38610065e-01
-1.31610069e-01
-1.24487031e-01
-1.17251124e-01
-1.09908979e-01
-1.02471157e-01
-9.49448688e-02
-8.73409050e-02
-7.96670115e-02
-7.19340882e-02
-6.41503860e-02
-5.63268098e-02
-4.84720848e-02
-4.05970326e-02
-3.27108141e-02
-2.48240896e-02
-1.69464057e-02
-9.08819235e-03
-1.25931664e-03
6.53008580e-03
1.42699094e-02
2.19503741e-02
2.95612384e-02
3.70931420e-02
4.45358344e-02
5.18804497e-02
5.91168885e-02
6.62368790e-02
7.32306816e-02
8.00907694e-02
8.68080514e-02
9.33759941e-02
9.97865822e-02
1.06034703e-01
1.12114080e-01
1.18021751e-01
1.23754218e-01
1.29311833e-01
1.34695363e-01
1.39910016e-01
1.44962373e-01
1.49863472e-01
1.54625584e-01
1.59263401e-01
1.63790113e-01
1.64393546e-01
-2.31754105e-01
-2.31325206e-01
-2.27017349e-01
-2.22577384e-01
-2.18000222e-01
-2.13277720e-01
-2.08403530e-01
-2.03370044e-01
-1.98173706e-01
-1.92809882e-01
-1.87278817e-01
-1.81579038e-01
-1.75714126e-01
-1.69685127e-01
-1.63498108e-01
-1.57155928e-01
-1.50666392e-01
-1.44033648e-01
-1.37266690e-01
-1.30370631e-01
-1.23355268e-01
-1.16226494e-01
-1.08994641e-01
-1.01666270e-01
-9.42520551e-02
-8.67591652e-02
-7.91984570e-02
-7.15776687e-02
-6.39077153e-02
-5.61968681e-02
-4.84559951e-02
-4.06938621e-02
-3.29211995e-02
-2.51472195e-02
-1.73824351e-02
-9.63644315e-03
-1.91946747e-03
5.75858988e-03
1.33878618e-02
2.09582412e-02
2.84602858e-02
3.58838090e-02
4.32198685e-02
5.04583550e-02
5.75909208e-02
6.46077327e-02
7.15011691e-02
7.82619345e-02
8.48833318e-02
9.13569614e-02
9.76773648e-02
1.03837548e-01
1.09833787e-01
1.15661224e-01
1.21318620e-01
1.26804231e-01
1.32120273e-01
1.37269180e-01
1.42257384e-01
1.47091831e-01
1.51782466e-01
1.56338750e-01
1.60770542e-01
1.61378764e-01
-2.29193633e-01
-2.28756466e-01
-2.24541073e-01
-2.20183323e-01
-2.15679520e-01
-2.11026292e-01
-2.06217903e-01
-2.01251420e-01
-1.96122090e-01
-1.90829415e-01
-1.85370849e-01
-1.79748790e-01
-1.73962980e-01
-1.68018361e-01
-1.61916573e-01
-1.55664524e-01
-1.49265309e-01
-1.42727270e-01
-1.36054623e-01
-1.29256723e-01
-1.22338686e-01
-1.15310565e-01
-1.08178243e-01
-1.00952236e-01
-9.36391093e-02
-8.62496548e-02
-7.87910703e-02
-7.12742728e-02
-6.37070522e-02
-5.61003262e-02
-4.84624375e-02
-4.08041990e-02
-3.31344609e-02
-2.54638402e-02
-1.78016360e-02
-1.01581896e-02
-2.54317434e-03
5.03341805e-03
1.25616354e-02
2.00319071e-02
2.74341226e-02
3.47592079e-02
4.19970444e-02
4.91391435e-02
5.61755668e-02
6.30985259e-02
6.98985005e-02
7.65685635e-02
8.30999212e-02
8.94867437e-02
9.57213724e-02
1.01799424e-01
1.07714917e-01
1.13465415e-01
1.19047308e-01
1.24460735e-01
1.29705222e-01
1.34784067e-01
1.39700385e-01
1.44460546e-01
1.49070542e-01
1.53538121e-01
1.57869645e-01
1.58478632e-01
-2.26770211e-01
-2.26328002e-01
-2.22208607e-01
-2.17937161e-01
-2.13513319e-01
-2.08933920e-01
-2.04197549e-01
-1.99300360e-01
-1.94241975e-01
-1.89019546e-01
-1.83634799e-01
-1.78086593e-01
-1.72378964e-01
-1.66512514e-01
-1.60493311e-01
-1.54323457e-01
-1.48010620e-01
-1.41558127e-01
-1.34974844e-01
-1.28265099e-01
-1.21438621e-01
-1.14500594e-01
-1.07461339e-01
-1.00326798e-01
-9.31076716e-02
-8.58105963e-02
-7.84464778e-02
-7.10226010e-02
-6.35499312e-02
-5.60363630e-02
-4.84927995e-02
-4.09277011e-02
-3.33518052e-02
-2.57740850e-02
-1.82050225e-02
-1.06540344e-02
-3.13126760e-03
4.35350650e-03
1.17905515e-02
1.91698543e-02
2.64821648e-02
3.37173704e-02
4.08667911e-02
4.79203910e-02
5.48701622e-02
6.17063643e-02
6.84217941e-02
7.50072789e-02
8.14566024e-02
8.77615008e-02
9.39169973e-02
9.99161640e-02
1.05755607e-01
1.11430252e-01
1.16938715e-01
1.22278349e-01
1.27450211e-01
1.32454537e-01
1.37294974e-01
1.41974545e-01
1.46498784e-01
1.50872288e-01
1.55100683e-01
1.55706538e-01
-2.24494164e-01
-2.24050481e-01
-2.20028385e-01
-2.15847051e-01
-2.11505845e-01
-2.07005160e-01
-2.02342667e-01
-1.97518743e-01
-1.92530944e-01
-1.87380871e-01
-1.82067001e-01
-1.76592778e-01
-1.70958052e-01
-1.65168179e-01
-1.59224405e-01
-1.53133757e-01
-1.46898724e-01
-1.40527668e-01
-1.34024146e-01
-1.27397527e-01
-1.20652294e-01
-1.13798544e-01
-1.06841582e-01
-9.97919947e-02
-9.26558406e-02
-8.54439985e-02
-7.81632313e-02
-7.08245453e-02
-6.34353659e-02
-5.60066889e-02
-4.85465613e-02
-4.10658513e-02
-3.35731790e-02
-2.60791852e-02
-1.85930011e-02
-1.11249527e-02
-3.68460157e-03
3.71811990e-03
1.10733242e-02
1.83715492e-02
2.56027133e-02
3.27579050e-02
3.98270130e-02
4.68017682e-02
5.36722312e-02
6.04308883e-02
6.70682169e-02
7.35776034e-02
7.99502380e-02
8.61805956e-02
9.22609321e-02
9.81870538e-02
1.03952692e-01
1.09555279e-01
1.14990468e-01
1.20257632e-01
1.25354762e-01
1.30283382e-01
1.35044004e-01
1.39640121e-01
1.44074312e-01
1.48351110e-01
1.52474002e-01
1.53073633e-01
-2.22374720e-01
-2.21932130e-01
-2.18008997e-01
-2.13918777e-01
-2.09663482e-01
-2.05242496e-01
-2.00657263e-01
-1.95906251e-01
-1.90991391e-01
-1.85911281e-01
-1.80669117e-01
-1.75264343e-01
-1.69701792e-01
-1.63982057e-01
-1.58111596e-01
-1.52092169e-01
-1.45931644e-01
-1.39632856e-01
-1.33204800e-01
-1.26651278e-01
-1.19982133e-01
-1.13202043e-01
-1.06321453e-01
-9.93458422e-02
-9.22860443e-02
-8.51482901e-02
-7.79436174e-02
-7.06789680e-02
-6.33654286e-02
-5.60106132e-02
-4.86255268e-02
-4.12184124e-02
-3.38000820e-02
-2.63793533e-02
-1.89667505e-02
-1.15715942e-02
-4.20403675e-03
3.12619186e-03
1.04093891e-02
1.76355361e-02
2.47954580e-02
3.18789987e-02
3.88775956e-02
4.57811414e-02
5.25817841e-02
5.92696895e-02
6.58378352e-02
7.22769246e-02
7.85809115e-02
8.47413412e-02
9.07533217e-02
9.66095805e-02
1.02306586e-01
1.07838613e-01
1.13203712e-01
1.18398065e-01
1.23421508e-01
1.28272412e-01
1.32952459e-01
1.37462204e-01
1.41804811e-01
1.45982477e-01
1.49999009e-01
1.50589117e-01
-2.20419482e-01
-2.19981132e-01
-2.16156875e-01
-2.12159615e-01
-2.07990315e-01
-2.03651518e-01
-1.99142869e-01
-1.94466924e-01
-1.89622819e-01
-1.84613831e-01
-1.79439352e-01
-1.74103921e-01
-1.68607711e-01
-1.62956731e-01
-1.57152155e-01
-1.51201398e-01
-1.45106656e-01
-1.38876547e-01
-1.32514240e-01
-1.26029308e-01
-1.19425820e-01
-1.12714063e-01
-1.05898943e-01
-9.89912330e-02
-9.19966311e-02
-8.49261953e-02
-7.77863765e-02
-7.05883482e-02
-6.33392775e-02
-5.60503086e-02
-4.87292874e-02
-4.13872058e-02
-3.40325423e-02
-2.66760328e-02
-1.93267267e-02
-1.19950147e-02
-4.69043532e-03
2.57704621e-03
9.79750991e-03
1.69614924e-02
2.40588300e-02
3.10806403e-02
3.80166870e-02
4.48587566e-02
5.15967468e-02
5.82232149e-02
6.47284343e-02
7.11058524e-02
7.73463918e-02
8.34445260e-02
8.93921234e-02
9.51848327e-02
1.00815776e-01
1.06281933e-01
1.11577987e-01
1.16702403e-01
1.21651725e-01
1.26426045e-01
1.31023983e-01
1.35447244e-01
1.39696440e-01
1.43774510e-01
1.47683595e-01
1.48261570e-01
-2.18636027e-01
-2.18204104e-01
-2.14479530e-01
-2.10574668e-01
-2.06492947e-01
-2.02235249e-01
-1.97804870e-01
-1.93201782e-01
-1.88429600e-01
-1.83488008e-01
-1.78381473e-01
-1.73110013e-01
-1.67679324e-01
-1.62090165e-01
-1.56349563e-01
-1.50459182e-01
-1.44427283e-01
-1.38256461e-01
-1.31956018e-01
-1.25529454e-01
-1.18986877e-01
-1.12332649e-01
-1.05577462e-01
-9.87264936e-02
-9.17908111e-02
-8.47763761e-02
-7.76944424e-02
-7.05517244e-02
-6.33595047e-02
-5.61252185e-02
-4.88600420e-02
-4.15720936e-02
-3.42723300e-02
-2.69695017e-02
-1.96742507e-02
-1.23958904e-02
-5.14466539e-03
2.06964159e-03
9.23725940e-03
1.63480583e-02
2.33928155e-02
3.03612098e-02
3.72446470e-02
4.40328045e-02
5.07178067e-02
5.72895538e-02
6.37409908e-02
7.00624935e-02
7.62479386e-02
8.22884485e-02
8.81789448e-02
9.39115696e-02
9.94823966e-02
1.04884854e-01
1.10116272e-01
1.15171632e-01
1.20049653e-01
1.24747156e-01
1.29264395e-01
1.33600253e-01
1.37756498e-01
1.41734012e-01
1.45535772e-01
1.46098584e-01
-2.17030928e-01
-2.16608402e-01
-2.12982703e-01
-2.09171094e-01
-2.05175551e-01
-2.01000075e-01
-1.96645630e-01
-1.92116345e-01
-1.87412492e-01
-1.82538678e-01
-1.77495040e-01
-1.72287107e-01
-1.66915414e-01
-1.61386679e-01
-1.55702156e-01
-1.49869781e-01
-1.43891657e-01
-1.37776814e-01
-1.31528236e-01
-1.25155847e-01
-1.18663495e-01
-1.12061781e-01
-1.05355385e-01
-9.85553710e-02
-9.16672240e-02
-8.47022710e-02
-7.76667769e-02
-7.05721598e-02
-6.34254383e-02
-5.62379746e-02
-4.90175119e-02
-4.17752335e-02
-3.45195670e-02
-2.72614151e-02
-2.00098340e-02
-1.27753593e-02
-5.56759802e-03
1.60335731e-03
8.72745466e-03
1.57951162e-02
2.27959831e-02
2.97210661e-02
3.65598731e-02
4.33040844e-02
4.99432831e-02
5.64699096e-02
6.28738607e-02
6.91484346e-02
7.52840980e-02
8.12751014e-02
8.71127379e-02
9.27922896e-02
9.83061147e-02
1.03650588e-01
1.08819361e-01
1.13809980e-01
1.18617656e-01
1.23241269e-01
1.27677937e-01
1.31928086e-01
1.35991004e-01
1.39868714e-01
1.43562681e-01
1.44107893e-01
-2.15611307e-01
-2.15200219e-01
-2.11673798e-01
-2.07953970e-01
-2.04045217e-01
-1.99949524e-01
-1.95671609e-01
-1.91212567e-01
-1.86577351e-01
-1.81766482e-01
-1.76785488e-01
-1.71634886e-01
-1.66321170e-01
-1.60845322e-01
-1.55214985e-01
-1.49431863e-01
-1.43504719e-01
-1.37436085e-01
-1.31235694e-01
-1.24906925e-01
-1.18460278e-01
-1.11899970e-01
-1.05237050e-01
-9.84765502e-02
-9.16298637e-02
-8.47028185e-02
-7.77069650e-02
-7.06489078e-02
-6.35401957e-02
-5.63881886e-02
-4.92043000e-02
-4.19966166e-02
-3.47763072e-02
-2.75521431e-02
-2.03349581e-02
-1.31341468e-02
-5.96013152e-03
1.17715780e-03
8.26777873e-03
1.53013853e-02
2.22685831e-02
2.91587650e-02
3.59631580e-02
4.26710859e-02
4.92744794e-02
5.57628192e-02
6.21288299e-02
6.83623977e-02
7.44571298e-02
8.04035702e-02
8.61962784e-02
9.18266868e-02
9.72903441e-02
1.02579770e-01
1.07691523e-01
1.12619418e-01
1.17361116e-01
1.21912050e-01
1.26271240e-01
1.30436188e-01
1.34407598e-01
1.38185427e-01
1.41772225e-01
1.42296769e-01
-2.14383629e-01
-2.13987003e-01
-2.10558660e-01
-2.06930885e-01
-2.03106510e-01
-1.99090807e-01
-1.94885868e-01
-1.90497159e-01
-1.85925875e-01
-1.81177727e-01
-1.76253441e-01
-1.71159392e-01
-1.65896437e-01
-1.60471959e-01
-1.54887360e-01
-1.49151138e-01
-1.43265440e-01
-1.37239799e-01
-1.31077181e-01
-1.24787972e-01
-1.18375967e-01
-1.11852194e-01
-1.05221264e-01
-9.84946304e-02
-9.16777072e-02
-8.47821739e-02
-7.78142341e-02
-7.07856223e-02
-6.37033169e-02
-5.65789634e-02
-4.94202969e-02
-4.22387559e-02
-3.50428044e-02
-2.78435788e-02
-2.06502274e-02
-1.34735070e-02
-6.32318172e-03
7.90436954e-04
7.85706739e-03
1.48669057e-02
2.18092869e-02
2.86749799e-02
3.54531097e-02
4.21350927e-02
4.87100556e-02
5.51701473e-02
6.15047393e-02
6.77068022e-02
7.37662081e-02
7.96768251e-02
8.54292656e-02
9.10183319e-02
9.64355707e-02
1.01676706e-01
1.06734376e-01
1.11605220e-01
1.16283181e-01
1.20765964e-01
1.25049246e-01
1.29132206e-01
1.33012875e-01
1.36692447e-01
1.40171896e-01
1.40673167e-01
-2.13355333e-01
-2.12975323e-01
-2.09645278e-01
-2.06107410e-01
-2.02367282e-01
-1.98428051e-01
-1.94295846e-01
-1.89972833e-01
-1.85465138e-01
-1.80773975e-01
-1.75905736e-01
-1.70861317e-01
-1.65647886e-01
-1.60266632e-01
-1.54725786e-01
-1.49027174e-01
-1.43180112e-01
-1.37187205e-01
-1.31058713e-01
-1.24798057e-01
-1.18416231e-01
-1.11917472e-01
-1.05313282e-01
-9.86086991e-02
-9.18155283e-02
-8.49395958e-02
-7.79928218e-02
-7.09818150e-02
-6.39184541e-02
-5.68101219e-02
-4.96685284e-02
-4.25018159e-02
-3.53214250e-02
-2.81362298e-02
-2.09573226e-02
-1.37942613e-02
-6.65772611e-03
4.42116966e-04
7.49505576e-03
1.44904266e-02
2.14185419e-02
2.82683913e-02
3.50308770e-02
4.16948358e-02
4.82518387e-02
5.46908036e-02
6.10040614e-02
6.71808725e-02
7.32144167e-02
7.90945578e-02
8.48153831e-02
9.03675775e-02
9.57461297e-02
1.00942689e-01
1.05953073e-01
1.10770001e-01
1.15390094e-01
1.19807380e-01
1.24019526e-01
1.28022458e-01
1.31815540e-01
1.35397564e-01
1.38770554e-01
1.39245046e-01
-2.12533520e-01
-2.12173501e-01
-2.08940305e-01
-2.05492054e-01
-2.01832776e-01
-1.97969350e-01
-1.93905244e-01
-1.89647307e-01
-1.85197605e-01
-1.80562759e-01
-1.75743915e-01
-1.70748088e-01
-1.65576348e-01
-1.60236642e-01
-1.54730526e-01
-1.49067067e-01
-1.43248556e-01
-1.37285099e-01
-1.31179796e-01
-1.24943593e-01
-1.18580397e-01
-1.12101759e-01
-1.05512382e-01
-9.88241942e-02
-9.20426814e-02
-8.51799499e-02
-7.82422623e-02
-7.12417327e-02
-6.41854013e-02
-5.70852517e-02
-4.99490994e-02
-4.27886901e-02
-3.56126037e-02
-2.84322662e-02
-2.12569942e-02
-1.40978324e-02
-6.96478258e-03
1.31541542e-04
7.18053784e-03
1.41720700e-02
2.10950598e-02
2.79399022e-02
3.46952134e-02
4.13519887e-02
4.78987574e-02
5.43272043e-02
6.06260332e-02
6.67877210e-02
7.28014293e-02
7.86605202e-02
8.43548765e-02
8.98787826e-02
9.52230255e-02
1.00382743e-01
1.05349691e-01
1.10119699e-01
1.14685509e-01
1.19043568e-01
1.23187864e-01
1.27115833e-01
1.30823581e-01
1.34310740e-01
1.37577269e-01
1.38021676e-01
-2.11926791e-01
-2.11589429e-01
-2.08453093e-01
-2.05091410e-01
-2.01511823e-01
-1.97719452e-01
-1.93722329e-01
-1.89523895e-01
-1.85131359e-01
-1.80546429e-01
-1.75776074e-01
-1.70821351e-01
-1.65689896e-01
-1.60383026e-01
-1.54909497e-01
-1.49271315e-01
-1.43478389e-01
-1.37533537e-01
-1.31447636e-01
-1.25224318e-01
-1.18875171e-01
-1.12404618e-01
-1.05824711e-01
-9.91406404e-02
-9.23647028e-02
-8.55028506e-02
-7.85674377e-02
-7.15651836e-02
-6.45083493e-02
-5.74044296e-02
-5.02654768e-02
-4.30997654e-02
-3.59190536e-02
-2.87323886e-02
-2.15511735e-02
-1.43852008e-02
-7.24547553e-03
-1.42478703e-04
6.91321877e-03
1.39105414e-02
2.08393921e-02
2.76882423e-02
3.44475231e-02
4.11054479e-02
4.76530562e-02
5.40785541e-02
6.03736978e-02
6.65269836e-02
7.25310104e-02
7.83748781e-02
8.40521315e-02
8.95527394e-02
9.48711998e-02
9.99984722e-02
1.04929835e-01
1.09657152e-01
1.14176135e-01
1.18479382e-01
1.22562817e-01
1.26420006e-01
1.30047734e-01
1.33442163e-01
1.36603486e-01
1.37013150e-01
-2.11544102e-01
-2.11233616e-01
-2.08192119e-01
-2.04915427e-01
-2.01410473e-01
-1.97687169e-01
-1.93751207e-01
-1.89611040e-01
-1.85269452e-01
-1.80733587e-01
-1.76004636e-01
-1.71089882e-01
-1.65990396e-01
-1.60714527e-01
-1.55263982e-01
-1.49648400e-01
-1.43870341e-01
-1.37940572e-01
-1.31862502e-01
-1.25647745e-01
-1.19300503e-01
-1.12832953e-01
-1.06250050e-01
-9.95642860e-02
-9.27813532e-02
-8.59138530e-02
-7.89682199e-02
-7.19569987e-02
-6.48873828e-02
-5.77717346e-02
-5.06180245e-02
-4.34383414e-02
-3.62414450e-02
-2.90390901e-02
-2.18408222e-02
-1.46580242e-02
-7.50100012e-03
-3.80735933e-04
6.69176722e-03
1.37059438e-02
2.06502024e-02
2.75144335e-02
3.42866178e-02
4.09571642e-02
4.75138526e-02
5.39477119e-02
6.02466160e-02
6.64023578e-02
7.24032555e-02
7.82420333e-02
8.39078132e-02
8.93943778e-02
9.46919174e-02
9.97952291e-02
1.04695574e-01
1.09388378e-01
1.13865561e-01
1.18122412e-01
1.22150873e-01
1.25945517e-01
1.29498570e-01
1.32805419e-01
1.35862296e-01
1.36232293e-01
-2.11397324e-01
-2.11117388e-01
-2.08169464e-01
-2.04972226e-01
-2.01538370e-01
-1.97877428e-01
-1.94000450e-01
-1.89912280e-01
-1.85620714e-01
-1.81127310e-01
-1.76438945e-01
-1.71556386e-01
-1.66487398e-01
-1.61233316e-01
-1.55803372e-01
-1.50199860e-01
-1.44433374e-01
-1.38507137e-01
-1.32432773e-01
-1.26214327e-01
-1.19864106e-01
-1.13386897e-01
-1.06795402e-01
-1.00095114e-01
-9.32988966e-02
-8.64129492e-02
-7.94501117e-02
-7.24173100e-02
-6.53272239e-02
-5.81875344e-02
-5.10106632e-02
-4.38050759e-02
-3.65828738e-02
-2.93533273e-02
-2.21281833e-02
-1.49175192e-02
-7.73271296e-03
-5.84621654e-04
6.51575181e-03
1.35568389e-02
2.05280250e-02
2.74171522e-02
3.42140312e-02
4.09061055e-02
4.74836910e-02
5.39341036e-02
6.02483052e-02
6.64138434e-02
7.24225321e-02
7.82625825e-02
8.39269044e-02
8.94048083e-02
9.46904722e-02
9.97745644e-02
1.04652381e-01
1.09315686e-01
1.13760027e-01
1.17977106e-01
1.21960974e-01
1.25701574e-01
1.29190227e-01
1.32415934e-01
1.35371668e-01
1.35695230e-01
-2.11501407e-01
-2.11257050e-01
-2.08397316e-01
-2.05273408e-01
-2.01901634e-01
-1.98298692e-01
-1.94473684e-01
-1.90436180e-01
-1.86188555e-01
-1.81737227e-01
-1.77082477e-01
-1.72231168e-01
-1.67184056e-01
-1.61949742e-01
-1.56530167e-01
-1.50935647e-01
-1.45169243e-01
-1.39242555e-01
-1.33159542e-01
-1.26932648e-01
-1.20566576e-01
-1.14074255e-01
-1.07461060e-01
-1.00740134e-01
-9.39175109e-02
-8.70063427e-02
-8.00133383e-02
-7.29515078e-02
-6.58282732e-02
-5.86563956e-02
-5.14440551e-02
-4.42036968e-02
-3.69443014e-02
-2.96779668e-02
-2.24145039e-02
-1.51656587e-02
-7.94207982e-03
-7.55171827e-04
6.38360634e-03
1.34631800e-02
2.04713563e-02
2.73973969e-02
3.42285174e-02
4.09543621e-02
4.75617835e-02
5.40409218e-02
6.03786010e-02
6.65656642e-02
7.25893645e-02
7.84415631e-02
8.41105101e-02
8.95894681e-02
9.48682556e-02
9.99417935e-02
1.04801696e-01
1.09444143e-01
1.13861669e-01
1.18049726e-01
1.21998869e-01
1.25699823e-01
1.29137224e-01
1.32294963e-01
1.35155335e-01
1.35425630e-01
-2.11880069e-01
-2.11673699e-01
-2.08892778e-01
-2.05827904e-01
-2.02508667e-01
-1.98954028e-01
-1.95178296e-01
-1.91185763e-01
-1.86982331e-01
-1.82567346e-01
-1.77946147e-01
-1.73118433e-01
-1.68091741e-01
-1.62867455e-01
-1.57455426e-01
-1.51858535e-01
-1.46088319e-01
-1.40148726e-01
-1.34052346e-01
-1.27803903e-01
-1.21416580e-01
-1.14895733e-01
-1.08254818e-01
-1.01499785e-01
-9.46441277e-02
-8.76944045e-02
-8.06639777e-02
-7.35600583e-02
-6.63957598e-02
-5.91790019e-02
-5.19225775e-02
-4.46351768e-02
-3.73292411e-02
-3.00142872e-02
-2.27024074e-02
-1.54039863e-02
-8.13079302e-03
-8.94094223e-04
6.29462767e-03
1.34232519e-02
2.04805551e-02
2.74536493e-02
3.43315745e-02
4.11008453e-02
4.77508317e-02
5.42677313e-02
6.06414138e-02
6.68581879e-02
7.29087418e-02
7.87801118e-02
8.44643116e-02
8.99499129e-02
9.52309009e-02
1.00298205e-01
1.05148192e-01
1.09774273e-01
1.14174194e-01
1.18341533e-01
1.22270802e-01
1.25948787e-01
1.29357600e-01
1.32468567e-01
1.35248956e-01
1.35459864e-01
-2.12572657e-01
-2.12400233e-01
-2.09673532e-01
-2.06645599e-01
-2.03361107e-01
-1.99847884e-01
-1.96115334e-01
-1.92168906e-01
-1.88005939e-01
-1.83628867e-01
-1.79035240e-01
-1.74230671e-01
-1.69215506e-01
-1.63998808e-01
-1.58583202e-01
-1.52980100e-01
-1.47193526e-01
-1.41236251e-01
-1.35113143e-01
-1.28837693e-01
-1.22415361e-01
-1.15859961e-01
-1.09177469e-01
-1.02381757e-01
-9.54793251e-02
-8.84839169e-02
-8.14025999e-02
-7.42488623e-02
-6.70304070e-02
-5.97603865e-02
-5.24472179e-02
-4.51036846e-02
-3.77389980e-02
-3.03655796e-02
-2.29935078e-02
-1.56348816e-02
-8.30070085e-03
-1.00280132e-03
6.24687386e-03
1.34366899e-02
2.05537884e-02
2.75866934e-02
3.45217325e-02
4.13475971e-02
4.80500057e-02
5.46179200e-02
6.10368027e-02
6.72961448e-02
7.33817242e-02
7.92840678e-02
8.49901525e-02
9.04923965e-02
9.57802268e-02
1.00849107e-01
1.05692224e-01
1.10308773e-01
1.14695532e-01
1.18853014e-01
1.22775935e-01
1.26455349e-01
1.29867253e-01
1.32971436e-01
1.35705358e-01
1.35860878e-01
-2.13654873e-01
-2.13484320e-01
-2.10759221e-01
-2.07726537e-01
-2.04457004e-01
-2.00975731e-01
-1.97288471e-01
-1.93387849e-01
-1.89270118e-01
-1.84928061e-01
-1.80363509e-01
-1.75574708e-01
-1.70569319e-01
-1.65349524e-01
-1.59926539e-01
-1.54304585e-01
-1.48496694e-01
-1.42508058e-01
-1.36352566e-01
-1.30035943e-01
-1.23572436e-01
-1.16968182e-01
-1.10237490e-01
-1.03386907e-01
-9.64306058e-02
-8.93755984e-02
-8.22357809e-02
-7.50187038e-02
-6.77379008e-02
-6.04015536e-02
-5.30227953e-02
-4.56105398e-02
-3.81775288e-02
-3.07335094e-02
-2.32908812e-02
-1.58603166e-02
-8.45395264e-03
-1.08345712e-03
6.23920081e-03
1.35013265e-02
2.06910295e-02
2.77946171e-02
3.48002233e-02
4.16932751e-02
4.84619521e-02
5.50910512e-02
6.15689546e-02
6.78802844e-02
7.40140234e-02
7.99554112e-02
8.56948573e-02
9.12195722e-02
9.65228988e-02
1.01596124e-01
1.06437687e-01
1.11045244e-01
1.15423565e-01
1.19575838e-01
1.23507619e-01
1.27214430e-01
1.30677169e-01
1.33841842e-01
1.36606126e-01
1.36743384e-01
-2.15278616e-01
-2.14994594e-01
-2.12154902e-01
-2.09055463e-01
-2.05777532e-01
-2.02330472e-01
-1.98694517e-01
-1.94851123e-01
-1.90781774e-01
-1.86480213e-01
-1.81940192e-01
-1.77166740e-01
-1.72161207e-01
-1.66934557e-01
-1.61491425e-01
-1.55845305e-01
-1.50001993e-01
-1.43975954e-01
-1.37773404e-01
-1.31409141e-01
-1.24889634e-01
-1.18229709e-01
-1.11436103e-01
-1.04523474e-01
-9.74988896e-02
-9.03767006e-02
-8.31643914e-02
-7.58759107e-02
-6.85192644e-02
-6.11079550e-02
-5.36506278e-02
-4.61603466e-02
-3.86465226e-02
-3.11218363e-02
-2.35965904e-02
-1.60831779e-02
-8.59290775e-03
-1.13800894e-03
6.26911403e-03
1.36162634e-02
2.08898956e-02
2.80777271e-02
3.51651035e-02
4.21395910e-02
4.89855608e-02
5.56904677e-02
6.22380140e-02
6.86157743e-02
7.48073727e-02
8.08011122e-02
8.65816817e-02
9.21394903e-02
9.74625009e-02
1.02545987e-01
1.07384986e-01
1.11983864e-01
1.16349098e-01
1.20496668e-01
1.24442609e-01
1.28202959e-01
1.31774171e-01
1.35110353e-01
1.38067399e-01
1.38329980e-01
-2.17762756e-01
-2.16996888e-01
-2.13818840e-01
-2.10575014e-01
-2.07287204e-01
-2.03893908e-01
-2.00335688e-01
-1.96565396e-01
-1.92558321e-01
-1.88298224e-01
-1.83784944e-01
-1.79018238e-01
-1.74008859e-01
-1.68762330e-01
-1.63293086e-01
-1.57608048e-01
-1.51722604e-01
-1.45643811e-01
-1.39387211e-01
-1.32959836e-01
-1.26377144e-01
-1.19646226e-01
-1.12782307e-01
-1.05792643e-01
-9.86921030e-02
-9.14882125e-02
-8.41953839e-02
-7.68215293e-02
-6.93805540e-02
-6.18808876e-02
-5.43359319e-02
-4.67547800e-02
-3.91503875e-02
-3.15326662e-02
-2.39142323e-02
-1.63059714e-02
-8.72030728e-03
-1.16924135e-03
6.33482283e-03
1.37786557e-02
2.11496991e-02
2.84334357e-02
3.56170061e-02
4.26846295e-02
4.96230690e-02
5.64154330e-02
6.30481631e-02
6.95036154e-02
7.57682261e-02
8.18243593e-02
8.76593579e-02
9.32572963e-02
9.86087746e-02
1.03703387e-01
1.08540201e-01
1.13121562e-01
1.17463542e-01
1.21590194e-01
1.25540758e-01
1.29359822e-01
1.33092515e-01
1.36749750e-01
1.40220109e-01
1.41062040e-01
-2.21757763e-01
-2.19422851e-01
-2.15568326e-01
-2.12164054e-01
-2.08926270e-01
-2.05652308e-01
-2.02216836e-01
-1.98551916e-01
-1.94619139e-01
-1.90407883e-01
-1.85914942e-01
-1.81151229e-01
-1.76124308e-01
-1.70850684e-01
-1.65339457e-01
-1.59607647e-01
-1.53663742e-01
-1.47524361e-01
-1.41197418e-01
-1.34699154e-01
-1.28037223e-01
-1.21227509e-01
-1.14277621e-01
-1.07203014e-01
-1.00011393e-01
-9.27176902e-02
-8.53298360e-02
-7.78621823e-02
-7.03230256e-02
-6.27261318e-02
-5.50803257e-02
-4.73988419e-02
-3.96912121e-02
-3.19702522e-02
-2.42463907e-02
-1.65321883e-02
-8.83916001e-03
-1.17981560e-03
6.43306766e-03
1.39868054e-02
2.14672157e-02
2.88612185e-02
3.61531458e-02
4.33293406e-02
5.03726622e-02
5.72687794e-02
6.39992306e-02
7.05490607e-02
7.68988651e-02
8.30334331e-02
8.89333449e-02
9.45844529e-02
9.99699159e-02
1.05080736e-01
1.09909505e-01
1.14462425e-01
1.18755694e-01
1.22828145e-01
1.26738585e-01
1.30575806e-01
1.34458567e-01
1.38553202e-01
1.43043387e-01
1.45799710e-01
-2.37079150e-01
-2.42350021e-01
-2.46156204e-01
-2.48683876e-01
-2.49569949e-01
-2.48869641e-01
-2.46790634e-01
-2.43575212e-01
-2.39452966e-01
-2.34604047e-01
-2.29168151e-01
-2.23237888e-01
-2.16884215e-01
-2.10150389e-01
-2.03076017e-01
-1.95684801e-01
-1.88005366e-01
-1.80054776e-01
-1.71857838e-01
-1.63428974e-01
-1.54790915e-01
-1.45956436e-01
-1.36946425e-01
-1.27772315e-01
-1.18453135e-01
-1.08999211e-01
-9.94277603e-02
-8.97483153e-02
-7.99764444e-02
-7.01212837e-02
-6.01970424e-02
-5.02129373e-02
-4.01822260e-02
-3.01147512e-02
-2.00233415e-02
-9.91907312e-03
1.85022973e-04
1.02759749e-02
2.03398192e-02
3.03609869e-02
4.03237780e-02
5.02093164e-02
5.99993346e-02
6.96709839e-02
7.92026370e-02
8.85669103e-02
9.77381036e-02
1.06683798e-01
1.15373385e-01
1.23768438e-01
1.31831382e-01
1.39514299e-01
1.46766072e-01
1.53518580e-01
1.59690333e-01
1.65169760e-01
1.69816199e-01
1.73446226e-01
1.75843988e-01
1.76772170e-01
1.76020563e-01
1.73491001e-01
1.69470596e-01
1.63789075e-01
-2.22503236e-01
-2.20075302e-01
-2.15968948e-01
-2.12254834e-01
-2.08745960e-01
-2.05285693e-01
-2.01758119e-01
-1.98083358e-01
-1.94202879e-01
-1.90086036e-01
-1.85713323e-01
-1.81083679e-01
-1.76196374e-01
-1.71062251e-01
-1.65686523e-01
-1.60083441e-01
-1.54259465e-01
-1.48229658e-01
-1.42000736e-01
-1.35587999e-01
-1.28998380e-01
-1.22247201e-01
-1.15341656e-01
-1.08296879e-01
-1.01120347e-01
-9.38268088e-02
-8.64240527e-02
-7.89262965e-02
-7.13417099e-02
-6.36839146e-02
-5.59615761e-02
-4.81877439e-02
-4.03717434e-02
-3.25261670e-02
-2.46612092e-02
-1.67892089e-02
-8.92147950e-03
-1.07039216e-03
6.75133989e-03
1.45309580e-02
2.22540518e-02
2.99070734e-02
3.74736280e-02
4.49389686e-02
5.22844794e-02
5.94938521e-02
6.65461243e-02
7.34231894e-02
8.01018138e-02
8.65621238e-02
9.27791187e-02
9.87318772e-02
1.04395308e-01
1.09750123e-01
1.14775977e-01
1.19462754e-01
1.23806703e-01
1.27823953e-01
1.31551362e-01
1.35063983e-01
1.38487175e-01
1.42030034e-01
1.45974836e-01
1.48426255e-01
-2.19725977e-01
-2.19103591e-01
-2.15994830e-01
-2.12724070e-01
-2.09384084e-01
-2.05957018e-01
-2.02402242e-01
-1.98674134e-01
-1.94740318e-01
-1.90573870e-01
-1.86164346e-01
-1.81503130e-01
-1.76594674e-01
-1.71440060e-01
-1.66050631e-01
-1.60431255e-01
-1.54595919e-01
-1.48550811e-01
-1.42310904e-01
-1.35882946e-01
-1.29282245e-01
-1.22515902e-01
-1.15599193e-01
-1.08539503e-01
-1.01351809e-01
-9.40437672e-02
-8.66298604e-02
-7.91180506e-02
-7.15222168e-02
-6.38507167e-02
-5.61168052e-02
-4.83293777e-02
-4.05011384e-02
-3.26417122e-02
-2.47634185e-02
-1.68768486e-02
-8.99419169e-03
-1.12728257e-03
6.71148452e-03
1.45087242e-02
2.22514367e-02
2.99243676e-02
3.75134759e-02
4.50013437e-02
5.23724707e-02
5.96070672e-02
6.66878598e-02
7.35926716e-02
8.03024007e-02
8.67928676e-02
9.30436600e-02
9.90298476e-02
1.04731513e-01
1.10126119e-01
1.15198750e-01
1.19936065e-01
1.24337298e-01
1.28410373e-01
1.32182719e-01
1.35697632e-01
1.39017680e-01
1.42198481e-01
1.45205478e-01
1.45815880e-01
-2.18738642e-01
-2.18735287e-01
-2.16190623e-01
-2.13281511e-01
-2.10134731e-01
-2.06793298e-01
-2.03257004e-01
-1.99514943e-01
-1.95548508e-01
-1.91347419e-01
-1.86900281e-01
-1.82207253e-01
-1.77265830e-01
-1.72084140e-01
-1.66664997e-01
-1.61020783e-01
-1.55156816e-01
-1.49087440e-01
-1.42819101e-01
-1.36366957e-01
-1.29738018e-01
-1.22947646e-01
-1.16003185e-01
-1.08919817e-01
-1.01705126e-01
-9.43738549e-02
-8.69338201e-02
-7.93991588e-02
-7.17779803e-02
-6.40837514e-02
-5.63249910e-02
-4.85145269e-02
-4.06614597e-02
-3.27781048e-02
-2.48743667e-02
-1.69622678e-02
-9.05278553e-03
-1.15795895e-03
6.70985136e-03
1.45381989e-02
2.23129985e-02
3.00209436e-02
3.76458766e-02
4.51731569e-02
5.25842508e-02
5.98627645e-02
6.69876259e-02
7.39404619e-02
8.06978190e-02
8.72395649e-02
9.35406763e-02
9.95803898e-02
1.05334182e-01
1.10783470e-01
1.15908443e-01
1.20698062e-01
1.25144085e-01
1.29250357e-01
1.33026653e-01
1.36492808e-01
1.39663763e-01
1.42529494e-01
1.44997393e-01
1.44983686e-01
-2.18816365e-01
-2.19025900e-01
-2.16770130e-01
-2.14099198e-01
-2.11112141e-01
-2.07858039e-01
-2.04359419e-01
-2.00618479e-01
-1.96635364e-01
-1.92403306e-01
-1.87922837e-01
-1.83190520e-01
-1.78212485e-01
-1.72989977e-01
-1.67533776e-01
-1.61848264e-01
-1.55946969e-01
-1.49835961e-01
-1.43530133e-01
-1.37036405e-01
-1.30370180e-01
-1.23538812e-01
-1.16557681e-01
-1.09434373e-01
-1.02183896e-01
-9.48139998e-02
-8.73390953e-02
-7.97671173e-02
-7.21117659e-02
-6.43812503e-02
-5.65885479e-02
-4.87422931e-02
-4.08548268e-02
-3.29354136e-02
-2.49959403e-02
-1.70465577e-02
-9.09897652e-03
-1.16453991e-03
6.74484634e-03
1.46162934e-02
2.24372446e-02
3.01928773e-02
3.78694678e-02
4.54498700e-02
5.29186725e-02
6.02560882e-02
6.74446040e-02
7.44616919e-02
8.12876347e-02
8.78975419e-02
9.42700473e-02
1.00379181e-01
1.06203661e-01
1.11719186e-01
1.16907999e-01
1.21751972e-01
1.26241691e-01
1.30369819e-01
1.34137401e-01
1.37544295e-01
1.40586543e-01
1.43236301e-01
1.45425257e-01
1.45193177e-01
-2.19598387e-01
-2.19894199e-01
-2.17786197e-01
-2.15263496e-01
-2.12389101e-01
-2.09207880e-01
-2.05742960e-01
-2.02009354e-01
-1.98010348e-01
-1.93751568e-01
-1.89232229e-01
-1.84458790e-01
-1.79432374e-01
-1.74162879e-01
-1.68654150e-01
-1.62919010e-01
-1.56963247e-01
-1.50801464e-01
-1.44440553e-01
-1.37895944e-01
-1.31175079e-01
-1.24293545e-01
-1.17259026e-01
-1.10086819e-01
-1.02784706e-01
-9.53674007e-02
-8.78427585e-02
-8.02247455e-02
-7.25213480e-02
-6.47457291e-02
-5.69061343e-02
-4.90149695e-02
-4.10809258e-02
-3.31157951e-02
-2.51289544e-02
-1.71318237e-02
-9.13476050e-03
-1.14915473e-03
6.81330282e-03
1.47408090e-02
2.26199297e-02
3.04379121e-02
3.81791251e-02
4.58292679e-02
5.33700602e-02
6.07850706e-02
6.80530251e-02
7.51549514e-02
8.20665500e-02
8.87663473e-02
9.52276413e-02
1.01427366e-01
1.07338155e-01
1.12937597e-01
1.18200866e-01
1.23109836e-01
1.27646278e-01
1.31799586e-01
1.35559362e-01
1.38919129e-01
1.41865957e-01
1.44378536e-01
1.46418590e-01
1.46091557e-01
-2.20915827e-01
-2.21265818e-01
-2.19242295e-01
-2.16810402e-01
-2.14012733e-01
-2.10881287e-01
-2.07441831e-01
-2.03707952e-01
-1.99692492e-01
-1.95399956e-01
-1.90839450e-01
-1.86013810e-01
-1.80933283e-01
-1.75602024e-01
-1.70032615e-01
-1.64230902e-01
-1.58211349e-01
-1.51980989e-01
-1.45555338e-01
-1.38942063e-01
-1.32157004e-01
-1.25208073e-01
-1.18110903e-01
-1.10873434e-01
-1.03510734e-01
-9.60306930e-02
-8.84475934e-02
-8.07693060e-02
-7.30092274e-02
-6.51753118e-02
-5.72800793e-02
-4.93317345e-02
-4.13420261e-02
-3.33196319e-02
-2.52757323e-02
-1.72197564e-02
-9.16262135e-03
-1.11484839e-03
6.91249346e-03
1.49073783e-02
2.28580539e-02
3.07505009e-02
3.85716431e-02
4.63049188e-02
5.39352175e-02
6.14428876e-02
6.88101105e-02
7.60137465e-02
8.30328452e-02
8.98408078e-02
9.64137412e-02
1.02722468e-01
1.08741436e-01
1.14441093e-01
1.19796972e-01
1.24782739e-01
1.29378734e-01
1.33565390e-01
1.37329820e-01
1.40658667e-01
1.43541531e-01
1.45964376e-01
1.47914140e-01
1.47519361e-01
-2.22692448e-01
-2.23097417e-01
-2.21130684e-01
-2.18759227e-01
-2.16009921e-01
-2.12910557e-01
-2.09480748e-01
-2.05739261e-01
-2.01696374e-01
-1.97365057e-01
-1.92751299e-01
-1.87866929e-01
-1.82717447e-01
-1.77315907e-01
-1.71668778e-01
-1.65790722e-01
-1.59689231e-01
-1.53380077e-01
-1.46871366e-01
-1.40179305e-01
-1.33312208e-01
-1.26286137e-01
-1.19109349e-01
-1.11797339e-01
-1.04358184e-01
-9.68065458e-02
-8.91503117e-02
-8.14031744e-02
-7.35729148e-02
-6.56722278e-02
-5.77089381e-02
-4.96948136e-02
-4.16379285e-02
-3.35492883e-02
-2.54374764e-02
-1.73129991e-02
-9.18526960e-03
-1.06466976e-03
7.03816052e-03
1.51124614e-02
2.31458733e-02
3.11266144e-02
3.90400052e-02
4.68724601e-02
5.46062901e-02
6.22252360e-02
6.97079047e-02
7.70345498e-02
8.41795776e-02
9.11192897e-02
9.78239726e-02
1.04266340e-01
1.10413767e-01
1.16237167e-01
1.21703865e-01
1.26786504e-01
1.31456744e-01
1.35693361e-01
1.39476412e-01
1.42793428e-01
1.45633983e-01
1.47994467e-01
1.49875637e-01
1.49409721e-01
-2.24899121e-01
-2.25368757e-01
-2.23450453e-01
-2.21121345e-01
-2.18403807e-01
-2.15318173e-01
-2.11886022e-01
-2.08122092e-01
-2.04043076e-01
-1.99658689e-01
-1.94983149e-01
-1.90024197e-01
-1.84796092e-01
-1.79306601e-01
-1.73571062e-01
-1.67597867e-01
-1.61403337e-01
-1.54996329e-01
-1.48393608e-01
-1.41604138e-01
-1.34644551e-01
-1.27523630e-01
-1.20257412e-01
-1.12854337e-01
-1.05329545e-01
-9.76910962e-02
-8.99530599e-02
-8.21231825e-02
-7.42144081e-02
-6.62343062e-02
-5.81947368e-02
-5.01032857e-02
-4.19708594e-02
-3.38053014e-02
-2.56167866e-02
-1.74137125e-02
-9.20584859e-03
-1.00251516e-03
7.18647004e-03
1.53503939e-02
2.34787800e-02
3.15589186e-02
3.95788806e-02
4.75231990e-02
5.53775120e-02
6.31226980e-02
7.07408604e-02
7.82083019e-02
8.55025665e-02
9.25947282e-02
9.94572417e-02
1.06056113e-01
1.12359364e-01
1.18329704e-01
1.23933409e-01
1.29134001e-01
1.33901125e-01
1.38205307e-01
1.42025932e-01
1.45346704e-01
1.48161861e-01
1.50472454e-01
1.52290713e-01
1.51739285e-01
-2.27529848e-01
-2.28078140e-01
-2.26206479e-01
-2.23912392e-01
-2.21212719e-01
-2.18128853e-01
-2.14678200e-01
-2.10880349e-01
-2.06748669e-01
-2.02300096e-01
-1.97545203e-01
-1.92500068e-01
-1.87174397e-01
-1.81584730e-01
-1.75740877e-01
-1.69660096e-01
-1.63352398e-01
-1.56835386e-01
-1.50118999e-01
-1.43220651e-01
-1.36149915e-01
-1.28923537e-01
-1.21550545e-01
-1.14046682e-01
-1.06420372e-01
-9.86861659e-02
-9.08519381e-02
-8.29309697e-02
-7.49307194e-02
-6.68632215e-02
-5.87357055e-02
-5.05590637e-02
-4.23405250e-02
-3.40900248e-02
-2.58150645e-02
-1.75248990e-02
-9.22763589e-03
-9.32241783e-04
7.35214231e-03
1.56162908e-02
2.38494626e-02
3.20414227e-02
4.01790702e-02
4.82501606e-02
5.62382400e-02
6.41277911e-02
7.18977991e-02
7.95280316e-02
8.69916542e-02
9.42623878e-02
1.01306709e-01
1.08091713e-01
1.14577568e-01
1.20726018e-01
1.26493822e-01
1.31841820e-01
1.36729864e-01
1.41125943e-01
1.45002408e-01
1.48343934e-01
1.51144163e-01
1.53410960e-01
1.55162231e-01
1.54507513e-01
-2.30593210e-01
-2.31234594e-01
-2.29413765e-01
-2.27149639e-01
-2.24460370e-01
-2.21364306e-01
-2.17883141e-01
-2.14033743e-01
-2.09835989e-01
-2.05303754e-01
-2.00455465e-01
-1.95303363e-01
-1.89865714e-01
-1.84154298e-01
-1.78187758e-01
-1.71977730e-01
-1.65543026e-01
-1.58894958e-01
-1.52052012e-01
-1.45024889e-01
-1.37831269e-01
-1.30481042e-01
-1.22990732e-01
-1.15369354e-01
-1.07632073e-01
-9.97870810e-02
-9.18481033e-02
-8.38226502e-02
-7.57230227e-02
-6.75562400e-02
-5.93332714e-02
-5.10608710e-02
-4.27488343e-02
-3.44039060e-02
-2.60349394e-02
-1.76489691e-02
-9.25423390e-03
-8.58431681e-04
7.53034818e-03
1.59032447e-02
2.42516553e-02
3.25648576e-02
4.08327984e-02
4.90419122e-02
5.71794061e-02
6.52275371e-02
7.31690983e-02
8.09805023e-02
8.86381863e-02
9.61109663e-02
1.03367171e-01
1.10366901e-01
1.17069880e-01
1.23428463e-01
1.29396370e-01
1.34923358e-01
1.39964849e-01
1.44478621e-01
1.48434414e-01
1.51811640e-01
1.54606708e-01
1.56829508e-01
1.58505453e-01
1.57725846e-01
-2.34106134e-01
-2.34857834e-01
-2.33093094e-01
-2.30858821e-01
-2.28171298e-01
-2.25053116e-01
-2.21524568e-01
-2.17608941e-01
-2.13324131e-01
-2.08691640e-01
-2.03726967e-01
-1.98450722e-01
-1.92877265e-01
-1.87027135e-01
-1.80914136e-01
-1.74558727e-01
-1.67974075e-01
-1.61180111e-01
-1.54189076e-01
-1.47019881e-01
-1.39683624e-01
-1.32197835e-01
-1.24572400e-01
-1.16823264e-01
-1.08959163e-01
-1.00994393e-01
-9.29366985e-02
-8.47987499e-02
-7.65875155e-02
-6.83141361e-02
-5.99850395e-02
-5.16099831e-02
-4.31951059e-02
-3.47489797e-02
-2.62777266e-02
-1.77890013e-02
-9.28922838e-03
-7.85521888e-04
7.71497361e-03
1.62051372e-02
2.46765108e-02
3.31211567e-02
4.15284229e-02
4.98883622e-02
5.81868288e-02
6.64101626e-02
7.45388887e-02
8.25533573e-02
9.04264144e-02
9.81297484e-02
1.05626073e-01
1.12876118e-01
1.19831156e-01
1.26440910e-01
1.32647578e-01
1.38395172e-01
1.43626119e-01
1.48291923e-01
1.52352037e-01
1.55783758e-01
1.58580628e-01
1.60757412e-01
1.62344212e-01
1.61414651e-01
-2.38093872e-01
-2.38974652e-01
-2.37275192e-01
-2.35069993e-01
-2.32378941e-01
-2.29224646e-01
-2.25634222e-01
-2.21630705e-01
-2.17239935e-01
-2.12481858e-01
-2.07380404e-01
-2.01953353e-01
-1.96223815e-01
-1.90208407e-01
-1.83929781e-01
-1.77403522e-01
-1.70651476e-01
-1.63687920e-01
-1.56533384e-01
-1.49200589e-01
-1.41708372e-01
-1.34067818e-01
-1.26295876e-01
-1.18402084e-01
-1.10401464e-01
-1.02302201e-01
-9.41174499e-02
-8.58542982e-02
-7.75241537e-02
-6.91332721e-02
-6.06914699e-02
-5.22044348e-02
-4.36805741e-02
-3.51252669e-02
-2.65457331e-02
-1.79473179e-02
-9.33634787e-03
-7.18468200e-04
7.90046484e-03
1.65140386e-02
2.51162229e-02
3.36991206e-02
4.22555252e-02
5.07749213e-02
5.92473779e-02
6.76580010e-02
7.59918311e-02
8.42270170e-02
9.23403981e-02
1.00299798e-01
1.08070114e-01
1.15605414e-01
1.22855729e-01
1.29760141e-01
1.36255046e-01
1.42269897e-01
1.47737841e-01
1.52595101e-01
1.56793123e-01
1.60299575e-01
1.63107462e-01
1.65232277e-01
1.66712240e-01
1.65600844e-01
-2.42588320e-01
-2.43621760e-01
-2.41997699e-01
-2.39823959e-01
-2.37120827e-01
-2.33918002e-01
-2.30244545e-01
-2.26132444e-01
-2.21608079e-01
-2.16700424e-01
-2.11432104e-01
-2.05829880e-01
-1.99914095e-01
-1.93710321e-01
-1.87237265e-01
-1.80519277e-01
-1.73573276e-01
-1.66421901e-01
-1.59080005e-01
-1.51568113e-01
-1.43898917e-01
-1.36090646e-01
-1.28153948e-01
-1.20104761e-01
-1.11951945e-01
-1.03709268e-01
-9.53841157e-02
-8.69882601e-02
-7.85279384e-02
-7.00131149e-02
-6.14491761e-02
-5.28444687e-02
-4.42037951e-02
-3.55340811e-02
-2.68397916e-02
-1.81266589e-02
-9.39907326e-03
-6.61879670e-04
8.08026512e-03
1.68229362e-02
2.55606847e-02
3.42887459e-02
4.29999986e-02
5.16880805e-02
6.03427100e-02
6.89538760e-02
7.75057045e-02
8.59813468e-02
9.43556400e-02
1.02600374e-01
1.10676195e-01
1.18538227e-01
1.26128180e-01
1.33380997e-01
1.40219029e-01
1.46561295e-01
1.52322043e-01
1.57423730e-01
1.61800081e-01
1.65409757e-01
1.68238375e-01
1.70304502e-01
1.71652836e-01
1.70319192e-01
-2.47630588e-01
-2.48844695e-01
-2.47310625e-01
-2.45169139e-01
-2.42446501e-01
-2.39176347e-01
-2.35398284e-01
-2.31147852e-01
-2.26461949e-01
-2.21370536e-01
-2.15905965e-01
-2.10093800e-01
-2.03963663e-01
-1.97538350e-01
-1.90845501e-01
-1.83905438e-01
-1.76743537e-01
-1.69377410e-01
-1.61829763e-01
-1.54115385e-01
-1.46254143e-01
-1.38258158e-01
-1.30144525e-01
-1.21923036e-01
-1.13608222e-01
-1.05207959e-01
-9.67344790e-02
-8.81941495e-02
-7.95971576e-02
-7.09487261e-02
-6.22572250e-02
-5.35270303e-02
-4.47648921e-02
-3.59745824e-02
-2.71614163e-02
-1.83287744e-02
-9.48074791e-03
-6.20558496e-04
8.24862379e-03
1.71233979e-02
2.60010087e-02
3.48772833e-02
4.37489829e-02
5.26100687e-02
6.14552180e-02
7.02745399e-02
7.90578571e-02
8.77880024e-02
9.64454251e-02
1.05000277e-01
1.13417037e-01
1.21645940e-01
1.29627898e-01
1.37286793e-01
1.44536280e-01
1.51275961e-01
1.57402883e-01
1.62814556e-01
1.67425627e-01
1.71175151e-01
1.74040667e-01
1.76038514e-01
1.77223394e-01
1.75613028e-01
-2.53271536e-01
-2.54702737e-01
-2.53275394e-01
-2.51168951e-01
-2.48413853e-01
-2.45055786e-01
-2.41141856e-01
-2.36720903e-01
-2.31834347e-01
-2.26523581e-01
-2.20822060e-01
-2.14765404e-01
-2.08381996e-01
-2.01703922e-01
-1.94755918e-01
-1.87566934e-01
-1.80158130e-01
-1.72555028e-01
-1.64775127e-01
-1.56840380e-01
-1.48764828e-01
-1.40567009e-01
-1.32257955e-01
-1.23853128e-01
-1.15361097e-01
-1.06794644e-01
-9.81604106e-02
-8.94688634e-02
-8.07251784e-02
-7.19378038e-02
-6.31108137e-02
-5.42508666e-02
-4.53612007e-02
-3.64468569e-02
-2.75104285e-02
-1.85554841e-02
-9.58412464e-03
-5.98615968e-04
8.39925450e-03
1.74082470e-02
2.64265682e-02
3.54534704e-02
4.44864906e-02
5.35243118e-02
6.25624306e-02
7.15969007e-02
8.06184891e-02
8.96168049e-02
9.85729730e-02
1.07463601e-01
1.16252106e-01
1.24892251e-01
1.33318918e-01
1.41452108e-01
1.49189768e-01
1.56415529e-01
1.62998533e-01
1.68809301e-01
1.73729505e-01
1.77673620e-01
1.80599718e-01
1.82520788e-01
1.83499259e-01
1.81538800e-01
-2.59576583e-01
-2.61270620e-01
-2.59972403e-01
-2.57900801e-01
-2.55097810e-01
-2.51620843e-01
-2.47534684e-01
-2.42898172e-01
-2.37767563e-01
-2.32188967e-01
-2.26207533e-01
-2.19859807e-01
-2.13184178e-01
-2.06211271e-01
-1.98974775e-01
-1.91500434e-01
-1.83817424e-01
-1.75946721e-01
-1.67912953e-01
-1.59732613e-01
-1.51426057e-01
-1.43005896e-01
-1.34488729e-01
-1.25884025e-01
-1.17205208e-01
-1.08459321e-01
-9.96571394e-02
-9.08038828e-02
-8.19080949e-02
-7.29736354e-02
-6.40071101e-02
-5.50113413e-02
-4.59911885e-02
-3.69486364e-02
-2.78869125e-02
-1.88072719e-02
-9.71138559e-03
-5.99841175e-04
8.52715264e-03
1.76695814e-02
2.68284822e-02
3.60041433e-02
4.51983105e-02
5.44108480e-02
6.36429678e-02
7.28923905e-02
8.21571204e-02
9.14290496e-02
1.00697620e-01
1.09941711e-01
1.19132456e-01
1.28223424e-01
1.37152431e-01
1.45831323e-01
1.54148928e-01
1.61965185e-01
1.69121489e-01
1.75447103e-01
1.80782805e-01
1.85000228e-01
1.88028743e-01
1.89866549e-01
1.90584160e-01
1.88171991e-01
-2.66629656e-01
-2.68646905e-01
-2.67503571e-01
-2.65465555e-01
-2.62588707e-01
-2.58953687e-01
-2.54643491e-01
-2.49738125e-01
-2.44304561e-01
-2.38403923e-01
-2.32085570e-01
-2.25397445e-01
-2.18378406e-01
-2.11068628e-01
-2.03499861e-01
-1.95706077e-01
-1.87712718e-01
-1.79547852e-01
-1.71231096e-01
-1.62785080e-01
-1.54224408e-01
-1.45567042e-01
-1.36823572e-01
-1.28008145e-01
-1.19128305e-01
-1.10195138e-01
-1.01213953e-01
-9.21933605e-02
-8.31370432e-02
-7.40515376e-02
-6.49393127e-02
-5.58050775e-02
-4.66503271e-02
-3.74780607e-02
-2.82888985e-02
-1.90841532e-02
-9.86356255e-03
-6.26721249e-04
8.62758110e-03
1.79014932e-02
2.71972117e-02
3.65185265e-02
4.58684533e-02
5.52519372e-02
6.46720605e-02
7.41335035e-02
8.36372775e-02
9.31843137e-02
1.02768455e-01
1.12379232e-01
1.21992605e-01
1.31571860e-01
1.41055902e-01
1.50358384e-01
1.59355973e-01
1.67890366e-01
1.75765344e-01
1.82763092e-01
1.88662224e-01
1.93274304e-01
1.96475279e-01
1.98235197e-01
1.98623531e-01
1.95620516e-01
-2.74543074e-01
-2.76961280e-01
-2.76004194e-01
-2.73990214e-01
-2.71002511e-01
-2.67151109e-01
-2.62551172e-01
-2.57303801e-01
-2.51497583e-01
-2.45203298e-01
-2.38484396e-01
-2.31392027e-01
-2.23975654e-01
-2.16275137e-01
-2.08330839e-01
-2.00173992e-01
-1.91837115e-01
-1.83343790e-01
-1.74719513e-01
-1.65981352e-01
-1.57148904e-01
-1.48234095e-01
-1.39251856e-01
-1.30210296e-01
-1.21120759e-01
-1.11988635e-01
-1.02822505e-01
-9.36258500e-02
-8.44050485e-02
-7.51622118e-02
-6.59018536e-02
-5.66250261e-02
-4.73345302e-02
-3.80304817e-02
-2.87139779e-02
-1.93841644e-02
-1.00403315e-02
-6.80494817e-04
8.69804526e-03
1.80986476e-02
2.75262094e-02
3.69857078e-02
4.64843389e-02
5.60287337e-02
6.56280612e-02
7.52899256e-02
8.50239342e-02
9.48360743e-02
1.04731869e-01
1.14708595e-01
1.24756579e-01
1.34848088e-01
1.44935073e-01
1.54934205e-01
1.64721766e-01
1.74119597e-01
1.82896823e-01
1.90773247e-01
1.97448161e-01
2.02638534e-01
2.06135310e-01
2.07847616e-01
2.07829173e-01
2.04046100e-01
-2.83470137e-01
-2.86391063e-01
-2.85652438e-01
-2.83641381e-01
-2.80481983e-01
-2.76333818e-01
-2.71351268e-01
-2.65670118e-01
-2.59398465e-01
-2.52626507e-01
-2.45425131e-01
-2.37857946e-01
-2.29976228e-01
-2.21829088e-01
-2.13455357e-01
-2.04893370e-01
-1.96171749e-01
-1.87319597e-01
-1.78357002e-01
-1.69305495e-01
-1.60178539e-01
-1.50991863e-01
-1.41754137e-01
-1.32476832e-01
-1.23165322e-01
-1.13827976e-01
-1.04467955e-01
-9.50913062e-02
-8.56996900e-02
-7.62972915e-02
-6.68846810e-02
-5.74643979e-02
-4.80360917e-02
-3.86006816e-02
-2.91568701e-02
-1.97038253e-02
-1.02391046e-02
-7.59858080e-04
8.73785768e-03
1.82593022e-02
2.78104126e-02
3.73993395e-02
4.70345779e-02
5.67276222e-02
6.64899410e-02
7.63364158e-02
8.62811036e-02
9.63408221e-02
1.06529253e-01
1.16859385e-01
1.27334657e-01
1.37947856e-01
1.48666883e-01
1.59427182e-01
1.70110954e-01
1.80535123e-01
1.90433664e-01
1.99460949e-01
2.07208763e-01
2.13260370e-01
2.17263453e-01
2.19014720e-01
2.18513873e-01
2.13702774e-01
-2.93628907e-01
-2.97181681e-01
-2.96690519e-01
-2.94633989e-01
-2.91208497e-01
-2.86643531e-01
-2.81153889e-01
-2.74914011e-01
-2.68062423e-01
-2.60704023e-01
-2.52925496e-01
-2.44795131e-01
-2.36374436e-01
-2.27712411e-01
-2.18855047e-01
-2.09837375e-01
-2.00693028e-01
-1.91445744e-01
-1.82119287e-01
-1.72728797e-01
-1.63290723e-01
-1.53814170e-01
-1.44310473e-01
-1.34784758e-01
-1.25244869e-01
-1.15693406e-01
-1.06135787e-01
-9.65730189e-02
-8.70087166e-02
-7.74428271e-02
-6.78774616e-02
-5.83117401e-02
-4.87463293e-02
-3.91795236e-02
-2.96104168e-02
-2.00362786e-02
-1.04543324e-02
-8.60429420e-04
8.75055097e-03
1.83847806e-02
2.80503977e-02
3.77564358e-02
4.75149413e-02
5.73388732e-02
6.72452308e-02
7.72520075e-02
8.73819668e-02
9.76585166e-02
1.08109315e-01
1.18760233e-01
1.29636807e-01
1.40753769e-01
1.52110106e-01
1.63669250e-01
1.75342209e-01
1.86955895e-01
1.98229056e-01
2.08748994e-01
2.17981861e-01
2.25319835e-01
2.30186662e-01
2.32170486e-01
2.31145804e-01
2.24997235e-01
-3.05337942e-01
-3.09683252e-01
-3.09448337e-01
-3.07250893e-01
-3.03404256e-01
-2.98247880e-01
-2.92074477e-01
-2.85112916e-01
-2.77530544e-01
-2.69454480e-01
-2.60980132e-01
-2.52187363e-01
-2.43139063e-01
-2.33891335e-01
-2.24487307e-01
-2.14966214e-01
-2.05356076e-01
-1.95683113e-01
-1.85964121e-01
-1.76215996e-01
-1.66447930e-01
-1.56670641e-01
-1.46888556e-01
-1.37108478e-01
-1.27332019e-01
-1.17563507e-01
-1.07802943e-01
-9.80529952e-02
-8.83127230e-02
-7.85835252e-02
-6.88638191e-02
-5.91538309e-02
-4.94513667e-02
-3.97553644e-02
-3.00628360e-02
-2.03711322e-02
-1.06760820e-02
-9.72958988e-04
8.74421243e-03
1.84829638e-02
2.82519951e-02
3.80626958e-02
4.79278106e-02
5.78640836e-02
6.78901446e-02
7.80301239e-02
8.83108870e-02
9.87662769e-02
1.09433505e-01
1.20356984e-01
1.31582459e-01
1.43157235e-01
1.55117232e-01
1.67475638e-01
1.80192674e-01
1.93141367e-01
2.06054455e-01
2.18478385e-01
2.29742522e-01
2.38992619e-01
2.45308614e-01
2.47916955e-01
2.46424249e-01
2.38584638e-01
-3.19077800e-01
-3.24403331e-01
-3.24383533e-01
-3.21857772e-01
-3.17338680e-01
-3.11326338e-01
-3.04223156e-01
-2.96318118e-01
-2.87814645e-01
-2.78854888e-01
-2.69547310e-01
-2.59974123e-01
-2.50204591e-01
-2.40291737e-01
-2.30281369e-01
-2.20206195e-01
-2.10094793e-01
-1.99965217e-01
-1.89834132e-01
-1.79710058e-01
-1.69602227e-01
-1.59513564e-01
-1.49449005e-01
-1.39408471e-01
-1.29394503e-01
-1.19405542e-01
-1.09442762e-01
-9.95039219e-02
-8.95892919e-02
-7.96962938e-02
-6.98244111e-02
-5.99707717e-02
-5.01339570e-02
-4.03106265e-02
-3.04981637e-02
-2.06923888e-02
-1.08890104e-02
-1.08241871e-03
8.73405885e-03
1.85683465e-02
2.84305369e-02
3.83321865e-02
4.82883684e-02
5.83162633e-02
6.84383157e-02
7.86803799e-02
8.90759429e-02
9.96640920e-02
1.10494606e-01
1.21625603e-01
1.33128254e-01
1.45081803e-01
1.57572504e-01
1.70676602e-01
1.84437535e-01
1.98814876e-01
2.13615448e-01
2.28396640e-01
2.42380609e-01
2.54421405e-01
2.63112527e-01
2.67075893e-01
2.65391100e-01
2.55513184e-01
-3.35591025e-01
-3.42094586e-01
-3.42130374e-01
-3.38921375e-01
-3.33311919e-01
-3.26044466e-01
-3.17659473e-01
-3.08516698e-01
-2.98846844e-01
-2.88806141e-01
-2.78503972e-01
-2.68025657e-01
-2.57434975e-01
-2.46784233e-01
-2.36110210e-01
-2.25442800e-01
-2.14800011e-01
-2.04196773e-01
-1.93639407e-01
-1.83134130e-01
-1.72680973e-01
-1.62281695e-01
-1.51933420e-01
-1.41635884e-01
-1.31385146e-01
-1.21180121e-01
-1.11016681e-01
-1.00893406e-01
-9.08063096e-02
-8.07537196e-02
-7.07317976e-02
-6.07384683e-02
-5.07698440e-02
-4.08231299e-02
-3.08940219e-02
-2.09785388e-02
-1.10714072e-02
-1.16680105e-03
8.74232561e-03
1.86645902e-02
2.86099992e-02
3.85913822e-02
4.86235308e-02
5.87257288e-02
6.89204902e-02
7.92372763e-02
8.97112772e-02
1.00388555e-01
1.11325494e-01
1.22595619e-01
1.34289918e-01
1.46524004e-01
1.59435546e-01
1.73182013e-01
1.87916056e-01
2.03740092e-01
2.20611140e-01
2.38199620e-01
2.55704681e-01
2.71704137e-01
2.84161915e-01
2.90760309e-01
2.89593298e-01
2.77450606e-01
-3.56059298e-01
-3.63891861e-01
-3.63565903e-01
-3.59001888e-01
-3.51607345e-01
-3.42473685e-01
-3.32311789e-01
-3.21541188e-01
-3.10407091e-01
-2.99057814e-01
-2.87594623e-01
-2.76088312e-01
-2.64593396e-01
-2.53146712e-01
-2.41775753e-01
-2.30495038e-01
-2.19314528e-01
-2.08235405e-01
-1.97258189e-01
-1.86377708e-01
-1.75590515e-01
-1.64889266e-01
-1.54269444e-01
-1.43723577e-01
-1.33247322e-01
-1.22833889e-01
-1.12479472e-01
-1.02178154e-01
-9.19266104e-02
-8.17196776e-02
-7.15542564e-02
-6.14256538e-02
-5.13306139e-02
-4.12645126e-02
-3.12234523e-02
-2.12023411e-02
-1.11960169e-02
-1.19819448e-03
8.79839622e-03
1.88022636e-02
2.88240076e-02
3.88759097e-02
4.89738019e-02
5.91362306e-02
6.93874487e-02
7.97565827e-02
9.02820829e-02
1.01011715e-01
1.12009302e-01
1.23356995e-01
1.35165623e-01
1.47580435e-01
1.60793831e-01
1.75048002e-01
1.90630994e-01
2.07835621e-01
2.26865563e-01
2.47644192e-01
2.69522195e-01
2.90924880e-01
3.09128551e-01
3.20476687e-01
3.21337913e-01
3.07055992e-01
-3.82434303e-01
-3.91539486e-01
-3.89868651e-01
-3.82688092e-01
-3.72350585e-01
-3.60432002e-01
-3.47811857e-01
-3.34930484e-01
-3.21997175e-01
-3.09118166e-01
-2.96352068e-01
-2.83737698e-01
-2.71297608e-01
-2.59045837e-01
-2.46984804e-01
-2.35112613e-01
-2.23419736e-01
-2.11896424e-01
-2.00528612e-01
-1.89304637e-01
-1.78210323e-01
-1.67234984e-01
-1.56366151e-01
-1.45595013e-01
-1.34911217e-01
-1.24307799e-01
-1.13776343e-01
-1.03311359e-01
-9.29059852e-02
-8.25557272e-02
-7.22548236e-02
-6.19992639e-02
-5.17838921e-02
-4.16046351e-02
-3.14563833e-02
-2.13343821e-02
-1.12328897e-02
-1.14570360e-03
8.93444715e-03
1.90162570e-02
2.91098168e-02
3.92278760e-02
4.93853639e-02
5.96016459e-02
6.98999360e-02
8.03108254e-02
9.08722933e-02
1.01635319e-01
1.12666065e-01
1.24055603e-01
1.35927436e-01
1.48454860e-01
1.61877012e-01
1.76522664e-01
1.92822001e-01
2.11297507e-01
2.32484329e-01
2.56729972e-01
2.83796532e-01
3.12260224e-01
3.38860792e-01
3.58282249e-01
3.64100203e-01
3.48643630e-01
-4.18123585e-01
-4.27755505e-01
-4.22514974e-01
-4.10366421e-01
-3.95202815e-01
-3.79175268e-01
-3.63238362e-01
-3.47723117e-01
-3.32700271e-01
-3.18152246e-01
-3.04044689e-01
-2.90342343e-01
-2.77015073e-01
-2.64031987e-01
-2.51364582e-01
-2.38982180e-01
-2.26857219e-01
-2.14961235e-01
-2.03270280e-01
-1.91760381e-01
-1.80412475e-01
-1.69207514e-01
-1.58131027e-01
-1.47168260e-01
-1.36308425e-01
-1.25540159e-01
-1.14855404e-01
-1.04245342e-01
-9.37038125e-02
-8.32238103e-02
-7.28003527e-02
-6.24276037e-02
-5.21011040e-02
-4.18155647e-02
-3.15664009e-02
-2.13482030e-02
-1.11555359e-02
-9.82063578e-04
9.17941301e-03
1.93372477e-02
2.95017001e-02
3.96847802e-02
4.99018574e-02
6.01713149e-02
7.05172209e-02
8.09693235e-02
9.15673891e-02
1.02362774e-01
1.13426148e-01
1.24853648e-01
1.36782275e-01
1.49406941e-01
1.63010916e-01
1.78000162e-01
1.94946532e-01
2.14612960e-01
2.37928241e-01
2.65820904e-01
2.98792290e-01
3.36083469e-01
3.74445180e-01
4.06959370e-01
4.23162247e-01
4.09442072e-01
-4.69530313e-01
-4.76771514e-01
-4.63006378e-01
-4.41629889e-01
-4.18754695e-01
-3.96917890e-01
-3.76781914e-01
-3.58264785e-01
-3.41083818e-01
-3.24965347e-01
-3.09694923e-01
-2.95117318e-01
-2.81117020e-01
-2.67607252e-01
-2.54516828e-01
-2.41788499e-01
-2.29372099e-01
-2.17226848e-01
-2.05316184e-01
-1.93610937e-01
-1.82084482e-01
-1.70716079e-01
-1.59486294e-01
-1.48380342e-01
-1.37383892e-01
-1.26486294e-01
-1.15676823e-01
-1.04947649e-01
-9.42905743e-02
-8.36996145e-02
-7.31682674e-02
-6.26916137e-02
-5.22641425e-02
-4.18813020e-02
-3.15378956e-02
-2.12290329e-02
-1.09490843e-02
-6.91998056e-04
9.54923460e-03
1.97829291e-02
3.00188319e-02
4.02691974e-02
5.05486943e-02
6.08763660e-02
7.12757113e-02
8.17779615e-02
9.24232285e-02
1.03266327e-01
1.14381225e-01
1.25872778e-01
1.37890050e-01
1.50652069e-01
1.64481468e-01
1.79857633e-01
1.97481553e-01
2.18351164e-01
2.43806717e-01
2.75472443e-01
3.14920354e-01
3.62780401e-01
4.16957953e-01
4.69946715e-01
5.06453809e-01
5.02056745e-01
-5.49715165e-01
-5.44827788e-01
-5.11759486e-01
-4.73945677e-01
-4.39532186e-01
-4.10258369e-01
-3.85519552e-01
-3.64203363e-01
-3.45329834e-01
-3.28183892e-01
-3.12283865e-01
-2.97311225e-01
-2.83054946e-01
-2.69368496e-01
-2.56147732e-01
-2.43313111e-01
-2.30804263e-01
-2.18571700e-01
-2.06576868e-01
-1.94786732e-01
-1.83175500e-01
-1.71720241e-01
-1.60403196e-01
-1.49207983e-01
-1.38122084e-01
-1.27133520e-01
-1.16233270e-01
-1.05412381e-01
-9.46641567e-02
-8.39817057e-02
-7.33597935e-02
-6.27928346e-02
-5.22763366e-02
-4.18053473e-02
-3.13754354e-02
-2.09815882e-02
-1.06186895e-02
-2.80837401e-04
1.00387185e-02
2.03479107e-02
3.06565132e-02
4.09762722e-02
5.13222891e-02
6.17132423e-02
7.21738206e-02
8.27356868e-02
9.34418330e-02
1.04349862e-01
1.15540624e-01
1.27127818e-01
1.39277066e-01
1.52231529e-01
1.66355471e-01
1.82195221e-01
2.00570077e-01
2.22688633e-01
2.50284860e-01
2.85718258e-01
3.31902023e-01
3.91708272e-01
4.66132605e-01
5.50066155e-01
6.25008932e-01
6.49208379e-01
-6.87208645e-01
-6.39041893e-01
-5.64605066e-01
-5.00052683e-01
-4.50762570e-01
-4.13942257e-01
-3.85711357e-01
-3.63009797e-01
-3.43787217e-01
-3.26765913e-01
-3.11174722e-01
-2.96554085e-01
-2.82626282e-01
-2.69220112e-01
-2.56223789e-01
-2.43561912e-01
-2.31179038e-01
-2.19034267e-01
-2.07094351e-01
-1.95333540e-01
-1.83729496e-01
-1.72264663e-01
-1.60923130e-01
-1.49692438e-01
-1.38560904e-01
-1.27519485e-01
-1.16559435e-01
-1.05674059e-01
-9.48566759e-02
-8.41021548e-02
-7.34052030e-02
-6.27616063e-02
-5.21668568e-02
-4.16170516e-02
-3.11078573e-02
-2.06350324e-02
-1.01937093e-02
2.21495191e-04
1.06169292e-02
2.10002579e-02
3.13807503e-02
4.17701972e-02
5.21832520e-02
6.26391653e-02
7.31626528e-02
8.37870751e-02
9.45569414e-02
1.05534161e-01
1.16804914e-01
1.28493175e-01
1.40778732e-01
1.53928351e-01
1.68340781e-01
1.84618578e-01
2.03672545e-01
2.26877295e-01
2.56288429e-01
2.94935985e-01
3.47164573e-01
4.18844997e-01
5.16723808e-01
6.44560486e-01
7.90174974e-01
8.92233884e-01
-9.45584720e-01
-7.56846428e-01
-6.03220087e-01
-5.03973289e-01
-4.41964308e-01
-4.01926928e-01
-3.74200465e-01
-3.53235635e-01
-3.35964275e-01
-3.20722963e-01
-3.06624189e-01
-2.93200364e-01
-2.80208605e-01
-2.67522027e-01
-2.55073614e-01
-2.42824665e-01
-2.30751170e-01
-2.18834923e-01
-2.07061791e-01
-1.95418676e-01
-1.83894570e-01
-1.72478750e-01
-1.61162270e-01
-1.49936373e-01
-1.38793929e-01
-1.27727938e-01
-1.16732819e-01
-1.05803039e-01
-9.49342234e-02
-8.41219478e-02
-7.33626517e-02
-6.26526190e-02
-5.19886660e-02
-4.13673253e-02
-3.07852836e-02
-2.02387634e-02
-9.72368319e-03
7.64792538e-04
1.12324114e-02
2.16861842e-02
3.21349409e-02
4.25897317e-02
5.30649624e-02
6.35791691e-02
7.41571693e-02
8.48319548e-02
9.56489399e-02
1.06670753e-01
1.17986293e-01
1.29722766e-01
1.42066239e-01
1.55291405e-01
1.69809590e-01
1.86240628e-01
2.05525518e-01
2.29098925e-01
2.59164178e-01
2.99144895e-01
3.54472804e-01
4.34000538e-01
5.52354991e-01
7.32210358e-01
9.96899525e-01
1.30432832e+00
-1.45837552e+00
-8.39145815e-01
-5.79043130e-01
-4.60987221e-01
-4.02332258e-01
-3.69908938e-01
-3.49380757e-01
-3.34222670e-01
-3.21392328e-01
-3.09479816e-01
-2.97859275e-01
-2.86281800e-01
-2.74672622e-01
-2.63031513e-01
-2.51383153e-01
-2.39756096e-01
-2.28173284e-01
-2.16651013e-01
-2.05198549e-01
-1.93820688e-01
-1.82518239e-01
-1.71290304e-01
-1.60134175e-01
-1.49046951e-01
-1.38024979e-01
-1.27065035e-01
-1.16163583e-01
-1.05317680e-01
-9.45242245e-02
-8.37806597e-02
-7.30842824e-02
-6.24327745e-02
-5.18236074e-02
-4.12543966e-02
-3.07224171e-02
-2.02247672e-02
-9.75798385e-03
6.82010561e-04
1.11002320e-02
2.15029576e-02
3.18980814e-02
4.22958225e-02
5.27093136e-02
6.31559668e-02
7.36587480e-02
8.42488520e-02
9.49687215e-02
1.05877620e-01
1.17058922e-01
1.28632448e-01
1.40772074e-01
1.53734096e-01
1.67899494e-01
1.83840418e-01
2.02422068e-01
2.24965422e-01
2.53515468e-01
2.91324674e-01
3.43832320e-01
4.20945854e-01
5.42972026e-01
7.56502432e-01
1.17182740e+00
2.01757523e+00
SCALARS vorticity double 1
LOOKUP_TABLE default
1.24547811e-03
-1.39844018e-01
-2.47801021e-01
-2.56783641e-01
-2.41217729e-01
-2.21014878e-01
-1.99226913e-01
-1.76297234e-01
-1.52749601e-01
-1.29113969e-01
-1.05755461e-01
-8.28851334e-02
-6.06246748e-02
-3.90529279e-02
-1.82305211e-02
1.78990962e-03
2.09589358e-02
3.92288588e-02
5.65531450e-02
7.28865592e-02
8.81855607e-02
1.02408453e-01
1.15515964e-01
1.27471105e-01
1.38239832e-01
1.47790642e-01
1.56095328e-01
1.63128376e-01
1.68867824e-01
1.73294504e-01
1.76392999e-01
1.78150772e-01
1.78559196e-01
1.77612621e-01
1.75309429e-01
1.71651089e-01
1.66643200e-01
1.60294557e-01
1.52618152e-01
1.43630272e-01
1.33351411e-01
1.21805424e-01
1.09020300e-01
9.50273725e-02
7.98619013e-02
6.35623398e-02
4.61706734e-02
2.77317914e-02
8.29371573e-03
-1.20925002e-02
-3.33717568e-02
-5.54827053e-02
-7.83524735e-02
-1.01884760e-01
-1.25934452e-01
-1.50259135e-01
-1.74457225e-01
-1.97965314e-01
-2.20250520e-01
-2.40903331e-01
-2.56930926e-01
-2.48354526e-01
-1.40167213e-01
1.38275575e-03
1.49402161e-01
1.10636455e-02
-1.38098433e-01
-1.49831646e-01
-1.31195626e-01
-1.11376821e-01
-9.25209170e-02
-7.31360662e-02
-5.29078102e-02
-3.22403009e-02
-1.15752967e-02
8.79744908e-03
2.87089140e-02
4.80537774e-02
6.67567563e-02
8.47570982e-02
1.02001768e-01
1.18442180e-01
1.34032714e-01
1.48730137e-01
1.62493472e-01
1.75284111e-01
1.87065889e-01
1.97805283e-01
2.07471426e-01
2.16036299e-01
2.23474679e-01
2.29764325e-01
2.34885891e-01
2.38823115e-01
2.41562705e-01
2.43094546e-01
2.43411563e-01
2.42509941e-01
2.40388989e-01
2.37051352e-01
2.32502884e-01
2.26752854e-01
2.19813821e-01
2.11701826e-01
2.02436265e-01
1.92040058e-01
1.80539515e-01
1.67964455e-01
1.54348067e-01
1.39726970e-01
1.24141106e-01
1.07633868e-01
9.02523541e-02
7.20482561e-02
5.30797008e-02
3.34149759e-02
1.31400414e-02
-7.62520932e-03
-2.86923991e-02
-4.97488469e-02
-7.03333541e-02
-9.00443909e-02
-1.09245397e-01
-1.29526540e-01
-1.48819210e-01
-1.37740734e-01
1.18081493e-02
1.50577048e-01
2.72720168e-01
1.81570708e-01
3.53635614e-02
1.45229782e-02
2.87469630e-02
4.40833695e-02
5.72835397e-02
7.07164389e-02
8.53192862e-02
1.00813414e-01
1.16682461e-01
1.32545646e-01
1.48172693e-01
1.63423325e-01
1.78203934e-01
1.92445841e-01
2.06094663e-01
2.19104600e-01
2.31435261e-01
2.43049998e-01
2.53915123e-01
2.63999583e-01
2.73274838e-01
2.81714825e-01
2.89295938e-01
2.95997037e-01
3.01799426e-01
3.06686875e-01
3.10645595e-01
3.13664267e-01
3.15734019e-01
3.16848461e-01
3.17003668e-01
3.16198219e-01
3.14433187e-01
3.11712184e-01
3.08041360e-01
3.03429452e-01
2.97887785e-01
2.91430331e-01
2.84073713e-01
2.75837263e-01
2.66743038e-01
2.56815881e-01
2.46083461e-01
2.34576381e-01
2.22328366e-01
2.09376719e-01
1.95763260e-01
1.81536224e-01
1.66753691e-01
1.51489540e-01
1.35844291e-01
1.19966965e-01
1.04097714e-01
8.86237865e-02
7.40503411e-02
6.06006533e-02
4.72188849e-02
3.13951672e-02
1.63688953e-02
3.65291856e-02
1.83413809e-01
2.75044228e-01
3.04737621e-01
2.16571660e-01
7.79250899e-02
5.34770295e-02
6.44748149e-02
7.62473407e-02
8.51250463e-02
9.39280892e-02
1.03968898e-01
1.15082051e-01
1.26739741e-01
1.38529944e-01
1.50203318e-01
1.61613588e-01
1.72669603e-01
1.83310066e-01
1.93490631e-01
2.03176710e-01
2.12339349e-01
2.20953038e-01
2.28994661e-01
2.36443071e-01
2.43278930e-01
2.49484669e-01
2.55044475e-01
2.59944296e-01
2.64171834e-01
2.67716551e-01
2.70569661e-01
2.72724132e-01
2.74174681e-01
2.74917776e-01
2.74951630e-01
2.74276208e-01
2.72893225e-01
2.70806153e-01
2.68020226e-01
2.64542442e-01
2.60381576e-01
2.55548187e-01
2.50054622e-01
2.43915031e-01
2.37145368e-01
2.29763416e-01
2.21788805e-01
2.13243102e-01
2.04150018e-01
1.94535954e-01
1.84431190e-01
1.73872290e-01
1.62906395e-01
1.51598505e-01
1.40044304e-01
1.28395094e-01
1.16904163e-01
1.05979717e-01
9.61194940e-02
8.74026700e-02
7.83654718e-02
6.60560872e-02
5.42599988e-02
7.83449777e-02
2.18388380e-01
3.07690388e-01
3.19883243e-01
2.24888806e-01
8.35834093e-02
5.13883766e-02
5.58276023e-02
6.20214624e-02
6.57009776e-02
6.95905868e-02
7.50257481e-02
8.18142013e-02
8.93717794e-02
9.72376743e-02
1.05132680e-01
1.12896832e-01
1.20436069e-01
1.27692618e-01
1.34629119e-01
1.41219522e-01
1.47443847e-01
1.53285389e-01
1.58729399e-01
1.63762535e-01
1.68372666e-01
1.72548827e-01
1.76281203e-01
1.79561142e-01
1.82381151e-01
1.84734904e-01
1.86617237e-01
1.88024145e-01
1.88952783e-01
1.89401457e-01
1.89369620e-01
1.88857871e-01
1.87867946e-01
1.86402719e-01
1.84466195e-01
1.82063505e-01
1.79200907e-01
1.75885777e-01
1.72126604e-01
1.67932984e-01
1.63315615e-01
1.58286289e-01
1.52857914e-01
1.47044585e-01
1.40861840e-01
1.34327304e-01
1.27462179e-01
1.20294240e-01
1.12863243e-01
1.05230050e-01
9.74923056e-02
8.98135163e-02
8.24743429e-02
7.59271487e-02
7.07171598e-02
6.69369343e-02
6.30924837e-02
5.63607913e-02
5.12454210e-02
8.35010558e-02
2.26890139e-01
3.23530902e-01
3.36988001e-01
2.37286298e-01
9.11696387e-02
5.05545282e-02
4.75634207e-02
4.77024348e-02
4.62446894e-02
4.56255498e-02
4.70293490e-02
5.01505014e-02
5.43102913e-02
5.89780232e-02
6.38300025e-02
6.86820074e-02
7.34294810e-02
7.80125192e-02
8.23962112e-02
8.65591634e-02
9.04869115e-02
9.41684315e-02
9.75944851e-02
1.00756927e-01
1.03648448e-01
1.06262499e-01
1.08593274e-01
1.10635703e-01
1.12385461e-01
1.13838963e-01
1.14993361e-01
1.15846545e-01
1.16397134e-01
1.16644472e-01
1.16588621e-01
1.16230356e-01
1.15571158e-01
1.14613207e-01
1.13359378e-01
1.11813228e-01
1.09978998e-01
1.07861595e-01
1.05466592e-01
1.02800210e-01
9.98693187e-02
9.66814239e-02
9.32446974e-02
8.95680750e-02
8.56615694e-02
8.15370768e-02
7.72102184e-02
7.27040714e-02
6.80559734e-02
6.33290612e-02
5.86317505e-02
5.41521715e-02
5.02157367e-02
4.73442507e-02
4.61753880e-02
4.69120081e-02
4.82153729e-02
4.75834566e-02
5.00585160e-02
9.11030542e-02
2.39784201e-01
3.41404923e-01
3.57322848e-01
2.55444782e-01
1.05293660e-01
5.72974003e-02
4.74414410e-02
4.20437946e-02
3.61269102e-02
3.18110065e-02
3.00636042e-02
3.04250381e-02
3.21010090e-02
3.44782037e-02
3.71795236e-02
3.99901650e-02
4.27905758e-02
4.55153152e-02
4.81290827e-02
5.06125956e-02
5.29545459e-02
5.51473830e-02
5.71853219e-02
5.90635010e-02
6.07776644e-02
6.23240550e-02
6.36993841e-02
6.49008232e-02
6.59260015e-02
6.67730037e-02
6.74403667e-02
6.79270748e-02
6.82325552e-02
6.83566719e-02
6.82997200e-02
6.80624199e-02
6.76459105e-02
6.70517433e-02
6.62818759e-02
6.53386657e-02
6.42248624e-02
6.29436015e-02
6.14983963e-02
5.98931304e-02
5.81320517e-02
5.62197770e-02
5.41613267e-02
5.19622573e-02
4.96290427e-02
4.71700491e-02
4.45977507e-02
4.19332575e-02
3.92146756e-02
3.65114204e-02
3.39481364e-02
3.17453339e-02
3.02840984e-02
3.01711746e-02
3.21615546e-02
3.66136880e-02
4.24112633e-02
4.73876163e-02
5.68797957e-02
1.05578635e-01
2.58578972e-01
3.62487416e-01
3.79666222e-01
2.76557534e-01
1.22899081e-01
6.84066875e-02
5.23524896e-02
4.20275835e-02
3.23251242e-02
2.50514440e-02
2.09252247e-02
1.93082752e-02
1.92764868e-02
2.01252780e-02
2.14184936e-02
2.29070099e-02
2.44537394e-02
2.59857965e-02
2.74658589e-02
2.88752315e-02
3.02042980e-02
3.14475735e-02
3.26013853e-02
3.36628936e-02
3.46297166e-02
3.54998017e-02
3.62713843e-02
3.69429754e-02
3.75133575e-02
3.79815808e-02
3.83469600e-02
3.86090706e-02
3.87677441e-02
3.88230637e-02
3.87753595e-02
3.86252030e-02
3.83734029e-02
3.80209994e-02
3.75692595e-02
3.70196718e-02
3.63739409e-02
3.56339821e-02
3.48019163e-02
3.38800641e-02
3.28709451e-02
3.17772869e-02
3.06020740e-02
2.93487066e-02
2.80214502e-02
2.66265713e-02
2.51749319e-02
2.36873371e-02
2.22045447e-02
2.08045815e-02
1.96315319e-02
1.89429885e-02
1.91826125e-02
2.10522087e-02
2.54398187e-02
3.28846013e-02
4.25216010e-02
5.25057725e-02
6.83222329e-02
1.23701685e-01
2.80349296e-01
3.85507644e-01
4.03334747e-01
2.99092506e-01
1.41937580e-01
8.14010188e-02
5.95734797e-02
4.47406995e-02
3.17210778e-02
2.20063634e-02
1.60449106e-02
1.30016277e-02
1.18109931e-02
1.16701224e-02
1.20794618e-02
1.27528589e-02
1.35339274e-02
1.43410511e-02
1.51338038e-02
1.58930750e-02
1.66099770e-02
1.72801627e-02
1.79011884e-02
1.84714032e-02
1.89895260e-02
1.94544959e-02
1.98654256e-02
2.02215852e-02
2.05223982e-02
2.07674374e-02
2.09564227e-02
2.10892180e-02
2.11658280e-02
2.11863944e-02
2.11511934e-02
2.10606312e-02
2.09152410e-02
2.07156792e-02
2.04627219e-02
2.01572611e-02
1.98003011e-02
1.93929550e-02
1.89364405e-02
1.84320777e-02
1.78812903e-02
1.72856206e-02
1.66467880e-02
1.59668735e-02
1.52488319e-02
1.44977877e-02
1.37240065e-02
1.29490860e-02
1.22176827e-02
1.16179988e-02
1.13157482e-02
1.16088897e-02
1.30086481e-02
1.63194602e-02
2.25740999e-02
3.25096306e-02
4.55297215e-02
6.01019320e-02
8.17897484e-02
1.43330078e-01
3.03519105e-01
4.09779931e-01
4.28096326e-01
3.22600795e-01
1.61775720e-01
9.54020685e-02
6.80380029e-02
4.89439490e-02
3.28913499e-02
2.10576538e-02
1.36065664e-02
9.49235509e-03
7.49875868e-03
6.71881356e-03
6.58604309e-03
6.77510587e-03
7.10893975e-03
7.49622906e-03
7.89266458e-03
8.27802734e-03
8.64350898e-03
8.98528721e-03
9.30156900e-03
9.59135494e-03
9.85396753e-03
1.00888867e-02
1.02956958e-02
1.04740657e-02
1.06237488e-02
1.07445765e-02
1.08364575e-02
1.08993757e-02
1.09333878e-02
1.09386218e-02
1.09152738e-02
1.08636067e-02
1.07839472e-02
1.06766838e-02
1.05422644e-02
1.03811942e-02
1.01940327e-02
9.98139197e-03
9.74393448e-03
9.48237181e-03
9.19746874e-03
8.89006215e-03
8.56112922e-03
8.21199469e-03
7.84490604e-03
7.46448744e-03
7.08109766e-03
6.71788564e-03
6.42429840e-03
6.29986769e-03
6.53358884e-03
7.46628846e-03
9.68058695e-03
1.40894030e-02
2.18790697e-02
3.39966340e-02
5.01249391e-02
6.90371431e-02
9.63386841e-02
1.63787917e-01
3.27635944e-01
4.35094278e-01
4.53879053e-01
3.46992813e-01
1.82296170e-01
1.10172589e-01
7.73924167e-02
5.41656465e-02
3.52353735e-02
2.14672906e-02
1.27313700e-02
7.76116160e-03
5.18233001e-03
3.97915316e-03
3.51536250e-03
3.42468287e-03
3.50829038e-03
3.66444111e-03
3.84439378e-03
4.02635784e-03
4.20118828e-03
4.36520250e-03
4.51690213e-03
4.65561047e-03
4.78095547e-03
4.89268854e-03
4.99062653e-03
5.07463329e-03
5.14461464e-03
5.20051573e-03
5.24232014e-03
5.27004828e-03
5.28375644e-03
5.28353524e-03
5.26950852e-03
5.24183183e-03
5.20069119e-03
5.14630167e-03
5.07890601e-03
4.99877329e-03
4.90619745e-03
4.80149613e-03
4.68500945e-03
4.55710069e-03
4.41816150e-03
4.26863503e-03
4.10909203e-03
3.94046185e-03
3.76466932e-03
3.58625168e-03
3.41611149e-03
3.27946517e-03
3.23118942e-03
3.38302159e-03
3.94853727e-03
5.31342596e-03
8.13476773e-03
1.34386010e-02
2.25715902e-02
3.66993435e-02
5.57900300e-02
7.89153194e-02
1.11698959e-01
1.84944253e-01
3.52623699e-01
4.61406484e-01
4.80668389e-01
3.72251790e-01
2.03467795e-01
1.25597990e-01
8.74373704e-02
6.01223648e-02
3.83808947e-02
2.27697723e-02
1.28587833e-02
7.15281305e-03
4.11336443e-03
2.61198076e-03
1.94015929e-03
1.68922948e-03
1.63773131e-03
1.67294622e-03
1.74132429e-03
1.81921145e-03
1.89687666e-03
1.97055442e-03
2.03883781e-03
2.10118912e-03
2.15737575e-03
2.20727435e-03
2.25080698e-03
2.28792228e-03
2.31858938e-03
2.34279644e-03
2.36054929e-03
2.37187113e-03
2.37680146e-03
2.37539572e-03
2.36772427e-03
2.35387185e-03
2.33393676e-03
2.30803014e-03
2.27627526e-03
2.23880665e-03
2.19576957e-03
2.14731913e-03
2.09362030e-03
2.03484892e-03
1.97119902e-03
1.90290841e-03
1.83034369e-03
1.75425373e-03
1.67647105e-03
1.60169518e-03
1.54165478e-03
1.52397727e-03
1.60943382e-03
1.92265787e-03
2.70288855e-03
4.38238976e-03
7.69535396e-03
1.37849301e-02
2.41637804e-02
4.02228471e-02
6.22198599e-02
8.95189185e-02
1.27745639e-01
2.06770795e-01
3.78484845e-01
4.88729638e-01
5.08490244e-01
3.98387953e-01
2.25271666e-01
1.41587281e-01
9.80137283e-02
6.65926465e-02
4.20449637e-02
2.46200363e-02
1.35816554e-02
7.19892365e-03
3.76361090e-03
2.03084179e-03
1.21762352e-03
8.71569821e-04
7.47831710e-04
7.22283468e-04
7.36302278e-04
7.64188584e-04
7.95484118e-04
8.26219871e-04
8.54974584e-04
8.81254332e-04
9.04882590e-04
9.25787742e-04
9.43935293e-04
9.59306789e-04
9.71894388e-04
9.81698624e-04
9.88728184e-04
9.92999088e-04
9.94534689e-04
9.93364996e-04
9.89526566e-04
9.83061944e-04
9.74019416e-04
9.62452580e-04
9.48419967e-04
9.31984743e-04
9.13214230e-04
8.92179855e-04
8.68957125e-04
8.43627845e-04
8.16287945e-04
7.87076604e-04
7.56268778e-04
7.24552981e-04
6.93797969e-04
6.69010084e-04
6.62918121e-04
7.05797482e-04
8.64674562e-04
1.27767126e-03
2.21067805e-03
4.14414635e-03
7.89191647e-03
1.47180569e-02
2.63065490e-02
4.42798926e-02
6.91894355e-02
1.00687797e-01
1.44391802e-01
2.29260476e-01
4.05250387e-01
5.17113423e-01
5.37402879e-01
4.25441895e-01
2.47714701e-01
1.58087469e-01
1.09015383e-01
7.34254002e-02
4.60351964e-02
2.67859500e-02
1.46292599e-02
7.59137401e-03
3.78879233e-03
1.85653811e-03
9.34884061e-04
5.26439550e-04
3.62261299e-04
3.06440888e-04
2.95079015e-04
3.00311321e-04
3.10871370e-04
3.22524907e-04
3.33783861e-04
3.44153570e-04
3.53474153e-04
3.61693063e-04
3.68791340e-04
3.74762156e-04
3.79604084e-04
3.83319846e-04
3.85915313e-04
3.87399678e-04
3.87784897e-04
3.87085835e-04
3.85319835e-04
3.82506740e-04
3.78668592e-04
3.73829520e-04
3.68015574e-04
3.61254492e-04
3.53575688e-04
3.45010056e-04
3.35590685e-04
3.25354956e-04
3.14353979e-04
3.02683776e-04
2.90586863e-04
2.78753779e-04
2.69159281e-04
2.67199480e-04
2.86717782e-04
3.60817588e-04
5.63094034e-04
1.04571718e-03
2.10220950e-03
4.26285221e-03
8.42374428e-03
1.59737958e-02
2.87737413e-02
4.86840027e-02
7.65542539e-02
1.12324205e-01
1.61595951e-01
2.52436077e-01
4.32981260e-01
5.46638163e-01
5.67488563e-01
4.53481328e-01
2.70834580e-01
1.75089202e-01
1.20393099e-01
8.05398142e-02
5.02438922e-02
2.91354292e-02
1.58468058e-02
8.15398720e-03
3.99242626e-03
1.87319421e-03
8.57489463e-04
4.01592123e-04
2.11759256e-04
1.39942811e-04
1.16791236e-04
1.12186020e-04
1.14003013e-04
1.17709669e-04
1.21726936e-04
1.25538871e-04
1.28986006e-04
1.32020571e-04
1.34628732e-04
1.36806637e-04
1.38554359e-04
1.39873616e-04
1.40767759e-04
1.41241165e-04
1.41299531e-04
1.40949462e-04
1.40198668e-04
1.39055676e-04
1.37529905e-04
1.35631509e-04
1.33371318e-04
1.30760825e-04
1.27812036e-04
1.24537751e-04
1.20951971e-04
1.17072895e-04
1.12932593e-04
1.08611696e-04
1.04348817e-04
1.00868561e-04
1.00288960e-04
1.08448234e-04
1.40389144e-04
2.32200444e-04
4.64347612e-04
1.00361931e-03
2.17219795e-03
4.55194301e-03
9.12401012e-03
1.74063507e-02
3.14422432e-02
5.33368711e-02
8.42438922e-02
1.24390976e-01
1.79363194e-01
2.76352652e-01
4.61765353e-01
5.77406287e-01
5.98844642e-01
4.82592947e-01
2.94691938e-01
1.92615701e-01
1.32139441e-01
8.79056503e-02
5.46229831e-02
3.16055170e-02
1.71583729e-02
8.79922866e-03
4.27631725e-03
1.97264054e-03
8.67827773e-04
3.70429352e-04
1.61169982e-04
7.95026476e-05
5.04558365e-05
4.15808415e-05
3.98594247e-05
4.04420943e-05
4.16463732e-05
4.29268429e-05
4.41171644e-05
4.51696089e-05
4.60709972e-05
4.68183384e-05
4.74113084e-05
4.78509247e-05
4.81385762e-05
4.82763388e-05
4.82665205e-05
4.81119715e-05
4.78157676e-05
4.73813989e-05
4.68125878e-05
4.61133409e-05
4.52879098e-05
4.43407131e-05
4.32764768e-05
4.21002088e-05
4.08182014e-05
3.94407158e-05
3.79932228e-05
3.65532187e-05
3.53695237e-05
3.52165274e-05
3.83782952e-05
5.11725963e-05
8.99159827e-05
1.93835161e-04
4.50577731e-04
1.04215638e-03
2.32052168e-03
4.92101105e-03
9.91288728e-03
1.89477166e-02
3.42576079e-02
5.81999989e-02
9.22392442e-02
1.36893863e-01
1.97732403e-01
3.01089134e-01
4.91710101e-01
6.09536768e-01
6.31580138e-01
5.12875708e-01
3.19361183e-01
2.10709305e-01
1.44271133e-01
9.55215114e-02
5.91580886e-02
3.41720843e-02
1.85321864e-02
9.48906028e-03
4.59704877e-03
2.10663969e-03
9.13205924e-04
3.76070396e-04
1.49650642e-04
6.05271766e-05
2.79400395e-05
1.70375137e-05
1.38771058e-05
1.32785471e-05
1.34497848e-05
1.38114725e-05
1.41882835e-05
1.45300782e-05
1.48236220e-05
1.50655288e-05
1.52554352e-05
1.53935122e-05
1.54804840e-05
1.55170401e-05
1.55042125e-05
1.54430019e-05
1.53346587e-05
1.51804440e-05
1.49817748e-05
1.47401275e-05
1.44570426e-05
1.41341814e-05
1.37732374e-05
1.33763275e-05
1.29465786e-05
1.24916918e-05
1.20353958e-05
1.16580856e-05
1.16249074e-05
1.27695534e-05
1.75575311e-05
3.28193879e-05
7.62176821e-05
1.90276467e-04
4.70158075e-04
1.11375507e-03
2.50399420e-03
5.33177114e-03
1.07578024e-02
2.05722822e-02
3.72030324e-02
6.32680170e-02
1.00550135e-01
1.49863477e-01
2.16762783e-01
3.26739918e-01
5.22937590e-01
6.43162108e-01
6.65813769e-01
5.44438140e-01
3.44925146e-01
2.29422651e-01
1.56817112e-01
1.03400064e-01
6.38509867e-02
3.68295471e-02
1.99575836e-02
1.02091843e-02
4.93755607e-03
2.25585584e-03
9.72298167e-04
3.95369911e-04
1.52356550e-04
5.65734816e-05
2.12976266e-05
9.20183009e-06
5.39003187e-06
4.34038396e-06
4.14617793e-06
4.19260725e-06
4.29366241e-06
4.39671232e-06
4.48751000e-06
4.56270955e-06
4.62144882e-06
4.66385580e-06
4.69001375e-06
4.70031783e-06
4.69501764e-06
4.67457491e-06
4.63935412e-06
4.58985304e-06
4.52653406e-06
4.44991128e-06
4.36053091e-06
4.25892332e-06
4.14577856e-06
4.02197544e-06
3.88975912e-06
3.75595787e-06
3.64513223e-06
3.64265442e-06
4.03392089e-06
5.71770447e-06
1.13550564e-05
2.83211567e-05
7.57008430e-05
1.99485647e-04
5.02713703e-04
1.19987167e-03
2.70618393e-03
5.77038558e-03
1.16483227e-02
2.22743271e-02
4.02795015e-02
6.85515186e-02
1.09200913e-01
1.63343846e-01
2.36525860e-01
3.53410783e-01
5.55583578e-01
6.78429950e-01
7.01675926e-01
5.77398396e-01
3.71473337e-01
2.48814538e-01
1.69812373e-01
1.11560202e-01
6.87102537e-02
3.95800299e-02
2.14327152e-02
1.09552967e-02
5.29195349e-03
2.41329074e-03
1.03723250e-03
4.19704620e-04
1.59982887e-04
5.77033973e-05
1.99985015e-05
6.99070512e-06
2.80201669e-06
1.55790741e-06
1.23372443e-06
1.17719422e-06
1.19163797e-06
1.22105537e-06
1.25067852e-06
1.27660185e-06
1.29810462e-06
1.31490258e-06
1.32715057e-06
1.33482284e-06
1.33812154e-06
1.33709070e-06
1.33192480e-06
1.32272311e-06
1.30965744e-06
1.29287360e-06
1.27251254e-06
1.24877356e-06
1.22184351e-06
1.19233789e-06
1.16203795e-06
1.13804143e-06
1.14621035e-06
1.27856382e-06
1.84255794e-06
3.80782115e-06
1.00438958e-05
2.85048290e-05
7.97786039e-05
2.13508952e-04
5.41001063e-04
1.29411328e-03
2.92180839e-03
6.23315514e-03
1.25831592e-02
2.40563451e-02
4.34954522e-02
7.40681162e-02
1.18223047e-01
1.77386868e-01
2.57102363e-01
3.81218812e-01
5.89800236e-01
7.15506328e-01
7.39310711e-01
6.11886647e-01
3.99102380e-01
2.68948383e-01
1.83295018e-01
1.20023172e-01
7.37467082e-02
4.24282107e-02
2.29587947e-02
1.17267191e-02
5.65853197e-03
2.57663933e-03
1.10531224e-03
4.46077895e-04
1.69275551e-04
6.04291443e-05
2.03380393e-05
6.49849156e-06
2.02110747e-06
6.68771845e-07
2.94724534e-07
2.08609907e-07
2.02019526e-07
2.16049016e-07
2.34713933e-07
2.54142697e-07
2.73197581e-07
2.91777776e-07
3.09699236e-07
3.27065140e-07
3.43785849e-07
3.59956149e-07
3.75530812e-07
3.90569859e-07
4.05058191e-07
4.19002928e-07
4.32406108e-07
4.45223923e-07
4.57549494e-07
4.69681482e-07
4.83471163e-07
5.06140066e-07
5.65611041e-07
7.60789591e-07
1.42351455e-06
3.59889313e-06
1.03793748e-05
3.03333060e-05
8.56393842e-05
2.29791136e-04
5.82782109e-04
1.39467868e-03
3.14973660e-03
6.72005893e-03
1.35641984e-02
2.59235140e-02
4.68616404e-02
7.98377519e-02
1.27651098e-01
1.92049464e-01
2.78581411e-01
4.10294603e-01
6.25761522e-01
7.54582662e-01
7.78881382e-01
6.48048847e-01
4.27917075e-01
2.89891006e-01
1.97303787e-01
1.28809674e-01
7.89704964e-02
4.53784974e-02
2.45373146e-02
1.25235572e-02
6.03676797e-03
2.74508978e-03
1.17557433e-03
4.73425122e-04
1.79085747e-04
6.35249025e-05
2.10191098e-05
6.36173670e-06
1.62380514e-06
1.94872176e-07
-1.96802785e-07
-2.81472341e-07
-2.79052409e-07
-2.52201707e-07
-2.17580630e-07
-1.79725456e-07
-1.39640484e-07
-9.78235786e-08
-5.42997946e-08
-9.27876057e-09
3.72651941e-08
8.51864534e-08
1.34484535e-07
1.85039891e-07
2.36785359e-07
2.89589794e-07
3.43279998e-07
3.97690560e-07
4.52599776e-07
5.08206369e-07
5.66034117e-07
6.33748238e-07
7.40921931e-07
9.94217406e-07
1.75095035e-06
4.13730192e-06
1.14824961e-05
3.30072479e-05
9.25717978e-05
2.47727232e-04
6.27595480e-04
1.50132705e-03
3.39010309e-03
7.23191778e-03
1.45935651e-02
2.78804606e-02
5.03874320e-02
8.58784781e-02
1.37518313e-01
2.07389870e-01
3.01059079e-01
4.40785000e-01
6.63671413e-01
7.95885137e-01
8.20576716e-01
6.86052155e-01
4.58030386e-01
3.11709098e-01
2.11873206e-01
1.37935202e-01
8.43872950e-02
4.84321684e-02
2.61679201e-02
1.33450326e-02
6.42588448e-03
2.91795463e-03
1.24739943e-03
5.01156908e-04
1.88826920e-04
6.63937939e-05
2.14297570e-05
5.95424561e-06
9.71610295e-07
-5.10752268e-07
-8.93479486e-07
-9.47265879e-07
-9.04754640e-07
-8.31995306e-07
-7.47228602e-07
-6.55200671e-07
-5.57549633e-07
-4.54732132e-07
-3.47232203e-07
-2.35197524e-07
-1.18947526e-07
1.40044726e-09
1.25580071e-07
2.53412423e-07
3.84595678e-07
5.18790209e-07
6.55559350e-07
7.94316392e-07
9.34488586e-07
1.07561734e-06
1.21887801e-06
1.37159555e-06
1.56509579e-06
1.91330703e-06
2.80072973e-06
5.43876941e-06
1.34080111e-05
3.66181599e-05
1.00701815e-04
2.67471458e-04
6.75610314e-04
1.61421294e-03
3.64299937e-03
7.76871802e-03
1.56712233e-02
2.99276622e-02
5.40754937e-02
9.21991521e-02
1.47847668e-01
2.23458544e-01
3.24632092e-01
4.72853540e-01
7.03774454e-01
8.39689543e-01
8.64621563e-01
7.26090613e-01
4.89558765e-01
3.34458920e-01
2.27022183e-01
1.47400250e-01
8.99910826e-02
5.15825622e-02
2.78454112e-02
1.41876552e-02
6.82368546e-03
3.09383595e-03
1.31981559e-03
5.28502608e-04
1.97813892e-04
6.83840632e-05
2.09330710e-05
4.64922956e-06
-5.49915372e-07
-2.04718570e-06
-2.37428964e-06
-2.34437798e-06
-2.20292519e-06
-2.02069891e-06
-1.81735582e-06
-1.59896226e-06
-1.36755315e-06
-1.12444374e-06
-8.70327012e-07
-6.05978077e-07
-3.31858182e-07
-4.85620032e-08
2.43465331e-07
5.43613589e-07
8.51238509e-07
1.16548502e-06
1.48526607e-06
1.80924970e-06
2.13576374e-06
2.46326584e-06
2.79141672e-06
3.12663290e-06
3.50052707e-06
4.03400444e-06
5.13844252e-06
8.11439370e-06
1.68049418e-05
4.18413409e-05
1.10705739e-04
2.89646503e-04
7.27272491e-04
1.73334681e-03
3.90750390e-03
8.32777033e-03
1.67915491e-02
3.20554137e-02
5.79119668e-02
9.87848627e-02
1.58632652e-01
2.40276535e-01
3.49379110e-01
5.06672725e-01
7.46367403e-01
8.86340600e-01
9.11287984e-01
7.68387931e-01
5.22604916e-01
3.58160654e-01
2.42728970e-01
1.57170420e-01
9.57503220e-02
5.48063807e-02
2.95546643e-02
1.50423971e-02
7.22499647e-03
3.26971148e-03
1.39088309e-03
5.54018688e-04
2.04813875e-04
6.83514095e-05
1.84283204e-05
1.37927873e-06
-3.97330541e-06
-5.40502401e-06
-5.58132328e-06
-5.35867399e-06
-4.99753892e-06
-4.57396244e-06
-4.11086812e-06
-3.61597499e-06
-3.09320961e-06
-2.54489871e-06
-1.97308443e-06
-1.37922287e-06
-7.64760015e-07
-1.30835091e-07
5.21279801e-07
1.19032089e-06
1.87471066e-06
2.57253773e-06
3.28136903e-06
3.99809237e-06
4.71896185e-06
5.43965618e-06
6.15691142e-06
6.87378656e-06
7.62032874e-06
8.52154803e-06
1.00144261e-05
1.34882576e-05
2.30547253e-05
5.00837562e-05
1.23950666e-04
3.15431159e-04
7.83243542e-04
1.85817696e-03
4.18049540e-03
8.90099516e-03
1.79378128e-02
3.42335948e-02
6.18490452e-02
1.05569862e-01
1.69799467e-01
2.57789567e-01
3.75315483e-01
5.42395236e-01
7.91805759e-01
9.36276020e-01
9.60903424e-01
8.13185911e-01
5.57210285e-01
3.82741008e-01
2.58880801e-01
1.67139388e-01
1.01583795e-01
5.80492592e-02
3.12625726e-02
1.58903880e-02
7.61938507e-03
3.43966319e-03
1.45688569e-03
5.74975295e-04
2.07510036e-04
6.41507949e-05
1.18571402e-05
-5.84803975e-06
-1.12199101e-05
-1.24229544e-05
-1.22561215e-05
-1.16222469e-05
-1.07987412e-05
-9.87032916e-06
-8.86490736e-06
-7.79466447e-06
-6.66662598e-06
-5.48627185e-06
-4.25777809e-06
-2.98483989e-06
-1.67042531e-06
-3.17380069e-07
1.07166268e-06
2.49376198e-06
3.94557786e-06
5.42294876e-06
6.92063514e-06
8.43204301e-06
9.94891437e-06
1.14616053e-05
1.29602031e-05
1.44407562e-05
1.59265800e-05
1.75419982e-05
1.97432412e-05
2.40027474e-05
3.46929120e-05
6.39110955e-05
1.42896792e-04
3.46877733e-04
8.44494107e-04
1.98716665e-03
4.45511864e-03
9.47115044e-03
1.90741846e-02
3.63962519e-02
6.57775448e-02
1.12392617e-01
1.81140122e-01
2.75780042e-01
4.02296623e-01
5.80077442e-01
8.40488644e-01
9.90044937e-01
1.01383297e+00
8.60688923e-01
5.93240034e-01
4.07914945e-01
2.75180812e-01
1.77066463e-01
1.07323067e-01
6.12049086e-02
3.29070748e-02
1.66973021e-02
7.98824660e-03
3.59323113e-03
1.51124083e-03
5.86494180e-04
2.01726821e-04
5.18984731e-05
-2.51481101e-06
-2.06473098e-05
-2.57744035e-05
-2.64316426e-05
-2.55509280e-05
-2.40846514e-05
-2.23333240e-05
-2.03949634e-05
-1.83080912e-05
-1.60930210e-05
-1.37642429e-05
-1.13329682e-05
-8.80865993e-06
-6.19899447e-06
-3.51071014e-06
-7.49666516e-07
2.07834649e-06
4.96732025e-06
7.91025331e-06
1.08986572e-05
1.39218622e-05
1.69663799e-05
2.00154511e-05
2.30487264e-05
2.60436989e-05
2.89815161e-05
3.18703587e-05
3.48228907e-05
3.83024215e-05
4.38464481e-05
5.60589544e-05
8.77004041e-05
1.71722519e-04
3.87437920e-04
9.12580075e-04
2.11749082e-03
4.71921736e-03
1.00076308e-02
2.01362980e-02
3.84222884e-02
6.94901293e-02
1.18930714e-01
1.92206807e-01
2.93714162e-01
4.29830005e-01
6.19503214e-01
8.92779439e-01
1.04829295e+00
1.07037716e+00
9.10888483e-01
6.30126666e-01
4.32960276e-01
2.90991781e-01
1.86483661e-01
1.12662952e-01
6.40907002e-02
3.43856645e-02
1.74079543e-02
8.30206300e-03
3.71376203e-03
1.54326263e-03
5.80456541e-04
1.80387205e-04
2.49495073e-05
-3.10995573e-05
-4.92320144e-05
-5.36250705e-05
-5.31522665e-05
-5.08751323e-05
-4.78043333e-05
-4.42731976e-05
-4.04042882e-05
-3.62555804e-05
-3.18645918e-05
-2.72598464e-05
-2.24649139e-05
-1.74990727e-05
-1.23785915e-05
-7.11708381e-06
-1.72676068e-06
3.78089375e-06
9.39379207e-06
1.50982745e-05
2.08777589e-05
2.67115533e-05
3.25736064e-05
3.84313088e-05
4.42449201e-05
4.99681608e-05
5.55545810e-05
6.09811918e-05
6.63307719e-05
7.20492097e-05
7.97044604e-05
9.40668194e-05
1.28418116e-04
2.17082082e-04
4.42654641e-04
9.90167715e-04
2.24517671e-03
4.95458922e-03
1.04636917e-02
2.10238809e-02
4.01180484e-02
7.26431587e-02
1.24623401e-01
2.02168377e-01
3.10505182e-01
4.56741383e-01
6.59814217e-01
9.48762763e-01
1.11163147e+00
1.13042014e+00
9.63083191e-01
6.66337859e-01
4.56327912e-01
3.05108213e-01
1.94582887e-01
1.17113391e-01
6.64300054e-02
3.55498644e-02
1.79447046e-02
8.51967303e-03
3.77763903e-03
1.53719884e-03
5.44393029e-04
1.32321378e-04
-2.73227546e-05
-8.42058364e-05
-1.01606884e-04
-1.04416432e-04
-1.01794009e-04
-9.69313671e-05
-9.09127674e-05
-8.41251638e-05
-7.67344202e-05
-6.88363517e-05
-6.05004457e-05
-5.17830160e-05
-4.27304642e-05
-3.33814485e-05
-2.37678635e-05
-1.39167028e-05
-3.85146568e-06
6.40569378e-06
1.68321038e-05
2.74022125e-05
3.80853923e-05
4.88435059e-05
5.96285659e-05
7.03805570e-05
8.10256393e-05
9.14762819e-05
1.01636669e-04
1.11427430e-04
1.20869835e-04
1.30352682e-04
1.41413359e-04
1.58877328e-04
1.96301026e-04
2.88799724e-04
5.20889392e-04
1.08186112e-03
2.36616042e-03
5.13844750e-03
1.07783184e-02
2.16020765e-02
4.12141262e-02
7.47377081e-02
1.28611167e-01
2.09660697e-01
3.24205053e-01
4.80645476e-01
6.98791444e-01
1.00760721e+00
1.18018273e+00
1.19240589e+00
1.01463443e+00
6.98346064e-01
4.75060071e-01
3.15504123e-01
2.00136766e-01
1.19990749e-01
6.78635370e-02
3.62172394e-02
1.82152112e-02
8.59201168e-03
3.75539869e-03
1.47190448e-03
4.60447626e-04
4.09166253e-05
-1.20998205e-04
-1.77534784e-04
-1.93042911e-04
-1.92873117e-04
-1.86412769e-04
-1.76993523e-04
-1.65806479e-04
-1.53327768e-04
-1.39802125e-04
-1.25393454e-04
-1.10230868e-04
-9.44205929e-05
-7.80513966e-05
-6.11962579e-05
-4.39156789e-05
-2.62597937e-05
-8.27216592e-06
1.00072019e-05
2.85376659e-05
4.72742117e-05
6.61630750e-05
8.51375336e-05
1.04113682e-04
1.22986204e-04
1.41625230e-04
1.59874397e-04
1.77555892e-04
1.94493763e-04
2.10600079e-04
2.26143581e-04
2.42539479e-04
2.64499951e-04
3.05495713e-04
4.00591725e-04
6.34267737e-04
1.19570674e-03
2.47908760e-03
5.24893961e-03
1.08868495e-02
2.17203715e-02
4.13949408e-02
7.51558903e-02
1.29756017e-01
2.12725956e-01
3.31725784e-01
4.97236794e-01
7.31553505e-01
1.06598356e+00
1.25227530e+00
1.25059654e+00
1.05776643e+00
7.18782602e-01
4.84140247e-01
3.19250521e-01
2.01591203e-01
1.20524083e-01
6.80249546e-02
3.62153612e-02
1.81343972e-02
8.47118507e-03
3.61402768e-03
1.31986657e-03
3.02946238e-04
-1.18900720e-04
-2.80812263e-04
-3.35387705e-04
-3.47200098e-04
-3.41794126e-04
-3.28744651e-04
-3.11563283e-04
-2.91609757e-04
-2.69513990e-04
-2.45658878e-04
-2.20329132e-04
-1.93758520e-04
-1.66141093e-04
-1.37639097e-04
-1.08384910e-04
-7.84876147e-05
-4.80362595e-05
-1.71072111e-05
1.42308413e-05
4.59092068e-05
7.78526763e-05
1.09971996e-04
1.42156196e-04
1.74265748e-04
2.06124473e-04
2.37514530e-04
2.68170701e-04
2.97784599e-04
3.26024825e-04
3.52622836e-04
3.77636492e-04
4.02228417e-04
4.30772612e-04
4.76189042e-04
5.72438722e-04
8.01539908e-04
1.34716407e-03
2.59179365e-03
5.27706942e-03
1.07439962e-02
2.12566532e-02
4.03791623e-02
7.32960191e-02
1.26838782e-01
2.09024941e-01
3.28864868e-01
4.99618079e-01
7.48367809e-01
1.11415370e+00
1.32104487e+00
1.28840922e+00
1.07131131e+00
7.13590430e-01
4.76359456e-01
3.13071253e-01
1.97575971e-01
1.18180730e-01
6.67170660e-02
3.54663323e-02
1.76593901e-02
8.12061084e-03
3.31544539e-03
1.04054076e-03
2.96523380e-05
-3.90093806e-04
-5.49647253e-04
-5.99927520e-04
-6.05017778e-04
-5.90483578e-04
-5.66127168e-04
-5.35739298e-04
-5.00969743e-04
-4.62710345e-04
-4.21587469e-04
-3.78090459e-04
-3.32636337e-04
-2.85565130e-04
-2.37166180e-04
-1.87667879e-04
-1.37261491e-04
-8.60962803e-05
-3.43015669e-05
1.80119926e-05
7.07335435e-05
1.23744622e-04
1.76904556e-04
2.30037321e-04
2.82922062e-04
3.35275368e-04
3.86748267e-04
4.36907603e-04
4.85246856e-04
5.31190861e-04
5.74190217e-04
6.13959508e-04
6.51237101e-04
6.89776073e-04
7.41416299e-04
8.37861894e-04
1.05609191e-03
1.56855142e-03
2.73388294e-03
5.24623221e-03
1.03585381e-02
2.01838363e-02
3.80505638e-02
6.88241903e-02
1.19012975e-01
1.96556524e-01
3.11147741e-01
4.78393415e-01
7.31524910e-01
1.12631406e+00
1.36647818e+00
1.26587127e+00
1.00046925e+00
6.60008300e-01
4.44531207e-01
2.95341968e-01
1.88088574e-01
1.13266595e-01
6.41880640e-02
3.41016278e-02
1.68288620e-02
7.52056835e-03
2.80755162e-03
5.65524019e-04
-4.35147830e-04
-8.50871852e-04
-1.00559612e-03
-1.04760230e-03
-1.04031346e-03
-1.00941428e-03
-9.65159301e-04
-9.11827770e-04
-8.51595861e-04
-7.85793208e-04
-7.15482337e-04
-6.41483778e-04
-5.64541256e-04
-4.85222072e-04
-4.04041007e-04
-3.21367997e-04
-2.37538003e-04
-1.52782200e-04
-6.73181039e-05
1.86909939e-05
1.05071382e-04
1.91648854e-04
2.78212850e-04
3.64495528e-04
4.50165836e-04
5.34780368e-04
6.17807298e-04
6.98556355e-04
7.76236805e-04
8.49895467e-04
9.18570006e-04
9.81438623e-04
1.03860194e-03
1.09285168e-03
1.15441094e-03
1.25163525e-03
1.45417578e-03
1.91826845e-03
2.96818493e-03
5.22901092e-03
9.82301764e-03
1.86305065e-02
3.45914061e-02
6.19724753e-02
1.06454487e-01
1.74982451e-01
2.76182366e-01
4.24549189e-01
6.53815289e-01
1.03833385e+00
1.34148230e+00
7.94948871e-01
7.00601289e-01
5.20295898e-01
3.74124577e-01
2.57369412e-01
1.67065528e-01
1.01825346e-01
5.82942494e-02
3.13940824e-02
1.59228162e-02
7.61989470e-03
3.46322733e-03
1.52810818e-03
6.96803726e-04
3.74149740e-04
2.68480835e-04
2.48167256e-04
2.58191576e-04
2.77400125e-04
2.98173640e-04
3.18116926e-04
3.36508572e-04
3.53308280e-04
3.68563638e-04
3.82460893e-04
3.95122187e-04
4.06738774e-04
4.17431974e-04
4.27363484e-04
4.36631425e-04
4.45348322e-04
4.53571423e-04
4.61346793e-04
4.68674592e-04
4.75518422e-04
4.81806065e-04
4.87403725e-04
4.92152572e-04
4.95808147e-04
4.98113273e-04
4.98704647e-04
4.97227007e-04
4.93225006e-04
4.86353798e-04
4.76426353e-04
4.64196586e-04
4.52810232e-04
4.52157652e-04
4.88317883e-04
6.24565602e-04
1.00197166e-03
1.91279177e-03
3.91848183e-03
8.02155288e-03
1.58849325e-02
3.00685280e-02
5.41993374e-02
9.29138144e-02
1.51398819e-01
2.34807669e-01
3.49140465e-01
5.05522802e-01
7.20563921e-01
8.45549524e-01
3.24877230e-01
3.99082667e-01
3.77743812e-01
2.99469566e-01
2.15886393e-01
1.44142396e-01
8.97965832e-02
5.25137114e-02
2.90235565e-02
1.53147723e-02
7.87281416e-03
4.11009067e-03
2.33843056e-03
1.56102275e-03
1.24037704e-03
1.11072272e-03
1.05132300e-03
1.01192588e-03
9.73558332e-04
9.30081859e-04
8.80103742e-04
8.23915832e-04
7.62218750e-04
6.95842848e-04
6.25500673e-04
5.51870644e-04
4.75473365e-04
3.96788059e-04
3.16157111e-04
2.33894108e-04
1.50213658e-04
6.53205489e-05
-2.06315233e-05
-1.07475505e-04
-1.95040891e-04
-2.83117199e-04
-3.71432221e-04
-4.59644540e-04
-5.47292540e-04
-6.33815211e-04
-7.18476017e-04
-8.00404633e-04
-8.78484638e-04
-9.51350569e-04
-1.01706529e-03
-1.07255915e-03
-1.11181333e-03
-1.12168954e-03
-1.07208695e-03
-8.95436168e-04
-4.46875588e-04
5.65388265e-04
2.68989565e-03
6.88465511e-03
1.46984478e-02
2.84344733e-02
5.11956769e-02
8.66294183e-02
1.38126335e-01
2.07318643e-01
2.91735295e-01
3.78834544e-01
4.20173753e-01
3.58444779e-01
3.08204900e-01
3.24173493e-01
3.11564509e-01
2.53655733e-01
1.86170353e-01
1.25842516e-01
7.91213894e-02
4.65751940e-02
2.58179056e-02
1.35806899e-02
6.87990776e-03
3.46501202e-03
1.84397234e-03
1.12613375e-03
8.27467946e-04
7.07087026e-04
6.54839344e-04
6.24435958e-04
5.98113089e-04
5.69833739e-04
5.37983838e-04
5.02489357e-04
4.63728631e-04
4.22186436e-04
3.78316583e-04
3.32528675e-04
2.85161423e-04
2.36503997e-04
1.86784300e-04
1.36193055e-04
8.48788972e-05
3.29707606e-05
-1.94207373e-05
-7.21843208e-05
-1.25200510e-04
-1.78327102e-04
-2.31385937e-04
-2.84153580e-04
-3.36343477e-04
-3.87602184e-04
-4.37487342e-04
-4.85464362e-04
-5.30863040e-04
-5.72812510e-04
-6.09995078e-04
-6.40015058e-04
-6.57672780e-04
-6.50771626e-04
-5.90506268e-04
-4.11321183e-04
2.78047967e-05
1.01065086e-03
3.06827426e-03
7.12054325e-03
1.46346016e-02
2.77461156e-02
4.92373222e-02
8.21957278e-02
1.29118498e-01
1.90257043e-01
2.61002729e-01
3.27144081e-01
3.54417484e-01
3.47705640e-01
3.62653601e-01
3.47161734e-01
3.06112861e-01
2.41581542e-01
1.74975725e-01
1.17646169e-01
7.38603417e-02
4.34723335e-02
2.40740041e-02
1.26059756e-02
6.30427790e-03
3.07978540e-03
1.54165822e-03
8.56440214e-04
5.69679648e-04
4.54451860e-04
4.06553942e-04
3.81899856e-04
3.63350761e-04
3.44885039e-04
3.24710550e-04
3.02517393e-04
2.78458585e-04
2.52804204e-04
2.25826564e-04
1.97770880e-04
1.68844984e-04
1.39222953e-04
1.09046155e-04
7.84305611e-05
4.74704336e-05
1.62463285e-05
-1.51696272e-05
-4.67057729e-05
-7.82844752e-05
-1.09814677e-04
-1.41184731e-04
-1.72255930e-04
-2.02855141e-04
-2.32769537e-04
-2.61738208e-04
-2.89442722e-04
-3.15478105e-04
-3.39275405e-04
-3.59864350e-04
-3.75214946e-04
-3.80495131e-04
-3.63807595e-04
-2.96497000e-04
-1.12872914e-04
3.28590896e-04
1.31240909e-03
3.36961139e-03
7.41607438e-03
1.49032147e-02
2.79252991e-02
4.91837771e-02
8.16616787e-02
1.27837450e-01
1.88322652e-01
2.59896926e-01
3.32674616e-01
3.86310529e-01
4.09129146e-01
4.45262603e-01
4.08899528e-01
3.35391315e-01
2.53825798e-01
1.79153376e-01
1.18552636e-01
7.37102869e-02
4.31120367e-02
2.37505939e-02
1.23541544e-02
6.10343720e-03
2.90567378e-03
1.37844015e-03
6.96407311e-04
4.10328390e-04
2.95937369e-04
2.50117337e-04
2.29076901e-04
2.15641831e-04
2.03641433e-04
1.91111117e-04
1.77572576e-04
1.63025994e-04
1.47603971e-04
1.31459622e-04
1.14734693e-04
9.75507188e-05
8.00094697e-05
6.21941599e-05
4.41731759e-05
2.60027888e-05
7.73144696e-06
-1.05968561e-05
-2.89382444e-05
-4.72451943e-05
-6.54624639e-05
-8.35231796e-05
-1.01345321e-04
-1.18827906e-04
-1.35847918e-04
-1.52255216e-04
-1.67863684e-04
-1.82423364e-04
-1.95537624e-04
-2.06413789e-04
-2.13166315e-04
-2.10986077e-04
-1.87668635e-04
-1.13481095e-04
8.00007295e-05
5.40327823e-04
1.56411639e-03
3.70485299e-03
7.91709587e-03
1.57145611e-02
2.92879790e-02
5.14924558e-02
8.55846956e-02
1.34587956e-01
2.00210034e-01
2.81274128e-01
3.71444994e-01
4.56680565e-01
4.99389133e-01
5.38083743e-01
4.86042629e-01
3.83230230e-01
2.81593232e-01
1.94343126e-01
1.26496148e-01
7.77204370e-02
4.50630770e-02
2.46490872e-02
1.27266940e-02
6.22008597e-03
2.90148188e-03
1.31890876e-03
6.12423062e-04
3.16250694e-04
1.98545824e-04
1.52820884e-04
1.33804157e-04
1.23655051e-04
1.15875436e-04
1.08311763e-04
1.00354366e-04
9.18996359e-05
8.29921866e-05
7.37101782e-05
6.41308701e-05
5.43220877e-05
4.43405104e-05
3.42329927e-05
2.40378284e-05
1.37870498e-05
3.50818741e-06
-6.77331651e-06
-1.70321228e-05
-2.72407058e-05
-3.73672690e-05
-4.73737567e-05
-5.72138043e-05
-6.68311096e-05
-7.61571010e-05
-8.51077909e-05
-9.35741166e-05
-1.01393250e-04
-1.08257045e-04
-1.13441064e-04
-1.15045262e-04
-1.08008638e-04
-7.92683383e-05
3.18998076e-06
2.13182111e-04
7.09992838e-04
1.81402158e-03
4.12382449e-03
8.67396859e-03
1.71118436e-02
3.18408837e-02
5.60460102e-02
9.34960625e-02
1.48015685e-01
2.22524991e-01
3.17475572e-01
4.28304483e-01
5.42683217e-01
6.00714645e-01
6.35140213e-01
5.70014978e-01
4.41061582e-01
3.18786721e-01
2.16811156e-01
1.39387593e-01
8.47939287e-02
4.87751805e-02
2.65007681e-02
1.35923963e-02
6.58711325e-03
3.02853672e-03
1.33627880e-03
5.82294126e-04
2.66862571e-04
1.42235674e-04
9.49021506e-05
7.66424482e-05
6.84219062e-05
6.32578217e-05
5.87849114e-05
5.42831757e-05
4.95769847e-05
4.46559284e-05
3.95523926e-05
3.43055117e-05
2.89507459e-05
2.35184044e-05
1.80332715e-05
1.25159959e-05
6.98362633e-06
1.45117749e-06
-4.06759309e-06
-9.55875705e-06
-1.50072673e-05
-2.03957981e-05
-2.57036790e-05
-3.09060734e-05
-3.59727412e-05
-4.08670180e-05
-4.55421987e-05
-4.99321304e-05
-5.39183051e-05
-5.72285295e-05
-5.91336148e-05
-5.76032690e-05
-4.71012811e-05
-1.32209431e-05
7.94361292e-05
3.12544292e-04
8.62397039e-04
2.08380876e-03
4.64044745e-03
9.68209417e-03
1.90471751e-02
3.54377307e-02
6.24835328e-02
1.04592158e-01
1.66467375e-01
2.52131571e-01
3.63126406e-01
4.95402866e-01
6.36292135e-01
7.07465223e-01
7.35237388e-01
6.58135451e-01
5.04817084e-01
3.61804235e-01
2.43983707e-01
1.55607388e-01
9.39970239e-02
5.37432460e-02
2.90445695e-02
1.48197315e-02
7.13775267e-03
3.25060541e-03
1.40782151e-03
5.88849362e-04
2.47113537e-04
1.12744150e-04
6.24640284e-05
4.40029998e-05
3.67327748e-05
3.30648581e-05
3.04011084e-05
2.79225541e-05
2.54018587e-05
2.27939068e-05
2.01046656e-05
1.73510743e-05
1.45507147e-05
1.17185518e-05
8.86732192e-06
6.00725092e-06
3.14716658e-06
2.94556230e-07
-2.54342178e-06
-5.35968462e-06
-8.14645473e-06
-1.08948155e-05
-1.35942489e-05
-1.62319888e-05
-1.87927329e-05
-2.12571360e-05
-2.35990167e-05
-2.57737072e-05
-2.76819921e-05
-2.90539478e-05
-2.91071699e-05
-2.55932409e-05
-1.23158988e-05
2.69009692e-05
1.31825463e-04
3.94194617e-04
1.01197350e-03
2.38360984e-03
5.25480323e-03
1.09191653e-02
2.14503641e-02
3.99102895e-02
7.04463185e-02
1.18168416e-01
1.88666256e-01
2.86929447e-01
4.15204960e-01
5.69272332e-01
7.35321053e-01
8.18795330e-01
8.38938136e-01
7.50087774e-01
5.72885395e-01
4.08816727e-01
2.74350465e-01
1.74100146e-01
1.04668821e-01
5.95850280e-02
3.20722176e-02
1.62997433e-02
7.81564942e-03
3.53728908e-03
1.51506206e-03
6.18700104e-04
2.45641614e-04
9.95006969e-05
4.53069519e-05
2.59665943e-05
1.89794096e-05
1.60652796e-05
1.43768069e-05
1.30021793e-05
1.16738418e-05
1.03248412e-05
8.94545476e-06
7.54088123e-06
6.11844100e-06
4.68529754e-06
3.24711443e-06
1.80886568e-06
3.74398574e-07
-1.05269654e-06
-2.46929659e-06
-3.87209574e-06
-5.25759020e-06
-6.62172286e-06
-7.95962222e-06
-9.26553229e-06
-1.05321129e-05
-1.17498229e-05
-1.29027359e-05
-1.39565840e-05
-1.48160618e-05
-1.51936980e-05
-1.42189588e-05
-9.35559531e-06
6.41564173e-06
5.14290815e-05
1.70732005e-04
4.68146953e-04
1.16752819e-03
2.71914020e-03
5.96536697e-03
1.23676798e-02
2.42706132e-02
4.51425845e-02
7.96996907e-02
1.33792827e-01
2.13891980e-01
3.25859228e-01
4.72423325e-01
6.48858329e-01
8.39921391e-01
9.35633715e-01
9.47423881e-01
8.46519787e-01
6.44942955e-01
4.59104494e-01
3.07174809e-01
1.94281525e-01
1.16408561e-01
6.60519380e-02
3.54406505e-02
1.79543719e-02
8.57915998e-03
3.86567706e-03
1.64396035e-03
6.61676894e-04
2.53839487e-04
9.45054971e-05
3.56986799e-05
1.49856645e-05
7.80979205e-06
5.14309537e-06
3.87747377e-06
3.01075580e-06
2.24208001e-06
1.48888283e-06
7.32616745e-07
-2.87215479e-08
-7.92891575e-07
-1.55773118e-06
-2.32105145e-06
-3.08155404e-06
-3.83798671e-06
-4.58969372e-06
-5.33594221e-06
-6.07623423e-06
-6.80992267e-06
-7.53625524e-06
-8.25431668e-06
-8.96273900e-06
-9.65974194e-06
-1.03415613e-05
-1.09989947e-05
-1.16022315e-05
-1.20535234e-05
-1.20351261e-05
-1.05639035e-05
-4.75365266e-06
1.33932026e-05
6.47554273e-05
2.00568363e-04
5.38749270e-04
1.33318400e-03
3.09386258e-03
6.77376409e-03
1.40245548e-02
2.74940002e-02
5.10984358e-02
9.01672330e-02
1.51327039e-01
2.41932723e-01
3.68668978e-01
5.34628176e-01
7.34417308e-01
9.51249013e-01
1.05959505e+00
1.06212036e+00
9.48504598e-01
7.21336550e-01
5.12596553e-01
3.42219969e-01
2.15899986e-01
1.29014831e-01
7.30054157e-02
3.90636252e-02
1.97332927e-02
9.39955741e-03
4.21866662e-03
1.78305227e-03
7.08763366e-04
2.63619586e-04
8.99546654e-05
2.58883074e-05
3.30462121e-06
-4.52737210e-06
-7.41939307e-06
-8.74819478e-06
-9.60526299e-06
-1.03225669e-05
-1.09946917e-05
-1.16473717e-05
-1.22870279e-05
-1.29160253e-05
-1.35354350e-05
-1.41469295e-05
-1.47520335e-05
-1.53529801e-05
-1.59519524e-05
-1.65516815e-05
-1.71549750e-05
-1.77650535e-05
-1.83854358e-05
-1.90199826e-05
-1.96731154e-05
-2.03492959e-05
-2.10524777e-05
-2.17809441e-05
-2.25117019e-05
-2.31443527e-05
-2.33285462e-05
-2.19510651e-05
-1.57207796e-05
4.49884800e-06
6.25459150e-05
2.16837051e-04
6.01583918e-04
1.50521443e-03
3.50599072e-03
7.68236425e-03
1.58998468e-02
3.11433938e-02
5.78205861e-02
1.01921540e-01
1.70889651e-01
2.72983818e-01
4.15692536e-01
6.02407720e-01
8.26977305e-01
1.07100416e+00
1.19267090e+00
1.18462556e+00
1.05736564e+00
8.02788627e-01
5.69598813e-01
3.79554386e-01
2.38917460e-01
1.42419543e-01
8.03824360e-02
4.28936919e-02
2.16036966e-02
1.02541712e-02
4.57937291e-03
1.91819288e-03
7.46794063e-04
2.61916730e-04
7.25113486e-05
2.14258958e-06
-2.32203970e-05
-3.25600702e-05
-3.64949132e-05
-3.86764647e-05
-4.02878875e-05
-4.16926183e-05
-4.29993533e-05
-4.42417129e-05
-4.54336070e-05
-4.65834403e-05
-4.76993100e-05
-4.87889345e-05
-4.98609360e-05
-5.09240134e-05
-5.19878390e-05
-5.30625074e-05
-5.41592128e-05
-5.52901090e-05
-5.64687635e-05
-5.77104983e-05
-5.90325823e-05
-6.04548204e-05
-6.19982917e-05
-6.36815225e-05
-6.55014424e-05
-6.73716218e-05
-6.89221612e-05
-6.89128732e-05
-6.36065179e-05
-4.25684406e-05
2.14601948e-05
1.95225426e-04
6.31820958e-04
1.65956036e-03
3.93511142e-03
8.68002115e-03
1.80015809e-02
3.52619769e-02
6.54111904e-02
1.15156878e-01
1.92810830e-01
3.07567571e-01
4.67715995e-01
6.76901857e-01
9.28137749e-01
1.20134905e+00
1.33723529e+00
1.31675633e+00
1.17466169e+00
8.90281048e-01
6.30654209e-01
4.19432274e-01
2.63423443e-01
1.56631719e-01
8.81599507e-02
4.68989826e-02
2.35335714e-02
1.11126093e-02
4.91832672e-03
2.01975691e-03
7.45207869e-04
2.16833439e-04
8.79968478e-06
-7.03899120e-05
-1.00850399e-04
-1.13868555e-04
-1.20887989e-04
-1.25845102e-04
-1.30022458e-04
-1.33824595e-04
-1.37382743e-04
-1.40749477e-04
-1.43955460e-04
-1.47027023e-04
-1.49989249e-04
-1.52868311e-04
-1.55690751e-04
-1.58484763e-04
-1.61279657e-04
-1.64107020e-04
-1.67000716e-04
-1.69997989e-04
-1.73140157e-04
-1.76473760e-04
-1.80052094e-04
-1.83936281e-04
-1.88196531e-04
-1.92908086e-04
-1.98133642e-04
-2.03852766e-04
-2.09736863e-04
-2.14473078e-04
-2.13895856e-04
-1.96155037e-04
-1.30097033e-04
6.06760528e-05
5.51266525e-04
1.71648910e-03
4.30413848e-03
9.70114503e-03
2.02920738e-02
3.98673145e-02
7.39844287e-02
1.30140982e-01
2.17583149e-01
3.46482294e-01
5.25926152e-01
7.59761179e-01
1.04007175e+00
1.34501334e+00
1.49620013e+00
1.46065087e+00
1.30224751e+00
9.85033527e-01
6.96481312e-01
4.62224081e-01
2.89573198e-01
1.71687559e-01
9.63149646e-02
5.10296688e-02
2.54612256e-02
1.19069833e-02
5.16299819e-03
2.01073065e-03
6.22423693e-04
4.22342718e-05
-1.91721121e-04
-2.86425030e-04
-3.28208773e-04
-3.50710710e-04
-3.66227614e-04
-3.79006619e-04
-3.90458934e-04
-4.01059426e-04
-4.10994444e-04
-4.20366292e-04
-4.29255949e-04
-4.37738810e-04
-4.45890632e-04
-4.53787621e-04
-4.61508376e-04
-4.69133624e-04
-4.76748176e-04
-4.84441484e-04
-4.92309917e-04
-5.00458453e-04
-5.09003539e-04
-5.18076377e-04
-5.27826887e-04
-5.38429024e-04
-5.50085275e-04
-5.63029196e-04
-5.77510265e-04
-5.93723913e-04
-6.11559693e-04
-6.29834941e-04
-6.44143907e-04
-6.41289854e-04
-5.85888201e-04
-3.90522333e-04
1.45581282e-04
1.45195294e-03
4.38383353e-03
1.05227377e-02
2.25776593e-02
4.48355750e-02
8.35494896e-02
1.47104270e-01
2.45767812e-01
3.90739021e-01
5.91892974e-01
8.53191991e-01
1.16565286e+00
1.50552327e+00
1.67327684e+00
1.61890835e+00
1.44237967e+00
1.08853051e+00
7.67950010e-01
5.08366157e-01
3.17527724e-01
1.87588331e-01
1.04762273e-01
5.51547677e-02
2.72296547e-02
1.24625887e-02
5.12404428e-03
1.68826930e-03
1.62747762e-04
-4.89764972e-04
-7.68386816e-04
-8.95960427e-04
-9.65164344e-04
-1.01206536e-03
-1.04988835e-03
-1.08327468e-03
-1.11385161e-03
-1.14225684e-03
-1.16882239e-03
-1.19379295e-03
-1.21738830e-03
-1.23982262e-03
-1.26130805e-03
-1.28205816e-03
-1.30228858e-03
-1.32222047e-03
-1.34208251e-03
-1.36211550e-03
-1.38257639e-03
-1.40374458e-03
-1.42592883e-03
-1.44947645e-03
-1.47478483e-03
-1.50231547e-03
-1.53261152e-03
-1.56631393e-03
-1.60416552e-03
-1.64695318e-03
-1.69525186e-03
-1.74857245e-03
-1.80291408e-03
-1.84434225e-03
-1.83348746e-03
-1.67098968e-03
-1.12663267e-03
2.93556308e-04
3.57297857e-03
1.05264005e-02
2.42515925e-02
4.96275751e-02
9.37276348e-02
1.65963808e-01
2.77750658e-01
4.41382356e-01
6.67490401e-01
9.60006270e-01
1.30864986e+00
1.68754086e+00
1.87335771e+00
1.79477225e+00
1.59785819e+00
1.20256711e+00
8.46057183e-01
5.58291523e-01
3.47357810e-01
2.04187747e-01
1.13229276e-01
5.89253262e-02
2.84379184e-02
1.23372472e-02
4.32277054e-03
5.39770197e-04
-1.17819036e-03
-1.95315225e-03
-2.32259333e-03
-2.52560899e-03
-2.66144359e-03
-2.76880295e-03
-2.86207356e-03
-2.94653942e-03
-3.02430113e-03
-3.09641291e-03
-3.16360368e-03
-3.22650075e-03
-3.28569733e-03
-3.34176963e-03
-3.39528490e-03
-3.44680467e-03
-3.49689131e-03
-3.54611355e-03
-3.59505577e-03
-3.64432729e-03
-3.69457539e-03
-3.74649987e-03
-3.80087205e-03
-3.85855794e-03
-3.92054765e-03
-3.98799320e-03
-4.06225526e-03
-4.14495988e-03
-4.23805021e-03
-4.34378783e-03
-4.46453971e-03
-4.60190315e-03
-4.75398714e-03
-4.90807783e-03
-5.02268477e-03
-4.98731396e-03
-4.53985284e-03
-3.11186897e-03
4.33101109e-04
8.19351892e-03
2.37445565e-02
5.26944604e-02
1.03122910e-01
1.85684862e-01
3.13140559e-01
4.98990735e-01
7.54572064e-01
1.08353559e+00
1.47391016e+00
1.89730808e+00
2.10304848e+00
1.99236611e+00
1.77220143e+00
1.32928380e+00
9.31854624e-01
6.12283548e-01
3.78846474e-01
2.20956102e-01
1.20987691e-01
6.14760250e-02
2.81138184e-02
1.04663494e-02
1.61022744e-03
-2.66190921e-03
-4.69989316e-03
-5.71393394e-03
-6.28108271e-03
-6.65732988e-03
-6.94907374e-03
-7.19830159e-03
-7.42124560e-03
-7.62453215e-03
-7.81142193e-03
-7.98405103e-03
-8.14417537e-03
-8.29340400e-03
-8.43326564e-03
-8.56523291e-03
-8.69073322e-03
-8.81116289e-03
-8.92790093e-03
-9.04232853e-03
-9.15584977e-03
-9.26991816e-03
-9.38606674e-03
-9.50594536e-03
-9.63136570e-03
-9.76435747e-03
-9.90723970e-03
-1.00627115e-02
-1.02339699e-02
-1.04248578e-02
-1.06400397e-02
-1.08851557e-02
-1.11667881e-02
-1.14917200e-02
-1.18641271e-02
-1.22774162e-02
-1.26936176e-02
-1.29964647e-02
-1.28943093e-02
-1.17377478e-02
-8.21116925e-03
1.29967600e-04
1.74586134e-02
5.03116805e-02
1.08062266e-01
2.02961132e-01
3.49463574e-01
5.62501543e-01
8.54073044e-01
1.22714719e+00
1.66737325e+00
2.14315907e+00
2.37138371e+00
2.21699652e+00
1.96984364e+00
1.47113993e+00
1.02625087e+00
6.70153527e-01
4.11074011e-01
2.36489903e-01
1.26295894e-01
6.08046156e-02
2.40342218e-02
4.42843177e-03
-5.61690053e-03
-1.06869293e-02
-1.33245887e-02
-1.48319572e-02
-1.58275723e-02
-1.65859620e-02
-1.72224203e-02
-1.77840519e-02
-1.82907889e-02
-1.87524005e-02
-1.91750200e-02
-1.95634631e-02
-1.99219971e-02
-2.02545804e-02
-2.05649435e-02
-2.08566264e-02
-2.11330122e-02
-2.13973625e-02
-2.16528600e-02
-2.19026548e-02
-2.21499193e-02
-2.23979088e-02
-2.26500342e-02
-2.29099462e-02
-2.31816384e-02
-2.34695743e-02
-2.37788472e-02
-2.41153868e-02
-2.44862270e-02
-2.48998564e-02
-2.53666639e-02
-2.58994561e-02
-2.65138832e-02
-2.72282216e-02
-2.80609446e-02
-2.90222373e-02
-3.00909580e-02
-3.11603458e-02
-3.19234828e-02
-3.16557060e-02
-2.88441008e-02
-2.06298976e-02
-2.08675657e-03
3.45366100e-02
1.00352794e-01
2.09801747e-01
3.79679416e-01
6.26844847e-01
9.64025019e-01
1.39292226e+00
1.89561640e+00
2.43598473e+00
2.69071408e+00
2.47552188e+00
2.19632379e+00
1.63073548e+00
1.12955335e+00
7.30576061e-01
4.41591850e-01
2.47547708e-01
1.25309077e-01
5.25656360e-02
1.14122577e-02
-1.09627809e-02
-2.29073853e-02
-2.94109129e-02
-3.32202253e-02
-3.57349144e-02
-3.76195856e-02
-3.91719681e-02
-4.05210663e-02
-4.17238831e-02
-4.28086208e-02
-4.37924553e-02
-4.46882975e-02
-4.55071912e-02
-4.62591167e-02
-4.69532731e-02
-4.75982033e-02
-4.82018901e-02
-4.87718468e-02
-4.93152186e-02
-4.98388877e-02
-5.03495905e-02
-5.08540416e-02
-5.13590737e-02
-5.18717942e-02
-5.23997686e-02
-5.29512390e-02
-5.35353920e-02
-5.41626966e-02
-5.48453375e-02
-5.55977845e-02
-5.64375451e-02
-5.73861619e-02
-5.84704816e-02
-5.97241003e-02
-6.11884421e-02
-6.29117690e-02
-6.49416618e-02
-6.73008433e-02
-6.99259381e-02
-7.25331984e-02
-7.43570714e-02
-7.36971232e-02
-6.72263362e-02
-4.90845738e-02
-9.91750630e-03
6.38023203e-02
1.89690590e-01
3.88074838e-01
6.78822859e-01
1.07584493e+00
1.57887497e+00
2.16445216e+00
2.78939967e+00
3.07766688e+00
2.77676726e+00
2.45839305e+00
1.81032473e+00
1.24053572e+00
7.89823060e-01
4.64889036e-01
2.47283477e-01
1.10101574e-01
2.79029320e-02
-1.94359963e-02
-4.61319025e-02
-6.13441424e-02
-7.04961897e-02
-7.65549506e-02
-8.10301712e-02
-8.46448606e-02
-8.77323200e-02
-9.04472632e-02
-9.28678157e-02
-9.50406851e-02
-9.69996204e-02
-9.87724422e-02
-1.00383588e-01
-1.01855060e-01
-1.03206852e-01
-1.04457238e-01
-1.05623017e-01
-1.06719774e-01
-1.07762122e-01
-1.08763964e-01
-1.09738753e-01
-1.10699766e-01
-1.11660397e-01
-1.12634479e-01
-1.13636653e-01
-1.14682801e-01
-1.15790576e-01
-1.16980060e-01
-1.18274618e-01
-1.19702013e-01
-1.21295901e-01
-1.23097848e-01
-1.25160025e-01
-1.27548628e-01
-1.30347657e-01
-1.33661345e-01
-1.37610303e-01
-1.42309459e-01
-1.47802880e-01
-1.53910099e-01
-1.59913441e-01
-1.63998092e-01
-1.62372217e-01
-1.48078239e-01
-1.09683274e-01
-3.02880493e-02
1.12459192e-01
3.44518343e-01
6.90982048e-01
1.16838800e+00
1.77403978e+00
2.47593371e+00
3.21918470e+00
3.55391427e+00
3.13191134e+00
2.76390571e+00
2.01077262e+00
1.35471106e+00
8.39530547e-01
4.69751027e-01
2.22253650e-01
6.53675760e-02
-3.01075757e-02
-8.68548451e-02
-1.20660677e-01
-1.41573706e-01
-1.55495301e-01
-1.65646396e-01
-1.73678971e-01
-1.80405610e-01
-1.86224539e-01
-1.91342867e-01
-1.95883481e-01
-1.99932175e-01
-2.03557019e-01
-2.06815956e-01
-2.09759839e-01
-2.12433845e-01
-2.14878351e-01
-2.17129648e-01
-2.19220590e-01
-2.21181202e-01
-2.23039274e-01
-2.24820919e-01
-2.26551129e-01
-2.28254330e-01
-2.29954954e-01
-2.31678058e-01
-2.33450016e-01
-2.35299315e-01
-2.37257525e-01
-2.39360503e-01
-2.41649934e-01
-2.44175369e-01
-2.46996958e-01
-2.50189194e-01
-2.53846028e-01
-2.58087762e-01
-2.63069705e-01
-2.68991286e-01
-2.76100559e-01
-2.84680639e-01
-2.94988141e-01
-3.07086461e-01
-3.20480541e-01
-3.33428134e-01
-3.41807332e-01
-3.37510506e-01
-3.06556577e-01
-2.27471272e-01
-7.09097307e-02
1.98146749e-01
6.14177747e-01
1.19991439e+00
1.95102735e+00
2.82307250e+00
3.74137978e+00
4.14624545e+00
3.55469373e+00
3.12126187e+00
2.22957820e+00
1.46136990e+00
8.63034010e-01
4.35049808e-01
1.47766080e-01
-3.65742295e-02
-1.51696769e-01
-2.23233847e-01
-2.68734947e-01
-2.99250655e-01
-3.21247959e-01
-3.38283031e-01
-3.52226848e-01
-3.64051593e-01
-3.74281893e-01
-3.83229738e-01
-3.91106823e-01
-3.98074655e-01
-4.04265948e-01
-4.09793854e-01
-4.14756429e-01
-4.19239316e-01
-4.23317743e-01
-4.27058220e-01
-4.30520044e-01
-4.33756661e-01
-4.36816899e-01
-4.39746114e-01
-4.42587263e-01
-4.45381940e-01
-4.48171430e-01
-4.50997795e-01
-4.53905074e-01
-4.56940655e-01
-4.60156913e-01
-4.63613230e-01
-4.67378598e-01
-4.71535031e-01
-4.76182181e-01
-4.81443702e-01
-4.87476103e-01
-4.94481040e-01
-5.02721829e-01
-5.12543787e-01
-5.24394067e-01
-5.38826883e-01
-5.56459677e-01
-5.77809894e-01
-6.02890036e-01
-6.30383460e-01
-6.56202240e-01
-6.71307172e-01
-6.58927044e-01
-5.91800326e-01
-4.30755203e-01
-1.26716931e-01
3.71220579e-01
1.09946948e+00
2.05639324e+00
3.18169160e+00
4.36819034e+00
4.88510548e+00
4.06113256e+00
3.53801190e+00
2.45738276e+00
1.53877257e+00
8.29722283e-01
3.23534927e-01
-1.86857556e-02
-2.42509483e-01
-3.87113485e-01
-4.81552877e-01
-5.45419595e-01
-5.90982831e-01
-6.25473161e-01
-6.52965271e-01
-6.75711445e-01
-6.94980591e-01
-7.11535679e-01
-7.25883098e-01
-7.38394235e-01
-7.49362263e-01
-7.59028744e-01
-7.67597086e-01
-7.75240473e-01
-7.82107409e-01
-7.88326084e-01
-7.94008025e-01
-7.99251216e-01
-8.04142799e-01
-8.08761437e-01
-8.13179412e-01
-8.17464539e-01
-8.21681952e-01
-8.25895854e-01
-8.30171308e-01
-8.34576148e-01
-8.39183146e-01
-8.44072565e-01
-8.49335302e-01
-8.55076900e-01
-8.61422836e-01
-8.68525668e-01
-8.76574948e-01
-8.85811176e-01
-8.96545557e-01
-9.09187623e-01
-9.24282026e-01
-9.42552193e-01
-9.64938009e-01
-9.92590845e-01
-1.02674387e+00
-1.06830366e+00
-1.11691941e+00
-1.16921717e+00
-1.21591990e+00
-1.23782793e+00
-1.20123349e+00
-1.05436789e+00
-7.27905187e-01
-1.44041720e-01
7.61001180e-01
2.00030062e+00
3.49903130e+00
5.10053158e+00
5.80029322e+00
4.66812213e+00
4.01786707e+00
2.67190762e+00
1.54651096e+00
6.86691585e-01
7.33000070e-02
-3.45747161e-01
-6.26110466e-01
-8.13615238e-01
-9.41435001e-01
-1.03172525e+00
-1.09843765e+00
-1.14998674e+00
-1.19132792e+00
-1.22538906e+00
-1.25396405e+00
-1.27822588e+00
-1.29900231e+00
-1.31691774e+00
-1.33246565e+00
-1.34604711e+00
-1.35799342e+00
-1.36858106e+00
-1.37804262e+00
-1.38657541e+00
-1.39434840e+00
-1.40150798e+00
-1.40818272e+00
-1.41448739e+00
-1.42052648e+00
-1.42639726e+00
-1.43219256e+00
-1.43800347e+00
-1.44392198e+00
-1.45004378e+00
-1.45647144e+00
-1.46331800e+00
-1.47071148e+00
-1.47880057e+00
-1.48776209e+00
-1.49781116e+00
-1.50921527e+00
-1.52231430e+00
-1.53754925e+00
-1.55550342e+00
-1.57695994e+00
-1.60297703e+00
-1.63497214e+00
-1.67478089e+00
-1.72460312e+00
-1.78665598e+00
-1.86222174e+00
-1.94963813e+00
-2.04071798e+00
-2.11525754e+00
-2.13391157e+00
-2.03102616e+00
-1.71124909e+00
-1.05680878e+00
4.50930434e-02
1.64815963e+00
3.67873986e+00
5.91525387e+00
6.91162925e+00
5.38939108e+00
4.55429192e+00
2.82693733e+00
1.41297275e+00
3.46381305e-01
-4.13420701e-01
-9.37577705e-01
-1.29506917e+00
-1.54019986e+00
-1.71153697e+00
-1.83486418e+00
-1.92674069e+00
-1.99753385e+00
-2.05367809e+00
-2.09921470e+00
-2.13676726e+00
-2.16812299e+00
-2.19456426e+00
-2.21705368e+00
-2.23633853e+00
-2.25301239e+00
-2.26755413e+00
-2.28035461e+00
-2.29173615e+00
-2.30196735e+00
-2.31127463e+00
-2.31985149e+00
-2.32786592e+00
-2.33546651e+00
-2.34278756e+00
-2.34995350e+00
-2.35708276e+00
-2.36429146e+00
-2.37169699e+00
-2.37942173e+00
-2.38759717e+00
-2.39636864e+00
-2.40590116e+00
-2.41638674e+00
-2.42805410e+00
-2.44118174e+00
-2.45611621e+00
-2.47329811e+00
-2.49329982e+00
-2.51688047e+00
-2.54506541e+00
-2.57925620e+00
-2.62137007e+00
-2.67398348e+00
-2.74039836e+00
-2.82444262e+00
-2.92964383e+00
-3.05719063e+00
-3.20189312e+00
-3.34533107e+00
-3.44581989e+00
-3.42615910e+00
-3.16298232e+00
-2.48654242e+00
-1.20644869e+00
8.17977380e-01
3.56164149e+00
6.74328206e+00
8.21039368e+00
6.22464982e+00
5.11548855e+00
2.83018541e+00
1.01284363e+00
-3.32915277e-01
-1.28502332e+00
-1.94313216e+00
-2.39483077e+00
-2.70625828e+00
-2.92387646e+00
-3.07908516e+00
-3.19259251e+00
-3.27784046e+00
-3.34349942e+00
-3.39519490e+00
-3.43664665e+00
-3.47038835e+00
-3.49820723e+00
-3.52140791e+00
-3.54097112e+00
-3.55765148e+00
-3.57204025e+00
-3.58460763e+00
-3.59573260e+00
-3.60572474e+00
-3.61484070e+00
-3.62329683e+00
-3.63127906e+00
-3.63895080e+00
-3.64645939e+00
-3.65394155e+00
-3.66152811e+00
-3.66934842e+00
-3.67753458e+00
-3.68622586e+00
-3.69557347e+00
-3.70574624e+00
-3.71693733e+00
-3.72937293e+00
-3.74332358e+00
-3.75911955e+00
-3.77717227e+00
-3.79800492e+00
-3.82229707e+00
-3.85095053e+00
-3.88518649e+00
-3.92668581e+00
-3.97778065e+00
-4.04168756e+00
-4.12272196e+00
-4.22632583e+00
-4.35854635e+00
-4.52430847e+00
-4.72346027e+00
-4.94325382e+00
-5.14591506e+00
-5.25077074e+00
-5.11305652e+00
-4.50781777e+00
-3.13923456e+00
-7.11479392e-01
2.90190392e+00
7.43118830e+00
9.62249608e+00
7.12958183e+00
5.60510927e+00
2.49373184e+00
1.22408265e-01
-1.58054593e+00
-2.76079384e+00
-3.56357815e+00
-4.10496656e+00
-4.46927123e+00
-4.71518129e+00
-4.88263665e+00
-4.99834312e+00
-5.07986683e+00
-5.13860978e+00
-5.18192478e+00
-5.21456872e+00
-5.23966260e+00
-5.25930244e+00
-5.27493700e+00
-5.28759796e+00
-5.29804034e+00
-5.30682988e+00
-5.31439916e+00
-5.32108521e+00
-5.32715550e+00
-5.33282680e+00
-5.33827891e+00
-5.34366520e+00
-5.34912073e+00
-5.35476875e+00
-5.36072608e+00
-5.36710782e+00
-5.37403165e+00
-5.38162210e+00
-5.39001491e+00
-5.39936205e+00
-5.40983747e+00
-5.42164427e+00
-5.43502382e+00
-5.45026783e+00
-5.46773468e+00
-5.48787224e+00
-5.51125041e+00
-5.53860868e+00
-5.57092686e+00
-5.60953083e+00
-5.65624972e+00
-5.71364202e+00
-5.78529927e+00
-5.87620023e+00
-5.99299916e+00
-6.14394951e+00
-6.33784913e+00
-6.58091995e+00
-6.86992176e+00
-7.17915163e+00
-7.43861785e+00
-7.50158330e+00
-7.10454964e+00
-5.83744795e+00
-3.17419875e+00
1.34067837e+00
7.67152520e+00
1.09336401e+01
7.92971565e+00
5.75081271e+00
1.41555913e+00
-1.67299635e+00
-3.77148290e+00
-5.15640852e+00
-6.05184312e+00
-6.62027469e+00
-6.97406944e+00
-7.18931173e+00
-7.31676329e+00
-7.38969997e+00
-7.42946084e+00
-7.44940503e+00
-7.45770974e+00
-7.45929411e+00
-7.45709037e+00
-7.45284795e+00
-7.44762192e+00
-7.44206038e+00
-7.43657008e+00
-7.43141174e+00
-7.42675569e+00
-7.42271539e+00
-7.41936849e+00
-7.41677074e+00
-7.41496540e+00
-7.41399008e+00
-7.41388166e+00
-7.41468028e+00
-7.41643256e+00
-7.41919451e+00
-7.42303443e+00
-7.42803593e+00
-7.43430141e+00
-7.44195616e+00
-7.45115355e+00
-7.46208155e+00
-7.47497146e+00
-7.49010938e+00
-7.50785209e+00
-7.52864910e+00
-7.55307417e+00
-7.58187131e+00
-7.61602326e+00
-7.65685478e+00
-7.70618891e+00
-7.76658015e+00
-7.84164915e+00
-7.93652760e+00
-8.05836637e+00
-8.21672650e+00
-8.42340932e+00
-8.69082157e+00
-9.02722801e+00
-9.42608247e+00
-9.84484689e+00
-1.01663330e+01
-1.01343962e+01
-9.26373634e+00
-6.76262817e+00
-1.61427808e+00
6.87331979e+00
1.16369974e+01
8.06849363e+00
4.77369425e+00
-1.30275987e+00
-5.15528874e+00
-7.50560898e+00
-8.89346254e+00
-9.67923850e+00
-1.00948467e+01
-1.02876154e+01
-1.03504497e+01
-1.03412362e+01
-1.02952580e+01
-1.02332899e+01
-1.01669713e+01
-1.01023770e+01
-1.00423416e+01
-9.98791714e+00
-9.93924389e+00
-9.89604062e+00
-9.85786422e+00
-9.82423716e+00
-9.79470444e+00
-9.76885560e+00
-9.74633048e+00
-9.72681825e+00
-9.71005408e+00
-9.69581523e+00
-9.68391741e+00
-9.67421162e+00
-9.66658173e+00
-9.66094260e+00
-9.65723894e+00
-9.65544493e+00
-9.65556457e+00
-9.65763294e+00
-9.66171850e+00
-9.66792659e+00
-9.67640466e+00
-9.68734942e+00
-9.70101702e+00
-9.71773714e+00
-9.73793280e+00
-9.76214882e+00
-9.79109309e+00
-9.82569787e+00
-9.86721238e+00
-9.91734414e+00
-9.97847470e+00
-1.00539838e+01
-1.01487178e+01
-1.02696210e+01
-1.04264818e+01
-1.06325929e+01
-1.09048101e+01
-1.12618998e+01
-1.17189046e+01
-1.22728118e+01
-1.28694765e+01
-1.33312424e+01
-1.32105549e+01
-1.15416796e+01
-6.58364182e+00
3.91840985e+00
1.06422074e+01
5.87439887e+00
3.94277964e-01
-7.65590521e+00
-1.17023436e+01
-1.36109575e+01
-1.43942677e+01
-1.45927858e+01
-1.44985026e+01
-1.42702648e+01
-1.39937948e+01
-1.37138973e+01
-1.34523145e+01
-1.32179217e+01
-1.30126707e+01
-1.28350684e+01
-1.26821689e+01
-1.25506566e+01
-1.24373789e+01
-1.23395638e+01
-1.22548692e+01
-1.21813553e+01
-1.21174275e+01
-1.20617765e+01
-1.20133254e+01
-1.19711855e+01
-1.19346215e+01
-1.19030249e+01
-1.18758922e+01
-1.18528093e+01
-1.18334381e+01
-1.18175075e+01
-1.18048053e+01
-1.17951734e+01
-1.17885040e+01
-1.17847375e+01
-1.17838623e+01
-1.17859163e+01
-1.17909897e+01
-1.17992309e+01
-1.18108543e+01
-1.18261533e+01
-1.18455170e+01
-1.18694563e+01
-1.18986397e+01
-1.19339481e+01
-1.19765561e+01
-1.20280557e+01
-1.20906478e+01
-1.21674378e+01
-1.22628852e+01
-1.23834718e+01
-1.25386463e+01
-1.27420692e+01
-1.30130732e+01
-1.33780053e+01
-1.38705249e+01
-1.45282789e+01
-1.53783616e+01
-1.63889205e+01
-1.73241967e+01
-1.73593201e+01
-1.42538450e+01
-3.29306644e+00
5.82032128e+00
-3.39214253e+00
-1.39923811e+01
-2.14962639e+01
-2.30900405e+01
-2.26572986e+01
-2.15911513e+01
-2.04150982e+01
-1.93221363e+01
-1.83727148e+01
-1.75735481e+01
-1.69107627e+01
-1.63641955e+01
-1.59134917e+01
-1.55405156e+01
-1.52300766e+01
-1.49698939e+01
-1.47502449e+01
-1.45635169e+01
-1.44037709e+01
-1.42663633e+01
-1.41476407e+01
-1.40447039e+01
-1.39552305e+01
-1.38773433e+01
-1.38095124e+01
-1.37504831e+01
-1.36992217e+01
-1.36548747e+01
-1.36167369e+01
-1.35842279e+01
-1.35568737e+01
-1.35342920e+01
-1.35161820e+01
-1.35023164e+01
-1.34925362e+01
-1.34867477e+01
-1.34849220e+01
-1.34870960e+01
-1.34933777e+01
-1.35039526e+01
-1.35190964e+01
-1.35391916e+01
-1.35647526e+01
-1.35964630e+01
-1.36352287e+01
-1.36822587e+01
-1.37391872e+01
-1.38082603e+01
-1.38926288e+01
-1.39968036e+01
-1.41273662e+01
-1.42940630e+01
-1.45114626e+01
-1.48014170e+01
-1.51966512e+01
-1.57459148e+01
-1.65211130e+01
-1.76256477e+01
-1.91956899e+01
-2.13506832e+01
-2.39092835e+01
-2.52411300e+01
-1.87126269e+01
-6.31028848e+00
-9.62928225e+00
-2.31972500e+01
-2.88534366e+01
-2.88267454e+01
-2.70730774e+01
-2.50096347e+01
-2.31138048e+01
-2.15127729e+01
-2.02071037e+01
-1.91568884e+01
-1.83145969e+01
-1.76368126e+01
-1.70875710e+01
-1.66384560e+01
-1.62675740e+01
-1.59582718e+01
-1.56979406e+01
-1.54770173e+01
-1.52882027e+01
-1.51258713e+01
-1.49856366e+01
-1.48640376e+01
-1.47583105e+01
-1.46662262e+01
-1.45859698e+01
-1.45160544e+01
-1.44552543e+01
-1.44025570e+01
-1.43571244e+01
-1.43182653e+01
-1.42854117e+01
-1.42581032e+01
-1.42359728e+01
-1.42187381e+01
-1.42061940e+01
-1.41982093e+01
-1.41947242e+01
-1.41957522e+01
-1.42013831e+01
-1.42117905e+01
-1.42272428e+01
-1.42481207e+01
-1.42749411e+01
-1.43083940e+01
-1.43493941e+01
-1.43991597e+01
-1.44593290e+01
-1.45321394e+01
-1.46207054e+01
-1.47294544e+01
-1.48648136e+01
-1.50362928e+01
-1.52581799e+01
-1.55521697e+01
-1.59514048e+01
-1.65066432e+01
-1.72955985e+01
-1.84364631e+01
-2.01030161e+01
-2.25142351e+01
-2.57495994e+01
-2.87829967e+01
-2.61087293e+01
-1.23136920e+01
