# vtk DataFile Version 3.0
Lid-Driven Cavity Re=100 Step=800
ASCII
DATASET STRUCTURED_POINTS
DIMENSIONS 64 64 1
ORIGIN 0.007812 0.007812 0.0
SPACING 0.015625 0.015625 1.0
POINT_DATA 4096
VECTORS velocity double
2.00913978e-04 1.64703332e-04 0.0
3.72473100e-04 2.12220235e-04 0.0
3.01458354e-04 2.24538680e-04 0.0
2.02920047e-04 2.39772947e-04 0.0
7.02062433e-05 2.58730360e-04 0.0
-1.00948831e-04 2.78230540e-04 0.0
-3.09504820e-04 2.96144145e-04 0.0
-5.51336213e-04 3.11522475e-04 0.0
-8.21064372e-04 3.24055255e-04 0.0
-1.11307117e-03 3.33819209e-04 0.0
-1.42200820e-03 3.41001345e-04 0.0
-1.74301030e-03 3.45903488e-04 0.0
-2.07177405e-03 3.48779844e-04 0.0
-2.40454636e-03 3.49931785e-04 0.0
-2.73808567e-03 3.49564171e-04 0.0
-3.06959248e-03 3.47919105e-04 0.0
-3.39664421e-03 3.45126518e-04 0.0
-3.71711926e-03 3.41361961e-04 0.0
-4.02913581e-03 3.36685198e-04 0.0
-4.33098751e-03 3.31216019e-04 0.0
-4.62109685e-03 3.24959476e-04 0.0
-4.89796838e-03 3.17996206e-04 0.0
-5.16015927e-03 3.10294690e-04 0.0
-5.40625059e-03 3.01913467e-04 0.0
-5.63483394e-03 2.92801646e-04 0.0
-5.84449905e-03 2.83010809e-04 0.0
-6.03383401e-03 2.72485488e-04 0.0
-6.20142647e-03 2.61282762e-04 0.0
-6.34587482e-03 2.49354700e-04 0.0
-6.46580040e-03 2.36773697e-04 0.0
-6.55986712e-03 2.23509049e-04 0.0
-6.62680249e-03 2.09656048e-04 0.0
-6.66542369e-03 1.95208869e-04 0.0
-6.67466548e-03 1.80291366e-04 0.0
-6.65361088e-03 1.64928444e-04 0.0
-6.60152422e-03 1.49276404e-04 0.0
-6.51788464e-03 1.33394885e-04 0.0
-6.40242227e-03 1.17474540e-04 0.0
-6.25515236e-03 1.01611581e-04 0.0
-6.07641223e-03 8.60305141e-05 0.0
-5.86689334e-03 7.08632414e-05 0.0
-5.62767595e-03 5.63646180e-05 0.0
-5.36025581e-03 4.26980064e-05 0.0
-5.06657290e-03 3.01414926e-05 0.0
-4.74902892e-03 1.88817725e-05 0.0
-4.41050599e-03 9.20902212e-06 0.0
-4.05437083e-03 1.32102695e-06 0.0
-3.68447948e-03 -4.49504051e-06 0.0
-3.30516453e-03 -8.04623040e-06 0.0
-2.92122265e-03 -9.06649902e-06 0.0
-2.53788282e-03 -7.38584002e-06 0.0
-2.16077582e-03 -2.77828647e-06 0.0
-1.79588423e-03 4.88596764e-06 0.0
-1.44949704e-03 1.57770970e-05 0.0
-1.12814789e-03 2.99737134e-05 0.0
-8.38565323e-04 4.75852865e-05 0.0
-5.87617058e-04 6.86458869e-05 0.0
-3.82284302e-04 9.32277922e-05 0.0
-2.29650694e-04 1.21365815e-04 0.0
-1.36905366e-04 1.53123193e-04 0.0
-1.11046137e-04 1.88249939e-04 0.0
-1.56669061e-04 2.24585566e-04 0.0
-2.63756751e-04 2.49678603e-04 0.0
-1.64930700e-04 2.02097203e-04 0.0
2.41844387e-04 2.70429200e-04 0.0
4.73847369e-04 4.34279215e-04 0.0
3.80868684e-04 5.32220291e-04 0.0
1.48733244e-04 6.28538757e-04 0.0
-2.09674524e-04 7.26879688e-04 0.0
-6.83468396e-04 8.20837461e-04 0.0
-1.26078772e-03 9.05236335e-04 0.0
-1.92809323e-03 9.77405000e-04 0.0
-2.67087948e-03 1.03654280e-03 0.0
-3.47460914e-03 1.08293946e-03 0.0
-4.32539158e-03 1.11749111e-03 0.0
-5.21040217e-03 1.14133387e-03 0.0
-6.11805766e-03 1.15569617e-03 0.0
-7.03806123e-03 1.16173638e-03 0.0
-7.96133106e-03 1.16053404e-03 0.0
-8.87989317e-03 1.15300130e-03 0.0
-9.78672667e-03 1.13993283e-03 0.0
-1.06756181e-02 1.12194308e-03 0.0
-1.15410007e-02 1.09954385e-03 0.0
-1.23778221e-02 1.07308845e-03 0.0
-1.31814121e-02 1.04286310e-03 0.0
-1.39473842e-02 1.00902941e-03 0.0
-1.46715435e-02 9.71722657e-04 0.0
-1.53498288e-02 9.30988739e-04 0.0
-1.59782615e-02 8.86885534e-04 0.0
-1.65529250e-02 8.39413241e-04 0.0
-1.70699509e-02 7.88616808e-04 0.0
-1.75255304e-02 7.34509927e-04 0.0
-1.79159313e-02 6.77177630e-04 0.0
-1.82375359e-02 6.16694925e-04 0.0
-1.84868827e-02 5.53229030e-04 0.0
-1.86607240e-02 4.86953869e-04 0.0
-1.87560879e-02 4.18151407e-04 0.0
-1.87703503e-02 3.47123123e-04 0.0
-1.87013122e-02 2.74289675e-04 0.0
-1.85472807e-02 2.00100182e-04 0.0
-1.83071564e-02 1.25129149e-04 0.0
-1.79805192e-02 4.99840955e-05 0.0
-1.75677188e-02 -2.46016182e-05 0.0
-1.70699591e-02 -9.78625176e-05 0.0
-1.64893852e-02 -1.68913811e-04 0.0
-1.58291582e-02 -2.36846302e-04 0.0
-1.50935308e-02 -3.00646347e-04 0.0
-1.42879029e-02 -3.59291754e-04 0.0
-1.34188756e-02 -4.11680251e-04 0.0
-1.24942776e-02 -4.56725930e-04 0.0
-1.15231864e-02 -4.93297135e-04 0.0
-1.05159151e-02 -5.20312521e-04 0.0
-9.48398939e-03 -5.36688574e-04 0.0
-8.44008359e-03 -5.41433647e-04 0.0
-7.39794386e-03 -5.33604542e-04 0.0
-6.37226292e-03 -5.12396368e-04 0.0
-5.37853846e-03 -4.77107490e-04 0.0
-4.43287317e-03 -4.27224217e-04 0.0
-3.55174630e-03 -3.62396829e-04 0.0
-2.75169816e-03 -2.82526742e-04 0.0
-2.04892904e-03 -1.87776904e-04 0.0
-1.45867748e-03 -7.87216967e-05 0.0
-9.94205427e-04 4.34388973e-05 0.0
-6.64826383e-04 1.76164662e-04 0.0
-4.71823046e-04 3.13579182e-04 0.0
-3.99808876e-04 4.40081190e-04 0.0
-4.01277839e-04 5.09915905e-04 0.0
-2.05916381e-04 3.81843620e-04 0.0
2.11476531e-04 1.82854425e-04 0.0
3.83165524e-04 4.83911149e-04 0.0
2.02914650e-04 7.55820596e-04 0.0
-1.79369588e-04 1.01936377e-03 0.0
-7.57111224e-04 1.27220952e-03 0.0
-1.51352032e-03 1.50571895e-03 0.0
-2.42858139e-03 1.71274338e-03 0.0
-3.48077385e-03 1.88940690e-03 0.0
-4.64805482e-03 2.03461890e-03 0.0
-5.90868416e-03 2.14923585e-03 0.0
-7.24191720e-03 2.23522353e-03 0.0
-8.62844039e-03 2.29515112e-03 0.0
-1.00506296e-02 2.33173929e-03 0.0
-1.14926049e-02 2.34769034e-03 0.0
-1.29401964e-02 2.34545938e-03 0.0
-1.43807973e-02 2.32725917e-03 0.0
-1.58032016e-02 2.29493284e-03 0.0
-1.71973910e-02 2.25004600e-03 0.0
-1.85543469e-02 2.19380139e-03 0.0
-1.98658456e-02 2.12717485e-03 0.0
-2.11242976e-02 2.05084239e-03 0.0
-2.23225873e-02 1.96533707e-03 0.0
-2.34539614e-02 1.87097357e-03 0.0
-2.45119253e-02 1.76801345e-03 0.0
-2.54901856e-02 1.65658026e-03 0.0
-2.63826027e-02 1.53682660e-03 0.0
-2.71831835e-02 1.40883761e-03 0.0
-2.78860836e-02 1.27279681e-03 0.0
-2.84856421e-02 1.12887839e-03 0.0
-2.89764254e-02 9.77410623e-04 0.0
-2.93532954e-02 8.18758765e-04 0.0
-2.96114865e-02 6.53485321e-04 0.0
-2.97466992e-02 4.82225458e-04 0.0
-2.97552023e-02 3.05843339e-04 0.0
-2.96339438e-02 1.25301573e-04 0.0
-2.93806708e-02 -5.81878304e-05 0.0
-2.89940504e-02 -2.43299067e-04 0.0
-2.84737984e-02 -4.28449049e-04 0.0
-2.78208016e-02 -6.11937786e-04 0.0
-2.70372458e-02 -7.91814962e-04 0.0
-2.61267288e-02 -9.66025252e-04 0.0
-2.50943771e-02 -1.13228782e-03 0.0
-2.39469364e-02 -1.28824691e-03 0.0
-2.26928641e-02 -1.43136701e-03 0.0
-2.13423829e-02 -1.55908887e-03 0.0
-1.99075328e-02 -1.66874271e-03 0.0
-1.84021721e-02 -1.75770914e-03 0.0
-1.68419710e-02 -1.82335194e-03 0.0
-1.52443420e-02 -1.86318265e-03 0.0
-1.36283548e-02 -1.87481356e-03 0.0
-1.20145753e-02 -1.85612463e-03 0.0
-1.04248774e-02 -1.80523821e-03 0.0
-8.88215984e-03 -1.72069067e-03 0.0
-7.41001224e-03 -1.60143940e-03 0.0
-6.03224477e-03 -1.44706127e-03 0.0
-4.77229955e-03 -1.25784360e-03 0.0
-3.65239760e-03 -1.03511887e-03 0.0
-2.69233941e-03 -7.81680006e-04 0.0
-1.90761968e-03 -5.02784901e-04 0.0
-1.30648496e-03 -2.08118507e-04 0.0
-8.85325538e-04 8.37065970e-05 0.0
-6.22628546e-04 3.35246677e-04 0.0
-4.75512898e-04 4.69108004e-04 0.0
-2.12075141e-04 3.31003689e-04 0.0
1.72009952e-04 1.65137370e-04 0.0
2.43581730e-04 6.24137218e-04 0.0
-7.70316664e-05 1.11646444e-03 0.0
-6.42176142e-04 1.60615464e-03 0.0
-1.45047727e-03 2.07147087e-03 0.0
-2.48440511e-03 2.49680434e-03 0.0
-3.71972892e-03 2.87205607e-03 0.0
-5.12952997e-03 3.19210126e-03 0.0
-6.68609697e-03 3.45578931e-03 0.0
-8.36210443e-03 3.66471936e-03 0.0
-1.01313657e-02 3.82225457e-03 0.0
-1.19693621e-02 3.93266024e-03 0.0
-1.38535050e-02 4.00058576e-03 0.0
-1.57632628e-02 4.03060087e-03 0.0
-1.76801098e-02 4.02701393e-03 0.0
-1.95874216e-02 3.99364412e-03 0.0
-2.14702704e-02 3.93383040e-03 0.0
-2.33152276e-02 3.85032466e-03 0.0
-2.51101192e-02 3.74540211e-03 0.0
-2.68438234e-02 3.62080913e-03 0.0
-2.85060528e-02 3.47792355e-03 0.0
-3.00871929e-02 3.31772007e-03 0.0
-3.15781431e-02 3.14095085e-03 0.0
-3.29702150e-02 2.94810817e-03 0.0
-3.42550407e-02 2.73960911e-03 0.0
-3.54245341e-02 2.51574595e-03 0.0
-3.64708631e-02 2.27686689e-03 0.0
-3.73864677e-02 2.02331113e-03 0.0
-3.81640881e-02 1.75558266e-03 0.0
-3.87968293e-02 1.47427056e-03 0.0
-3.92782353e-02 1.18021497e-03 0.0
-3.96023896e-02 8.74414644e-04 0.0
-3.97640251e-02 5.58184755e-04 0.0
-3.97586514e-02 2.33053573e-04 0.0
-3.95826897e-02 -9.90888142e-05 0.0
-3.92336165e-02 -4.36103694e-04 0.0
-3.87101148e-02 -7.75465966e-04 0.0
-3.80122224e-02 -1.11438727e-03 0.0
-3.71414883e-02 -1.44969208e-03 0.0
-3.61011148e-02 -1.77795168e-03 0.0
-3.48961056e-02 -2.09537776e-03 0.0
-3.35333871e-02 -2.39796870e-03 0.0
-3.20219339e-02 -2.68142459e-03 0.0
-3.03728530e-02 -2.94130749e-03 0.0
-2.85994677e-02 -3.17298152e-03 0.0
-2.67173464e-02 -3.37178853e-03 0.0
-2.47443229e-02 -3.53301648e-03 0.0
-2.27004468e-02 -3.65209117e-03 0.0
-2.06079153e-02 -3.72457567e-03 0.0
-1.84909159e-02 -3.74637916e-03 0.0
-1.63754374e-02 -3.71379164e-03 0.0
-1.42889659e-02 -3.62371549e-03 0.0
-1.22601245e-02 -3.47375017e-03 0.0
-1.03181560e-02 -3.26247406e-03 0.0
-8.49229517e-03 -2.98963605e-03 0.0
-6.81089380e-03 -2.65659684e-03 0.0
-5.30030516e-03 -2.26684087e-03 0.0
-3.98332001e-03 -1.82698632e-03 0.0
-2.87710081e-03 -1.34840583e-03 0.0
-1.99042460e-03 -8.50297168e-04 0.0
-1.32057524e-03 -3.65115606e-04 0.0
-8.51141760e-04 5.19459722e-05 0.0
-5.54669552e-04 3.08824917e-04 0.0
-2.22872775e-04 2.63232418e-04 0.0
1.35328543e-04 2.23571288e-04 0.0
9.88818550e-05 8.96354688e-04 0.0
-3.86016396e-04 1.64976405e-03 0.0
-1.15609320e-03 2.40808577e-03 0.0
-2.20673703e-03 3.12849506e-03 0.0
-3.51848047e-03 3.78546575e-03 0.0
-5.06413779e-03 4.36439100e-03 0.0
-6.81295777e-03 4.85840638e-03 0.0
-8.73303934e-03 5.26615264e-03 0.0
-1.07927390e-02 5.59008669e-03 0.0
-1.29616123e-02 5.83504619e-03 0.0
-1.52109598e-02 6.00724049e-03 0.0
-1.75141818e-02 6.11339907e-03 0.0
-1.98468874e-02 6.16028284e-03 0.0
-2.21869131e-02 6.15423744e-03 0.0
-2.45141870e-02 6.10104201e-03 0.0
-2.68105727e-02 6.00570337e-03 0.0
-2.90596272e-02 5.87250251e-03 0.0
-3.12463889e-02 5.70491732e-03 0.0
-3.33571243e-02 5.50577582e-03 0.0
-3.53791325e-02 5.27723711e-03 0.0
-3.73005355e-02 5.02099456e-03 0.0
-3.91101367e-02 4.73827297e-03 0.0
-4.07972796e-02 4.43004807e-03 0.0
-4.23517738e-02 4.09703661e-03 0.0
-4.37638270e-02 3.73991399e-03 0.0
-4.50240368e-02 3.35928678e-03 0.0
-4.61233908e-02 2.95590016e-03 0.0
-4.70533162e-02 2.53058994e-03 0.0
-4.78057376e-02 2.08447715e-03 0.0
-4.83731727e-02 1.61890071e-03 0.0
-4.87488365e-02 1.13559854e-03 0.0
-4.89267714e-02 6.36623024e-04 0.0
-4.89019867e-02 1.24508337e-04 0.0
-4.86706108e-02 -3.97829768e-04 0.0
-4.82300537e-02 -9.26942006e-04 0.0
-4.75791711e-02 -1.45896119e-03 0.0
-4.67184372e-02 -1.98946853e-03 0.0
-4.56501064e-02 -2.51362593e-03 0.0
-4.43783846e-02 -3.02606472e-03 0.0
-4.29095736e-02 -3.52103683e-03 0.0
-4.12522242e-02 -3.99233107e-03 0.0
-3.94172475e-02 -4.43344608e-03 0.0
-3.74180307e-02 -4.83753956e-03 0.0
-3.52704956e-02 -5.19762631e-03 0.0
-3.29931536e-02 -5.50656573e-03 0.0
-3.06070874e-02 -5.75728825e-03 0.0
-2.81359181e-02 -5.94282671e-03 0.0
-2.56056771e-02 -6.05657507e-03 0.0
-2.30446507e-02 -6.09237100e-03 0.0
-2.04830998e-02 -6.04479534e-03 0.0
-1.79529301e-02 -5.90932230e-03 0.0
-1.54871989e-02 -5.68268597e-03 0.0
-1.31195312e-02 -5.36314792e-03 0.0
-1.08833104e-02 -4.95101804e-03 0.0
-8.81070749e-03 -4.44919695e-03 0.0
-6.93138952e-03 -3.86412606e-03 0.0
-5.27097669e-03 -3.20708153e-03 0.0
-3.84913940e-03 -2.49635042e-03 0.0
-2.67761686e-03 -1.76053853e-03 0.0
-1.75858536e-03 -1.04374319e-03 0.0
-1.08474729e-03 -4.12690069e-04 0.0
-6.42999856e-04 3.52483170e-05 0.0
-2.39173170e-04 1.68385006e-04 0.0
1.02838508e-04 3.51172763e-04 0.0
-3.82881913e-05 1.31209661e-03 0.0
-6.92765602e-04 2.37340615e-03 0.0
-1.67637525e-03 3.43813994e-03 0.0
-2.97495746e-03 4.44768125e-03 0.0
-4.56405513e-03 5.36713641e-03 0.0
-6.41273026e-03 6.17707295e-03 0.0
-8.48673360e-03 6.86856931e-03 0.0
-1.07506396e-02 7.44000309e-03 0.0
-1.31693252e-02 7.89464862e-03 0.0
-1.57088822e-02 8.23894573e-03 0.0
-1.83372528e-02 8.48109160e-03 0.0
-2.10245438e-02 8.63009734e-03 0.0
-2.37432131e-02 8.69499691e-03 0.0
-2.64680458e-02 8.68442297e-03 0.0
-2.91760861e-02 8.60621288e-03 0.0
-3.18464368e-02 8.46731440e-03 0.0
-3.44600732e-02 8.27362885e-03 0.0
-3.69995823e-02 8.03011118e-03 0.0
-3.94489540e-02 7.74073957e-03 0.0
-4.17933376e-02 7.40871809e-03 0.0
-4.40188675e-02 7.03650026e-03 0.0
-4.61124784e-02 6.62603524e-03 0.0
-4.80617942e-02 6.17880125e-03 0.0
-4.98550182e-02 5.69606008e-03 0.0
-5.14808922e-02 5.17887677e-03 0.0
-5.29286623e-02 4.62836423e-03 0.0
-5.41881037e-02 4.04567899e-03 0.0
-5.52495539e-02 3.43224854e-03 0.0
-5.61039930e-02 2.78974114e-03 0.0
-5.67431324e-02 2.12027377e-03 0.0
-5.71595380e-02 1.42635761e-03 0.0
-5.73467626e-02 7.11086285e-04 0.0
-5.72994984e-02 -2.19409859e-05 0.0
-5.70137406e-02 -7.68451699e-04 0.0
-5.64869570e-02 -1.52359853e-03 0.0
-5.57182681e-02 -2.28181458e-03 0.0
-5.47086215e-02 -3.03693448e-03 0.0
-5.34609755e-02 -3.78207678e-03 0.0
-5.19804614e-02 -4.50979025e-03 0.0
-5.02745565e-02 -5.21196923e-03 0.0
-4.83532184e-02 -5.88002894e-03 0.0
-4.62290276e-02 -6.50486042e-03 0.0
-4.39172751e-02 -7.07703990e-03 0.0
-4.14360534e-02 -7.58683076e-03 0.0
-3.88062727e-02 -8.02443260e-03 0.0
-3.60516731e-02 -8.38003874e-03 0.0
-3.31987389e-02 -8.64413211e-03 0.0
-3.02765963e-02 -8.80760884e-03 0.0
-2.73167844e-02 -8.86213211e-03 0.0
-2.43529902e-02 -8.80033952e-03 0.0
-2.14206201e-02 -8.61627912e-03 0.0
-1.85563044e-02 -8.30574097e-03 0.0
-1.57971921e-02 -7.86683912e-03 0.0
-1.31801353e-02 -7.30057454e-03 0.0
-1.07406140e-02 -6.61173611e-03 0.0
-8.51152028e-03 -5.80997420e-03 0.0
-6.52169221e-03 -4.91145126e-03 0.0
-4.79443682e-03 -3.94105470e-03 0.0
-3.34616301e-03 -2.93561333e-03 0.0
-2.18578228e-03 -1.94806783e-03 0.0
-1.31552585e-03 -1.05244859e-03 0.0
-7.34059140e-04 -3.48200502e-04 0.0
-2.57629624e-04 3.88016334e-05 0.0
7.40354143e-05 5.40053924e-04 0.0
-1.64950328e-04 1.86908807e-03 0.0
-9.84970403e-04 3.29092032e-03 0.0
-2.18105000e-03 4.70032821e-03 0.0
-3.72655961e-03 6.02960000e-03 0.0
-5.58946385e-03 7.23723973e-03 0.0
-7.73373954e-03 8.29994256e-03 0.0
-1.01211461e-02 9.20713653e-03 0.0
-1.27128438e-02 9.95706837e-03 0.0
-1.54705446e-02 1.05540033e-02 0.0
-1.83573929e-02 1.10060315e-02 0.0
-2.13384773e-02 1.13235005e-02 0.0
-2.43811946e-02 1.15177380e-02 0.0
-2.74553560e-02 1.16002324e-02 0.0
-3.05332314e-02 1.15819426e-02 0.0
-3.35894181e-02 1.14729711e-02 0.0
-3.66007091e-02 1.12822502e-02 0.0
-3.95458509e-02 1.10175271e-02 0.0
-4.24053451e-02 1.06852733e-02 0.0
-4.51611869e-02 1.02908512e-02 0.0
-4.77966744e-02 9.83853891e-03 0.0
-5.02961873e-02 9.33178637e-03 0.0
-5.26450459e-02 8.77328366e-03 0.0
-5.48293589e-02 8.16524909e-03 0.0
-5.68359514e-02 7.50949677e-03 0.0
-5.86522900e-02 6.80772269e-03 0.0
-6.02664808e-02 6.06154984e-03 0.0
-6.16672696e-02 5.27279556e-03 0.0
-6.28441009e-02 4.44348582e-03 0.0
-6.37871825e-02 3.57609784e-03 0.0
-6.44875953e-02 2.67354274e-03 0.0
-6.49374092e-02 1.73938201e-03 0.0
-6.51298293e-02 7.77780392e-04 0.0
-6.50593506e-02 -2.06304190e-04 0.0
-6.47219270e-02 -1.20719616e-03 0.0
-6.41151512e-02 -2.21834056e-03 0.0
-6.32384325e-02 -3.23240735e-03 0.0
-6.20931876e-02 -4.24116163e-03 0.0
-6.06830132e-02 -5.23559903e-03 0.0
-5.90138721e-02 -6.20585370e-03 0.0
-5.70942450e-02 -7.14136904e-03 0.0
-5.49352948e-02 -8.03085075e-03 0.0
-5.25509795e-02 -8.86247892e-03 0.0
-4.99581750e-02 -9.62391509e-03 0.0
-4.71767268e-02 -1.03025633e-02 0.0
-4.42295065e-02 -1.08856417e-02 0.0
-4.11423748e-02 -1.13605029e-02 0.0
-3.79441386e-02 -1.17147835e-02 0.0
-3.46663879e-02 -1.19367974e-02 0.0
-3.13433099e-02 -1.20157836e-02 0.0
-2.80113488e-02 -1.19423951e-02 0.0
-2.47088188e-02 -1.17090793e-02 0.0
-2.14753222e-02 -1.13107104e-02 0.0
-1.83510916e-02 -1.07451742e-02 0.0
-1.53761008e-02 -1.00142505e-02 0.0
-1.25890867e-02 -9.12456345e-03 0.0
-1.00263511e-02 -8.08894601e-03 0.0
-7.72055769e-03 -6.92807542e-03 0.0
-5.69950623e-03 -5.67271383e-03 0.0
-3.98529439e-03 -4.36642116e-03 0.0
-2.59408323e-03 -3.06883519e-03 0.0
-1.53706613e-03 -1.85894308e-03 0.0
-8.22677270e-04 -8.37551908e-04 0.0
-2.76061860e-04 -1.27640542e-04 0.0
4.82815128e-05 7.83477320e-04 0.0
-2.81146140e-04 2.55982098e-03 0.0
-1.25863654e-03 4.39770886e-03 0.0
-2.66057828e-03 6.19157454e-03 0.0
-4.44709989e-03 7.87040392e-03 0.0
-6.57718538e-03 9.38944709e-03 0.0
-9.00851189e-03 1.07233643e-02 0.0
-1.16982144e-02 1.18608532e-02 0.0
-1.46037419e-02 1.28006113e-02 0.0
-1.76837139e-02 1.35481701e-02 0.0
-2.08984990e-02 1.41135399e-02 0.0
-2.42106883e-02 1.45093099e-02 0.0
-2.75853027e-02 1.47493091e-02 0.0
-3.09899390e-02 1.48475100e-02 0.0
-3.43947121e-02 1.48173688e-02 0.0
-3.77721892e-02 1.46712659e-02 0.0
-4.10971812e-02 1.44202997e-02 0.0
-4.43465714e-02 1.40740727e-02 0.0
-4.74990532e-02 1.36407703e-02 0.0
-5.05349360e-02 1.31271469e-02 0.0
-5.34358979e-02 1.25387641e-02 0.0
-5.61848241e-02 1.18800730e-02 0.0
-5.87656166e-02 1.11547236e-02 0.0
-6.11630927e-02 1.03656749e-02 0.0
-6.33628710e-02 9.51552049e-03 0.0
-6.53513391e-02 8.60658544e-03 0.0
-6.71156176e-02 7.64123795e-03 0.0
-6.86435939e-02 6.62195470e-03 0.0
-6.99239570e-02 5.55160433e-03 0.0
-7.09462874e-02 4.43347515e-03 0.0
-7.17011510e-02 3.27152636e-03 0.0
-7.21802324e-02 2.07037833e-03 0.0
-7.23764741e-02 8.35530707e-04 0.0
-7.22842395e-02 -4.26683086e-04 0.0
-7.18994842e-02 -1.70891181e-03 0.0
-7.12199337e-02 -3.00286720e-03 0.0
-7.02452731e-02 -4.29917688e-03 0.0
-6.89773254e-02 -5.58750212e-03 0.0
-6.74202444e-02 -6.85643291e-03 0.0
-6.55806784e-02 -8.09364667e-03 0.0
-6.34679505e-02 -9.28585279e-03 0.0
-6.10941920e-02 -1.04189985e-02 0.0
-5.84744911e-02 -1.14782726e-02 0.0
-5.56269770e-02 -1.24483666e-02 0.0
-5.25729165e-02 -1.33135500e-02 0.0
-4.93367236e-02 -1.40579991e-02 0.0
-4.59459763e-02 -1.46659588e-02 0.0
-4.24313203e-02 -1.51221557e-02 0.0
-3.88263674e-02 -1.54120686e-02 0.0
-3.51674498e-02 -1.55224497e-02 0.0
-3.14933496e-02 -1.54417361e-02 0.0
-2.78448478e-02 -1.51607181e-02 0.0
-2.42642241e-02 -1.46731444e-02 0.0
-2.07945429e-02 -1.39766066e-02 0.0
-1.74788782e-02 -1.30734330e-02 0.0
-1.43593212e-02 -1.19719137e-02 0.0
-1.14759753e-02 -1.06876441e-02 0.0
-8.86583812e-03 -9.24527712e-03 0.0
-6.56188344e-03 -7.68049277e-03 0.0
-4.59236242e-03 -6.04235207e-03 0.0
-2.98076569e-03 -4.39569461e-03 0.0
-1.74648734e-03 -2.82336409e-03 0.0
-9.06438084e-04 -1.42755954e-03 0.0
-2.93489203e-04 -3.29907982e-04 0.0
2.50059721e-05 1.07590944e-03 0.0
-3.87809677e-04 3.37535785e-03 0.0
-1.51343024e-03 5.68529373e-03 0.0
-3.11192990e-03 7.90444787e-03 0.0
-5.13066062e-03 9.96280280e-03 0.0
-7.51905120e-03 1.18155501e-02 0.0
-1.02278033e-02 1.34373688e-02 0.0
-1.32088005e-02 1.48175831e-02 0.0
-1.64154839e-02 1.59561298e-02 0.0
-1.98032075e-02 1.68603901e-02 0.0
-2.33296474e-02 1.75425908e-02 0.0
-2.69550065e-02 1.80178585e-02 0.0
-3.06422013e-02 1.83026234e-02 0.0
-3.43568450e-02 1.84135341e-02 0.0
-3.80672313e-02 1.83665652e-02 0.0
-4.17441572e-02 1.81765381e-02 0.0
-4.53607819e-02 1.78567119e-02 0.0
-4.88923708e-02 1.74187115e-02 0.0
-5.23161072e-02 1.68724238e-02 0.0
-5.56108293e-02 1.62261759e-02 0.0
-5.87568533e-02 1.54868007e-02 0.0
-6.17357532e-02 1.46599452e-02 0.0
-6.45302331e-02 1.37502079e-02 0.0
-6.71239752e-02 1.27614957e-02 0.0
-6.95015787e-02 1.16971697e-02 0.0
-7.16484855e-02 1.05604015e-02 0.0
-7.35509868e-02 9.35429295e-03 0.0
-7.51962234e-02 8.08220555e-03 0.0
-7.65722532e-02 6.74783994e-03 0.0
-7.76681168e-02 5.35552812e-03 0.0
-7.84739534e-02 3.91026869e-03 0.0
-7.89811200e-02 2.41797940e-03 0.0
-7.91823421e-02 8.85488996e-04 0.0
-7.90718721e-02 -6.79250660e-04 0.0
-7.86456614e-02 -2.26721510e-03 0.0
-7.79015440e-02 -3.86813740e-03 0.0
-7.68394156e-02 -5.47060180e-03 0.0
-7.54614275e-02 -7.06192033e-03 0.0
-7.37721588e-02 -8.62827271e-03 0.0
-7.17788056e-02 -1.01546362e-02 0.0
-6.94913306e-02 -1.16249774e-02 0.0
-6.69226322e-02 -1.30222446e-02 0.0
-6.40886546e-02 -1.43286200e-02 0.0
-6.10085189e-02 -1.55255870e-02 0.0
-5.77045736e-02 -1.65942551e-02 0.0
-5.42024645e-02 -1.75155191e-02 0.0
-5.05311010e-02 -1.82704747e-02 0.0
-4.67226333e-02 -1.88406925e-02 0.0
-4.28122989e-02 -1.92087503e-02 0.0
-3.88382651e-02 -1.93586549e-02 0.0
-3.48413070e-02 -1.92765269e-02 0.0
-3.08644629e-02 -1.89512158e-02 0.0
-2.69524887e-02 -1.83751897e-02 0.0
-2.31512752e-02 -1.75454063e-02 0.0
-1.95070460e-02 -1.64644801e-02 0.0
-1.60655368e-02 -1.51418912e-02 0.0
-1.28709989e-02 -1.35955117e-02 0.0
-9.96529558e-03 -1.18532169e-02 0.0
-7.38700057e-03 -9.95477242e-03 0.0
-5.17085448e-03 -7.95371515e-03 0.0
-3.34754001e-03 -5.91922139e-03 0.0
-1.94412516e-03 -3.93751516e-03 0.0
-9.84993259e-04 -2.11257737e-03 0.0
-3.09715983e-04 -5.65784066e-04 0.0
3.79065587e-06 1.41281291e-03 0.0
-4.86123061e-04 4.30688752e-03 0.0
-1.75055401e-03 7.14382907e-03 0.0
-3.53545331e-03 9.82932861e-03 0.0
-5.77622721e-03 1.22974503e-02 0.0
-8.41286785e-03 1.45059610e-02 0.0
-1.13887451e-02 1.64316207e-02 0.0
-1.46501770e-02 1.80657971e-02 0.0
-1.81462548e-02 1.94107201e-02 0.0
-2.18289523e-02 2.04762671e-02 0.0
-2.56531567e-02 2.12774103e-02 0.0
-2.95767839e-02 2.18320805e-02 0.0
-3.35607234e-02 2.21595966e-02 0.0
-3.75688258e-02 2.22793708e-02 0.0
-4.15677251e-02 2.22100830e-02 0.0
-4.55267133e-02 2.19690060e-02 0.0
-4.94174840e-02 2.15717158e-02 0.0
-5.32139493e-02 2.10318406e-02 0.0
-5.68919623e-02 2.03611272e-02 0.0
-6.04291319e-02 1.95694495e-02 0.0
-6.38045740e-02 1.86650822e-02 0.0
-6.69987626e-02 1.76548432e-02 0.0
-6.99933427e-02 1.65444640e-02 0.0
-7.27710408e-02 1.53387756e-02 0.0
-7.53155524e-02 1.40421033e-02 0.0
-7.76115200e-02 1.26584422e-02 0.0
-7.96444976e-02 1.11918329e-02 0.0
-8.14009913e-02 9.64649869e-03 0.0
-8.28684940e-02 8.02718350e-03 0.0
-8.40355804e-02 6.33923929e-03 0.0
-8.48920000e-02 4.58891933e-03 0.0
-8.54288135e-02 2.78341461e-03 0.0
-8.56385318e-02 9.31100269e-04 0.0
-8.55152803e-02 -9.58477653e-04 0.0
-8.50549696e-02 -2.87440395e-03 0.0
-8.42554736e-02 -4.80445703e-03 0.0
-8.31168184e-02 -6.73496183e-03 0.0
-8.16413594e-02 -8.65090423e-03 0.0
-7.98339748e-02 -1.05358407e-02 0.0
-7.77022268e-02 -1.23720692e-02 0.0
-7.52565450e-02 -1.41406034e-02 0.0
-7.25103577e-02 -1.58214079e-02 0.0
-6.94802495e-02 -1.73934489e-02 0.0
-6.61860466e-02 -1.88350049e-02 0.0
-6.26509301e-02 -2.01238107e-02 0.0
-5.89014563e-02 -2.12374603e-02 0.0
-5.49676024e-02 -2.21536687e-02 0.0
-5.08826947e-02 -2.28507941e-02 0.0
-4.66833534e-02 -2.33082491e-02 0.0
-4.24092906e-02 -2.35071801e-02 0.0
-3.81031098e-02 -2.34310728e-02 0.0
-3.38099233e-02 -2.30666358e-02 0.0
-2.95769537e-02 -2.24046538e-02 0.0
-2.54529240e-02 -2.14411289e-02 0.0
-2.14874280e-02 -2.01784318e-02 0.0
-1.77300900e-02 -1.86267390e-02 0.0
-1.42297539e-02 -1.68054963e-02 0.0
-1.10335388e-02 -1.47451123e-02 0.0
-8.18606991e-03 -1.24886089e-02 0.0
-5.72876224e-03 -1.00933039e-02 0.0
-3.69950723e-03 -7.63217993e-03 0.0
-2.13262012e-03 -5.19484003e-03 0.0
-1.05933434e-03 -2.88765812e-03 0.0
-3.24904165e-04 -8.33024188e-04 0.0
-1.57492983e-05 1.79044857e-03 0.0
-5.77251549e-04 5.34635186e-03 0.0
-1.97186836e-03 8.76342580e-03 0.0
-3.93313106e-03 1.19559141e-02 0.0
-6.38556208e-03 1.48640941e-02 0.0
-9.26003689e-03 1.74504638e-02 0.0
-1.24926614e-02 1.96956549e-02 0.0
-1.60239766e-02 2.15945518e-02 0.0
-1.97986055e-02 2.31527178e-02 0.0
-2.37649509e-02 2.43833644e-02 0.0
-2.78751010e-02 2.53047234e-02 0.0
-3.20846320e-02 2.59379874e-02 0.0
-3.63525189e-02 2.63055816e-02 0.0
-4.06409030e-02 2.64299434e-02 0.0
-4.49149435e-02 2.63325245e-02 0.0
-4.91425360e-02 2.60332249e-02 0.0
-5.32941209e-02 2.55499352e-02 0.0
-5.73423846e-02 2.48984376e-02 0.0
-6.12620616e-02 2.40923104e-02 0.0
-6.50296579e-02 2.31431266e-02 0.0
-6.86232827e-02 2.20605687e-02 0.0
-7.20224252e-02 2.08527884e-02 0.0
-7.52078396e-02 1.95266159e-02 0.0
-7.81613936e-02 1.80879814e-02 0.0
-8.08660178e-02 1.65421405e-02 0.0
-8.33056306e-02 1.48940954e-02 0.0
-8.54651529e-02 1.31487907e-02 0.0
-8.73305064e-02 1.13115011e-02 0.0
-8.88886849e-02 9.38797631e-03 0.0
-9.01278181e-02 7.38478124e-03 0.0
-9.10372892e-02 5.30938370e-03 0.0
-9.16078510e-02 3.17044160e-03 0.0
-9.18317773e-02 9.77834132e-04 0.0
-9.17030188e-02 -1.25710557e-03 0.0
-9.12173742e-02 -3.52161544e-03 0.0
-9.03726726e-02 -5.80132829e-03 0.0
-8.91689501e-02 -8.08035401e-03 0.0
-8.76086444e-02 -1.03411641e-02 0.0
-8.56967637e-02 -1.25647346e-02 0.0
-8.34410797e-02 -1.47304979e-02 0.0
-8.08522755e-02 -1.68165528e-02 0.0
-7.79441225e-02 -1.87996936e-02 0.0
-7.47335938e-02 -2.06556968e-02 0.0
-7.12410118e-02 -2.23594422e-02 0.0
-6.74901120e-02 -2.38852921e-02 0.0
-6.35081441e-02 -2.52073269e-02 0.0
-5.93258677e-02 -2.62998412e-02 0.0
-5.49775841e-02 -2.71377265e-02 0.0
-5.05010359e-02 -2.76971224e-02 0.0
-4.59373357e-02 -2.79559912e-02 0.0
-4.13307296e-02 -2.78949730e-02 0.0
-3.67283742e-02 -2.74982074e-02 0.0
-3.21799142e-02 -2.67544452e-02 0.0
-2.77370553e-02 -2.56581654e-02 0.0
-2.34529132e-02 -2.42109763e-02 0.0
-1.93813619e-02 -2.24230327e-02 0.0
-1.55761705e-02 -2.03146831e-02 0.0
-1.20901979e-02 -1.79180726e-02 0.0
-8.97446153e-03 -1.52788172e-02 0.0
-6.27739962e-03 -1.24574353e-02 0.0
-4.04415624e-03 -9.53052118e-03 0.0
-2.31622234e-03 -6.59130092e-03 0.0
-1.13122995e-03 -3.74946069e-03 0.0
-3.39474593e-04 -1.12996062e-03 0.0
-3.38852776e-05 2.20574032e-03 0.0
-6.62307299e-04 6.48664628e-03 0.0
-2.17939263e-03 1.05348494e-02 0.0
-4.30772644e-03 1.42741076e-02 0.0
-6.96183632e-03 1.76524694e-02 0.0
-1.00640685e-02 2.06388279e-02 0.0
-1.35434051e-02 2.32192916e-02 0.0
-1.73346978e-02 2.53935670e-02 0.0
-2.13779817e-02 2.71716664e-02 0.0
-2.56180827e-02 2.85709176e-02 0.0
-3.00041817e-02 2.96134813e-02 0.0
-3.44895627e-02 3.03242075e-02 0.0
-3.90312527e-02 3.07290107e-02 0.0
-4.35897955e-02 3.08535173e-02 0.0
-4.81289035e-02 3.07221811e-02 0.0
-5.26152283e-02 3.03575712e-02 0.0
-5.70180212e-02 2.97800575e-02 0.0
-6.13089112e-02 2.90075629e-02 0.0
-6.54615934e-02 2.80556431e-02 0.0
-6.94516376e-02 2.69375362e-02 0.0
-7.32562280e-02 2.56644802e-02 0.0
-7.68540211e-02 2.42459209e-02 0.0
-8.02249545e-02 2.26899432e-02 0.0
-8.33501663e-02 2.10035341e-02 0.0
-8.62118804e-02 1.91930432e-02 0.0
-8.87933905e-02 1.72644345e-02 0.0
-9.10790209e-02 1.52237254e-02 0.0
-9.30541708e-02 1.30771921e-02 0.0
-9.47053446e-02 1.08317615e-02 0.0
-9.60202474e-02 8.49515683e-03 0.0
-9.69878739e-02 6.07623136e-03 0.0
-9.75986438e-02 3.58505166e-03 0.0
-9.78445380e-02 1.03317071e-03 0.0
-9.77192604e-02 -1.56635216e-03 0.0
-9.72184083e-02 -4.19873995e-03 0.0
-9.63396472e-02 -6.84754145e-03 0.0
-9.50829019e-02 -9.49448500e-03 0.0
-9.34505305e-02 -1.21195875e-02 0.0
-9.14475228e-02 -1.47010788e-02 0.0
-8.90816608e-02 -1.72155803e-02 0.0
-8.63637106e-02 -1.96381082e-02 0.0
-8.33075576e-02 -2.19423295e-02 0.0
-7.99303801e-02 -2.41006556e-02 0.0
-7.62527476e-02 -2.60845888e-02 0.0
-7.22987636e-02 -2.78649241e-02 0.0
-6.80961153e-02 -2.94122086e-02 0.0
-6.36761717e-02 -3.06970815e-02 0.0
-5.90739664e-02 -3.16908801e-02 0.0
-5.43282303e-02 -3.23661632e-02 0.0
-4.94812804e-02 -3.26975141e-02 0.0
-4.45789498e-02 -3.26623060e-02 0.0
-3.96703398e-02 -3.22417626e-02 0.0
-3.48075939e-02 -3.14220248e-02 0.0
-3.00454542e-02 -3.01955172e-02 0.0
-2.54408191e-02 -2.85623410e-02 0.0
-2.10520520e-02 -2.65319299e-02 0.0
-1.69382893e-02 -2.41246904e-02 0.0
-1.31585047e-02 -2.13737771e-02 0.0
-9.77061938e-03 -1.83266960e-02 0.0
-6.83043403e-03 -1.50467700e-02 0.0
-4.39071278e-03 -1.16141246e-02 0.0
-2.50020531e-03 -8.12611696e-03 0.0
-1.20295559e-03 -4.69687223e-03 0.0
-3.53908676e-04 -1.45583355e-03 0.0
-5.09005174e-05 2.65616216e-03 0.0
-7.42276345e-04 7.72166621e-03 0.0
-2.37516193e-03 1.24498161e-02 0.0
-4.66221970e-03 1.67745560e-02 0.0
-7.50889816e-03 2.06528381e-02 0.0
-1.08295017e-02 2.40613313e-02 0.0
-1.45462778e-02 2.69929423e-02 0.0
-1.85884689e-02 2.94534489e-02 0.0
-2.28916426e-02 3.14582958e-02 0.0
-2.73969845e-02 3.30297919e-02 0.0
-3.20508250e-02 3.41946118e-02 0.0
-3.68040870e-02 3.49817921e-02 0.0
-4.16119206e-02 3.54210263e-02 0.0
-4.64332370e-02 3.55414439e-02 0.0
-5.12304006e-02 3.53706132e-02 0.0
-5.59688179e-02 3.49339743e-02 0.0
-6.06166706e-02 3.42543969e-02 0.0
-6.51445547e-02 3.33520998e-02 0.0
-6.95252561e-02 3.22445954e-02 0.0
-7.37334478e-02 3.09469300e-02 0.0
-7.77455175e-02 2.94718597e-02 0.0
-8.15393336e-02 2.78302681e-02 0.0
-8.50941333e-02 2.60314491e-02 0.0
-8.83903642e-02 2.40835945e-02 0.0
-9.14096371e-02 2.19940954e-02 0.0
-9.41346443e-02 1.97700280e-02 0.0
-9.65491749e-02 1.74184228e-02 0.0
-9.86381064e-02 1.49467082e-02 0.0
-1.00387475e-01 1.23629209e-02 0.0
-1.01784531e-01 9.67609149e-03 0.0
-1.02817859e-01 6.89638604e-03 0.0
-1.03477483e-01 4.03542661e-03 0.0
-1.03755021e-01 1.10636339e-03 0.0
-1.03643835e-01 -1.87587240e-03 0.0
-1.03139205e-01 -4.89456608e-03 0.0
-1.02238511e-01 -7.93103676e-03 0.0
-1.00941406e-01 -1.09647058e-02 0.0
-9.92500247e-02 -1.39729881e-02 0.0
-9.71691453e-02 -1.69314350e-02 0.0
-9.47063979e-02 -1.98137056e-02 0.0
-9.18724160e-02 -2.25917889e-02 0.0
-8.86810300e-02 -2.52360648e-02 0.0
-8.51493931e-02 -2.77156142e-02 0.0
-8.12981555e-02 -2.99983836e-02 0.0
-7.71515545e-02 -3.20516002e-02 0.0
-7.27375617e-02 -3.38420639e-02 0.0
-6.80879282e-02 -3.53366969e-02 0.0
-6.32382945e-02 -3.65030024e-02 0.0
-5.82281769e-02 -3.73097969e-02 0.0
-5.31010202e-02 -3.77278950e-02 0.0
-4.79040976e-02 -3.77310902e-02 0.0
-4.26884644e-02 -3.72971395e-02 0.0
-3.75087190e-02 -3.64090615e-02 0.0
-3.24227887e-02 -3.50564794e-02 0.0
-2.74914690e-02 -3.32372670e-02 0.0
-2.27779499e-02 -3.09592305e-02 0.0
-1.83470415e-02 -2.82420060e-02 0.0
-1.42643595e-02 -2.51188806e-02 0.0
-1.05951871e-02 -2.16386076e-02 0.0
-7.40331553e-03 -1.78668801e-02 0.0
-4.74960435e-03 -1.38874169e-02 0.0
-2.69061337e-03 -9.80230089e-03 0.0
-1.27707887e-03 -5.73145548e-03 0.0
-3.68814317e-04 -1.81096690e-03 0.0
-6.69772170e-05 3.13965998e-03 0.0
-8.18059408e-04 9.04625223e-03 0.0
-2.56104258e-03 1.45011170e-02 0.0
-4.99958833e-03 1.94488824e-02 0.0
-8.03070923e-03 2.38563429e-02 0.0
-1.15612909e-02 2.77090491e-02 0.0
-1.55071468e-02 3.10079020e-02 0.0
-1.97922236e-02 3.37658080e-02 0.0
-2.43476859e-02 3.60046312e-02 0.0
-2.91112248e-02 3.77524012e-02 0.0
-3.40262834e-02 3.90409728e-02 0.0
-3.90415055e-02 3.99039913e-02 0.0
-4.41101021e-02 4.03753403e-02 0.0
-4.91894198e-02 4.04878515e-02 0.0
-5.42404205e-02 4.02724640e-02 0.0
-5.92273408e-02 3.97575595e-02 0.0
-6.41172596e-02 3.89686876e-02 0.0
-6.88798276e-02 3.79283694e-02 0.0
-7.34869113e-02 3.66562245e-02 0.0
-7.79123844e-02 3.51690829e-02 0.0
-8.21318459e-02 3.34813600e-02 0.0
-8.61224738e-02 3.16053367e-02 0.0
-8.98628197e-02 2.95516550e-02 0.0
-9.33327266e-02 2.73296579e-02 0.0
-9.65132016e-02 2.49479146e-02 0.0
-9.93863972e-02 2.24145484e-02 0.0
-1.01935560e-01 1.97377352e-02 0.0
-1.04145071e-01 1.69259791e-02 0.0
-1.06000465e-01 1.39885549e-02 0.0
-1.07488522e-01 1.09357146e-02 0.0
-1.08597348e-01 7.77906130e-03 0.0
-1.09316509e-01 4.53168095e-03 0.0
-1.09637161e-01 1.20844373e-03 0.0
-1.09552214e-01 -2.17394003e-03 0.0
-1.09056504e-01 -5.59669398e-03 0.0
-1.08146967e-01 -9.03899644e-03 0.0
-1.06822842e-01 -1.24778333e-02 0.0
-1.05085845e-01 -1.58880975e-02 0.0
-1.02940386e-01 -1.92425258e-02 0.0
-1.00393730e-01 -2.25118805e-02 0.0
-9.74562157e-02 -2.56649761e-02 0.0
-9.41413975e-02 -2.86689498e-02 0.0
-9.04662483e-02 -3.14893871e-02 0.0
-8.64512795e-02 -3.40906916e-02 0.0
-8.21207240e-02 -3.64363275e-02 0.0
-7.75026257e-02 -3.84893098e-02 0.0
-7.26290033e-02 -4.02125941e-02 0.0
-6.75359052e-02 -4.15697279e-02 0.0
-6.22635493e-02 -4.25254414e-02 0.0
-5.68563337e-02 -4.30465233e-02 0.0
-5.13629331e-02 -4.31026919e-02 0.0
-4.58362340e-02 -4.26677815e-02 0.0
-4.03333343e-02 -4.17209827e-02 0.0
-3.49153270e-02 -4.02484187e-02 0.0
-2.96470982e-02 -3.82448061e-02 0.0
-2.45968251e-02 -3.57154185e-02 0.0
-1.98354117e-02 -3.26780823e-02 0.0
-1.54355262e-02 -2.91653197e-02 0.0
-1.14705042e-02 -2.52263187e-02 0.0
-8.01279090e-03 -2.09287151e-02 0.0
-5.13224264e-03 -1.63598106e-02 0.0
-2.89401356e-03 -1.16271021e-02 0.0
-1.35643024e-03 -6.85775517e-03 0.0
-3.84786243e-04 -2.19689256e-03 0.0
-8.23320753e-05 3.65457446e-03 0.0
-8.90414532e-04 1.04561163e-02 0.0
-2.73875098e-03 1.66825906e-02 0.0
-5.32255752e-03 2.22897877e-02 0.0
-8.53109422e-03 2.72551279e-02 0.0
-1.22642590e-02 3.15740517e-02 0.0
-1.64319176e-02 3.52564612e-02 0.0
-2.09529422e-02 3.83234053e-02 0.0
-2.57543820e-02 4.08039971e-02 0.0
-3.07704910e-02 4.27327521e-02 0.0
-3.59419754e-02 4.41472394e-02 0.0
-4.12151595e-02 4.50862128e-02 0.0
-4.65413890e-02 4.55880320e-02 0.0
-5.18763629e-02 4.56895455e-02 0.0
-5.71796850e-02 4.54251918e-02 0.0
-6.24143360e-02 4.48265084e-02 0.0
-6.75463373e-02 4.39217687e-02 0.0
-7.25443298e-02 4.27359646e-02 0.0
-7.73793201e-02 4.12908232e-02 0.0
-8.20243457e-02 3.96051080e-02 0.0
-8.64542895e-02 3.76948688e-02 0.0
-9.06456235e-02 3.55739230e-02 0.0
-9.45762882e-02 3.32542155e-02 0.0
-9.82255143e-02 3.07463706e-02 0.0
-1.01573766e-01 2.80600716e-02 0.0
-1.04602642e-01 2.52046086e-02 0.0
-1.07294878e-01 2.21892215e-02 0.0
-1.09634324e-01 1.90235998e-02 0.0
-1.11606005e-01 1.57181603e-02 0.0
-1.13196165e-01 1.22844787e-02 0.0
-1.14392377e-01 8.73548936e-03 0.0
-1.15183651e-01 5.08584107e-03 0.0
-1.15560576e-01 1.35201509e-03 0.0
-1.15515481e-01 -2.44739882e-03 0.0
-1.15042606e-01 -6.29166722e-03 0.0
-1.14138293e-01 -1.01577204e-02 0.0
-1.12801174e-01 -1.40202021e-02 0.0
-1.11032385e-01 -1.78513643e-02 0.0
-1.08835751e-01 -2.16212043e-02 0.0
-1.06218011e-01 -2.52974529e-02 0.0
-1.03188984e-01 -2.88458015e-02 0.0
-9.97617980e-02 -3.22299892e-02 0.0
-9.59530311e-02 -3.54121269e-02 0.0
-9.17829263e-02 -3.83528928e-02 0.0
-8.72755124e-02 -4.10119664e-02 0.0
-8.24588044e-02 -4.33483529e-02 0.0
-7.73649028e-02 -4.53209543e-02 0.0
-7.20301884e-02 -4.68890652e-02 0.0
-6.64954041e-02 -4.80131336e-02 0.0
-6.08058463e-02 -4.86554999e-02 0.0
-5.50114256e-02 -4.87814367e-02 0.0
-4.91668334e-02 -4.83602348e-02 0.0
-4.33315381e-02 -4.73666362e-02 0.0
-3.75698494e-02 -4.57823803e-02 0.0
-3.19507279e-02 -4.35981193e-02 0.0
-2.65475713e-02 -4.08154671e-02 0.0
-2.14376073e-02 -3.74493490e-02 0.0
-1.67011209e-02 -3.35303708e-02 0.0
-1.24201216e-02 -2.91072406e-02 0.0
-8.67671218e-03 -2.42488761e-02 0.0
-5.55079912e-03 -1.90460771e-02 0.0
-3.11750448e-03 -1.36123340e-02 0.0
-1.44402598e-03 -8.08356591e-03 0.0
-4.02533391e-04 -2.61644087e-03 0.0
-9.70797917e-05 4.19958374e-03 0.0
-9.60012196e-04 1.19477259e-02 0.0
-2.90972664e-03 1.89890520e-02 0.0
-5.63355828e-03 2.52909913e-02 0.0
-9.01343121e-03 3.08423697e-02 0.0
-1.29428229e-02 3.56494085e-02 0.0
-1.73259924e-02 3.97319835e-02 0.0
-2.20771742e-02 4.31201465e-02 0.0
-2.71194899e-02 4.58510771e-02 0.0
-3.23840249e-02 4.79663876e-02 0.0
-3.78087814e-02 4.95099246e-02 0.0
-4.33378887e-02 5.05259045e-02 0.0
-4.89207502e-02 5.10575243e-02 0.0
-5.45114543e-02 5.11458295e-02 0.0
-6.00681217e-02 5.08290029e-02 0.0
-6.55524847e-02 5.01418218e-02 0.0
-7.09293862e-02 4.91154751e-02 0.0
-7.61664734e-02 4.77774594e-02 0.0
-8.12338038e-02 4.61517766e-02 0.0
-8.61036182e-02 4.42591260e-02 0.0
-9.07500296e-02 4.21173425e-02 0.0
-9.51488611e-02 3.97417550e-02 0.0
-9.92774131e-02 3.71457446e-02 0.0
-1.03114362e-01 3.43411643e-02 0.0
-1.06639607e-01 3.13389262e-02 0.0
-1.09834232e-01 2.81494078e-02 0.0
-1.12680427e-01 2.47830095e-02 0.0
-1.15161516e-01 2.12505046e-02 0.0
-1.17261953e-01 1.75635338e-02 0.0
-1.18967406e-01 1.37348788e-02 0.0
-1.20264822e-01 9.77887943e-03 0.0
-1.21142556e-01 5.71162187e-03 0.0
-1.21590507e-01 1.55127267e-03 0.0
-1.21600274e-01 -2.68182153e-03 0.0
-1.21165343e-01 -6.96488805e-03 0.0
-1.20281276e-01 -1.12727189e-02 0.0
-1.18945921e-01 -1.55775174e-02 0.0
-1.17159619e-01 -1.98489823e-02 0.0
-1.14925431e-01 -2.40542518e-02 0.0
-1.12249340e-01 -2.81580831e-02 0.0
-1.09140489e-01 -3.21228984e-02 0.0
-1.05611356e-01 -3.59090628e-02 0.0
-1.01677996e-01 -3.94750365e-02 0.0
-9.73601868e-02 -4.27777567e-02 0.0
-9.26816606e-02 -4.57729067e-02 0.0
-8.76702336e-02 -4.84154155e-02 0.0
-8.23580311e-02 -5.06598690e-02 0.0
-7.67816099e-02 -5.24611639e-02 0.0
-7.09821979e-02 -5.37751149e-02 0.0
-6.50058262e-02 -5.45593367e-02 0.0
-5.89035966e-02 -5.47741456e-02 0.0
-5.27318228e-02 -5.43837925e-02 0.0
-4.65522999e-02 -5.33578047e-02 0.0
-4.04323888e-02 -5.16727252e-02 0.0
-3.44451595e-02 -4.93140467e-02 0.0
-2.86692140e-02 -4.62785691e-02 0.0
-2.31884060e-02 -4.25769545e-02 0.0
-1.80910098e-02 -3.82365895e-02 0.0
-1.34685434e-02 -3.33044378e-02 0.0
-9.41378038e-03 -2.78498080e-02 0.0
-6.01821660e-03 -2.19665875e-02 0.0
-3.36862425e-03 -1.57746826e-02 0.0
-1.54313815e-03 -9.42016285e-03 0.0
-4.22745682e-04 -3.07384607e-03 0.0
-1.11383028e-04 4.77363955e-03 0.0
-1.02737145e-03 1.35181933e-02 0.0
-3.07519230e-03 2.14161400e-02 0.0
-5.93455069e-03 2.84471227e-02 0.0
-9.48055136e-03 3.46121482e-02 0.0
-1.36006223e-02 3.99291380e-02 0.0
-1.81939611e-02 4.44288147e-02 0.0
-2.31704836e-02 4.81510809e-02 0.0
-2.84498019e-02 5.11418447e-02 0.0
-3.39599843e-02 5.34504137e-02 0.0
-3.96365529e-02 5.51273063e-02 0.0
-4.54214140e-02 5.62225819e-02 0.0
-5.12620908e-02 5.67844820e-02 0.0
-5.71109176e-02 5.68585070e-02 0.0
-6.29245112e-02 5.64866964e-02 0.0
-6.86631794e-02 5.57072764e-02 0.0
-7.42905545e-02 5.45544192e-02 0.0
-7.97731399e-02 5.30583163e-02 0.0
-8.50800405e-02 5.12452838e-02 0.0
-9.01825985e-02 4.91381300e-02 0.0
-9.50541889e-02 4.67564831e-02 0.0
-9.96699282e-02 4.41173331e-02 0.0
-1.04006528e-01 4.12354691e-02 0.0
-1.08042077e-01 3.81240934e-02 0.0
-1.11755956e-01 3.47952801e-02 0.0
-1.15128702e-01 3.12605858e-02 0.0
-1.18141982e-01 2.75314704e-02 0.0
-1.20778541e-01 2.36198576e-02 0.0
-1.23022240e-01 1.95384855e-02 0.0
-1.24858083e-01 1.53013922e-02 0.0
-1.26272312e-01 1.09241817e-02 0.0
-1.27252511e-01 6.42442344e-03 0.0
-1.27787744e-01 1.82182614e-03 0.0
-1.27868727e-01 -2.86145415e-03 0.0
-1.27488007e-01 -7.60073602e-03 0.0
-1.26640173e-01 -1.23686023e-02 0.0
-1.25322073e-01 -1.71349212e-02 0.0
-1.23533049e-01 -2.18667389e-02 0.0
-1.21275164e-01 -2.65284036e-02 0.0
-1.18553460e-01 -3.10815648e-02 0.0
-1.15376167e-01 -3.54854022e-02 0.0
-1.11754969e-01 -3.96967345e-02 0.0
-1.07705189e-01 -4.36703536e-02 0.0
-1.03246044e-01 -4.73592461e-02 0.0
-9.84008084e-02 -5.07150356e-02 0.0
-9.31970576e-02 -5.36883264e-02 0.0
-8.76668138e-02 -5.62292705e-02 0.0
-8.18468054e-02 -5.82880644e-02 0.0
-7.57786220e-02 -5.98156869e-02 0.0
-6.95090202e-02 -6.07646221e-02 0.0
-6.30901280e-02 -6.10898711e-02 0.0
-5.65798246e-02 -6.07500407e-02 0.0
-5.00420001e-02 -5.97088061e-02 0.0
-4.35469701e-02 -5.79365751e-02 0.0
-3.71716818e-02 -5.54126308e-02 0.0
-3.09999488e-02 -5.21275882e-02 0.0
-2.51222561e-02 -4.80863673e-02 0.0
-1.96353119e-02 -4.33114569e-02 0.0
-1.46407980e-02 -3.78464973e-02 0.0
-1.02434738e-02 -3.17597914e-02 0.0
-6.54810026e-03 -2.51475038e-02 0.0
-3.65547583e-03 -1.81359548e-02 0.0
-1.65726946e-03 -1.08825620e-02 0.0
-4.46254972e-04 -3.57485947e-03 0.0
-1.25297334e-04 5.37591749e-03 0.0
-1.09292156e-03 1.51651332e-02 0.0
-3.23602799e-03 2.39601495e-02 0.0
-6.22702579e-03 3.17534990e-02 0.0
-9.93448042e-03 3.85592664e-02 0.0
-1.42403383e-02 4.44079952e-02 0.0
-1.90391504e-02 4.93421641e-02 0.0
-2.42370886e-02 5.34122551e-02 0.0
-2.97505636e-02 5.66735357e-02 0.0
-3.55050011e-02 5.91834215e-02 0.0
-4.14335157e-02 6.09994693e-02 0.0
-4.74759199e-02 6.21777783e-02 0.0
-5.35777246e-02 6.27718692e-02 0.0
-5.96894765e-02 6.28318066e-02 0.0
-6.57660616e-02 6.24036913e-02 0.0
-7.17662776e-02 6.15292872e-02 0.0
-7.76523250e-02 6.02459594e-02 0.0
-8.33895034e-02 5.85866736e-02 0.0
-8.89458018e-02 5.65802654e-02 0.0
-9.42916579e-02 5.42517068e-02 0.0
-9.93996116e-02 5.16226004e-02 0.0
-1.04244111e-01 4.87116084e-02 0.0
-1.08801229e-01 4.55350701e-02 0.0
-1.13048522e-01 4.21074968e-02 0.0
-1.16964823e-01 3.84422234e-02 0.0
-1.20530161e-01 3.45518954e-02 0.0
-1.23725641e-01 3.04490920e-02 0.0
-1.26533430e-01 2.61467570e-02 0.0
-1.28936725e-01 2.16587568e-02 0.0
-1.30919815e-01 1.70002303e-02 0.0
-1.32468125e-01 1.21880620e-02 0.0
-1.33568345e-01 7.24113944e-03 0.0
-1.34208554e-01 2.18073194e-03 0.0
-1.34378400e-01 -2.96935143e-03 0.0
-1.34069297e-01 -8.18248423e-03 0.0
-1.33274638e-01 -1.34291699e-02 0.0
-1.31990044e-01 -1.86768721e-02 0.0
-1.30213610e-01 -2.38900722e-02 0.0
-1.27946180e-01 -2.90302139e-02 0.0
-1.25191596e-01 -3.40558737e-02 0.0
-1.21956993e-01 -3.89228232e-02 0.0
-1.18253029e-01 -4.35843130e-02 0.0
-1.14094174e-01 -4.79912518e-02 0.0
-1.09498912e-01 -5.20926005e-02 0.0
-1.04490012e-01 -5.58356675e-02 0.0
-9.90946997e-02 -5.91666121e-02 0.0
-9.33449255e-02 -6.20308634e-02 0.0
-8.72775208e-02 -6.43737502e-02 0.0
-8.09344986e-02 -6.61410790e-02 0.0
-7.43632551e-02 -6.72799530e-02 0.0
-6.76169618e-02 -6.77396106e-02 0.0
-6.07548780e-02 -6.74725794e-02 0.0
-5.38428882e-02 -6.64359804e-02 0.0
-4.69539404e-02 -6.45932836e-02 0.0
-4.01686659e-02 -6.19163985e-02 0.0
-3.35757585e-02 -5.83883811e-02 0.0
-2.72723135e-02 -5.40066409e-02 0.0
-2.13635585e-02 -4.87868184e-02 0.0
-1.59620646e-02 -4.27670888e-02 0.0
-1.11857525e-02 -3.60127888e-02 0.0
-7.15477391e-03 -2.86208204e-02 0.0
-3.98668087e-03 -2.07233250e-02 0.0
-1.79026988e-03 -1.24897881e-02 0.0
-4.73896795e-04 -4.12690467e-03 0.0
-1.38937447e-04 6.00575999e-03 0.0
-1.15693236e-03 1.68865276e-02 0.0
-3.39284377e-03 2.66177949e-02 0.0
-6.51182297e-03 3.52058625e-02 0.0
-1.03763505e-02 4.26789249e-02 0.0
-1.48633164e-02 4.90812100e-02 0.0
-1.98633309e-02 5.44678330e-02 0.0
-2.52793142e-02 5.89005743e-02 0.0
-3.10250576e-02 6.24445087e-02 0.0
-3.70235842e-02 6.51654956e-02 0.0
-4.32058577e-02 6.71282734e-02 0.0
-4.95095202e-02 6.83951398e-02 0.0
-5.58780497e-02 6.90249474e-02 0.0
-6.22599357e-02 6.90724801e-02 0.0
-6.86081899e-02 6.85879769e-02 0.0
-7.48797929e-02 6.76169482e-02 0.0
-8.10353784e-02 6.62000643e-02 0.0
-8.70387977e-02 6.43733061e-02 0.0
-9.28568611e-02 6.21681398e-02 0.0
-9.84589502e-02 5.96119289e-02 0.0
-1.03816782e-01 5.67283201e-02 0.0
-1.08904064e-01 5.35378307e-02 0.0
-1.13696289e-01 5.00583548e-02 0.0
-1.18170449e-01 4.63058352e-02 0.0
-1.22304894e-01 4.22948033e-02 0.0
-1.26079121e-01 3.80390575e-02 0.0
-1.29473706e-01 3.35521725e-02 0.0
-1.32470190e-01 2.88481304e-02 0.0
-1.35051087e-01 2.39417596e-02 0.0
-1.37199874e-01 1.88492889e-02 0.0
-1.38901071e-01 1.35886959e-02 0.0
-1.40140327e-01 8.18016695e-03 0.0
-1.40904572e-01 2.64634542e-03 0.0
-1.41182192e-01 -2.98731236e-03 0.0
-1.40963235e-01 -8.69239775e-03 0.0
-1.40239660e-01 -1.44373060e-02 0.0
-1.39005593e-01 -2.01872134e-02 0.0
-1.37257623e-01 -2.59039545e-02 0.0
-1.34995084e-01 -3.15461217e-02 0.0
-1.32220388e-01 -3.70690706e-02 0.0
-1.28939299e-01 -4.24251444e-02 0.0
-1.25161278e-01 -4.75638082e-02 0.0
-1.20899729e-01 -5.24319954e-02 0.0
-1.16172322e-01 -5.69743657e-02 0.0
-1.11001204e-01 -6.11337639e-02 0.0
-1.05413288e-01 -6.48515928e-02 0.0
-9.94404227e-02 -6.80683768e-02 0.0
-9.31196747e-02 -7.07242504e-02 0.0
-8.64934992e-02 -7.27596427e-02 0.0
-7.96100804e-02 -7.41159250e-02 0.0
-7.25235931e-02 -7.47362985e-02 0.0
-6.52947121e-02 -7.45667434e-02 0.0
-5.79910836e-02 -7.35573282e-02 0.0
-5.06880954e-02 -7.16637738e-02 0.0
-4.34695877e-02 -6.88495995e-02 0.0
-3.64287811e-02 -6.50888119e-02 0.0
-2.96689124e-02 -6.03694489e-02 0.0
-2.33036969e-02 -5.46979151e-02 0.0
-1.74568792e-02 -4.81042455e-02 0.0
-1.22608005e-02 -4.06479744e-02 0.0
-7.85309782e-03 -3.24242752e-02 0.0
-4.37152620e-03 -2.35695039e-02 0.0
-1.94633183e-03 -1.42651915e-02 0.0
-5.06698342e-04 -4.73926410e-03 0.0
-1.52309082e-04 6.66263503e-03 0.0
-1.21958720e-03 1.86805625e-02 0.0
-3.54584204e-03 2.93859501e-02 0.0
-6.78911766e-03 3.87999942e-02 0.0
-1.08060816e-02 4.69663268e-02 0.0
-1.54693176e-02 5.39440604e-02 0.0
-2.06661710e-02 5.98019108e-02 0.0
-2.62971626e-02 6.46135396e-02 0.0
-3.22739643e-02 6.84541663e-02 0.0
-3.85176732e-02 7.13981589e-02 0.0
-4.49571547e-02 7.35174595e-02 0.0
-5.15279196e-02 7.48804828e-02 0.0
-5.81711201e-02 7.55514445e-02 0.0
-6.48329838e-02 7.55898498e-02 0.0
-7.14642368e-02 7.50502394e-02 0.0
-7.80198068e-02 7.39819901e-02 0.0
-8.44584041e-02 7.24293441e-02 0.0
-9.07422837e-02 7.04314698e-02 0.0
-9.68368468e-02 6.80227537e-02 0.0
-1.02710386e-01 6.52330997e-02 0.0
-1.08333686e-01 6.20884440e-02 0.0
-1.13679765e-01 5.86112333e-02 0.0
-1.18723501e-01 5.48210844e-02 0.0
-1.23441414e-01 5.07353541e-02 0.0
-1.27811361e-01 4.63698556e-02 0.0
-1.31812384e-01 4.17394380e-02 0.0
-1.35424509e-01 3.68586864e-02 0.0
-1.38628673e-01 3.17424532e-02 0.0
-1.41406645e-01 2.64064955e-02 0.0
-1.43741037e-01 2.08679239e-02 0.0
-1.45615339e-01 1.51457520e-02 0.0
-1.47014024e-01 9.26124511e-03 0.0
-1.47922684e-01 3.23836635e-03 0.0
-1.48328220e-01 -2.89598454e-03 0.0
-1.48219070e-01 -9.11163999e-03 0.0
-1.47585471e-01 -1.53750462e-02 0.0
-1.46419763e-01 -2.16490581e-02 0.0
-1.44716704e-01 -2.78929512e-02 0.0
-1.42473829e-01 -3.40623533e-02 0.0
-1.39691787e-01 -4.01093953e-02 0.0
-1.36374729e-01 -4.59827863e-02 0.0
-1.32530637e-01 -5.16281041e-02 0.0
-1.28171702e-01 -5.69880125e-02 0.0
-1.23314608e-01 -6.20026825e-02 0.0
-1.17980873e-01 -6.66101378e-02 0.0
-1.12197064e-01 -7.07467868e-02 0.0
-1.05995089e-01 -7.43478735e-02 0.0
-9.94123468e-02 -7.73480984e-02 0.0
-9.24920145e-02 -7.96821642e-02 0.0
-8.52832100e-02 -8.12854947e-02 0.0
-7.78413758e-02 -8.20949258e-02 0.0
-7.02286196e-02 -8.20496354e-02 0.0
-6.25143871e-02 -8.10921877e-02 0.0
-5.47761784e-02 -7.91700087e-02 0.0
-4.71006781e-02 -7.62372789e-02 0.0
-3.95849039e-02 -7.22576270e-02 0.0
-3.23376212e-02 -6.72077084e-02 0.0
-2.54803772e-02 -6.10820459e-02 0.0
-1.91481100e-02 -5.38991403e-02 0.0
-1.34883042e-02 -4.57089130e-02 0.0
-8.65834013e-03 -3.66009621e-02 0.0
-4.81986614e-03 -2.67128296e-02 0.0
-2.13012990e-03 -1.62367736e-02 0.0
-5.45736357e-04 -5.42332909e-03 0.0
-1.65496105e-04 7.34609700e-03 0.0
-1.28091910e-03 2.05454689e-02 0.0
-3.69489291e-03 3.22612959e-02 0.0
-7.05817432e-03 4.25312395e-02 0.0
-1.12221810e-02 5.14160948e-02 0.0
-1.60559597e-02 5.89913602e-02 0.0
-2.14447557e-02 6.53403218e-02 0.0
-2.72875755e-02 7.05490112e-02 0.0
-3.34948164e-02 7.47028167e-02 0.0
-3.99859617e-02 7.78844517e-02 0.0
-4.66879661e-02 8.01727495e-02 0.0
-5.35339387e-02 8.16420364e-02 0.0
-6.04624471e-02 8.23617131e-02 0.0
-6.74169224e-02 8.23960421e-02 0.0
-7.43454300e-02 8.18039365e-02 0.0
-8.12003331e-02 8.06389025e-02 0.0
-8.79381421e-02 7.89489808e-02 0.0
-9.45191671e-02 7.67768877e-02 0.0
-1.00907291e-01 7.41601780e-02 0.0
-1.07069546e-01 7.11316320e-02 0.0
-1.12975816e-01 6.77196493e-02 0.0
-1.18598386e-01 6.39488488e-02 0.0
-1.23911631e-01 5.98406274e-02 0.0
-1.28891612e-01 5.54138861e-02 0.0
-1.33515815e-01 5.06856597e-02 0.0
-1.37762845e-01 4.56718758e-02 0.0
-1.41612255e-01 4.03879740e-02 0.0
-1.45044359e-01 3.48496288e-02 0.0
-1.48040176e-01 2.90733043e-02 0.0
-1.50581370e-01 2.30768999e-02 0.0
-1.52650304e-01 1.68802111e-02 0.0
-1.54230109e-01 1.05054761e-02 0.0
-1.55304840e-01 3.97772641e-03 0.0
-1.55859669e-01 -2.67478024e-03 0.0
-1.55881133e-01 -9.42033109e-03 0.0
-1.55357435e-01 -1.62234540e-02 0.0
-1.54278774e-01 -2.30448232e-02 0.0
-1.52637727e-01 -2.98410981e-02 0.0
-1.50429638e-01 -3.65649781e-02 0.0
-1.47653064e-01 -4.31651986e-02 0.0
-1.44310174e-01 -4.95867444e-02 0.0
-1.40407220e-01 -5.57710109e-02 0.0
-1.35954908e-01 -6.16561753e-02 0.0
-1.30968835e-01 -6.71775156e-02 0.0
-1.25469784e-01 -7.22679219e-02 0.0
-1.19484090e-01 -7.68583438e-02 0.0
-1.13043823e-01 -8.08784031e-02 0.0
-1.06187060e-01 -8.42569240e-02 0.0
-9.89579897e-02 -8.69225982e-02 0.0
-9.14071561e-02 -8.88045629e-02 0.0
-8.35916044e-02 -8.98331142e-02 0.0
-7.55752976e-02 -8.99403889e-02 0.0
-6.74295673e-02 -8.90612830e-02 0.0
-5.92340329e-02 -8.71345513e-02 0.0
-5.10777140e-02 -8.41044580e-02 0.0
-4.30607475e-02 -7.99231004e-02 0.0
-3.52962689e-02 -7.45539159e-02 0.0
-2.79126301e-02 -6.79766506e-02 0.0
-2.10550703e-02 -6.01943003e-02 0.0
-1.48864631e-02 -5.12421139e-02 0.0
-9.58560041e-03 -4.11985442e-02 0.0
-5.34215845e-03 -3.01971302e-02 0.0
-2.34681499e-03 -1.84375282e-02 0.0
-5.92354406e-04 -6.19290859e-03 0.0
-1.78491177e-04 8.05578117e-03 0.0
-1.34091242e-03 2.24793350e-02 0.0
-3.83937109e-03 3.52398876e-02 0.0
-7.31722774e-03 4.63938202e-02 0.0
-1.16211862e-02 5.60215241e-02 0.0
-1.66181579e-02 6.42167352e-02 0.0
-2.21926866e-02 7.10783356e-02 0.0
-2.82437015e-02 7.67049049e-02 0.0
-3.46811254e-02 8.11916706e-02 0.0
-4.14233392e-02 8.46290479e-02 0.0
-4.83952428e-02 8.71021619e-02 0.0
-5.55272663e-02 8.86907285e-02 0.0
-6.27547194e-02 8.94690999e-02 0.0
-7.00176758e-02 8.95062118e-02 0.0
-7.72608119e-02 8.88655439e-02 0.0
-8.44334553e-02 8.76049817e-02 0.0
-9.14893908e-02 8.57767939e-02 0.0
-9.83867474e-02 8.34276103e-02 0.0
-1.05087620e-01 8.05986120e-02 0.0
-1.11557765e-01 7.73257656e-02 0.0
-1.17766098e-01 7.36402914e-02 0.0
-1.23684293e-01 6.95691491e-02 0.0
-1.29286262e-01 6.51357242e-02 0.0
-1.34547778e-01 6.03604724e-02 0.0
-1.39446025e-01 5.52617148e-02 0.0
-1.43959312e-01 4.98563320e-02 0.0
-1.48066756e-01 4.41605691e-02 0.0
-1.51748116e-01 3.81906980e-02 0.0
-1.54983628e-01 3.19637660e-02 0.0
-1.57753968e-01 2.54981774e-02 0.0
-1.60040246e-01 1.88143509e-02 0.0
-1.61824094e-01 1.19351953e-02 0.0
-1.63087806e-01 4.88665563e-03 0.0
-1.63814549e-01 -2.30193123e-03 0.0
-1.63988643e-01 -9.59741765e-03 0.0
-1.63595878e-01 -1.69626252e-02 0.0
-1.62623919e-01 -2.43560705e-02 0.0
-1.61062718e-01 -3.17318989e-02 0.0
-1.58905010e-01 -3.90397764e-02 0.0
-1.56146793e-01 -4.62249969e-02 0.0
-1.52787879e-01 -5.32285585e-02 0.0
-1.48832385e-01 -5.99874581e-02 0.0
-1.44289283e-01 -6.64349600e-02 0.0
-1.39172835e-01 -7.25010742e-02 0.0
-1.33503076e-01 -7.81130007e-02 0.0
-1.27306111e-01 -8.31957561e-02 0.0
-1.20614468e-01 -8.76727412e-02 0.0
-1.13467218e-01 -9.14664438e-02 0.0
-1.05910179e-01 -9.44990414e-02 0.0
-9.79959052e-02 -9.66930861e-02 0.0
-8.97838515e-02 -9.79720639e-02 0.0
-8.13404468e-02 -9.82610251e-02 0.0
-7.27395479e-02 -9.74871592e-02 0.0
-6.40630548e-02 -9.55805934e-02 0.0
-5.54022268e-02 -9.24754630e-02 0.0
-4.68594639e-02 -8.81117332e-02 0.0
-3.85510260e-02 -8.24381175e-02 0.0
-3.06101842e-02 -7.54168562e-02 0.0
-2.31908024e-02 -6.70309730e-02 0.0
-1.64700234e-02 -5.72947729e-02 0.0
-1.06489896e-02 -4.62677377e-02 0.0
-5.94910727e-03 -3.40712259e-02 0.0
-2.60214457e-03 -2.09057142e-02 0.0
-6.48026992e-04 -7.06463511e-03 0.0
-1.91420552e-04 8.79143875e-03 0.0
-1.39947166e-03 2.44799066e-02 0.0
-3.97819031e-03 3.83165184e-02 0.0
-7.56299564e-03 5.03798874e-02 0.0
-1.19970425e-02 6.07735076e-02 0.0
-1.71470060e-02 6.96117429e-02 0.0
-2.28990440e-02 7.70099596e-02 0.0
-2.91536787e-02 8.30790060e-02 0.0
-3.58215256e-02 8.79229246e-02 0.0
-4.28200655e-02 9.16386416e-02 0.0
-5.00719496e-02 9.43164584e-02 0.0
-5.75041256e-02 9.60407436e-02 0.0
-6.50478451e-02 9.68903773e-02 0.0
-7.26387936e-02 9.69389681e-02 0.0
-8.02174990e-02 9.62547653e-02 0.0
-8.77294598e-02 9.49005090e-02 0.0
-9.51252954e-02 9.29331890e-02 0.0
-1.02360527e-01 9.04039618e-02 0.0
-1.09395355e-01 8.73581258e-02 0.0
-1.16194142e-01 8.38353563e-02 0.0
-1.22724955e-01 7.98700235e-02 0.0
-1.28958921e-01 7.54917607e-02 0.0
-1.34869714e-01 7.07260629e-02 0.0
-1.40432948e-01 6.55950750e-02 0.0
-1.45625728e-01 6.01183352e-02 0.0
-1.50426178e-01 5.43136487e-02 0.0
-1.54813132e-01 4.81978535e-02 0.0
-1.58765828e-01 4.17876758e-02 0.0
-1.62263761e-01 3.51004397e-02 0.0
-1.65286553e-01 2.81548460e-02 0.0
-1.67813966e-01 2.09715843e-02 0.0
-1.69825951e-01 1.35740059e-02 0.0
-1.71302801e-01 5.98861915e-03 0.0
-1.72225380e-01 -1.75436156e-03 0.0
-1.72575410e-01 -9.62065259e-03 0.0
-1.72335862e-01 -1.75714938e-02 0.0
-1.71491376e-01 -2.55634383e-02 0.0
-1.70028791e-01 -3.35481120e-02 0.0
-1.67937676e-01 -4.14721829e-02 0.0
-1.65210967e-01 -4.92773172e-02 0.0
-1.61845565e-01 -5.69003576e-02 0.0
-1.57843025e-01 -6.42735017e-02 0.0
-1.53210148e-01 -7.13247079e-02 0.0
-1.47959634e-01 -7.79781051e-02 0.0
-1.42110572e-01 -8.41546142e-02 0.0
-1.35688951e-01 -8.97725567e-02 0.0
-1.28727940e-01 -9.47484298e-02 0.0
-1.21268168e-01 -9.89976189e-02 0.0
-1.13357724e-01 -1.02435198e-01 0.0
-1.05052196e-01 -1.04976587e-01 0.0
-9.64144716e-02 -1.06538205e-01 0.0
-8.75147155e-02 -1.07037916e-01 0.0
-7.84303277e-02 -1.06395434e-01 0.0
-6.92464249e-02 -1.04532603e-01 0.0
-6.00567318e-02 -1.01373871e-01 0.0
-5.09655678e-02 -9.68471584e-02 0.0
-4.20908032e-02 -9.08858099e-02 0.0
-3.35683508e-02 -8.34323831e-02 0.0
-2.55575798e-02 -7.44455331e-02 0.0
-1.82472637e-02 -6.39112526e-02 0.0
-1.18598090e-02 -5.18597003e-02 0.0
-6.65121414e-03 -3.83877052e-02 0.0
-2.90241473e-03 -2.36849711e-02 0.0
-7.14619468e-04 -8.05848023e-03 0.0
-2.04407998e-04 9.55307436e-03 0.0
-1.45657962e-03 2.65443106e-02 0.0
-4.10948805e-03 4.14837680e-02 0.0
-7.79007712e-03 5.44780684e-02 0.0
-1.23397366e-02 6.56590801e-02 0.0
-1.76282810e-02 7.51647349e-02 0.0
-2.35465997e-02 8.31273917e-02 0.0
-2.99992401e-02 8.96689254e-02 0.0
-3.68985080e-02 9.49002069e-02 0.0
-4.41611136e-02 9.89226008e-02 0.0
-5.17065932e-02 1.01829969e-01 0.0
-5.94573214e-02 1.03710252e-01 0.0
-6.73390457e-02 1.04646436e-01 0.0
-7.52818777e-02 1.04716821e-01 0.0
-8.32210021e-02 1.03994882e-01 0.0
-9.10973299e-02 1.02548828e-01 0.0
-9.88576380e-02 1.00441169e-01 0.0
-1.06454577e-01 9.77283146e-02 0.0
-1.13846240e-01 9.44604329e-02 0.0
-1.20995692e-01 9.06814639e-02 0.0
-1.27870230e-01 8.64294476e-02 0.0
-1.34440717e-01 8.17369766e-02 0.0
-1.40680789e-01 7.66319056e-02 0.0
-1.46566221e-01 7.11380937e-02 0.0
-1.52074241e-01 6.52763173e-02 0.0
-1.57183047e-01 5.90651272e-02 0.0
-1.61871318e-01 5.25218085e-02 0.0
-1.66117915e-01 4.56632243e-02 0.0
-1.69901604e-01 3.85067252e-02 0.0
-1.73200948e-01 3.10709110e-02 0.0
-1.75994241e-01 2.33764420e-02 0.0
-1.78259580e-01 1.54466884e-02 0.0
-1.79974998e-01 7.30842252e-03 0.0
-1.81118709e-01 -1.00765934e-03 0.0
-1.81669437e-01 -9.46638004e-03 0.0
-1.81606831e-01 -1.80277063e-02 0.0
-1.80911978e-01 -2.66463514e-02 0.0
-1.79567975e-01 -3.52715759e-02 0.0
-1.77560615e-01 -4.38469868e-02 0.0
-1.74879078e-01 -5.23105548e-02 0.0
-1.71516745e-01 -6.05946542e-02 0.0
-1.67471954e-01 -6.86263389e-02 0.0
-1.62748849e-01 -7.63276606e-02 0.0
-1.57358099e-01 -8.36162288e-02 0.0
-1.51317658e-01 -9.04058127e-02 0.0
-1.44653300e-01 -9.66071615e-02 0.0
-1.37399136e-01 -1.02128831e-01 0.0
-1.29597812e-01 -1.06878152e-01 0.0
-1.21300644e-01 -1.10762122e-01 0.0
-1.12567385e-01 -1.13688300e-01 0.0
-1.03465976e-01 -1.15565486e-01 0.0
-9.40720023e-02 -1.16304233e-01 0.0
-8.44683679e-02 -1.15817016e-01 0.0
-7.47450289e-02 -1.14018148e-01 0.0
-6.49995215e-02 -1.10823422e-01 0.0
-5.53383272e-02 -1.06149869e-01 0.0
-4.58800403e-02 -9.99160641e-02 0.0
-3.67604479e-02 -9.20440965e-02 0.0
-2.81402648e-02 -8.24647072e-02 0.0
-2.02146970e-02 -7.11279050e-02 0.0
-1.32235416e-02 -5.80216115e-02 0.0
-7.45744776e-03 -4.32004458e-02 0.0
-3.25444284e-03 -2.68240090e-02 0.0
-7.94284800e-04 -9.19844061e-03 0.0
-2.17891017e-04 1.03412509e-02 0.0
-1.51229813e-03 2.86686016e-02 0.0
-4.23025494e-03 4.47303686e-02 0.0
-7.98940645e-03 5.86712459e-02 0.0
-1.26331700e-02 7.06593731e-02 0.0
-1.80397259e-02 8.08596006e-02 0.0
-2.41094577e-02 8.94206447e-02 0.0
-3.07536242e-02 9.64725582e-02 0.0
-3.78872036e-02 1.02129510e-01 0.0
-4.54254010e-02 1.06494200e-01 0.0
-5.32832230e-02 1.09661779e-01 0.0
-6.13764561e-02 1.11722520e-01 0.0
-6.96235323e-02 1.12763094e-01 0.0
-7.79471972e-02 1.12866795e-01 0.0
-8.62760423e-02 1.12113020e-01 0.0
-9.45453276e-02 1.10576454e-01 0.0
-1.02697470e-01 1.08326152e-01 0.0
-1.10681874e-01 1.05424841e-01 0.0
-1.18454562e-01 1.01928429e-01 0.0
-1.25977377e-01 9.78859150e-02 0.0
-1.33217191e-01 9.33395330e-02 0.0
-1.40144888e-01 8.83252660e-02 0.0
-1.46734502e-01 8.28734987e-02 0.0
-1.52962283e-01 7.70099150e-02 0.0
-1.58805977e-01 7.07564147e-02 0.0
-1.64244101e-01 6.41321684e-02 0.0
-1.69255445e-01 5.71545958e-02 0.0
-1.73818613e-01 4.98404167e-02 0.0
-1.77911749e-01 4.22065743e-02 0.0
-1.81512324e-01 3.42712000e-02 0.0
-1.84597088e-01 2.60544309e-02 0.0
-1.87142087e-01 1.75792591e-02 0.0
-1.89122820e-01 8.87222436e-03 0.0
-1.90514484e-01 -3.58646749e-05 0.0
-1.91292335e-01 -9.10937468e-03 0.0
-1.91432160e-01 -1.83072743e-02 0.0
-1.90910838e-01 -2.75827407e-02 0.0
-1.89707041e-01 -3.68827709e-02 0.0
-1.87801986e-01 -4.61479960e-02 0.0
-1.85180327e-01 -5.53125323e-02 0.0
-1.81831066e-01 -6.43040659e-02 0.0
-1.77748575e-01 -7.30440081e-02 0.0
-1.72933562e-01 -8.14479124e-02 0.0
-1.67394111e-01 -8.94259871e-02 0.0
-1.61146546e-01 -9.68838753e-02 0.0
-1.54216299e-01 -1.03723525e-01 0.0
-1.46638473e-01 -1.09844284e-01 0.0
-1.38458306e-01 -1.15144023e-01 0.0
-1.29731205e-01 -1.19520361e-01 0.0
-1.20522613e-01 -1.22871762e-01 0.0
-1.10907380e-01 -1.25098524e-01 0.0
-1.00969024e-01 -1.26103390e-01 0.0
-9.07986310e-02 -1.25791760e-01 0.0
-8.04940035e-02 -1.24071253e-01 0.0
-7.01590323e-02 -1.20850687e-01 0.0
-5.99042881e-02 -1.16038445e-01 0.0
-4.98492275e-02 -1.09540747e-01 0.0
-4.01274927e-02 -1.01260662e-01 0.0
-3.08959561e-02 -9.10997924e-02 0.0
-2.23486224e-02 -7.89656634e-02 0.0
-1.47340774e-02 -6.47895054e-02 0.0
-8.37287002e-03 -4.85598161e-02 0.0
-3.66510732e-03 -3.03753793e-02 0.0
-8.89800061e-04 -1.05134452e-02 0.0
-2.32601985e-04 1.11577034e-02 0.0
-1.56682309e-03 3.08467472e-02 0.0
-4.33487903e-03 4.80382633e-02 0.0
-8.14537354e-03 6.29330350e-02 0.0
-1.28509454e-02 7.57469684e-02 0.0
-1.83469319e-02 8.66746067e-02 0.0
-2.45493746e-02 9.58778830e-02 0.0
-3.13792218e-02 1.03489413e-01 0.0
-3.87539850e-02 1.09621087e-01 0.0
-4.65856296e-02 1.14372564e-01 0.0
-5.47818190e-02 1.17837536e-01 0.0
-6.32490073e-02 1.20107303e-01 0.0
-7.18956218e-02 1.21272130e-01 0.0
-8.06350456e-02 1.21420985e-01 0.0
-8.93876307e-02 1.20640407e-01 0.0
-9.80820714e-02 1.19012947e-01 0.0
-1.06655793e-01 1.16615685e-01 0.0
-1.15054882e-01 1.13518968e-01 0.0
-1.23233340e-01 1.09785625e-01 0.0
-1.31152201e-01 1.05470578e-01 0.0
-1.38778289e-01 1.00620961e-01 0.0
-1.46083091e-01 9.52765306e-02 0.0
-1.53041501e-01 8.94704586e-02 0.0
-1.59630803e-01 8.32302436e-02 0.0
-1.65829647e-01 7.65788327e-02 0.0
-1.71617291e-01 6.95357302e-02 0.0
-1.76972892e-01 6.21181962e-02 0.0
-1.81875037e-01 5.43423477e-02 0.0
-1.86301331e-01 4.62242949e-02 0.0
-1.90228198e-01 3.77811443e-02 0.0
-1.93630742e-01 2.90320194e-02 0.0
-1.96482787e-01 1.99989396e-02 0.0
-1.98756999e-01 1.07077151e-02 0.0
-2.00425161e-01 1.18869569e-03 0.0
-2.01458553e-01 -8.52246747e-03 0.0
-2.01828468e-01 -1.83842180e-02 0.0
-2.01506872e-01 -2.83484940e-02 0.0
-2.00467157e-01 -3.83603095e-02 0.0
-1.98685082e-01 -4.83573725e-02 0.0
-1.96139760e-01 -5.82699231e-02 0.0
-1.92814833e-01 -6.80206546e-02 0.0
-1.88699638e-01 -7.75249000e-02 0.0
-1.83790520e-01 -8.66909517e-02 0.0
-1.78092040e-01 -9.54206848e-02 0.0
-1.71618249e-01 -1.03610346e-01 0.0
-1.64393718e-01 -1.11151649e-01 0.0
-1.56454509e-01 -1.17933020e-01 0.0
-1.47848713e-01 -1.23841081e-01 0.0
-1.38636796e-01 -1.28762160e-01 0.0
-1.28891332e-01 -1.32583864e-01 0.0
-1.18696424e-01 -1.35196417e-01 0.0
-1.08146436e-01 -1.36493704e-01 0.0
-9.73444734e-02 -1.36373674e-01 0.0
-8.64003839e-02 -1.34737937e-01 0.0
-7.54290422e-02 -1.31490207e-01 0.0
-6.45491061e-02 -1.26533505e-01 0.0
-5.38836929e-02 -1.19766071e-01 0.0
-4.35640637e-02 -1.11076622e-01 0.0
-3.37388784e-02 -1.00340485e-01 0.0
-2.45909513e-02 -8.74201722e-02 0.0
-1.63635090e-02 -7.21769356e-02 0.0
-9.39331259e-03 -5.45037514e-02 0.0
-4.14033493e-03 -3.43921574e-02 0.0
-1.00452630e-03 -1.20385709e-02 0.0
-2.50037455e-04 1.20063925e-02 0.0
-1.61975912e-03 3.30680620e-02 0.0
-4.41174632e-03 5.13770190e-02 0.0
-8.22933468e-03 6.72224010e-02 0.0
-1.29489918e-02 8.08828806e-02 0.0
-1.84964637e-02 9.25822133e-02 0.0
-2.48110037e-02 1.02487330e-01 0.0
-3.18247874e-02 1.10723679e-01 0.0
-3.94558598e-02 1.17392749e-01 0.0
-4.76089159e-02 1.22585705e-01 0.0
-5.61800605e-02 1.26391840e-01 0.0
-6.50623414e-02 1.28902590e-01 0.0
-7.41510544e-02 1.30212301e-01 0.0
-8.33477140e-02 1.30417036e-01 0.0
-9.25629328e-02 1.29612307e-01 0.0
-1.01717839e-01 1.27890550e-01 0.0
-1.10744624e-01 1.25338753e-01 0.0
-1.19586061e-01 1.22036598e-01 0.0
-1.28194617e-01 1.18055188e-01 0.0
-1.36531018e-01 1.13456463e-01 0.0
-1.44562812e-01 1.08293150e-01 0.0
-1.52262732e-01 1.02609261e-01 0.0
-1.59607294e-01 9.64409032e-02 0.0
-1.66575387e-01 8.98174026e-02 0.0
-1.73147179e-01 8.27625213e-02 0.0
-1.79303084e-01 7.52958069e-02 0.0
-1.85023032e-01 6.74338881e-02 0.0
-1.90285816e-01 5.91918069e-02 0.0
-1.95068690e-01 5.05842298e-02 0.0
-1.99347050e-01 4.16266634e-02 0.0
-2.03094312e-01 3.23365342e-02 0.0
-2.06281884e-01 2.27342707e-02 0.0
-2.08879312e-01 1.28442534e-02 0.0
-2.10854536e-01 2.69577163e-03 0.0
-2.12174306e-01 -7.67615392e-03 0.0
-2.12804746e-01 -1.82299490e-02 0.0
-2.12712065e-01 -2.89168153e-02 0.0
-2.11863456e-01 -3.96800895e-02 0.0
-2.10228112e-01 -5.04547917e-02 0.0
-2.07778467e-01 -6.11672550e-02 0.0
-2.04491501e-01 -7.17350028e-02 0.0
-2.00350265e-01 -8.20667743e-02 0.0
-1.95345392e-01 -9.20628662e-02 0.0
-1.89476755e-01 -1.01615690e-01 0.0
-1.82754994e-01 -1.10610701e-01 0.0
-1.75203056e-01 -1.18927576e-01 0.0
-1.66857411e-01 -1.26441769e-01 0.0
-1.57769096e-01 -1.33026271e-01 0.0
-1.48004188e-01 -1.38553630e-01 0.0
-1.37643894e-01 -1.42897996e-01 0.0
-1.26783814e-01 -1.45937125e-01 0.0
-1.15532657e-01 -1.47554003e-01 0.0
-1.04009995e-01 -1.47637870e-01 0.0
-9.23435327e-02 -1.46084172e-01 0.0
-8.06656928e-02 -1.42793042e-01 0.0
-6.91104647e-02 -1.37665733e-01 0.0
-5.78110595e-02 -1.30598570e-01 0.0
-4.69005941e-02 -1.21474137e-01 0.0
-3.65183331e-02 -1.10150345e-01 0.0
-2.68265237e-02 -9.64499881e-02 0.0
-1.80430778e-02 -8.01579583e-02 0.0
-1.04945047e-02 -6.10414597e-02 0.0
-4.68195618e-03 -3.89199475e-02 0.0
-1.14271894e-03 -1.38165188e-02 0.0
-2.72308555e-04 1.28948875e-02 0.0
-1.66724783e-03 3.53103878e-02 0.0
-4.43385250e-03 5.46933133e-02 0.0
-8.18625310e-03 7.14761346e-02 0.0
-1.28520087e-02 8.60146101e-02 0.0
-1.84057465e-02 9.85517544e-02 0.0
-2.48158666e-02 1.09242521e-01 0.0
-3.20236242e-02 1.18190112e-01 0.0
-3.99413885e-02 1.25475246e-01 0.0
-4.84597843e-02 1.31174762e-01 0.0
-5.74570036e-02 1.35371260e-01 0.0
-6.68078153e-02 1.38156385e-01 0.0
-7.63906361e-02 1.39630171e-01 0.0
-8.60928102e-02 1.39898140e-01 0.0
-9.58137350e-02 1.39067496e-01 0.0
-1.05466521e-01 1.37243211e-01 0.0
-1.14978099e-01 1.34524621e-01 0.0
-1.24288521e-01 1.31002763e-01 0.0
-1.33349410e-01 1.26758648e-01 0.0
-1.42122195e-01 1.21862377e-01 0.0
-1.50576039e-01 1.16373068e-01 0.0
-1.58685946e-01 1.10339370e-01 0.0
-1.66430864e-01 1.03800479e-01 0.0
-1.73792133e-01 9.67874001e-02 0.0
-1.80752048e-01 8.93244455e-02 0.0
-1.87292777e-01 8.14307360e-02 0.0
-1.93395407e-01 7.31217596e-02 0.0
-1.99039290e-01 6.44108275e-02 0.0
-2.04201493e-01 5.53105142e-02 0.0
-2.08856489e-01 4.58339650e-02 0.0
-2.12975947e-01 3.59961830e-02 0.0
-2.16528711e-01 2.58151901e-02 0.0
-2.19480900e-01 1.53131835e-02 0.0
-2.21796180e-01 4.51757730e-03 0.0
-2.23436185e-01 -6.53795368e-03 0.0
-2.24361116e-01 -1.78125487e-02 0.0
-2.24530533e-01 -2.92572510e-02 0.0
-2.23904323e-01 -4.08142475e-02 0.0
-2.22443909e-01 -5.24161696e-02 0.0
-2.20113607e-01 -6.39856054e-02 0.0
-2.16882259e-01 -7.54347504e-02 0.0
-2.12724956e-01 -8.66653548e-02 0.0
-2.07625002e-01 -9.75689084e-02 0.0
-2.01575869e-01 -1.08027217e-01 0.0
-1.94583300e-01 -1.17913310e-01 0.0
-1.86667208e-01 -1.27092807e-01 0.0
-1.77863546e-01 -1.35425665e-01 0.0
-1.68225703e-01 -1.42768360e-01 0.0
-1.57825608e-01 -1.48976379e-01 0.0
-1.46754028e-01 -1.53906964e-01 0.0
-1.35120254e-01 -1.57421862e-01 0.0
-1.23050653e-01 -1.59389884e-01 0.0
-1.10686339e-01 -1.59688833e-01 0.0
-9.81795054e-02 -1.58206382e-01 0.0
-8.56888736e-02 -1.54839191e-01 0.0
-7.33740796e-02 -1.49489503e-01 0.0
-6.13901058e-02 -1.42058086e-01 0.0
-4.98827837e-02 -1.32432325e-01 0.0
-3.89889501e-02 -1.20468180e-01 0.0
-2.88469099e-02 -1.05965942e-01 0.0
-1.96285453e-02 -8.86437650e-02 0.0
-1.16080908e-02 -6.81246412e-02 0.0
-5.27919540e-03 -4.39781821e-02 0.0
-1.30873376e-03 -1.58986181e-02 0.0
-3.00801131e-04 1.38342518e-02 0.0
-1.69089894e-03 3.75223268e-02 0.0
-4.33522752e-03 5.78923357e-02 0.0
-7.90679599e-03 7.56011209e-02 0.0
-1.24307875e-02 9.10794212e-02 0.0
-1.79490770e-02 1.04559032e-01 0.0
-2.44572399e-02 1.16153598e-01 0.0
-3.18946389e-02 1.25924274e-01 0.0
-4.01558900e-02 1.33920192e-01 0.0
-4.91070182e-02 1.40199444e-01 0.0
-5.86006002e-02 1.44837493e-01 0.0
-6.84876220e-02 1.47928109e-01 0.0
-7.86263373e-02 1.49580117e-01 0.0
-8.88879655e-02 1.49912140e-01 0.0
-9.91601082e-02 1.49046715e-01 0.0
-1.09347914e-01 1.47104744e-01 0.0
-1.19373882e-01 1.44200802e-01 0.0
-1.29176347e-01 1.40439646e-01 0.0
-1.38707451e-01 1.35913941e-01 0.0
-1.47930576e-01 1.30703185e-01 0.0
-1.56817875e-01 1.24873599e-01 0.0
-1.65347744e-01 1.18478817e-01 0.0
-1.73502687e-01 1.11561101e-01 0.0
-1.81267343e-01 1.04152917e-01 0.0
-1.88626952e-01 9.62786692e-02 0.0
-1.95566001e-01 8.79565122e-02 0.0
-2.02067262e-01 7.92000998e-02 0.0
-2.08110962e-01 7.00202981e-02 0.0
-2.13674248e-01 6.04267625e-02 0.0
-2.18730761e-01 5.04294583e-02 0.0
-2.23250433e-01 4.00400531e-02 0.0
-2.27199392e-01 2.92732778e-02 0.0
-2.30540059e-01 1.81481869e-02 0.0
-2.33231385e-01 6.68941407e-03 0.0
-2.35229279e-01 -5.07165724e-03 0.0
-2.36487236e-01 -1.70957259e-02 0.0
-2.36957157e-01 -2.93345043e-02 0.0
-2.36590448e-01 -4.17296849e-02 0.0
-2.35339311e-01 -5.42120591e-02 0.0
-2.33158362e-01 -6.67007461e-02 0.0
-2.30006434e-01 -7.91026669e-02 0.0
-2.25848722e-01 -9.13122411e-02 0.0
-2.20659035e-01 -1.03211455e-01 0.0
-2.14422345e-01 -1.14670291e-01 0.0
-2.07137299e-01 -1.25547655e-01 0.0
-1.98818866e-01 -1.35692796e-01 0.0
-1.89500711e-01 -1.44947310e-01 0.0
-1.79237423e-01 -1.53147669e-01 0.0
-1.68106118e-01 -1.60128302e-01 0.0
-1.56207518e-01 -1.65725060e-01 0.0
-1.43665966e-01 -1.69778940e-01 0.0
-1.30628496e-01 -1.72139734e-01 0.0
-1.17262389e-01 -1.72669272e-01 0.0
-1.03751404e-01 -1.71243637e-01 0.0
-9.02901654e-02 -1.67753692e-01 0.0
-7.70770315e-02 -1.62102825e-01 0.0
-6.43051569e-02 -1.54200518e-01 0.0
-5.21527618e-02 -1.43949528e-01 0.0
-4.07740356e-02 -1.31223465e-01 0.0
-3.02964407e-02 -1.15830231e-01 0.0
-2.08372762e-02 -9.74569545e-02 0.0
-1.25692270e-02 -7.55999160e-02 0.0
-5.88378286e-03 -4.95172183e-02 0.0
-1.50323175e-03 -1.83412350e-02 0.0
-3.26253709e-04 1.48276744e-02 0.0
-1.62056080e-03 3.95796880e-02 0.0
-3.95206117e-03 6.08108320e-02 0.0
-7.17347997e-03 7.94756516e-02 0.0
-1.14675210e-02 9.60229743e-02 0.0
-1.69434183e-02 1.10609728e-01 0.0
-2.36005237e-02 1.23268244e-01 0.0
-3.13516567e-02 1.33998244e-01 0.0
-4.00545058e-02 1.42810417e-01 0.0
-4.95378747e-02 1.49743821e-01 0.0
-5.96208120e-02 1.54869750e-01 0.0
-7.01263171e-02 1.58288504e-01 0.0
-8.08904020e-02 1.60122657e-01 0.0
-9.17678819e-02 1.60508851e-01 0.0
-1.02635116e-01 1.59589533e-01 0.0
-1.13390718e-01 1.57505495e-01 0.0
-1.23954367e-01 1.54389836e-01 0.0
-1.34264647e-01 1.50363533e-01 0.0
-1.44276019e-01 1.45532713e-01 0.0
-1.53955686e-01 1.39987398e-01 0.0
-1.63280323e-01 1.33801520e-01 0.0
-1.72233197e-01 1.27033842e-01 0.0
-1.80801500e-01 1.19729532e-01 0.0
-1.88974225e-01 1.11922081e-01 0.0
-1.96740308e-01 1.03635415e-01 0.0
-2.04087258e-01 9.48859893e-02 0.0
-2.10999995e-01 8.56848476e-02 0.0
-2.17460041e-01 7.60395261e-02 0.0
-2.23444856e-01 6.59558675e-02 0.0
-2.28927425e-01 5.54396694e-02 0.0
-2.33875954e-01 4.44982780e-02 0.0
-2.38253765e-01 3.31420599e-02 0.0
-2.42019324e-01 2.13858672e-02 0.0
-2.45126453e-01 9.25042532e-03 0.0
-2.47524734e-01 -3.23625818e-03 0.0
-2.49160119e-01 -1.60375492e-02 0.0
-2.49975814e-01 -2.91068322e-02 0.0
-2.49913398e-01 -4.23862518e-02 0.0
-2.48914297e-01 -5.58055037e-02 0.0
-2.46921518e-01 -6.92808065e-02 0.0
-2.43881796e-01 -8.27140368e-02 0.0
-2.39747983e-01 -9.59921825e-02 0.0
-2.34481850e-01 -1.08987123e-01 0.0
-2.28057053e-01 -1.21555906e-01 0.0
-2.20462402e-01 -1.33541539e-01 0.0
-2.11705101e-01 -1.44774455e-01 0.0
-2.01814062e-01 -1.55074661e-01 0.0
-1.90842843e-01 -1.64254648e-01 0.0
-1.78872281e-01 -1.72123021e-01 0.0
-1.66012261e-01 -1.78488800e-01 0.0
-1.52402685e-01 -1.83166176e-01 0.0
-1.38213012e-01 -1.85979497e-01 0.0
-1.23640476e-01 -1.86768019e-01 0.0
-1.08906338e-01 -1.85389888e-01 0.0
-9.42503541e-02 -1.81724550e-01 0.0
-7.99227832e-02 -1.75672568e-01 0.0
-6.61740520e-02 -1.67151288e-01 0.0
-5.32411530e-02 -1.56083968e-01 0.0
-4.13308015e-02 -1.42378029e-01 0.0
-3.05997454e-02 -1.25884256e-01 0.0
-2.11402256e-02 -1.06321563e-01 0.0
-1.30008666e-02 -8.31426758e-02 0.0
-6.33699298e-03 -5.53237478e-02 0.0
-1.70388556e-03 -2.11791048e-02 0.0
-2.83815964e-04 1.58042339e-02 0.0
-1.21302291e-03 4.11931440e-02 0.0
-2.88570929e-03 6.32015913e-02 0.0
-5.56768744e-03 8.29883294e-02 0.0
-9.61595862e-03 1.00852660e-01 0.0
-1.51456631e-02 1.16785707e-01 0.0
-2.21009629e-02 1.30704744e-01 0.0
-3.03292599e-02 1.42541259e-01 0.0
-3.96298613e-02 1.52270948e-01 0.0
-4.97835995e-02 1.59920503e-01 0.0
-6.05718153e-02 1.65564337e-01 0.0
-7.17886460e-02 1.69316378e-01 0.0
-8.32491847e-02 1.71319541e-01 0.0
-9.47940201e-02 1.71734427e-01 0.0
-1.06291211e-01 1.70728536e-01 0.0
-1.17635776e-01 1.68466822e-01 0.0
-1.28747684e-01 1.65104237e-01 0.0
-1.39568504e-01 1.60780411e-01 0.0
-1.50057642e-01 1.55616531e-01 0.0
-1.60188241e-01 1.49714038e-01 0.0
-1.69943426e-01 1.43154901e-01 0.0
-1.79312787e-01 1.36002902e-01 0.0
-1.88289500e-01 1.28305699e-01 0.0
-1.96867829e-01 1.20097184e-01 0.0
-2.05041247e-01 1.11400033e-01 0.0
-2.12800849e-01 1.02228150e-01 0.0
-2.20134236e-01 9.25890389e-02 0.0
-2.27024566e-01 8.24859421e-02 0.0
-2.33449924e-01 7.19198584e-02 0.0
-2.39382795e-01 6.08913539e-02 0.0
-2.44789751e-01 4.94023153e-02 0.0
-2.49631248e-01 3.74575681e-02 0.0
-2.53861601e-01 2.50665100e-02 0.0
-2.57429130e-01 1.22446778e-02 0.0
-2.60276494e-01 -9.84628373e-04 0.0
-2.62341293e-01 -1.45887593e-02 0.0
-2.63556907e-01 -2.85240799e-02 0.0
-2.63853700e-01 -4.27343961e-02 0.0
-2.63160534e-01 -5.71493989e-02 0.0
-2.61406736e-01 -7.16832628e-02 0.0
-2.58524420e-01 -8.62333979e-02 0.0
-2.54451322e-01 -1.00679517e-01 0.0
-2.49133970e-01 -1.14883063e-01 0.0
-2.42531353e-01 -1.28687176e-01 0.0
-2.34618793e-01 -1.41917280e-01 0.0
-2.25392165e-01 -1.54382451e-01 0.0
-2.14872026e-01 -1.65877657e-01 0.0
-2.03107754e-01 -1.76186964e-01 0.0
-1.90181117e-01 -1.85087734e-01 0.0
-1.76209306e-01 -1.92355757e-01 0.0
-1.61346769e-01 -1.97771178e-01 0.0
-1.45785867e-01 -2.01124925e-01 0.0
-1.29755663e-01 -2.02225196e-01 0.0
-1.13518984e-01 -2.00903402e-01 0.0
-9.73671486e-02 -1.97018738e-01 0.0
-8.16126340e-02 -1.90460359e-01 0.0
-6.65789893e-02 -1.81145777e-01 0.0
-5.25877838e-02 -1.69013499e-01 0.0
-3.99402264e-02 -1.54006333e-01 0.0
-2.88895842e-02 -1.36037587e-01 0.0
-1.95966607e-02 -1.14920624e-01 0.0
-1.20687496e-02 -9.02108453e-02 0.0
-6.15214387e-03 -6.08360289e-02 0.0
-1.78453664e-03 -2.42985306e-02 0.0
1.38773748e-04 1.63159078e-02 0.0
3.27752067e-04 4.17883419e-02 0.0
-2.19311039e-04 6.48261718e-02 0.0
-2.35204845e-03 8.61785046e-02 0.0
-6.39166813e-03 1.05750427e-01 0.0
-1.22922243e-02 1.23318263e-01 0.0
-1.98585697e-02 1.38693906e-01 0.0
-2.88385295e-02 1.51760437e-01 0.0
-3.89622658e-02 1.62476202e-01 0.0
-4.99625161e-02 1.70869343e-01 0.0
-6.15869739e-02 1.77028287e-01 0.0
-7.36069922e-02 1.81089403e-01 0.0
-8.58231449e-02 1.83223343e-01 0.0
-9.80683409e-02 1.83620801e-01 0.0
-1.10208238e-01 1.82479403e-01 0.0
-1.22139729e-01 1.79992174e-01 0.0
-1.33787605e-01 1.76338839e-01 0.0
-1.45100364e-01 1.71679568e-01 0.0
-1.56045385e-01 1.66151721e-01 0.0
-1.66604277e-01 1.59868532e-01 0.0
-1.76768418e-01 1.52919932e-01 0.0
-1.86535204e-01 1.45374223e-01 0.0
-1.95904787e-01 1.37280885e-01 0.0
-2.04877564e-01 1.28673321e-01 0.0
-2.13452093e-01 1.19572065e-01 0.0
-2.21623596e-01 1.09987448e-01 0.0
-2.29382702e-01 9.99224614e-02 0.0
-2.36714575e-01 8.93749554e-02 0.0
-2.43598166e-01 7.83400288e-02 0.0
-2.50005689e-01 6.68118138e-02 0.0
-2.55902188e-01 5.47855480e-02 0.0
-2.61245275e-01 4.22591574e-02 0.0
-2.65984986e-01 2.92352247e-02 0.0
-2.70063825e-01 1.57225687e-02 0.0
-2.73417006e-01 1.73826418e-03 0.0
-2.75972950e-01 -1.26906719e-02 0.0
-2.77654107e-01 -2.75251627e-02 0.0
-2.78378103e-01 -4.27122925e-02 0.0
-2.78059362e-01 -5.81831805e-02 0.0
-2.76611142e-01 -7.38512733e-02 0.0
-2.73948160e-01 -8.96104638e-02 0.0
-2.69989695e-01 -1.05333797e-01 0.0
-2.64663345e-01 -1.20872273e-01 0.0
-2.57909231e-01 -1.36054491e-01 0.0
-2.49684804e-01 -1.50686752e-01 0.0
-2.39969904e-01 -1.64554315e-01 0.0
-2.28772168e-01 -1.77423482e-01 0.0
-2.16132271e-01 -1.89045129e-01 0.0
-2.02128996e-01 -1.99159311e-01 0.0
-1.86883450e-01 -2.07501373e-01 0.0
-1.70562363e-01 -2.13809031e-01 0.0
-1.53379682e-01 -2.17830509e-01 0.0
-1.35596461e-01 -2.19332901e-01 0.0
-1.17518364e-01 -2.18110347e-01 0.0
-9.94910696e-02 -2.13990806e-01 0.0
-8.18932761e-02 -2.06840494e-01 0.0
-6.51281098e-02 -1.96564358e-01 0.0
-4.96129782e-02 -1.83101170e-01 0.0
-3.57682897e-02 -1.66410834e-01 0.0
-2.40017354e-02 -1.46450220e-01 0.0
-1.46758766e-02 -1.23126722e-01 0.0
-8.01691664e-03 -9.61915781e-02 0.0
-3.87100518e-03 -6.49177846e-02 0.0
-1.18615427e-03 -2.69007147e-02 0.0
2.28239268e-03 7.11106163e-03 0.0
5.49048914e-03 2.15711804e-02 0.0
5.89490033e-03 3.56050897e-02 0.0
3.53255314e-03 4.87978525e-02 0.0
-1.29431521e-03 6.08757892e-02 0.0
-8.23372514e-03 7.16560282e-02 0.0
-1.69367932e-02 8.10236228e-02 0.0
-2.70663789e-02 8.89201796e-02 0.0
-3.83024584e-02 9.53367902e-02 0.0
-5.03476503e-02 1.00307835e-01 0.0
-6.29329831e-02 1.03904088e-01 0.0
-7.58224880e-02 1.06224679e-01 0.0
-8.88164465e-02 1.07388182e-01 0.0
-1.01752342e-01 1.07523514e-01 0.0
-1.14503953e-01 1.06761449e-01 0.0
-1.26978348e-01 1.05227431e-01 0.0
-1.39111715e-01 1.03036132e-01 0.0
-1.50864169e-01 1.00287897e-01 0.0
-1.62214510e-01 9.70669664e-02 0.0
-1.73154981e-01 9.34411735e-02 0.0
-1.83686732e-01 8.94627453e-02 0.0
-1.93815774e-01 8.51698190e-02 0.0
-2.03549825e-01 8.05883385e-02 0.0
-2.12895669e-01 7.57340717e-02 0.0
-2.21857235e-01 7.06145751e-02 0.0
-2.30434006e-01 6.52310061e-02 0.0
-2.38619888e-01 5.95797419e-02 0.0
-2.46402226e-01 5.36538087e-02 0.0
-2.53761093e-01 4.74441493e-02 0.0
-2.60668621e-01 4.09407718e-02 0.0
-2.67088519e-01 3.41338249e-02 0.0
-2.72975637e-01 2.70146485e-02 0.0
-2.78275701e-01 1.95768360e-02 0.0
-2.82925181e-01 1.18173452e-02 0.0
-2.86851386e-01 3.73767882e-03 0.0
-2.89972818e-01 -4.65484720e-03 0.0
-2.92199856e-01 -1.33457452e-02 0.0
-2.93435868e-01 -2.23119135e-02 0.0
-2.93578772e-01 -3.15201316e-02 0.0
-2.92523213e-01 -4.09255296e-02 0.0
-2.90163299e-01 -5.04700874e-02 0.0
-2.86396128e-01 -6.00812375e-02 0.0
-2.81125934e-01 -6.96706712e-02 0.0
-2.74269094e-01 -7.91334667e-02 0.0
-2.65759704e-01 -8.83476811e-02 0.0
-2.55555894e-01 -9.71745636e-02 0.0
-2.43646407e-01 -1.05459554e-01 0.0
-2.30057511e-01 -1.13034225e-01 0.0
-2.14859519e-01 -1.19719288e-01 0.0
-1.98172851e-01 -1.25328736e-01 0.0
-1.80172696e-01 -1.29675097e-01 0.0
-1.61092133e-01 -1.32575624e-01 0.0
-1.41222713e-01 -1.33859108e-01 0.0
-1.20912532e-01 -1.33372768e-01 0.0
-1.00561104e-01 -1.30988455e-01 0.0
-8.06117126e-02 -1.26607216e-01 0.0
-6.15414773e-02 -1.20161005e-01 0.0
-4.38512198e-02 -1.11610213e-01 0.0
-2.80574232e-02 -1.00935427e-01 0.0
-1.46917920e-02 -8.81215601e-02 0.0
-4.31652030e-03 -7.31316660e-02 0.0
2.43232925e-03 -5.58656653e-02 0.0
4.79448277e-03 -3.60935013e-02 0.0
2.38738951e-03 -1.33381826e-02 0.0
-1.57940695e-04 -1.79250561e-03 0.0
-7.68423932e-04 1.86975890e-03 0.0
-2.37580639e-03 6.96363650e-03 0.0
-5.60605168e-03 1.19890441e-02 0.0
-1.06679197e-02 1.65258110e-02 0.0
-1.74537871e-02 2.04499274e-02 0.0
-2.57380218e-02 2.37322499e-02 0.0
-3.52606666e-02 2.63824524e-02 0.0
-4.57611378e-02 2.84313394e-02 0.0
-5.69934202e-02 2.99240437e-02 0.0
-6.87336462e-02 3.09159009e-02 0.0
-8.07844427e-02 3.14690366e-02 0.0
-9.29769070e-02 3.16486719e-02 0.0
-1.05171148e-01 3.15197155e-02 0.0
-1.17255216e-01 3.11434300e-02 0.0
-1.29143090e-01 3.05750338e-02 0.0
-1.40771612e-01 2.98618239e-02 0.0
-1.52097071e-01 2.90424893e-02 0.0
-1.63091369e-01 2.81468467e-02 0.0
-1.73738402e-01 2.71965224e-02 0.0
-1.84030507e-01 2.62056366e-02 0.0
-1.93965427e-01 2.51820521e-02 0.0
-2.03543546e-01 2.41282509e-02 0.0
-2.12765670e-01 2.30425318e-02 0.0
-2.21631074e-01 2.19196548e-02 0.0
-2.30135974e-01 2.07517461e-02 0.0
-2.38272172e-01 1.95286307e-02 0.0
-2.46025991e-01 1.82384712e-02 0.0
-2.53377293e-01 1.68678927e-02 0.0
-2.60298702e-01 1.54024910e-02 0.0
-2.66754888e-01 1.38269022e-02 0.0
-2.72702020e-01 1.21253230e-02 0.0
-2.78087332e-01 1.02816635e-02 0.0
-2.82848873e-01 8.28019656e-03 0.0
-2.86915477e-01 6.10590080e-03 0.0
-2.90206992e-01 3.74532700e-03 0.0
-2.92634859e-01 1.18720720e-03 0.0
-2.94103079e-01 -1.57640822e-03 0.0
-2.94509682e-01 -4.54923916e-03 0.0
-2.93748727e-01 -7.72936647e-03 0.0
-2.91712984e-01 -1.11080533e-02 0.0
-2.88297253e-01 -1.46681552e-02 0.0
-2.83402533e-01 -1.83828329e-02 0.0
-2.76940858e-01 -2.22140285e-02 0.0
-2.68841018e-01 -2.61114144e-02 0.0
-2.59054841e-01 -3.00113951e-02 0.0
-2.47564147e-01 -3.38368640e-02 0.0
-2.34387855e-01 -3.74973983e-02 0.0
-2.19589200e-01 -4.08905536e-02 0.0
-2.03282290e-01 -4.39039746e-02 0.0
-1.85637786e-01 -4.64188383e-02 0.0
-1.66886737e-01 -4.83142380e-02 0.0
-1.47322328e-01 -4.94727152e-02 0.0
-1.27298573e-01 -4.97862486e-02 0.0
-1.07226004e-01 -4.91624384e-02 0.0
-8.75638248e-02 -4.75297804e-02 0.0
-6.88091983e-02 -4.48412961e-02 0.0
-5.14836119e-02 -4.10751730e-02 0.0
-3.61166057e-02 -3.62317779e-02 0.0
-2.32230185e-02 -3.03272840e-02 0.0
-1.32596273e-02 -2.33903760e-02 0.0
-6.51300675e-03 -1.54936041e-02 0.0
-2.80477097e-03 -6.96447258e-03 0.0
-8.22781436e-04 5.72806722e-04 0.0
-7.02191132e-04 -5.66026286e-04 0.0
-2.84787294e-03 3.76580346e-03 0.0
-6.25230935e-03 1.00794396e-02 0.0
-1.08040538e-02 1.66552708e-02 0.0
-1.66517657e-02 2.27692157e-02 0.0
-2.37938617e-02 2.81345486e-02 0.0
-3.21142607e-02 3.26523360e-02 0.0
-4.14392708e-02 3.63101056e-02 0.0
-5.15754479e-02 3.91404298e-02 0.0
-6.23306748e-02 4.12025680e-02 0.0
-7.35256248e-02 4.25726683e-02 0.0
-8.49994704e-02 4.33370369e-02 0.0
-9.66126623e-02 4.35864632e-02 0.0
-1.08247536e-01 4.34111840e-02 0.0
-1.19807867e-01 4.28965128e-02 0.0
-1.31217325e-01 4.21194450e-02 0.0
-1.42417546e-01 4.11463274e-02 0.0
-1.53365620e-01 4.00316969e-02 0.0
-1.64031570e-01 3.88180725e-02 0.0
-1.74395617e-01 3.75365688e-02 0.0
-1.84445692e-01 3.62079693e-02 0.0
-1.94174953e-01 3.48441062e-02 0.0
-2.03579668e-01 3.34492411e-02 0.0
-2.12657190e-01 3.20214045e-02 0.0
-2.21404296e-01 3.05535117e-02 0.0
-2.29815609e-01 2.90343266e-02 0.0
-2.37882314e-01 2.74491818e-02 0.0
-2.45590933e-01 2.57805896e-02 0.0
-2.52922313e-01 2.40086896e-02 0.0
-2.59850658e-01 2.21116830e-02 0.0
-2.66342734e-01 2.00662089e-02 0.0
-2.72357148e-01 1.78478012e-02 0.0
-2.77843795e-01 1.54313818e-02 0.0
-2.82743448e-01 1.27919108e-02 0.0
-2.86987569e-01 9.90514833e-03 0.0
-2.90498371e-01 6.74863187e-03 0.0
-2.93189189e-01 3.30282134e-03 0.0
-2.94965255e-01 -4.47505963e-04 0.0
-2.95724902e-01 -4.51166249e-03 0.0
-2.95361363e-01 -8.89121290e-03 0.0
-2.93765131e-01 -1.35779616e-02 0.0
-2.90827119e-01 -1.85517733e-02 0.0
-2.86442505e-01 -2.37783376e-02 0.0
-2.80515532e-01 -2.92069674e-02 0.0
-2.72965036e-01 -3.47686116e-02 0.0
-2.63730945e-01 -4.03742733e-02 0.0
-2.52781341e-01 -4.59140991e-02 0.0
-2.40120197e-01 -5.12574212e-02 0.0
-2.25795150e-01 -5.62540609e-02 0.0
-2.09905186e-01 -6.07371790e-02 0.0
-1.92607288e-01 -6.45278836e-02 0.0
-1.74121709e-01 -6.74416758e-02 0.0
-1.54734672e-01 -6.92965877e-02 0.0
-1.34798072e-01 -6.99226061e-02 0.0
-1.14724974e-01 -6.91716319e-02 0.0
-9.49806659e-02 -6.69269686e-02 0.0
-7.60681072e-02 -6.31111981e-02 0.0
-5.85071932e-02 -5.76916870e-02 0.0
-4.28048988e-02 -5.06844910e-02 0.0
-2.94109756e-02 -4.21620186e-02 0.0
-1.86473766e-02 -3.22825803e-02 0.0
-1.06010323e-02 -2.13943245e-02 0.0
-5.02428838e-03 -1.03487032e-02 0.0
-1.39962710e-03 -1.28166663e-03 0.0
-7.84749517e-04 1.28701423e-03 0.0
-3.49422993e-03 7.13403669e-03 0.0
-7.96099755e-03 1.45824388e-02 0.0
-1.35884162e-02 2.23314746e-02 0.0
-2.02804990e-02 2.96328574e-02 0.0
-2.79794030e-02 3.61119692e-02 0.0
-3.65918602e-02 4.16078445e-02 0.0
-4.59901312e-02 4.60779622e-02 0.0
-5.60286146e-02 4.95473282e-02 0.0
-6.65588761e-02 5.20812629e-02 0.0
-7.74394559e-02 5.37696181e-02 0.0
-8.85416997e-02 5.47163015e-02 0.0
-9.97524484e-02 5.50312736e-02 0.0
-1.10975090e-01 5.48240326e-02 0.0
-1.22129224e-01 5.41982810e-02 0.0
-1.33149821e-01 5.32478933e-02 0.0
-1.43985727e-01 5.20541761e-02 0.0
-1.54598093e-01 5.06844650e-02 0.0
-1.64958464e-01 4.91918099e-02 0.0
-1.75046983e-01 4.76155892e-02 0.0
-1.84850425e-01 4.59826638e-02 0.0
-1.94360442e-01 4.43088939e-02 0.0
-2.03571749e-01 4.26006848e-02 0.0
-2.12480556e-01 4.08565045e-02 0.0
-2.21082987e-01 3.90681679e-02 0.0
-2.29373739e-01 3.72219588e-02 0.0
-2.37344741e-01 3.52994830e-02 0.0
-2.44984005e-01 3.32784012e-02 0.0
-2.52274492e-01 3.11329778e-02 0.0
-2.59193139e-01 2.88346201e-02 0.0
-2.65709906e-01 2.63523504e-02 0.0
-2.71786982e-01 2.36533865e-02 0.0
-2.77378066e-01 2.07037635e-02 0.0
-2.82427812e-01 1.74691653e-02 0.0
-2.86871451e-01 1.39158896e-02 0.0
-2.90634628e-01 1.00121035e-02 0.0
-2.93633535e-01 5.72930706e-03 0.0
-2.95775375e-01 1.04414451e-03 0.0
-2.96959283e-01 -4.05953198e-03 0.0
-2.97077706e-01 -9.58823579e-03 0.0
-2.96018475e-01 -1.55361824e-02 0.0
-2.93667490e-01 -2.18823345e-02 0.0
-2.89912327e-01 -2.85873432e-02 0.0
-2.84646633e-01 -3.55904257e-02 0.0
-2.77775614e-01 -4.28064699e-02 0.0
-2.69222386e-01 -5.01235420e-02 0.0
-2.58935417e-01 -5.74012195e-02 0.0
-2.46896616e-01 -6.44700693e-02 0.0
-2.33130111e-01 -7.11327946e-02 0.0
-2.17710938e-01 -7.71674211e-02 0.0
-2.00773347e-01 -8.23329774e-02 0.0
-1.82517531e-01 -8.63778332e-02 0.0
-1.63214127e-01 -8.90507367e-02 0.0
-1.43204938e-01 -9.01141222e-02 0.0
-1.22899056e-01 -8.93589801e-02 0.0
-1.02762721e-01 -8.66201594e-02 0.0
-8.33021279e-02 -8.17910643e-02 0.0
-6.50374236e-02 -7.48373553e-02 0.0
-4.84668308e-02 -6.58116366e-02 0.0
-3.40192524e-02 -5.48763125e-02 0.0
-2.19988043e-02 -4.23522823e-02 0.0
-1.25424986e-02 -2.88272327e-02 0.0
-5.67123477e-03 -1.53637741e-02 0.0
-1.44059343e-03 -3.75361096e-03 0.0
-7.65564837e-04 3.20326497e-03 0.0
-3.65750389e-03 1.11851528e-02 0.0
-8.67545916e-03 2.00160740e-02 0.0
-1.50270556e-02 2.88768939e-02 0.0
-2.24167082e-02 3.71692244e-02 0.0
-3.06777223e-02 4.45355819e-02 0.0
-3.96801445e-02 5.07991840e-02 0.0
-4.92988096e-02 5.59036419e-02 0.0
-5.94083709e-02 5.98697871e-02 0.0
-6.98865907e-02 6.27673892e-02 0.0
-8.06189224e-02 6.46965175e-02 0.0
-9.15016133e-02 6.57744604e-02 0.0
-1.02443512e-01 6.61258958e-02 0.0
-1.13366453e-01 6.58751346e-02 0.0
-1.24205057e-01 6.51400688e-02 0.0
-1.34905847e-01 6.40276521e-02 0.0
-1.45426283e-01 6.26309276e-02 0.0
-1.55733456e-01 6.10274285e-02 0.0
-1.65802877e-01 5.92788217e-02 0.0
-1.75617038e-01 5.74314466e-02 0.0
-1.85164116e-01 5.55175229e-02 0.0
-1.94436521e-01 5.35566593e-02 0.0
-2.03429597e-01 5.15575104e-02 0.0
-2.12140218e-01 4.95193197e-02 0.0
-2.20565553e-01 4.74333360e-02 0.0
-2.28701753e-01 4.52839653e-02 0.0
-2.36542805e-01 4.30497551e-02 0.0
-2.44079331e-01 4.07041467e-02 0.0
-2.51297530e-01 3.82161498e-02 0.0
-2.58178101e-01 3.55508974e-02 0.0
-2.64695280e-01 3.26702528e-02 0.0
-2.70815908e-01 2.95334230e-02 0.0
-2.76498613e-01 2.60977504e-02 0.0
-2.81693081e-01 2.23196267e-02 0.0
-2.86339474e-01 1.81556944e-02 0.0
-2.90368041e-01 1.35642738e-02 0.0
-2.93698935e-01 8.50716895e-03 0.0
-2.96242367e-01 2.95178304e-03 0.0
-2.97899084e-01 -3.12632132e-03 0.0
-2.98561375e-01 -9.74051083e-03 0.0
-2.98114576e-01 -1.68897196e-02 0.0
-2.96439359e-01 -2.45547860e-02 0.0
-2.93414739e-01 -3.26944663e-02 0.0
-2.88922156e-01 -4.12413776e-02 0.0
-2.82850509e-01 -5.00979884e-02 0.0
-2.75102498e-01 -5.91330720e-02 0.0
-2.65602035e-01 -6.81789390e-02 0.0
-2.54302945e-01 -7.70300647e-02 0.0
-2.41198459e-01 -8.54436220e-02 0.0
-2.26331408e-01 -9.31426580e-02 0.0
-2.09804141e-01 -9.98224471e-02 0.0
-1.91787595e-01 -1.05160583e-01 0.0
-1.72527918e-01 -1.08830935e-01 0.0
-1.52349564e-01 -1.10521343e-01 0.0
-1.31652819e-01 -1.09954272e-01 0.0
-1.10904558e-01 -1.06909359e-01 0.0
-9.06204132e-02 -1.01246508e-01 0.0
-7.13380251e-02 -9.29289201e-02 0.0
-5.35814605e-02 -8.20471568e-02 0.0
-3.78208552e-02 -6.88489142e-02 0.0
-2.44376058e-02 -5.37833276e-02 0.0
-1.37218429e-02 -3.75682164e-02 0.0
-5.95162392e-03 -2.12642450e-02 0.0
-1.42059461e-03 -6.24627795e-03 0.0
-7.32119872e-04 5.06678570e-03 0.0
-3.66587362e-03 1.55131725e-02 0.0
-8.95474173e-03 2.59949055e-02 0.0
-1.57599961e-02 3.60549525e-02 0.0
-2.36682804e-02 4.52891526e-02 0.0
-3.24147066e-02 5.34231551e-02 0.0
-4.18116873e-02 6.03110853e-02 0.0
-5.17101523e-02 6.59089532e-02 0.0
-6.19821758e-02 7.02461532e-02 0.0
-7.25148582e-02 7.34020285e-02 0.0
-8.32084388e-02 7.54879032e-02 0.0
-9.39759435e-02 7.66333929e-02 0.0
-1.04742675e-01 7.69757258e-02 0.0
-1.15445677e-01 7.66513873e-02 0.0
-1.26032747e-01 7.57896400e-02 0.0
-1.36461549e-01 7.45078312e-02 0.0
-1.46698477e-01 7.29082789e-02 0.0
-1.56717720e-01 7.10766671e-02 0.0
-1.66500153e-01 6.90816181e-02 0.0
-1.76032412e-01 6.69752578e-02 0.0
-1.85305789e-01 6.47943617e-02 0.0
-1.94315270e-01 6.25619059e-02 0.0
-2.03058397e-01 6.02886726e-02 0.0
-2.11534265e-01 5.79748574e-02 0.0
-2.19742366e-01 5.56114493e-02 0.0
-2.27681557e-01 5.31814629e-02 0.0
-2.35348920e-01 5.06608941e-02 0.0
-2.42738723e-01 4.80195623e-02 0.0
-2.49841321e-01 4.52217595e-02 0.0
-2.56642137e-01 4.22269045e-02 0.0
-2.63120616e-01 3.89901347e-02 0.0
-2.69249255e-01 3.54630400e-02 0.0
-2.74992651e-01 3.15944671e-02 0.0
-2.80306639e-01 2.73315973e-02 0.0
-2.85137509e-01 2.26212181e-02 0.0
-2.89421352e-01 1.74113898e-02 0.0
-2.93083596e-01 1.16534195e-02 0.0
-2.96038745e-01 5.30433817e-03 0.0
-2.98190463e-01 -1.67021850e-03 0.0
-2.99432014e-01 -9.29255331e-03 0.0
-2.99647270e-01 -1.75690039e-02 0.0
-2.98712299e-01 -2.64854792e-02 0.0
-2.96497844e-01 -3.60026422e-02 0.0
-2.92872683e-01 -4.60507462e-02 0.0
-2.87708270e-01 -5.65244849e-02 0.0
-2.80884594e-01 -6.72780755e-02 0.0
-2.72297634e-01 -7.81211774e-02 0.0
-2.61868215e-01 -8.88161603e-02 0.0
-2.49552450e-01 -9.90776109e-02 0.0
-2.35353161e-01 -1.08574852e-01 0.0
-2.19332030e-01 -1.16938501e-01 0.0
-2.01621174e-01 -1.23771791e-01 0.0
-1.82433143e-01 -1.28667302e-01 0.0
-1.62067245e-01 -1.31229106e-01 0.0
-1.40910568e-01 -1.31099818e-01 0.0
-1.19431329e-01 -1.27991210e-01 0.0
-9.81634309e-02 -1.21716608e-01 0.0
-7.76814024e-02 -1.12223155e-01 0.0
-5.85680106e-02 -9.96228069e-02 0.0
-4.13796518e-02 -8.42221674e-02 0.0
-2.66215153e-02 -6.65514099e-02 0.0
-1.47508148e-02 -4.73865587e-02 0.0
-6.22911143e-03 -2.77377969e-02 0.0
-1.43299172e-03 -8.73114212e-03 0.0
-7.04183229e-04 6.86887477e-03 0.0
-3.63472896e-03 1.99411795e-02 0.0
-9.05807576e-03 3.22791413e-02 0.0
-1.61468088e-02 4.36647425e-02 0.0
-2.44292092e-02 5.38700969e-02 0.0
-3.35693957e-02 6.27288834e-02 0.0
-4.33240350e-02 7.01570480e-02 0.0
-5.35095549e-02 7.61470564e-02 0.0
-6.39818951e-02 8.07525055e-02 0.0
-7.46247497e-02 8.40713147e-02 0.0
-8.53430798e-02 8.62306394e-02 0.0
-9.60589572e-02 8.73741596e-02 0.0
-1.06708857e-01 8.76517216e-02 0.0
-1.17241349e-01 8.72110228e-02 0.0
-1.27615373e-01 8.61912467e-02 0.0
-1.37798614e-01 8.47184238e-02 0.0
-1.47766315e-01 8.29024795e-02 0.0
-1.57500107e-01 8.08356727e-02 0.0
-1.66987170e-01 7.85922877e-02 0.0
-1.76219310e-01 7.62291724e-02 0.0
-1.85192237e-01 7.37869436e-02 0.0
-1.93904695e-01 7.12914591e-02 0.0
-2.02357706e-01 6.87554617e-02 0.0
-2.10553656e-01 6.61800937e-02 0.0
-2.18495452e-01 6.35563227e-02 0.0
-2.26185543e-01 6.08660874e-02 0.0
-2.33625005e-01 5.80833137e-02 0.0
-2.40812515e-01 5.51746789e-02 0.0
-2.47743383e-01 5.21003339e-02 0.0
-2.54408498e-01 4.88144878e-02 0.0
-2.60793326e-01 4.52660867e-02 0.0
-2.66876864e-01 4.13994933e-02 0.0
-2.72630626e-01 3.71554020e-02 0.0
-2.78017642e-01 3.24718950e-02 0.0
-2.82991495e-01 2.72858714e-02 0.0
-2.87495441e-01 2.15347530e-02 0.0
-2.91461616e-01 1.51587000e-02 0.0
-2.94810425e-01 8.10323728e-03 0.0
-2.97450122e-01 3.22517353e-04 0.0
-2.99276754e-01 -8.21689024e-03 0.0
-3.00174464e-01 -1.75314878e-02 0.0
-3.00016451e-01 -2.76157709e-02 0.0
-2.98666583e-01 -3.84364710e-02 0.0
-2.95982079e-01 -4.99263859e-02 0.0
-2.91817277e-01 -6.19778675e-02 0.0
-2.86029000e-01 -7.44364610e-02 0.0
-2.78483495e-01 -8.70950781e-02 0.0
-2.69065437e-01 -9.96895641e-02 0.0
-2.57688780e-01 -1.11896466e-01 0.0
-2.44309641e-01 -1.23334269e-01 0.0
-2.28940454e-01 -1.33569254e-01 0.0
-2.11664852e-01 -1.42127357e-01 0.0
-1.92651531e-01 -1.48512957e-01 0.0
-1.72165527e-01 -1.52235233e-01 0.0
-1.50574138e-01 -1.52841645e-01 0.0
-1.28345444e-01 -1.49957213e-01 0.0
-1.06036969e-01 -1.43326887e-01 0.0
-8.42742929e-02 -1.32857499e-01 0.0
-6.37209315e-02 -1.18655145e-01 0.0
-4.50452828e-02 -1.01053776e-01 0.0
-2.88935333e-02 -8.06296377e-02 0.0
-1.58805999e-02 -5.81919260e-02 0.0
-6.60500884e-03 -3.47296965e-02 0.0
-1.48811284e-03 -1.12833455e-02 0.0
-6.85183885e-04 8.62401611e-03 0.0
-3.60613530e-03 2.44033210e-02 0.0
-9.10673255e-03 3.87409708e-02 0.0
-1.63856362e-02 5.15705880e-02 0.0
-2.49450405e-02 6.28061046e-02 0.0
-3.44020124e-02 7.23900936e-02 0.0
-4.44669620e-02 8.03154962e-02 0.0
-5.49211462e-02 8.66283926e-02 0.0
-6.55982288e-02 9.14206820e-02 0.0
-7.63710318e-02 9.48188961e-02 0.0
-8.71419523e-02 9.69724180e-02 0.0
-9.78362680e-02 9.80426933e-02 0.0
-1.08396978e-01 9.81939260e-02 0.0
-1.18781060e-01 9.75855284e-02 0.0
-1.28956398e-01 9.63662486e-02 0.0
-1.38899607e-01 9.46700268e-02 0.0
-1.48594211e-01 9.26133429e-02 0.0
-1.58029427e-01 9.02939856e-02 0.0
-1.67199079e-01 8.77908664e-02 0.0
-1.76100892e-01 8.51647295e-02 0.0
-1.84735725e-01 8.24593349e-02 0.0
-1.93107007e-01 7.97030013e-02 0.0
-2.01220026e-01 7.69101502e-02 0.0
-2.09081322e-01 7.40828562e-02 0.0
-2.16697908e-01 7.12121499e-02 0.0
-2.24076545e-01 6.82792010e-02 0.0
-2.31222879e-01 6.52562127e-02 0.0
-2.38140604e-01 6.21072344e-02 0.0
-2.44830504e-01 5.87887679e-02 0.0
-2.51289524e-01 5.52504118e-02 0.0
-2.57509740e-01 5.14354312e-02 0.0
-2.63477336e-01 4.72815088e-02 0.0
-2.69171527e-01 4.27215654e-02 0.0
-2.74563465e-01 3.76849101e-02 0.0
-2.79615137e-01 3.20986059e-02 0.0
-2.84278264e-01 2.58893158e-02 0.0
-2.88493251e-01 1.89855202e-02 0.0
-2.92188180e-01 1.13203737e-02 0.0
-2.95277980e-01 2.83509429e-03 0.0
-2.97663751e-01 -6.51685180e-03 0.0
-2.99232468e-01 -1.67648893e-02 0.0
-2.99857070e-01 -2.79155755e-02 0.0
-2.99397279e-01 -3.99461251e-02 0.0
-2.97701207e-01 -5.27971144e-02 0.0
-2.94608246e-01 -6.63647128e-02 0.0
-2.89953360e-01 -8.04925962e-02 0.0
-2.83573400e-01 -9.49642320e-02 0.0
-2.75315547e-01 -1.09496153e-01 0.0
-2.65048473e-01 -1.23733446e-01 0.0
-2.52676046e-01 -1.37248701e-01 0.0
-2.38153701e-01 -1.49546208e-01 0.0
-2.21506500e-01 -1.60073069e-01 0.0
-2.02847900e-01 -1.68239037e-01 0.0
-1.82396820e-01 -1.73446119e-01 0.0
-1.60490639e-01 -1.75128219e-01 0.0
-1.37590555e-01 -1.72799317e-01 0.0
-1.14276802e-01 -1.66106921e-01 0.0
-9.12315577e-02 -1.54885306e-01 0.0
-6.92106364e-02 -1.39201551e-01 0.0
-4.90074671e-02 -1.19386130e-01 0.0
-3.14170026e-02 -9.60394494e-02 0.0
-1.72072160e-02 -7.00047965e-02 0.0
-7.10208200e-03 -4.22975237e-02 0.0
-1.58151381e-03 -1.39839046e-02 0.0
-6.75202711e-04 1.03501974e-02 0.0
-3.59638070e-03 2.88850738e-02 0.0
-9.15972642e-03 4.53231879e-02 0.0
-1.65868149e-02 5.96944000e-02 0.0
-2.53676883e-02 7.20226183e-02 0.0
-3.50875457e-02 8.23504670e-02 0.0
-4.54203106e-02 9.07529061e-02 0.0
-5.61152067e-02 9.73401413e-02 0.0
-6.69825179e-02 1.02253416e-01 0.0
-7.78805817e-02 1.05657127e-01 0.0
-8.87051718e-02 1.07729805e-01 0.0
-9.93807406e-02 1.08655307e-01 0.0
-1.09853665e-01 1.08615073e-01 0.0
-1.20086766e-01 1.07781698e-01 0.0
-1.30055264e-01 1.06314058e-01 0.0
-1.39743559e-01 1.04353873e-01 0.0
-1.49143025e-01 1.02023725e-01 0.0
-1.58250265e-01 9.94262234e-02 0.0
-1.67066019e-01 9.66442083e-02 0.0
-1.75594235e-01 9.37415958e-02 0.0
-1.83841493e-01 9.07647452e-02 0.0
-1.91816391e-01 8.77439617e-02 0.0
-1.99529102e-01 8.46951157e-02 0.0
-2.06990784e-01 8.16210707e-02 0.0
-2.14213082e-01 7.85130232e-02 0.0
-2.21207446e-01 7.53515383e-02 0.0
-2.27984503e-01 7.21074789e-02 0.0
-2.34553262e-01 6.87426667e-02 0.0
-2.40920338e-01 6.52105296e-02 0.0
-2.47089044e-01 6.14565949e-02 0.0
-2.53058464e-01 5.74191047e-02 0.0
-2.58822429e-01 5.30296182e-02 0.0
-2.64368445e-01 4.82138846e-02 0.0
-2.69676548e-01 4.28928519e-02 0.0
-2.74718094e-01 3.69841028e-02 0.0
-2.79454514e-01 3.04035864e-02 0.0
-2.83836009e-01 2.30679481e-02 0.0
-2.87800257e-01 1.48973382e-02 0.0
-2.91271124e-01 5.81900895e-03 0.0
-2.94157503e-01 -4.22840757e-03 0.0
-2.96352277e-01 -1.52896367e-02 0.0
-2.97731668e-01 -2.73866346e-02 0.0
-2.98154982e-01 -4.05113463e-02 0.0
-2.97465202e-01 -5.46175546e-02 0.0
-2.95490520e-01 -6.96117302e-02 0.0
-2.92047473e-01 -8.53433325e-02 0.0
-2.86945910e-01 -1.01594846e-01 0.0
-2.79996626e-01 -1.18072510e-01 0.0
-2.71021929e-01 -1.34398701e-01 0.0
-2.59869902e-01 -1.50107750e-01 0.0
-2.46432228e-01 -1.64647034e-01 0.0
-2.30665624e-01 -1.77385913e-01 0.0
-2.12615475e-01 -1.87634817e-01 0.0
-1.92440041e-01 -1.94676736e-01 0.0
-1.70431742e-01 -1.97811974e-01 0.0
-1.47031949e-01 -1.96415341e-01 0.0
-1.22834566e-01 -1.90001945e-01 0.0
-9.85753217e-02 -1.78294692e-01 0.0
-7.51049724e-02 -1.61283368e-01 0.0
-5.33489068e-02 -1.39263489e-01 0.0
-3.42584061e-02 -1.12843008e-01 0.0
-1.87617657e-02 -8.29076272e-02 0.0
-7.72078976e-03 -5.05407766e-02 0.0
-1.70829000e-03 -1.69044893e-02 0.0
-6.73805036e-04 1.20650433e-02 0.0
-3.61277346e-03 3.33962237e-02 0.0
-9.24805252e-03 5.20106887e-02 0.0
-1.68146396e-02 6.80006117e-02 0.0
-2.57931166e-02 8.14758036e-02 0.0
-3.57444614e-02 9.25685413e-02 0.0
-4.63127887e-02 1.01435991e-01 0.0
-5.72193557e-02 1.08258597e-01 0.0
-6.82521041e-02 1.13235106e-01 0.0
-7.92542445e-02 1.16575738e-01 0.0
-9.01131002e-02 1.18494746e-01 0.0
-1.00750425e-01 1.19203375e-01 0.0
-1.11114037e-01 1.18903665e-01 0.0
-1.21171217e-01 1.17783519e-01 0.0
-1.30903345e-01 1.16013003e-01 0.0
-1.40302004e-01 1.13742031e-01 0.0
-1.49365969e-01 1.11099153e-01 0.0
-1.58099217e-01 1.08191446e-01 0.0
-1.66509422e-01 1.05105113e-01 0.0
-1.74607059e-01 1.01906720e-01 0.0
-1.82404662e-01 9.86446642e-02 0.0
-1.89916397e-01 9.53508625e-02 0.0
-1.97157577e-01 9.20422972e-02 0.0
-2.04144331e-01 8.87225222e-02 0.0
-2.10893119e-01 8.53828585e-02 0.0
-2.17420317e-01 8.20034702e-02 0.0
-2.23741629e-01 7.85541234e-02 0.0
-2.29871519e-01 7.49948819e-02 0.0
-2.35822490e-01 7.12765746e-02 0.0
-2.41604342e-01 6.73413225e-02 0.0
-2.47223295e-01 6.31229670e-02 0.0
-2.52681061e-01 5.85477031e-02 0.0
-2.57973787e-01 5.35347585e-02 0.0
-2.63090920e-01 4.79974307e-02 0.0
-2.68013963e-01 4.18443287e-02 0.0
-2.72715108e-01 3.49811406e-02 0.0
-2.77155793e-01 2.73127868e-02 0.0
-2.81285134e-01 1.87462986e-02 0.0
-2.85038311e-01 9.19430118e-03 0.0
-2.88334886e-01 -1.42054152e-03 0.0
-2.91077192e-01 -1.31602212e-02 0.0
-2.93148792e-01 -2.60648631e-02 0.0
-2.94413304e-01 -4.01450988e-02 0.0
-2.94713656e-01 -5.53730445e-02 0.0
-2.93872289e-01 -7.16721070e-02 0.0
-2.91692563e-01 -8.89055535e-02 0.0
-2.87962170e-01 -1.06864413e-01 0.0
-2.82459043e-01 -1.25255192e-01 0.0
-2.74960866e-01 -1.43688737e-01 0.0
-2.65258723e-01 -1.61671736e-01 0.0
-2.53175890e-01 -1.78603414e-01 0.0
-2.38591679e-01 -1.93780217e-01 0.0
-2.21470148e-01 -2.06412069e-01 0.0
-2.01891579e-01 -2.15653374e-01 0.0
-1.80083842e-01 -2.20651266e-01 0.0
-1.56448459e-01 -2.20611129e-01 0.0
-1.31575813e-01 -2.14876100e-01 0.0
-1.06243159e-01 -2.03012359e-01 0.0
-8.13917106e-02 -1.84887431e-01 0.0
-5.80819162e-02 -1.60725229e-01 0.0
-3.74318998e-02 -1.31121738e-01 0.0
-2.05476175e-02 -9.70097838e-02 0.0
-8.45600050e-03 -5.95711865e-02 0.0
-1.86489528e-03 -2.01083207e-02 0.0
-6.80940245e-04 1.37856894e-02 0.0
-3.65974099e-03 3.79592570e-02 0.0
-9.39070552e-03 5.88139248e-02 0.0
-1.71101113e-02 7.64834036e-02 0.0
-2.62857046e-02 9.11471279e-02 0.0
-3.64558202e-02 1.03018733e-01 0.0
-4.72383336e-02 1.12336706e-01 0.0
-5.83295361e-02 1.19355726e-01 0.0
-6.94971335e-02 1.24338407e-01 0.0
-8.05699873e-02 1.27547524e-01 0.0
-9.14271899e-02 1.29239121e-01 0.0
-1.01987383e-01 1.29656628e-01 0.0
-1.12199477e-01 1.29026239e-01 0.0
-1.22034684e-01 1.27553460e-01 0.0
-1.31480313e-01 1.25420956e-01 0.0
-1.40534857e-01 1.22787426e-01 0.0
-1.49204522e-01 1.19787540e-01 0.0
-1.57500634e-01 1.16532577e-01 0.0
-1.65438010e-01 1.13111728e-01 0.0
-1.73033762e-01 1.09593666e-01 0.0
-1.80306645e-01 1.06028382e-01 0.0
-1.87276509e-01 1.02448926e-01 0.0
-1.93964024e-01 9.88731171e-02 0.0
-2.00390330e-01 9.53049539e-02 0.0
-2.06576802e-01 9.17358834e-02 0.0
-2.12544672e-01 8.81457126e-02 0.0
-2.18314687e-01 8.45034117e-02 0.0
-2.23906616e-01 8.07676174e-02 0.0
-2.29338733e-01 7.68871344e-02 0.0
-2.34627161e-01 7.28012531e-02 0.0
-2.39785164e-01 6.84402038e-02 0.0
-2.44822285e-01 6.37255642e-02 0.0
-2.49743401e-01 5.85709509e-02 0.0
-2.54547631e-01 5.28828139e-02 0.0
-2.59227108e-01 4.65616750e-02 0.0
-2.63765598e-01 3.95036392e-02 0.0
-2.68136952e-01 3.16025357e-02 0.0
-2.72303398e-01 2.27525423e-02 0.0
-2.76213634e-01 1.28516740e-02 0.0
-2.79800798e-01 1.80602401e-03 0.0
-2.82980250e-01 -1.04648333e-02 0.0
-2.85647355e-01 -2.40213537e-02 0.0
-2.87675234e-01 -3.88960290e-02 0.0
-2.88912846e-01 -5.50839682e-02 0.0
-2.89183514e-01 -7.25317053e-02 0.0
-2.88284564e-01 -9.11244593e-02 0.0
-2.85988492e-01 -1.10671807e-01 0.0
-2.82046768e-01 -1.30892490e-01 0.0
-2.76197096e-01 -1.51399135e-01 0.0
-2.68175683e-01 -1.71684750e-01 0.0
-2.57735439e-01 -1.91113342e-01 0.0
-2.44671446e-01 -2.08918365e-01 0.0
-2.28853563e-01 -2.24213214e-01 0.0
-2.10265448e-01 -2.36018801e-01 0.0
-1.89046577e-01 -2.43312343e-01 0.0
-1.65532228e-01 -2.45099689e-01 0.0
-1.40283349e-01 -2.40508980e-01 0.0
-1.14097898e-01 -2.28897509e-01 0.0
-8.79953340e-02 -2.09956228e-01 0.0
-6.31708067e-02 -1.83790698e-01 0.0
-4.09214091e-02 -1.50955638e-01 0.0
-2.25555412e-02 -1.12425998e-01 0.0
-9.30148997e-03 -6.95006152e-02 0.0
-2.04913011e-03 -2.36528838e-02 0.0
-6.96890831e-04 1.55294948e-02 0.0
-3.74146491e-03 4.26048115e-02 0.0
-9.60230572e-03 6.57602001e-02 0.0
-1.75038035e-02 8.51580671e-02 0.0
-2.68933680e-02 1.01037666e-01 0.0
-3.72843118e-02 1.13689308e-01 0.0
-4.82686588e-02 1.23433054e-01 0.0
-5.95196688e-02 1.30601664e-01 0.0
-7.07867904e-02 1.35527270e-01 0.0
-8.18864958e-02 1.38531312e-01 0.0
-9.26910084e-02 1.39917148e-01 0.0
-1.03117068e-01 1.39964963e-01 0.0
-1.13115403e-01 1.38928450e-01 0.0
-1.22661882e-01 1.37033060e-01 0.0
-1.31750156e-01 1.34475392e-01 0.0
-1.40386122e-01 1.31423641e-01 0.0
-1.48583687e-01 1.28018702e-01 0.0
-1.56361908e-01 1.24375902e-01 0.0
-1.63742931e-01 1.20586963e-01 0.0
-1.70750790e-01 1.16722209e-01 0.0
-1.77410552e-01 1.12832655e-01 0.0
-1.83747917e-01 1.08952060e-01 0.0
-1.89788883e-01 1.05098646e-01 0.0
-1.95559612e-01 1.01276648e-01 0.0
-2.01086225e-01 9.74774634e-02 0.0
-2.06394659e-01 9.36806310e-02 0.0
-2.11510405e-01 8.98544529e-02 0.0
-2.16458245e-01 8.59565446e-02 0.0
-2.21261838e-01 8.19341199e-02 0.0
-2.25943281e-01 7.77243428e-02 0.0
-2.30522500e-01 7.32545413e-02 0.0
-2.35016576e-01 6.84426298e-02 0.0
-2.39438903e-01 6.31975349e-02 0.0
-2.43798216e-01 5.74199784e-02 0.0
-2.48097443e-01 5.10034188e-02 0.0
-2.52332371e-01 4.38355178e-02 0.0
-2.56490108e-01 3.57999508e-02 0.0
-2.60547286e-01 2.67789523e-02 0.0
-2.64468038e-01 1.66564498e-02 0.0
-2.68201646e-01 5.32221422e-03 0.0
-2.71679961e-01 -7.32306572e-03 0.0
-2.74814481e-01 -2.13613093e-02 0.0
-2.77493293e-01 -3.68491994e-02 0.0
-2.79577844e-01 -5.38084574e-02 0.0
-2.80899971e-01 -7.22142487e-02 0.0
-2.81259391e-01 -9.19812791e-02 0.0
-2.80422513e-01 -1.12947775e-01 0.0
-2.78123270e-01 -1.34857336e-01 0.0
-2.74067505e-01 -1.57339579e-01 0.0
-2.67942274e-01 -1.79890810e-01 0.0
-2.59432240e-01 -2.01857426e-01 0.0
-2.48244690e-01 -2.22425699e-01 0.0
-2.34144839e-01 -2.40623497e-01 0.0
-2.17001075e-01 -2.55340289e-01 0.0
-1.96838236e-01 -2.65372465e-01 0.0
-1.73893036e-01 -2.69499027e-01 0.0
-1.48662895e-01 -2.66588580e-01 0.0
-1.21935683e-01 -2.55730499e-01 0.0
-9.47882211e-02 -2.36373199e-01 0.0
-6.85441801e-02 -2.08442241e-01 0.0
-4.46913853e-02 -1.72406242e-01 0.0
-2.47694935e-02 -1.29263119e-01 0.0
-1.02511029e-02 -8.04359106e-02 0.0
-2.25951405e-03 -2.75919885e-02 0.0
-7.22551938e-04 1.73149936e-02 0.0
-3.86309398e-03 4.73704937e-02 0.0
-9.89745313e-03 7.28897424e-02 0.0
-1.80232909e-02 9.40558935e-02 0.0
-2.76574624e-02 1.11163620e-01 0.0
-3.82824909e-02 1.24579380e-01 0.0
-4.94627704e-02 1.34707671e-01 0.0
-6.08490352e-02 1.41964392e-01 0.0
-7.21745674e-02 1.46757276e-01 0.0
-8.32458823e-02 1.49472414e-01 0.0
-9.39310216e-02 1.50465795e-01 0.0
-1.04147089e-01 1.50058547e-01 0.0
-1.13848762e-01 1.48534988e-01 0.0
-1.23018152e-01 1.46142513e-01 0.0
-1.31656685e-01 1.43092874e-01 0.0
-1.39778638e-01 1.39564213e-01 0.0
-1.47406512e-01 1.35703711e-01 0.0
-1.54567628e-01 1.31630379e-01 0.0
-1.61291979e-01 1.27438016e-01 0.0
-1.67610746e-01 1.23197945e-01 0.0
-1.73555549e-01 1.18961651e-01 0.0
-1.79157933e-01 1.14762986e-01 0.0
-1.84449230e-01 1.10620160e-01 0.0
-1.89460422e-01 1.06537237e-01 0.0
-1.94222167e-01 1.02505417e-01 0.0
-1.98764728e-01 9.85038598e-02 0.0
-2.03117945e-01 9.45003794e-02 0.0
-2.07311083e-01 9.04517901e-02 0.0
-2.11372660e-01 8.63042415e-02 0.0
-2.15330128e-01 8.19933300e-02 0.0
-2.19209499e-01 7.74443430e-02 0.0
-2.23034805e-01 7.25724105e-02 0.0
-2.26827455e-01 6.72829315e-02 0.0
-2.30605410e-01 6.14720487e-02 0.0
-2.34382183e-01 5.50275473e-02 0.0
-2.38165631e-01 4.78299636e-02 0.0
-2.41956487e-01 3.97542949e-02 0.0
-2.45746629e-01 3.06721232e-02 0.0
-2.49516984e-01 2.04545770e-02 0.0
-2.53235094e-01 8.97599407e-03 0.0
-2.56852205e-01 -3.88123449e-03 0.0
-2.60299949e-01 -1.82206949e-02 0.0
-2.63486483e-01 -3.41242906e-02 0.0
-2.66292286e-01 -5.16428396e-02 0.0
-2.68565579e-01 -7.07842794e-02 0.0
-2.70117883e-01 -9.14993624e-02 0.0
-2.70720051e-01 -1.13664245e-01 0.0
-2.70099927e-01 -1.37060083e-01 0.0
-2.67942744e-01 -1.61349636e-01 0.0
-2.63896473e-01 -1.86052118e-01 0.0
-2.57584272e-01 -2.10518224e-01 0.0
-2.48627175e-01 -2.33909426e-01 0.0
-2.36679354e-01 -2.55187329e-01 0.0
-2.21477926e-01 -2.73121542e-01 0.0
-2.02906210e-01 -2.86325670e-01 0.0
-1.81066101e-01 -2.93331042e-01 0.0
-1.56349259e-01 -2.92703469e-01 0.0
-1.29492275e-01 -2.83199734e-01 0.0
-1.01597157e-01 -2.63946482e-01 0.0
-7.41015055e-02 -2.34608598e-01 0.0
-4.86916121e-02 -1.95502530e-01 0.0
-2.71690586e-02 -1.47611242e-01 0.0
-1.12988332e-02 -9.24763802e-02 0.0
-2.49521390e-03 -3.19771426e-02 0.0
-7.59338546e-04 1.91630212e-02 0.0
-4.03175358e-03 5.23015705e-02 0.0
-1.02933931e-02 8.02546871e-02 0.0
-1.86982690e-02 1.03221696e-01 0.0
-2.86193666e-02 1.21553128e-01 0.0
-3.95001995e-02 1.35695784e-01 0.0
-5.08736561e-02 1.46145062e-01 0.0
-6.23677982e-02 1.53407477e-01 0.0
-7.37016870e-02 1.57973689e-01 0.0
-8.46752581e-02 1.60300974e-01 0.0
-9.51559772e-02 1.60803188e-01 0.0
-1.05065021e-01 1.59846368e-01 0.0
-1.14364158e-01 1.57748087e-01 0.0
-1.23044566e-01 1.54779330e-01 0.0
-1.31117564e-01 1.51167712e-01 0.0
-1.38607613e-01 1.47101510e-01 0.0
-1.45547027e-01 1.42733841e-01 0.0
-1.51972407e-01 1.38186891e-01 0.0
-1.57922163e-01 1.33555761e-01 0.0
-1.63435101e-01 1.28912063e-01 0.0
-1.68549532e-01 1.24306929e-01 0.0
-1.73302943e-01 1.19773671e-01 0.0
-1.77731834e-01 1.15329833e-01 0.0
-1.81871813e-01 1.10978911e-01 0.0
-1.85757674e-01 1.06711529e-01 0.0
-1.89423571e-01 1.02506388e-01 0.0
-1.92903094e-01 9.83307770e-02 0.0
-1.96229368e-01 9.41409926e-02 0.0
-1.99435011e-01 8.98824490e-02 0.0
-2.02552071e-01 8.54898418e-02 0.0
-2.05611805e-01 8.08871284e-02 0.0
-2.08644385e-01 7.59877051e-02 0.0
-2.11678435e-01 7.06945299e-02 0.0
-2.14740418e-01 6.49005812e-02 0.0
-2.17853838e-01 5.84894005e-02 0.0
-2.21038209e-01 5.13361209e-02 0.0
-2.24307771e-01 4.33087461e-02 0.0
-2.27669870e-01 3.42701007e-02 0.0
-2.31122985e-01 2.40802547e-02 0.0
-2.34654263e-01 1.25998876e-02 0.0
-2.38236567e-01 -3.05533668e-04 0.0
-2.41824831e-01 -1.47602131e-02 0.0
-2.45351781e-01 -3.08711166e-02 0.0
-2.48722821e-01 -4.87190038e-02 0.0
-2.51810274e-01 -6.83472072e-02 0.0
-2.54446954e-01 -8.97472939e-02 0.0
-2.56419688e-01 -1.12841261e-01 0.0
-2.57463323e-01 -1.37459412e-01 0.0
-2.57256809e-01 -1.63313865e-01 0.0
-2.55423125e-01 -1.89967714e-01 0.0
-2.51536241e-01 -2.16801588e-01 0.0
-2.45138551e-01 -2.42980732e-01 0.0
-2.35773263e-01 -2.67429022e-01 0.0
-2.23035170e-01 -2.88819269e-01 0.0
-2.06641819e-01 -3.05592915e-01 0.0
-1.86522089e-01 -3.16023550e-01 0.0
-1.62913119e-01 -3.18336695e-01 0.0
-1.36447582e-01 -3.10888960e-01 0.0
-1.08207147e-01 -2.92392748e-01 0.0
-7.97161283e-02 -2.62148953e-01 0.0
-5.28595486e-02 -2.20228607e-01 0.0
-2.97303309e-02 -1.67536905e-01 0.0
-1.24389622e-02 -1.05712288e-01 0.0
-2.75572577e-03 -3.68585220e-02 0.0
-8.09549892e-04 2.10981258e-02 0.0
-4.25740528e-03 5.74529605e-02 0.0
-1.08125024e-02 8.79200567e-02 0.0
-1.95643915e-02 1.12713122e-01 0.0
-2.98256620e-02 1.32244110e-01 0.0
-4.09898152e-02 1.47049836e-01 0.0
-5.25531171e-02 1.57727826e-01 0.0
-6.41202485e-02 1.64886052e-01 0.0
-7.53987106e-02 1.69107540e-01 0.0
-8.61861139e-02 1.70928180e-01 0.0
-9.63544932e-02 1.70825171e-01 0.0
-1.05834006e-01 1.69213039e-01 0.0
-1.14598112e-01 1.66444766e-01 0.0
-1.22650782e-01 1.62815842e-01 0.0
-1.30016391e-01 1.58569928e-01 0.0
-1.36731879e-01 1.53904959e-01 0.0
-1.42841214e-01 1.48979275e-01 0.0
-1.48391455e-01 1.43917216e-01 0.0
-1.53430334e-01 1.38814216e-01 0.0
-1.58004714e-01 1.33741077e-01 0.0
-1.62159886e-01 1.28747674e-01 0.0
-1.65939231e-01 1.23865842e-01 0.0
-1.69384295e-01 1.19111782e-01 0.0
-1.72534939e-01 1.14487755e-01 0.0
-1.75429670e-01 1.09983450e-01 0.0
-1.78105912e-01 1.05576783e-01 0.0
-1.80600348e-01 1.01234520e-01 0.0
-1.82949136e-01 9.69124926e-02 0.0
-1.85188145e-01 9.25557838e-02 0.0
-1.87353040e-01 8.80986458e-02 0.0
-1.89479331e-01 8.34645350e-02 0.0
-1.91602266e-01 7.85660009e-02 0.0
-1.93756625e-01 7.33048289e-02 0.0
-1.95976334e-01 6.75721610e-02 0.0
-1.98293910e-01 6.12490022e-02 0.0
-2.00739675e-01 5.42068397e-02 0.0
-2.03340697e-01 4.63087943e-02 0.0
-2.06119417e-01 3.74110524e-02 0.0
-2.09091844e-01 2.73650230e-02 0.0
-2.12265287e-01 1.60200176e-02 0.0
-2.15635434e-01 3.22695956e-03 0.0
-2.19182730e-01 -1.11569770e-02 0.0
-2.22867807e-01 -2.72621609e-02 0.0
-2.26625938e-01 -4.51986268e-02 0.0
-2.30360263e-01 -6.50456507e-02 0.0
-2.33933933e-01 -8.68383483e-02 0.0
-2.37161170e-01 -1.10550092e-01 0.0
-2.39797968e-01 -1.36070008e-01 0.0
-2.41533333e-01 -1.63174285e-01 0.0
-2.41983229e-01 -1.91490954e-01 0.0
-2.40690090e-01 -2.20458251e-01 0.0
-2.37132593e-01 -2.49279142e-01 0.0
-2.30751084e-01 -2.76877303e-01 0.0
-2.20995151e-01 -3.01864915e-01 0.0
-2.07398042e-01 -3.22537638e-01 0.0
-1.89679244e-01 -3.36917273e-01 0.0
-1.67867939e-01 -3.42863174e-01 0.0
-1.42429369e-01 -3.38266521e-01 0.0
-1.14363194e-01 -3.21321739e-01 0.0
-8.52367063e-02 -2.90837418e-01 0.0
-5.71213335e-02 -2.46512054e-01 0.0
-3.24267573e-02 -1.89077220e-01 0.0
-1.36662307e-02 -1.20223846e-01 0.0
-3.04108646e-03 -4.22858472e-02 0.0
-8.76453769e-04 2.31504140e-02 0.0
-4.55410133e-03 6.28924695e-02 0.0
-1.14847013e-02 9.59662658e-02 0.0
-2.06671083e-02 1.22601240e-01 0.0
-3.13323393e-02 1.43282532e-01 0.0
-4.28103747e-02 1.58653651e-01 0.0
-5.45545408e-02 1.69431535e-01 0.0
-6.61459830e-02 1.76340981e-01 0.0
-7.72843492e-02 1.80069510e-01 0.0
-8.77710543e-02 1.81240398e-01 0.0
-9.74894459e-02 1.80399811e-01 0.0
-1.06385414e-01 1.78013976e-01 0.0
-1.14449956e-01 1.74472578e-01 0.0
-1.21704877e-01 1.70095729e-01 0.0
-1.28191462e-01 1.65142350e-01 0.0
-1.33962200e-01 1.59818886e-01 0.0
-1.39074810e-01 1.54287420e-01 0.0
-1.43588382e-01 1.48673018e-01 0.0
-1.47560866e-01 1.43069917e-01 0.0
-1.51047778e-01 1.37546813e-01 0.0
-1.54101536e-01 1.32151017e-01 0.0
-1.56771410e-01 1.26911873e-01 0.0
-1.59103678e-01 1.21843242e-01 0.0
-1.61142064e-01 1.16945486e-01 0.0
-1.62928170e-01 1.12206720e-01 0.0
-1.64502026e-01 1.07603780e-01 0.0
-1.65902555e-01 1.03102658e-01 0.0
-1.67168065e-01 9.86588282e-02 0.0
-1.68336636e-01 9.42172029e-02 0.0
-1.69446472e-01 8.97121347e-02 0.0
-1.70536139e-01 8.50671828e-02 0.0
-1.71644731e-01 8.01950593e-02 0.0
-1.72811883e-01 7.49974606e-02 0.0
-1.74077665e-01 6.93651999e-02 0.0
-1.75482289e-01 6.31783413e-02 0.0
-1.77065601e-01 5.63067553e-02 0.0
-1.78866329e-01 4.86108035e-02 0.0
-1.80920974e-01 3.99425825e-02 0.0
-1.83262342e-01 3.01474591e-02 0.0
-1.85917510e-01 1.90663616e-02 0.0
-1.88905204e-01 6.53862190e-03 0.0
-1.92232305e-01 -7.59407958e-03 0.0
-1.95889408e-01 -2.34827202e-02 0.0
-1.99845051e-01 -4.12641389e-02 0.0
-2.04038543e-01 -6.10521719e-02 0.0
-2.08370988e-01 -8.29255672e-02 0.0
-2.12694619e-01 -1.06911865e-01 0.0
-2.16800418e-01 -1.32965503e-01 0.0
-2.20404940e-01 -1.60938774e-01 0.0
-2.23137710e-01 -1.90543678e-01 0.0
-2.24532358e-01 -2.21303903e-01 0.0
-2.24025987e-01 -2.52497250e-01 0.0
-2.20973910e-01 -2.83092679e-01 0.0
-2.14688157e-01 -3.11691131e-01 0.0
-2.04509148e-01 -3.36487452e-01 0.0
-1.89916447e-01 -3.55278879e-01 0.0
-1.70677200e-01 -3.65552047e-01 0.0
-1.47015880e-01 -3.64677475e-01 0.0
-1.19770973e-01 -3.50221811e-01 0.0
-9.04873902e-02 -3.20347370e-01 0.0
-6.13926540e-02 -2.74212171e-01 0.0
-3.52300009e-02 -2.12234302e-01 0.0
-1.49765460e-02 -1.36080723e-01 0.0
-3.35185952e-03 -4.83094418e-02 0.0
-9.64880716e-04 2.53580899e-02 0.0
-4.94153646e-03 6.87054455e-02 0.0
-1.23506809e-02 1.04493056e-01 0.0
-2.20656298e-02 1.32971834e-01 0.0
-3.32089019e-02 1.54720478e-01 0.0
-4.50303111e-02 1.70515194e-01 0.0
-5.69337642e-02 1.81217664e-01 0.0
-6.84779299e-02 1.87690520e-01 0.0
-7.93608201e-02 1.90741297e-01 0.0
-8.93961877e-02 1.91090759e-01 0.0
-9.84880467e-02 1.89359784e-01 0.0
-1.06606658e-01 1.86068672e-01 0.0
-1.13768186e-01 1.81644050e-01 0.0
-1.20018333e-01 1.76429429e-01 0.0
-1.25420125e-01 1.70697137e-01 0.0
-1.30045031e-01 1.64659859e-01 0.0
-1.33967064e-01 1.58481213e-01 0.0
-1.37258899e-01 1.52284760e-01 0.0
-1.39989736e-01 1.46161630e-01 0.0
-1.42224153e-01 1.40176567e-01 0.0
-1.44021835e-01 1.34372847e-01 0.0
-1.45437690e-01 1.28775919e-01 0.0
-1.46522357e-01 1.23396282e-01 0.0
-1.47322785e-01 1.18231415e-01 0.0
-1.47882983e-01 1.13267254e-01 0.0
-1.48244707e-01 1.08478988e-01 0.0
-1.48448206e-01 1.03831641e-01 0.0
-1.48532864e-01 9.92801804e-02 0.0
-1.48537857e-01 9.47695826e-02 0.0
-1.48502684e-01 9.02345868e-02 0.0
-1.48467667e-01 8.55995519e-02 0.0
-1.48474330e-01 8.07781161e-02 0.0
-1.48565691e-01 7.56730879e-02 0.0
-1.48786409e-01 7.01762433e-02 0.0
-1.49182780e-01 6.41684633e-02 0.0
-1.49802545e-01 5.75198800e-02 0.0
-1.50694437e-01 5.00904665e-02 0.0
-1.51907455e-01 4.17307489e-02 0.0
-1.53489711e-01 3.22830807e-02 0.0
-1.55486833e-01 2.15831913e-02 0.0
-1.57939677e-01 9.46248820e-03 0.0
-1.60881275e-01 -4.24909116e-03 0.0
-1.64332656e-01 -1.97190731e-02 0.0
-1.68297382e-01 -3.71072692e-02 0.0
-1.72754279e-01 -5.65585101e-02 0.0
-1.77648150e-01 -7.81927736e-02 0.0
-1.82877910e-01 -1.02091133e-01 0.0
-1.88282115e-01 -1.28276103e-01 0.0
-1.93621848e-01 -1.56683797e-01 0.0
-1.98562152e-01 -1.87125465e-01 0.0
-2.02654089e-01 -2.19235420e-01 0.0
-2.05322203e-01 -2.52403886e-01 0.0
-2.05864528e-01 -2.85695700e-01 0.0
-2.03476230e-01 -3.17762070e-01 0.0
-1.97309975e-01 -3.46761695e-01 0.0
-1.86586371e-01 -3.70320865e-01 0.0
-1.70760733e-01 -3.85574878e-01 0.0
-1.49737279e-01 -3.89339357e-01 0.0
-1.24095738e-01 -3.78446324e-01 0.0
-9.52671902e-02 -3.50234944e-01 0.0
-6.55793312e-02 -3.03107157e-01 0.0
-3.81116090e-02 -2.36969662e-01 0.0
-1.63681204e-02 -1.53342287e-01 0.0
-3.68968743e-03 -5.49818445e-02 0.0
-1.08168839e-03 2.77710374e-02 0.0
-5.44745978e-03 7.50013125e-02 0.0
-1.34659162e-02 1.13624808e-01 0.0
-2.38377759e-02 1.43926918e-01 0.0
-3.55420116e-02 1.66612937e-01 0.0
-4.77287759e-02 1.82630952e-01 0.0
-5.97466646e-02 1.93023297e-01 0.0
-7.11361351e-02 1.98818581e-01 0.0
-8.16035027e-02 2.00963558e-01 0.0
-9.09874079e-02 2.00287844e-01 0.0
-9.92249910e-02 1.97492220e-01 0.0
-1.06322217e-01 1.93152160e-01 0.0
-1.12329690e-01 1.87729655e-01 0.0
-1.17324401e-01 1.81588781e-01 0.0
-1.21396483e-01 1.75011763e-01 0.0
-1.24640299e-01 1.68214068e-01 0.0
-1.27148630e-01 1.61357483e-01 0.0
-1.29009345e-01 1.54561163e-01 0.0
-1.30303619e-01 1.47910464e-01 0.0
-1.31105370e-01 1.41464033e-01 0.0
-1.31481323e-01 1.35259152e-01 0.0
-1.31491602e-01 1.29315888e-01 0.0
-1.31190480e-01 1.23640002e-01 0.0
-1.30627350e-01 1.18225141e-01 0.0
-1.29847646e-01 1.13054173e-01 0.0
-1.28893849e-01 1.08100150e-01 0.0
-1.27806390e-01 1.03326675e-01 0.0
-1.26624573e-01 9.86881461e-02 0.0
-1.25387383e-01 9.41295799e-02 0.0
-1.24134287e-01 8.95864816e-02 0.0
-1.22905920e-01 8.49844354e-02 0.0
-1.21744725e-01 8.02388633e-02 0.0
-1.20695473e-01 7.52546130e-02 0.0
-1.19805692e-01 6.99258170e-02 0.0
-1.19125941e-01 6.41356727e-02 0.0
-1.18709926e-01 5.77565814e-02 0.0
-1.18614400e-01 5.06502913e-02 0.0
-1.18898779e-01 4.26684791e-02 0.0
-1.19624439e-01 3.36534224e-02 0.0
-1.20853517e-01 2.34392030e-02 0.0
-1.22647173e-01 1.18531277e-02 0.0
-1.25063015e-01 -1.28214311e-03 0.0
-1.28151553e-01 -1.61459573e-02 0.0
-1.31951214e-01 -3.29158578e-02 0.0
-1.36481635e-01 -5.17624672e-02 0.0
-1.41734524e-01 -7.28419251e-02 0.0
-1.47661644e-01 -9.62849740e-02 0.0
-1.54159102e-01 -1.22180478e-01 0.0
-1.61047692e-01 -1.50550982e-01 0.0
-1.68049186e-01 -1.81316373e-01 0.0
-1.74760135e-01 -2.14241520e-01 0.0
-1.80626490e-01 -2.48863218e-01 0.0
-1.84926369e-01 -2.84394070e-01 0.0
-1.86772637e-01 -3.19605644e-01 0.0
-1.85152775e-01 -3.52704158e-01 0.0
-1.79026437e-01 -3.81228272e-01 0.0
-1.67498983e-01 -4.02020497e-01 0.0
-1.50074128e-01 -4.11341989e-01 0.0
-1.26958644e-01 -4.05200666e-01 0.0
-9.93473110e-02 -3.79920441e-01 0.0
-6.95777666e-02 -3.32879027e-01 0.0
-4.10452266e-02 -2.63198027e-01 0.0
-1.78435832e-02 -1.72059033e-01 0.0
-4.05778769e-03 -6.23604523e-02 0.0
-1.23691368e-03 3.04560357e-02 0.0
-6.11105339e-03 8.19226278e-02 0.0
-1.49063667e-02 1.23517282e-01 0.0
-2.60854878e-02 1.55585450e-01 0.0
-3.84385742e-02 1.79011760e-01 0.0
-5.09938448e-02 1.94974203e-01 0.0
-6.30417315e-02 2.04745870e-01 0.0
-7.41141604e-02 2.09557963e-01 0.0
-8.39420381e-02 2.10519484e-01 0.0
-9.24067747e-02 2.08580627e-01 0.0
-9.94955412e-02 2.04525862e-01 0.0
-1.05264180e-01 1.98984464e-01 0.0
-1.09809036e-01 1.92449767e-01 0.0
-1.13246654e-01 1.85301092e-01 0.0
-1.15700185e-01 1.77825164e-01 0.0
-1.17290647e-01 1.70235050e-01 0.0
-1.18131935e-01 1.62686231e-01 0.0
-1.18328188e-01 1.55289499e-01 0.0
-1.17972917e-01 1.48121251e-01 0.0
-1.17149065e-01 1.41231270e-01 0.0
-1.15929784e-01 1.34648716e-01 0.0
-1.14379450e-01 1.28386401e-01 0.0
-1.12554936e-01 1.22443991e-01 0.0
-1.10506850e-01 1.16810076e-01 0.0
-1.08280840e-01 1.11463668e-01 0.0
-1.05918788e-01 1.06374952e-01 0.0
-1.03460013e-01 1.01505787e-01 0.0
-1.00942346e-01 9.68096999e-02 0.0
-9.84032049e-02 9.22318464e-02 0.0
-9.58805497e-02 8.77086163e-02 0.0
-9.34138156e-02 8.31673534e-02 0.0
-9.10447443e-02 7.85258328e-02 0.0
-8.88181553e-02 7.36919574e-02 0.0
-8.67826115e-02 6.85633012e-02 0.0
-8.49909732e-02 6.30269531e-02 0.0
-8.35008138e-02 5.69592792e-02 0.0
-8.23746426e-02 5.02260473e-02 0.0
-8.16799160e-02 4.26825257e-02 0.0
-8.14887215e-02 3.41739888e-02 0.0
-8.18771066e-02 2.45362453e-02 0.0
-8.29238437e-02 1.35966214e-02 0.0
-8.47085543e-02 1.17505591e-03 0.0
-8.73088333e-02 -1.29142032e-02 0.0
-9.07961639e-02 -2.88604867e-02 0.0
-9.52300126e-02 -4.68534396e-02 0.0
-1.00649633e-01 -6.70783184e-02 0.0
-1.07062596e-01 -8.97083786e-02 0.0
-1.14429232e-01 -1.14892862e-01 0.0
-1.22641751e-01 -1.42737379e-01 0.0
-1.31497376e-01 -1.73272752e-01 0.0
-1.40665278e-01 -2.06406190e-01 0.0
-1.49649438e-01 -2.41847939e-01 0.0
-1.57752774e-01 -2.79006047e-01 0.0
-1.64054288e-01 -3.16845804e-01 0.0
-1.67418524e-01 -3.53719551e-01 0.0
-1.66565488e-01 -3.87192184e-01 0.0
-1.60232484e-01 -4.13916982e-01 0.0
-1.47450804e-01 -4.29651983e-01 0.0
-1.27927645e-01 -4.29529268e-01 0.0
-1.02464861e-01 -4.08665915e-01 0.0
-7.32738721e-02 -3.63094054e-01 0.0
-4.40097550e-02 -2.90779632e-01 0.0
-1.94131248e-02 -1.92275684e-01 0.0
-4.46223646e-03 -7.05119598e-02 0.0
-1.44517896e-03 3.35045155e-02 0.0
-6.98815607e-03 8.96576603e-02 0.0
-1.67760117e-02 1.34365435e-01 0.0
-2.89411631e-02 1.68081595e-01 0.0
-4.20264043e-02 1.91953974e-01 0.0
-5.49150781e-02 2.07475972e-01 0.0
-6.68431537e-02 2.16220107e-01 0.0
-7.73535025e-02 2.19666555e-01 0.0
-8.62271352e-02 2.19112460e-01 0.0
-9.34138426e-02 2.15639160e-01 0.0
-9.89729048e-02 2.10115227e-01 0.0
-1.03027652e-01 2.03218562e-01 0.0
-1.05733019e-01 1.95465974e-01 0.0
-1.07254076e-01 1.87243650e-01 0.0
-1.07752606e-01 1.78834761e-01 0.0
-1.07379591e-01 1.70443000e-01 0.0
-1.06271452e-01 1.62211534e-01 0.0
-1.04548895e-01 1.54237999e-01 0.0
-1.02317134e-01 1.46585832e-01 0.0
-9.96670738e-02 1.39292896e-01 0.0
-9.66768153e-02 1.32377672e-01 0.0
-9.34134315e-02 1.25843853e-01 0.0
-8.99346750e-02 1.19683398e-01 0.0
-8.62907149e-02 1.13878755e-01 0.0
-8.25257049e-02 1.08404103e-01 0.0
-7.86793203e-02 1.03226218e-01 0.0
-7.47881337e-02 9.83046978e-02 0.0
-7.08869557e-02 9.35920855e-02 0.0
-6.70100482e-02 8.90335546e-02 0.0
-6.31923081e-02 8.45666566e-02 0.0
-5.94703515e-02 8.01207670e-02 0.0
-5.58835607e-02 7.56167023e-02 0.0
-5.24750446e-02 7.09661281e-02 0.0
-4.92925335e-02 6.60712206e-02 0.0
-4.63891784e-02 6.08241849e-02 0.0
-4.38242320e-02 5.51070854e-02 0.0
-4.16635964e-02 4.87915772e-02 0.0
-3.99801649e-02 4.17389786e-02 0.0
-3.88539466e-02 3.38002626e-02 0.0
-3.83718378e-02 2.48163846e-02 0.0
-3.86270067e-02 1.46185230e-02 0.0
-3.97176518e-02 3.02864144e-03 0.0
-4.17450212e-02 -1.01400113e-02 0.0
-4.48102634e-02 -2.50819810e-02 0.0
-4.90097884e-02 -4.19984496e-02 0.0
-5.44283493e-02 -6.10950096e-02 0.0
-6.11290894e-02 -8.25778712e-02 0.0
-6.91391566e-02 -1.06646557e-01 0.0
-7.84295026e-02 -1.33480714e-01 0.0
-8.88869128e-02 -1.63216283e-01 0.0
-1.00276948e-01 -1.95904628e-01 0.0
-1.12197305e-01 -2.31444896e-01 0.0
-1.24024710e-01 -2.69478266e-01 0.0
-1.34864208e-01 -3.09232497e-01 0.0
-1.43520380e-01 -3.49312379e-01 0.0
-1.48523100e-01 -3.87449607e-01 0.0
-1.48253825e-01 -4.20261779e-01 0.0
-1.41219864e-01 -4.43122777e-01 0.0
-1.26499230e-01 -4.50302222e-01 0.0
-1.04308834e-01 -4.35546103e-01 0.0
-7.65386096e-02 -3.93175046e-01 0.0
-4.69926196e-02 -3.19508722e-01 0.0
-2.10993987e-02 -2.14036427e-01 0.0
-4.91365111e-03 -7.95197461e-02 0.0
-1.72837703e-03 3.70444256e-02 0.0
-8.15903391e-03 9.84577435e-02 0.0
-1.92171761e-02 1.46411367e-01 0.0
-3.25733501e-02 1.81557011e-01 0.0
-4.64493274e-02 2.05439807e-01 0.0
-5.95642644e-02 2.19993786e-01 0.0
-7.11171859e-02 2.27183334e-01 0.0
-8.06971166e-02 2.28793655e-01 0.0
-8.81745498e-02 2.26336480e-01 0.0
-9.36030250e-02 2.21030382e-01 0.0
-9.71422762e-02 2.13822385e-01 0.0
-9.90036727e-02 2.05427618e-01 0.0
-9.94146746e-02 1.96373364e-01 0.0
-9.85973131e-02 1.87040037e-01 0.0
-9.67565860e-02 1.77696264e-01 0.0
-9.40750980e-02 1.68527084e-01 0.0
-9.07117066e-02 1.59656017e-01 0.0
-8.68022875e-02 1.51161642e-01 0.0
-8.24617608e-02 1.43090009e-01 0.0
-7.77865232e-02 1.35463531e-01 0.0
-7.28571019e-02 1.28287472e-01 0.0
-6.77406442e-02 1.21554329e-01 0.0
-6.24933211e-02 1.15246963e-01 0.0
-5.71624509e-02 1.09340482e-01 0.0
-5.17884947e-02 1.03803536e-01 0.0
-4.64068074e-02 9.85988415e-02 0.0
-4.10492933e-02 9.36835037e-02 0.0
-3.57458834e-02 8.90088234e-02 0.0
-3.05259560e-02 8.45201153e-02 0.0
-2.54196368e-02 8.01561710e-02 0.0
-2.04590622e-02 7.58488567e-02 0.0
-1.56795586e-02 7.15224539e-02 0.0
-1.11207830e-02 6.70932207e-02 0.0
-6.82779288e-03 6.24687624e-02 0.0
-2.85204946e-03 5.75476797e-02 0.0
7.47660120e-04 5.22190692e-02 0.0
3.90442053e-03 4.63623306e-02 0.0
6.54250927e-03 3.98468370e-02 0.0
8.57692659e-03 3.25318986e-02 0.0
9.91313816e-03 2.42665566e-02 0.0
1.04471829e-02 1.48896008e-02 0.0
1.00661816e-02 4.22933364e-03 0.0
8.64951674e-03 -7.89654924e-03 0.0
6.07083484e-03 -2.16814016e-02 0.0
2.20138646e-03 -3.73299422e-02 0.0
-3.08483225e-03 -5.50586270e-02 0.0
-9.90309207e-03 -7.50951482e-02 0.0
-1.83459349e-02 -9.76762682e-02 0.0
-2.84651287e-02 -1.23041367e-01 0.0
-4.02452733e-02 -1.51417982e-01 0.0
-5.35659331e-02 -1.82992146e-01 0.0
-6.81498000e-02 -2.17853071e-01 0.0
-8.34959296e-02 -2.55896480e-01 0.0
-9.88028732e-02 -2.96667769e-01 0.0
-1.12896956e-01 -3.39126787e-01 0.0
-1.24199360e-01 -3.81330015e-01 0.0
-1.30788395e-01 -4.20061557e-01 0.0
-1.30632814e-01 -4.50512492e-01 0.0
-1.22064327e-01 -4.66201587e-01 0.0
-1.04492257e-01 -4.59409167e-01 0.0
-7.92153127e-02 -4.22359123e-01 0.0
-4.99922132e-02 -3.49093712e-01 0.0
-2.29445394e-02 -2.37392316e-01 0.0
-5.43036923e-03 -8.94961418e-02 0.0
-2.11977345e-03 4.12588674e-02 0.0
-9.74046166e-03 1.08660946e-01 0.0
-2.24235037e-02 1.59949364e-01 0.0
-3.71888215e-02 1.96140528e-01 0.0
-5.18487122e-02 2.19392184e-01 0.0
-6.49532776e-02 2.32260944e-01 0.0
-7.57077260e-02 2.37223583e-01 0.0
-8.38077536e-02 2.36433409e-01 0.0
-8.92716511e-02 2.31638106e-01 0.0
-9.23041867e-02 2.24189823e-01 0.0
-9.31997665e-02 2.15097836e-01 0.0
-9.22802764e-02 2.05094141e-01 0.0
-8.98586871e-02 1.94696324e-01 0.0
-8.62203200e-02 1.84261425e-01 0.0
-8.16150129e-02 1.74028923e-01 0.0
-7.62558147e-02 1.64153825e-01 0.0
-7.03210058e-02 1.54731165e-01 0.0
-6.39578124e-02 1.45813976e-01 0.0
-5.72865610e-02 1.37425994e-01 0.0
-5.04048894e-02 1.29570739e-01 0.0
-4.33915638e-02 1.22237622e-01 0.0
-3.63099670e-02 1.15406233e-01 0.0
-2.92110883e-02 1.09048968e-01 0.0
-2.21361991e-02 1.03132832e-01 0.0
-1.51191301e-02 9.76202773e-02 0.0
-8.18833550e-03 9.24697373e-02 0.0
-1.36868539e-03 8.76355645e-02 0.0
5.31686305e-03 8.30679269e-02 0.0
1.18457646e-02 7.87123066e-02 0.0
1.81944457e-02 7.45091044e-02 0.0
2.43369665e-02 7.03929535e-02 0.0
3.02437149e-02 6.62922311e-02 0.0
3.58801655e-02 6.21283437e-02 0.0
4.12056709e-02 5.78152699e-02 0.0
4.61723064e-02 5.32589190e-02 0.0
5.07237735e-02 4.83567781e-02 0.0
5.47943680e-02 4.29973909e-02 0.0
5.83080602e-02 3.70601182e-02 0.0
6.11776794e-02 3.04147021e-02 0.0
6.33042954e-02 2.29210444e-02 0.0
6.45767918e-02 1.44286891e-02 0.0
6.48717901e-02 4.77636253e-03 0.0
6.40539611e-02 -6.20897218e-03 0.0
6.19770161e-02 -1.87132433e-02 0.0
5.84855724e-02 -3.29371025e-02 0.0
5.34185063e-02 -4.90980802e-02 0.0
4.66144448e-02 -6.74332748e-02 0.0
3.79207888e-02 -8.82015486e-02 0.0
2.72080370e-02 -1.11684050e-01 0.0
1.43924414e-02 -1.38179473e-01 0.0
-5.29212366e-04 -1.67988260e-01 0.0
-1.74275993e-02 -2.01374627e-01 0.0
-3.59670609e-02 -2.38489260e-01 0.0
-5.55082178e-02 -2.79226822e-01 0.0
-7.49949803e-02 -3.22986826e-01 0.0
-9.28531847e-02 -3.68309313e-01 0.0
-1.06961026e-01 -4.12385333e-01 0.0
-1.14791113e-01 -4.50514166e-01 0.0
-1.13849608e-01 -4.75709866e-01 0.0
-1.02499349e-01 -4.78823183e-01 0.0
-8.10904476e-02 -4.49630924e-01 0.0
-5.30157862e-02 -3.79119651e-01 0.0
-2.50202507e-02 -2.62409571e-01 0.0
-6.04339621e-03 -1.00602803e-01 0.0
-2.67146099e-03 4.64163069e-02 0.0
-1.19041890e-02 1.20723132e-01 0.0
-2.66546344e-02 1.75320680e-01 0.0
-4.30220519e-02 2.11901966e-01 0.0
-5.83153145e-02 2.33583925e-01 0.0
-7.09467003e-02 2.43805184e-01 0.0
-8.02168230e-02 2.45703951e-01 0.0
-8.60263941e-02 2.41862681e-01 0.0
-8.86245254e-02 2.34270911e-01 0.0
-8.84269834e-02 2.24392063e-01 0.0
-8.59008917e-02 2.13265141e-01 0.0
-8.14994011e-02 2.01605917e-01 0.0
-7.56297579e-02 1.89893383e-01 0.0
-6.86413964e-02 1.78437707e-01 0.0
-6.08252624e-02 1.67431275e-01 0.0
-5.24185222e-02 1.56985614e-01 0.0
-4.36115638e-02 1.47157693e-01 0.0
-3.45553248e-02 1.37968102e-01 0.0
-2.53682569e-02 1.29413640e-01 0.0
-1.61424002e-02 1.21475658e-01 0.0
-6.94865031e-03 1.14125725e-01 0.0
2.15888221e-03 1.07329101e-01 0.0
1.11391646e-02 1.01047042e-01 0.0
1.99611974e-02 9.52379409e-02 0.0
2.86013883e-02 8.98580162e-02 0.0
3.70413535e-02 8.48613479e-02 0.0
4.52659539e-02 8.01998150e-02 0.0
5.32615859e-02 7.58226087e-02 0.0
6.10145885e-02 7.16758349e-02 0.0
6.85097920e-02 6.77018064e-02 0.0
7.57291150e-02 6.38385235e-02 0.0
8.26502354e-02 6.00189084e-02 0.0
8.92452815e-02 5.61702860e-02 0.0
9.54795620e-02 5.22136578e-02 0.0
1.01310318e-01 4.80632550e-02 0.0
1.06685505e-01 4.36259034e-02 0.0
1.11542619e-01 3.88006708e-02 0.0
1.15807567e-01 3.34783109e-02 0.0
1.19393626e-01 2.75409424e-02 0.0
1.22200476e-01 2.08614488e-02 0.0
1.24113393e-01 1.33029781e-02 0.0
1.25002596e-01 4.71797855e-03 0.0
1.24722875e-01 -5.05293549e-03 0.0
1.23113560e-01 -1.61829199e-02 0.0
1.19999113e-01 -2.88614378e-02 0.0
1.15190576e-01 -4.32980481e-02 0.0
1.08488615e-01 -5.97271940e-02 0.0
9.96890195e-02 -7.84142901e-02 0.0
8.85925557e-02 -9.96620105e-02 0.0
7.50218263e-02 -1.23815109e-01 0.0
5.88497183e-02 -1.51258788e-01 0.0
4.00457048e-02 -1.82401627e-01 0.0
1.87485214e-02 -2.17625549e-01 0.0
-4.62649899e-03 -2.57174293e-01 0.0
-2.92420467e-02 -3.00936989e-01 0.0
-5.36694994e-02 -3.48073440e-01 0.0
-7.57462330e-02 -3.96436585e-01 0.0
-9.25713598e-02 -4.41807658e-01 0.0
-1.00821219e-01 -4.77107984e-01 0.0
-9.75902382e-02 -4.92006274e-01 0.0
-8.18308334e-02 -4.73616115e-01 0.0
-5.60649529e-02 -4.08974981e-01 0.0
-2.74411086e-02 -2.89173607e-01 0.0
-6.80526203e-03 -1.13084909e-01 0.0
-3.46725785e-03 5.29211189e-02 0.0
-1.49050294e-02 1.35254919e-01 0.0
-3.22458566e-02 1.92880177e-01 0.0
-5.02908383e-02 2.28754886e-01 0.0
-6.57762557e-02 2.47509707e-01 0.0
-7.70872908e-02 2.53821852e-01 0.0
-8.37865831e-02 2.51656731e-01 0.0
-8.61314399e-02 2.44064368e-01 0.0
-8.47119992e-02 2.33247956e-01 0.0
-8.02231561e-02 2.20728680e-01 0.0
-7.33395012e-02 2.07518829e-01 0.0
-6.46575585e-02 1.94268853e-01 0.0
-5.46768950e-02 1.81380200e-01 0.0
-4.38015662e-02 1.69087265e-01 0.0
-3.23505185e-02 1.57514604e-01 0.0
-2.05710013e-02 1.46716101e-01 0.0
-8.65175977e-03 1.36701082e-01 0.0
3.26513775e-03 1.27451657e-01 0.0
1.50744036e-02 1.18933833e-01 0.0
2.66993695e-02 1.11104728e-01 0.0
3.80854854e-02 1.03916877e-01 0.0
4.91950631e-02 9.73209299e-02 0.0
6.00031277e-02 9.12669601e-02 0.0
7.04940215e-02 8.57051932e-02 0.0
8.06586802e-02 8.05860123e-02 0.0
9.04923197e-02 7.58598472e-02 0.0
9.99925075e-02 7.14766289e-02 0.0
1.09157437e-01 6.73853369e-02 0.0
1.17984404e-01 6.35332402e-02 0.0
1.26468376e-01 5.98653314e-02 0.0
1.34600643e-01 5.63235132e-02 0.0
1.42367514e-01 5.28460336e-02 0.0
1.49749030e-01 4.93667047e-02 0.0
1.56717694e-01 4.58144003e-02 0.0
1.63237203e-01 4.21123536e-02 0.0
1.69261183e-01 3.81777423e-02 0.0
1.74731936e-01 3.39210697e-02 0.0
1.79579197e-01 2.92458054e-02 0.0
1.83718914e-01 2.40477740e-02 0.0
1.87052071e-01 1.82147100e-02 0.0
1.89463544e-01 1.16254251e-02 0.0
1.90821043e-01 4.14892596e-03 0.0
1.90974122e-01 -4.35714626e-03 0.0
1.89753365e-01 -1.40485472e-02 0.0
1.86969770e-01 -2.50976789e-02 0.0
1.82414600e-01 -3.76980149e-02 0.0
1.75859967e-01 -5.20705509e-02 0.0
1.67060974e-01 -6.84722648e-02 0.0
1.55760565e-01 -8.72070866e-02 0.0
1.41699635e-01 -1.08638301e-01 0.0
1.24636360e-01 -1.33200144e-01 0.0
1.04381807e-01 -1.61401641e-01 0.0
8.08622362e-02 -1.93808720e-01 0.0
5.42227287e-02 -2.30976539e-01 0.0
2.49873895e-02 -2.73283804e-01 0.0
-5.71738079e-03 -3.20594356e-01 0.0
-3.59028024e-02 -3.71653471e-01 0.0
-6.25190714e-02 -4.23149339e-01 0.0
-8.15349334e-02 -4.68500548e-01 0.0
-8.86344273e-02 -4.96745170e-01 0.0
-8.08556402e-02 -4.92415387e-01 0.0
-5.90888459e-02 -4.37708367e-01 0.0
-3.03793908e-02 -3.17773507e-01 0.0
-7.80503566e-03 -1.27329213e-01 0.0
-4.64634843e-03 6.14006922e-02 0.0
-1.91202198e-02 1.53052959e-01 0.0
-3.95908156e-02 2.12893573e-01 0.0
-5.90651158e-02 2.46260788e-01 0.0
-7.37438534e-02 2.60167982e-01 0.0
-8.22542965e-02 2.60985080e-01 0.0
-8.47089300e-02 2.53647459e-01 0.0
-8.19375323e-02 2.41647132e-01 0.0
-7.50014829e-02 2.27309741e-01 0.0
-6.49363597e-02 2.12112971e-01 0.0
-5.26405121e-02 1.96955082e-01 0.0
-3.88439720e-02 1.82354166e-01 0.0
-2.41161161e-02 1.68586423e-01 0.0
-8.88844172e-03 1.55778097e-01 0.0
6.51923514e-03 1.43965109e-01 0.0
2.18746076e-02 1.33130770e-01 0.0
3.70124338e-02 1.23229414e-01 0.0
5.18182120e-02 1.14200720e-01 0.0
6.62153895e-02 1.05978402e-01 0.0
8.01556053e-02 9.84950554e-02 0.0
9.36111949e-02 9.16849248e-02 0.0
1.06569532e-01 8.54850489e-02 0.0
1.19028645e-01 7.98357493e-02 0.0
1.30993858e-01 7.46803826e-02 0.0
1.42475114e-01 6.99649976e-02 0.0
1.53484833e-01 6.56375934e-02 0.0
1.64036110e-01 6.16475091e-02 0.0
1.74141190e-01 5.79445405e-02 0.0
1.83810072e-01 5.44782802e-02 0.0
1.93049256e-01 5.11972310e-02 0.0
2.01860512e-01 4.80481854e-02 0.0
2.10239703e-01 4.49753954e-02 0.0
2.18175594e-01 4.19200307e-02 0.0
2.25648664e-01 3.88194358e-02 0.0
2.32629887e-01 3.56066819e-02 0.0
2.39079498e-01 3.22099162e-02 0.0
2.44945743e-01 2.85519923e-02 0.0
2.50163588e-01 2.45498696e-02 0.0
2.54653435e-01 2.01142373e-02 0.0
2.58319794e-01 1.51488207e-02 0.0
2.61049956e-01 9.54976742e-03 0.0
2.62712614e-01 3.20451351e-03 0.0
2.63156469e-01 -4.00958287e-03 0.0
2.62208750e-01 -1.22275522e-02 0.0
2.59673721e-01 -2.15999706e-02 0.0
2.55331120e-01 -3.22978738e-02 0.0
2.48934750e-01 -4.45196162e-02 0.0
2.40211452e-01 -5.85008352e-02 0.0
2.28861322e-01 -7.45279097e-02 0.0
2.14560672e-01 -9.29558324e-02 0.0
1.96971059e-01 -1.14229664e-01 0.0
1.75760328e-01 -1.38906779e-01 0.0
1.50646638e-01 -1.67670267e-01 0.0
1.21483076e-01 -2.01311872e-01 0.0
8.84087780e-02 -2.40638789e-01 0.0
5.20954789e-02 -2.86221259e-01 0.0
1.41026861e-02 -3.37848316e-01 0.0
-2.27100082e-02 -3.93525496e-01 0.0
-5.39141138e-02 -4.47904395e-01 0.0
-7.38294349e-02 -4.90326483e-01 0.0
-7.70822287e-02 -5.03360048e-01 0.0
-6.18583001e-02 -4.63754412e-01 0.0
-3.40701624e-02 -3.48225044e-01 0.0
-9.19396941e-03 -1.43962774e-01 0.0
-6.44492155e-03 7.28577922e-02 0.0
-2.50909859e-02 1.75081630e-01 0.0
-4.90274449e-02 2.35271966e-01 0.0
-6.89215799e-02 2.63250845e-01 0.0
-8.07726578e-02 2.69707758e-01 0.0
-8.40086981e-02 2.63191811e-01 0.0
-7.97443737e-02 2.49631063e-01 0.0
-6.96506336e-02 2.32798421e-01 0.0
-5.53766777e-02 2.14948480e-01 0.0
-3.83185537e-02 1.97351023e-01 0.0
-1.95669081e-02 1.80669578e-01 0.0
6.73508980e-05 1.65208917e-01 0.0
2.00021328e-02 1.51069081e-01 0.0
3.98316016e-02 1.38238347e-01 0.0
5.92810566e-02 1.26647781e-01 0.0
7.81711725e-02 1.16202668e-01 0.0
9.63910084e-02 1.06799914e-01 0.0
1.13878045e-01 9.83374698e-02 0.0
1.30603726e-01 9.07188588e-02 0.0
1.46562975e-01 8.38552026e-02 0.0
1.61766680e-01 7.76655530e-02 0.0
1.76236222e-01 7.20766151e-02 0.0
1.89999518e-01 6.70218499e-02 0.0
2.03088061e-01 6.24406024e-02 0.0
2.15534715e-01 5.82769462e-02 0.0
2.27371964e-01 5.44787572e-02 0.0
2.38630519e-01 5.09965943e-02 0.0
2.49338107e-01 4.77828694e-02 0.0
2.59518422e-01 4.47908376e-02 0.0
2.69190103e-01 4.19738926e-02 0.0
2.78365778e-01 3.92846775e-02 0.0
2.87051072e-01 3.66745035e-02 0.0
2.95243609e-01 3.40925781e-02 0.0
3.02931973e-01 3.14855398e-02 0.0
3.10094618e-01 2.87967952e-02 0.0
3.16698739e-01 2.59661537e-02 0.0
3.22699088e-01 2.29292447e-02 0.0
3.28036741e-01 1.96172014e-02 0.0
3.32637805e-01 1.59560757e-02 0.0
3.36412078e-01 1.18664311e-02 0.0
3.39251607e-01 7.26254420e-03 0.0
3.41029180e-01 2.05158279e-03 0.0
3.41596633e-01 -3.86788437e-03 0.0
3.40782997e-01 -1.06078234e-02 0.0
3.38392321e-01 -1.82939230e-02 0.0
3.34201151e-01 -2.70700825e-02 0.0
3.27955504e-01 -3.71053241e-02 0.0
3.19367388e-01 -4.86036495e-02 0.0
3.08110957e-01 -6.18184736e-02 0.0
2.93819093e-01 -7.70726973e-02 0.0
2.76082114e-01 -9.47861522e-02 0.0
2.54452930e-01 -1.15510326e-01 0.0
2.28467320e-01 -1.39967370e-01 0.0
1.97696596e-01 -1.69080440e-01 0.0
1.61862977e-01 -2.03962262e-01 0.0
1.21065228e-01 -2.45786701e-01 0.0
7.61720999e-02 -2.95396918e-01 0.0
2.94127227e-02 -3.52404793e-01 0.0
-1.49419766e-02 -4.13466266e-01 0.0
-5.02427010e-02 -4.69548544e-01 0.0
-6.84342088e-02 -5.02693666e-01 0.0
-6.36500734e-02 -4.84428844e-01 0.0
-3.87637167e-02 -3.80225095e-01 0.0
-1.12229432e-02 -1.64014753e-01 0.0
-9.26195520e-03 8.89303692e-02 0.0
-3.35035484e-02 2.02262413e-01 0.0
-6.04179052e-02 2.58942008e-01 0.0
-7.80774890e-02 2.77134533e-01 0.0
-8.33137461e-02 2.72911421e-01 0.0
-7.73739953e-02 2.57284455e-01 0.0
-6.29833294e-02 2.36883451e-01 0.0
-4.28936244e-02 2.15362613e-01 0.0
-1.93568507e-02 1.94573589e-01 0.0
5.96165639e-03 1.75349315e-01 0.0
3.19038690e-02 1.57977464e-01 0.0
5.77005578e-02 1.42470121e-01 0.0
8.28623131e-02 1.28711382e-01 0.0
1.07093827e-01 1.16535108e-01 0.0
1.30231126e-01 1.05764314e-01 0.0
1.52197500e-01 9.62296952e-02 0.0
1.72973155e-01 8.77774496e-02 0.0
1.92574693e-01 8.02714146e-02 0.0
2.11041260e-01 7.35927237e-02 0.0
2.28425303e-01 6.76381049e-02 0.0
2.44786348e-01 6.23179628e-02 0.0
2.60186861e-01 5.75542141e-02 0.0
2.74689425e-01 5.32784561e-02 0.0
2.88354843e-01 4.94301025e-02 0.0
3.01240766e-01 4.59549378e-02 0.0
3.13400724e-01 4.28036274e-02 0.0
3.24883339e-01 3.99306261e-02 0.0
3.35731670e-01 3.72929896e-02 0.0
3.45982593e-01 3.48495525e-02 0.0
3.55666199e-01 3.25599631e-02 0.0
3.64805144e-01 3.03840609e-02 0.0
3.73413964e-01 2.82810805e-02 0.0
3.81498319e-01 2.62091818e-02 0.0
3.89054177e-01 2.41247882e-02 0.0
3.96066915e-01 2.19822377e-02 0.0
4.02510353e-01 1.97332253e-02 0.0
4.08345714e-01 1.73265360e-02 0.0
4.13520502e-01 1.47075408e-02 0.0
4.17967313e-01 1.18179315e-02 0.0
4.21602537e-01 8.59514924e-03 0.0
4.24324966e-01 4.97193597e-03 0.0
4.26014233e-01 8.75418737e-04 0.0
4.26529062e-01 -3.77393734e-03 0.0
4.25705187e-01 -9.06419625e-03 0.0
4.23352864e-01 -1.50944893e-02 0.0
4.19253712e-01 -2.19791345e-02 0.0
4.13156710e-01 -2.98535657e-02 0.0
4.04772939e-01 -3.88834638e-02 0.0
3.93768828e-01 -4.92780651e-02 0.0
3.79757608e-01 -6.13099709e-02 0.0
3.62289354e-01 -7.53435993e-02 0.0
3.40841212e-01 -9.18755080e-02 0.0
3.14812945e-01 -1.11588269e-01 0.0
2.83540058e-01 -1.35415889e-01 0.0
2.46351640e-01 -1.64604740e-01 0.0
2.02725974e-01 -2.00720774e-01 0.0
1.52634998e-01 -2.45478712e-01 0.0
9.71990933e-02 -3.00127690e-01 0.0
3.97244697e-02 -3.63914024e-01 0.0
-1.31063519e-02 -4.30969220e-01 0.0
-5.09172306e-02 -4.85270589e-01 0.0
-6.24864288e-02 -4.95066846e-01 0.0
-4.44788291e-02 -4.12481042e-01 0.0
-1.42703541e-02 -1.89143575e-01 0.0
-1.37126572e-02 1.12270568e-01 0.0
-4.48254042e-02 2.34642145e-01 0.0
-7.18033664e-02 2.80454602e-01 0.0
-8.12859983e-02 2.82764167e-01 0.0
-7.33758555e-02 2.64607915e-01 0.0
-5.26836222e-02 2.38955995e-01 0.0
-2.40931104e-02 2.12230753e-01 0.0
8.59416683e-03 1.87238352e-01 0.0
4.27875094e-02 1.64967758e-01 0.0
7.68590079e-02 1.45565169e-01 0.0
1.09853178e-01 1.28825257e-01 0.0
1.41253549e-01 1.14425301e-01 0.0
1.70818455e-01 1.02029576e-01 0.0
1.98472633e-01 9.13312623e-02 0.0
2.24238273e-01 8.20652603e-02 0.0
2.48192064e-01 7.40086270e-02 0.0
2.70438932e-01 6.69760397e-02 0.0
2.91096148e-01 6.08141177e-02 0.0
3.10283939e-01 5.53957111e-02 0.0
3.28120006e-01 5.06150590e-02 0.0
3.44716484e-01 4.63835378e-02 0.0
3.60178309e-01 4.26263561e-02 0.0
3.74602451e-01 3.92796621e-02 0.0
3.88077601e-01 3.62883871e-02 0.0
4.00684118e-01 3.36042713e-02 0.0
4.12494064e-01 3.11844481e-02 0.0
4.23571270e-01 2.89900456e-02 0.0
4.33971335e-01 2.69852353e-02 0.0
4.43741586e-01 2.51361939e-02 0.0
4.52920917e-01 2.34104470e-02 0.0
4.61539546e-01 2.17760657e-02 0.0
4.69618657e-01 2.02012079e-02 0.0
4.77169941e-01 1.86534773e-02 0.0
4.84195032e-01 1.70996065e-02 0.0
4.90684841e-01 1.55049348e-02 0.0
4.96618801e-01 1.38331926e-02 0.0
5.01964011e-01 1.20460601e-02 0.0
5.06674298e-01 1.01030022e-02 0.0
5.10689176e-01 7.96084126e-03 0.0
5.13932708e-01 5.57354287e-03 0.0
5.16312224e-01 2.89165580e-03 0.0
5.17716886e-01 -1.38173565e-04 0.0
5.18015989e-01 -3.57422073e-03 0.0
5.17056932e-01 -7.48092687e-03 0.0
5.14662644e-01 -1.19310945e-02 0.0
5.10628270e-01 -1.70089539e-02 0.0
5.04716691e-01 -2.28151158e-02 0.0
4.96652426e-01 -2.94738305e-02 0.0
4.86113146e-01 -3.71442615e-02 0.0
4.72717948e-01 -4.60373149e-02 0.0
4.56011288e-01 -5.64413006e-02 0.0
4.35441856e-01 -6.87601953e-02 0.0
4.10336906e-01 -8.35703280e-02 0.0
3.79876952e-01 -1.01700957e-01 0.0
3.43086628e-01 -1.24340901e-01 0.0
2.98883187e-01 -1.53155480e-01 0.0
2.46276121e-01 -1.90345939e-01 0.0
1.84899953e-01 -2.38448368e-01 0.0
1.16156690e-01 -2.99375439e-01 0.0
4.51717660e-02 -3.71692043e-01 0.0
-1.69645602e-02 -4.44600546e-01 0.0
-5.33682926e-02 -4.87763948e-01 0.0
-5.00953669e-02 -4.41064456e-01 0.0
-1.87250357e-02 -2.21774871e-01 0.0
-2.03649128e-02 1.46713646e-01 0.0
-5.74328425e-02 2.68745253e-01 0.0
-7.53458755e-02 2.91242496e-01 0.0
-6.49188270e-02 2.71031863e-01 0.0
-3.40556440e-02 2.37566904e-01 0.0
7.81960691e-03 2.03429534e-01 0.0
5.39304224e-02 1.73055903e-01 0.0
1.00228490e-01 1.47427874e-01 0.0
1.44573789e-01 1.26239615e-01 0.0
1.85983690e-01 1.08811935e-01 0.0
2.24123829e-01 9.44442083e-02 0.0
2.59000574e-01 8.25292599e-02 0.0
2.90786093e-01 7.25752218e-02 0.0
3.19722874e-01 6.41946891e-02 0.0
3.46073460e-01 5.70856409e-02 0.0
3.70095275e-01 5.10126747e-02 0.0
3.92028935e-01 4.57915013e-02 0.0
4.12093756e-01 4.12766573e-02 0.0
4.30486861e-01 3.73523168e-02 0.0
4.47384080e-01 3.39252092e-02 0.0
4.62941563e-01 3.09194689e-02 0.0
4.77297644e-01 2.82725640e-02 0.0
4.90574620e-01 2.59323818e-02 0.0
5.02880396e-01 2.38547891e-02 0.0
5.14309866e-01 2.20019299e-02 0.0
5.24946085e-01 2.03406722e-02 0.0
5.34861176e-01 1.88415751e-02 0.0
5.44117034e-01 1.74778317e-02 0.0
5.52765811e-01 1.62246208e-02 0.0
5.60850212e-01 1.50583393e-02 0.0
5.68403620e-01 1.39561884e-02 0.0
5.75450058e-01 1.28955871e-02 0.0
5.82004013e-01 1.18539103e-02 0.0
5.88070122e-01 1.08080258e-02 0.0
5.93642743e-01 9.73413680e-03 0.0
5.98705419e-01 8.60740599e-03 0.0
6.03230241e-01 7.40186523e-03 0.0
6.07177113e-01 6.09008741e-03 0.0
6.10492929e-01 4.64311109e-03 0.0
6.13110631e-01 3.03008820e-03 0.0
6.14948158e-01 1.21811572e-03 0.0
6.15907206e-01 -8.28297238e-04 0.0
6.15871778e-01 -3.14772592e-03 0.0
6.14706348e-01 -5.78288918e-03 0.0
6.12253536e-01 -8.78199026e-03 0.0
6.08330964e-01 -1.22010703e-02 0.0
6.02726937e-01 -1.61073526e-02 0.0
5.95194300e-01 -2.05846534e-02 0.0
5.85441634e-01 -2.57414554e-02 0.0
5.73120382e-01 -3.17236361e-02 0.0
5.57806103e-01 -3.87340074e-02 0.0
5.38971148e-01 -4.70630699e-02 0.0
5.15945647e-01 -5.71369726e-02 0.0
4.87863882e-01 -6.95925651e-02 0.0
4.53597218e-01 -8.53922808e-02 0.0
4.11688956e-01 -1.05992372e-01 0.0
3.60348281e-01 -1.33561285e-01 0.0
2.97664093e-01 -1.71172647e-01 0.0
2.22415192e-01 -2.22658982e-01 0.0
1.36162512e-01 -2.91170882e-01 0.0
4.72837702e-02 -3.74106630e-01 0.0
-2.43574283e-02 -4.50212924e-01 0.0
-5.04098351e-02 -4.55835994e-01 0.0
-2.41417946e-02 -2.64277909e-01 0.0
-2.73919870e-02 1.94836014e-01 0.0
-5.96347110e-02 2.90299010e-01 0.0
-4.56845391e-02 2.73651604e-01 0.0
3.61415085e-03 2.28897025e-01 0.0
6.77847918e-02 1.84667927e-01 0.0
1.34019954e-01 1.48218109e-01 0.0
1.96319669e-01 1.19856810e-01 0.0
2.52530440e-01 9.81181444e-02 0.0
3.02329326e-01 8.14051744e-02 0.0
3.46152075e-01 6.84137445e-02 0.0
3.84683023e-01 5.81713305e-02 0.0
4.18632360e-01 4.99760781e-02 0.0
4.48649827e-01 4.33254399e-02 0.0
4.75299437e-01 3.78581056e-02 0.0
4.99059621e-01 3.33114786e-02 0.0
5.20332555e-01 2.94921170e-02 0.0
5.39455720e-01 2.62552614e-02 0.0
5.56712873e-01 2.34909536e-02 0.0
5.72343535e-01 2.11142852e-02 0.0
5.86550812e-01 1.90587781e-02 0.0
5.99507746e-01 1.72715158e-02 0.0
6.11362371e-01 1.57098465e-02 0.0
6.22241756e-01 1.43387733e-02 0.0
6.32255184e-01 1.31292309e-02 0.0
6.41496674e-01 1.20565644e-02 0.0
6.50046940e-01 1.10995907e-02 0.0
6.57974915e-01 1.02396299e-02 0.0
6.65338893e-01 9.45997978e-03 0.0
6.72187383e-01 8.74524555e-03 0.0
6.78559691e-01 8.08104532e-03 0.0
6.84486294e-01 7.45351154e-03 0.0
6.89989024e-01 6.84913604e-03 0.0
6.95081091e-01 6.25437888e-03 0.0
6.99766976e-01 5.65560393e-03 0.0
7.04042193e-01 5.03876088e-03 0.0
7.07892958e-01 4.38938150e-03 0.0
7.11295754e-01 3.69231054e-03 0.0
7.14216828e-01 2.93173429e-03 0.0
7.16611587e-01 2.09092846e-03 0.0
7.18423922e-01 1.15227215e-03 0.0
7.19585416e-01 9.69483772e-05 0.0
7.20014428e-01 -1.09515406e-03 0.0
7.19614952e-01 -2.44592862e-03 0.0
7.18275203e-01 -3.97947338e-03 0.0
7.15865722e-01 -5.72307972e-03 0.0
7.12236795e-01 -7.70844942e-03 0.0
7.07214775e-01 -9.97389343e-03 0.0
7.00596766e-01 -1.25674383e-02 0.0
6.92142739e-01 -1.55519473e-02 0.0
6.81563730e-01 -1.90128567e-02 0.0
6.68503940e-01 -2.30706911e-02 0.0
6.52513406e-01 -2.79008741e-02 0.0
6.33005998e-01 -3.37662352e-02 0.0
6.09194956e-01 -4.10704750e-02 0.0
5.79995028e-01 -5.04477589e-02 0.0
5.43879250e-01 -6.29128366e-02 0.0
4.98688757e-01 -8.01096374e-02 0.0
4.41448185e-01 -1.04699521e-01 0.0
3.68428965e-01 -1.40863974e-01 0.0
2.76235083e-01 -1.94519317e-01 0.0
1.65760533e-01 -2.71404894e-01 0.0
5.15047621e-02 -3.67017684e-01 0.0
-2.72403108e-02 -4.34233748e-01 0.0
-2.54844007e-02 -3.13540526e-01 0.0
-1.67404751e-02 2.39333939e-01 0.0
2.02309838e-03 2.59645698e-01 0.0
9.03299200e-02 2.02047927e-01 0.0
1.94173916e-01 1.47358020e-01 0.0
2.88850962e-01 1.07359252e-01 0.0
3.68344550e-01 7.97980403e-02 0.0
4.33436018e-01 6.08857058e-02 0.0
4.86627707e-01 4.76867976e-02 0.0
5.30424506e-01 3.82408487e-02 0.0
5.66886227e-01 3.12936120e-02 0.0
5.97599294e-01 2.60474626e-02 0.0
6.23760273e-01 2.19896445e-02 0.0
6.46270490e-01 1.87842063e-02 0.0
6.65814382e-01 1.62058545e-02 0.0
6.82918169e-01 1.40997777e-02 0.0
6.97992160e-01 1.23569125e-02 0.0
7.11360845e-01 1.08986365e-02 0.0
7.23284333e-01 9.66695834e-03 0.0
7.33973708e-01 8.61826608e-03 0.0
7.43602174e-01 7.71907753e-03 0.0
7.52313203e-01 6.94327863e-03 0.0
7.60226595e-01 6.27009041e-03 0.0
7.67443007e-01 5.68275814e-03 0.0
7.74047379e-01 5.16747252e-03 0.0
7.80111527e-01 4.71271155e-03 0.0
7.85696127e-01 4.30860447e-03 0.0
7.90852205e-01 3.94659078e-03 0.0
7.95622269e-01 3.61900483e-03 0.0
8.00041128e-01 3.31890072e-03 0.0
8.04136483e-01 3.03975525e-03 0.0
8.07929323e-01 2.77538633e-03 0.0
8.11434159e-01 2.51972500e-03 0.0
8.14659119e-01 2.26679110e-03 0.0
8.17605945e-01 2.01050972e-03 0.0
8.20269887e-01 1.74472444e-03 0.0
8.22639525e-01 1.46304435e-03 0.0
8.24696523e-01 1.15888121e-03 0.0
8.26415326e-01 8.25314672e-04 0.0
8.27762806e-01 4.55136643e-04 0.0
8.28697849e-01 4.07142810e-05 0.0
8.29170877e-01 -4.25989744e-04 0.0
8.29123276e-01 -9.53600209e-04 0.0
8.28486694e-01 -1.55139947e-03 0.0
8.27182118e-01 -2.22965230e-03 0.0
8.25118632e-01 -2.99991070e-03 0.0
8.22191659e-01 -3.87569442e-03 0.0
8.18280409e-01 -4.87335651e-03 0.0
8.13244086e-01 -6.01362108e-03 0.0
8.06916172e-01 -7.32380301e-03 0.0
7.99095686e-01 -8.84148563e-03 0.0
7.89533662e-01 -1.06202301e-02 0.0
7.77911923e-01 -1.27390452e-02 0.0
7.63809303e-01 -1.53180199e-02 0.0
7.46646918e-01 -1.85452477e-02 0.0
7.25598042e-01 -2.27241684e-02 0.0
6.99437284e-01 -2.83598767e-02 0.0
6.66286281e-01 -3.63210912e-02 0.0
6.23190944e-01 -4.81521471e-02 0.0
5.65472915e-01 -6.66740909e-02 0.0
4.86018645e-01 -9.70610390e-02 0.0
3.75813689e-01 -1.48183661e-01 0.0
2.30816858e-01 -2.30986308e-01 0.0
7.62448274e-02 -3.36948019e-01 0.0
1.34379569e-03 -3.37317695e-01 0.0
1.18243667e-01 1.28128573e-01 0.0
3.39775219e-01 1.12070827e-01 0.0
5.11898603e-01 7.46225749e-02 0.0
6.25222523e-01 4.81584021e-02 0.0
6.99206366e-01 3.18617113e-02 0.0
7.49096884e-01 2.19701431e-02 0.0
7.84234397e-01 1.58259972e-02 0.0
8.10074477e-01 1.18644126e-02 0.0
8.29819419e-01 9.20101291e-03 0.0
8.45397494e-01 7.33536025e-03 0.0
8.58010881e-01 5.97864553e-03 0.0
8.68438326e-01 4.95942201e-03 0.0
8.77203985e-01 4.17239740e-03 0.0
8.84673611e-01 3.55069140e-03 0.0
8.91110893e-01 3.05023451e-03 0.0
8.96711458e-01 2.64111954e-03 0.0
9.01624071e-01 2.30231599e-03 0.0
9.05964274e-01 2.01874239e-03 0.0
9.09823420e-01 1.77918599e-03 0.0
9.13274821e-01 1.57525803e-03 0.0
9.16378053e-01 1.40041011e-03 0.0
9.19182004e-01 1.24958352e-03 0.0
9.21727105e-01 1.11863944e-03 0.0
9.24046951e-01 1.00429575e-03 0.0
9.26169518e-01 9.03727421e-04 0.0
9.28118065e-01 8.14636402e-04 0.0
9.29911804e-01 7.34927119e-04 0.0
9.31566400e-01 6.62844474e-04 0.0
9.33094330e-01 5.96684740e-04 0.0
9.34505139e-01 5.34971468e-04 0.0
9.35805609e-01 4.76184650e-04 0.0
9.36999860e-01 4.18959097e-04 0.0
9.38089396e-01 3.61824695e-04 0.0
9.39073105e-01 3.03418479e-04 0.0
9.39947227e-01 2.42233307e-04 0.0
9.40705287e-01 1.76837705e-04 0.0
9.41338015e-01 1.05631899e-04 0.0
9.41833234e-01 2.70699445e-05 0.0
9.42175747e-01 -6.05786479e-05 0.0
9.42347194e-01 -1.59011978e-04 0.0
9.42325891e-01 -2.70133961e-04 0.0
9.42086644e-01 -3.95855724e-04 0.0
9.41600496e-01 -5.38347728e-04 0.0
9.40834399e-01 -6.99885360e-04 0.0
9.39750746e-01 -8.83148103e-04 0.0
9.38306686e-01 -1.09116374e-03 0.0
9.36453089e-01 -1.32773192e-03 0.0
9.34132985e-01 -1.59759129e-03 0.0
9.31279144e-01 -1.90715919e-03 0.0
9.27810358e-01 -2.26523873e-03 0.0
9.23625579e-01 -2.68460270e-03 0.0
9.18594635e-01 -3.18416285e-03 0.0
9.12543162e-01 -3.79305563e-03 0.0
9.05227607e-01 -4.55738337e-03 0.0
8.96292334e-01 -5.55288309e-03 0.0
8.85193187e-01 -6.90875836e-03 0.0
8.71054436e-01 -8.85622102e-03 0.0
8.52385185e-01 -1.18327286e-02 0.0
8.26479631e-01 -1.67213733e-02 0.0
7.88074375e-01 -2.54190559e-02 0.0
7.26319817e-01 -4.21008144e-02 0.0
6.18963731e-01 -7.49857540e-02 0.0
4.29180488e-01 -1.31695393e-01 0.0
1.54101200e-01 -1.67896103e-01 0.0
SCALARS velocity_magnitude double 1
LOOKUP_TABLE default
2.59795331e-04
4.28688277e-04
3.75891950e-04
3.14114010e-04
2.68086396e-04
2.95977871e-04
4.28362683e-04
6.33259719e-04
8.82699559e-04
1.16205108e-03
1.46232323e-03
1.77700144e-03
2.10092720e-03
2.42987561e-03
2.76030945e-03
3.08924678e-03
3.41413301e-03
3.73276085e-03
4.04317849e-03
4.34363406e-03
4.63250847e-03
4.90828034e-03
5.16948029e-03
5.41467424e-03
5.64243621e-03
5.85134722e-03
6.03998354e-03
6.20692830e-03
6.35077200e-03
6.47013420e-03
6.56367373e-03
6.63011817e-03
6.66828160e-03
6.67709999e-03
6.65565467e-03
6.60321175e-03
6.51924952e-03
6.40349991e-03
6.25597761e-03
6.07702122e-03
5.86732129e-03
5.62795821e-03
5.36042586e-03
5.06666256e-03
4.74906646e-03
4.41051560e-03
4.05437105e-03
3.68448223e-03
3.30517432e-03
2.92123672e-03
2.53789357e-03
2.16077760e-03
1.79589087e-03
1.44958290e-03
1.12854600e-03
8.39914377e-04
5.91613104e-04
3.93487876e-04
2.59748152e-04
2.05401537e-04
2.18561854e-04
2.73831830e-04
3.63190072e-04
2.60855161e-04
3.62795616e-04
6.42751714e-04
6.54461147e-04
6.45896700e-04
7.56516680e-04
1.06813070e-03
1.55210776e-03
2.16168084e-03
2.86496390e-03
3.63945965e-03
4.46741522e-03
5.33394168e-03
6.22625596e-03
7.13329779e-03
8.04547274e-03
8.95443548e-03
9.85289124e-03
1.07344109e-02
1.15932607e-02
1.24242505e-02
1.32226015e-02
1.39838359e-02
1.47036877e-02
1.53780357e-02
1.60028562e-02
1.65741950e-02
1.70881579e-02
1.75409156e-02
1.79287246e-02
1.82479596e-02
1.84951587e-02
1.86670765e-02
1.87607485e-02
1.87735598e-02
1.87033236e-02
1.85483601e-02
1.83075840e-02
1.79805887e-02
1.75677361e-02
1.70702396e-02
1.64902503e-02
1.58309300e-02
1.50965248e-02
1.42924197e-02
1.34251892e-02
1.25026226e-02
1.15337404e-02
1.05287794e-02
9.49916257e-03
8.45743232e-03
7.41716302e-03
6.39283073e-03
5.39965810e-03
4.45341274e-03
3.57018672e-03
2.76616416e-03
2.05751558e-03
1.46080015e-03
9.95153943e-04
6.87770389e-04
5.66523512e-04
5.94574294e-04
6.48874514e-04
4.33827277e-04
2.79567638e-04
6.17240487e-04
7.82584901e-04
1.03502461e-03
1.48045076e-03
2.13493169e-03
2.97178355e-03
3.96051071e-03
5.07386319e-03
6.28742898e-03
7.57902296e-03
8.92847704e-03
1.03175657e-02
1.17299453e-02
1.31510404e-02
1.45678916e-02
1.59689667e-02
1.73439605e-02
1.86835905e-02
1.99794068e-02
2.12236167e-02
2.24089369e-02
2.35284689e-02
2.45756048e-02
2.55439585e-02
2.64273260e-02
2.72196673e-02
2.79151155e-02
2.85080019e-02
2.89929053e-02
2.93647121e-02
2.96186963e-02
2.97506077e-02
2.97567741e-02
2.96342087e-02
2.93807284e-02
2.89950711e-02
2.84770217e-02
2.78275308e-02
2.70488379e-02
2.61445819e-02
2.51199091e-02
2.39815626e-02
2.27379614e-02
2.13992539e-02
1.99773512e-02
1.84859266e-02
1.69403837e-02
1.53577802e-02
1.37567067e-02
1.21571057e-02
1.05800262e-02
9.04729461e-03
7.58108762e-03
6.20338322e-03
4.93528252e-03
3.79624543e-03
2.80351835e-03
1.97276595e-03
1.32295739e-03
8.89273919e-04
7.07146831e-04
6.67963199e-04
3.93114878e-04
2.38448684e-04
6.69984572e-04
1.11911873e-03
1.72977539e-03
2.52880918e-03
3.52225789e-03
4.69947756e-03
6.04165442e-03
7.52637844e-03
9.12989367e-03
1.08283979e-02
1.25988668e-02
1.44195800e-02
1.62704086e-02
1.81329293e-02
1.99904046e-02
2.18276782e-02
2.36310143e-02
2.53879130e-02
2.70869178e-02
2.87174337e-02
3.02695630e-02
3.17339675e-02
3.31017586e-02
3.43644187e-02
3.55137522e-02
3.65418661e-02
3.74411772e-02
3.82044459e-02
3.88248302e-02
3.92959626e-02
3.96120419e-02
3.97679427e-02
3.97593344e-02
3.95828137e-02
3.92360402e-02
3.87178813e-02
3.80285538e-02
3.71697694e-02
3.61448697e-02
3.49589587e-02
3.36190170e-02
3.21340051e-02
3.05149388e-02
2.87749433e-02
2.69292695e-02
2.49952740e-02
2.29923477e-02
2.09417916e-02
1.88666194e-02
1.67912834e-02
1.47412978e-02
1.27427467e-02
1.08216487e-02
9.00316616e-03
7.31066216e-03
5.76470314e-03
4.38231872e-03
3.17740576e-03
2.16443881e-03
1.37011984e-03
8.52725442e-04
6.34847337e-04
3.44910973e-04
2.61338737e-04
9.01792298e-04
1.69432290e-03
2.67122230e-03
3.82846832e-03
5.16811917e-03
6.68531229e-03
8.36782566e-03
1.01979576e-02
1.21545170e-02
1.42144700e-02
1.63542116e-02
1.85504774e-02
2.07809534e-02
2.30246336e-02
2.52619888e-02
2.74749937e-02
2.96470608e-02
3.17629170e-02
3.38084503e-02
3.57705500e-02
3.76369544e-02
3.93961168e-02
4.10370972e-02
4.25494824e-02
4.39233368e-02
4.51491827e-02
4.62180108e-02
4.71213163e-02
4.78511608e-02
4.84002549e-02
4.87620615e-02
4.89309130e-02
4.89021452e-02
4.86722366e-02
4.82389604e-02
4.76015345e-02
4.67607780e-02
4.57192578e-02
4.44814353e-02
4.30537944e-02
4.14449600e-02
3.96657894e-02
3.77294423e-02
3.56514120e-02
3.34495209e-02
3.11438624e-02
2.87566875e-02
2.63122178e-02
2.38363779e-02
2.13564259e-02
1.89004706e-02
1.64968557e-02
1.41734066e-02
1.19565474e-02
9.87035562e-03
7.93571867e-03
6.16997303e-03
4.58777065e-03
3.20454801e-03
2.04499934e-03
1.16059889e-03
6.43965262e-04
2.92501822e-04
3.65920850e-04
1.31265513e-03
2.47244432e-03
3.82505428e-03
5.35091024e-03
7.04533552e-03
8.90389463e-03
1.09179619e-02
1.30740161e-02
1.53543676e-02
1.77383541e-02
2.02035579e-02
2.27268568e-02
2.52852356e-02
2.78563575e-02
3.04189234e-02
3.29528596e-02
3.54393790e-02
3.78609531e-02
4.02012316e-02
4.24449310e-02
4.45777190e-02
4.65861031e-02
4.84573384e-02
5.01793577e-02
5.17407289e-02
5.31306413e-02
5.43389188e-02
5.53560615e-02
5.61733094e-02
5.67827319e-02
5.71773319e-02
5.73511710e-02
5.72995026e-02
5.70189191e-02
5.65075009e-02
5.57649718e-02
5.47928485e-02
5.35945893e-02
5.21757278e-02
5.05439972e-02
4.87094290e-02
4.66844321e-02
4.44838347e-02
4.21248919e-02
3.96272421e-02
3.70128110e-02
3.43056451e-02
3.15316707e-02
2.87183582e-02
2.58942871e-02
2.30885953e-02
2.03303164e-02
1.76476184e-02
1.50669956e-02
1.26125272e-02
1.03054247e-02
8.16424049e-03
6.20633036e-03
4.45136300e-03
2.92790240e-03
1.68471252e-03
8.12457020e-04
2.60535199e-04
5.45105020e-04
1.87635253e-03
3.43515985e-03
5.18170478e-03
7.08825244e-03
9.14438325e-03
1.13445923e-02
1.36824326e-02
1.61480528e-02
1.87276463e-02
2.14038922e-02
2.41568268e-02
2.69648093e-02
2.98054016e-02
3.26560808e-02
3.54947612e-02
3.83001446e-02
4.10519211e-02
4.37308628e-02
4.63188344e-02
4.87987595e-02
5.11545569e-02
5.33710723e-02
5.54340139e-02
5.73299041e-02
5.90460516e-02
6.05705465e-02
6.18922816e-02
6.30009966e-02
6.38873471e-02
6.45429917e-02
6.49607001e-02
6.51344732e-02
6.50596776e-02
6.47331844e-02
6.41535162e-02
6.33209902e-02
6.22378615e-02
6.09084526e-02
5.93392764e-02
5.75391342e-02
5.55191965e-02
5.32930481e-02
5.08767038e-02
4.82885738e-02
4.55493847e-02
4.26820341e-02
3.97113813e-02
3.66639548e-02
3.35675756e-02
3.04508861e-02
2.73427919e-02
2.42718280e-02
2.12654963e-02
1.83496509e-02
1.55480791e-02
1.28824983e-02
1.03732946e-02
8.04139623e-03
5.91170070e-03
4.01833513e-03
2.41210316e-03
1.17400643e-03
3.04141839e-04
7.84963576e-04
2.57521389e-03
4.57427690e-03
6.73901121e-03
9.03990903e-03
1.14639035e-02
1.40051358e-02
1.66591735e-02
1.94197046e-02
2.22770431e-02
2.52178364e-02
2.82254761e-02
3.12808415e-02
3.43631324e-02
3.74506427e-02
4.05214057e-02
4.35536835e-02
4.65263142e-02
4.94189303e-02
5.22120842e-02
5.48873009e-02
5.74270894e-02
5.98149275e-02
6.20352410e-02
6.40733841e-02
6.59156343e-02
6.75492017e-02
6.89622597e-02
7.01439953e-02
7.10846776e-02
7.17757476e-02
7.22099191e-02
7.23812967e-02
7.22854988e-02
7.19197901e-02
7.12832109e-02
7.03767100e-02
6.92032629e-02
6.77679867e-02
6.60782301e-02
6.41436498e-02
6.19762521e-02
5.95904090e-02
5.70028280e-02
5.42324825e-02
5.13004837e-02
4.82298982e-02
4.50454941e-02
4.17734205e-02
3.84408112e-02
3.50753230e-02
3.17046199e-02
2.83558413e-02
2.50551102e-02
2.18271811e-02
1.86953690e-02
1.56819561e-02
1.28093027e-02
1.01018950e-02
7.58945394e-03
5.31103523e-03
3.31987994e-03
1.69102224e-03
4.41559949e-04
1.07619999e-03
3.39756339e-03
5.88328445e-03
8.49496344e-03
1.12062981e-02
1.40051189e-02
1.68870021e-02
1.98502690e-02
2.28924920e-02
2.60084559e-02
2.91892949e-02
3.24224551e-02
3.56921634e-02
3.89801364e-02
4.22663556e-02
4.55297836e-02
4.87489763e-02
5.19025571e-02
5.49695712e-02
5.79297257e-02
6.07635484e-02
6.34524800e-02
6.59789300e-02
6.83263040e-02
7.04790268e-02
7.24225625e-02
7.41434451e-02
7.56293201e-02
7.68690009e-02
7.78525404e-02
7.85713152e-02
7.90181241e-02
7.91872931e-02
7.90747895e-02
7.86783345e-02
7.79975195e-02
7.70339099e-02
7.57911457e-02
7.42750194e-02
7.24935416e-02
7.04569736e-02
6.81778377e-02
6.56708840e-02
6.29530240e-02
6.00432104e-02
5.69622732e-02
5.37326941e-02
5.03783303e-02
4.69240773e-02
4.33954877e-02
3.98183521e-02
3.62182779e-02
3.26203042e-02
2.90486286e-02
2.55265342e-02
2.20766470e-02
1.87216599e-02
1.54856665e-02
1.23961797e-02
9.48679718e-03
6.80023573e-03
4.39131510e-03
2.33092146e-03
6.45008216e-04
1.41281799e-03
4.33423531e-03
7.35518410e-03
1.04458188e-02
1.35864669e-02
1.67689967e-02
1.99925405e-02
2.32594219e-02
2.65718388e-02
2.99295953e-02
3.33288559e-02
3.67617448e-02
4.02165374e-02
4.36782215e-02
4.71292219e-02
5.05501617e-02
5.39205587e-02
5.72194260e-02
6.04257468e-02
6.35188424e-02
6.64786353e-02
6.92858404e-02
7.19220920e-02
7.43700371e-02
7.66134002e-02
7.86370409e-02
8.04270049e-02
8.19705820e-02
8.32563690e-02
8.42743421e-02
8.50159388e-02
8.54741456e-02
8.56435934e-02
8.55206515e-02
8.51035255e-02
8.43923434e-02
8.33892392e-02
8.20984148e-02
8.05261913e-02
7.86810279e-02
7.65735217e-02
7.42163656e-02
7.16242776e-02
6.88138807e-02
6.58035470e-02
6.26131877e-02
5.92640055e-02
5.57781983e-02
5.21786351e-02
4.84885084e-02
4.47309977e-02
4.09289701e-02
3.71047801e-02
3.32802246e-02
2.94767480e-02
2.57159775e-02
2.20206858e-02
1.84162243e-02
1.49324175e-02
1.16057529e-02
8.48154021e-03
5.61555264e-03
3.07583463e-03
8.94143173e-04
1.79051784e-03
5.37742481e-03
8.98253286e-03
1.25862386e-02
1.61776604e-02
1.97551758e-02
2.33234948e-02
2.68903792e-02
3.04636361e-02
3.40488084e-02
3.76477128e-02
4.12577605e-02
4.48719205e-02
4.84791183e-02
5.20649018e-02
5.56122077e-02
5.91021363e-02
6.25146485e-02
6.58291700e-02
6.90250731e-02
7.20820617e-02
7.49804542e-02
7.77014020e-02
8.02270436e-02
8.25406278e-02
8.46266044e-02
8.64707064e-02
8.80600216e-02
8.93830655e-02
9.04298546e-02
9.11919820e-02
9.16626973e-02
9.18369832e-02
9.17116348e-02
9.12853281e-02
9.05586847e-02
8.95343163e-02
8.82168592e-02
8.66129774e-02
8.47313481e-02
8.25826066e-02
8.01792661e-02
7.75355909e-02
7.46674388e-02
7.15920554e-02
6.83278398e-02
6.48940693e-02
6.13106104e-02
5.75976147e-02
5.37752383e-02
4.98634007e-02
4.58816399e-02
4.18491006e-02
3.77847282e-02
3.37077218e-02
2.96383128e-02
2.55988952e-02
2.16155086e-02
1.77195715e-02
1.39496753e-02
1.03530688e-02
6.98642496e-03
3.91639332e-03
1.17985338e-03
2.20600058e-03
6.52037046e-03
1.07579182e-02
1.49099515e-02
1.89756908e-02
2.29618530e-02
2.68804637e-02
3.07461379e-02
3.45733649e-02
3.83742556e-02
4.21569590e-02
4.59248026e-02
4.96760585e-02
5.34042114e-02
5.70985443e-02
6.07449124e-02
6.43265620e-02
6.78249312e-02
7.12203575e-02
7.44926897e-02
7.76217784e-02
8.05878728e-02
8.33719188e-02
8.59557949e-02
8.83224843e-02
9.04562154e-02
9.23425679e-02
9.39685674e-02
9.53227641e-02
9.63953090e-02
9.71780236e-02
9.76644657e-02
9.78499926e-02
9.77318132e-02
9.73090352e-02
9.65826923e-02
9.55557611e-02
9.42331473e-02
9.26216559e-02
9.07299206e-02
8.85683115e-02
8.61487955e-02
8.34847727e-02
8.05908635e-02
7.74826769e-02
7.41765390e-02
7.06892188e-02
6.70376416e-02
6.32386363e-02
5.93087223e-02
5.52639937e-02
5.11201244e-02
4.68925605e-02
4.25969315e-02
3.82497399e-02
3.38693400e-02
2.94772171e-02
2.50994939e-02
2.07685529e-02
1.65245307e-02
1.24163702e-02
8.50204702e-03
4.84847511e-03
1.49823319e-03
2.65664982e-03
7.75726133e-03
1.26743566e-02
1.74103998e-02
2.19755153e-02
2.63860905e-02
3.06628951e-02
3.48286783e-02
3.89056766e-02
4.29134235e-02
4.68671192e-02
5.07766344e-02
5.46461439e-02
5.84742655e-02
6.22545920e-02
6.59764438e-02
6.96257457e-02
7.31858973e-02
7.66386011e-02
7.99645784e-02
8.31441881e-02
8.61579175e-02
8.89867848e-02
9.16126411e-02
9.40184130e-02
9.61882803e-02
9.81078214e-02
9.97641224e-02
1.01145869e-01
1.02243423e-01
1.03048883e-01
1.03556140e-01
1.03760919e-01
1.03660809e-01
1.03255278e-01
1.02545670e-01
1.01535178e-01
1.00228797e-01
9.86332413e-02
9.67568330e-02
9.46093534e-02
9.22018658e-02
8.95464930e-02
8.66561775e-02
8.35444040e-02
8.02249224e-02
7.67114602e-02
7.30174710e-02
6.91559219e-02
6.51391772e-02
6.09789942e-02
5.66866970e-02
5.22735474e-02
4.77513766e-02
4.31334764e-02
3.84357770e-02
3.36782546e-02
2.88865040e-02
2.40933047e-02
1.93399712e-02
1.46771621e-02
1.01648661e-02
5.87201093e-03
1.84814099e-03
3.14037430e-03
9.08316578e-03
1.47255334e-02
2.00812079e-02
2.51717578e-02
3.00242377e-02
3.46693177e-02
3.91390074e-02
4.34642759e-02
4.76729190e-02
5.17878897e-02
5.58262275e-02
5.97985720e-02
6.37092233e-02
6.75566027e-02
7.13340132e-02
7.50305377e-02
7.86320028e-02
8.21218907e-02
8.54821855e-02
8.86940899e-02
9.17386386e-02
9.45971811e-02
9.72517766e-02
9.96854880e-02
1.01882618e-01
1.03828881e-01
1.05511538e-01
1.06919495e-01
1.08043381e-01
1.08875607e-01
1.09410398e-01
1.09643820e-01
1.09573782e-01
1.09200018e-01
1.08524052e-01
1.07549132e-01
1.06280132e-01
1.04723435e-01
1.02886762e-01
1.00778991e-01
9.84099152e-02
9.57899973e-02
9.29300757e-02
8.98410778e-02
8.65337157e-02
8.30182199e-02
7.93041031e-02
7.54000181e-02
7.13137143e-02
6.70521659e-02
6.26218806e-02
5.80294602e-02
5.32824105e-02
4.83902431e-02
4.33658267e-02
3.82269620e-02
3.29980505e-02
2.77117236e-02
2.24101748e-02
1.71459417e-02
1.19818537e-02
6.99061578e-03
2.23033571e-03
3.65550175e-03
1.04939604e-02
1.69059038e-02
2.29164625e-02
2.85590890e-02
3.38723012e-02
3.88976345e-02
4.36773303e-02
4.82519883e-02
5.26584391e-02
5.69280629e-02
6.10856445e-02
6.51488262e-02
6.91280811e-02
7.30271486e-02
7.68437713e-02
8.05706488e-02
8.41964515e-02
8.77068484e-02
9.10854427e-02
9.43146188e-02
9.73762448e-02
1.00252267e-01
1.02925172e-01
1.05378355e-01
1.07596399e-01
1.09565289e-01
1.11272559e-01
1.12707413e-01
1.13860793e-01
1.14725432e-01
1.15295877e-01
1.15568485e-01
1.15541405e-01
1.15214523e-01
1.14589394e-01
1.13669129e-01
1.12458267e-01
1.10962594e-01
1.09188950e-01
1.07144980e-01
1.04838869e-01
1.02279044e-01
9.94738657e-02
9.64313043e-02
9.31586503e-02
8.96622390e-02
8.59472657e-02
8.20176796e-02
7.78762391e-02
7.35247272e-02
6.89644098e-02
6.41967322e-02
5.92243187e-02
5.40522434e-02
4.86895872e-02
4.31511848e-02
3.74594875e-02
3.16463406e-02
2.57544816e-02
1.98384582e-02
1.39647582e-02
8.21153146e-03
2.64722420e-03
4.20070566e-03
1.19862329e-02
1.92106899e-02
2.59108321e-02
3.21324402e-02
3.79262045e-02
4.33453634e-02
4.84432519e-02
5.32708927e-02
5.78748599e-02
6.22955583e-02
6.65660546e-02
7.07114601e-02
7.47488764e-02
7.86877804e-02
8.25307854e-02
8.62746065e-02
8.99111633e-02
9.34286753e-02
9.68127228e-02
1.00047181e-01
1.03115047e-01
1.05999109e-01
1.08682507e-01
1.11149153e-01
1.13384071e-01
1.15373637e-01
1.17105758e-01
1.18569994e-01
1.19757633e-01
1.20661733e-01
1.21277127e-01
1.21600402e-01
1.21629843e-01
1.21365358e-01
1.20808359e-01
1.19961624e-01
1.18829114e-01
1.17415764e-01
1.15727231e-01
1.13769622e-01
1.11549179e-01
1.09071964e-01
1.06343512e-01
1.03368512e-01
1.00150498e-01
9.66916109e-02
9.29924155e-02
8.90518692e-02
8.48674181e-02
8.04353201e-02
7.57511849e-02
7.08108180e-02
6.56113450e-02
6.01526742e-02
5.44392302e-02
4.84819474e-02
4.23003713e-02
3.59247441e-02
2.93978071e-02
2.27760817e-02
1.61303516e-02
9.54571859e-03
3.10277997e-03
4.77493882e-03
1.35571768e-02
2.16358004e-02
2.90595541e-02
3.58870681e-02
4.21819036e-02
4.80097885e-02
5.34359233e-02
5.85224701e-02
6.33263552e-02
6.78975421e-02
7.22778221e-02
7.65001918e-02
8.05887506e-02
8.45590976e-02
8.84190751e-02
9.21697952e-02
9.58067784e-02
9.93211579e-02
1.02700813e-01
1.05931428e-01
1.08997402e-01
1.11882625e-01
1.14571099e-01
1.17047449e-01
1.19297285e-01
1.21307501e-01
1.23066460e-01
1.24564136e-01
1.25792183e-01
1.26743973e-01
1.27414578e-01
1.27800730e-01
1.27900740e-01
1.27714381e-01
1.27242744e-01
1.26488052e-01
1.25453451e-01
1.24142747e-01
1.22560134e-01
1.20709874e-01
1.18595969e-01
1.16221803e-01
1.13589805e-01
1.10701102e-01
1.07555232e-01
1.04149897e-01
1.00480834e-01
9.65417835e-02
9.23246618e-02
8.78199101e-02
8.30171308e-02
7.79059901e-02
7.24774816e-02
6.67255092e-02
6.06488439e-02
5.42533544e-02
4.75544716e-02
4.05796787e-02
3.33708421e-02
2.59860456e-02
1.85006854e-02
1.10080288e-02
3.60260513e-03
5.37737745e-03
1.52044646e-02
2.41776889e-02
3.23583150e-02
3.98184747e-02
4.66353650e-02
5.28879798e-02
5.86541172e-02
6.40077001e-02
6.90165377e-02
7.37405687e-02
7.82306787e-02
8.25280567e-02
8.66641191e-02
9.06608821e-02
9.45317502e-02
9.82825478e-02
1.01912745e-01
1.05416707e-01
1.08784946e-01
1.12005248e-01
1.15063702e-01
1.17945538e-01
1.20635855e-01
1.23120162e-01
1.25384821e-01
1.27417351e-01
1.29206663e-01
1.30743187e-01
1.32018960e-01
1.33027640e-01
1.33764483e-01
1.34226270e-01
1.34411203e-01
1.34318761e-01
1.33949512e-01
1.33304904e-01
1.32387008e-01
1.31198240e-01
1.29741043e-01
1.28017555e-01
1.26029247e-01
1.23776576e-01
1.21258611e-01
1.18472715e-01
1.15414243e-01
1.12076327e-01
1.08449737e-01
1.04522894e-01
1.00282031e-01
9.57115895e-02
9.07948466e-02
8.55148882e-02
7.98559003e-02
7.38048922e-02
6.73538017e-02
6.05020359e-02
5.32593210e-02
4.56487830e-02
3.77099723e-02
2.95015618e-02
2.11033131e-02
1.26174432e-02
4.15402460e-03
6.00736687e-03
1.69261131e-02
2.68331585e-02
3.58030249e-02
4.39221958e-02
5.12823883e-02
5.79766914e-02
6.40961885e-02
6.97271172e-02
7.49485664e-02
7.98307662e-02
8.44339253e-02
8.88076562e-02
9.29908980e-02
9.70123409e-02
1.00891204e-01
1.04638335e-01
1.08257447e-01
1.11746473e-01
1.15098857e-01
1.18304804e-01
1.21352357e-01
1.24228358e-01
1.26919208e-01
1.29411504e-01
1.31692500e-01
1.33750472e-01
1.35574945e-01
1.37156859e-01
1.38488632e-01
1.39564180e-01
1.40378867e-01
1.40929421e-01
1.41213793e-01
1.41230986e-01
1.40980843e-01
1.40463798e-01
1.39680600e-01
1.38631997e-01
1.37318414e-01
1.35739588e-01
1.33894217e-01
1.31779583e-01
1.29391216e-01
1.26722549e-01
1.23764658e-01
1.20506023e-01
1.16932431e-01
1.13026948e-01
1.08770103e-01
1.04140222e-01
9.91140689e-02
9.36677443e-02
8.77780126e-02
8.14240284e-02
7.45896074e-02
6.72659997e-02
5.94552286e-02
5.11738319e-02
4.24568611e-02
3.33617261e-02
2.39714780e-02
1.43973573e-02
4.76627396e-03
6.66437571e-03
1.87203314e-02
2.95991057e-02
3.93894868e-02
4.81934358e-02
5.61182808e-02
6.32721041e-02
6.97599474e-02
7.56807878e-02
8.11252627e-02
8.61740251e-02
9.08967173e-02
9.53514551e-02
9.95848441e-02
1.03632406e-01
1.07519417e-01
1.11261997e-01
1.14868420e-01
1.18340483e-01
1.21674898e-01
1.24864577e-01
1.27899826e-01
1.30769343e-01
1.33461076e-01
1.35962890e-01
1.38263102e-01
1.40350847e-01
1.42216358e-01
1.43851111e-01
1.45247912e-01
1.46400890e-01
1.47305444e-01
1.47958128e-01
1.48356488e-01
1.48498871e-01
1.48384174e-01
1.48011583e-01
1.47380260e-01
1.46489030e-01
1.45336020e-01
1.43918322e-01
1.42231610e-01
1.40269807e-01
1.38024726e-01
1.35485781e-01
1.32639697e-01
1.29470325e-01
1.25958497e-01
1.22082022e-01
1.17815778e-01
1.13132032e-01
1.08000934e-01
1.02391364e-01
9.62721143e-02
8.96135959e-02
8.23901043e-02
7.45828252e-02
6.61835777e-02
5.71993657e-02
4.76575185e-02
3.76111324e-02
2.71441776e-02
1.63759051e-02
5.45071799e-03
7.34796095e-03
2.05853600e-02
3.24721950e-02
4.31129233e-02
5.26265347e-02
6.11373406e-02
6.87694351e-02
7.56424138e-02
8.18682695e-02
8.75492144e-02
9.27762682e-02
9.76284011e-02
1.02172204e-01
1.06461961e-01
1.10540160e-01
1.14438310e-01
1.18178079e-01
1.21772589e-01
1.25227846e-01
1.28544143e-01
1.31717447e-01
1.34740612e-01
1.37604480e-01
1.40298775e-01
1.42812846e-01
1.45136218e-01
1.47259021e-01
1.49172258e-01
1.50867991e-01
1.52339399e-01
1.53580783e-01
1.54587489e-01
1.55355771e-01
1.55882619e-01
1.56165522e-01
1.56202219e-01
1.55990397e-01
1.55527383e-01
1.54809798e-01
1.53833227e-01
1.52591846e-01
1.51078103e-01
1.49282353e-01
1.47192575e-01
1.44794058e-01
1.42069183e-01
1.38997202e-01
1.35554126e-01
1.31712649e-01
1.27442217e-01
1.22709188e-01
1.17477228e-01
1.11707917e-01
1.05361761e-01
9.83996582e-02
9.07850756e-02
8.24870474e-02
7.34842837e-02
6.37704459e-02
5.33606692e-02
4.22989809e-02
3.06660289e-02
1.85862849e-02
6.22117356e-03
8.05775833e-03
2.25192928e-02
3.54484195e-02
4.69673118e-02
5.72141864e-02
6.63321359e-02
7.44623739e-02
8.17395199e-02
8.82885487e-02
9.42229737e-02
9.96437963e-02
1.04639011e-01
1.09283460e-01
1.13639064e-01
1.17755331e-01
1.21670215e-01
1.25411192e-01
1.28996582e-01
1.32436944e-01
1.35736543e-01
1.38894732e-01
1.41907262e-01
1.44767400e-01
1.47466916e-01
1.49996836e-01
1.52348079e-01
1.54511877e-01
1.56480095e-01
1.58245402e-01
1.59801350e-01
1.61142360e-01
1.62263632e-01
1.63161000e-01
1.63830722e-01
1.64269247e-01
1.64472922e-01
1.64437700e-01
1.64158803e-01
1.63630396e-01
1.62845237e-01
1.61794362e-01
1.60466738e-01
1.58848988e-01
1.56925090e-01
1.54676152e-01
1.52080176e-01
1.49111902e-01
1.45742650e-01
1.41940251e-01
1.37668988e-01
1.32889673e-01
1.27559780e-01
1.21633828e-01
1.15064003e-01
1.07801289e-01
9.97972288e-02
9.10067296e-02
8.13921715e-02
7.09292934e-02
5.96150373e-02
4.74774107e-02
3.45867072e-02
2.10670368e-02
7.09429406e-03
8.79352246e-03
2.45198766e-02
3.85224815e-02
5.09444006e-02
6.19463337e-02
7.16925001e-02
8.03423928e-02
8.80457734e-02
9.49400989e-02
1.01149388e-01
1.06783868e-01
1.11939934e-01
1.16700331e-01
1.21134462e-01
1.25298950e-01
1.29238403e-01
1.32986463e-01
1.36567030e-01
1.39995664e-01
1.43281002e-01
1.46426211e-01
1.49430282e-01
1.52289251e-01
1.54997183e-01
1.57547031e-01
1.59931259e-01
1.62142342e-01
1.64173074e-01
1.66016773e-01
1.67667349e-01
1.69119291e-01
1.70367565e-01
1.71407448e-01
1.72234315e-01
1.72843366e-01
1.73229347e-01
1.73386221e-01
1.73306854e-01
1.72982673e-01
1.72403357e-01
1.71556514e-01
1.70427414e-01
1.68998708e-01
1.67250226e-01
1.65158753e-01
1.62697890e-01
1.59837879e-01
1.56545511e-01
1.52783976e-01
1.48512786e-01
1.43687645e-01
1.38260410e-01
1.32179063e-01
1.25387928e-01
1.17828149e-01
1.09438847e-01
1.00159204e-01
8.99321785e-02
7.87104014e-02
6.64651100e-02
5.31985299e-02
3.89596530e-02
2.38621429e-02
8.09010412e-03
9.55526098e-03
2.65842444e-02
4.16868193e-02
5.50322200e-02
6.68085616e-02
7.72042334e-02
8.63979491e-02
9.45540618e-02
1.01821163e-01
1.08332289e-01
1.14205579e-01
1.19544926e-01
1.24440442e-01
1.28968887e-01
1.33194109e-01
1.37167728e-01
1.40929986e-01
1.44510901e-01
1.47931537e-01
1.51205441e-01
1.54340031e-01
1.57337979e-01
1.60198419e-01
1.62918033e-01
1.65491910e-01
1.67914262e-01
1.70178918e-01
1.72279690e-01
1.74210570e-01
1.75965820e-01
1.77539942e-01
1.78927578e-01
1.80123327e-01
1.81121512e-01
1.81915906e-01
1.82499423e-01
1.82863807e-01
1.82999295e-01
1.82894314e-01
1.82535164e-01
1.81905761e-01
1.80987374e-01
1.79758448e-01
1.78194402e-01
1.76267537e-01
1.73946891e-01
1.71198191e-01
1.67983726e-01
1.64262272e-01
1.59988893e-01
1.55114763e-01
1.49586819e-01
1.43347433e-01
1.36333992e-01
1.28478670e-01
1.19708501e-01
1.09946341e-01
9.91133000e-02
8.71338192e-02
7.39446607e-02
5.95094064e-02
4.38393892e-02
2.70207116e-02
9.23267015e-03
1.03435462e-02
2.87084615e-02
4.49299559e-02
5.92127158e-02
7.17798300e-02
8.28474907e-02
9.26138091e-02
1.01255814e-01
1.08930606e-01
1.15777725e-01
1.21921317e-01
1.27471530e-01
1.32525287e-01
1.37166610e-01
1.41466904e-01
1.45485296e-01
1.49269306e-01
1.52855730e-01
1.56271840e-01
1.59536679e-01
1.62662499e-01
1.65656096e-01
1.68520120e-01
1.71254160e-01
1.73855712e-01
1.76320900e-01
1.78645049e-01
1.80823056e-01
1.82849625e-01
1.84719351e-01
1.86426710e-01
1.87965930e-01
1.89330814e-01
1.90514488e-01
1.91509107e-01
1.92305559e-01
1.92893120e-01
1.93259153e-01
1.93388788e-01
1.93264662e-01
1.92866662e-01
1.92171754e-01
1.91153811e-01
1.89783550e-01
1.88028441e-01
1.85852728e-01
1.83217380e-01
1.80080117e-01
1.76395301e-01
1.72113829e-01
1.67182797e-01
1.61545068e-01
1.55138513e-01
1.47895100e-01
1.39739681e-01
1.30588837e-01
1.20349993e-01
1.08921703e-01
9.61963215e-02
8.20672707e-02
6.64437586e-02
4.92763705e-02
3.05956971e-02
1.05510319e-02
1.11601276e-02
3.08865140e-02
4.82334523e-02
6.34579704e-02
7.68293565e-02
8.85951317e-02
9.89709060e-02
1.08142102e-01
1.16269747e-01
1.23496171e-01
1.29948961e-01
1.35743144e-01
1.40981949e-01
1.45756873e-01
1.50147448e-01
1.54221186e-01
1.58033782e-01
1.61629768e-01
1.65043447e-01
1.68300156e-01
1.71417593e-01
1.74407244e-01
1.77275673e-01
1.80025739e-01
1.82657574e-01
1.85169415e-01
1.87558191e-01
1.89819967e-01
1.91950180e-01
1.93943761e-01
1.95795104e-01
1.97497957e-01
1.99045221e-01
2.00428686e-01
2.01638739e-01
2.02664032e-01
2.03491170e-01
2.04104371e-01
2.04485200e-01
2.04612290e-01
2.04461168e-01
2.04004078e-01
2.03209932e-01
2.02044257e-01
2.00469267e-01
1.98443906e-01
1.95923992e-01
1.92862270e-01
1.89208496e-01
1.84909320e-01
1.79908066e-01
1.74144144e-01
1.67552158e-01
1.60060420e-01
1.51588967e-01
1.42046876e-01
1.31329220e-01
1.19314055e-01
1.05860875e-01
9.08130023e-02
7.40086107e-02
5.53072621e-02
3.46404802e-02
1.20804082e-02
1.20089958e-02
3.31077082e-02
5.15660895e-02
6.77242434e-02
8.19128608e-02
9.44117863e-02
1.05447801e-01
1.15206554e-01
1.23845962e-01
1.31506136e-01
1.38315207e-01
1.44391779e-01
1.49845328e-01
1.54775466e-01
1.59270985e-01
1.63409032e-01
1.67254820e-01
1.70861807e-01
1.74272451e-01
1.77519261e-01
1.80626169e-01
1.83609913e-01
1.86481463e-01
1.89247260e-01
1.91910345e-01
1.94471218e-01
1.96928544e-01
1.99279607e-01
2.01520615e-01
2.03646816e-01
2.05652501e-01
2.07530872e-01
2.09273844e-01
2.10871768e-01
2.12313116e-01
2.13584154e-01
2.14668593e-01
2.15547288e-01
2.16197931e-01
2.16594839e-01
2.16708755e-01
2.16506777e-01
2.15952294e-01
2.15005091e-01
2.13621429e-01
2.11754290e-01
2.09353569e-01
2.06366365e-01
2.02737141e-01
1.98407860e-01
1.93317821e-01
1.87403251e-01
1.80596290e-01
1.72823359e-01
1.64002460e-01
1.54039314e-01
1.42821935e-01
1.30213792e-01
1.16046057e-01
1.00111251e-01
8.21635621e-02
6.19370199e-02
3.92005488e-02
1.38636935e-02
1.28977625e-02
3.53497270e-02
5.48727397e-02
7.19433982e-02
8.69694617e-02
1.00255772e-01
1.12025692e-01
1.22451684e-01
1.31678972e-01
1.39839797e-01
1.47060141e-01
1.53461627e-01
1.59160655e-01
1.64266435e-01
1.68878774e-01
1.73086354e-01
1.76965637e-01
1.80580620e-01
1.83983206e-01
1.87214201e-01
1.90304583e-01
1.93277019e-01
1.96147322e-01
1.98925882e-01
2.01618847e-01
2.04229158e-01
2.06757286e-01
2.09201802e-01
2.11559691e-01
2.13826531e-01
2.15996479e-01
2.18062162e-01
2.20014452e-01
2.21842182e-01
2.23531818e-01
2.25067095e-01
2.26428680e-01
2.27593824e-01
2.28536096e-01
2.29225124e-01
2.29626471e-01
2.29701525e-01
2.29407570e-01
2.28697859e-01
2.27521887e-01
2.25825659e-01
2.23552123e-01
2.20641546e-01
2.17031988e-01
2.12659583e-01
2.07458733e-01
2.01361859e-01
1.94298711e-01
1.86194722e-01
1.76968240e-01
1.66525875e-01
1.54755436e-01
1.41515416e-01
1.26620380e-01
1.09822243e-01
9.07909514e-02
6.91065446e-02
4.42939093e-02
1.59523930e-02
1.38375216e-02
3.75604066e-02
5.80544290e-02
7.60134653e-02
9.19238024e-02
1.06088457e-01
1.18700526e-01
1.29900696e-01
1.39810991e-01
1.48550945e-01
1.56243175e-01
1.63013128e-01
1.68986130e-01
1.74283448e-01
1.79018575e-01
1.83294223e-01
1.87200414e-01
1.90813581e-01
1.94196694e-01
1.97400046e-01
2.00462619e-01
2.03413634e-01
2.06274239e-01
2.09059034e-01
2.11777499e-01
2.14435092e-01
2.17034178e-01
2.19574622e-01
2.22054223e-01
2.24468875e-01
2.26812614e-01
2.29077473e-01
2.31253271e-01
2.33327296e-01
2.35283947e-01
2.37104358e-01
2.38766010e-01
2.40242392e-01
2.41502668e-01
2.42511466e-01
2.43228682e-01
2.43609463e-01
2.43604217e-01
2.43158832e-01
2.42214934e-01
2.40710358e-01
2.38579635e-01
2.35754666e-01
2.32165329e-01
2.27740168e-01
2.22406830e-01
2.16092323e-01
2.08722651e-01
2.00221720e-01
1.90508832e-01
1.79494275e-01
1.67071700e-01
1.53105771e-01
1.37412225e-01
1.19726842e-01
9.96596712e-02
7.66376720e-02
4.98655573e-02
1.84027337e-02
1.48312632e-02
3.96128505e-02
6.09391178e-02
7.97987344e-02
9.67053030e-02
1.11899917e-01
1.25507150e-01
1.37617062e-01
1.48321200e-01
1.57725119e-01
1.65949633e-01
1.73126979e-01
1.79394879e-01
1.84890334e-01
1.89744002e-01
1.94075851e-01
1.97992188e-01
2.01584195e-01
2.04927646e-01
2.08083697e-01
2.11100239e-01
2.14013717e-01
2.16850970e-01
2.19631077e-01
2.22366922e-01
2.25066568e-01
2.27734256e-01
2.30371177e-01
2.32975922e-01
2.35544737e-01
2.38071541e-01
2.40547818e-01
2.42962360e-01
2.45300935e-01
2.47545889e-01
2.49675726e-01
2.51664688e-01
2.53482348e-01
2.55093280e-01
2.56456753e-01
2.57526585e-01
2.58251029e-01
2.58572874e-01
2.58429599e-01
2.57753784e-01
2.56473571e-01
2.54513391e-01
2.51794718e-01
2.48237039e-01
2.43758738e-01
2.38278044e-01
2.31713637e-01
2.23984955e-01
2.15011629e-01
2.04711849e-01
1.92998711e-01
1.79773630e-01
1.64914601e-01
1.48255651e-01
1.29549953e-01
1.08402878e-01
8.41529980e-02
5.56854968e-02
2.12475342e-02
1.58067821e-02
4.12110002e-02
6.32674361e-02
8.31748878e-02
1.01310047e-01
1.17763715e-01
1.32560109e-01
1.45732201e-01
1.57343470e-01
1.67490221e-01
1.76296610e-01
1.83906622e-01
1.90475227e-01
1.96159679e-01
2.01112044e-01
2.05473224e-01
2.09368993e-01
2.12907745e-01
2.16180019e-01
2.19259129e-01
2.22202821e-01
2.25055248e-01
2.27849266e-01
2.30608490e-01
2.33349267e-01
2.36082181e-01
2.38813341e-01
2.41545201e-01
2.44277165e-01
2.47005829e-01
2.49725071e-01
2.52425889e-01
2.55096144e-01
2.57720176e-01
2.60278357e-01
2.62746620e-01
2.65095957e-01
2.67291982e-01
2.69294486e-01
2.71057138e-01
2.72527200e-01
2.73645465e-01
2.74346229e-01
2.74557547e-01
2.74201555e-01
2.73195112e-01
2.71450519e-01
2.68876563e-01
2.65379589e-01
2.60864824e-01
2.55237573e-01
2.48404417e-01
2.40273931e-01
2.30756877e-01
2.19765204e-01
2.07209484e-01
1.92993664e-01
1.77005757e-01
1.59101139e-01
1.39071324e-01
1.16579496e-01
9.10145665e-02
6.11463105e-02
2.43639726e-02
1.63164979e-02
4.17896272e-02
6.48265428e-02
8.62105956e-02
1.05943411e-01
1.23929386e-01
1.40108395e-01
1.54476183e-01
1.67082538e-01
1.78024114e-01
1.87435241e-01
1.95477265e-01
2.02327472e-01
2.08168197e-01
2.13177363e-01
2.17520795e-01
2.21347034e-01
2.24784318e-01
2.27939809e-01
2.30900266e-01
2.33733992e-01
2.36493228e-01
2.39216904e-01
2.41933130e-01
2.44661552e-01
2.47415151e-01
2.50201763e-01
2.53025044e-01
2.55885183e-01
2.58779178e-01
2.61700947e-01
2.64641134e-01
2.67586829e-01
2.70521106e-01
2.73422531e-01
2.76264588e-01
2.79015121e-01
2.81635772e-01
2.84081487e-01
2.86300078e-01
2.88231903e-01
2.89809669e-01
2.90958403e-01
2.91595603e-01
2.91631615e-01
2.90970234e-01
2.89509580e-01
2.87143203e-01
2.83761453e-01
2.79253010e-01
2.73506529e-01
2.66412195e-01
2.57862990e-01
2.47755301e-01
2.35988428e-01
2.22462353e-01
2.07072976e-01
1.89703680e-01
1.70211446e-01
1.48404010e-01
1.23998270e-01
9.65250778e-02
6.50330949e-02
2.69268530e-02
7.46836755e-03
2.22589599e-02
3.60897806e-02
4.89255489e-02
6.08895472e-02
7.21275301e-02
8.27748900e-02
9.29483040e-02
1.02743281e-01
1.12234342e-01
1.21476828e-01
1.30509510e-01
1.39357751e-01
1.48036634e-01
1.56554024e-01
1.64913047e-01
1.73114163e-01
1.81156451e-01
1.89038470e-01
1.96758482e-01
2.04314459e-01
2.11703690e-01
2.18922387e-01
2.25965076e-01
2.32824078e-01
2.39488863e-01
2.45945516e-01
2.52176106e-01
2.58158168e-01
2.63864125e-01
2.69260831e-01
2.74309113e-01
2.78963471e-01
2.83171870e-01
2.86875736e-01
2.90010177e-01
2.92504469e-01
2.94282908e-01
2.95266006e-01
2.95372187e-01
2.94519897e-01
2.92630308e-01
2.89630442e-01
2.85456899e-01
2.80059874e-01
2.73407591e-01
2.65490657e-01
2.56326343e-01
2.45962031e-01
2.34477656e-01
2.21986106e-01
2.08631185e-01
1.94581899e-01
1.80022597e-01
1.65137854e-01
1.50092089e-01
1.35003780e-01
1.19915675e-01
1.04762490e-01
8.93378873e-02
7.32589443e-02
5.59185906e-02
3.64105466e-02
1.35501566e-02
1.79945037e-03
2.02150283e-03
7.35776388e-03
1.32349913e-02
1.96699502e-02
2.68855763e-02
3.50095051e-02
4.40380336e-02
5.38741385e-02
6.43715646e-02
7.53664849e-02
8.66973267e-02
9.82158016e-02
1.09792818e-01
1.21320645e-01
1.32713113e-01
1.43904049e-01
1.54845037e-01
1.65502386e-01
1.75854153e-01
1.85886962e-01
1.95593258e-01
2.04968650e-01
2.14009787e-01
2.22712380e-01
2.31069690e-01
2.39071110e-01
2.46701095e-01
2.53938139e-01
2.60754005e-01
2.67112997e-01
2.72971455e-01
2.78277338e-01
2.82970046e-01
2.86980440e-01
2.90231159e-01
2.92637268e-01
2.94107303e-01
2.94544816e-01
2.93850400e-01
2.91924397e-01
2.88670160e-01
2.83998106e-01
2.77830347e-01
2.70106088e-01
2.60787451e-01
2.49865844e-01
2.37368324e-01
2.23363950e-01
2.07969345e-01
1.91353328e-01
1.73739600e-01
1.55407264e-01
1.36687956e-01
1.17959151e-01
9.96318394e-02
8.21306740e-02
6.58614616e-02
5.11580975e-02
3.81975489e-02
2.68873094e-02
1.68068743e-02
7.50803693e-03
1.00253520e-03
9.01919144e-04
4.72140403e-03
1.18611329e-02
1.98525974e-02
2.82084825e-02
3.68469901e-02
4.57984801e-02
5.50966145e-02
6.47456568e-02
7.47179003e-02
8.49614594e-02
9.54096889e-02
1.05989557e-01
1.16627870e-01
1.27255789e-01
1.37811588e-01
1.48242294e-01
1.58504101e-01
1.68562151e-01
1.78389532e-01
1.87966035e-01
1.97276517e-01
2.06309314e-01
2.15054530e-01
2.23502527e-01
2.31642410e-01
2.39460754e-01
2.46940368e-01
2.54059272e-01
2.60789745e-01
2.67097556e-01
2.72941313e-01
2.78271993e-01
2.83032667e-01
2.87158452e-01
2.90576750e-01
2.93207792e-01
2.94965594e-01
2.95759316e-01
2.95495158e-01
2.94078753e-01
2.91418224e-01
2.87427762e-01
2.82031932e-01
2.75170434e-01
2.66803474e-01
2.56917323e-01
2.45530104e-01
2.32697162e-01
2.18515885e-01
2.03129060e-01
1.86726402e-01
1.69543021e-01
1.51854177e-01
1.33964676e-01
1.16191850e-01
9.88401753e-02
8.21670396e-02
6.63413671e-02
5.14066270e-02
3.72812237e-02
2.38767462e-02
1.15038746e-02
1.89779488e-03
1.50739425e-03
7.94381032e-03
1.66140002e-02
2.61407692e-02
3.59082843e-02
4.56828339e-02
5.54091776e-02
6.51020028e-02
7.47940064e-02
8.45135607e-02
9.42764083e-02
1.04084131e-01
1.13925379e-01
1.23778613e-01
1.33615122e-01
1.43402277e-01
1.53106260e-01
1.62694454e-01
1.72136948e-01
1.81407527e-01
1.90483818e-01
1.99347083e-01
2.07981431e-01
2.16372920e-01
2.24508371e-01
2.32374238e-01
2.39955370e-01
2.47233927e-01
2.54188280e-01
2.60792098e-01
2.67013484e-01
2.72814307e-01
2.78149667e-01
2.82967561e-01
2.87208777e-01
2.90807030e-01
2.93689424e-01
2.95777218e-01
2.96987029e-01
2.97232397e-01
2.96425894e-01
2.94481632e-01
2.91318372e-01
2.86863006e-01
2.81054595e-01
2.73848613e-01
2.65221512e-01
2.55175094e-01
2.43740688e-01
2.30982387e-01
2.16999208e-01
2.01925183e-01
1.85927096e-01
1.69198727e-01
1.51951326e-01
1.34399512e-01
1.16743405e-01
9.91488589e-02
8.17325223e-02
6.45656194e-02
4.77248699e-02
3.14376147e-02
1.63770711e-02
4.02056024e-03
3.29347780e-03
1.17679641e-02
2.18152884e-02
3.25528401e-02
4.34057605e-02
5.40790227e-02
6.44598399e-02
7.45358290e-02
8.43430255e-02
9.39355136e-02
1.03368516e-01
1.12689063e-01
1.21931568e-01
1.31116307e-01
1.40250222e-01
1.49328924e-01
1.58339625e-01
1.67264032e-01
1.76081154e-01
1.84769356e-01
1.93307902e-01
2.01677655e-01
2.09861330e-01
2.17843143e-01
2.25608254e-01
2.33141865e-01
2.40428326e-01
2.47450091e-01
2.54186787e-01
2.60614271e-01
2.66703837e-01
2.72421510e-01
2.77727521e-01
2.82575932e-01
2.86914488e-01
2.90684689e-01
2.93822117e-01
2.96257072e-01
2.97915488e-01
2.98720223e-01
2.98592637e-01
2.97454586e-01
2.95230651e-01
2.91850756e-01
2.87252883e-01
2.81386042e-01
2.74213071e-01
2.65713415e-01
2.55885344e-01
2.44747750e-01
2.32340910e-01
2.18726381e-01
2.03985428e-01
1.88216250e-01
1.71529609e-01
1.54043604e-01
1.35878309e-01
1.17153310e-01
9.79934123e-02
7.85531035e-02
5.90748923e-02
3.99957480e-02
2.20814389e-02
6.40578468e-03
5.11940591e-03
1.59404250e-02
2.74940450e-02
3.93489145e-02
5.11008302e-02
6.24879725e-02
7.33869485e-02
8.37730861e-02
9.36819735e-02
1.03180727e-01
1.12347977e-01
1.21260690e-01
1.29985732e-01
1.38575392e-01
1.47065709e-01
1.55477237e-01
1.63817155e-01
1.72082353e-01
1.80262505e-01
1.88343025e-01
1.96307272e-01
2.04138228e-01
2.11819349e-01
2.19334970e-01
2.26670114e-01
2.33810093e-01
2.40739777e-01
2.47442854e-01
2.53900951e-01
2.60092864e-01
2.65993777e-01
2.71574646e-01
2.76801677e-01
2.81635985e-01
2.86033422e-01
2.89944608e-01
2.93315183e-01
2.96086262e-01
2.98195140e-01
2.99576171e-01
3.00161884e-01
2.99884175e-01
2.98675680e-01
2.96471043e-01
2.93208230e-01
2.88829525e-01
2.83282403e-01
2.76519931e-01
2.68501021e-01
2.59190294e-01
2.48558147e-01
2.36580967e-01
2.23242304e-01
2.08535057e-01
1.92465453e-01
1.75058825e-01
1.56368129e-01
1.36486031e-01
1.15563470e-01
9.38384199e-02
7.16784155e-02
4.96293510e-02
2.84286336e-02
8.84795502e-03
6.90487615e-03
2.02697285e-02
3.35259854e-02
4.65545827e-02
5.91504320e-02
7.11464485e-02
8.24559482e-02
9.30679679e-02
1.03027424e-01
1.12413697e-01
1.21322564e-01
1.29852097e-01
1.38092739e-01
1.46120828e-01
1.53995501e-01
1.61758058e-01
1.69433482e-01
1.77033019e-01
1.84557478e-01
1.92000344e-01
1.99350640e-01
2.06595021e-01
2.13719337e-01
2.20709418e-01
2.27551464e-01
2.34231894e-01
2.40737023e-01
2.47052449e-01
2.53162455e-01
2.59049296e-01
2.64692609e-01
2.70068840e-01
2.75150836e-01
2.79907544e-01
2.84303896e-01
2.88300840e-01
2.91855546e-01
2.94921768e-01
2.97450297e-01
2.99389533e-01
3.00685986e-01
3.01284752e-01
3.01129690e-01
3.00163347e-01
2.98326296e-01
2.95556045e-01
2.91785211e-01
2.86939399e-01
2.80934737e-01
2.73675981e-01
2.65055612e-01
2.54955281e-01
2.43250305e-01
2.29818482e-01
2.14553349e-01
1.97382164e-01
1.78287507e-01
1.57331724e-01
1.34682592e-01
1.10638796e-01
8.56503049e-02
6.03199279e-02
3.53521988e-02
1.13810529e-02
8.65119245e-03
2.46683255e-02
3.97969270e-02
5.41111321e-02
6.75785604e-02
8.01487624e-02
9.18035382e-02
1.02571003e-01
1.12520526e-01
1.21750390e-01
1.30373961e-01
1.38507419e-01
1.46259878e-01
1.53726626e-01
1.60985112e-01
1.68093768e-01
1.75092750e-01
1.82006328e-01
1.88845885e-01
1.95613280e-01
2.02303806e-01
2.08908795e-01
2.15417432e-01
2.21818099e-01
2.28098999e-01
2.34248473e-01
2.40254851e-01
2.46106188e-01
2.51789783e-01
2.57291727e-01
2.62596401e-01
2.67686100e-01
2.72540718e-01
2.77137599e-01
2.81451497e-01
2.85454704e-01
2.89117288e-01
2.92407393e-01
2.95291590e-01
2.97735080e-01
2.99701737e-01
3.01153685e-01
3.02050366e-01
3.02346728e-01
3.01990553e-01
3.00918609e-01
2.99051966e-01
2.96290495e-01
2.92507537e-01
2.87545457e-01
2.81213893e-01
2.73292000e-01
2.63536799e-01
2.51698542e-01
2.37543972e-01
2.20886317e-01
2.01620179e-01
1.79757212e-01
1.55457981e-01
1.29053399e-01
1.01047533e-01
7.20885554e-02
4.28896267e-02
1.40730513e-02
1.03721977e-02
2.91080993e-02
4.62395063e-02
6.19559830e-02
7.63595257e-02
8.95138831e-02
1.01484455e-01
1.12356662e-01
1.22239187e-01
1.31258575e-01
1.39550415e-01
1.47249813e-01
1.54483209e-01
1.61362095e-01
1.67979316e-01
1.74407549e-01
1.80699979e-01
1.86892269e-01
1.93005590e-01
1.99049798e-01
2.05026665e-01
2.10932527e-01
2.16760525e-01
2.22502099e-01
2.28148064e-01
2.33689085e-01
2.39115917e-01
2.44419285e-01
2.49589708e-01
2.54617180e-01
2.59490924e-01
2.64199149e-01
2.68728959e-01
2.73066360e-01
2.77196419e-01
2.81103546e-01
2.84771856e-01
2.88185563e-01
2.91329244e-01
2.94187892e-01
2.96746433e-01
2.98988585e-01
3.00894604e-01
3.02437801e-01
3.03579381e-01
3.04261747e-01
3.04400177e-01
3.03873704e-01
3.02515944e-01
3.00107818e-01
2.96373901e-01
2.90985210e-01
2.83570388e-01
2.73737467e-01
2.61106407e-01
2.45351544e-01
2.26250016e-01
2.03730437e-01
1.77913129e-01
1.49132241e-01
1.17928719e-01
8.50039911e-02
5.11271033e-02
1.69905860e-02
1.20838438e-02
3.35910686e-02
5.28264916e-02
7.00486637e-02
8.54610521e-02
9.92300426e-02
1.11508451e-01
1.22449902e-01
1.32213989e-01
1.40965024e-01
1.48866973e-01
1.56077201e-01
1.62740317e-01
1.68983494e-01
1.74913415e-01
1.80615343e-01
1.86153739e-01
1.91574402e-01
1.96907268e-01
2.02169742e-01
2.07369792e-01
2.12508882e-01
2.17584224e-01
2.22590641e-01
2.27521736e-01
2.32370746e-01
2.37130907e-01
2.41795673e-01
2.46358675e-01
2.50813699e-01
2.55154594e-01
2.59375311e-01
2.63470008e-01
2.67433329e-01
2.71260819e-01
2.74949468e-01
2.78498334e-01
2.81909117e-01
2.85186560e-01
2.88338385e-01
2.91374541e-01
2.94305269e-01
2.97137717e-01
2.99870493e-01
3.02486054e-01
3.04940566e-01
3.07151776e-01
3.08985394e-01
3.10241730e-01
3.10644396e-01
3.09834167e-01
3.07370723e-01
3.02745716e-01
2.95409186e-01
2.84810764e-01
2.70454045e-01
2.51960181e-01
2.29132334e-01
2.02009833e-01
1.70897947e-01
1.36360028e-01
9.91620025e-02
6.01683488e-02
2.01946131e-02
1.38024966e-02
3.81352710e-02
5.95589045e-02
7.83738920e-02
9.48616740e-02
1.09278937e-01
1.21864661e-01
1.32846243e-01
1.42442589e-01
1.50863825e-01
1.58308817e-01
1.64961412e-01
1.70986821e-01
1.76528607e-01
1.81707152e-01
1.86619393e-01
1.91340127e-01
1.95924197e-01
2.00409576e-01
2.04820542e-01
2.09170992e-01
2.13467265e-01
2.17710670e-01
2.21899344e-01
2.26029749e-01
2.30097597e-01
2.34098546e-01
2.38028529e-01
2.41884034e-01
2.45662222e-01
2.49361157e-01
2.52980036e-01
2.56519634e-01
2.59982862e-01
2.63375555e-01
2.66707383e-01
2.69992861e-01
2.73252299e-01
2.76512454e-01
2.79806627e-01
2.83173682e-01
2.86655606e-01
2.90292854e-01
2.94117113e-01
2.98140827e-01
3.02343607e-01
3.06655616e-01
3.10939260e-01
3.14970688e-01
3.18424010e-01
3.20861132e-01
3.21731254e-01
3.20383393e-01
3.16095607e-01
3.08122548e-01
2.95761350e-01
2.78431297e-01
2.55758479e-01
2.27650601e-01
1.94343951e-01
1.56403856e-01
1.14666288e-01
7.01202769e-02
2.37414795e-02
1.55451236e-02
4.27687798e-02
6.64575668e-02
8.69383662e-02
1.04555551e-01
1.19646892e-01
1.32535211e-01
1.43524861e-01
1.52900002e-01
1.60923344e-01
1.67834536e-01
1.73848556e-01
1.79154148e-01
1.83913014e-01
1.88259753e-01
1.92302981e-01
1.96127254e-01
1.99795924e-01
2.03354280e-01
2.06833040e-01
2.10251544e-01
2.13620805e-01
2.16945950e-01
2.20228340e-01
2.23467057e-01
2.26660133e-01
2.29805296e-01
2.32900621e-01
2.35944911e-01
2.38938150e-01
2.41881894e-01
2.44779870e-01
2.47638682e-01
2.50468808e-01
2.53285787e-01
2.56111651e-01
2.58976470e-01
2.61919836e-01
2.64992039e-01
2.68254448e-01
2.71778639e-01
2.75643438e-01
2.79929261e-01
2.84708836e-01
2.90033949e-01
2.95917895e-01
3.02314383e-01
3.09093925e-01
3.16020158e-01
3.22728626e-01
3.28711891e-01
3.33314593e-01
3.35743165e-01
3.35094210e-01
3.30405563e-01
3.20731217e-01
3.05237820e-01
2.83313252e-01
2.54670564e-01
2.19423045e-01
1.78104554e-01
1.31614900e-01
8.10865021e-02
2.76843499e-02
1.73300630e-02
4.75277515e-02
7.35586442e-02
9.57671661e-02
1.14552545e-01
1.30328704e-01
1.43501646e-01
1.54455475e-01
1.63544692e-01
1.71090267e-01
1.77378106e-01
1.82658653e-01
1.87147490e-01
1.91026438e-01
1.94445502e-01
1.97525282e-01
2.00360118e-01
2.03021448e-01
2.05561549e-01
2.08017057e-01
2.10412459e-01
2.12763033e-01
2.15077517e-01
2.17360149e-01
2.19612411e-01
2.21834234e-01
2.24025046e-01
2.26184463e-01
2.28312995e-01
2.30412609e-01
2.32487485e-01
2.34544834e-01
2.36596042e-01
2.38658056e-01
2.40755142e-01
2.42920919e-01
2.45200623e-01
2.47653356e-01
2.50353979e-01
2.53394123e-01
2.56881527e-01
2.60936883e-01
2.65687022e-01
2.71253690e-01
2.77737078e-01
2.85194327e-01
2.93613533e-01
3.02885188e-01
3.12773112e-01
3.22888122e-01
3.32667371e-01
3.41363577e-01
3.48048401e-01
3.51635960e-01
3.50932072e-01
3.44714422e-01
3.31843956e-01
3.11400608e-01
2.82824552e-01
2.46032980e-01
2.01474843e-01
1.50090761e-01
9.31640732e-02
3.20743471e-02
1.91780597e-02
5.24567376e-02
8.09121050e-02
1.04901591e-01
1.24876864e-01
1.41328028e-01
1.54746593e-01
1.65600714e-01
1.74320467e-01
1.81290655e-01
1.86848402e-01
1.91283873e-01
1.94842551e-01
1.97728617e-01
2.00108702e-01
2.02116117e-01
2.03855063e-01
2.05405037e-01
2.06824928e-01
2.08157038e-01
2.09430555e-01
2.10664763e-01
2.11871600e-01
2.13057915e-01
2.14227131e-01
2.15380707e-01
2.16519157e-01
2.17643037e-01
2.18753693e-01
2.19854166e-01
2.20950089e-01
2.22050920e-01
2.23171406e-01
2.24333529e-01
2.25568847e-01
2.26921323e-01
2.28450484e-01
2.30234683e-01
2.32374036e-01
2.34992298e-01
2.38236763e-01
2.42274870e-01
2.47286316e-01
2.53449370e-01
2.60920975e-01
2.69810729e-01
2.80150328e-01
2.91860331e-01
3.04717056e-01
3.18321701e-01
3.32074403e-01
3.45155827e-01
3.56521126e-01
3.64912670e-01
3.68900896e-01
3.66962361e-01
3.57601644e-01
3.39514194e-01
3.11772843e-01
2.74001340e-01
2.26483490e-01
1.70154362e-01
1.06441606e-01
3.69613943e-02
2.11136516e-02
5.76104866e-02
8.85824281e-02
1.14398485e-01
1.35565758e-01
1.52655885e-01
1.66252510e-01
1.76914715e-01
1.85154869e-01
1.91427503e-01
1.96126050e-01
1.99584291e-01
2.02080645e-01
2.03843598e-01
2.05057757e-01
2.05869724e-01
2.06393888e-01
2.06717655e-01
2.06906389e-01
2.07007645e-01
2.07055046e-01
2.07071425e-01
2.07071620e-01
2.07064606e-01
2.07055375e-01
2.07046307e-01
2.07038435e-01
2.07032407e-01
2.07029520e-01
2.07032686e-01
2.07047689e-01
2.07084632e-01
2.07159908e-01
2.07298627e-01
2.07537744e-01
2.07929793e-01
2.08547221e-01
2.09486995e-01
2.10874948e-01
2.12868958e-01
2.15659578e-01
2.19466506e-01
2.24529029e-01
2.31089229e-01
2.39367473e-01
2.49531529e-01
2.61661505e-01
2.75713824e-01
2.91486189e-01
3.08584946e-01
3.26394791e-01
3.44052259e-01
3.60426281e-01
3.74113998e-01
3.83463786e-01
3.86641261e-01
3.81752277e-01
3.67029106e-01
3.41066856e-01
3.03070454e-01
2.53043553e-01
1.91837665e-01
1.20998095e-01
4.23950596e-02
2.31669989e-02
6.30571373e-02
9.66510349e-02
1.24330983e-01
1.46668332e-01
1.64328053e-01
1.77997873e-01
1.88338612e-01
1.95953819e-01
2.01374874e-01
2.05056782e-01
2.07380886e-01
2.08661144e-01
2.09152180e-01
2.09057520e-01
2.08537640e-01
2.07717142e-01
2.06691291e-01
2.05531531e-01
2.04290374e-01
2.03005356e-01
2.01702500e-01
2.00398992e-01
1.99105529e-01
1.97828048e-01
1.96569301e-01
1.95330017e-01
1.94110089e-01
1.92909576e-01
1.91729950e-01
1.90575446e-01
1.89454906e-01
1.88384092e-01
1.87388806e-01
1.86508811e-01
1.85802793e-01
1.85354185e-01
1.85277653e-01
1.85725484e-01
1.86892607e-01
1.89018331e-01
1.92382247e-01
1.97291911e-01
2.04060710e-01
2.12976747e-01
2.24265731e-01
2.38052826e-01
2.54327046e-01
2.72909558e-01
2.93423467e-01
3.15262109e-01
3.37553706e-01
3.59125234e-01
3.78473732e-01
3.93761091e-01
4.02853991e-01
4.03434017e-01
3.93196299e-01
3.70135655e-01
3.32881969e-01
2.81000663e-01
2.15138448e-01
1.36902375e-01
4.84255834e-02
2.53764403e-02
6.88829225e-02
1.05220426e-01
1.34790210e-01
1.58244297e-01
1.76360881e-01
1.89950771e-01
1.99792288e-01
2.06592309e-01
2.10967667e-01
2.13440912e-01
2.14444702e-01
2.14330961e-01
2.13381686e-01
2.11820019e-01
2.09820350e-01
2.07517395e-01
2.05013789e-01
2.02386631e-01
1.99692713e-01
1.96972970e-01
1.94255912e-01
1.91560548e-01
1.88898572e-01
1.86276267e-01
1.83695901e-01
1.81157057e-01
1.78657678e-01
1.76195258e-01
1.73768029e-01
1.71376578e-01
1.69025829e-01
1.66727864e-01
1.64505625e-01
1.62397948e-01
1.60466006e-01
1.58801349e-01
1.57535172e-01
1.56847979e-01
1.56977671e-01
1.58222881e-01
1.60937377e-01
1.65511522e-01
1.72339660e-01
1.81777077e-01
1.94095273e-01
2.09444335e-01
2.27826499e-01
2.49076760e-01
2.72842203e-01
2.98551250e-01
3.25368911e-01
3.52139513e-01
3.77326529e-01
3.98967291e-01
4.14670974e-01
4.21695642e-01
4.17140729e-01
3.98272988e-01
3.62960539e-01
3.10120295e-01
2.40014824e-01
1.54213398e-01
5.51055081e-02
2.77920954e-02
7.51988810e-02
1.14419963e-01
1.45887619e-01
1.70361690e-01
1.88764670e-01
2.02058549e-01
2.11161497e-01
2.16899708e-01
2.19986201e-01
2.21017592e-01
2.20481679e-01
2.18770159e-01
2.16193202e-01
2.12993481e-01
2.09358967e-01
2.05433715e-01
2.01327009e-01
1.97120619e-01
1.92874806e-01
1.88632915e-01
1.84425162e-01
1.80271440e-01
1.76183679e-01
1.72167527e-01
1.68223859e-01
1.64349856e-01
1.60540128e-01
1.56787671e-01
1.53085136e-01
1.49426301e-01
1.45808276e-01
1.42234504e-01
1.38719226e-01
1.35293660e-01
1.32014655e-01
1.28976075e-01
1.26323073e-01
1.24268094e-01
1.23105519e-01
1.23218609e-01
1.25069587e-01
1.29164672e-01
1.35994767e-01
1.45967770e-01
1.59356899e-01
1.76280337e-01
1.96705612e-01
2.20458516e-01
2.47216820e-01
2.76478813e-01
3.07504195e-01
3.39231115e-01
3.70178046e-01
3.98348808e-01
4.21171533e-01
4.35518530e-01
4.37863536e-01
4.24624631e-01
3.92695084e-01
3.40072805e-01
2.66379264e-01
1.72981804e-01
6.24923328e-02
3.04811428e-02
8.21502399e-02
1.24413499e-01
1.57757044e-01
1.83092147e-01
2.01532410e-01
2.14231489e-01
2.22277863e-01
2.26637859e-01
2.28133492e-01
2.27442720e-01
2.25111893e-01
2.21573774e-01
2.17166525e-01
2.12151648e-01
2.06729456e-01
2.01052142e-01
1.95234189e-01
1.89360804e-01
1.83494346e-01
1.77679463e-01
1.71946871e-01
1.66316399e-01
1.60799122e-01
1.55399130e-01
1.50114690e-01
1.44939294e-01
1.39862344e-01
1.34869953e-01
1.29945686e-01
1.25071778e-01
1.20230828e-01
1.15408705e-01
1.10599041e-01
1.05810502e-01
1.01077917e-01
9.64792080e-02
9.21596803e-02
8.83644343e-02
8.54744869e-02
8.40311369e-02
8.47167039e-02
8.82587617e-02
9.52726145e-02
1.06131994e-01
1.20953915e-01
1.39678175e-01
1.62155540e-01
1.88188624e-01
2.17520129e-01
2.49780375e-01
2.84403551e-01
3.20515697e-01
3.56798364e-01
3.91339345e-01
4.21499524e-01
4.43848755e-01
4.54249454e-01
4.48175049e-01
4.21315651e-01
3.70413758e-01
2.94091232e-01
1.93253223e-01
7.06530115e-02
3.35356691e-02
8.99295856e-02
1.35408658e-01
1.70555016e-01
1.96500755e-01
2.14620467e-01
2.26316464e-01
2.32888299e-01
2.35468446e-01
2.35002965e-01
2.32258573e-01
2.27843106e-01
2.22230552e-01
2.15786054e-01
2.08788160e-01
2.01447742e-01
1.93923189e-01
1.86332584e-01
1.78762977e-01
1.71277659e-01
1.63921490e-01
1.56725060e-01
1.49707587e-01
1.42879174e-01
1.36242216e-01
1.29792478e-01
1.23519547e-01
1.17407150e-01
1.11433031e-01
1.05568874e-01
9.97800581e-02
9.40258370e-02
8.82599662e-02
8.24327607e-02
7.64953419e-02
7.04084808e-02
6.41597481e-02
5.77975426e-02
5.14984166e-02
4.56973837e-02
4.13006884e-02
3.98329579e-02
4.29588946e-02
5.13523658e-02
6.45432346e-02
8.18232571e-02
1.02741766e-01
1.27097251e-01
1.54816950e-01
1.85850580e-01
2.20077463e-01
2.57206095e-01
2.96649059e-01
3.37361960e-01
3.77646975e-01
4.14941332e-01
4.45644656e-01
4.65081547e-01
4.67732986e-01
4.47862413e-01
4.00555584e-01
3.22946017e-01
2.15073887e-01
7.96714126e-02
3.70847240e-02
9.87952281e-02
1.47667154e-01
1.84455879e-01
2.10625388e-01
2.27914825e-01
2.38054450e-01
2.42607835e-01
2.42905235e-01
2.40033240e-01
2.34854496e-01
2.28039983e-01
2.20104011e-01
2.11436529e-01
2.02330915e-01
1.93006482e-01
1.83626408e-01
1.74311443e-01
1.65150515e-01
1.56208551e-01
1.47532480e-01
1.39155487e-01
1.31100258e-01
1.23381063e-01
1.16005268e-01
1.08973957e-01
1.02282175e-01
9.59183967e-02
8.98636961e-02
8.40902473e-02
7.85596734e-02
7.32209667e-02
6.80086177e-02
6.28407911e-02
5.76183098e-02
5.22244213e-02
4.65264463e-02
4.03803770e-02
3.36435446e-02
2.62132805e-02
1.81891133e-02
1.09185747e-02
1.17119439e-02
2.25152884e-02
3.73947950e-02
5.51449780e-02
7.57453135e-02
9.93842377e-02
1.26291098e-01
1.56675101e-01
1.90671012e-01
2.28263785e-01
2.69173882e-01
3.12687980e-01
3.57425098e-01
4.01046209e-01
4.39951493e-01
4.69069758e-01
4.81916611e-01
4.71142669e-01
4.29723509e-01
3.52655130e-01
2.38498561e-01
8.96607401e-02
4.13132857e-02
1.09096644e-01
1.61513506e-01
1.99634954e-01
2.25435622e-01
2.41172292e-01
2.49011422e-01
2.50847557e-01
2.48245121e-01
2.42448221e-01
2.34421150e-01
2.24898324e-01
2.14432373e-01
2.03436025e-01
1.92216223e-01
1.81001181e-01
1.69961106e-01
1.59224110e-01
1.48888058e-01
1.39029598e-01
1.29710694e-01
1.20983521e-01
1.12893601e-01
1.05481716e-01
9.87841416e-02
9.28315741e-02
8.76462519e-02
8.32379091e-02
7.95986768e-02
7.66983995e-02
7.44812449e-02
7.28652331e-02
7.17448072e-02
7.09965685e-02
7.04868380e-02
7.00805193e-02
6.96505448e-02
6.90889445e-02
6.83210258e-02
6.73261323e-02
6.61690948e-02
6.50473888e-02
6.43541861e-02
6.47405282e-02
6.71223875e-02
7.25545195e-02
8.19765395e-02
9.60078091e-02
1.14950443e-01
1.38926993e-01
1.67989093e-01
2.02127341e-01
2.41186145e-01
2.84690675e-01
3.31579156e-01
3.79833468e-01
4.26030895e-01
4.64908607e-01
4.89143752e-01
4.89671071e-01
4.56884699e-01
3.82808546e-01
2.63599689e-01
1.00784158e-01
4.64931205e-02
1.21308632e-01
1.77335305e-01
2.16225207e-01
2.40753247e-01
2.53918102e-01
2.58466962e-01
2.56706246e-01
2.50473883e-01
2.41186918e-01
2.29915166e-01
2.17455968e-01
2.04399993e-01
1.91184876e-01
1.78137431e-01
1.65505844e-01
1.53484055e-01
1.42229630e-01
1.31876604e-01
1.22543513e-01
1.14337066e-01
1.07350811e-01
1.01659165e-01
9.73073214e-02
9.43000662e-02
9.25932516e-02
9.20924368e-02
9.26599403e-02
9.41286636e-02
9.63178394e-02
9.90467362e-02
1.02143677e-01
1.05450563e-01
1.08823770e-01
1.12133211e-01
1.15260646e-01
1.18098467e-01
1.20549533e-01
1.22528942e-01
1.23968368e-01
1.24824291e-01
1.25091599e-01
1.24825188e-01
1.24172604e-01
1.23421107e-01
1.23059294e-01
1.23843116e-01
1.26833361e-01
1.33346006e-01
1.44770355e-01
1.62303760e-01
1.86745849e-01
2.18431652e-01
2.57215905e-01
3.02354376e-01
3.52186790e-01
4.03608049e-01
4.51401665e-01
4.87644283e-01
5.01591495e-01
4.80633446e-01
4.12799969e-01
2.90472700e-01
1.13289488e-01
5.30345802e-02
1.36073704e-01
1.95557045e-01
2.34217775e-01
2.56100705e-01
2.65269642e-01
2.65238198e-01
2.58816616e-01
2.48154653e-01
2.34855072e-01
2.20097130e-01
2.04746152e-01
1.89442181e-01
1.74668487e-01
1.60802383e-01
1.48151208e-01
1.36974592e-01
1.27493474e-01
1.19885338e-01
1.14267743e-01
1.10676201e-01
1.09048235e-01
1.09224692e-01
1.10972011e-01
1.14017227e-01
1.18082921e-01
1.22912205e-01
1.28281447e-01
1.34002956e-01
1.39921792e-01
1.45909805e-01
1.51859186e-01
1.57676389e-01
1.63277050e-01
1.68581834e-01
1.73513366e-01
1.77994068e-01
1.81945061e-01
1.85286089e-01
1.87936833e-01
1.89819875e-01
1.90866142e-01
1.91023820e-01
1.90272702e-01
1.88646729e-01
1.86269231e-01
1.83406844e-01
1.80548664e-01
1.78511707e-01
1.78552701e-01
1.82418477e-01
1.92213557e-01
2.10001241e-01
2.37255698e-01
2.74423773e-01
3.20645333e-01
3.73383601e-01
4.27742911e-01
4.75542542e-01
5.04590751e-01
4.99009567e-01
4.41678736e-01
3.19222351e-01
1.27568206e-01
6.15762418e-02
1.54242637e-01
2.16543543e-01
2.53245066e-01
2.70417334e-01
2.73640241e-01
2.67418466e-01
2.55160921e-01
2.39363616e-01
2.21830213e-01
2.03868409e-01
1.86445423e-01
1.70302581e-01
1.56031471e-01
1.44112640e-01
1.34915901e-01
1.28667823e-01
1.25407064e-01
1.24963592e-01
1.26988964e-01
1.31031222e-01
1.36619028e-01
1.43323289e-01
1.50786440e-01
1.58726995e-01
1.66930787e-01
1.75237727e-01
1.83528537e-01
1.91713395e-01
1.99722737e-01
2.07500107e-01
2.14996555e-01
2.22166332e-01
2.28963465e-01
2.35339117e-01
2.41239477e-01
2.46604204e-01
2.51365305e-01
2.55446579e-01
2.58763604e-01
2.61224573e-01
2.62732157e-01
2.63187013e-01
2.62493698e-01
2.60570528e-01
2.57365758e-01
2.52884373e-01
2.47232460e-01
2.40690494e-01
2.33831283e-01
2.27697198e-01
2.24024075e-01
2.25405696e-01
2.35126791e-01
2.56365244e-01
2.90923612e-01
3.38142529e-01
3.94180239e-01
4.51137538e-01
4.95853653e-01
5.09227855e-01
4.67861736e-01
3.49887778e-01
1.44256055e-01
7.31422922e-02
1.76870390e-01
2.40326004e-01
2.72123486e-01
2.81543064e-01
2.76274122e-01
2.62058834e-01
2.42994476e-01
2.21967172e-01
2.01036658e-01
1.81726058e-01
1.65208931e-01
1.52387508e-01
1.43862425e-01
1.39835275e-01
1.40049249e-01
1.43866077e-01
1.50460849e-01
1.59019636e-01
1.68856153e-01
1.79444691e-01
1.90405474e-01
2.01473932e-01
2.12470208e-01
2.23274306e-01
2.33807496e-01
2.44018805e-01
2.53875352e-01
2.63355331e-01
2.72442873e-01
2.81124158e-01
2.89384410e-01
2.97205472e-01
3.04563819e-01
3.11428848e-01
3.17761440e-01
3.23512676e-01
3.28622790e-01
3.33020279e-01
3.36621298e-01
3.39329335e-01
3.41035350e-01
3.41618530e-01
3.40948057e-01
3.38886457e-01
3.35295689e-01
3.30047902e-01
3.23044645e-01
3.14251309e-01
3.03759543e-01
2.91900237e-01
2.79443964e-01
2.67933165e-01
2.60138692e-01
2.60384768e-01
2.73985204e-01
3.05059876e-01
3.53630098e-01
4.13736167e-01
4.72228932e-01
5.07330428e-01
4.88592506e-01
3.82195956e-01
1.64398278e-01
8.94113773e-02
2.05018466e-01
2.65897136e-01
2.87922982e-01
2.85345097e-01
2.68667129e-01
2.45113584e-01
2.19592618e-01
1.95534062e-01
1.75450630e-01
1.61166796e-01
1.53711059e-01
1.53077702e-01
1.58270399e-01
1.67768401e-01
1.80067302e-01
1.93970598e-01
2.08634878e-01
2.23504591e-01
2.38228950e-01
2.52594308e-01
2.66476434e-01
2.79808639e-01
2.92560849e-01
3.04725869e-01
3.16310235e-01
3.27328029e-01
3.37796568e-01
3.47733297e-01
3.57153464e-01
3.66068278e-01
3.74483388e-01
3.82397553e-01
3.89801434e-01
3.96676468e-01
4.02993777e-01
4.08713140e-01
4.13781968e-01
4.18134354e-01
4.21690142e-01
4.24354094e-01
4.26015132e-01
4.26545757e-01
4.25801674e-01
4.23621872e-01
4.19829439e-01
4.14233874e-01
4.06636269e-01
3.96840292e-01
3.84674867e-01
3.70040855e-01
3.53006857e-01
3.34004689e-01
3.14217166e-01
2.96283397e-01
2.85283455e-01
2.89062694e-01
3.15474712e-01
3.66075744e-01
4.31168465e-01
4.87934533e-01
4.98994725e-01
4.14872240e-01
1.89681140e-01
1.13104895e-01
2.38885439e-01
2.89500444e-01
2.94215886e-01
2.74593089e-01
2.44694772e-01
2.13593938e-01
1.87435482e-01
1.70426325e-01
1.64610223e-01
1.69303478e-01
1.81784803e-01
1.98969794e-01
2.18478341e-01
2.38783395e-01
2.58991463e-01
2.78609056e-01
2.97380774e-01
3.15190114e-01
3.32000937e-01
3.47823069e-01
3.62691909e-01
3.76656194e-01
3.89770536e-01
4.02090797e-01
4.13671153e-01
4.24562178e-01
4.34809524e-01
4.44452948e-01
4.53525529e-01
4.62052972e-01
4.70052945e-01
4.77534402e-01
4.84496879e-01
4.90929747e-01
4.96811424e-01
5.02108530e-01
5.06775014e-01
5.10751221e-01
5.13962930e-01
5.16320322e-01
5.17716905e-01
5.18028320e-01
5.17111047e-01
5.14800921e-01
5.10911475e-01
5.05232093e-01
4.97526219e-01
4.87530190e-01
4.74954412e-01
4.59490931e-01
4.40837356e-01
4.18760523e-01
3.93255112e-01
3.64923409e-01
3.35838891e-01
3.11261151e-01
3.01737663e-01
3.21119962e-01
3.74426847e-01
4.44924086e-01
4.90674886e-01
4.43900215e-01
2.22563969e-01
1.48120301e-01
2.74813650e-01
3.00830837e-01
2.78698269e-01
2.39995460e-01
2.03579767e-01
1.81264547e-01
1.78271501e-01
1.91932334e-01
2.15476147e-01
2.43210195e-01
2.71831521e-01
2.99706047e-01
3.26103778e-01
3.50750068e-01
3.73594440e-01
3.94694246e-01
4.14155800e-01
4.32104308e-01
4.48668513e-01
4.63972957e-01
4.78134269e-01
4.91259551e-01
5.03445869e-01
5.14780267e-01
5.25340019e-01
5.35192939e-01
5.44397669e-01
5.53003870e-01
5.61052327e-01
5.68574929e-01
5.75594532e-01
5.82124718e-01
5.88169433e-01
5.93722544e-01
5.98767288e-01
6.03275651e-01
6.07207655e-01
6.10510586e-01
6.13118119e-01
6.14949364e-01
6.15907763e-01
6.15879822e-01
6.14733549e-01
6.12316516e-01
6.08453308e-01
6.02942126e-01
5.95550152e-01
5.86007278e-01
5.73997702e-01
5.59149329e-01
5.41022025e-01
5.19099744e-01
4.92802488e-01
4.61565031e-01
4.25114313e-01
3.84303917e-01
3.43371500e-01
3.14715014e-01
3.21435393e-01
3.77082916e-01
4.50871336e-01
4.58614876e-01
2.65378295e-01
1.96752111e-01
2.96360952e-01
2.77438782e-01
2.28925555e-01
1.96715585e-01
1.99824813e-01
2.30015363e-01
2.70922117e-01
3.13097148e-01
3.52847984e-01
3.89056464e-01
4.21604864e-01
4.50736909e-01
4.76804772e-01
5.00170131e-01
5.21167682e-01
5.40094263e-01
5.57208263e-01
5.72732866e-01
5.86860368e-01
5.99756486e-01
6.11564181e-01
6.22406943e-01
6.32391488e-01
6.41609962e-01
6.50141697e-01
6.58054586e-01
6.65406142e-01
6.72244269e-01
6.78607808e-01
6.84526874e-01
6.90023017e-01
6.95109229e-01
6.99789831e-01
7.04060224e-01
7.07906566e-01
7.11305337e-01
7.14222845e-01
7.16614637e-01
7.18424846e-01
7.19585423e-01
7.20015261e-01
7.19619108e-01
7.18286227e-01
7.15888599e-01
7.12278508e-01
7.07285103e-01
7.00709476e-01
6.92317437e-01
6.81828869e-01
6.68901917e-01
6.53109642e-01
6.33905949e-01
6.10577824e-01
5.82184858e-01
5.47505857e-01
5.05082202e-01
4.53694269e-01
3.94439554e-01
3.37851425e-01
3.18020708e-01
3.70613978e-01
4.35087328e-01
3.14574500e-01
2.39918690e-01
2.59653580e-01
2.21320716e-01
2.43757863e-01
3.08157244e-01
3.76889155e-01
4.37691502e-01
4.88958644e-01
5.31801202e-01
5.67749314e-01
5.98166688e-01
6.24147757e-01
6.46543419e-01
6.66011577e-01
6.83063708e-01
6.98101531e-01
7.11444328e-01
7.23348931e-01
7.34024304e-01
7.43642238e-01
7.52345243e-01
7.60252452e-01
7.67464047e-01
7.74064628e-01
7.80125762e-01
7.85707940e-01
7.90862053e-01
7.95630500e-01
8.00048012e-01
8.04142228e-01
8.07934090e-01
8.11438071e-01
8.14662273e-01
8.17608417e-01
8.20271743e-01
8.22640826e-01
8.24697337e-01
8.26415738e-01
8.27762931e-01
8.28697850e-01
8.29170986e-01
8.29123824e-01
8.28488147e-01
8.27185123e-01
8.25124085e-01
8.22200794e-01
8.18294921e-01
8.13266320e-01
8.06949408e-01
7.99144597e-01
7.89605086e-01
7.78016223e-01
7.63962887e-01
7.46877197e-01
7.25953791e-01
7.00011997e-01
6.67275527e-01
6.25048464e-01
5.69390070e-01
4.95615747e-01
4.03973176e-01
3.26544172e-01
3.45466700e-01
3.37320371e-01
1.74351644e-01
3.57780757e-01
5.17309103e-01
6.27074505e-01
6.99931933e-01
7.49418994e-01
7.84394067e-01
8.10161356e-01
8.29870428e-01
8.45429317e-01
8.58031711e-01
8.68452487e-01
8.77213908e-01
8.84680736e-01
8.91116114e-01
8.96715347e-01
9.01627011e-01
9.05966523e-01
9.09825159e-01
9.13276180e-01
9.16379123e-01
9.19182854e-01
9.21727784e-01
9.24047496e-01
9.26169959e-01
9.28118422e-01
9.29912095e-01
9.31566636e-01
9.33094520e-01
9.34505292e-01
9.35805730e-01
9.36999954e-01
9.38089466e-01
9.39073154e-01
9.39947258e-01
9.40705304e-01
9.41338021e-01
9.41833234e-01
9.42175749e-01
9.42347207e-01
9.42325930e-01
9.42086728e-01
9.41600650e-01
9.40834659e-01
9.39751161e-01
9.38307320e-01
9.36454031e-01
9.34134351e-01
9.31281097e-01
9.27813124e-01
9.23629481e-01
9.18600153e-01
9.12551045e-01
9.05239079e-01
8.96309535e-01
8.85220148e-01
8.71099456e-01
8.52467311e-01
8.26648767e-01
7.88484210e-01
7.27538972e-01
6.23489345e-01
4.48931584e-01
2.27895330e-01
SCALARS pressure double 1
LOOKUP_TABLE default
-1.21576596e+00
-1.21652575e+00
-1.21690620e+00
-1.21723643e+00
-1.21754350e+00
-1.21782792e+00
-1.21808254e+00
-1.21829939e+00
-1.21847213e+00
-1.21859614e+00
-1.21866870e+00
-1.21868820e+00
-1.21865429e+00
-1.21856708e+00
-1.21842739e+00
-1.21823610e+00
-1.21799451e+00
-1.21770371e+00
-1.21736516e+00
-1.21697999e+00
-1.21654970e+00
-1.21607547e+00
-1.21555889e+00
-1.21500132e+00
-1.21440462e+00
-1.21377045e+00
-1.21310110e+00
-1.21239875e+00
-1.21166627e+00
-1.21090648e+00
-1.21012296e+00
-1.20931927e+00
-1.20849979e+00
-1.20766886e+00
-1.20683163e+00
-1.20599322e+00
-1.20515946e+00
-1.20433609e+00
-1.20352948e+00
-1.20274579e+00
-1.20199165e+00
-1.20127330e+00
-1.20059726e+00
-1.19996947e+00
-1.19939587e+00
-1.19888157e+00
-1.19843144e+00
-1.19804920e+00
-1.19773802e+00
-1.19749968e+00
-1.19733504e+00
-1.19724329e+00
-1.19722238e+00
-1.19726828e+00
-1.19737528e+00
-1.19753529e+00
-1.19773788e+00
-1.19796932e+00
-1.19821193e+00
-1.19844182e+00
-1.19862533e+00
-1.19871064e+00
-1.19861125e+00
-1.19794288e+00
-1.21641600e+00
-1.21683399e+00
-1.21708750e+00
-1.21735175e+00
-1.21760977e+00
-1.21785155e+00
-1.21806823e+00
-1.21825227e+00
-1.21839746e+00
-1.21849947e+00
-1.21855511e+00
-1.21856270e+00
-1.21852116e+00
-1.21843046e+00
-1.21829066e+00
-1.21810259e+00
-1.21786681e+00
-1.21758454e+00
-1.21725656e+00
-1.21688425e+00
-1.21646850e+00
-1.21601084e+00
-1.21551233e+00
-1.21497472e+00
-1.21439933e+00
-1.21378831e+00
-1.21314339e+00
-1.21246721e+00
-1.21176209e+00
-1.21103129e+00
-1.21027778e+00
-1.20950557e+00
-1.20871834e+00
-1.20792083e+00
-1.20711746e+00
-1.20631364e+00
-1.20551444e+00
-1.20472584e+00
-1.20395335e+00
-1.20320330e+00
-1.20248142e+00
-1.20179405e+00
-1.20114679e+00
-1.20054558e+00
-1.19999544e+00
-1.19950145e+00
-1.19906755e+00
-1.19869744e+00
-1.19839340e+00
-1.19815718e+00
-1.19798890e+00
-1.19788778e+00
-1.19785117e+00
-1.19787521e+00
-1.19795388e+00
-1.19807950e+00
-1.19824184e+00
-1.19842826e+00
-1.19862265e+00
-1.19880504e+00
-1.19895039e+00
-1.19902922e+00
-1.19901515e+00
-1.19868971e+00
-1.21650120e+00
-1.21683898e+00
-1.21702429e+00
-1.21723949e+00
-1.21745869e+00
-1.21766670e+00
-1.21785334e+00
-1.21801071e+00
-1.21813315e+00
-1.21821619e+00
-1.21825707e+00
-1.21825360e+00
-1.21820495e+00
-1.21811037e+00
-1.21797013e+00
-1.21778425e+00
-1.21755360e+00
-1.21727854e+00
-1.21696028e+00
-1.21659934e+00
-1.21619714e+00
-1.21575438e+00
-1.21527272e+00
-1.21475309e+00
-1.21419749e+00
-1.21360719e+00
-1.21298467e+00
-1.21233169e+00
-1.21165129e+00
-1.21094584e+00
-1.21021905e+00
-1.20947395e+00
-1.20871495e+00
-1.20794580e+00
-1.20717158e+00
-1.20639669e+00
-1.20562680e+00
-1.20486683e+00
-1.20412288e+00
-1.20340016e+00
-1.20270491e+00
-1.20204238e+00
-1.20141858e+00
-1.20083840e+00
-1.20030720e+00
-1.19982904e+00
-1.19940816e+00
-1.19904728e+00
-1.19874901e+00
-1.19851420e+00
-1.19834329e+00
-1.19823480e+00
-1.19818649e+00
-1.19819404e+00
-1.19825207e+00
-1.19835295e+00
-1.19848764e+00
-1.19864466e+00
-1.19881078e+00
-1.19897043e+00
-1.19910715e+00
-1.19920584e+00
-1.19926094e+00
-1.19905782e+00
-1.21641317e+00
-1.21676256e+00
-1.21693115e+00
-1.21712360e+00
-1.21731927e+00
-1.21750439e+00
-1.21766902e+00
-1.21780622e+00
-1.21791047e+00
-1.21797820e+00
-1.21800640e+00
-1.21799358e+00
-1.21793829e+00
-1.21784034e+00
-1.21769918e+00
-1.21751538e+00
-1.21728883e+00
-1.21702054e+00
-1.21671064e+00
-1.21636041e+00
-1.21597015e+00
-1.21554141e+00
-1.21507468e+00
-1.21457184e+00
-1.21403369e+00
-1.21346253e+00
-1.21285959e+00
-1.21222768e+00
-1.21156860e+00
-1.21088578e+00
-1.21018164e+00
-1.20946030e+00
-1.20872483e+00
-1.20798005e+00
-1.20722971e+00
-1.20647921e+00
-1.20573289e+00
-1.20499665e+00
-1.20427523e+00
-1.20357478e+00
-1.20290021e+00
-1.20225761e+00
-1.20165171e+00
-1.20108819e+00
-1.20057118e+00
-1.20010545e+00
-1.19969409e+00
-1.19934051e+00
-1.19904624e+00
-1.19881283e+00
-1.19863977e+00
-1.19852631e+00
-1.19846952e+00
-1.19846591e+00
-1.19850982e+00
-1.19859482e+00
-1.19871233e+00
-1.19885298e+00
-1.19900565e+00
-1.19915901e+00
-1.19930185e+00
-1.19942610e+00
-1.19953014e+00
-1.19938842e+00
-1.21624132e+00
-1.21663298e+00
-1.21681433e+00
-1.21700485e+00
-1.21719162e+00
-1.21736417e+00
-1.21751496e+00
-1.21763787e+00
-1.21772888e+00
-1.21778450e+00
-1.21780285e+00
-1.21778202e+00
-1.21772151e+00
-1.21762033e+00
-1.21747880e+00
-1.21729643e+00
-1.21707403e+00
-1.21681136e+00
-1.21650954e+00
-1.21616851e+00
-1.21578964e+00
-1.21537304e+00
-1.21492040e+00
-1.21443209e+00
-1.21391019e+00
-1.21335544e+00
-1.21277041e+00
-1.21215634e+00
-1.21151638e+00
-1.21085237e+00
-1.21016812e+00
-1.20946611e+00
-1.20875084e+00
-1.20802546e+00
-1.20729512e+00
-1.20656359e+00
-1.20583658e+00
-1.20511834e+00
-1.20441496e+00
-1.20373098e+00
-1.20307260e+00
-1.20244437e+00
-1.20185223e+00
-1.20130036e+00
-1.20079407e+00
-1.20033674e+00
-1.19993253e+00
-1.19958358e+00
-1.19929246e+00
-1.19905956e+00
-1.19888543e+00
-1.19876835e+00
-1.19870645e+00
-1.19869566e+00
-1.19873152e+00
-1.19880753e+00
-1.19891681e+00
-1.19905082e+00
-1.19920106e+00
-1.19935848e+00
-1.19951551e+00
-1.19966658e+00
-1.19981047e+00
-1.19971520e+00
-1.21603714e+00
-1.21647999e+00
-1.21668856e+00
-1.21689090e+00
-1.21707974e+00
-1.21724881e+00
-1.21739251e+00
-1.21750700e+00
-1.21758881e+00
-1.21763606e+00
-1.21764668e+00
-1.21762011e+00
-1.21755513e+00
-1.21745196e+00
-1.21730986e+00
-1.21712951e+00
-1.21691039e+00
-1.21665348e+00
-1.21635839e+00
-1.21602636e+00
-1.21565710e+00
-1.21525214e+00
-1.21481141e+00
-1.21433678e+00
-1.21382850e+00
-1.21328889e+00
-1.21271866e+00
-1.21212069e+00
-1.21149621e+00
-1.21084876e+00
-1.21018020e+00
-1.20949476e+00
-1.20879496e+00
-1.20808572e+00
-1.20737022e+00
-1.20665399e+00
-1.20594078e+00
-1.20523660e+00
-1.20454562e+00
-1.20387409e+00
-1.20322636e+00
-1.20260861e+00
-1.20202505e+00
-1.20148143e+00
-1.20098139e+00
-1.20052982e+00
-1.20012935e+00
-1.19978353e+00
-1.19949356e+00
-1.19926120e+00
-1.19908578e+00
-1.19896693e+00
-1.19890185e+00
-1.19888782e+00
-1.19891988e+00
-1.19899306e+00
-1.19910054e+00
-1.19923575e+00
-1.19939104e+00
-1.19955975e+00
-1.19973563e+00
-1.19991474e+00
-1.20009522e+00
-1.20004295e+00
-1.21583263e+00
-1.21632756e+00
-1.21656987e+00
-1.21679183e+00
-1.21699063e+00
-1.21716269e+00
-1.21730534e+00
-1.21741582e+00
-1.21749271e+00
-1.21753424e+00
-1.21754005e+00
-1.21750902e+00
-1.21744145e+00
-1.21733654e+00
-1.21719499e+00
-1.21701612e+00
-1.21680086e+00
-1.21654858e+00
-1.21626041e+00
-1.21593574e+00
-1.21557593e+00
-1.21518052e+00
-1.21475118e+00
-1.21428769e+00
-1.21379213e+00
-1.21326466e+00
-1.21270790e+00
-1.21212251e+00
-1.21151172e+00
-1.21087681e+00
-1.21022168e+00
-1.20954828e+00
-1.20886124e+00
-1.20816318e+00
-1.20745940e+00
-1.20675316e+00
-1.20605033e+00
-1.20535471e+00
-1.20467255e+00
-1.20400795e+00
-1.20336731e+00
-1.20275476e+00
-1.20217649e+00
-1.20163632e+00
-1.20113977e+00
-1.20068995e+00
-1.20029129e+00
-1.19994570e+00
-1.19965610e+00
-1.19942278e+00
-1.19924673e+00
-1.19912633e+00
-1.19906039e+00
-1.19904528e+00
-1.19907763e+00
-1.19915199e+00
-1.19926326e+00
-1.19940490e+00
-1.19957113e+00
-1.19975571e+00
-1.19995398e+00
-1.20016207e+00
-1.20037827e+00
-1.20036740e+00
-1.21564927e+00
-1.21619451e+00
-1.21647261e+00
-1.21671860e+00
-1.21693196e+00
-1.21711212e+00
-1.21725775e+00
-1.21736847e+00
-1.21744326e+00
-1.21748233e+00
-1.21748496e+00
-1.21745181e+00
-1.21738226e+00
-1.21727721e+00
-1.21713600e+00
-1.21695964e+00
-1.21674736e+00
-1.21650028e+00
-1.21621756e+00
-1.21590044e+00
-1.21554812e+00
-1.21516208e+00
-1.21474169e+00
-1.21428878e+00
-1.21380302e+00
-1.21328673e+00
-1.21274003e+00
-1.21216585e+00
-1.21156486e+00
-1.21094067e+00
-1.21029461e+00
-1.20963102e+00
-1.20895194e+00
-1.20826244e+00
-1.20756523e+00
-1.20686604e+00
-1.20616822e+00
-1.20547800e+00
-1.20479919e+00
-1.20413830e+00
-1.20349939e+00
-1.20288896e+00
-1.20231093e+00
-1.20177143e+00
-1.20127391e+00
-1.20082364e+00
-1.20042315e+00
-1.20007643e+00
-1.19978466e+00
-1.19955012e+00
-1.19937228e+00
-1.19925139e+00
-1.19918503e+00
-1.19917133e+00
-1.19920603e+00
-1.19928540e+00
-1.19940383e+00
-1.19955644e+00
-1.19973725e+00
-1.19994149e+00
-1.20016430e+00
-1.20040253e+00
-1.20065387e+00
-1.20068296e+00
-1.21550276e+00
-1.21609542e+00
-1.21640955e+00
-1.21668125e+00
-1.21691233e+00
-1.21710342e+00
-1.21725562e+00
-1.21736909e+00
-1.21744497e+00
-1.21748329e+00
-1.21748532e+00
-1.21745090e+00
-1.21738134e+00
-1.21727621e+00
-1.21713675e+00
-1.21696225e+00
-1.21675390e+00
-1.21651075e+00
-1.21623401e+00
-1.21592262e+00
-1.21557794e+00
-1.21519895e+00
-1.21478728e+00
-1.21434212e+00
-1.21386556e+00
-1.21335714e+00
-1.21281951e+00
-1.21225274e+00
-1.21166014e+00
-1.21104243e+00
-1.21040364e+00
-1.20974520e+00
-1.20907191e+00
-1.20838594e+00
-1.20769281e+00
-1.20699540e+00
-1.20629985e+00
-1.20560961e+00
-1.20493129e+00
-1.20426872e+00
-1.20362867e+00
-1.20301512e+00
-1.20243465e+00
-1.20189099e+00
-1.20139016e+00
-1.20093522e+00
-1.20053114e+00
-1.20017991e+00
-1.19988502e+00
-1.19964696e+00
-1.19946739e+00
-1.19934502e+00
-1.19927946e+00
-1.19926760e+00
-1.19930706e+00
-1.19939317e+00
-1.19952203e+00
-1.19968809e+00
-1.19988682e+00
-1.20011288e+00
-1.20036230e+00
-1.20063126e+00
-1.20091755e+00
-1.20098495e+00
-1.21540504e+00
-1.21604229e+00
-1.21639134e+00
-1.21668956e+00
-1.21693952e+00
-1.21714394e+00
-1.21730445e+00
-1.21742340e+00
-1.21750186e+00
-1.21754196e+00
-1.21754428e+00
-1.21751075e+00
-1.21744140e+00
-1.21733788e+00
-1.21719973e+00
-1.21702837e+00
-1.21682287e+00
-1.21658451e+00
-1.21631211e+00
-1.21600693e+00
-1.21566769e+00
-1.21529584e+00
-1.21489017e+00
-1.21445250e+00
-1.21398191e+00
-1.21348072e+00
-1.21294846e+00
-1.21238808e+00
-1.21179973e+00
-1.21118709e+00
-1.21055101e+00
-1.20989596e+00
-1.20922355e+00
-1.20853904e+00
-1.20784480e+00
-1.20714683e+00
-1.20644817e+00
-1.20575541e+00
-1.20507213e+00
-1.20440528e+00
-1.20375875e+00
-1.20313953e+00
-1.20255151e+00
-1.20200134e+00
-1.20149251e+00
-1.20103089e+00
-1.20061916e+00
-1.20026197e+00
-1.19996072e+00
-1.19971844e+00
-1.19953494e+00
-1.19941128e+00
-1.19934553e+00
-1.19933671e+00
-1.19938116e+00
-1.19947612e+00
-1.19961665e+00
-1.19979876e+00
-1.20001702e+00
-1.20026716e+00
-1.20054429e+00
-1.20084493e+00
-1.20116585e+00
-1.20127045e+00
-1.21536593e+00
-1.21604486e+00
-1.21642767e+00
-1.21675192e+00
-1.21702171e+00
-1.21724017e+00
-1.21741095e+00
-1.21753636e+00
-1.21761961e+00
-1.21766224e+00
-1.21766698e+00
-1.21763460e+00
-1.21756732e+00
-1.21746513e+00
-1.21732982e+00
-1.21716068e+00
-1.21695919e+00
-1.21672415e+00
-1.21645686e+00
-1.21615584e+00
-1.21582246e+00
-1.21545516e+00
-1.21505555e+00
-1.21462226e+00
-1.21415733e+00
-1.21365977e+00
-1.21313219e+00
-1.21257416e+00
-1.21198901e+00
-1.21137699e+00
-1.21074224e+00
-1.21008576e+00
-1.20941253e+00
-1.20872437e+00
-1.20802707e+00
-1.20732321e+00
-1.20661928e+00
-1.20591855e+00
-1.20522802e+00
-1.20455144e+00
-1.20389607e+00
-1.20326586e+00
-1.20266799e+00
-1.20210625e+00
-1.20158730e+00
-1.20111439e+00
-1.20069322e+00
-1.20032604e+00
-1.20001714e+00
-1.19976741e+00
-1.19957935e+00
-1.19945218e+00
-1.19938640e+00
-1.19937948e+00
-1.19942996e+00
-1.19953371e+00
-1.19968762e+00
-1.19988653e+00
-1.20012629e+00
-1.20040149e+00
-1.20070788e+00
-1.20104073e+00
-1.20139667e+00
-1.20153774e+00
-1.21539352e+00
-1.21611177e+00
-1.21652662e+00
-1.21687657e+00
-1.21716589e+00
-1.21739942e+00
-1.21758078e+00
-1.21771435e+00
-1.21780282e+00
-1.21784990e+00
-1.21785726e+00
-1.21782791e+00
-1.21776246e+00
-1.21766328e+00
-1.21753003e+00
-1.21736453e+00
-1.21716573e+00
-1.21693507e+00
-1.21667101e+00
-1.21637487e+00
-1.21604489e+00
-1.21568251e+00
-1.21528598e+00
-1.21485708e+00
-1.21439433e+00
-1.21390004e+00
-1.21337321e+00
-1.21281683e+00
-1.21223053e+00
-1.21161810e+00
-1.21097994e+00
-1.21032071e+00
-1.20964163e+00
-1.20894823e+00
-1.20824258e+00
-1.20753101e+00
-1.20681637e+00
-1.20610566e+00
-1.20540238e+00
-1.20471394e+00
-1.20404426e+00
-1.20340090e+00
-1.20278783e+00
-1.20221239e+00
-1.20167826e+00
-1.20119206e+00
-1.20075678e+00
-1.20037790e+00
-1.20005726e+00
-1.19979879e+00
-1.19960283e+00
-1.19947143e+00
-1.19940323e+00
-1.19939822e+00
-1.19945334e+00
-1.19956663e+00
-1.19973357e+00
-1.19995061e+00
-1.20021229e+00
-1.20051416e+00
-1.20085055e+00
-1.20121692e+00
-1.20160841e+00
-1.20178639e+00
-1.21549507e+00
-1.21625029e+00
-1.21669596e+00
-1.21707048e+00
-1.21737948e+00
-1.21762774e+00
-1.21782077e+00
-1.21796251e+00
-1.21805778e+00
-1.21810931e+00
-1.21812105e+00
-1.21809447e+00
-1.21803261e+00
-1.21793576e+00
-1.21780617e+00
-1.21764312e+00
-1.21744833e+00
-1.21722032e+00
-1.21696050e+00
-1.21666696e+00
-1.21634106e+00
-1.21598076e+00
-1.21558763e+00
-1.21515976e+00
-1.21469918e+00
-1.21420434e+00
-1.21367790e+00
-1.21311890e+00
-1.21253077e+00
-1.21191329e+00
-1.21127077e+00
-1.21060381e+00
-1.20991764e+00
-1.20921377e+00
-1.20849829e+00
-1.20777359e+00
-1.20704656e+00
-1.20632035e+00
-1.20560244e+00
-1.20489657e+00
-1.20421059e+00
-1.20354852e+00
-1.20291821e+00
-1.20232364e+00
-1.20177225e+00
-1.20126758e+00
-1.20081620e+00
-1.20042080e+00
-1.20008662e+00
-1.19981510e+00
-1.19960980e+00
-1.19947058e+00
-1.19939901e+00
-1.19939323e+00
-1.19945272e+00
-1.19957392e+00
-1.19975434e+00
-1.19998897e+00
-1.20027372e+00
-1.20060263e+00
-1.20097062e+00
-1.20137155e+00
-1.20180025e+00
-1.20201633e+00
-1.21567689e+00
-1.21646738e+00
-1.21694225e+00
-1.21734083e+00
-1.21766863e+00
-1.21793210e+00
-1.21813639e+00
-1.21828746e+00
-1.21838926e+00
-1.21844681e+00
-1.21846259e+00
-1.21844050e+00
-1.21838160e+00
-1.21828877e+00
-1.21816178e+00
-1.21800272e+00
-1.21781038e+00
-1.21758631e+00
-1.21732861e+00
-1.21703865e+00
-1.21671417e+00
-1.21635660e+00
-1.21596368e+00
-1.21553716e+00
-1.21507504e+00
-1.21457963e+00
-1.21404943e+00
-1.21348750e+00
-1.21289300e+00
-1.21226985e+00
-1.21161807e+00
-1.21094251e+00
-1.21024409e+00
-1.20952861e+00
-1.20879793e+00
-1.20805875e+00
-1.20731378e+00
-1.20657049e+00
-1.20583232e+00
-1.20510727e+00
-1.20439929e+00
-1.20371659e+00
-1.20306335e+00
-1.20244760e+00
-1.20187335e+00
-1.20134807e+00
-1.20087516e+00
-1.20046107e+00
-1.20010823e+00
-1.19982162e+00
-1.19960232e+00
-1.19945349e+00
-1.19937460e+00
-1.19936673e+00
-1.19942758e+00
-1.19955608e+00
-1.19974814e+00
-1.20000064e+00
-1.20030795e+00
-1.20066517e+00
-1.20106559e+00
-1.20150321e+00
-1.20197107e+00
-1.20222797e+00
-1.21594505e+00
-1.21676907e+00
-1.21727221e+00
-1.21769361e+00
-1.21804017e+00
-1.21831807e+00
-1.21853434e+00
-1.21869422e+00
-1.21880386e+00
-1.21886695e+00
-1.21888839e+00
-1.21887018e+00
-1.21881599e+00
-1.21872624e+00
-1.21860356e+00
-1.21844712e+00
-1.21825875e+00
-1.21803672e+00
-1.21778243e+00
-1.21749358e+00
-1.21717149e+00
-1.21681364e+00
-1.21642157e+00
-1.21599286e+00
-1.21552954e+00
-1.21502956e+00
-1.21449563e+00
-1.21392633e+00
-1.21332519e+00
-1.21269161e+00
-1.21203004e+00
-1.21134080e+00
-1.21062935e+00
-1.20989695e+00
-1.20915005e+00
-1.20839087e+00
-1.20762672e+00
-1.20686069e+00
-1.20610078e+00
-1.20535077e+00
-1.20461908e+00
-1.20390991e+00
-1.20323178e+00
-1.20258896e+00
-1.20198967e+00
-1.20143788e+00
-1.20094106e+00
-1.20050249e+00
-1.20012847e+00
-1.19982118e+00
-1.19958536e+00
-1.19942178e+00
-1.19933324e+00
-1.19931885e+00
-1.19937925e+00
-1.19951168e+00
-1.19971448e+00
-1.19998296e+00
-1.20031316e+00
-1.20069860e+00
-1.20113329e+00
-1.20160947e+00
-1.20211986e+00
-1.20242122e+00
-1.21630505e+00
-1.21716148e+00
-1.21769152e+00
-1.21813533e+00
-1.21849962e+00
-1.21879228e+00
-1.21901977e+00
-1.21918945e+00
-1.21930633e+00
-1.21937645e+00
-1.21940293e+00
-1.21939037e+00
-1.21934006e+00
-1.21925526e+00
-1.21913570e+00
-1.21898364e+00
-1.21879758e+00
-1.21857915e+00
-1.21832605e+00
-1.21803960e+00
-1.21771712e+00
-1.21735998e+00
-1.21696544e+00
-1.21653523e+00
-1.21606687e+00
-1.21556270e+00
-1.21502076e+00
-1.21444419e+00
-1.21383178e+00
-1.21318758e+00
-1.21251127e+00
-1.21180793e+00
-1.21107822e+00
-1.21032825e+00
-1.20955968e+00
-1.20877960e+00
-1.20799064e+00
-1.20720071e+00
-1.20641327e+00
-1.20563685e+00
-1.20487551e+00
-1.20413809e+00
-1.20342899e+00
-1.20275699e+00
-1.20212644e+00
-1.20154567e+00
-1.20101862e+00
-1.20055274e+00
-1.20015119e+00
-1.19982013e+00
-1.19956156e+00
-1.19938000e+00
-1.19927600e+00
-1.19925206e+00
-1.19930699e+00
-1.19944100e+00
-1.19965087e+00
-1.19993423e+00
-1.20028566e+00
-1.20070011e+00
-1.20116998e+00
-1.20168780e+00
-1.20224442e+00
-1.20259565e+00
-1.21676247e+00
-1.21765003e+00
-1.21820632e+00
-1.21867137e+00
-1.21905338e+00
-1.21935984e+00
-1.21959925e+00
-1.21977800e+00
-1.21990342e+00
-1.21997994e+00
-1.22001323e+00
-1.22000562e+00
-1.21996118e+00
-1.21988035e+00
-1.21976593e+00
-1.21961684e+00
-1.21943498e+00
-1.21921821e+00
-1.21896794e+00
-1.21868140e+00
-1.21835987e+00
-1.21800037e+00
-1.21760439e+00
-1.21716906e+00
-1.21669641e+00
-1.21618397e+00
-1.21563449e+00
-1.21504618e+00
-1.21442268e+00
-1.21376305e+00
-1.21307195e+00
-1.21234942e+00
-1.21160117e+00
-1.21082829e+00
-1.21003753e+00
-1.20923100e+00
-1.20841642e+00
-1.20759684e+00
-1.20678075e+00
-1.20597197e+00
-1.20517949e+00
-1.20440765e+00
-1.20366566e+00
-1.20295805e+00
-1.20229381e+00
-1.20167737e+00
-1.20111713e+00
-1.20061700e+00
-1.20018441e+00
-1.19982245e+00
-1.19953719e+00
-1.19933055e+00
-1.19920693e+00
-1.19916674e+00
-1.19921231e+00
-1.19934221e+00
-1.19955623e+00
-1.19985066e+00
-1.20022231e+00
-1.20066478e+00
-1.20117164e+00
-1.20173376e+00
-1.20234180e+00
-1.20274940e+00
-1.21732251e+00
-1.21824048e+00
-1.21882186e+00
-1.21930786e+00
-1.21970649e+00
-1.22002712e+00
-1.22027757e+00
-1.22046649e+00
-1.22059982e+00
-1.22068446e+00
-1.22072399e+00
-1.22072344e+00
-1.22068416e+00
-1.22060958e+00
-1.22049921e+00
-1.22035532e+00
-1.22017607e+00
-1.21996299e+00
-1.21971338e+00
-1.21942847e+00
-1.21910513e+00
-1.21874468e+00
-1.21834394e+00
-1.21790462e+00
-1.21742384e+00
-1.21690396e+00
-1.21634267e+00
-1.21574319e+00
-1.21510398e+00
-1.21442927e+00
-1.21371846e+00
-1.21297684e+00
-1.21220487e+00
-1.21140894e+00
-1.21059057e+00
-1.20975720e+00
-1.20891136e+00
-1.20806140e+00
-1.20721077e+00
-1.20636849e+00
-1.20553870e+00
-1.20473082e+00
-1.20394943e+00
-1.20320398e+00
-1.20249916e+00
-1.20184412e+00
-1.20124334e+00
-1.20070526e+00
-1.20023383e+00
-1.19983650e+00
-1.19951637e+00
-1.19927955e+00
-1.19912804e+00
-1.19906623e+00
-1.19909464e+00
-1.19921549e+00
-1.19942727e+00
-1.19972936e+00
-1.20011753e+00
-1.20058756e+00
-1.20113178e+00
-1.20174191e+00
-1.20240682e+00
-1.20287924e+00
-1.21799068e+00
-1.21893803e+00
-1.21954400e+00
-1.22004975e+00
-1.22046501e+00
-1.22079880e+00
-1.22106110e+00
-1.22125951e+00
-1.22140237e+00
-1.22149471e+00
-1.22154273e+00
-1.22154884e+00
-1.22151728e+00
-1.22144828e+00
-1.22134458e+00
-1.22120474e+00
-1.22103053e+00
-1.22081939e+00
-1.22057259e+00
-1.22028694e+00
-1.21996363e+00
-1.21959924e+00
-1.21919525e+00
-1.21874839e+00
-1.21826071e+00
-1.21772939e+00
-1.21715726e+00
-1.21654222e+00
-1.21588804e+00
-1.21519353e+00
-1.21446352e+00
-1.21369784e+00
-1.21290245e+00
-1.21207825e+00
-1.21123230e+00
-1.21036660e+00
-1.20948922e+00
-1.20860315e+00
-1.20771728e+00
-1.20683544e+00
-1.20596711e+00
-1.20511673e+00
-1.20429403e+00
-1.20350379e+00
-1.20275568e+00
-1.20205449e+00
-1.20140949e+00
-1.20082522e+00
-1.20031022e+00
-1.19986855e+00
-1.19950776e+00
-1.19923120e+00
-1.19904515e+00
-1.19895196e+00
-1.19895627e+00
-1.19905894e+00
-1.19926233e+00
-1.19956502e+00
-1.19996601e+00
-1.20046046e+00
-1.20104283e+00
-1.20170372e+00
-1.20243235e+00
-1.20297927e+00
-1.21877225e+00
-1.21974841e+00
-1.22037775e+00
-1.22090290e+00
-1.22133355e+00
-1.22168088e+00
-1.22195422e+00
-1.22216354e+00
-1.22231562e+00
-1.22241801e+00
-1.22247445e+00
-1.22249012e+00
-1.22246612e+00
-1.22240576e+00
-1.22230813e+00
-1.22217528e+00
-1.22200491e+00
-1.22179837e+00
-1.22155248e+00
-1.22126839e+00
-1.22094252e+00
-1.22057614e+00
-1.22016571e+00
-1.21971296e+00
-1.21921467e+00
-1.21867328e+00
-1.21808619e+00
-1.21745674e+00
-1.21678314e+00
-1.21606978e+00
-1.21531585e+00
-1.21452685e+00
-1.21370304e+00
-1.21285108e+00
-1.21197234e+00
-1.21107452e+00
-1.21016009e+00
-1.20923770e+00
-1.20831075e+00
-1.20738862e+00
-1.20647548e+00
-1.20558115e+00
-1.20471032e+00
-1.20387297e+00
-1.20307401e+00
-1.20232324e+00
-1.20162559e+00
-1.20099040e+00
-1.20042238e+00
-1.19993023e+00
-1.19951828e+00
-1.19919439e+00
-1.19896242e+00
-1.19882916e+00
-1.19879767e+00
-1.19887325e+00
-1.19905753e+00
-1.19935329e+00
-1.19975948e+00
-1.20027479e+00
-1.20089355e+00
-1.20160840e+00
-1.20240746e+00
-1.20304067e+00
-1.21967298e+00
-1.22067691e+00
-1.22132893e+00
-1.22187194e+00
-1.22231777e+00
-1.22267748e+00
-1.22296287e+00
-1.22318276e+00
-1.22334640e+00
-1.22345913e+00
-1.22352726e+00
-1.22355294e+00
-1.22354013e+00
-1.22348853e+00
-1.22340054e+00
-1.22327416e+00
-1.22311088e+00
-1.22290763e+00
-1.22266551e+00
-1.22238089e+00
-1.22205490e+00
-1.22168377e+00
-1.22126898e+00
-1.22080699e+00
-1.22029989e+00
-1.21974463e+00
-1.21914415e+00
-1.21849613e+00
-1.21780450e+00
-1.21706785e+00
-1.21629120e+00
-1.21547420e+00
-1.21462300e+00
-1.21373836e+00
-1.21282756e+00
-1.21189245e+00
-1.21094135e+00
-1.20997712e+00
-1.20900895e+00
-1.20804057e+00
-1.20708176e+00
-1.20613693e+00
-1.20521620e+00
-1.20432438e+00
-1.20347161e+00
-1.20266291e+00
-1.20190819e+00
-1.20121249e+00
-1.20058531e+00
-1.20003163e+00
-1.19956046e+00
-1.19917671e+00
-1.19888887e+00
-1.19870173e+00
-1.19862311e+00
-1.19865739e+00
-1.19881112e+00
-1.19908730e+00
-1.19948973e+00
-1.20001800e+00
-1.20067048e+00
-1.20144031e+00
-1.20231731e+00
-1.20304987e+00
-1.22069864e+00
-1.22172958e+00
-1.22240252e+00
-1.22296240e+00
-1.22342160e+00
-1.22379391e+00
-1.22409066e+00
-1.22432322e+00
-1.22449897e+00
-1.22462564e+00
-1.22470662e+00
-1.22474663e+00
-1.22474604e+00
-1.22470759e+00
-1.22462961e+00
-1.22451373e+00
-1.22435701e+00
-1.22416056e+00
-1.22392075e+00
-1.22363860e+00
-1.22331022e+00
-1.22293689e+00
-1.22251481e+00
-1.22204581e+00
-1.22152645e+00
-1.22095933e+00
-1.22034163e+00
-1.21967688e+00
-1.21896310e+00
-1.21820486e+00
-1.21740116e+00
-1.21655770e+00
-1.21567456e+00
-1.21475857e+00
-1.21381093e+00
-1.21283954e+00
-1.21184667e+00
-1.21084116e+00
-1.20982624e+00
-1.20881147e+00
-1.20780088e+00
-1.20680451e+00
-1.20582692e+00
-1.20487837e+00
-1.20396376e+00
-1.20309330e+00
-1.20227209e+00
-1.20151012e+00
-1.20081263e+00
-1.20018938e+00
-1.19964585e+00
-1.19919165e+00
-1.19883269e+00
-1.19857860e+00
-1.19843581e+00
-1.19841394e+00
-1.19851962e+00
-1.19876159e+00
-1.19914524e+00
-1.19967610e+00
-1.20035488e+00
-1.20117942e+00
-1.20214061e+00
-1.20298758e+00
-1.22185589e+00
-1.22291234e+00
-1.22360446e+00
-1.22417841e+00
-1.22464983e+00
-1.22503312e+00
-1.22534256e+00
-1.22558826e+00
-1.22577991e+00
-1.22592243e+00
-1.22602142e+00
-1.22607794e+00
-1.22609502e+00
-1.22607126e+00
-1.22600833e+00
-1.22590344e+00
-1.22575764e+00
-1.22556735e+00
-1.22533350e+00
-1.22505216e+00
-1.22472447e+00
-1.22434648e+00
-1.22391979e+00
-1.22344072e+00
-1.22291153e+00
-1.22232906e+00
-1.22169643e+00
-1.22101118e+00
-1.22027744e+00
-1.21949364e+00
-1.21866498e+00
-1.21779093e+00
-1.21687780e+00
-1.21592614e+00
-1.21494337e+00
-1.21393112e+00
-1.21289780e+00
-1.21184604e+00
-1.21078509e+00
-1.20971843e+00
-1.20865590e+00
-1.20760165e+00
-1.20656585e+00
-1.20555312e+00
-1.20457372e+00
-1.20363257e+00
-1.20273986e+00
-1.20190079e+00
-1.20112546e+00
-1.20041946e+00
-1.19979301e+00
-1.19925243e+00
-1.19880841e+00
-1.19846848e+00
-1.19824425e+00
-1.19814482e+00
-1.19818284e+00
-1.19836864e+00
-1.19871476e+00
-1.19923044e+00
-1.19992412e+00
-1.20079803e+00
-1.20184855e+00
-1.20282577e+00
-1.22315215e+00
-1.22423249e+00
-1.22494002e+00
-1.22552484e+00
-1.22600491e+00
-1.22639872e+00
-1.22672050e+00
-1.22698286e+00
-1.22719292e+00
-1.22735738e+00
-1.22747798e+00
-1.22755787e+00
-1.22759574e+00
-1.22759310e+00
-1.22754710e+00
-1.22745866e+00
-1.22732419e+00
-1.22714453e+00
-1.22691575e+00
-1.22663890e+00
-1.22630998e+00
-1.22593047e+00
-1.22549651e+00
-1.22501019e+00
-1.22446805e+00
-1.22387292e+00
-1.22322194e+00
-1.22251884e+00
-1.22176156e+00
-1.22095484e+00
-1.22009754e+00
-1.21919548e+00
-1.21824856e+00
-1.21726369e+00
-1.21624182e+00
-1.21519087e+00
-1.21411283e+00
-1.21301650e+00
-1.21190476e+00
-1.21078710e+00
-1.20966712e+00
-1.20855476e+00
-1.20745417e+00
-1.20637545e+00
-1.20532316e+00
-1.20430742e+00
-1.20333312e+00
-1.20241039e+00
-1.20154455e+00
-1.20074593e+00
-1.20002071e+00
-1.19937988e+00
-1.19883115e+00
-1.19838696e+00
-1.19805744e+00
-1.19785743e+00
-1.19780030e+00
-1.19790374e+00
-1.19818418e+00
-1.19866047e+00
-1.19934826e+00
-1.20026049e+00
-1.20140078e+00
-1.20252499e+00
-1.22459726e+00
-1.22569827e+00
-1.22641574e+00
-1.22700453e+00
-1.22748924e+00
-1.22789083e+00
-1.22822707e+00
-1.22850867e+00
-1.22874405e+00
-1.22893572e+00
-1.22908663e+00
-1.22919516e+00
-1.22926217e+00
-1.22928443e+00
-1.22926237e+00
-1.22919223e+00
-1.22907465e+00
-1.22890569e+00
-1.22868636e+00
-1.22841270e+00
-1.22808616e+00
-1.22770289e+00
-1.22726487e+00
-1.22676852e+00
-1.22621646e+00
-1.22560559e+00
-1.22493931e+00
-1.22421516e+00
-1.22343748e+00
-1.22260459e+00
-1.22172186e+00
-1.22078855e+00
-1.21981105e+00
-1.21878966e+00
-1.21773176e+00
-1.21663864e+00
-1.21551861e+00
-1.21437387e+00
-1.21321344e+00
-1.21204031e+00
-1.21086399e+00
-1.20968805e+00
-1.20852227e+00
-1.20737066e+00
-1.20624306e+00
-1.20514381e+00
-1.20408279e+00
-1.20306478e+00
-1.20209983e+00
-1.20119353e+00
-1.20035660e+00
-1.19959615e+00
-1.19892448e+00
-1.19835138e+00
-1.19789210e+00
-1.19756078e+00
-1.19737737e+00
-1.19736216e+00
-1.19754117e+00
-1.19794103e+00
-1.19859153e+00
-1.19951879e+00
-1.20074231e+00
-1.20202833e+00
-1.22620491e+00
-1.22732137e+00
-1.22803768e+00
-1.22862004e+00
-1.22910110e+00
-1.22950870e+00
-1.22986056e+00
-1.23016852e+00
-1.23043629e+00
-1.23066624e+00
-1.23085566e+00
-1.23100390e+00
-1.23110655e+00
-1.23116293e+00
-1.23116866e+00
-1.23112387e+00
-1.23102453e+00
-1.23087155e+00
-1.23066111e+00
-1.23039474e+00
-1.23006876e+00
-1.22968522e+00
-1.22924062e+00
-1.22873752e+00
-1.22817273e+00
-1.22754947e+00
-1.22686502e+00
-1.22612338e+00
-1.22532247e+00
-1.22446722e+00
-1.22355635e+00
-1.22259575e+00
-1.22158507e+00
-1.22053117e+00
-1.21943463e+00
-1.21830321e+00
-1.21713840e+00
-1.21594869e+00
-1.21473633e+00
-1.21351036e+00
-1.21227363e+00
-1.21103546e+00
-1.20979913e+00
-1.20857405e+00
-1.20736382e+00
-1.20617784e+00
-1.20502009e+00
-1.20390007e+00
-1.20282244e+00
-1.20179723e+00
-1.20083042e+00
-1.19993345e+00
-1.19911482e+00
-1.19838879e+00
-1.19776831e+00
-1.19727281e+00
-1.19692255e+00
-1.19674563e+00
-1.19677353e+00
-1.19704660e+00
-1.19760942e+00
-1.19851133e+00
-1.19979606e+00
-1.20125383e+00
-1.22799781e+00
-1.22911805e+00
-1.22981319e+00
-1.23036946e+00
-1.23083580e+00
-1.23124547e+00
-1.23161845e+00
-1.23196127e+00
-1.23227540e+00
-1.23255580e+00
-1.23279873e+00
-1.23299710e+00
-1.23314788e+00
-1.23324513e+00
-1.23328785e+00
-1.23327155e+00
-1.23319689e+00
-1.23306024e+00
-1.23286330e+00
-1.23260281e+00
-1.23228107e+00
-1.23189491e+00
-1.23144710e+00
-1.23093456e+00
-1.23036054e+00
-1.22972222e+00
-1.22902343e+00
-1.22826182e+00
-1.22744196e+00
-1.22656214e+00
-1.22562780e+00
-1.22463800e+00
-1.22359908e+00
-1.22251096e+00
-1.22138084e+00
-1.22020947e+00
-1.21900477e+00
-1.21776825e+00
-1.21650835e+00
-1.21522715e+00
-1.21393337e+00
-1.21262948e+00
-1.21132429e+00
-1.21002051e+00
-1.20872686e+00
-1.20744634e+00
-1.20618763e+00
-1.20495422e+00
-1.20375513e+00
-1.20259490e+00
-1.20148362e+00
-1.20042795e+00
-1.19944034e+00
-1.19853131e+00
-1.19771790e+00
-1.19701744e+00
-1.19645549e+00
-1.19606152e+00
-1.19587665e+00
-1.19595142e+00
-1.19635228e+00
-1.19715788e+00
-1.19845501e+00
-1.20007951e+00
-1.23001657e+00
-1.23111415e+00
-1.23174754e+00
-1.23224548e+00
-1.23267916e+00
-1.23308985e+00
-1.23349214e+00
-1.23388697e+00
-1.23426500e+00
-1.23461659e+00
-1.23492925e+00
-1.23519519e+00
-1.23540516e+00
-1.23555571e+00
-1.23564112e+00
-1.23566139e+00
-1.23561296e+00
-1.23549784e+00
-1.23531337e+00
-1.23506244e+00
-1.23474257e+00
-1.23435702e+00
-1.23390320e+00
-1.23338463e+00
-1.23279868e+00
-1.23214921e+00
-1.23143378e+00
-1.23065676e+00
-1.22981615e+00
-1.22891700e+00
-1.22795790e+00
-1.22694471e+00
-1.22587675e+00
-1.22476065e+00
-1.22359649e+00
-1.22239159e+00
-1.22114671e+00
-1.21986965e+00
-1.21856168e+00
-1.21723088e+00
-1.21587883e+00
-1.21451359e+00
-1.21313689e+00
-1.21175662e+00
-1.21037460e+00
-1.20899851e+00
-1.20763045e+00
-1.20627817e+00
-1.20494451e+00
-1.20363793e+00
-1.20236291e+00
-1.20112971e+00
-1.19994591e+00
-1.19882536e+00
-1.19778110e+00
-1.19683373e+00
-1.19600629e+00
-1.19533275e+00
-1.19485627e+00
-1.19463950e+00
-1.19476774e+00
-1.19536020e+00
-1.19656817e+00
-1.19831897e+00
-1.23234131e+00
-1.23334851e+00
-1.23384058e+00
-1.23422548e+00
-1.23460555e+00
-1.23501973e+00
-1.23547108e+00
-1.23594269e+00
-1.23641389e+00
-1.23686166e+00
-1.23726911e+00
-1.23762025e+00
-1.23790678e+00
-1.23812015e+00
-1.23825878e+00
-1.23831884e+00
-1.23830258e+00
-1.23820826e+00
-1.23803974e+00
-1.23779571e+00
-1.23748040e+00
-1.23709219e+00
-1.23663528e+00
-1.23610763e+00
-1.23551340e+00
-1.23485038e+00
-1.23412292e+00
-1.23332890e+00
-1.23247313e+00
-1.23155387e+00
-1.23057656e+00
-1.22954001e+00
-1.22845034e+00
-1.22730701e+00
-1.22611675e+00
-1.22487962e+00
-1.22360280e+00
-1.22228675e+00
-1.22093887e+00
-1.21955982e+00
-1.21815689e+00
-1.21673074e+00
-1.21528831e+00
-1.21383014e+00
-1.21236273e+00
-1.21088660e+00
-1.20940799e+00
-1.20792780e+00
-1.20645261e+00
-1.20498447e+00
-1.20353124e+00
-1.20209741e+00
-1.20069350e+00
-1.19932816e+00
-1.19801672e+00
-1.19677480e+00
-1.19562659e+00
-1.19460128e+00
-1.19374319e+00
-1.19311516e+00
-1.19281736e+00
-1.19300650e+00
-1.19392640e+00
-1.19567347e+00
-1.23513528e+00
-1.23587446e+00
-1.23606850e+00
-1.23626015e+00
-1.23656733e+00
-1.23700433e+00
-1.23753949e+00
-1.23813033e+00
-1.23873329e+00
-1.23931421e+00
-1.23984422e+00
-1.24030565e+00
-1.24068413e+00
-1.24097465e+00
-1.24117218e+00
-1.24127897e+00
-1.24129443e+00
-1.24122389e+00
-1.24106790e+00
-1.24083236e+00
-1.24051733e+00
-1.24012831e+00
-1.23966441e+00
-1.23913057e+00
-1.23852516e+00
-1.23785283e+00
-1.23711162e+00
-1.23630626e+00
-1.23543485e+00
-1.23450252e+00
-1.23350771e+00
-1.23245608e+00
-1.23134657e+00
-1.23018538e+00
-1.22897193e+00
-1.22771280e+00
-1.22640776e+00
-1.22506350e+00
-1.22367985e+00
-1.22226330e+00
-1.22081347e+00
-1.21933629e+00
-1.21783099e+00
-1.21630275e+00
-1.21475038e+00
-1.21317842e+00
-1.21158559e+00
-1.20997628e+00
-1.20834989e+00
-1.20671156e+00
-1.20506254e+00
-1.20341006e+00
-1.20175865e+00
-1.20011905e+00
-1.19850068e+00
-1.19691953e+00
-1.19539219e+00
-1.19394379e+00
-1.19260612e+00
-1.19143125e+00
-1.19050695e+00
-1.19000344e+00
-1.19025456e+00
-1.19164291e+00
-1.23873425e+00
-1.23872901e+00
-1.23834282e+00
-1.23824745e+00
-1.23849166e+00
-1.23900218e+00
-1.23968588e+00
-1.24045668e+00
-1.24124740e+00
-1.24200510e+00
-1.24269484e+00
-1.24329104e+00
-1.24378175e+00
-1.24415883e+00
-1.24442376e+00
-1.24457716e+00
-1.24462640e+00
-1.24457483e+00
-1.24443106e+00
-1.24419790e+00
-1.24388308e+00
-1.24348773e+00
-1.24301824e+00
-1.24247416e+00
-1.24186088e+00
-1.24117695e+00
-1.24042729e+00
-1.23961005e+00
-1.23873020e+00
-1.23778595e+00
-1.23678261e+00
-1.23571870e+00
-1.23459997e+00
-1.23342531e+00
-1.23220080e+00
-1.23092556e+00
-1.22960571e+00
-1.22824033e+00
-1.22683520e+00
-1.22538898e+00
-1.22390668e+00
-1.22238622e+00
-1.22083149e+00
-1.21923952e+00
-1.21761305e+00
-1.21594840e+00
-1.21424753e+00
-1.21250681e+00
-1.21072833e+00
-1.20890974e+00
-1.20705469e+00
-1.20516364e+00
-1.20324328e+00
-1.20129818e+00
-1.19933885e+00
-1.19737414e+00
-1.19541758e+00
-1.19348064e+00
-1.19157815e+00
-1.18972587e+00
-1.18795749e+00
-1.18636764e+00
-1.18526641e+00
-1.18536080e+00
-1.24378573e+00
-1.24177932e+00
-1.24041231e+00
-1.24000914e+00
-1.24028124e+00
-1.24097669e+00
-1.24190944e+00
-1.24294741e+00
-1.24399410e+00
-1.24498426e+00
-1.24587209e+00
-1.24663263e+00
-1.24725090e+00
-1.24772568e+00
-1.24805841e+00
-1.24825906e+00
-1.24833501e+00
-1.24829905e+00
-1.24815833e+00
-1.24792427e+00
-1.24760137e+00
-1.24719850e+00
-1.24671733e+00
-1.24616460e+00
-1.24553989e+00
-1.24484869e+00
-1.24408948e+00
-1.24326728e+00
-1.24238022e+00
-1.24143336e+00
-1.24042495e+00
-1.23936037e+00
-1.23823810e+00
-1.23706379e+00
-1.23583609e+00
-1.23456066e+00
-1.23323601e+00
-1.23186735e+00
-1.23045260e+00
-1.22899596e+00
-1.22749427e+00
-1.22595024e+00
-1.22435924e+00
-1.22272218e+00
-1.22103300e+00
-1.21929102e+00
-1.21748929e+00
-1.21562641e+00
-1.21369590e+00
-1.21169725e+00
-1.20962633e+00
-1.20748550e+00
-1.20527484e+00
-1.20300091e+00
-1.20066834e+00
-1.19828648e+00
-1.19586042e+00
-1.19339369e+00
-1.19087590e+00
-1.18827607e+00
-1.18551870e+00
-1.18246652e+00
-1.17897622e+00
-1.17535778e+00
-1.26029672e+00
-1.26792790e+00
-1.27854219e+00
-1.28986057e+00
-1.30082332e+00
-1.31092213e+00
-1.31989769e+00
-1.32762111e+00
-1.33404868e+00
-1.33919003e+00
-1.34309747e+00
-1.34584667e+00
-1.34753396e+00
-1.34825962e+00
-1.34812956e+00
-1.34724027e+00
-1.34568465e+00
-1.34353874e+00
-1.34087133e+00
-1.33773202e+00
-1.33416371e+00
-1.33019110e+00
-1.32583492e+00
-1.32110011e+00
-1.31599097e+00
-1.31049853e+00
-1.30461625e+00
-1.29832655e+00
-1.29161679e+00
-1.28446528e+00
-1.27685749e+00
-1.26877182e+00
-1.26019616e+00
-1.25111372e+00
-1.24151996e+00
-1.23140877e+00
-1.22078980e+00
-1.20967525e+00
-1.19809743e+00
-1.18609621e+00
-1.17373653e+00
-1.16109635e+00
-1.14828349e+00
-1.13542347e+00
-1.12267465e+00
-1.11021503e+00
-1.09825422e+00
-1.08701799e+00
-1.07675565e+00
-1.06772138e+00
-1.06017626e+00
-1.05436671e+00
-1.05052224e+00
-1.04883333e+00
-1.04944832e+00
-1.05245529e+00
-1.05788251e+00
-1.06568777e+00
-1.07576200e+00
-1.08791565e+00
-1.10184857e+00
-1.11701901e+00
-1.13221897e+00
-1.14392460e+00
-1.24303321e+00
-1.24098847e+00
-1.23895132e+00
-1.23738380e+00
-1.23614407e+00
-1.23513088e+00
-1.23430169e+00
-1.23365124e+00
-1.23318623e+00
-1.23291737e+00
-1.23284680e+00
-1.23297142e+00
-1.23327594e+00
-1.23374169e+00
-1.23434089e+00
-1.23504755e+00
-1.23583049e+00
-1.23666452e+00
-1.23752139e+00
-1.23838081e+00
-1.23921956e+00
-1.24002266e+00
-1.24077116e+00
-1.24145379e+00
-1.24205395e+00
-1.24256197e+00
-1.24296156e+00
-1.24324270e+00
-1.24338779e+00
-1.24338500e+00
-1.24321427e+00
-1.24286109e+00
-1.24230255e+00
-1.24152148e+00
-1.24049270e+00
-1.23919761e+00
-1.23761097e+00
-1.23571582e+00
-1.23349106e+00
-1.23092677e+00
-1.22801266e+00
-1.22475355e+00
-1.22115866e+00
-1.21725670e+00
-1.21308537e+00
-1.20870511e+00
-1.20418785e+00
-1.19962784e+00
-1.19512841e+00
-1.19080847e+00
-1.18678629e+00
-1.18318123e+00
-1.18009508e+00
-1.17761034e+00
-1.17577185e+00
-1.17458487e+00
-1.17400049e+00
-1.17391579e+00
-1.17416254e+00
-1.17450384e+00
-1.17461398e+00
-1.17406246e+00
-1.17236505e+00
-1.16942822e+00
-1.23805257e+00
-1.23841223e+00
-1.23782642e+00
-1.23708035e+00
-1.23634298e+00
-1.23566677e+00
-1.23508047e+00
-1.23460730e+00
-1.23427074e+00
-1.23408660e+00
-1.23406603e+00
-1.23420823e+00
-1.23450757e+00
-1.23494746e+00
-1.23551029e+00
-1.23617082e+00
-1.23690708e+00
-1.23769228e+00
-1.23850587e+00
-1.23932363e+00
-1.24012888e+00
-1.24090101e+00
-1.24162709e+00
-1.24228933e+00
-1.24287712e+00
-1.24337387e+00
-1.24376957e+00
-1.24404716e+00
-1.24419563e+00
-1.24419608e+00
-1.24403525e+00
-1.24369153e+00
-1.24314884e+00
-1.24238277e+00
-1.24137484e+00
-1.24009899e+00
-1.23853624e+00
-1.23666187e+00
-1.23446045e+00
-1.23191387e+00
-1.22901678e+00
-1.22576551e+00
-1.22217346e+00
-1.21826080e+00
-1.21406899e+00
-1.20965046e+00
-1.20508108e+00
-1.20044850e+00
-1.19586102e+00
-1.19143325e+00
-1.18729017e+00
-1.18354963e+00
-1.18032185e+00
-1.17769038e+00
-1.17570955e+00
-1.17438791e+00
-1.17368813e+00
-1.17351751e+00
-1.17373479e+00
-1.17415298e+00
-1.17456499e+00
-1.17479793e+00
-1.17488030e+00
-1.17523237e+00
-1.23521808e+00
-1.23654903e+00
-1.23685636e+00
-1.23677290e+00
-1.23651060e+00
-1.23618335e+00
-1.23585856e+00
-1.23558494e+00
-1.23539663e+00
-1.23532031e+00
-1.23537003e+00
-1.23555379e+00
-1.23586761e+00
-1.23630429e+00
-1.23684713e+00
-1.23748018e+00
-1.23818086e+00
-1.23893075e+00
-1.23970665e+00
-1.24049168e+00
-1.24126471e+00
-1.24201175e+00
-1.24271422e+00
-1.24336066e+00
-1.24393413e+00
-1.24442447e+00
-1.24481501e+00
-1.24509533e+00
-1.24524760e+00
-1.24525977e+00
-1.24511165e+00
-1.24478855e+00
-1.24426731e+00
-1.24353027e+00
-1.24255160e+00
-1.24131160e+00
-1.23978352e+00
-1.23794830e+00
-1.23578217e+00
-1.23327180e+00
-1.23040283e+00
-1.22717533e+00
-1.22359327e+00
-1.21967968e+00
-1.21546666e+00
-1.21100930e+00
-1.20637519e+00
-1.20165556e+00
-1.19695289e+00
-1.19238771e+00
-1.18808298e+00
-1.18416573e+00
-1.18074858e+00
-1.17792750e+00
-1.17576332e+00
-1.17428003e+00
-1.17345207e+00
-1.17320964e+00
-1.17343947e+00
-1.17400651e+00
-1.17478257e+00
-1.17571005e+00
-1.17689966e+00
-1.17852382e+00
-1.23377247e+00
-1.23549844e+00
-1.23631029e+00
-1.23668799e+00
-1.23680863e+00
-1.23678952e+00
-1.23671264e+00
-1.23663527e+00
-1.23660161e+00
-1.23664104e+00
-1.23677527e+00
-1.23701322e+00
-1.23735896e+00
-1.23780583e+00
-1.23834577e+00
-1.23896250e+00
-1.23964190e+00
-1.24036378e+00
-1.24111272e+00
-1.24186842e+00
-1.24261689e+00
-1.24333940e+00
-1.24402408e+00
-1.24465385e+00
-1.24521841e+00
-1.24570143e+00
-1.24609301e+00
-1.24637628e+00
-1.24654033e+00
-1.24656649e+00
-1.24644156e+00
-1.24614403e+00
-1.24565763e+00
-1.24495760e+00
-1.24402462e+00
-1.24283141e+00
-1.24135706e+00
-1.23957425e+00
-1.23746400e+00
-1.23500388e+00
-1.23218305e+00
-1.22899159e+00
-1.22543570e+00
-1.22152786e+00
-1.21730162e+00
-1.21280190e+00
-1.20809806e+00
-1.20327318e+00
-1.19843368e+00
-1.19369600e+00
-1.18919116e+00
-1.18504791e+00
-1.18139212e+00
-1.17832770e+00
-1.17593362e+00
-1.17424739e+00
-1.17326606e+00
-1.17294024e+00
-1.17318750e+00
-1.17390549e+00
-1.17500574e+00
-1.17645047e+00
-1.17829789e+00
-1.18047597e+00
-1.23327163e+00
-1.23516230e+00
-1.23625508e+00
-1.23693746e+00
-1.23734234e+00
-1.23757423e+00
-1.23771088e+00
-1.23781305e+00
-1.23792466e+00
-1.23808022e+00
-1.23830087e+00
-1.23860175e+00
-1.23898652e+00
-1.23945588e+00
-1.24000116e+00
-1.24061403e+00
-1.24127892e+00
-1.24198345e+00
-1.24270955e+00
-1.24344430e+00
-1.24416979e+00
-1.24487432e+00
-1.24554112e+00
-1.24615997e+00
-1.24671500e+00
-1.24719678e+00
-1.24758941e+00
-1.24788305e+00
-1.24806054e+00
-1.24811030e+00
-1.24801267e+00
-1.24775318e+00
-1.24730879e+00
-1.24666147e+00
-1.24578468e+00
-1.24465722e+00
-1.24325025e+00
-1.24154151e+00
-1.23950310e+00
-1.23711618e+00
-1.23435982e+00
-1.23122605e+00
-1.22770983e+00
-1.22382414e+00
-1.21959077e+00
-1.21505462e+00
-1.21027430e+00
-1.20533420e+00
-1.20033346e+00
-1.19539382e+00
-1.19064527e+00
-1.18622835e+00
-1.18227608e+00
-1.17891144e+00
-1.17622837e+00
-1.17428906e+00
-1.17311087e+00
-1.17267151e+00
-1.17291034e+00
-1.17374803e+00
-1.17510432e+00
-1.17692541e+00
-1.17919617e+00
-1.18169520e+00
-1.23346545e+00
-1.23542819e+00
-1.23668207e+00
-1.23756276e+00
-1.23817231e+00
-1.23859718e+00
-1.23890918e+00
-1.23916358e+00
-1.23940542e+00
-1.23966635e+00
-1.23997129e+00
-1.24033353e+00
-1.24076234e+00
-1.24125705e+00
-1.24181586e+00
-1.24242889e+00
-1.24308792e+00
-1.24377827e+00
-1.24448920e+00
-1.24520452e+00
-1.24591346e+00
-1.24660008e+00
-1.24725464e+00
-1.24786194e+00
-1.24841313e+00
-1.24889330e+00
-1.24929366e+00
-1.24959856e+00
-1.24979803e+00
-1.24987442e+00
-1.24981527e+00
-1.24959973e+00
-1.24921175e+00
-1.24862651e+00
-1.24782389e+00
-1.24677523e+00
-1.24545715e+00
-1.24383890e+00
-1.24189662e+00
-1.23960162e+00
-1.23693510e+00
-1.23387769e+00
-1.23042445e+00
-1.22657565e+00
-1.22235167e+00
-1.21778443e+00
-1.21293121e+00
-1.20786551e+00
-1.20268802e+00
-1.19751513e+00
-1.19248488e+00
-1.18774153e+00
-1.18343539e+00
-1.17970379e+00
-1.17666680e+00
-1.17440901e+00
-1.17297772e+00
-1.17237377e+00
-1.17256027e+00
-1.17346821e+00
-1.17501575e+00
-1.17711977e+00
-1.17970683e+00
-1.18246989e+00
-1.23420970e+00
-1.23620927e+00
-1.23756072e+00
-1.23857337e+00
-1.23932747e+00
-1.23989770e+00
-1.24034611e+00
-1.24072528e+00
-1.24107506e+00
-1.24142828e+00
-1.24180644e+00
-1.24222645e+00
-1.24269516e+00
-1.24321734e+00
-1.24378912e+00
-1.24440710e+00
-1.24506079e+00
-1.24574245e+00
-1.24643840e+00
-1.24713951e+00
-1.24783128e+00
-1.24850484e+00
-1.24914599e+00
-1.24974663e+00
-1.25029293e+00
-1.25077714e+00
-1.25118511e+00
-1.25150846e+00
-1.25173158e+00
-1.25184414e+00
-1.25182774e+00
-1.25166873e+00
-1.25134474e+00
-1.25083773e+00
-1.25012068e+00
-1.24917089e+00
-1.24795712e+00
-1.24645324e+00
-1.24462614e+00
-1.24244986e+00
-1.23989457e+00
-1.23694122e+00
-1.23357194e+00
-1.22978496e+00
-1.22558630e+00
-1.22100450e+00
-1.21608279e+00
-1.21089239e+00
-1.20552367e+00
-1.20009580e+00
-1.19474484e+00
-1.18962752e+00
-1.18490451e+00
-1.18073765e+00
-1.17726980e+00
-1.17461885e+00
-1.17286030e+00
-1.17202611e+00
-1.17209848e+00
-1.17301990e+00
-1.17469949e+00
-1.17702865e+00
-1.17988845e+00
-1.18292288e+00
-1.23541906e+00
-1.23744437e+00
-1.23886159e+00
-1.23996452e+00
-1.24082198e+00
-1.24149809e+00
-1.24205035e+00
-1.24252499e+00
-1.24296123e+00
-1.24338736e+00
-1.24382677e+00
-1.24429296e+00
-1.24479667e+00
-1.24533993e+00
-1.24592425e+00
-1.24654366e+00
-1.24719393e+00
-1.24786448e+00
-1.24854833e+00
-1.24923295e+00
-1.24991076e+00
-1.25056888e+00
-1.25120016e+00
-1.25179196e+00
-1.25233761e+00
-1.25282444e+00
-1.25324560e+00
-1.25358747e+00
-1.25384182e+00
-1.25399284e+00
-1.25402947e+00
-1.25393225e+00
-1.25368588e+00
-1.25326602e+00
-1.25265206e+00
-1.25181419e+00
-1.25072646e+00
-1.24935435e+00
-1.24766825e+00
-1.24563202e+00
-1.24321690e+00
-1.24039141e+00
-1.23713590e+00
-1.23343385e+00
-1.22928694e+00
-1.22470763e+00
-1.21973385e+00
-1.21442203e+00
-1.20885987e+00
-1.20315777e+00
-1.19745716e+00
-1.19191785e+00
-1.18671925e+00
-1.18204202e+00
-1.17806205e+00
-1.17492865e+00
-1.17275637e+00
-1.17160761e+00
-1.17149149e+00
-1.17235960e+00
-1.17411706e+00
-1.17663134e+00
-1.17975095e+00
-1.18308579e+00
-1.23704169e+00
-1.23909383e+00
-1.24056121e+00
-1.24173018e+00
-1.24266111e+00
-1.24341384e+00
-1.24404003e+00
-1.24458481e+00
-1.24508283e+00
-1.24556330e+00
-1.24604571e+00
-1.24654623e+00
-1.24707233e+00
-1.24763023e+00
-1.24821853e+00
-1.24883663e+00
-1.24947735e+00
-1.25013623e+00
-1.25080308e+00
-1.25147191e+00
-1.25213145e+00
-1.25277567e+00
-1.25339327e+00
-1.25397866e+00
-1.25452063e+00
-1.25501374e+00
-1.25544630e+00
-1.25581208e+00
-1.25609776e+00
-1.25629494e+00
-1.25638722e+00
-1.25636240e+00
-1.25619946e+00
-1.25588088e+00
-1.25537967e+00
-1.25467194e+00
-1.25372428e+00
-1.25250659e+00
-1.25098017e+00
-1.24911102e+00
-1.24685904e+00
-1.24419193e+00
-1.24107591e+00
-1.23749035e+00
-1.23342022e+00
-1.22887116e+00
-1.22386336e+00
-1.21844622e+00
-1.21269242e+00
-1.20671015e+00
-1.20063486e+00
-1.19463585e+00
-1.18890260e+00
-1.18364266e+00
-1.17906071e+00
-1.17534824e+00
-1.17265897e+00
-1.17109745e+00
-1.17070139e+00
-1.17144091e+00
-1.17321858e+00
-1.17588604e+00
-1.17926351e+00
-1.18293492e+00
-1.23904745e+00
-1.24113324e+00
-1.24264568e+00
-1.24386547e+00
-1.24484992e+00
-1.24565449e+00
-1.24633039e+00
-1.24691921e+00
-1.24745660e+00
-1.24796830e+00
-1.24847593e+00
-1.24899229e+00
-1.24952818e+00
-1.25008665e+00
-1.25067078e+00
-1.25127688e+00
-1.25190319e+00
-1.25254202e+00
-1.25318921e+00
-1.25383529e+00
-1.25447546e+00
-1.25509985e+00
-1.25570392e+00
-1.25627791e+00
-1.25681766e+00
-1.25731326e+00
-1.25776025e+00
-1.25814770e+00
-1.25846967e+00
-1.25871282e+00
-1.25886811e+00
-1.25891813e+00
-1.25884894e+00
-1.25863729e+00
-1.25826265e+00
-1.25769457e+00
-1.25690491e+00
-1.25585565e+00
-1.25451142e+00
-1.25282828e+00
-1.25076669e+00
-1.24828162e+00
-1.24533636e+00
-1.24189432e+00
-1.23793375e+00
-1.23344155e+00
-1.22842857e+00
-1.22292495e+00
-1.21699498e+00
-1.21073229e+00
-1.20427155e+00
-1.19778037e+00
-1.19146368e+00
-1.18554809e+00
-1.18027520e+00
-1.17587647e+00
-1.17255688e+00
-1.17046633e+00
-1.16968473e+00
-1.17020562e+00
-1.17193975e+00
-1.17472596e+00
-1.17836208e+00
-1.18240594e+00
-1.24142052e+00
-1.24355137e+00
-1.24510893e+00
-1.24637157e+00
-1.24739353e+00
-1.24823064e+00
-1.24893220e+00
-1.24954172e+00
-1.25009274e+00
-1.25061345e+00
-1.25112278e+00
-1.25163657e+00
-1.25216257e+00
-1.25270770e+00
-1.25327187e+00
-1.25385610e+00
-1.25445538e+00
-1.25506744e+00
-1.25568470e+00
-1.25630368e+00
-1.25691592e+00
-1.25751792e+00
-1.25810125e+00
-1.25866288e+00
-1.25919446e+00
-1.25969310e+00
-1.26014996e+00
-1.26056132e+00
-1.26091666e+00
-1.26120994e+00
-1.26142732e+00
-1.26155859e+00
-1.26158465e+00
-1.26148904e+00
-1.26124548e+00
-1.26082943e+00
-1.26020594e+00
-1.25934141e+00
-1.25819200e+00
-1.25671582e+00
-1.25486241e+00
-1.25258553e+00
-1.24983424e+00
-1.24656668e+00
-1.24274317e+00
-1.23834120e+00
-1.23335078e+00
-1.22779025e+00
-1.22170337e+00
-1.21517445e+00
-1.20832490e+00
-1.20132429e+00
-1.19438183e+00
-1.18774767e+00
-1.18169368e+00
-1.17650019e+00
-1.17242435e+00
-1.16967596e+00
-1.16838440e+00
-1.16858230e+00
-1.17019559e+00
-1.17305974e+00
-1.17695073e+00
-1.18140072e+00
-1.24415692e+00
-1.24634722e+00
-1.24795465e+00
-1.24925477e+00
-1.25030227e+00
-1.25115250e+00
-1.25185783e+00
-1.25246164e+00
-1.25300109e+00
-1.25350325e+00
-1.25399054e+00
-1.25447660e+00
-1.25497285e+00
-1.25548332e+00
-1.25601212e+00
-1.25655705e+00
-1.25711788e+00
-1.25768899e+00
-1.25826819e+00
-1.25884840e+00
-1.25942708e+00
-1.25999697e+00
-1.26055597e+00
-1.26109705e+00
-1.26161857e+00
-1.26211347e+00
-1.26257985e+00
-1.26300969e+00
-1.26339959e+00
-1.26373903e+00
-1.26402131e+00
-1.26423149e+00
-1.26435741e+00
-1.26437747e+00
-1.26427173e+00
-1.26400979e+00
-1.26356194e+00
-1.26288742e+00
-1.26194585e+00
-1.26068619e+00
-1.25905865e+00
-1.25700496e+00
-1.25447107e+00
-1.25139930e+00
-1.24774227e+00
-1.24345750e+00
-1.23852283e+00
-1.23293368e+00
-1.22671961e+00
-1.21994345e+00
-1.21271696e+00
-1.20519875e+00
-1.19760428e+00
-1.19019607e+00
-1.18328023e+00
-1.17718127e+00
-1.17221931e+00
-1.16866937e+00
-1.16672825e+00
-1.16647903e+00
-1.16787930e+00
-1.17076744e+00
-1.17490259e+00
-1.17978750e+00
-1.24726242e+00
-1.24953063e+00
-1.25119494e+00
-1.25253001e+00
-1.25359036e+00
-1.25443511e+00
-1.25511860e+00
-1.25568962e+00
-1.25618654e+00
-1.25664135e+00
-1.25707595e+00
-1.25750816e+00
-1.25794739e+00
-1.25840168e+00
-1.25887223e+00
-1.25936114e+00
-1.25986487e+00
-1.26038256e+00
-1.26090849e+00
-1.26144090e+00
-1.26197354e+00
-1.26250497e+00
-1.26302921e+00
-1.26354548e+00
-1.26404811e+00
-1.26453660e+00
-1.26500496e+00
-1.26545194e+00
-1.26586990e+00
-1.26625525e+00
-1.26659687e+00
-1.26688671e+00
-1.26710788e+00
-1.26724534e+00
-1.26727395e+00
-1.26716910e+00
-1.26689499e+00
-1.26641534e+00
-1.26568220e+00
-1.26464687e+00
-1.26324971e+00
-1.26143165e+00
-1.25912547e+00
-1.25626841e+00
-1.25279568e+00
-1.24865459e+00
-1.24380095e+00
-1.23821521e+00
-1.23190196e+00
-1.22490756e+00
-1.21732168e+00
-1.20929368e+00
-1.20103166e+00
-1.19281072e+00
-1.18496031e+00
-1.17785326e+00
-1.17187113e+00
-1.16736832e+00
-1.16461998e+00
-1.16378129e+00
-1.16485559e+00
-1.16769884e+00
-1.17205599e+00
-1.17739958e+00
-1.25075334e+00
-1.25312184e+00
-1.25485319e+00
-1.25622011e+00
-1.25728026e+00
-1.25809624e+00
-1.25872972e+00
-1.25923378e+00
-1.25965410e+00
-1.26002486e+00
-1.26037366e+00
-1.26071796e+00
-1.26107166e+00
-1.26144064e+00
-1.26183014e+00
-1.26223919e+00
-1.26266845e+00
-1.26311354e+00
-1.26357340e+00
-1.26404257e+00
-1.26451995e+00
-1.26500028e+00
-1.26548322e+00
-1.26596405e+00
-1.26644317e+00
-1.26691605e+00
-1.26738306e+00
-1.26783884e+00
-1.26828233e+00
-1.26870570e+00
-1.26910447e+00
-1.26946616e+00
-1.26978038e+00
-1.27002735e+00
-1.27018794e+00
-1.27023220e+00
-1.27012947e+00
-1.26983711e+00
-1.26931074e+00
-1.26849366e+00
-1.26732742e+00
-1.26574234e+00
-1.26366893e+00
-1.26103016e+00
-1.25775420e+00
-1.25376935e+00
-1.24901870e+00
-1.24345861e+00
-1.23707583e+00
-1.22988970e+00
-1.22197130e+00
-1.21344768e+00
-1.20451909e+00
-1.19545876e+00
-1.18661795e+00
-1.17840776e+00
-1.17127672e+00
-1.16566187e+00
-1.16193590e+00
-1.16034329e+00
-1.16095765e+00
-1.16366677e+00
-1.16821107e+00
-1.17403023e+00
-1.25465717e+00
-1.25715439e+00
-1.25896450e+00
-1.26035993e+00
-1.26140160e+00
-1.26216085e+00
-1.26270707e+00
-1.26310408e+00
-1.26340376e+00
-1.26364883e+00
-1.26386938e+00
-1.26408875e+00
-1.26432015e+00
-1.26457373e+00
-1.26485219e+00
-1.26515832e+00
-1.26548934e+00
-1.26584484e+00
-1.26621997e+00
-1.26661368e+00
-1.26702100e+00
-1.26744158e+00
-1.26787113e+00
-1.26831035e+00
-1.26875564e+00
-1.26920826e+00
-1.26966452e+00
-1.27012515e+00
-1.27058493e+00
-1.27104229e+00
-1.27148849e+00
-1.27191724e+00
-1.27231371e+00
-1.27266405e+00
-1.27294429e+00
-1.27312987e+00
-1.27318458e+00
-1.27307013e+00
-1.27273548e+00
-1.27212657e+00
-1.27117645e+00
-1.26981552e+00
-1.26796297e+00
-1.26553805e+00
-1.26245362e+00
-1.25862903e+00
-1.25398681e+00
-1.24846809e+00
-1.24203335e+00
-1.23468114e+00
-1.22645339e+00
-1.21745657e+00
-1.20786907e+00
-1.19795916e+00
-1.18808454e+00
-1.17869175e+00
-1.17028815e+00
-1.16340215e+00
-1.15851417e+00
-1.15598377e+00
-1.15597820e+00
-1.15844206e+00
-1.16312203e+00
-1.16942712e+00
-1.25901598e+00
-1.26167739e+00
-1.26358059e+00
-1.26499712e+00
-1.26599590e+00
-1.26665908e+00
-1.26707115e+00
-1.26730773e+00
-1.26743402e+00
-1.26749977e+00
-1.26754387e+00
-1.26759154e+00
-1.26766127e+00
-1.26776169e+00
-1.26789909e+00
-1.26807303e+00
-1.26828399e+00
-1.26852764e+00
-1.26880269e+00
-1.26910400e+00
-1.26943069e+00
-1.26977830e+00
-1.27014719e+00
-1.27053397e+00
-1.27094013e+00
-1.27136286e+00
-1.27180392e+00
-1.27225991e+00
-1.27273133e+00
-1.27321237e+00
-1.27370008e+00
-1.27418383e+00
-1.27465445e+00
-1.27509350e+00
-1.27548232e+00
-1.27579131e+00
-1.27598892e+00
-1.27603106e+00
-1.27587020e+00
-1.27544527e+00
-1.27469101e+00
-1.27352890e+00
-1.27187706e+00
-1.26964286e+00
-1.26673401e+00
-1.26305363e+00
-1.25851343e+00
-1.25303239e+00
-1.24655314e+00
-1.23904564e+00
-1.23052780e+00
-1.22107471e+00
-1.21084241e+00
-1.20007890e+00
-1.18914232e+00
-1.17849843e+00
-1.16871019e+00
-1.16039312e+00
-1.15415004e+00
-1.15047538e+00
-1.14966346e+00
-1.15174339e+00
-1.15648936e+00
-1.16328300e+00
-1.26389042e+00
-1.26676183e+00
-1.26877328e+00
-1.27019811e+00
-1.27111656e+00
-1.27163037e+00
-1.27184336e+00
-1.27185192e+00
-1.27173562e+00
-1.27155834e+00
-1.27136523e+00
-1.27118918e+00
-1.27104898e+00
-1.27095721e+00
-1.27091729e+00
-1.27093138e+00
-1.27099581e+00
-1.27110883e+00
-1.27126468e+00
-1.27146130e+00
-1.27169338e+00
-1.27196016e+00
-1.27225768e+00
-1.27258684e+00
-1.27294488e+00
-1.27333372e+00
-1.27375093e+00
-1.27419814e+00
-1.27467161e+00
-1.27517076e+00
-1.27568830e+00
-1.27621881e+00
-1.27674861e+00
-1.27726427e+00
-1.27774235e+00
-1.27815782e+00
-1.27847385e+00
-1.27865019e+00
-1.27863322e+00
-1.27836450e+00
-1.27777147e+00
-1.27677633e+00
-1.27528791e+00
-1.27321143e+00
-1.27044221e+00
-1.26687687e+00
-1.26240998e+00
-1.25694775e+00
-1.25040900e+00
-1.24274289e+00
-1.23393603e+00
-1.22403587e+00
-1.21316469e+00
-1.20154694e+00
-1.18952410e+00
-1.17757216e+00
-1.16629321e+00
-1.15638822e+00
-1.14858529e+00
-1.14353841e+00
-1.14170111e+00
-1.14322760e+00
-1.14794689e+00
-1.15522485e+00
-1.26936778e+00
-1.27250790e+00
-1.27464344e+00
-1.27605173e+00
-1.27683439e+00
-1.27712133e+00
-1.27704825e+00
-1.27673768e+00
-1.27629271e+00
-1.27579122e+00
-1.27529071e+00
-1.27482771e+00
-1.27442612e+00
-1.27409640e+00
-1.27384398e+00
-1.27366652e+00
-1.27356170e+00
-1.27352269e+00
-1.27354550e+00
-1.27362309e+00
-1.27375267e+00
-1.27392875e+00
-1.27415064e+00
-1.27441472e+00
-1.27472209e+00
-1.27507031e+00
-1.27546120e+00
-1.27589209e+00
-1.27636376e+00
-1.27687124e+00
-1.27741186e+00
-1.27797571e+00
-1.27855365e+00
-1.27912753e+00
-1.27967818e+00
-1.28017553e+00
-1.28058649e+00
-1.28086528e+00
-1.28096124e+00
-1.28080959e+00
-1.28033947e+00
-1.27946548e+00
-1.27809627e+00
-1.27612742e+00
-1.27345104e+00
-1.26995085e+00
-1.26551354e+00
-1.26002714e+00
-1.25339551e+00
-1.24554188e+00
-1.23642855e+00
-1.22606824e+00
-1.21455138e+00
-1.20206620e+00
-1.18893088e+00
-1.17561216e+00
-1.16273970e+00
-1.15108497e+00
-1.14150513e+00
-1.13482931e+00
-1.13171032e+00
-1.13247364e+00
-1.13704646e+00
-1.14479737e+00
-1.27557338e+00
-1.27905886e+00
-1.28133072e+00
-1.28267865e+00
-1.28323901e+00
-1.28318865e+00
-1.28270792e+00
-1.28195943e+00
-1.28107396e+00
-1.28015082e+00
-1.27925730e+00
-1.27843777e+00
-1.27771547e+00
-1.27710234e+00
-1.27659881e+00
-1.27620226e+00
-1.27590425e+00
-1.27569800e+00
-1.27557357e+00
-1.27552492e+00
-1.27554382e+00
-1.27562679e+00
-1.27576816e+00
-1.27596712e+00
-1.27622011e+00
-1.27652808e+00
-1.27688835e+00
-1.27730201e+00
-1.27776537e+00
-1.27827740e+00
-1.27883088e+00
-1.27941986e+00
-1.28003048e+00
-1.28064838e+00
-1.28124942e+00
-1.28180700e+00
-1.28228272e+00
-1.28263369e+00
-1.28280344e+00
-1.28272925e+00
-1.28233365e+00
-1.28153205e+00
-1.28022521e+00
-1.27830755e+00
-1.27566119e+00
-1.27216549e+00
-1.26769355e+00
-1.26212387e+00
-1.25534065e+00
-1.24724933e+00
-1.23778329e+00
-1.22692630e+00
-1.21472944e+00
-1.20134407e+00
-1.18705015e+00
-1.17229442e+00
-1.15771217e+00
-1.14413277e+00
-1.13253333e+00
-1.12393462e+00
-1.11922567e+00
-1.11896442e+00
-1.12323391e+00
-1.13144056e+00
-1.28269037e+00
-1.28662044e+00
-1.28903142e+00
-1.29023996e+00
-1.29044478e+00
-1.28989504e+00
-1.28883999e+00
-1.28749478e+00
-1.28602921e+00
-1.28456408e+00
-1.28318041e+00
-1.28192467e+00
-1.28082140e+00
-1.27987663e+00
-1.27908823e+00
-1.27844570e+00
-1.27793817e+00
-1.27755128e+00
-1.27727403e+00
-1.27709377e+00
-1.27700263e+00
-1.27699140e+00
-1.27705593e+00
-1.27719029e+00
-1.27739331e+00
-1.27766115e+00
-1.27799406e+00
-1.27838850e+00
-1.27884398e+00
-1.27935486e+00
-1.27991724e+00
-1.28052041e+00
-1.28115374e+00
-1.28179795e+00
-1.28243189e+00
-1.28302376e+00
-1.28353778e+00
-1.28392548e+00
-1.28413242e+00
-1.28408982e+00
-1.28372136e+00
-1.28293559e+00
-1.28163310e+00
-1.27970010e+00
-1.27701644e+00
-1.27345093e+00
-1.26887083e+00
-1.26313989e+00
-1.25613039e+00
-1.24772570e+00
-1.23783723e+00
-1.22641511e+00
-1.21347486e+00
-1.19912196e+00
-1.18359358e+00
-1.16729793e+00
-1.15086036e+00
-1.13514491e+00
-1.12123963e+00
-1.11036281e+00
-1.10368213e+00
-1.10205852e+00
-1.10581578e+00
-1.11445437e+00
-1.29099127e+00
-1.29549408e+00
-1.29802185e+00
-1.29895215e+00
-1.29859156e+00
-1.29730673e+00
-1.29544550e+00
-1.29329677e+00
-1.29107497e+00
-1.28892701e+00
-1.28694169e+00
-1.28516724e+00
-1.28362070e+00
-1.28230217e+00
-1.28119846e+00
-1.28029291e+00
-1.27956435e+00
-1.27899433e+00
-1.27856331e+00
-1.27825679e+00
-1.27805994e+00
-1.27796347e+00
-1.27795741e+00
-1.27803698e+00
-1.27819586e+00
-1.27843217e+00
-1.27874137e+00
-1.27912233e+00
-1.27956987e+00
-1.28008100e+00
-1.28064704e+00
-1.28125994e+00
-1.28190416e+00
-1.28256291e+00
-1.28320994e+00
-1.28381563e+00
-1.28433879e+00
-1.28473276e+00
-1.28493731e+00
-1.28488483e+00
-1.28449271e+00
-1.28366972e+00
-1.28230929e+00
-1.28029638e+00
-1.27750210e+00
-1.27379154e+00
-1.26902034e+00
-1.26304419e+00
-1.25571846e+00
-1.24691077e+00
-1.23650607e+00
-1.22442585e+00
-1.21064405e+00
-1.19522054e+00
-1.17833702e+00
-1.16035241e+00
-1.14185804e+00
-1.12373246e+00
-1.10715473e+00
-1.09354673e+00
-1.08439474e+00
-1.08095364e+00
-1.08390580e+00
-1.09294339e+00
-1.30089336e+00
-1.30612903e+00
-1.30869599e+00
-1.30910161e+00
-1.30784559e+00
-1.30547929e+00
-1.30249465e+00
-1.29927316e+00
-1.29608200e+00
-1.29308791e+00
-1.29038344e+00
-1.28800667e+00
-1.28596311e+00
-1.28423614e+00
-1.28280037e+00
-1.28162409e+00
-1.28067746e+00
-1.27993031e+00
-1.27935809e+00
-1.27893741e+00
-1.27865126e+00
-1.27848344e+00
-1.27842367e+00
-1.27846150e+00
-1.27859148e+00
-1.27880673e+00
-1.27910428e+00
-1.27947827e+00
-1.27992546e+00
-1.28043814e+00
-1.28100971e+00
-1.28162729e+00
-1.28227733e+00
-1.28293805e+00
-1.28358496e+00
-1.28418322e+00
-1.28469310e+00
-1.28506241e+00
-1.28523193e+00
-1.28512815e+00
-1.28466878e+00
-1.28375609e+00
-1.28228276e+00
-1.28012613e+00
-1.27715472e+00
-1.27322391e+00
-1.26818352e+00
-1.26187558e+00
-1.25414379e+00
-1.24483471e+00
-1.23381108e+00
-1.22095986e+00
-1.20621495e+00
-1.18958092e+00
-1.17117750e+00
-1.15129386e+00
-1.13046617e+00
-1.10955578e+00
-1.08981154e+00
-1.07285597e+00
-1.06054216e+00
-1.05463181e+00
-1.05634173e+00
-1.06572248e+00
-1.31305626e+00
-1.31921113e+00
-1.32161741e+00
-1.32106165e+00
-1.31838620e+00
-1.31443400e+00
-1.30989441e+00
-1.30526144e+00
-1.30084917e+00
-1.29683384e+00
-1.29329314e+00
-1.29024367e+00
-1.28766371e+00
-1.28551405e+00
-1.28374591e+00
-1.28231150e+00
-1.28116396e+00
-1.28026342e+00
-1.27957347e+00
-1.27906564e+00
-1.27871442e+00
-1.27850153e+00
-1.27841022e+00
-1.27842978e+00
-1.27854941e+00
-1.27876301e+00
-1.27906281e+00
-1.27944426e+00
-1.27989951e+00
-1.28042238e+00
-1.28100163e+00
-1.28162591e+00
-1.28227690e+00
-1.28293419e+00
-1.28356832e+00
-1.28414559e+00
-1.28462107e+00
-1.28494335e+00
-1.28504773e+00
-1.28486099e+00
-1.28429491e+00
-1.28325127e+00
-1.28161600e+00
-1.27926458e+00
-1.27605717e+00
-1.27184475e+00
-1.26646571e+00
-1.25975298e+00
-1.25153288e+00
-1.24163427e+00
-1.22989119e+00
-1.21615709e+00
-1.20031661e+00
-1.18231394e+00
-1.16218887e+00
-1.14014078e+00
-1.11661405e+00
-1.09241374e+00
-1.06881813e+00
-1.04764218e+00
-1.03115710e+00
-1.02178641e+00
-1.02154688e+00
-1.03115100e+00
-1.32856567e+00
-1.33581107e+00
-1.33759317e+00
-1.33529576e+00
-1.33037085e+00
-1.32410355e+00
-1.31743910e+00
-1.31098310e+00
-1.30507456e+00
-1.29986606e+00
-1.29539457e+00
-1.29162903e+00
-1.28850610e+00
-1.28594796e+00
-1.28387729e+00
-1.28222034e+00
-1.28091341e+00
-1.27990004e+00
-1.27913476e+00
-1.27857833e+00
-1.27820093e+00
-1.27797680e+00
-1.27788766e+00
-1.27791708e+00
-1.27805427e+00
-1.27828829e+00
-1.27861216e+00
-1.27901689e+00
-1.27949575e+00
-1.28003820e+00
-1.28063418e+00
-1.28126788e+00
-1.28192210e+00
-1.28257181e+00
-1.28318847e+00
-1.28373356e+00
-1.28416281e+00
-1.28441978e+00
-1.28444008e+00
-1.28414515e+00
-1.28344650e+00
-1.28224002e+00
-1.28041035e+00
-1.27782589e+00
-1.27434361e+00
-1.26980494e+00
-1.26404130e+00
-1.25687123e+00
-1.24810691e+00
-1.23755330e+00
-1.22501668e+00
-1.21030822e+00
-1.19325906e+00
-1.17373700e+00
-1.15168414e+00
-1.12717369e+00
-1.10050990e+00
-1.07237062e+00
-1.04399276e+00
-1.01734048e+00
-9.95153992e-01
-9.80727518e-01
-9.77302020e-01
-9.86823744e-01
-1.34929487e+00
-1.35763851e+00
-1.35775879e+00
-1.35232246e+00
-1.34384105e+00
-1.33423211e+00
-1.32472154e+00
-1.31598216e+00
-1.30831111e+00
-1.30177962e+00
-1.29633461e+00
-1.29186618e+00
-1.28824360e+00
-1.28533853e+00
-1.28303243e+00
-1.28122344e+00
-1.27982396e+00
-1.27876302e+00
-1.27798118e+00
-1.27743220e+00
-1.27707761e+00
-1.27688875e+00
-1.27684136e+00
-1.27691828e+00
-1.27710406e+00
-1.27738813e+00
-1.27775941e+00
-1.27820975e+00
-1.27872851e+00
-1.27930612e+00
-1.27992857e+00
-1.28058101e+00
-1.28124212e+00
-1.28188770e+00
-1.28248493e+00
-1.28299591e+00
-1.28337192e+00
-1.28355692e+00
-1.28348184e+00
-1.28306815e+00
-1.28222236e+00
-1.28083969e+00
-1.27879899e+00
-1.27596662e+00
-1.27219198e+00
-1.26731164e+00
-1.26114567e+00
-1.25350205e+00
-1.24417388e+00
-1.23294425e+00
-1.21958487e+00
-1.20386261e+00
-1.18554268e+00
-1.16440392e+00
-1.14026135e+00
-1.11301912e+00
-1.08276403e+00
-1.04993533e+00
-1.01558139e+00
-9.81686984e-01
-9.51449926e-01
-9.29296037e-01
-9.20369075e-01
-9.28971457e-01
-1.37865994e+00
-1.38746301e+00
-1.38363029e+00
-1.37255954e+00
-1.35851194e+00
-1.34418505e+00
-1.33099701e+00
-1.31953615e+00
-1.30992284e+00
-1.30204290e+00
-1.29568630e+00
-1.29061854e+00
-1.28661807e+00
-1.28348877e+00
-1.28106610e+00
-1.27921337e+00
-1.27782107e+00
-1.27680021e+00
-1.27608143e+00
-1.27560866e+00
-1.27533940e+00
-1.27523900e+00
-1.27528207e+00
-1.27544722e+00
-1.27571921e+00
-1.27608400e+00
-1.27653130e+00
-1.27704973e+00
-1.27762961e+00
-1.27825812e+00
-1.27892221e+00
-1.27960363e+00
-1.28028191e+00
-1.28092929e+00
-1.28151366e+00
-1.28199342e+00
-1.28232040e+00
-1.28243472e+00
-1.28226764e+00
-1.28173663e+00
-1.28074814e+00
-1.27919295e+00
-1.27694902e+00
-1.27387716e+00
-1.26982399e+00
-1.26461795e+00
-1.25807222e+00
-1.24998097e+00
-1.24012190e+00
-1.22825228e+00
-1.21411071e+00
-1.19741285e+00
-1.17785320e+00
-1.15510429e+00
-1.12882874e+00
-1.09870681e+00
-1.06451258e+00
-1.02627449e+00
-9.84589085e-01
-9.41131349e-01
-8.99320828e-01
-8.64891588e-01
-8.45911745e-01
-8.51255664e-01
-1.42328201e+00
-1.42974861e+00
-1.41693755e+00
-1.39586540e+00
-1.37332359e+00
-1.35262496e+00
-1.33498586e+00
-1.32056239e+00
-1.30905253e+00
-1.30000724e+00
-1.29297200e+00
-1.28754484e+00
-1.28339005e+00
-1.28023772e+00
-1.27787306e+00
-1.27612852e+00
-1.27487239e+00
-1.27400340e+00
-1.27344194e+00
-1.27312763e+00
-1.27301272e+00
-1.27306169e+00
-1.27324596e+00
-1.27354471e+00
-1.27394028e+00
-1.27441973e+00
-1.27497052e+00
-1.27558252e+00
-1.27624372e+00
-1.27694252e+00
-1.27766334e+00
-1.27838903e+00
-1.27909645e+00
-1.27975877e+00
-1.28034106e+00
-1.28080258e+00
-1.28109225e+00
-1.28115093e+00
-1.28090694e+00
-1.28027831e+00
-1.27916841e+00
-1.27746818e+00
-1.27505199e+00
-1.27177976e+00
-1.26749305e+00
-1.26201693e+00
-1.25515596e+00
-1.24669535e+00
-1.23639615e+00
-1.22399451e+00
-1.20919456e+00
-1.19166387e+00
-1.17102187e+00
-1.14682992e+00
-1.11857710e+00
-1.08567690e+00
-1.04748864e+00
-1.00342013e+00
-9.53207750e-01
-8.97548349e-01
-8.39259093e-01
-7.84959288e-01
-7.46765664e-01
-7.42323217e-01
-1.49681441e+00
-1.49127598e+00
-1.45865447e+00
-1.42036295e+00
-1.38558393e+00
-1.35702656e+00
-1.33466778e+00
-1.31757325e+00
-1.30466155e+00
-1.29497372e+00
-1.28773907e+00
-1.28236308e+00
-1.27839667e+00
-1.27550176e+00
-1.27342522e+00
-1.27197589e+00
-1.27101034e+00
-1.27041921e+00
-1.27012048e+00
-1.27005102e+00
-1.27016389e+00
-1.27042249e+00
-1.27080005e+00
-1.27127504e+00
-1.27183178e+00
-1.27245651e+00
-1.27313860e+00
-1.27386680e+00
-1.27463083e+00
-1.27541767e+00
-1.27621330e+00
-1.27699891e+00
-1.27775273e+00
-1.27844615e+00
-1.27904550e+00
-1.27950819e+00
-1.27978436e+00
-1.27981305e+00
-1.27952378e+00
-1.27883282e+00
-1.27764466e+00
-1.27584839e+00
-1.27331909e+00
-1.26991428e+00
-1.26547510e+00
-1.25982246e+00
-1.25275754e+00
-1.24405706e+00
-1.23347181e+00
-1.22071925e+00
-1.20547740e+00
-1.18737093e+00
-1.16595471e+00
-1.14068538e+00
-1.11088445e+00
-1.07568527e+00
-1.03397507e+00
-9.84356772e-01
-9.25233144e-01
-8.55265655e-01
-7.74759269e-01
-6.88841706e-01
-6.13191873e-01
-5.80970946e-01
-1.62891287e+00
-1.58007852e+00
-1.50553374e+00
-1.43980972e+00
-1.38960993e+00
-1.35320424e+00
-1.32726207e+00
-1.30883633e+00
-1.29572333e+00
-1.28636865e+00
-1.27969426e+00
-1.27495260e+00
-1.27161982e+00
-1.26932491e+00
-1.26780082e+00
-1.26685393e+00
-1.26634145e+00
-1.26615831e+00
-1.26622574e+00
-1.26648567e+00
-1.26689405e+00
-1.26741874e+00
-1.26803497e+00
-1.26872491e+00
-1.26947406e+00
-1.27027166e+00
-1.27110757e+00
-1.27197306e+00
-1.27285783e+00
-1.27375099e+00
-1.27463812e+00
-1.27550235e+00
-1.27632128e+00
-1.27706809e+00
-1.27770844e+00
-1.27820149e+00
-1.27849676e+00
-1.27853512e+00
-1.27824563e+00
-1.27754648e+00
-1.27634185e+00
-1.27452282e+00
-1.27196420e+00
-1.26852524e+00
-1.26404636e+00
-1.25834918e+00
-1.25123262e+00
-1.24247136e+00
-1.23180972e+00
-1.21895637e+00
-1.20357248e+00
-1.18525700e+00
-1.16352039e+00
-1.13774652e+00
-1.10712920e+00
-1.07057422e+00
-1.02654210e+00
-9.72812052e-01
-9.06163319e-01
-8.22113746e-01
-7.15353687e-01
-5.82986956e-01
-4.35959186e-01
-3.27294605e-01
-1.88486207e+00
-1.69455276e+00
-1.54005273e+00
-1.43898865e+00
-1.37557767e+00
-1.33557935e+00
-1.30984686e+00
-1.29293673e+00
-1.28163581e+00
-1.27401254e+00
-1.26887190e+00
-1.26544951e+00
-1.26324083e+00
-1.26190248e+00
-1.26119543e+00
-1.26094939e+00
-1.26104189e+00
-1.26138329e+00
-1.26190835e+00
-1.26256876e+00
-1.26332961e+00
-1.26416494e+00
-1.26505639e+00
-1.26599004e+00
-1.26695607e+00
-1.26794625e+00
-1.26895403e+00
-1.26997227e+00
-1.27099361e+00
-1.27200820e+00
-1.27300417e+00
-1.27396534e+00
-1.27487168e+00
-1.27569699e+00
-1.27640923e+00
-1.27696822e+00
-1.27732591e+00
-1.27742399e+00
-1.27719414e+00
-1.27655565e+00
-1.27541560e+00
-1.27366646e+00
-1.27118619e+00
-1.26783574e+00
-1.26345875e+00
-1.25787866e+00
-1.25089743e+00
-1.24229117e+00
-1.23180635e+00
-1.21915162e+00
-1.20398758e+00
-1.18590861e+00
-1.16441607e+00
-1.13887277e+00
-1.10842918e+00
-1.07189488e+00
-1.02751213e+00
-9.72537528e-01
-9.02453804e-01
-8.09488001e-01
-6.80097003e-01
-4.92402909e-01
-2.22991971e-01
9.13751427e-02
-2.40278146e+00
-1.77771007e+00
-1.51565233e+00
-1.39520269e+00
-1.33455198e+00
-1.30149942e+00
-1.28230694e+00
-1.27064589e+00
-1.26338087e+00
-1.25884468e+00
-1.25608770e+00
-1.25453396e+00
-1.25381416e+00
-1.25368118e+00
-1.25396371e+00
-1.25454065e+00
-1.25532471e+00
-1.25625302e+00
-1.25727981e+00
-1.25837246e+00
-1.25950751e+00
-1.26066890e+00
-1.26184536e+00
-1.26302965e+00
-1.26421659e+00
-1.26540277e+00
-1.26658483e+00
-1.26775940e+00
-1.26892145e+00
-1.27006431e+00
-1.27117802e+00
-1.27224928e+00
-1.27325980e+00
-1.27418619e+00
-1.27499816e+00
-1.27565846e+00
-1.27612093e+00
-1.27633038e+00
-1.27622068e+00
-1.27571453e+00
-1.27472157e+00
-1.27313807e+00
-1.27084505e+00
-1.26770778e+00
-1.26357371e+00
-1.25827148e+00
-1.25160810e+00
-1.24336659e+00
-1.23330105e+00
-1.22113079e+00
-1.20652984e+00
-1.18911206e+00
-1.16840594e+00
-1.14381488e+00
-1.11454857e+00
-1.07950329e+00
-1.03703667e+00
-9.84516710e-01
-9.17333285e-01
-8.26523721e-01
-6.92594187e-01
-4.69146663e-01
-4.47758740e-02
8.14090174e-01
SCALARS vorticity double 1
LOOKUP_TABLE default
4.21535663e-04
-4.57322206e-03
-4.20057432e-03
4.56208911e-03
1.91430121e-02
3.84784932e-02
6.19474476e-02
8.90056046e-02
1.19101662e-01
1.51680705e-01
1.86203234e-01
2.22161992e-01
2.59091057e-01
2.96570050e-01
3.34223299e-01
3.71717239e-01
4.08755449e-01
4.45073801e-01
4.80434680e-01
5.14622192e-01
5.47437145e-01
5.78693336e-01
6.08213941e-01
6.35829225e-01
6.61374479e-01
6.84689144e-01
7.05616186e-01
7.24002463e-01
7.39699327e-01
7.52564013e-01
7.62461235e-01
7.69265370e-01
7.72862838e-01
7.73154857e-01
7.70060404e-01
7.63519340e-01
7.53495734e-01
7.39981139e-01
7.22998047e-01
7.02603052e-01
6.78890168e-01
6.51993576e-01
6.22090460e-01
5.89403004e-01
5.54200351e-01
5.16799438e-01
4.77565668e-01
4.36912126e-01
3.95298505e-01
3.53228233e-01
3.11245129e-01
2.69927872e-01
2.29883643e-01
1.91738880e-01
1.56128160e-01
1.23678011e-01
9.49845269e-02
7.05762009e-02
5.08481557e-02
3.59272370e-02
2.53765181e-02
1.75266654e-02
8.08172204e-03
-4.22125995e-04
1.01483993e-02
8.03515738e-03
9.36970388e-03
1.84623690e-02
3.26277175e-02
5.09097004e-02
7.28206114e-02
9.79438113e-02
1.25840797e-01
1.56049962e-01
1.88105709e-01
2.21556325e-01
2.55976257e-01
2.90972686e-01
3.26188021e-01
3.61299316e-01
3.96015974e-01
4.30076250e-01
4.63243408e-01
4.95301675e-01
5.26052536e-01
5.55311311e-01
5.82904367e-01
6.08666802e-01
6.32440836e-01
6.54074717e-01
6.73422278e-01
6.90342975e-01
7.04702473e-01
7.16373644e-01
7.25237990e-01
7.31187403e-01
7.34126234e-01
7.33973603e-01
7.30665919e-01
7.24159553e-01
7.14433588e-01
7.01492652e-01
6.85369684e-01
6.66128684e-01
6.43867255e-01
6.18718994e-01
5.90855526e-01
5.60488232e-01
5.27869435e-01
4.93293116e-01
4.57094871e-01
4.19651203e-01
3.81377803e-01
3.42726917e-01
3.04183352e-01
2.66259158e-01
2.29486328e-01
1.94407227e-01
1.61561420e-01
1.31467333e-01
1.04594739e-01
8.13206692e-02
6.18513711e-02
4.60710361e-02
3.32222697e-02
2.11934787e-02
4.91259446e-03
-6.68800413e-03
2.15023322e-02
2.57034179e-02
3.17872952e-02
4.18335458e-02
5.52690534e-02
7.17270585e-02
9.09641328e-02
1.12745992e-01
1.36801486e-01
1.62819197e-01
1.90460460e-01
2.19375221e-01
2.49215569e-01
2.79645493e-01
3.10347123e-01
3.41024060e-01
3.71402579e-01
4.01231299e-01
4.30279917e-01
4.58337354e-01
4.85209691e-01
5.10718079e-01
5.34696832e-01
5.56991775e-01
5.77458956e-01
5.95963726e-01
6.12380235e-01
6.26591299e-01
6.38488657e-01
6.47973561e-01
6.54957673e-01
6.59364233e-01
6.61129449e-01
6.60204069e-01
6.56555084e-01
6.50167527e-01
6.41046310e-01
6.29218062e-01
6.14732913e-01
5.97666184e-01
5.78119921e-01
5.56224233e-01
5.32138364e-01
5.06051458e-01
4.78182923e-01
4.48782352e-01
4.18128872e-01
3.86529863e-01
3.54318857e-01
3.21852491e-01
2.89506205e-01
2.57668382e-01
2.26732315e-01
1.97085192e-01
1.69092629e-01
1.43076417e-01
1.19281271e-01
9.78232482e-02
7.86066202e-02
6.11868708e-02
4.45477561e-02
2.67754973e-02
4.77275920e-03
-8.29607158e-03
3.18127259e-02
3.95395436e-02
5.02703509e-02
6.18153617e-02
7.48888164e-02
8.97774507e-02
1.06587306e-01
1.25309349e-01
1.45843284e-01
1.68016642e-01
1.91604350e-01
2.16347220e-01
2.41967773e-01
2.68182739e-01
2.94712319e-01
3.21286598e-01
3.47649652e-01
3.73561851e-01
3.98800844e-01
4.23161605e-01
4.46455868e-01
4.68511217e-01
4.89170027e-01
5.08288403e-01
5.25735233e-01
5.41391428e-01
5.55149390e-01
5.66912735e-01
5.76596272e-01
5.84126226e-01
5.89440684e-01
5.92490233e-01
5.93238756e-01
5.91664348e-01
5.87760310e-01
5.81536186e-01
5.73018789e-01
5.62253204e-01
5.49303694e-01
5.34254499e-01
5.17210489e-01
4.98297609e-01
4.77663113e-01
4.55475512e-01
4.31924210e-01
4.07218749e-01
3.81587603e-01
3.55276412e-01
3.28545508e-01
3.01666559e-01
2.74918021e-01
2.48579011e-01
2.22920975e-01
1.98196257e-01
1.74622171e-01
1.52358500e-01
1.31475278e-01
1.11906314e-01
9.33826837e-02
7.53415081e-02
5.68160947e-02
3.63538966e-02
1.21207489e-02
-2.05078301e-03
4.52716238e-02
5.46580060e-02
6.80788806e-02
8.04137635e-02
9.28595255e-02
1.06097471e-01
1.20510143e-01
1.36286888e-01
1.53479134e-01
1.72035659e-01
1.91829450e-01
2.12679794e-01
2.34370597e-01
2.56665237e-01
2.79318245e-01
3.02084174e-01
3.24724061e-01
3.47009906e-01
3.68727563e-01
3.89678412e-01
4.09680114e-01
4.28566734e-01
4.46188441e-01
4.62410970e-01
4.77114988e-01
4.90195465e-01
5.01561131e-01
5.11134054e-01
5.18849371e-01
5.24655184e-01
5.28512592e-01
5.30395865e-01
5.30292711e-01
5.28204615e-01
5.24147219e-01
5.18150688e-01
5.10260058e-01
5.00535502e-01
4.89052512e-01
4.75901942e-01
4.61189908e-01
4.45037506e-01
4.27580327e-01
4.08967741e-01
3.89361904e-01
3.68936461e-01
3.47874854e-01
3.26368171e-01
3.04612374e-01
2.82804744e-01
2.61139246e-01
2.39800435e-01
2.18955337e-01
1.98742528e-01
1.79257316e-01
1.60531589e-01
1.42506577e-01
1.24996731e-01
1.07644128e-01
8.98670605e-02
7.08177763e-02
4.93880191e-02
2.43348692e-02
9.63296729e-03
6.34605060e-02
7.31540981e-02
8.71999150e-02
9.91754208e-02
1.10362210e-01
1.21612003e-01
1.33473109e-01
1.46275792e-01
1.60188281e-01
1.75255946e-01
1.91431154e-01
2.08597412e-01
2.26589378e-01
2.45209418e-01
2.64241095e-01
2.83459919e-01
3.02641676e-01
3.21568658e-01
3.40034143e-01
3.57845422e-01
3.74825682e-01
3.90815006e-01
4.05670727e-01
4.19267334e-01
4.31496098e-01
4.42264547e-01
4.51495881e-01
4.59128421e-01
4.65115099e-01
4.69423043e-01
4.72033251e-01
4.72940328e-01
4.72152296e-01
4.69690427e-01
4.65589078e-01
4.59895507e-01
4.52669615e-01
4.43983625e-01
4.33921633e-01
4.22579043e-01
4.10061846e-01
3.96485742e-01
3.81975074e-01
3.66661565e-01
3.50682834e-01
3.34180638e-01
3.17298814e-01
3.00180815e-01
2.82966745e-01
2.65789712e-01
2.48771265e-01
2.32015594e-01
2.15602028e-01
1.99575261e-01
1.83932589e-01
1.68607347e-01
1.53447885e-01
1.38192016e-01
1.22438552e-01
1.05621261e-01
8.69972038e-02
6.56699573e-02
4.06696845e-02
2.59485747e-02
8.68040090e-02
9.57991789e-02
1.08707555e-01
1.19132247e-01
1.28289726e-01
1.37071130e-01
1.46101710e-01
1.55795412e-01
1.66399007e-01
1.78027256e-01
1.90691651e-01
2.04324546e-01
2.18799705e-01
2.33949774e-01
2.49580961e-01
2.65485144e-01
2.81449610e-01
2.97264678e-01
3.12729444e-01
3.27655922e-01
3.41871856e-01
3.55222444e-01
3.67571232e-01
3.78800372e-01
3.88810447e-01
3.97520001e-01
4.04864904e-01
4.10797638e-01
4.15286571e-01
4.18315240e-01
4.19881688e-01
4.19997824e-01
4.18688812e-01
4.15992467e-01
4.11958629e-01
4.06648497e-01
4.00133884e-01
3.92496390e-01
3.83826459e-01
3.74222303e-01
3.63788703e-01
3.52635638e-01
3.40876772e-01
3.28627761e-01
3.16004367e-01
3.03120361e-01
2.90085165e-01
2.77001177e-01
2.63960671e-01
2.51042164e-01
2.38306040e-01
2.25789195e-01
2.13498392e-01
2.01401944e-01
1.89419318e-01
1.77408375e-01
1.65150179e-01
1.52332099e-01
1.38531228e-01
1.23202497e-01
1.05678768e-01
8.51918328e-02
6.09178075e-02
4.65818340e-02
1.15254936e-01
1.22786908e-01
1.33126829e-01
1.40914399e-01
1.47263154e-01
1.53041528e-01
1.58895038e-01
1.65276845e-01
1.72478622e-01
1.80658925e-01
1.89868621e-01
2.00073544e-01
2.11174619e-01
2.23025558e-01
2.35448185e-01
2.48245438e-01
2.61212147e-01
2.74143695e-01
2.86842764e-01
2.99124360e-01
3.10819360e-01
3.21776813e-01
3.31865254e-01
3.40973221e-01
3.49009210e-01
3.55901215e-01
3.61596006e-01
3.66058245e-01
3.69269530e-01
3.71227402e-01
3.71944362e-01
3.71446885e-01
3.69774445e-01
3.66978528e-01
3.63121609e-01
3.58276088e-01
3.52523141e-01
3.45951485e-01
3.38656034e-01
3.30736436e-01
3.22295479e-01
3.13437363e-01
3.04265827e-01
2.94882128e-01
2.85382857e-01
2.75857572e-01
2.66386224e-01
2.57036317e-01
2.47859745e-01
2.38889207e-01
2.30134074e-01
2.21575544e-01
2.13160894e-01
2.04796638e-01
1.96340422e-01
1.87591646e-01
1.78281099e-01
1.68060457e-01
1.56493421e-01
1.43051464e-01
1.27118232e-01
1.08006211e-01
8.49847072e-02
7.13266313e-02
1.48588405e-01
1.54059559e-01
1.60672240e-01
1.64876291e-01
1.67687345e-01
1.69927950e-01
1.72232520e-01
1.75063155e-01
1.78730240e-01
1.83414380e-01
1.89188034e-01
1.96036105e-01
2.03875085e-01
2.12570514e-01
2.21952540e-01
2.31829467e-01
2.41999239e-01
2.52258872e-01
2.62411950e-01
2.72274331e-01
2.81678251e-01
2.90475064e-01
2.98536851e-01
3.05757116e-01
3.12050789e-01
3.17353732e-01
3.21621888e-01
3.24830220e-01
3.26971508e-01
3.28055098e-01
3.28105609e-01
3.27161644e-01
3.25274485e-01
3.22506773e-01
3.18931159e-01
3.14628902e-01
3.09688397e-01
3.04203619e-01
2.98272467e-01
2.91994999e-01
2.85471553e-01
2.78800740e-01
2.72077314e-01
2.65389904e-01
2.58818607e-01
2.52432419e-01
2.46286489e-01
2.40419159e-01
2.34848755e-01
2.29570055e-01
2.24550378e-01
2.19725208e-01
2.14993252e-01
2.10210903e-01
2.05186076e-01
1.99671590e-01
1.93358489e-01
1.85870078e-01
1.76758024e-01
1.65502428e-01
1.51518129e-01
1.34168857e-01
1.12788075e-01
1.00000050e-01
1.86524944e-01
1.89454657e-01
1.91388135e-01
1.91194315e-01
1.89809082e-01
1.88004996e-01
1.86390213e-01
1.85416816e-01
1.85394933e-01
1.86509877e-01
1.88840541e-01
1.92377979e-01
1.97043452e-01
2.02705423e-01
2.09195118e-01
2.16320369e-01
2.23877559e-01
2.31661610e-01
2.39474023e-01
2.47129077e-01
2.54458341e-01
2.61313719e-01
2.67569243e-01
2.73121851e-01
2.77891384e-01
2.81819991e-01
2.84871126e-01
2.87028274e-01
2.88293513e-01
2.88685991e-01
2.88240357e-01
2.87005183e-01
2.85041374e-01
2.82420559e-01
2.79223470e-01
2.75538264e-01
2.71458794e-01
2.67082813e-01
2.62510076e-01
2.57840367e-01
2.53171401e-01
2.48596634e-01
2.44202945e-01
2.40068196e-01
2.36258658e-01
2.32826290e-01
2.29805855e-01
2.27211850e-01
2.25035231e-01
2.23239900e-01
2.21758939e-01
2.20490569e-01
2.19293837e-01
2.17984071e-01
2.16328224e-01
2.14040339e-01
2.10777545e-01
2.06137271e-01
1.99656620e-01
1.90815170e-01
1.79042563e-01
1.63731808e-01
1.44257681e-01
1.32448847e-01
2.28783440e-01
2.28773167e-01
2.25228828e-01
2.19934125e-01
2.13765082e-01
2.07448365e-01
2.01559934e-01
1.96530679e-01
1.92657265e-01
1.90116351e-01
1.88980736e-01
1.89236384e-01
1.90799528e-01
1.93533204e-01
1.97262716e-01
2.01789622e-01
2.06903997e-01
2.12394789e-01
2.18058243e-01
2.23704445e-01
2.29162106e-01
2.34281781e-01
2.38937751e-01
2.43028804e-01
2.46478146e-01
2.49232662e-01
2.51261724e-01
2.52555683e-01
2.53124184e-01
2.52994380e-01
2.52209095e-01
2.50824984e-01
2.48910687e-01
2.46544979e-01
2.43814910e-01
2.40813924e-01
2.37639925e-01
2.34393297e-01
2.31174853e-01
2.28083704e-01
2.25215036e-01
2.22657789e-01
2.20492226e-01
2.18787381e-01
2.17598363e-01
2.16963521e-01
2.16901428e-01
2.17407697e-01
2.18451591e-01
2.19972454e-01
2.21875960e-01
2.24030220e-01
2.26261830e-01
2.28351969e-01
2.30032759e-01
2.30984164e-01
2.30831856e-01
2.29146617e-01
2.25445977e-01
2.19198970e-01
2.09834877e-01
1.96756662e-01
1.79358769e-01
1.68576149e-01
2.75102820e-01
2.71812285e-01
2.62104156e-01
2.51094677e-01
2.39617805e-01
2.28361184e-01
2.17867376e-01
2.08539747e-01
2.00652404e-01
1.94363151e-01
1.89728448e-01
1.86719504e-01
1.85238767e-01
1.85136139e-01
1.86224353e-01
1.88293067e-01
1.91121327e-01
1.94488181e-01
1.98181367e-01
2.02004063e-01
2.05779825e-01
2.09355885e-01
2.12605021e-01
2.15426256e-01
2.17744631e-01
2.19510267e-01
2.20696946e-01
2.21300357e-01
2.21336143e-01
2.20837856e-01
2.19854868e-01
2.18450282e-01
2.16698863e-01
2.14684976e-01
2.12500539e-01
2.10242974e-01
2.08013127e-01
2.05913170e-01
2.04044443e-01
2.02505241e-01
2.01388520e-01
2.00779523e-01
2.00753282e-01
2.01372008e-01
2.02682325e-01
2.04712327e-01
2.07468447e-01
2.10932120e-01
2.15056224e-01
2.19761337e-01
2.24931826e-01
2.30411883e-01
2.36001606e-01
2.41453348e-01
2.46468580e-01
2.50695636e-01
2.53728761e-01
2.55108995e-01
2.54327447e-01
2.50831594e-01
2.44035236e-01
2.33332588e-01
2.18116235e-01
2.08365346e-01
3.25251202e-01
3.18380994e-01
3.01905271e-01
2.84636283e-01
2.67380743e-01
2.50794455e-01
2.35387498e-01
2.21532136e-01
2.09473511e-01
1.99342661e-01
1.91171260e-01
1.84907435e-01
1.80432037e-01
1.77574757e-01
1.76129519e-01
1.75868678e-01
1.76555644e-01
1.77955680e-01
1.79844743e-01
1.82016356e-01
1.84286591e-01
1.86497348e-01
1.88518133e-01
1.90246607e-01
1.91608151e-01
1.92554692e-01
1.93063019e-01
1.93132753e-01
1.92784128e-01
1.92055678e-01
1.91001906e-01
1.89690959e-01
1.88202363e-01
1.86624775e-01
1.85053792e-01
1.83589764e-01
1.82335630e-01
1.81394739e-01
1.80868651e-01
1.80854895e-01
1.81444671e-01
1.82720471e-01
1.84753583e-01
1.87601468e-01
1.91304958e-01
1.95885235e-01
2.01340580e-01
2.07642844e-01
2.14733647e-01
2.22520316e-01
2.30871641e-01
2.39613536e-01
2.48524820e-01
2.57333354e-01
2.65712896e-01
2.73281093e-01
2.79599113e-01
2.84173435e-01
2.86460329e-01
2.85873524e-01
2.81795492e-01
2.73592628e-01
2.60633876e-01
2.51899351e-01
3.79027713e-01
3.68307046e-01
3.44519016e-01
3.20498040e-01
2.97035609e-01
2.74762123e-01
2.54156759e-01
2.35558479e-01
2.19178644e-01
2.05115136e-01
1.93367697e-01
1.83854080e-01
1.76426517e-01
1.70887986e-01
1.67007755e-01
1.64535734e-01
1.63215251e-01
1.62793981e-01
1.63032877e-01
1.63713070e-01
1.64640828e-01
1.65650719e-01
1.66607234e-01
1.67405110e-01
1.67968636e-01
1.68250197e-01
1.68228290e-01
1.67905202e-01
1.67304503e-01
1.66468469e-01
1.65455503e-01
1.64337603e-01
1.63197902e-01
1.62128276e-01
1.61227018e-01
1.60596577e-01
1.60341328e-01
1.60565372e-01
1.61370342e-01
1.62853196e-01
1.65103963e-01
1.68203423e-01
1.72220681e-01
1.77210573e-01
1.83210873e-01
1.90239234e-01
1.98289807e-01
2.07329493e-01
2.17293818e-01
2.28082420e-01
2.39554234e-01
2.51522500e-01
2.63749819e-01
2.75943593e-01
2.87752289e-01
2.98763046e-01
3.08501269e-01
3.16432800e-01
3.21969249e-01
3.24476953e-01
3.23289848e-01
3.17726288e-01
3.07109014e-01
2.99374217e-01
4.36261957e-01
4.21439005e-01
3.89835377e-01
3.58608234e-01
3.28543549e-01
3.00251688e-01
2.74182377e-01
2.50639570e-01
2.29796825e-01
2.11713357e-01
1.96350680e-01
1.83589622e-01
1.73247387e-01
1.65094219e-01
1.58869250e-01
1.54295065e-01
1.51090648e-01
1.48982408e-01
1.47713150e-01
1.47048940e-01
1.46783958e-01
1.46743489e-01
1.46785311e-01
1.46799735e-01
1.46708602e-01
1.46463501e-01
1.46043451e-01
1.45452267e-01
1.44715746e-01
1.43878822e-01
1.43002746e-01
1.42162345e-01
1.41443389e-01
1.40940068e-01
1.40752570e-01
1.40984763e-01
1.41741946e-01
1.43128672e-01
1.45246607e-01
1.48192405e-01
1.52055573e-01
1.56916274e-01
1.62843015e-01
1.69890171e-01
1.78095252e-01
1.87475838e-01
1.98026098e-01
2.09712812e-01
2.22470847e-01
2.36198064e-01
2.50749713e-01
2.65932453e-01
2.81498244e-01
2.97138521e-01
3.12479182e-01
3.27077096e-01
3.40418901e-01
3.51922946e-01
3.60945087e-01
3.66788895e-01
3.68720512e-01
3.65987900e-01
3.57843234e-01
3.51110704e-01
4.96810731e-01
4.77645606e-01
4.37750613e-01
3.98889948e-01
3.61851979e-01
3.27231268e-01
2.95449007e-01
2.66772322e-01
2.41333150e-01
2.19146903e-01
2.00131022e-01
1.84123337e-01
1.70900056e-01
1.60193063e-01
1.51706195e-01
1.45130100e-01
1.40155353e-01
1.36483573e-01
1.33836384e-01
1.31962201e-01
1.30640907e-01
1.29686617e-01
1.28948763e-01
1.28311805e-01
1.27693867e-01
1.27044583e-01
1.26342423e-01
1.25591709e-01
1.24819494e-01
1.24072431e-01
1.23413706e-01
1.22920101e-01
1.22679197e-01
1.22786732e-01
1.23344107e-01
1.24456038e-01
1.26228326e-01
1.28765739e-01
1.32169976e-01
1.36537686e-01
1.41958505e-01
1.48513055e-01
1.56270834e-01
1.65287921e-01
1.75604390e-01
1.87241308e-01
2.00197202e-01
2.14443875e-01
2.29921447e-01
2.46532583e-01
2.64135892e-01
2.82538629e-01
3.01488940e-01
3.20668119e-01
3.39683524e-01
3.58063029e-01
3.75252105e-01
3.90614647e-01
4.03438656e-01
4.12947582e-01
4.18317646e-01
4.18700671e-01
4.13250561e-01
4.07563364e-01
5.60554403e-01
5.36813113e-01
4.88167384e-01
4.41263225e-01
3.96898063e-01
3.55653821e-01
3.17923228e-01
2.83934223e-01
2.53773008e-01
2.27406009e-01
2.04700880e-01
1.85446621e-01
1.69372780e-01
1.56167576e-01
1.45494697e-01
1.37008503e-01
1.30367319e-01
1.25244624e-01
1.21337972e-01
1.18375649e-01
1.16121127e-01
1.14375542e-01
1.12978432e-01
1.11807063e-01
1.10774658e-01
1.09827837e-01
1.08943549e-01
1.08125723e-01
1.07401811e-01
1.06819363e-01
1.06442714e-01
1.06349844e-01
1.06629424e-01
1.07378070e-01
1.08697796e-01
1.10693655e-01
1.13471566e-01
1.17136288e-01
1.21789541e-01
1.27528228e-01
1.34442709e-01
1.42615075e-01
1.52117328e-01
1.63009371e-01
1.75336666e-01
1.89127399e-01
2.04389003e-01
2.21103824e-01
2.39223775e-01
2.58663830e-01
2.79294287e-01
3.00931847e-01
3.23329725e-01
3.46167261e-01
3.69039786e-01
3.91449854e-01
4.12801243e-01
4.32397397e-01
4.49445973e-01
4.63070898e-01
4.72332605e-01
4.76255950e-01
4.73863265e-01
4.69329798e-01
6.27391547e-01
5.98841373e-01
5.40992553e-01
4.85644455e-01
4.33609450e-01
3.85458940e-01
3.41556152e-01
3.02086468e-01
2.67085506e-01
2.36465076e-01
2.10037170e-01
1.87536193e-01
1.68639590e-01
1.52986890e-01
1.40197094e-01
1.29884210e-01
1.21670728e-01
1.15198844e-01
1.10139323e-01
1.06197971e-01
1.03119844e-01
1.00691387e-01
9.87407767e-02
9.71368241e-02
9.57867531e-02
9.46332006e-02
9.36507213e-02
9.28420443e-02
9.22342639e-02
9.18751085e-02
9.18293701e-02
9.21755562e-02
9.30027866e-02
9.44079490e-02
9.64931091e-02
9.93631724e-02
1.03123780e-01
1.07879431e-01
1.13731793e-01
1.20778185e-01
1.29110169e-01
1.38812177e-01
1.49960083e-01
1.62619597e-01
1.76844294e-01
1.92673113e-01
2.10127065e-01
2.29204919e-01
2.49877579e-01
2.72080913e-01
2.95706839e-01
3.20592567e-01
3.46508138e-01
3.73142632e-01
4.00089867e-01
4.26834877e-01
4.52743010e-01
4.77053990e-01
4.98883544e-01
5.17235042e-01
5.31022763e-01
5.39106645e-01
5.40335446e-01
5.37158727e-01
6.97233501e-01
6.63638417e-01
5.96132766e-01
5.31943099e-01
4.71902358e-01
4.16572397e-01
3.66284319e-01
3.21175989e-01
2.81226302e-01
2.46285976e-01
2.16105063e-01
1.90357558e-01
1.68663545e-01
1.50609176e-01
1.35764587e-01
1.23699732e-01
1.13997987e-01
1.06267383e-01
1.00149366e-01
9.53250723e-02
9.15192523e-02
8.85020361e-02
8.60888587e-02
8.41388892e-02
8.25523320e-02
8.12669463e-02
8.02540973e-02
7.95145903e-02
7.90744890e-02
7.89810581e-02
7.92989270e-02
8.01065270e-02
8.14928377e-02
8.35544468e-02
8.63929317e-02
9.01125523e-02
9.48182510e-02
1.00613940e-01
1.07601063e-01
1.15877383e-01
1.25535960e-01
1.36664223e-01
1.49343049e-01
1.63645679e-01
1.79636302e-01
1.97368060e-01
2.16880183e-01
2.38193925e-01
2.61306922e-01
2.86185569e-01
3.12755059e-01
3.40886783e-01
3.70382993e-01
4.00958934e-01
4.32223170e-01
4.63657474e-01
4.94598543e-01
5.24224707e-01
5.51551555e-01
5.75440703e-01
5.94625175e-01
6.07752606e-01
6.13443196e-01
6.11958221e-01
7.69997233e-01
7.31113656e-01
6.53487389e-01
5.80055299e-01
5.11676692e-01
4.48903273e-01
3.92028928e-01
3.41136535e-01
2.96140099e-01
2.56821460e-01
2.22861834e-01
1.93868916e-01
1.69400461e-01
1.48985009e-01
1.32140174e-01
1.18388634e-01
1.07271787e-01
9.83609297e-02
9.12659018e-02
8.56411503e-02
8.11893484e-02
7.76627823e-02
7.48628280e-02
7.26378885e-02
7.08801827e-02
6.95217581e-02
6.85300543e-02
6.79032918e-02
6.76658910e-02
6.78640734e-02
6.85617408e-02
6.98366939e-02
7.17772183e-02
7.44790551e-02
7.80427547e-02
8.25714187e-02
8.81688163e-02
9.49378733e-02
1.02979506e-01
1.12391778e-01
1.23269315e-01
1.35702919e-01
1.49779241e-01
1.65580385e-01
1.83183219e-01
2.02658123e-01
2.24066846e-01
2.47459044e-01
2.72867012e-01
3.00298052e-01
3.29723858e-01
3.61066356e-01
3.94179531e-01
4.28827079e-01
4.64656258e-01
5.01169179e-01
5.37694006e-01
5.73360042e-01
6.07082370e-01
6.37562907e-01
6.63314748e-01
6.82714264e-01
6.94079479e-01
6.94801441e-01
8.45597630e-01
8.01168773e-01
7.12937588e-01
6.29853087e-01
5.52807209e-01
4.82338155e-01
4.18693330e-01
3.61889082e-01
3.11763254e-01
2.68019160e-01
2.30261526e-01
1.98025928e-01
1.70803364e-01
1.48061294e-01
1.29261934e-01
1.13878168e-01
1.01407099e-01
9.13811475e-02
8.33765479e-02
7.70192234e-02
7.19881184e-02
6.80162141e-02
6.48895558e-02
6.24446871e-02
6.05649065e-02
5.91757457e-02
5.82400210e-02
5.77527469e-02
5.77361337e-02
5.82348240e-02
5.93114741e-02
6.10427379e-02
6.35156900e-02
6.68246992e-02
7.10687626e-02
7.63492961e-02
8.27683869e-02
9.04274926e-02
9.94265830e-02
1.09863688e-01
1.21834812e-01
1.35434141e-01
1.50754424e-01
1.67887392e-01
1.86923983e-01
2.07954106e-01
2.31065560e-01
2.56341638e-01
2.83856807e-01
3.13669735e-01
3.45812792e-01
3.80277069e-01
4.16991949e-01
4.55798447e-01
4.96415987e-01
5.38403265e-01
5.81115347e-01
6.23661526e-01
6.64871331e-01
7.03279208e-01
7.37140262e-01
7.64488230e-01
7.83239561e-01
7.86928953e-01
9.23937028e-01
8.73685087e-01
7.74329044e-01
6.81166650e-01
5.95128848e-01
5.16731450e-01
4.46158658e-01
3.83342023e-01
3.28027270e-01
2.79827047e-01
2.38261252e-01
2.02787994e-01
1.72828202e-01
1.47786090e-01
1.27066842e-01
1.10092055e-01
9.63130221e-02
8.52216838e-02
7.63590250e-02
6.93208123e-02
6.37607074e-02
5.93909601e-02
5.59810155e-02
5.33544538e-02
5.13847069e-02
4.99899854e-02
4.91277910e-02
4.87893311e-02
4.89940660e-02
4.97845621e-02
5.12217520e-02
5.33806742e-02
5.63467186e-02
6.02124010e-02
6.50746692e-02
7.10327492e-02
7.81865272e-02
8.66354734e-02
9.64780898e-02
1.07811873e-01
1.20733746e-01
1.35340898e-01
1.51731951e-01
1.70008290e-01
1.90275391e-01
2.12643845e-01
2.37229732e-01
2.64153822e-01
2.93538933e-01
3.25504569e-01
3.60157702e-01
3.97578322e-01
4.37798149e-01
4.80770823e-01
5.26332093e-01
5.74149306e-01
6.23661161e-01
6.74011685e-01
7.23986968e-01
7.71969150e-01
8.15928178e-01
8.53474534e-01
8.81990097e-01
8.89741541e-01
1.00489128e+00
9.48503900e-01
8.37443127e-01
7.33754833e-01
6.38412992e-01
5.51890400e-01
4.74277639e-01
4.05392119e-01
3.44864583e-01
2.92201862e-01
2.46830475e-01
2.08127170e-01
1.75441625e-01
1.48114877e-01
1.25495396e-01
1.06953548e-01
9.18944014e-02
7.97685415e-02
7.00804751e-02
6.23943805e-02
5.63371388e-02
5.15988148e-02
4.79309178e-02
4.51428843e-02
4.30972674e-02
4.17041003e-02
4.09148528e-02
4.07163167e-02
4.11246795e-02
4.21799644e-02
4.39409542e-02
4.64806628e-02
4.98823965e-02
5.42364134e-02
5.96371990e-02
6.61813525e-02
7.39660979e-02
8.30884112e-02
9.36447722e-02
1.05731519e-01
1.19445789e-01
1.34887004e-01
1.52158817e-01
1.71371440e-01
1.92644175e-01
2.16107931e-01
2.41907407e-01
2.70202449e-01
3.01167921e-01
3.34991118e-01
3.71865428e-01
4.11978445e-01
4.55492266e-01
5.02513186e-01
5.53047656e-01
6.06941586e-01
6.63801263e-01
7.22897296e-01
7.83058973e-01
8.42576208e-01
8.99139182e-01
9.49858231e-01
9.91408743e-01
1.00477566e+00
1.08828617e+00
1.02539264e+00
9.01946318e-01
7.87255132e-01
6.82329406e-01
5.87553007e-01
5.02867337e-01
4.27928343e-01
3.62219306e-01
3.05123109e-01
2.55965583e-01
2.14041544e-01
1.78632204e-01
1.49019184e-01
1.24497614e-01
1.04388951e-01
8.80531686e-02
7.48995553e-02
6.43953953e-02
5.60720133e-02
4.95279847e-02
4.44296034e-02
4.05089327e-02
3.75599124e-02
3.54330537e-02
3.40292448e-02
3.32931313e-02
3.32064484e-02
3.37815883e-02
3.50556025e-02
3.70847591e-02
3.99397331e-02
4.37014584e-02
4.84576656e-02
5.43001036e-02
6.13224570e-02
6.96189547e-02
7.92836805e-02
9.04105799e-02
1.03094170e-01
1.17430934e-01
1.33521387e-01
1.51472783e-01
1.71402399e-01
1.93441319e-01
2.17738565e-01
2.44465352e-01
2.73819107e-01
3.06026653e-01
3.41345692e-01
3.80063217e-01
4.22488875e-01
4.68940444e-01
5.19717541e-01
5.75058520e-01
6.35074500e-01
6.99654312e-01
7.68335959e-01
8.40146169e-01
9.13422541e-01
9.85655281e-01
1.05341627e+00
1.11247033e+00
1.13364215e+00
1.17385265e+00
1.10397956e+00
9.67297129e-01
8.41097628e-01
7.26386032e-01
6.23357521e-01
5.31703439e-01
4.50843088e-01
3.80067792e-01
3.18617125e-01
2.65713491e-01
2.20576035e-01
1.82427223e-01
1.50499018e-01
1.24041208e-01
1.02331946e-01
8.46893346e-02
7.04826079e-02
5.91415962e-02
5.01635831e-02
4.31171299e-02
3.76428644e-02
3.34515506e-02
3.03199555e-02
2.80851165e-02
2.66376039e-02
2.59143119e-02
2.58912059e-02
2.65763503e-02
2.80034341e-02
3.02259368e-02
3.33120046e-02
3.73400790e-02
4.23952839e-02
4.85665792e-02
5.59446723e-02
6.46206962e-02
7.46856442e-02
8.62305774e-02
9.93475969e-02
1.14131600e-01
1.30682816e-01
1.49110143e-01
1.69535286e-01
1.92097698e-01
2.16960308e-01
2.44315954e-01
2.74394352e-01
3.07469249e-01
3.43865113e-01
3.83962227e-01
4.28198321e-01
4.77063760e-01
5.31085708e-01
5.90794533e-01
6.56663000e-01
7.29005928e-01
8.07826255e-01
8.92595603e-01
9.81969319e-01
1.07346607e+00
1.16319971e+00
1.24583241e+00
1.27789151e+00
1.26112749e+00
1.18361667e+00
1.03256894e+00
8.94356267e-01
7.69836593e-01
6.58804874e-01
5.60523283e-01
4.74059762e-01
3.98457809e-01
3.32798835e-01
2.76210473e-01
2.27855333e-01
1.86918509e-01
1.52601396e-01
1.24123300e-01
1.00729276e-01
8.17015738e-02
6.63720389e-02
5.41332925e-02
4.44472632e-02
3.68503315e-02
3.09549648e-02
2.64481600e-02
2.30872843e-02
2.06940169e-02
1.91470993e-02
1.83745198e-02
1.83456368e-02
1.90636169e-02
2.05584410e-02
2.28806321e-02
2.60957888e-02
3.02799536e-02
3.55158273e-02
4.18898156e-02
4.94899040e-02
5.84043435e-02
6.87211519e-02
8.05284192e-02
9.39154392e-02
1.08974672e-01
1.25804590e-01
1.44513433e-01
1.65223994e-01
1.88079481e-01
2.13250638e-01
2.40944200e-01
2.71412813e-01
3.04966401e-01
3.41984797e-01
3.82931028e-01
4.28364009e-01
4.78948193e-01
5.35455893e-01
5.98754960e-01
6.69770000e-01
7.49398870e-01
8.38358001e-01
9.36922468e-01
1.04452642e+00
1.15921348e+00
1.27700521e+00
1.39142494e+00
1.43872294e+00
1.34921746e+00
1.26307364e+00
1.09610600e+00
9.45495719e-01
8.11548017e-01
6.93224437e-01
5.89054649e-01
4.97594282e-01
4.17581736e-01
3.47943880e-01
2.87746220e-01
2.36136605e-01
1.92302753e-01
1.55448646e-01
1.24787789e-01
9.95486647e-02
7.89872843e-02
6.24023840e-02
4.91499101e-02
3.86546015e-02
3.04175527e-02
2.40194955e-02
1.91201475e-02
1.54543368e-02
1.28257683e-02
1.10992995e-02
1.01924906e-02
1.00670429e-02
1.07205760e-02
1.21790443e-02
1.44899688e-02
1.77165735e-02
2.19328554e-02
2.72195797e-02
3.36611839e-02
4.13435563e-02
5.03526745e-02
6.07740759e-02
7.26931634e-02
8.61963411e-02
1.01373021e-01
1.18318541e-01
1.37138098e-01
1.57951837e-01
1.80901297e-01
2.06157484e-01
2.33930928e-01
2.64484122e-01
2.98146795e-01
3.35334439e-01
3.76570354e-01
4.22511086e-01
4.73974283e-01
5.31966400e-01
5.97704663e-01
6.72622258e-01
7.58336276e-01
8.56542223e-01
9.68775060e-01
1.09594706e+00
1.23755407e+00
1.39048925e+00
1.54764164e+00
1.61635407e+00
1.43621645e+00
1.33982610e+00
1.15485530e+00
9.91960258e-01
8.49837299e-01
7.25776766e-01
6.17106987e-01
5.21682446e-01
4.37909783e-01
3.64611723e-01
3.00869202e-01
2.45894158e-01
1.98945223e-01
1.59282433e-01
1.26151871e-01
9.87904191e-02
7.64419453e-02
5.83780367e-02
4.39183261e-02
3.24472744e-02
2.34258226e-02
1.63975159e-02
1.09895339e-02
6.90954152e-03
3.93947739e-03
1.92739055e-03
7.78297589e-04
4.44832801e-04
9.18249876e-04
2.22013977e-03
4.39507385e-03
7.50426786e-03
1.16202865e-02
1.68227677e-02
2.31951209e-02
3.08221543e-02
3.97885799e-02
5.01783675e-02
6.20749172e-02
7.55620586e-02
9.07258915e-02
1.07657550e-01
1.26456992e-01
1.47238032e-01
1.70134869e-01
1.95310555e-01
2.22967908e-01
2.53363613e-01
2.86826413e-01
3.23780491e-01
3.64775378e-01
4.10523777e-01
4.61948668e-01
5.20240454e-01
5.86923258e-01
6.63925484e-01
7.53640788e-01
8.58946369e-01
9.83106753e-01
1.12941862e+00
1.30033597e+00
1.49568977e+00
1.70969119e+00
1.80862850e+00
1.51776304e+00
1.40836470e+00
1.20310409e+00
1.02957800e+00
8.82349560e-01
7.55579155e-01
6.44796762e-01
5.47028043e-01
4.60425186e-01
3.83852526e-01
3.16559153e-01
2.57956018e-01
2.07481496e-01
1.64533440e-01
1.28447514e-01
9.85050843e-02
7.39574475e-02
5.40564783e-02
3.80847455e-02
2.53807775e-02
1.53573195e-02
7.51207034e-03
1.43151625e-03
-3.21088176e-03
-6.66063416e-03
-9.09081883e-03
-1.06120421e-02
-1.12827598e-02
-1.11192438e-02
-1.01047375e-02
-8.19754856e-03
-5.33797801e-03
-1.45407384e-03
3.53373738e-03
9.70907516e-03
1.71569976e-02
2.59622986e-02
3.62086351e-02
4.79784576e-02
6.13537083e-02
7.64173282e-02
9.32556122e-02
1.11961574e-01
1.32639505e-01
1.55411097e-01
1.80423582e-01
2.07860602e-01
2.37956741e-01
2.71017013e-01
3.07443036e-01
3.47768196e-01
3.92704836e-01
4.43207479e-01
5.00557178e-01
5.66473358e-01
6.43260082e-01
7.33991805e-01
8.42733531e-01
9.74756739e-01
1.13661907e+00
1.33574384e+00
1.57864039e+00
1.86612732e+00
2.00790779e+00
1.58358535e+00
1.45616901e+00
1.23028625e+00
1.05193708e+00
9.06215929e-01
7.82139378e-01
6.73031654e-01
5.75257401e-01
4.87025547e-01
4.07549276e-01
3.36508716e-01
2.73725793e-01
2.18982239e-01
1.71933778e-01
1.32087891e-01
9.88212604e-02
7.14188365e-02
4.91210617e-02
3.11698007e-02
1.68470955e-02
5.50383620e-03
-3.42225065e-03
-1.03983462e-02
-1.57961892e-02
-1.98974852e-02
-2.29030130e-02
-2.49436597e-02
-2.60920446e-02
-2.63737751e-02
-2.57777681e-02
-2.42653104e-02
-2.17777696e-02
-1.82429475e-02
-1.35801833e-02
-7.70429698e-03
-5.28518624e-04
8.03351294e-03
1.80665596e-02
2.96533627e-02
4.28749239e-02
5.78115167e-02
7.45444559e-02
9.31587697e-02
1.13746965e-01
1.36414243e-01
1.61285651e-01
1.88515924e-01
2.18303057e-01
2.50907097e-01
2.86676272e-01
3.26083407e-01
3.69776889e-01
4.18652264e-01
4.73953529e-01
5.37417702e-01
6.11483675e-01
6.99597814e-01
8.06664990e-01
9.39708911e-01
1.10878749e+00
1.32803086e+00
1.61591481e+00
1.99142182e+00
2.19425891e+00
1.61000937e+00
1.45436943e+00
1.21799793e+00
1.05054839e+00
9.19088793e-01
8.06428472e-01
7.04435134e-01
6.09698458e-01
5.21184132e-01
4.38976992e-01
3.63585186e-01
2.95548141e-01
2.35225329e-01
1.82702508e-01
1.37776542e-01
9.99907863e-02
6.86984576e-02
4.31363474e-02
2.24958014e-02
5.98274166e-03
-7.13735568e-03
-1.75102246e-02
-2.56777709e-02
-3.20744661e-02
-3.70319683e-02
-4.07890159e-02
-4.35040390e-02
-4.52686867e-02
-4.61209093e-02
-4.60569383e-02
-4.50416685e-02
-4.30174661e-02
-3.99113057e-02
-3.56405396e-02
-3.01172928e-02
-2.32518524e-02
-1.49550018e-02
-5.13965224e-03
6.27836027e-03
1.93800047e-02
3.42435404e-02
5.09455275e-02
6.95627143e-02
9.01747182e-02
1.12868044e-01
1.37741656e-01
1.64914991e-01
1.94539240e-01
2.26813504e-01
2.62007832e-01
3.00496333e-01
3.42804881e-01
3.89680262e-01
4.42191470e-01
5.01880263e-01
5.70990538e-01
6.52829369e-01
7.52360603e-01
8.77228809e-01
1.03960639e+00
1.25959656e+00
1.57122063e+00
2.03028246e+00
2.32183249e+00
1.54811711e+00
1.33781606e+00
1.13950570e+00
1.01836847e+00
9.22179686e-01
8.33009324e-01
7.44896144e-01
6.56621276e-01
5.69008076e-01
4.83716335e-01
4.02599307e-01
3.27324746e-01
2.59157117e-01
1.98860192e-01
1.46691681e-01
1.02464264e-01
6.56455916e-02
3.54734832e-02
1.10666243e-02
-8.48153979e-03
-2.40320877e-02
-3.63539249e-02
-4.60984578e-02
-5.37913694e-02
-5.98362995e-02
-6.45262984e-02
-6.80588957e-02
-7.05527077e-02
-7.20631391e-02
-7.25969623e-02
-7.21244442e-02
-7.05898862e-02
-6.79196614e-02
-6.40290802e-02
-5.88271744e-02
-5.22208708e-02
-4.41175108e-02
-3.44271908e-02
-2.30637490e-02
-9.94581187e-03
5.00335320e-03
2.18558939e-02
4.06806157e-02
6.15443572e-02
8.45147875e-02
1.09663982e-01
1.37074160e-01
1.66845679e-01
1.99109053e-01
2.34042415e-01
2.71897303e-01
3.13036666e-01
3.57990804e-01
4.07540582e-01
4.62841877e-01
5.25616848e-01
5.98457963e-01
6.85342716e-01
7.92580707e-01
9.30762253e-01
1.11931204e+00
1.39865146e+00
1.86701557e+00
2.29959083e+00
9.34942462e-01
9.46886530e-01
9.40261359e-01
9.12790488e-01
8.68301673e-01
8.09900683e-01
7.40595310e-01
6.63529743e-01
5.81968863e-01
4.99142447e-01
4.18032529e-01
3.41169436e-01
2.70483124e-01
2.07234394e-01
1.52028631e-01
1.04897361e-01
6.54231485e-02
3.28813533e-02
6.37634183e-03
-1.50430855e-02
-3.22964908e-02
-4.62138691e-02
-5.75036329e-02
-6.67410072e-02
-7.43707272e-02
-8.07185669e-02
-8.60072553e-02
-9.03736529e-02
-9.38851186e-02
-9.65539713e-02
-9.83495403e-02
-9.92077803e-02
-9.90386325e-02
-9.77314797e-02
-9.51590617e-02
-9.11802475e-02
-8.56420363e-02
-7.83811367e-02
-6.92254666e-02
-5.79958632e-02
-4.45083009e-02
-2.85768122e-02
-1.00173017e-02
1.13477474e-02
3.56837461e-02
6.31380458e-02
9.38341548e-02
1.27867213e-01
1.65302197e-01
2.06177003e-01
2.50513118e-01
2.98337392e-01
3.49719137e-01
4.04827588e-01
4.64015556e-01
5.27935953e-01
5.97698918e-01
6.75078788e-01
7.62783010e-01
8.64801408e-01
9.86868658e-01
1.13709615e+00
1.32675995e+00
1.44471247e+00
3.29891611e-01
5.47024134e-01
7.12527837e-01
7.64761005e-01
7.62186680e-01
7.28530417e-01
6.75519760e-01
6.10303403e-01
5.38066586e-01
4.62962752e-01
3.88404310e-01
3.17112109e-01
2.51100632e-01
1.91678491e-01
1.39495414e-01
9.46358695e-02
5.67451850e-02
2.51671742e-02
-9.25011064e-04
-2.24183786e-02
-4.01763377e-02
-5.49826087e-02
-6.75096739e-02
-7.83063791e-02
-8.77991903e-02
-9.63014882e-02
-1.04027175e-01
-1.11104995e-01
-1.17592311e-01
-1.23486515e-01
-1.28734502e-01
-1.33239288e-01
-1.36865042e-01
-1.39439869e-01
-1.40757968e-01
-1.40580485e-01
-1.38636858e-01
-1.34625901e-01
-1.28218515e-01
-1.19061256e-01
-1.06782621e-01
-9.10012411e-02
-7.13376418e-02
-4.74285861e-02
-1.89450941e-02
1.43872690e-02
5.27657887e-02
9.62878857e-02
1.44929763e-01
1.98529627e-01
2.56778524e-01
3.19222387e-01
3.85278365e-01
4.54266124e-01
5.25450840e-01
5.98083060e-01
6.71399591e-01
7.44495731e-01
8.15851669e-01
8.81938737e-01
9.33265158e-01
9.42696477e-01
8.28325823e-01
6.03570407e-01
2.97294986e-01
4.27880700e-01
5.91189071e-01
6.61508501e-01
6.74939426e-01
6.53079557e-01
6.08940656e-01
5.50961868e-01
4.85118052e-01
4.15926224e-01
3.46888918e-01
2.80673656e-01
2.19190029e-01
1.63647713e-01
1.14632608e-01
7.22094651e-02
3.60437295e-02
5.52852692e-03
-2.00970675e-02
-4.16486985e-02
-5.99214118e-02
-7.56388230e-02
-8.94239433e-02
-1.01787008e-01
-1.13125273e-01
-1.23730060e-01
-1.33797378e-01
-1.43439319e-01
-1.52694634e-01
-1.61537402e-01
-1.69883636e-01
-1.77595698e-01
-1.84485025e-01
-1.90313436e-01
-1.94793754e-01
-1.97590112e-01
-1.98318791e-01
-1.96549984e-01
-1.91811417e-01
-1.83594248e-01
-1.71362213e-01
-1.54564444e-01
-1.32652797e-01
-1.05103954e-01
-7.14467142e-02
-3.12941477e-02
1.56199153e-02
6.94015758e-02
1.29956883e-01
1.96954385e-01
2.69794082e-01
3.47586897e-01
4.29147808e-01
5.13002278e-01
5.97398079e-01
6.80298552e-01
7.59302762e-01
8.31376603e-01
8.92156592e-01
9.34340629e-01
9.44219873e-01
8.94827806e-01
7.35331894e-01
6.00060324e-01
3.76237396e-01
4.51361776e-01
5.63858808e-01
6.16749454e-01
6.25453986e-01
6.03483123e-01
5.61020060e-01
5.05568721e-01
4.42759157e-01
3.76902586e-01
3.11306760e-01
2.48441547e-01
1.90034592e-01
1.37149562e-01
9.02736316e-02
4.94213493e-02
1.42498602e-02
-1.58249616e-02
-4.15221872e-02
-6.36072093e-02
-8.28246863e-02
-9.98531649e-02
-1.15278744e-01
-1.29583657e-01
-1.43145261e-01
-1.56241304e-01
-1.69058131e-01
-1.81699436e-01
-1.94194044e-01
-2.06501892e-01
-2.18517993e-01
-2.30074449e-01
-2.40940878e-01
-2.50823722e-01
-2.59365019e-01
-2.66141231e-01
-2.70662820e-01
-2.72375269e-01
-2.70662344e-01
-2.64852436e-01
-2.54228915e-01
-2.38045466e-01
-2.15547431e-01
-1.86000080e-01
-1.48724613e-01
-1.03142312e-01
-4.88266711e-02
1.44375531e-02
8.65906333e-02
1.67233244e-01
2.55566093e-01
3.50340035e-01
4.49822598e-01
5.51783957e-01
6.53497835e-01
7.51737849e-01
8.42723521e-01
9.21928305e-01
9.83603343e-01
1.01981549e+00
1.01885789e+00
9.63498202e-01
8.32030634e-01
7.43721400e-01
5.09156674e-01
5.43502487e-01
5.97935527e-01
6.18391369e-01
6.09487022e-01
5.78088424e-01
5.30812388e-01
4.73299977e-01
4.10153872e-01
3.45046799e-01
2.80833729e-01
2.19635909e-01
1.62908841e-01
1.11512319e-01
6.57932958e-02
2.56827764e-02
-9.19915635e-03
-3.94393357e-02
-6.57373870e-02
-8.88278523e-02
-1.09421539e-01
-1.28165922e-01
-1.45622143e-01
-1.62254896e-01
-1.78431204e-01
-1.94424415e-01
-2.10420479e-01
-2.26524392e-01
-2.42765465e-01
-2.59100757e-01
-2.75416455e-01
-2.91527348e-01
-3.07174748e-01
-3.22023327e-01
-3.35657454e-01
-3.47577628e-01
-3.57197737e-01
-3.63843874e-01
-3.66755636e-01
-3.65090909e-01
-3.57935363e-01
-3.44318008e-01
-3.23234402e-01
-2.93679133e-01
-2.54689217e-01
-2.05399790e-01
-1.45112839e-01
-7.33786727e-02
9.91187722e-03
1.04428731e-01
2.09304260e-01
3.23044935e-01
4.43464192e-01
5.67647018e-01
6.91951842e-01
8.12043918e-01
9.22935745e-01
1.01898657e+00
1.09379794e+00
1.13997532e+00
1.14890908e+00
1.11127676e+00
1.02015408e+00
9.60906639e-01
6.66604545e-01
6.68971036e-01
6.69580690e-01
6.53248012e-01
6.20182516e-01
5.73235394e-01
5.16150032e-01
4.52666021e-01
3.86131188e-01
3.19357091e-01
2.54576697e-01
1.93445328e-01
1.37066862e-01
8.60419194e-02
4.05363099e-02
3.65001751e-04
-3.49162194e-02
-6.59203212e-02
-9.33477205e-02
-1.17919479e-01
-1.40327373e-01
-1.61200485e-01
-1.81086034e-01
-2.00441123e-01
-2.19631843e-01
-2.38936506e-01
-2.58550429e-01
-2.78590412e-01
-2.99097760e-01
-3.20039296e-01
-3.41306192e-01
-3.62710791e-01
-3.83981757e-01
-4.04758008e-01
-4.24581965e-01
-4.42892729e-01
-4.59019856e-01
-4.72178565e-01
-4.81467315e-01
-4.85868998e-01
-4.84257211e-01
-4.75409466e-01
-4.58029531e-01
-4.30781446e-01
-3.92337962e-01
-3.41446092e-01
-2.77011984e-01
-1.98206134e-01
-1.04587887e-01
3.75497447e-03
1.26060005e-01
2.60750624e-01
4.05321547e-01
5.56270289e-01
7.09094906e-01
8.58371072e-01
9.97907546e-01
1.12096222e+00
1.22049466e+00
1.28946639e+00
1.32132916e+00
1.31111584e+00
1.25788165e+00
1.21858649e+00
8.35125551e-01
8.11216902e-01
7.64017723e-01
7.10931065e-01
6.50908831e-01
5.84776219e-01
5.14350325e-01
4.41806445e-01
3.69289961e-01
2.98697840e-01
2.31563471e-01
1.69005013e-01
1.11717307e-01
5.99970634e-02
1.37936648e-02
-2.72226772e-02
-6.35845347e-02
-9.59515121e-02
-1.25042357e-01
-1.51579633e-01
-1.76248880e-01
-1.99671833e-01
-2.22391562e-01
-2.44866599e-01
-2.67470879e-01
-2.90496688e-01
-3.14158366e-01
-3.38595158e-01
-3.63872255e-01
-3.89979527e-01
-4.16827867e-01
-4.44243290e-01
-4.71959104e-01
-4.99606557e-01
-5.26704458e-01
-5.52648300e-01
-5.76699554e-01
-5.97975915e-01
-6.15443537e-01
-6.27912581e-01
-6.34037854e-01
-6.32326800e-01
-6.21157747e-01
-5.98811902e-01
-5.63523176e-01
-5.13550206e-01
-4.47274774e-01
-3.63329800e-01
-2.60757812e-01
-1.39196910e-01
9.14670876e-04
1.58131973e-01
3.29820163e-01
5.12028389e-01
6.99458929e-01
8.85567500e-01
1.06281875e+00
1.22310071e+00
1.35828315e+00
1.46090633e+00
1.52503480e+00
1.54740296e+00
1.52900964e+00
1.50531917e+00
1.00894813e+00
9.62515405e-01
8.72605366e-01
7.84164477e-01
6.96255512e-01
6.08881331e-01
5.22706389e-01
4.38746807e-01
3.58116040e-01
2.81842174e-01
2.10748454e-01
1.45385328e-01
8.60045741e-02
3.25676770e-02
-1.52195328e-02
-5.78547334e-02
-9.59785920e-02
-1.30314207e-01
-1.61613043e-01
-1.90611418e-01
-2.17999116e-01
-2.44399616e-01
-2.70360002e-01
-2.96347918e-01
-3.22752820e-01
-3.49889080e-01
-3.77998993e-01
-4.07254353e-01
-4.37755763e-01
-4.69529303e-01
-5.02520481e-01
-5.36585621e-01
-5.71480947e-01
-6.06849727e-01
-6.42207860e-01
-6.76928406e-01
-7.10225581e-01
-7.41139001e-01
-7.68519153e-01
-7.91015502e-01
-8.07069136e-01
-8.14912621e-01
-8.12580490e-01
-7.97934866e-01
-7.68711631e-01
-7.22593476e-01
-6.57316528e-01
-5.70816811e-01
-4.61420786e-01
-3.28080045e-01
-1.70643002e-01
9.85415029e-03
2.10908596e-01
4.28330625e-01
6.56140969e-01
8.86649715e-01
1.11077147e+00
1.31860476e+00
1.50026295e+00
1.64690321e+00
1.75187859e+00
1.81193893e+00
1.82837353e+00
1.81911730e+00
1.18586797e+00
1.11934812e+00
9.90420678e-01
8.68109882e-01
7.52132576e-01
6.42327578e-01
5.38736033e-01
4.41559014e-01
3.51067559e-01
2.67507271e-01
1.91018489e-01
1.21581576e-01
5.89903892e-02
2.85256099e-03
-4.73880868e-02
-9.24139433e-02
-1.32988547e-01
-1.69911248e-01
-2.03977119e-01
-2.35945494e-01
-2.66518304e-01
-2.96327656e-01
-3.25930877e-01
-3.55810705e-01
-3.86378263e-01
-4.17976701e-01
-4.50883900e-01
-4.85313095e-01
-5.21410758e-01
-5.59251430e-01
-5.98829475e-01
-6.40047861e-01
-6.82704223e-01
-7.26474438e-01
-7.70894063e-01
-8.15337962e-01
-8.58998587e-01
-9.00863529e-01
-9.39693253e-01
-9.74000323e-01
-1.00203209e+00
-1.02175961e+00
-1.03087664e+00
-1.02681393e+00
-1.00677553e+00
-9.67805238e-01
-9.06893044e-01
-8.21131469e-01
-7.07931127e-01
-5.65300986e-01
-3.92191187e-01
-1.88883341e-01
4.26055910e-02
2.98163240e-01
5.71347144e-01
8.53373865e-01
1.13342912e+00
1.39936571e+00
1.63879286e+00
1.84047388e+00
1.99586429e+00
2.10056425e+00
2.15542581e+00
2.16179059e+00
1.36537915e+00
1.28028818e+00
1.11473175e+00
9.59629161e-01
8.15550267e-01
6.82510773e-01
5.60258520e-01
4.48430230e-01
3.46616197e-01
2.54369453e-01
1.71188961e-01
9.64979845e-02
2.96306014e-02
-3.01678244e-02
-8.37260364e-02
-1.31921679e-01
-1.75650807e-01
-2.15797461e-01
-2.53207542e-01
-2.88669494e-01
-3.22902567e-01
-3.56551975e-01
-3.90189364e-01
-4.24316564e-01
-4.59370613e-01
-4.95728305e-01
-5.33708917e-01
-5.73574228e-01
-6.15525280e-01
-6.59695680e-01
-7.06141414e-01
-7.54827284e-01
-8.05610135e-01
-8.58219070e-01
-9.12232840e-01
-9.67054667e-01
-1.02188476e+00
-1.07569101e+00
-1.12717855e+00
-1.17475927e+00
-1.21652318e+00
-1.25021410e+00
-1.27321375e+00
-1.28253965e+00
-1.27486449e+00
-1.24656686e+00
-1.19382580e+00
-1.11277384e+00
-9.99724045e-01
-8.51484690e-01
-6.65768643e-01
-4.41690630e-01
-1.80322217e-01
1.14758701e-01
4.37026587e-01
7.76814239e-01
1.12152169e+00
1.45635984e+00
1.76567972e+00
2.03480297e+00
2.25211035e+00
2.41101846e+00
2.51142922e+00
2.53653029e+00
1.54784707e+00
1.44502166e+00
1.24410879e+00
1.05671575e+00
8.84338577e-01
7.27341698e-01
5.85371638e-01
4.57664475e-01
3.43247486e-01
2.41054876e-01
1.49984405e-01
6.89203463e-02
-3.25767462e-03
-6.76677529e-02
-1.25415159e-01
-1.77577565e-01
-2.25188182e-01
-2.69219875e-01
-3.10572885e-01
-3.50067679e-01
-3.88443216e-01
-4.26359834e-01
-4.64405322e-01
-5.03102458e-01
-5.42916350e-01
-5.84260165e-01
-6.27498211e-01
-6.72945652e-01
-7.20864503e-01
-7.71455732e-01
-8.24847501e-01
-8.81079606e-01
-9.40084270e-01
-1.00166337e+00
-1.06546224e+00
-1.13094004e+00
-1.19733704e+00
-1.26363869e+00
-1.32853733e+00
-1.39039192e+00
-1.44718747e+00
-1.49649620e+00
-1.53544402e+00
-1.56068760e+00
-1.56840988e+00
-1.55434475e+00
-1.51384599e+00
-1.44201923e+00
-1.33393984e+00
-1.18498096e+00
-9.91272473e-01
-7.50299564e-01
-4.61623877e-01
-1.27668243e-01
2.45552198e-01
6.47934097e-01
1.06525639e+00
1.47984884e+00
1.87210628e+00
2.22281132e+00
2.51597393e+00
2.74166075e+00
2.89818293e+00
2.94688261e+00
1.73415184e+00
1.61388986e+00
1.37792010e+00
1.15810067e+00
9.56895974e-01
7.75105855e-01
6.12377368e-01
4.67638906e-01
3.39426614e-01
2.26104722e-01
1.25999447e-01
3.74722472e-02
-4.10438083e-02
-1.11026874e-01
-1.73857519e-01
-2.30813104e-01
-2.83063966e-01
-3.31671806e-01
-3.77591158e-01
-4.21674367e-01
-4.64679848e-01
-5.07282726e-01
-5.50086583e-01
-5.93634895e-01
-6.38420862e-01
-6.84894543e-01
-7.33466535e-01
-7.84507713e-01
-8.38344779e-01
-8.95251566e-01
-9.55436106e-01
-1.01902357e+00
-1.08603513e+00
-1.15636281e+00
-1.22974033e+00
-1.30570992e+00
-1.38358497e+00
-1.46240865e+00
-1.54090844e+00
-1.61744703e+00
-1.68997019e+00
-1.75595327e+00
-1.81234878e+00
-1.85553951e+00
-1.88130422e+00
-1.88480665e+00
-1.86062392e+00
-1.80283661e+00
-1.70521045e+00
-1.56150580e+00
-1.36595377e+00
-1.11393095e+00
-8.02841550e-01
-4.33167648e-01
-9.57137071e-03
4.58168263e-01
9.54702010e-01
1.45951225e+00
1.94848260e+00
2.39672499e+00
2.78237839e+00
3.09068316e+00
3.31739117e+00
3.39628570e+00
1.92555033e+00
1.78768120e+00
1.51604759e+00
1.26298696e+00
1.03198352e+00
8.24318053e-01
6.39680315e-01
4.76727515e-01
3.33533400e-01
2.07912995e-01
9.76352503e-02
5.48675681e-04
-8.53529182e-02
-1.61901786e-01
-2.30748536e-01
-2.93365475e-01
-3.51055794e-01
-4.04966272e-01
-4.56102459e-01
-5.05345712e-01
-5.53471339e-01
-6.01166893e-01
-6.49049526e-01
-6.97681331e-01
-7.47581705e-01
-7.99236033e-01
-8.53100168e-01
-9.09600456e-01
-9.69129188e-01
-1.03203548e+00
-1.09861167e+00
-1.16907528e+00
-1.24354657e+00
-1.32202183e+00
-1.40434207e+00
-1.49015726e+00
-1.57888568e+00
-1.66966831e+00
-1.76131785e+00
-1.85226222e+00
-1.94048265e+00
-2.02344661e+00
-2.09803702e+00
-2.16048038e+00
-2.20627904e+00
-2.23015687e+00
-2.22603348e+00
-2.18705083e+00
-2.10568739e+00
-1.97400759e+00
-1.78410581e+00
-1.52880782e+00
-1.20267817e+00
-8.03335871e-01
-3.32989326e-01
2.00040129e-01
7.80209015e-01
1.38460436e+00
1.98432199e+00
2.54770878e+00
3.04529662e+00
3.45558359e+00
3.77030269e+00
3.88782998e+00
2.12365109e+00
1.96755127e+00
1.65872558e+00
1.37086533e+00
1.10855322e+00
8.73576263e-01
6.65665277e-01
4.83194898e-01
3.23764468e-01
1.84631367e-01
6.30037042e-02
-4.37818687e-02
-1.38166014e-01
-2.22327861e-01
-2.98179663e-01
-3.67380121e-01
-4.31357321e-01
-4.91336112e-01
-5.48367112e-01
-6.03355685e-01
-6.57089764e-01
-7.10265546e-01
-7.63510250e-01
-8.17401194e-01
-8.72480662e-01
-9.29266143e-01
-9.88255760e-01
-1.04992879e+00
-1.11474131e+00
-1.18311709e+00
-1.25543376e+00
-1.33200440e+00
-1.41305453e+00
-1.49869456e+00
-1.58888745e+00
-1.68341151e+00
-1.78181792e+00
-1.88338251e+00
-1.98705130e+00
-2.09137904e+00
-2.19445989e+00
-2.29384964e+00
-2.38647893e+00
-2.46855802e+00
-2.53547539e+00
-2.58169609e+00
-2.60067201e+00
-2.58478601e+00
-2.52536683e+00
-2.41283095e+00
-2.23703040e+00
-1.98790453e+00
-1.65653782e+00
-1.23669339e+00
-7.26798391e-01
-1.32180374e-01
5.32904645e-01
1.24419333e+00
1.96819342e+00
2.66557893e+00
3.29733662e+00
3.83276856e+00
4.25746496e+00
4.42410894e+00
2.33045711e+00
2.15501691e+00
1.80644703e+00
1.48137257e+00
1.18558999e+00
9.21404513e-01
6.88547221e-01
4.85052760e-01
3.07993263e-01
1.54029685e-01
1.97864931e-02
-9.79204087e-02
-2.01964781e-01
-2.94864835e-01
-3.78783491e-01
-4.55554115e-01
-5.26718695e-01
-5.93570669e-01
-6.57197951e-01
-7.18523687e-01
-7.78343390e-01
-8.37357626e-01
-8.96199776e-01
-9.55458566e-01
-1.01569522e+00
-1.07745519e+00
-1.14127456e+00
-1.20768126e+00
-1.27719111e+00
-1.35029912e+00
-1.42746592e+00
-1.50909953e+00
-1.59553253e+00
-1.68699453e+00
-1.78357984e+00
-1.88521008e+00
-1.99159134e+00
-2.10216534e+00
-2.21605367e+00
-2.33199413e+00
-2.44826746e+00
-2.56261268e+00
-2.67212874e+00
-2.77316033e+00
-2.86116650e+00
-2.93057305e+00
-2.97461528e+00
-2.98518714e+00
-2.95273011e+00
-2.86622020e+00
-2.71334624e+00
-2.48101167e+00
-2.15632405e+00
-1.72823513e+00
-1.18992094e+00
-5.41797711e-01
2.05274679e-01
1.02751143e+00
1.88777373e+00
2.73859032e+00
3.52938573e+00
4.21721209e+00
4.77852659e+00
5.00710822e+00
2.54846214e+00
2.35199946e+00
1.95990236e+00
1.59416015e+00
1.26194084e+00
9.66063948e-01
7.06175286e-01
4.79861025e-01
2.83568832e-01
1.13291977e-01
-3.49717983e-02
-1.64946603e-01
-2.79941510e-01
-3.82805644e-01
-4.75939500e-01
-5.61336872e-01
-6.40640594e-01
-7.15201896e-01
-7.86137675e-01
-8.54382744e-01
-9.20735723e-01
-9.85898094e-01
-1.05050638e+00
-1.11515763e+00
-1.18042856e+00
-1.24688855e+00
-1.31510701e+00
-1.38565528e+00
-1.45910339e+00
-1.53601203e+00
-1.61691965e+00
-1.70232505e+00
-1.79266538e+00
-1.88828944e+00
-1.98942639e+00
-2.09614938e+00
-2.20833384e+00
-2.32560982e+00
-2.44730732e+00
-2.57239334e+00
-2.69939834e+00
-2.82632952e+00
-2.95056671e+00
-3.06873625e+00
-3.17655720e+00
-3.26865523e+00
-3.33834225e+00
-3.37736841e+00
-3.37566910e+00
-3.32115859e+00
-3.19966631e+00
-2.99517331e+00
-2.69057402e+00
-2.26923821e+00
-1.71762605e+00
-1.02903898e+00
-2.08185670e-01
7.24420675e-01
1.73000475e+00
2.75328397e+00
3.73027412e+00
4.60212158e+00
5.33205600e+00
5.63811726e+00
2.78079826e+00
2.56090637e+00
2.11992331e+00
1.70873888e+00
1.33609703e+00
1.00529879e+00
7.15758396e-01
4.64441113e-01
2.47020569e-01
5.87148870e-02
-1.05169346e-01
-2.48925785e-01
-3.76304294e-01
-4.90476427e-01
-5.94065588e-01
-6.89210395e-01
-7.77640921e-01
-8.60755846e-01
-9.39694104e-01
-1.01539810e+00
-1.08866753e+00
-1.16020393e+00
-1.23064647e+00
-1.30059976e+00
-1.37065446e+00
-1.44140127e+00
-1.51343909e+00
-1.58737764e+00
-1.66383509e+00
-1.74343089e+00
-1.82677408e+00
-1.91444705e+00
-2.00698504e+00
-2.10485114e+00
-2.20840676e+00
-2.31787751e+00
-2.43331392e+00
-2.55454659e+00
-2.68113475e+00
-2.81230674e+00
-2.94689002e+00
-3.08322724e+00
-3.21907305e+00
-3.35146476e+00
-3.47655718e+00
-3.58941077e+00
-3.68372178e+00
-3.75148737e+00
-3.78261153e+00
-3.76448469e+00
-3.68162058e+00
-3.51551289e+00
-3.24498321e+00
-2.84740849e+00
-2.30128536e+00
-1.59050219e+00
-7.10294706e-01
3.25977640e-01
1.48134667e+00
2.69437083e+00
3.88641261e+00
4.97856307e+00
5.91535535e+00
6.31765799e+00
3.03144266e+00
2.78474521e+00
2.28740132e+00
1.82425556e+00
1.40587861e+00
1.03596462e+00
7.13459089e-01
4.34447710e-01
1.93615368e-01
-1.47440311e-02
-1.96102068e-01
-3.55361350e-01
-4.96720909e-01
-6.23666294e-01
-7.39028909e-01
-8.45077257e-01
-9.43617061e-01
-1.03608737e+00
-1.12364639e+00
-1.20724479e+00
-1.28768629e+00
-1.36567651e+00
-1.44186138e+00
-1.51685645e+00
-1.59126832e+00
-1.66570935e+00
-1.74080628e+00
-1.81720361e+00
-1.89556214e+00
-1.97655292e+00
-2.06084703e+00
-2.14910107e+00
-2.24193863e+00
-2.33992760e+00
-2.44355336e+00
-2.55318760e+00
-2.66905271e+00
-2.79118105e+00
-2.91936849e+00
-3.05312067e+00
-3.19158973e+00
-3.33349778e+00
-3.47704120e+00
-3.61976730e+00
-3.75841067e+00
-3.88867275e+00
-4.00492374e+00
-4.09980451e+00
-4.16371176e+00
-4.18417004e+00
-4.14514101e+00
-4.02641008e+00
-3.80333376e+00
-3.44742494e+00
-2.92845051e+00
-2.21879111e+00
-1.30054294e+00
-1.74932597e-01
1.12811057e+00
2.54461790e+00
3.98134254e+00
5.33498049e+00
6.52424253e+00
7.04543075e+00
3.30549359e+00
3.02726216e+00
2.46313338e+00
1.93913169e+00
1.46794067e+00
1.05345317e+00
6.93767943e-01
3.83711423e-01
1.16681505e-01
-1.14150012e-01
-3.15143975e-01
-4.91861122e-01
-6.48961376e-01
-7.90237698e-01
-9.18717391e-01
-1.03678856e+00
-1.14632735e+00
-1.24881375e+00
-1.34543081e+00
-1.43714661e+00
-1.52478008e+00
-1.60905266e+00
-1.69062818e+00
-1.77014266e+00
-1.84822607e+00
-1.92551711e+00
-2.00267228e+00
-2.08036985e+00
-2.15930939e+00
-2.24020710e+00
-2.32378727e+00
-2.41076993e+00
-2.50185474e+00
-2.59770120e+00
-2.69890511e+00
-2.80597119e+00
-2.91928182e+00
-3.03906153e+00
-3.16533673e+00
-3.29788949e+00
-3.43620338e+00
-3.57939801e+00
-3.72614637e+00
-3.87456599e+00
-4.02206972e+00
-4.16515563e+00
-4.29910713e+00
-4.41756625e+00
-4.51193855e+00
-4.57059471e+00
-4.57786798e+00
-4.51292933e+00
-4.34878475e+00
-4.05190182e+00
-3.58332078e+00
-2.90242460e+00
-1.97455864e+00
-7.82929567e-01
6.56852938e-01
2.28469558e+00
3.99510804e+00
5.65650439e+00
7.15275159e+00
7.82026600e+00
3.60952809e+00
3.29308481e+00
2.64751180e+00
2.05044484e+00
1.51696419e+00
1.05076969e+00
6.48513176e-01
3.03209876e-01
6.56375531e-03
-2.49631437e-01
-4.72763635e-01
-6.69112351e-01
-8.43816748e-01
-1.00097773e+00
-1.14381595e+00
-1.27484081e+00
-1.39600732e+00
-1.50885128e+00
-1.61460030e+00
-1.71426243e+00
-1.80869521e+00
-1.89865856e+00
-1.98485481e+00
-2.06795819e+00
-2.14863622e+00
-2.22756436e+00
-2.30543526e+00
-2.38296339e+00
-2.46088569e+00
-2.53995841e+00
-2.62095065e+00
-2.70463439e+00
-2.79177133e+00
-2.88309638e+00
-2.97929788e+00
-3.08099461e+00
-3.18870944e+00
-3.30283967e+00
-3.42362375e+00
-3.55110350e+00
-3.68508063e+00
-3.82506465e+00
-3.97020712e+00
-4.11921398e+00
-4.27022168e+00
-4.42061513e+00
-4.56675365e+00
-4.70355650e+00
-4.82388313e+00
-4.91763252e+00
-4.97049467e+00
-4.96234484e+00
-4.86542224e+00
-4.64273692e+00
-4.24763770e+00
-3.62609688e+00
-2.72375226e+00
-1.49946986e+00
5.48273519e-02
1.89294630e+00
3.90332230e+00
5.92387449e+00
7.79265249e+00
8.64004782e+00
3.95203937e+00
3.58781590e+00
2.83989629e+00
2.15283514e+00
1.54429066e+00
1.01701525e+00
5.65262142e-01
1.79436712e-01
-1.51000234e-01
-4.35960013e-01
-6.84028869e-01
-9.02284716e-01
-1.09638121e+00
-1.27074738e+00
-1.42881750e+00
-1.57324873e+00
-1.70610843e+00
-1.82902691e+00
-1.94331789e+00
-2.05007108e+00
-2.15022252e+00
-2.24460715e+00
-2.33399786e+00
-2.41913418e+00
-2.50074289e+00
-2.57955253e+00
-2.65630293e+00
-2.73175063e+00
-2.80667089e+00
-2.88185640e+00
-2.95811312e+00
-3.03625317e+00
-3.11708485e+00
-3.20139986e+00
-3.28995770e+00
-3.38346734e+00
-3.48256629e+00
-3.58779703e+00
-3.69958101e+00
-3.81818979e+00
-3.94371269e+00
-4.07601894e+00
-4.21471096e+00
-4.35906152e+00
-4.50792276e+00
-4.65958597e+00
-4.81155762e+00
-4.96019725e+00
-5.10013612e+00
-5.22336427e+00
-5.31785037e+00
-5.36556925e+00
-5.33991512e+00
-5.20276153e+00
-4.90200467e+00
-4.37134991e+00
-3.53520884e+00
-2.32220101e+00
-6.89481507e-01
1.34505535e+00
3.67575339e+00
6.11167913e+00
8.43258950e+00
9.50150701e+00
4.34391169e+00
3.91794084e+00
3.03734529e+00
2.23652872e+00
1.53556493e+00
9.34842719e-01
4.24707266e-01
-8.19838623e-03
-3.77395546e-01
-6.94921974e-01
-9.70786122e-01
-1.21298507e+00
-1.42776426e+00
-1.61994617e+00
-1.79324555e+00
-1.95053867e+00
-2.09407975e+00
-2.22566829e+00
-2.34677572e+00
-2.45863984e+00
-2.56233464e+00
-2.65882177e+00
-2.74898837e+00
-2.83367486e+00
-2.91369528e+00
-2.98985196e+00
-3.06294584e+00
-3.13378327e+00
-3.20317975e+00
-3.27196102e+00
-3.34096161e+00
-3.41102092e+00
-3.48297683e+00
-3.55765695e+00
-3.63586750e+00
-3.71837993e+00
-3.80591547e+00
-3.89912790e+00
-3.99858475e+00
-4.10474721e+00
-4.21794855e+00
-4.33837041e+00
-4.46601484e+00
-4.60066738e+00
-4.74184202e+00
-4.88869059e+00
-5.03984562e+00
-5.19314335e+00
-5.34513949e+00
-5.49028189e+00
-5.61954577e+00
-5.71828815e+00
-5.76309267e+00
-5.71756610e+00
-5.52759679e+00
-5.11770774e+00
-4.39190447e+00
-3.24435163e+00
-1.58566801e+00
6.13661553e-01
3.27420971e+00
6.18541097e+00
9.05642934e+00
1.03996297e+01
4.79875628e+00
4.29020610e+00
3.23203798e+00
2.28368840e+00
1.46658440e+00
7.76129247e-01
1.96363313e-01
-2.91499335e-01
-7.04968627e-01
-1.05877761e+00
-1.36468518e+00
-1.63182322e+00
-1.86720004e+00
-2.07618758e+00
-2.26293082e+00
-2.43066865e+00
-2.58197625e+00
-2.71894412e+00
-2.84330906e+00
-2.95654957e+00
-3.05995542e+00
-3.15467879e+00
-3.24177203e+00
-3.32221590e+00
-3.39694091e+00
-3.46684340e+00
-3.53279782e+00
-3.59566572e+00
-3.65630215e+00
-3.71555972e+00
-3.77429039e+00
-3.83334517e+00
-3.89357169e+00
-3.95580975e+00
-4.02088482e+00
-4.08959981e+00
-4.16272513e+00
-4.24098769e+00
-4.32505908e+00
-4.41554369e+00
-4.51296712e+00
-4.61776532e+00
-4.73027389e+00
-4.85071525e+00
-4.97917844e+00
-5.11557918e+00
-5.25957647e+00
-5.41040004e+00
-5.56650708e+00
-5.72492707e+00
-5.88006692e+00
-6.02163737e+00
-6.13126282e+00
-6.17735636e+00
-6.10820854e+00
-5.84433278e+00
-5.27335811e+00
-4.25419010e+00
-2.64042529e+00
-3.31937688e-01
2.64948754e+00
6.09649818e+00
9.63997480e+00
1.13260491e+01
5.33255960e+00
4.70960285e+00
3.40595674e+00
2.26152301e+00
1.29585617e+00
4.94547822e-01
-1.68492080e-01
-7.19924352e-01
-1.18267936e+00
-1.57503205e+00
-1.91104663e+00
-2.20140984e+00
-2.45424733e+00
-2.67579364e+00
-2.87090118e+00
-3.04341285e+00
-3.19643013e+00
-3.33250513e+00
-3.45377839e+00
-3.56207878e+00
-3.65899660e+00
-3.74593815e+00
-3.82416693e+00
-3.89483548e+00
-3.95901029e+00
-4.01769161e+00
-4.07182934e+00
-4.12233576e+00
-4.17009566e+00
-4.21597412e+00
-4.26082223e+00
-4.30548082e+00
-4.35078227e+00
-4.39755050e+00
-4.44659925e+00
-4.49872888e+00
-4.55472195e+00
-4.61533812e+00
-4.68130893e+00
-4.75333335e+00
-4.83207511e+00
-4.91816288e+00
-5.01219416e+00
-5.11474311e+00
-5.22637042e+00
-5.34762929e+00
-5.47905232e+00
-5.62108698e+00
-5.77391369e+00
-5.93702091e+00
-6.10830977e+00
-6.28234238e+00
-6.44713646e+00
-6.57870908e+00
-6.63259652e+00
-6.53230864e+00
-6.15692488e+00
-5.33466972e+00
-3.85609397e+00
-1.52562056e+00
1.73722236e+00
5.77392728e+00
1.01442626e+01
1.22648734e+01
5.96103029e+00
5.17372278e+00
3.51966135e+00
2.10896483e+00
9.51062221e-01
1.28282880e-02
-7.48165043e-01
-1.37019276e+00
-1.88382344e+00
-2.31229635e+00
-2.67300475e+00
-2.97899422e+00
-3.24016308e+00
-3.46414340e+00
-3.65692487e+00
-3.82329182e+00
-3.96713017e+00
-4.09164541e+00
-4.19951959e+00
-4.29302662e+00
-4.37411845e+00
-4.44449070e+00
-4.50563380e+00
-4.55887330e+00
-4.60540238e+00
-4.64630826e+00
-4.68259405e+00
-4.71519679e+00
-4.74500245e+00
-4.77285830e+00
-4.79958305e+00
-4.82597479e+00
-4.85281724e+00
-4.88088408e+00
-4.91094191e+00
-4.94375185e+00
-4.98007036e+00
-5.02064957e+00
-5.06623810e+00
-5.11758325e+00
-5.17543585e+00
-5.24055958e+00
-5.31374645e+00
-5.39584064e+00
-5.48777192e+00
-5.59059832e+00
-5.70555194e+00
-5.83407063e+00
-5.97777245e+00
-6.13827880e+00
-6.31669442e+00
-6.51237522e+00
-6.72032566e+00
-6.92615645e+00
-7.09711916e+00
-7.16774835e+00
-7.02013246e+00
-6.46361194e+00
-5.22860619e+00
-3.00311615e+00
4.52820465e-01
5.11027941e+00
1.05016308e+01
1.31821583e+01
6.69002503e+00
5.65752007e+00
3.48788175e+00
1.71034129e+00
3.04347474e-01
-7.98623880e-01
-1.66780769e+00
-2.35924769e+00
-2.91494496e+00
-3.36566139e+00
-3.73396759e+00
-4.03664084e+00
-4.28636796e+00
-4.49291418e+00
-4.66392226e+00
-4.80546431e+00
-4.92242940e+00
-5.01880115e+00
-5.09786040e+00
-5.16233612e+00
-5.21451969e+00
-5.25635300e+00
-5.28949739e+00
-5.31538842e+00
-5.33527990e+00
-5.35027979e+00
-5.36137972e+00
-5.36947957e+00
-5.37540792e+00
-5.37993931e+00
-5.38380869e+00
-5.38772354e+00
-5.39237404e+00
-5.39844148e+00
-5.40660527e+00
-5.41754897e+00
-5.43196553e+00
-5.45056266e+00
-5.47406875e+00
-5.50324078e+00
-5.53887545e+00
-5.58182551e+00
-5.63302397e+00
-5.69351924e+00
-5.76452487e+00
-5.84748779e+00
-5.94417687e+00
-6.05678837e+00
-6.18804971e+00
-6.34126766e+00
-6.52018959e+00
-6.72838725e+00
-6.96756549e+00
-7.23365997e+00
-7.50877194e+00
-7.74608486e+00
-7.84481293e+00
-7.61531039e+00
-6.74503471e+00
-4.79841546e+00
-1.31344954e+00
3.93909439e+00
1.05863282e+01
1.39999062e+01
7.48581833e+00
6.07187383e+00
3.12473734e+00
8.42682603e-01
-8.71900154e-01
-2.15529747e+00
-3.12233940e+00
-3.85774920e+00
-4.42167951e+00
-4.85675797e+00
-5.19357695e+00
-5.45447296e+00
-5.65604273e+00
-5.81081919e+00
-5.92840414e+00
-6.01624820e+00
-6.08019855e+00
-6.12489055e+00
-6.15403273e+00
-6.17061734e+00
-6.17707824e+00
-6.17541100e+00
-6.16726545e+00
-6.15401786e+00
-6.13682808e+00
-6.11668518e+00
-6.09444444e+00
-6.07085764e+00
-6.04659811e+00
-6.02228177e+00
-5.99848481e+00
-5.97575885e+00
-5.95464396e+00
-5.93568009e+00
-5.91941716e+00
-5.90642444e+00
-5.89729943e+00
-5.89267717e+00
-5.89324040e+00
-5.89973203e+00
-5.91297113e+00
-5.93387456e+00
-5.96348708e+00
-6.00302356e+00
-6.05392835e+00
-6.11795825e+00
-6.19729652e+00
-6.29470521e+00
-6.41371828e+00
-6.55886048e+00
-6.73583077e+00
-6.95147507e+00
-7.21311895e+00
-7.52629844e+00
-7.88891318e+00
-8.27814181e+00
-8.62434997e+00
-8.76552136e+00
-8.38208632e+00
-6.93667301e+00
-3.69815278e+00
2.00024852e+00
1.01521575e+01
1.45336648e+01
8.18707559e+00
6.14762649e+00
2.01759974e+00
-9.28171164e-01
-2.97812076e+00
-4.40226445e+00
-5.39620464e+00
-6.09232349e+00
-6.57932233e+00
-6.91726508e+00
-7.14751449e+00
-7.29906232e+00
-7.39257019e+00
-7.44298761e+00
-7.46127902e+00
-7.45558386e+00
-7.43200928e+00
-7.39518054e+00
-7.34862911e+00
-7.29507040e+00
-7.23660540e+00
-7.17486909e+00
-7.11114124e+00
-7.04643020e+00
-6.98153727e+00
-6.91710677e+00
-6.85366559e+00
-6.79165493e+00
-6.73145620e+00
-6.67341251e+00
-6.61784687e+00
-6.56507785e+00
-6.51543346e+00
-6.46926359e+00
-6.42695172e+00
-6.38892609e+00
-6.35567096e+00
-6.32773858e+00
-6.30576243e+00
-6.29047296e+00
-6.28271707e+00
-6.28348321e+00
-6.29393502e+00
-6.31545711e+00
-6.34971839e+00
-6.39876075e+00
-6.46512329e+00
-6.55201623e+00
-6.66356130e+00
-6.80511404e+00
-6.98366813e+00
-7.20828683e+00
-7.49035081e+00
-7.84302069e+00
-8.27840324e+00
-8.79897665e+00
-9.37619748e+00
-9.90382399e+00
-1.01099007e+01
-9.42380707e+00
-6.85673297e+00
-1.10697314e+00
8.70144265e+00
1.43504196e+01
8.24776139e+00
5.09882103e+00
-7.62630942e-01
-4.43442371e+00
-6.68041526e+00
-8.03886648e+00
-8.84526205e+00
-9.30408196e+00
-9.54104818e+00
-9.63483118e+00
-9.63560066e+00
-9.57592951e+00
-9.47731015e+00
-9.35412431e+00
-9.21610762e+00
-9.06990815e+00
-8.92008976e+00
-8.76978911e+00
-8.62115341e+00
-8.47563693e+00
-8.33420501e+00
-8.19747676e+00
-8.06582654e+00
-7.93945712e+00
-7.81845355e+00
-7.70282338e+00
-7.59252753e+00
-7.48750438e+00
-7.38768925e+00
-7.29303061e+00
-7.20350403e+00
-7.11912465e+00
-7.03995878e+00
-6.96613497e+00
-6.89785511e+00
-6.83540570e+00
-6.77916999e+00
-6.72964110e+00
-6.68743711e+00
-6.65331868e+00
-6.62821048e+00
-6.61322826e+00
-6.60971375e+00
-6.61928115e+00
-6.64388031e+00
-6.68588439e+00
-6.74821334e+00
-6.83451018e+00
-6.94939442e+00
-7.09882667e+00
-7.29062673e+00
-7.53518449e+00
-7.84635481e+00
-8.24234600e+00
-8.74586262e+00
-9.38128214e+00
-1.01629731e+01
-1.10606697e+01
-1.19126563e+01
-1.22403509e+01
-1.09365484e+01
-5.97127740e+00
5.21855869e+00
1.24760171e+01
5.99364977e+00
6.19508782e-01
-7.26648900e+00
-1.11384454e+01
-1.29147367e+01
-1.36107539e+01
-1.37473779e+01
-1.35952273e+01
-1.32977637e+01
-1.29323642e+01
-1.25412202e+01
-1.21473789e+01
-1.17632758e+01
-1.13953750e+01
-1.10467423e+01
-1.07184993e+01
-1.04106583e+01
-1.01226097e+01
-9.85340873e+00
-9.60194764e+00
-9.36705827e+00
-9.14757420e+00
-8.94236810e+00
-8.75037414e+00
-8.57060163e+00
-8.40214323e+00
-8.24418050e+00
-8.09598782e+00
-7.95693603e+00
-7.82649615e+00
-7.70424362e+00
-7.58986347e+00
-7.48315641e+00
-7.38404611e+00
-7.29258774e+00
-7.20897782e+00
-7.13356574e+00
-7.06686703e+00
-7.00957885e+00
-6.96259833e+00
-6.92704465e+00
-6.90428628e+00
-6.89597553e+00
-6.90409347e+00
-6.93101029e+00
-6.97956827e+00
-7.05319878e+00
-7.15609086e+00
-7.29343861e+00
-7.47180952e+00
-7.69969844e+00
-7.98836222e+00
-8.35306423e+00
-8.81486593e+00
-9.40298194e+00
-1.01571266e+01
-1.11271899e+01
-1.23609980e+01
-1.38520806e+01
-1.53727057e+01
-1.60329052e+01
-1.33761005e+01
-2.34168014e+00
6.90882737e+00
-3.36038834e+00
-1.39742702e+01
-2.14358662e+01
-2.29215055e+01
-2.23674097e+01
-2.11696152e+01
-1.98408311e+01
-1.85660446e+01
-1.74042649e+01
-1.63660418e+01
-1.54442184e+01
-1.46262151e+01
-1.38988143e+01
-1.32498753e+01
-1.26688069e+01
-1.21465614e+01
-1.16754658e+01
-1.12490167e+01
-1.08616885e+01
-1.05087679e+01
-1.01862174e+01
-9.89056493e+00
-9.61881495e+00
-9.36837803e+00
-9.13701479e+00
-8.92279185e+00
-8.72404765e+00
-8.53936631e+00
-8.36755829e+00
-8.20764679e+00
-8.05885904e+00
-7.92062181e+00
-7.79256064e+00
-7.67450227e+00
-7.56647997e+00
-7.46874154e+00
-7.38175968e+00
-7.30624481e+00
-7.24316033e+00
-7.19374075e+00
-7.15951327e+00
-7.14232405e+00
-7.14437107e+00
-7.16824661e+00
-7.21699409e+00
-7.29418677e+00
-7.40403972e+00
-7.55157327e+00
-7.74285664e+00
-7.98537778e+00
-8.28861437e+00
-8.66492857e+00
-9.13098773e+00
-9.71004157e+00
-1.04355819e+01
-1.13571475e+01
-1.25490544e+01
-1.41212800e+01
-1.62227058e+01
-1.89871636e+01
-2.22235057e+01
-2.41991464e+01
-1.80080699e+01
-5.77039849e+00
-9.66668081e+00
-2.33283277e+01
-2.90255933e+01
-2.89554584e+01
-2.71007701e+01
-2.48812922e+01
-2.27744797e+01
-2.09125928e+01
-1.93062041e+01
-1.79278369e+01
-1.67423716e+01
-1.57171954e+01
-1.48248230e+01
-1.40428999e+01
-1.33534407e+01
-1.27419685e+01
-1.21967626e+01
-1.17082564e+01
-1.12685730e+01
-1.08711702e+01
-1.05105720e+01
-1.01821628e+01
-9.88203146e+00
-9.60684978e+00
-9.35378055e+00
-9.12040566e+00
-8.90467166e+00
-8.70484810e+00
-8.51949687e+00
-8.34744998e+00
-8.18779467e+00
-8.03986440e+00
-7.90323504e+00
-7.77772520e+00
-7.66340034e+00
-7.56058004e+00
-7.46984802e+00
-7.39206485e+00
-7.32838282e+00
-7.28026383e+00
-7.24949994e+00
-7.23823843e+00
-7.24901225e+00
-7.28477959e+00
-7.34897618e+00
-7.44558840e+00
-7.57925720e+00
-7.75543119e+00
-7.98059494e+00
-8.26261722e+00
-8.61128829e+00
-9.03916401e+00
-9.56291004e+00
-1.02054785e+01
-1.09996787e+01
-1.19940847e+01
-1.32627290e+01
-1.49201163e+01
-1.71391923e+01
-2.01437089e+01
-2.40185265e+01
-2.77084264e+01
-2.55610134e+01
-1.20933194e+01
