# vtk DataFile Version 3.0
Lid-Driven Cavity Re=100 Step=300
ASCII
DATASET STRUCTURED_POINTS
DIMENSIONS 64 64 1
ORIGIN 0.007812 0.007812 0.0
SPACING 0.015625 0.015625 1.0
POINT_DATA 4096
VECTORS velocity double
-2.16151570e-05 -5.68924205e-05 0.0
-2.51017726e-05 -5.20067747e-05 0.0
-2.53351948e-05 -1.19079863e-05 0.0
-9.88551986e-05 2.82622542e-05 0.0
-2.38379747e-04 6.07380011e-05 0.0
-4.29155262e-04 8.60133581e-05 0.0
-6.58318840e-04 1.05550949e-04 0.0
-9.15515651e-04 1.20448645e-04 0.0
-1.19224048e-03 1.31487761e-04 0.0
-1.48145406e-03 1.39383120e-04 0.0
-1.77742569e-03 1.44738729e-04 0.0
-2.07558770e-03 1.48128844e-04 0.0
-2.37237241e-03 1.49979803e-04 0.0
-2.66502120e-03 1.50682996e-04 0.0
-2.95141259e-03 1.50480854e-04 0.0
-3.22989958e-03 1.49610850e-04 0.0
-3.49918436e-03 1.48179478e-04 0.0
-3.75820894e-03 1.46323374e-04 0.0
-4.00608099e-03 1.44065266e-04 0.0
-4.24201139e-03 1.41487348e-04 0.0
-4.46527913e-03 1.38568588e-04 0.0
-4.67520118e-03 1.35368417e-04 0.0
-4.87112141e-03 1.31847021e-04 0.0
-5.05239887e-03 1.28058729e-04 0.0
-5.21840874e-03 1.23957942e-04 0.0
-5.36853935e-03 1.19601854e-04 0.0
-5.50219779e-03 1.14944788e-04 0.0
-5.61881062e-03 1.10049498e-04 0.0
-5.71783047e-03 1.04872428e-04 0.0
-5.79873823e-03 9.94823055e-05 0.0
-5.86104938e-03 9.38385888e-05 0.0
-5.90431692e-03 8.80156466e-05 0.0
-5.92813705e-03 8.19765143e-05 0.0
-5.93215276e-03 7.58007091e-05 0.0
-5.91605879e-03 6.94553972e-05 0.0
-5.87960597e-03 6.30247601e-05 0.0
-5.82260549e-03 5.64807350e-05 0.0
-5.74493416e-03 4.99118174e-05 0.0
-5.64653824e-03 4.32956448e-05 0.0
-5.52744014e-03 3.67251804e-05 0.0
-5.38774276e-03 3.01855689e-05 0.0
-5.22763889e-03 2.37758022e-05 0.0
-5.04741829e-03 1.74924707e-05 0.0
-4.84748288e-03 1.14452313e-05 0.0
-4.62836067e-03 5.65024517e-06 0.0
-4.39073223e-03 2.37932727e-07 0.0
-4.13545820e-03 -4.74114677e-06 0.0
-3.86362487e-03 -9.11786736e-06 0.0
-3.57659375e-03 -1.27839331e-05 0.0
-3.27607482e-03 -1.55049587e-05 0.0
-2.96420591e-03 -1.70838350e-05 0.0
-2.64365945e-03 -1.71883230e-05 0.0
-2.31775497e-03 -1.54980363e-05 0.0
-1.99059896e-03 -1.15502155e-05 0.0
-1.66722509e-03 -4.87172639e-06 0.0
-1.35375332e-03 5.15052469e-06 0.0
-1.05753750e-03 1.91531002e-05 0.0
-7.87354409e-04 3.79325442e-05 0.0
-5.53740654e-04 6.24842173e-05 0.0
-3.69812478e-04 9.44232706e-05 0.0
-2.52618208e-04 1.36122693e-04 0.0
-2.22485027e-04 1.88559670e-04 0.0
-2.86798794e-04 2.38035978e-04 0.0
-1.70880455e-04 2.06871473e-04 0.0
-4.77235362e-05 -9.98933412e-05 0.0
-1.40740157e-04 -5.87229359e-05 0.0
-2.94192945e-04 8.43489861e-05 0.0
-5.80896488e-04 2.35063425e-04 0.0
-1.00115294e-03 3.63197330e-04 0.0
-1.53637812e-03 4.65531947e-04 0.0
-2.16374582e-03 5.44969137e-04 0.0
-2.86136567e-03 6.04652304e-04 0.0
-3.60956537e-03 6.47425928e-04 0.0
-4.39124017e-03 6.75994057e-04 0.0
-5.19192909e-03 6.92945171e-04 0.0
-5.99972777e-03 7.00593073e-04 0.0
-6.80502669e-03 7.00930602e-04 0.0
-7.60018156e-03 6.95555245e-04 0.0
-8.37913931e-03 6.85738456e-04 0.0
-9.13710167e-03 6.72413603e-04 0.0
-9.87021157e-03 6.56285932e-04 0.0
-1.05753090e-02 6.37824367e-04 0.0
-1.12497220e-02 6.17375548e-04 0.0
-1.18911234e-02 5.95139062e-04 0.0
-1.24974138e-02 5.71273417e-04 0.0
-1.30666545e-02 5.45850000e-04 0.0
-1.35970127e-02 5.18949742e-04 0.0
-1.40867404e-02 4.90598861e-04 0.0
-1.45341547e-02 4.60859779e-04 0.0
-1.49376390e-02 4.29754132e-04 0.0
-1.52956404e-02 3.97351943e-04 0.0
-1.56066800e-02 3.63686722e-04 0.0
-1.58693567e-02 3.28845431e-04 0.0
-1.60823607e-02 2.92878904e-04 0.0
-1.62444797e-02 2.55893558e-04 0.0
-1.63546126e-02 2.17959084e-04 0.0
-1.64117776e-02 1.79201774e-04 0.0
-1.64151241e-02 1.39710727e-04 0.0
-1.63639433e-02 9.96321818e-05 0.0
-1.62576788e-02 5.90752479e-05 0.0
-1.60959384e-02 1.82065367e-05 0.0
-1.58785048e-02 -2.28434110e-05 0.0
-1.56053500e-02 -6.38856576e-05 0.0
-1.52766470e-02 -1.04764147e-04 0.0
-1.48927897e-02 -1.45261269e-04 0.0
-1.44544098e-02 -1.85184518e-04 0.0
-1.39624078e-02 -2.24271133e-04 0.0
-1.34179833e-02 -2.62266972e-04 0.0
-1.28226877e-02 -2.98828544e-04 0.0
-1.21784817e-02 -3.33590554e-04 0.0
-1.14878254e-02 -3.66063809e-04 0.0
-1.07537806e-02 -3.95688969e-04 0.0
-9.98015684e-03 -4.21730938e-04 0.0
-9.17167443e-03 -4.43319869e-04 0.0
-8.33417831e-03 -4.59347295e-04 0.0
-7.47486571e-03 -4.68500975e-04 0.0
-6.60255794e-03 -4.69173988e-04 0.0
-5.72796511e-03 -4.59507529e-04 0.0
-4.86396033e-03 -4.37336687e-04 0.0
-4.02578289e-03 -4.00276255e-04 0.0
-3.23115762e-03 -3.45738442e-04 0.0
-2.50022339e-03 -2.71018600e-04 0.0
-1.85524715e-03 -1.73121956e-04 0.0
-1.31979635e-03 -4.85090109e-05 0.0
-9.15982571e-04 1.05788134e-04 0.0
-6.55042201e-04 2.82639968e-04 0.0
-5.14024174e-04 4.29533079e-04 0.0
-2.33740643e-04 3.63038947e-04 0.0
-6.76986180e-05 -4.86538318e-05 0.0
-2.49848616e-04 1.01024311e-04 0.0
-5.69780524e-04 3.97988933e-04 0.0
-1.07475668e-03 7.13108437e-04 0.0
-1.75947777e-03 9.90134935e-04 0.0
-2.60215067e-03 1.21650021e-03 0.0
-3.57461617e-03 1.39384167e-03 0.0
-4.64805710e-03 1.52685081e-03 0.0
-5.79547542e-03 1.62085553e-03 0.0
-6.99272174e-03 1.68149824e-03 0.0
-8.21893511e-03 1.71435576e-03 0.0
-9.45656697e-03 1.72462799e-03 0.0
-1.06911753e-02 1.71681776e-03 0.0
-1.19110310e-02 1.69469579e-03 0.0
-1.31066895e-02 1.66123119e-03 0.0
-1.42705309e-02 1.61874375e-03 0.0
-1.53963658e-02 1.56891969e-03 0.0
-1.64790718e-02 1.51301511e-03 0.0
-1.75143209e-02 1.45186792e-03 0.0
-1.84983457e-02 1.38609571e-03 0.0
-1.94277872e-02 1.31607136e-03 0.0
-2.02995675e-02 1.24209742e-03 0.0
-2.11108238e-02 1.16434106e-03 0.0
-2.18588501e-02 1.08298720e-03 0.0
-2.25410804e-02 9.98141597e-04 0.0
-2.31550687e-02 9.09971722e-04 0.0
-2.36984954e-02 8.18589216e-04 0.0
-2.41691653e-02 7.24186603e-04 0.0
-2.45650231e-02 6.26907791e-04 0.0
-2.48841596e-02 5.26985261e-04 0.0
-2.51248290e-02 4.24603953e-04 0.0
-2.52854593e-02 3.20040576e-04 0.0
-2.53646694e-02 2.13523906e-04 0.0
-2.53612815e-02 1.05376072e-04 0.0
-2.52743379e-02 -4.12876524e-06 0.0
-2.51031156e-02 -1.14621953e-04 0.0
-2.48471422e-02 -2.25781440e-04 0.0
-2.45062144e-02 -3.37188730e-04 0.0
-2.40804141e-02 -4.48467233e-04 0.0
-2.35701340e-02 -5.59138256e-04 0.0
-2.29760982e-02 -6.68752750e-04 0.0
-2.22994003e-02 -7.76744322e-04 0.0
-2.15415384e-02 -8.82548703e-04 0.0
-2.07044771e-02 -9.85449983e-04 0.0
-1.97907122e-02 -1.08468076e-03 0.0
-1.88033756e-02 -1.17925727e-03 0.0
-1.77463510e-02 -1.26805418e-03 0.0
-1.66244451e-02 -1.34962744e-03 0.0
-1.54435756e-02 -1.42226367e-03 0.0
-1.42110266e-02 -1.48379873e-03 0.0
-1.29357167e-02 -1.53165435e-03 0.0
-1.16285298e-02 -1.56267577e-03 0.0
-1.03026323e-02 -1.57318658e-03 0.0
-8.97381209e-03 -1.55889267e-03 0.0
-7.66072921e-03 -1.51502374e-03 0.0
-6.38507426e-03 -1.43640887e-03 0.0
-5.17146361e-03 -1.31782882e-03 0.0
-4.04700152e-03 -1.15431453e-03 0.0
-3.04022818e-03 -9.41565375e-04 0.0
-2.17908165e-03 -6.76655719e-04 0.0
-1.48668675e-03 -3.62266420e-04 0.0
-9.73327311e-04 -2.36009755e-05 0.0
-6.26862153e-04 2.48295366e-04 0.0
-2.46083776e-04 2.45549151e-04 0.0
-8.95228726e-05 5.09369735e-05 0.0
-3.60057502e-04 3.96487782e-04 0.0
-8.40494212e-04 9.02899336e-04 0.0
-1.55314690e-03 1.42583247e-03 0.0
-2.48189403e-03 1.89088796e-03 0.0
-3.59960447e-03 2.27613968e-03 0.0
-4.87363231e-03 2.58070789e-03 0.0
-6.27035955e-03 2.81016543e-03 0.0
-7.75776891e-03 2.97238434e-03 0.0
-9.30681469e-03 3.07627759e-03 0.0
-1.08920237e-02 3.13101783e-03 0.0
-1.24916682e-02 3.14526161e-03 0.0
-1.40875749e-02 3.12672138e-03 0.0
-1.56647780e-02 3.08187346e-03 0.0
-1.72110335e-02 3.01599273e-03 0.0
-1.87163500e-02 2.93316542e-03 0.0
-2.01725068e-02 2.83651778e-03 0.0
-2.15726652e-02 2.72830961e-03 0.0
-2.29110108e-02 2.61019866e-03 0.0
-2.41825015e-02 2.48331115e-03 0.0
-2.53826473e-02 2.34847603e-03 0.0
-2.65073788e-02 2.20623749e-03 0.0
-2.75529309e-02 2.05704424e-03 0.0
-2.85157919e-02 1.90120628e-03 0.0
-2.93926518e-02 1.73904928e-03 0.0
-3.01803947e-02 1.57083193e-03 0.0
-3.08760820e-02 1.39688097e-03 0.0
-3.14769644e-02 1.21748530e-03 0.0
-3.19804819e-02 1.03302353e-03 0.0
-3.23842827e-02 8.43845955e-04 0.0
-3.26862312e-02 6.50400927e-04 0.0
-3.28844283e-02 4.53110856e-04 0.0
-3.29772242e-02 2.52499711e-04 0.0
-3.29632380e-02 4.90663489e-05 0.0
-3.28413738e-02 -1.56586657e-04 0.0
-3.26108399e-02 -3.63880096e-04 0.0
-3.22711688e-02 -5.72128043e-04 0.0
-3.18222365e-02 -7.80662664e-04 0.0
-3.12642891e-02 -9.88701919e-04 0.0
-3.05979663e-02 -1.19546769e-03 0.0
-2.98243396e-02 -1.40004802e-03 0.0
-2.89449474e-02 -1.60150144e-03 0.0
-2.79618571e-02 -1.79870755e-03 0.0
-2.68777258e-02 -1.99044760e-03 0.0
-2.56959042e-02 -2.17523534e-03 0.0
-2.44205456e-02 -2.35136372e-03 0.0
-2.30567754e-02 -2.51671045e-03 0.0
-2.16108734e-02 -2.66874727e-03 0.0
-2.00905308e-02 -2.80432636e-03 0.0
-1.85051202e-02 -2.91966649e-03 0.0
-1.68660399e-02 -3.01015030e-03 0.0
-1.51870486e-02 -3.07033180e-03 0.0
-1.34846423e-02 -3.09381097e-03 0.0
-1.17783535e-02 -3.07335420e-03 0.0
-1.00909972e-02 -3.00098148e-03 0.0
-8.44869128e-03 -2.86839246e-03 0.0
-6.88062529e-03 -2.66750565e-03 0.0
-5.41833936e-03 -2.39136984e-03 0.0
-4.09442575e-03 -2.03518466e-03 0.0
-2.94029669e-03 -1.59830001e-03 0.0
-1.98279310e-03 -1.09051223e-03 0.0
-1.23985525e-03 -5.51644433e-04 0.0
-7.19415414e-04 -9.05618580e-05 0.0
-2.57624520e-04 9.71327229e-05 0.0
-1.12203844e-04 2.00897642e-04 0.0
-4.68768009e-04 8.21863643e-04 0.0
-1.10112886e-03 1.59032611e-03 0.0
-2.00801711e-03 2.35795545e-03 0.0
-3.16098887e-03 3.04049353e-03 0.0
-4.52615174e-03 3.60942078e-03 0.0
-6.06635709e-03 4.06167418e-03 0.0
-7.74411221e-03 4.40369930e-03 0.0
-9.52376880e-03 4.64593504e-03 0.0
-1.13727938e-02 4.80081974e-03 0.0
-1.32624512e-02 4.88136509e-03 0.0
-1.51679652e-02 4.90009911e-03 0.0
-1.70684077e-02 4.86826003e-03 0.0
-1.89463220e-02 4.79548240e-03 0.0
-2.07872833e-02 4.68963158e-03 0.0
-2.25793717e-02 4.55696530e-03 0.0
-2.43127085e-02 4.40224610e-03 0.0
-2.59789964e-02 4.22906488e-03 0.0
-2.75711708e-02 4.04000134e-03 0.0
-2.90830804e-02 3.83694925e-03 0.0
-3.05092776e-02 3.62122196e-03 0.0
-3.18448299e-02 3.39381860e-03 0.0
-3.30852198e-02 3.15544886e-03 0.0
-3.42262484e-02 2.90673695e-03 0.0
-3.52640030e-02 2.64817918e-03 0.0
-3.61948155e-02 2.38030520e-03 0.0
-3.70152647e-02 2.10359222e-03 0.0
-3.77221631e-02 1.81860431e-03 0.0
-3.83125745e-02 1.52588296e-03 0.0
-3.87838148e-02 1.22607815e-03 0.0
-3.91334743e-02 9.19827377e-04 0.0
-3.93594268e-02 6.07885282e-04 0.0
-3.94598517e-02 2.90997507e-04 0.0
-3.94332491e-02 -2.99688150e-05 0.0
-3.92784603e-02 -3.54152884e-04 0.0
-3.89946886e-02 -6.80568221e-04 0.0
-3.85815193e-02 -1.00822907e-03 0.0
-3.80389471e-02 -1.33601568e-03 0.0
-3.73673984e-02 -1.66279457e-03 0.0
-3.65677696e-02 -1.98727742e-03 0.0
-3.56414583e-02 -2.30812723e-03 0.0
-3.45904219e-02 -2.62380322e-03 0.0
-3.34172300e-02 -2.93264075e-03 0.0
-3.21251593e-02 -3.23267098e-03 0.0
-3.07182877e-02 -3.52166023e-03 0.0
-2.92016488e-02 -3.79689367e-03 0.0
-2.75813925e-02 -4.05516479e-03 0.0
-2.58650243e-02 -4.29252351e-03 0.0
-2.40616525e-02 -4.50422548e-03 0.0
-2.21823210e-02 -4.68447331e-03 0.0
-2.02403359e-02 -4.82637351e-03 0.0
-1.82516567e-02 -4.92174692e-03 0.0
-1.62352289e-02 -4.96119853e-03 0.0
-1.42133117e-02 -4.93414460e-03 0.0
-1.22116339e-02 -4.82919804e-03 0.0
-1.02594010e-02 -4.63469139e-03 0.0
-8.38894276e-03 -4.33970846e-03 0.0
-6.63500978e-03 -3.93536737e-03 0.0
-5.03350708e-03 -3.41658579e-03 0.0
-3.61974294e-03 -2.78477851e-03 0.0
-2.42621755e-03 -2.05505010e-03 0.0
-1.48101144e-03 -1.27524214e-03 0.0
-8.09688310e-04 -5.58719681e-04 0.0
-2.72847945e-04 -8.43664847e-05 0.0
-1.32975362e-04 3.99699162e-04 0.0
-5.68065449e-04 1.36834007e-03 0.0
-1.33917984e-03 2.44733269e-03 0.0
-2.42351849e-03 3.49218491e-03 0.0
-3.78006067e-03 4.41579138e-03 0.0
-5.36733796e-03 5.18657779e-03 0.0
-7.14331868e-03 5.80072207e-03 0.0
-9.06694344e-03 6.26605144e-03 0.0
-1.10995858e-02 6.59590599e-03 0.0
-1.32061107e-02 6.80642415e-03 0.0
-1.53553836e-02 6.91472041e-03 0.0
-1.75204489e-02 6.93735361e-03 0.0
-1.96783483e-02 6.88938161e-03 0.0
-2.18098014e-02 6.78376366e-03 0.0
-2.38987113e-02 6.63126048e-03 0.0
-2.59316865e-02 6.44043999e-03 0.0
-2.78975166e-02 6.21798166e-03 0.0
-2.97867493e-02 5.96889411e-03 0.0
-3.15912774e-02 5.69692201e-03 0.0
-3.33040509e-02 5.40475990e-03 0.0
-3.49188070e-02 5.09441554e-03 0.0
-3.64299113e-02 4.76733339e-03 0.0
-3.78322055e-02 4.42467223e-03 0.0
-3.91209396e-02 4.06733108e-03 0.0
-4.02916965e-02 3.69615343e-03 0.0
-4.13403770e-02 3.31188146e-03 0.0
-4.22631680e-02 2.91531517e-03 0.0
-4.30565526e-02 2.50722399e-03 0.0
-4.37173016e-02 2.08848449e-03 0.0
-4.42424937e-02 1.65997022e-03 0.0
-4.46295189e-02 1.22268199e-03 0.0
-4.48761013e-02 7.77627820e-04 0.0
-4.49803107e-02 3.25951936e-04 0.0
-4.49405848e-02 -1.31189089e-04 0.0
-4.47557473e-02 -5.92496254e-04 0.0
-4.44250294e-02 -1.05665192e-03 0.0
-4.39480948e-02 -1.52218706e-03 0.0
-4.33250627e-02 -1.98760023e-03 0.0
-4.25565421e-02 -2.45121839e-03 0.0
-4.16436610e-02 -2.91130302e-03 0.0
-4.05881182e-02 -3.36589653e-03 0.0
-3.93922277e-02 -3.81290225e-03 0.0
-3.80590013e-02 -4.24990320e-03 0.0
-3.65922261e-02 -4.67419839e-03 0.0
-3.49965982e-02 -5.08257841e-03 0.0
-3.32778574e-02 -5.47130227e-03 0.0
-3.14429973e-02 -5.83582221e-03 0.0
-2.95004803e-02 -6.17070196e-03 0.0
-2.74605422e-02 -6.46931066e-03 0.0
-2.53354931e-02 -6.72372347e-03 0.0
-2.31401021e-02 -6.92445762e-03 0.0
-2.08919415e-02 -7.06046204e-03 0.0
-1.86117698e-02 -7.11904609e-03 0.0
-1.63237910e-02 -7.08615746e-03 0.0
-1.40558523e-02 -6.94677022e-03 0.0
-1.18393820e-02 -6.68579239e-03 0.0
-9.70912565e-03 -6.28929629e-03 0.0
-7.70248497e-03 -5.74632889e-03 0.0
-5.85858432e-03 -5.05100786e-03 0.0
-4.21699892e-03 -4.20568771e-03 0.0
-2.81660766e-03 -3.22804400e-03 0.0
-1.69533434e-03 -2.16871564e-03 0.0
-8.92918585e-04 -1.13897785e-03 0.0
-2.88323982e-04 -3.02388882e-04 0.0
-1.50455735e-04 6.41738429e-04 0.0
-6.53346995e-04 2.02289506e-03 0.0
-1.54652837e-03 3.45708105e-03 0.0
-2.78866028e-03 4.80891940e-03 0.0
-4.32689664e-03 5.99384960e-03 0.0
-6.11186320e-03 6.98078222e-03 0.0
-8.09633137e-03 7.76698719e-03 0.0
-1.02355877e-02 8.36269264e-03 0.0
-1.24882995e-02 8.78464580e-03 0.0
-1.48171269e-02 9.05306812e-03 0.0
-1.71890973e-02 9.18935279e-03 0.0
-1.95756004e-02 9.21432702e-03 0.0
-2.19522181e-02 9.14696419e-03 0.0
-2.42983089e-02 9.00376805e-03 0.0
-2.65965664e-02 8.79846791e-03 0.0
-2.88324701e-02 8.54215971e-03 0.0
-3.09938168e-02 8.24348858e-03 0.0
-3.30702321e-02 7.90908829e-03 0.0
-3.50528080e-02 7.54388650e-03 0.0
-3.69337526e-02 7.15157118e-03 0.0
-3.87061656e-02 6.73483232e-03 0.0
-4.03638224e-02 6.29573948e-03 0.0
-4.19010625e-02 5.83586329e-03 0.0
-4.33126717e-02 5.35654861e-03 0.0
-4.45938429e-02 4.85893011e-03 0.0
-4.57401184e-02 4.34412903e-03 0.0
-4.67473897e-02 3.81319877e-03 0.0
-4.76118732e-02 3.26727912e-03 0.0
-4.83301270e-02 2.70750336e-03 0.0
-4.88990451e-02 2.13513389e-03 0.0
-4.93158799e-02 1.55145095e-03 0.0
-4.95782475e-02 9.57882256e-04 0.0
-4.96841512e-02 3.55884093e-04 0.0
-4.96319949e-02 -2.52929621e-04 0.0
-4.94206062e-02 -8.66908226e-04 0.0
-4.90492574e-02 -1.48423317e-03 0.0
-4.85176886e-02 -2.10303588e-03 0.0
-4.78261388e-02 -2.72126097e-03 0.0
-4.69753715e-02 -3.33677345e-03 0.0
-4.59667213e-02 -3.94720856e-03 0.0
-4.48021298e-02 -4.55005518e-03 0.0
-4.34842172e-02 -5.14247843e-03 0.0
-4.20163432e-02 -5.72135985e-03 0.0
-4.04027212e-02 -6.28307382e-03 0.0
-3.86485247e-02 -6.82346319e-03 0.0
-3.67600679e-02 -7.33755368e-03 0.0
-3.47449834e-02 -7.81945514e-03 0.0
-3.26124916e-02 -8.26202089e-03 0.0
-3.03736648e-02 -8.65670105e-03 0.0
-2.80417891e-02 -8.99320586e-03 0.0
-2.56326989e-02 -9.25940606e-03 0.0
-2.31651847e-02 -9.44114197e-03 0.0
-2.06613165e-02 -9.52236128e-03 0.0
-1.81467738e-02 -9.48532344e-03 0.0
-1.56509895e-02 -9.31128882e-03 0.0
-1.32071988e-02 -8.98150099e-03 0.0
-1.08521915e-02 -8.47881943e-03 0.0
-8.62590143e-03 -7.78970951e-03 0.0
-6.57069659e-03 -6.90670781e-03 0.0
-4.73065696e-03 -5.83159301e-03 0.0
-3.15098733e-03 -4.58218189e-03 0.0
-1.87848939e-03 -3.20833662e-03 0.0
-9.64226998e-04 -1.81602476e-03 0.0
-3.01724279e-04 -5.54695085e-04 0.0
-1.64547091e-04 9.19993192e-04 0.0
-7.24211236e-04 2.77045006e-03 0.0
-1.72213263e-03 4.60063905e-03 0.0
-3.10182698e-03 6.28720028e-03 0.0
-4.79994046e-03 7.75193633e-03 0.0
-6.75947800e-03 8.96721970e-03 0.0
-8.92784114e-03 9.93340619e-03 0.0
-1.12565856e-02 1.06643020e-02 0.0
-1.37016574e-02 1.11808523e-02 0.0
-1.62237160e-02 1.15077823e-02 0.0
-1.87881817e-02 1.16711141e-02 0.0
-2.13651568e-02 1.16960854e-02 0.0
-2.39290794e-02 1.16057921e-02 0.0
-2.64583311e-02 1.14203306e-02 0.0
-2.89346869e-02 1.11565709e-02 0.0
-3.13428235e-02 1.08281512e-02 0.0
-3.36697695e-02 1.04458481e-02 0.0
-3.59044803e-02 1.00179148e-02 0.0
-3.80374065e-02 9.55062575e-03 0.0
-4.00602031e-02 9.04863843e-03 0.0
-4.19654433e-02 8.51548688e-03 0.0
-4.37464561e-02 7.95382454e-03 0.0
-4.53971583e-02 7.36579338e-03 0.0
-4.69119841e-02 6.75312769e-03 0.0
-4.82857962e-02 6.11741088e-03 0.0
-4.95138688e-02 5.46007409e-03 0.0
-5.05918448e-02 4.78258064e-03 0.0
-5.15157450e-02 4.08636146e-03 0.0
-5.22819508e-02 3.37296272e-03 0.0
-5.28872245e-02 2.64394905e-03 0.0
-5.33287067e-02 1.90103645e-03 0.0
-5.36039395e-02 1.14598109e-03 0.0
-5.37108742e-02 3.80708163e-04 0.0
-5.36478950e-02 -3.92804467e-04 0.0
-5.34138358e-02 -1.17239678e-03 0.0
-5.30080026e-02 -1.95584215e-03 0.0
-5.24302008e-02 -2.74071357e-03 0.0
-5.16807593e-02 -3.52449121e-03 0.0
-5.07605701e-02 -4.30441736e-03 0.0
-4.96711195e-02 -5.07758389e-03 0.0
-4.84145485e-02 -5.84076248e-03 0.0
-4.69937008e-02 -6.59045243e-03 0.0
-4.54122183e-02 -7.32266551e-03 0.0
-4.36746239e-02 -8.03290898e-03 0.0
-4.17864729e-02 -8.71590279e-03 0.0
-3.97544947e-02 -9.36547770e-03 0.0
-3.75868246e-02 -9.97421755e-03 0.0
-3.52932273e-02 -1.05332812e-02 0.0
-3.28854243e-02 -1.10320079e-02 0.0
-3.03774021e-02 -1.14577360e-02 0.0
-2.77858191e-02 -1.17954925e-02 0.0
-2.51303551e-02 -1.20279791e-02 0.0
-2.24341210e-02 -1.21355765e-02 0.0
-1.97239369e-02 -1.20967872e-02 0.0
-1.70305973e-02 -1.18889064e-02 0.0
-1.43889093e-02 -1.14893218e-02 0.0
-1.18376501e-02 -1.08772301e-02 0.0
-9.41925418e-03 -1.00359522e-02 0.0
-7.17945720e-03 -8.95543998e-03 0.0
-5.16681450e-03 -7.63551880e-03 0.0
-3.43255942e-03 -6.09216219e-03 0.0
-2.03118157e-03 -4.37221619e-03 0.0
-1.02284109e-03 -2.57473800e-03 0.0
-3.12450170e-04 -8.36183399e-04 0.0
-1.75786833e-04 1.22792016e-03 0.0
-7.82511022e-04 3.59651013e-03 0.0
-1.86946462e-03 5.85946401e-03 0.0
-3.36800558e-03 7.90662630e-03 0.0
-5.20590759e-03 9.66854434e-03 0.0
-7.31912556e-03 1.11233913e-02 0.0
-9.64985782e-03 1.22763569e-02 0.0
-1.21458458e-02 1.31461161e-02 0.0
-1.47603272e-02 1.37586263e-02 0.0
-1.74519527e-02 1.41437327e-02 0.0
-2.01846894e-02 1.43324091e-02 0.0
-2.29274798e-02 1.43546039e-02 0.0
-2.56538688e-02 1.42376358e-02 0.0
-2.83414461e-02 1.40053713e-02 0.0
-3.09713341e-02 1.36778318e-02 0.0
-3.35275834e-02 1.32713385e-02 0.0
-3.59966881e-02 1.27987760e-02 0.0
-3.83670737e-02 1.22701520e-02 0.0
-4.06287370e-02 1.16930487e-02 0.0
-4.27728822e-02 1.10732318e-02 0.0
-4.47917015e-02 1.04150293e-02 0.0
-4.66781484e-02 9.72182158e-03 0.0
-4.84258302e-02 8.99626153e-03 0.0
-5.00288790e-02 8.24061843e-03 0.0
-5.14819151e-02 7.45685389e-03 0.0
-5.27799789e-02 6.64685561e-03 0.0
-5.39185313e-02 5.81241670e-03 0.0
-5.48934207e-02 4.95540615e-03 0.0
-5.57008996e-02 4.07769478e-03 0.0
-5.63376118e-02 3.18129635e-03 0.0
-5.68006148e-02 2.26826829e-03 0.0
-5.70873801e-02 1.34084210e-03 0.0
-5.71958169e-02 4.01313803e-04 0.0
-5.71242832e-02 -5.47827616e-04 0.0
-5.68716088e-02 -1.50401203e-03 0.0
-5.64371168e-02 -2.46445705e-03 0.0
-5.58206477e-02 -3.42627497e-03 0.0
-5.50225924e-02 -4.38633290e-03 0.0
-5.40439203e-02 -5.34134396e-03 0.0
-5.28862300e-02 -6.28770665e-03 0.0
-5.15517883e-02 -7.22156195e-03 0.0
-5.00436093e-02 -8.13859130e-03 0.0
-4.83655183e-02 -9.03401302e-03 0.0
-4.65222773e-02 -9.90231246e-03 0.0
-4.45196952e-02 -1.07371495e-02 0.0
-4.23648236e-02 -1.15310013e-02 0.0
-4.00661384e-02 -1.22749716e-02 0.0
-3.76338285e-02 -1.29583606e-02 0.0
-3.50800664e-02 -1.35684218e-02 0.0
-3.24193942e-02 -1.40899492e-02 0.0
-2.96690696e-02 -1.45051220e-02 0.0
-2.68495112e-02 -1.47933119e-02 0.0
-2.39846530e-02 -1.49312786e-02 0.0
-2.11023476e-02 -1.48935222e-02 0.0
-1.82346018e-02 -1.46532073e-02 0.0
-1.54177960e-02 -1.41834707e-02 0.0
-1.26926698e-02 -1.34594257e-02 0.0
-1.01042728e-02 -1.24605144e-02 0.0
-7.70170331e-03 -1.11732123e-02 0.0
-5.53793202e-03 -9.59413466e-03 0.0
-3.66969458e-03 -7.73601624e-03 0.0
-2.15812703e-03 -5.64129127e-03 0.0
-1.07057740e-03 -3.40154004e-03 0.0
-3.20856398e-04 -1.14154934e-03 0.0
-1.84807935e-04 1.56018720e-03 0.0
-8.30819954e-04 4.48865500e-03 0.0
-1.99372908e-03 7.21719444e-03 0.0
-3.59522352e-03 9.64894723e-03 0.0
-5.55565849e-03 1.17245824e-02 0.0
-7.80476267e-03 1.34297007e-02 0.0
-1.02797805e-02 1.47758288e-02 0.0
-1.29247565e-02 1.57876428e-02 0.0
-1.56901592e-02 1.64970239e-02 0.0
-1.85326711e-02 1.69395160e-02 0.0
-2.14147858e-02 1.71515262e-02 0.0
-2.43044048e-02 1.71679483e-02 0.0
-2.71742412e-02 1.70205741e-02 0.0
-3.00012702e-02 1.67370995e-02 0.0
-3.27660617e-02 1.63408482e-02 0.0
-3.54522289e-02 1.58508066e-02 0.0
-3.80458307e-02 1.52820870e-02 0.0
-4.05349325e-02 1.46464037e-02 0.0
-4.29091574e-02 1.39527646e-02 0.0
-4.51593988e-02 1.32079841e-02 0.0
-4.72775255e-02 1.24173086e-02 0.0
-4.92562274e-02 1.15847788e-02 0.0
-5.10888402e-02 1.07136898e-02 0.0
-5.27692808e-02 9.80677239e-03 0.0
-5.42919506e-02 8.86650153e-03 0.0
-5.56517219e-02 7.89514025e-03 0.0
-5.68438864e-02 6.89494844e-03 0.0
-5.78641659e-02 5.86814398e-03 0.0
-5.87086873e-02 4.81705977e-03 0.0
-5.93740031e-02 3.74406268e-03 0.0
-5.98570825e-02 2.65168890e-03 0.0
-6.01553350e-02 1.54254432e-03 0.0
-6.02666141e-02 4.19433154e-04 0.0
-6.01892410e-02 -7.14748032e-04 0.0
-5.99220200e-02 -1.85688131e-03 0.0
-5.94642622e-02 -3.00373194e-03 0.0
-5.88158135e-02 -4.15181320e-03 0.0
-5.79770793e-02 -5.29747982e-03 0.0
-5.69490691e-02 -6.43677649e-03 0.0
-5.57334277e-02 -7.56550386e-03 0.0
-5.43325024e-02 -8.67903179e-03 0.0
-5.27493923e-02 -9.77231189e-03 0.0
-5.09880524e-02 -1.08396274e-02 0.0
-4.90533775e-02 -1.18745196e-02 0.0
-4.69513659e-02 -1.28694450e-02 0.0
-4.46892628e-02 -1.38155914e-02 0.0
-4.22758087e-02 -1.47024356e-02 0.0
-3.97214674e-02 -1.55174649e-02 0.0
-3.70387776e-02 -1.62456909e-02 0.0
-3.42426746e-02 -1.68693794e-02 0.0
-3.13509369e-02 -1.73676832e-02 0.0
-2.83845700e-02 -1.77166078e-02 0.0
-2.53682890e-02 -1.78890592e-02 0.0
-2.23308781e-02 -1.78553983e-02 0.0
-1.93055949e-02 -1.75843067e-02 0.0
-1.63303783e-02 -1.70443434e-02 0.0
-1.34480551e-02 -1.62059585e-02 0.0
-1.07063106e-02 -1.50440826e-02 0.0
-8.15766973e-03 -1.35408206e-02 0.0
-5.85929701e-03 -1.16886402e-02 0.0
-3.87300631e-03 -9.49601535e-03 0.0
-2.26558405e-03 -7.00026228e-03 0.0
-1.11017971e-03 -4.28551022e-03 0.0
-3.27533587e-04 -1.46647692e-03 0.0
-1.92246822e-04 1.91275249e-03 0.0
-8.71676286e-04 5.43704826e-03 0.0
-2.10042340e-03 8.66046983e-03 0.0
-3.79225836e-03 1.14990201e-02 0.0
-5.86142736e-03 1.39041362e-02 0.0
-8.23213265e-03 1.58699855e-02 0.0
-1.08370959e-02 1.74155580e-02 0.0
-1.36167514e-02 1.85725843e-02 0.0
-1.65188802e-02 1.93796568e-02 0.0
-1.94981319e-02 1.98786957e-02 0.0
-2.25155736e-02 2.01119554e-02 0.0
-2.55380305e-02 2.01196534e-02 0.0
-2.85374782e-02 1.99382148e-02 0.0
-3.14902939e-02 1.95993706e-02 0.0
-3.43766248e-02 1.91297699e-02 0.0
-3.71796900e-02 1.85511929e-02 0.0
-3.98852498e-02 1.78809407e-02 0.0
-4.24810555e-02 1.71325409e-02 0.0
-4.49564811e-02 1.63163640e-02 0.0
-4.73021457e-02 1.54403812e-02 0.0
-4.95097004e-02 1.45106858e-02 0.0
-5.15715951e-02 1.35320951e-02 0.0
-5.34809791e-02 1.25084693e-02 0.0
-5.52315670e-02 1.14431238e-02 0.0
-5.68176069e-02 1.03389642e-02 0.0
-5.82338061e-02 9.19875528e-03 0.0
-5.94753339e-02 8.02513424e-03 0.0
-6.05377810e-02 6.82079565e-03 0.0
-6.14171773e-02 5.58843781e-03 0.0
-6.21099720e-02 4.33090875e-03 0.0
-6.26130563e-02 3.05112090e-03 0.0
-6.29237585e-02 1.75218247e-03 0.0
-6.30398684e-02 4.37299659e-04 0.0
-6.29596449e-02 -8.90095159e-04 0.0
-6.26818405e-02 -2.22644354e-03 0.0
-6.22057229e-02 -3.56792943e-03 0.0
-6.15310996e-02 -4.91057266e-03 0.0
-6.06583546e-02 -6.25008548e-03 0.0
-5.95884769e-02 -7.58194556e-03 0.0
-5.83231174e-02 -8.90122430e-03 0.0
-5.68646284e-02 -1.02026155e-02 0.0
-5.52161505e-02 -1.14802085e-02 0.0
-5.33816774e-02 -1.27274380e-02 0.0
-5.13661910e-02 -1.39367675e-02 0.0
-4.91757733e-02 -1.50995257e-02 0.0
-4.68178153e-02 -1.62054748e-02 0.0
-4.43012035e-02 -1.72425236e-02 0.0
-4.16366294e-02 -1.81962023e-02 0.0
-3.88368733e-02 -1.90493123e-02 0.0
-3.59172270e-02 -1.97814251e-02 0.0
-3.28958737e-02 -2.03686496e-02 0.0
-2.97944003e-02 -2.07834085e-02 0.0
-2.66382235e-02 -2.09946465e-02 0.0
-2.34571132e-02 -2.09682683e-02 0.0
-2.02855614e-02 -2.06682115e-02 0.0
-1.71631925e-02 -2.00579702e-02 0.0
-1.41349508e-02 -1.91028470e-02 0.0
-1.12512879e-02 -1.77725586e-02 0.0
-8.56809141e-03 -1.60441433e-02 0.0
-6.14662587e-03 -1.39051241e-02 0.0
-4.05332189e-03 -1.13590988e-02 0.0
-2.35996768e-03 -8.43793524e-03 0.0
-1.14442644e-03 -5.21876725e-03 0.0
-3.33138741e-04 -1.80791847e-03 0.0
-1.98609052e-04 2.28274122e-03 0.0
-9.07391433e-04 6.43440863e-03 0.0
-2.19467382e-03 1.01791538e-02 0.0
-3.96762868e-03 1.34451452e-02 0.0
-6.13527638e-03 1.61948539e-02 0.0
-8.61699395e-03 1.84317210e-02 0.0
-1.13412846e-02 2.01831135e-02 0.0
-1.42452041e-02 2.14886450e-02 0.0
-1.72738422e-02 2.23944108e-02 0.0
-2.03798753e-02 2.29492784e-02 0.0
-2.35228714e-02 2.32018686e-02 0.0
-2.66686273e-02 2.31980150e-02 0.0
-2.97883319e-02 2.29790736e-02 0.0
-3.28578414e-02 2.25809089e-02 0.0
-3.58568651e-02 2.20336637e-02 0.0
-3.87683254e-02 2.13619055e-02 0.0
-4.15776873e-02 2.05852362e-02 0.0
-4.42724894e-02 1.97189428e-02 0.0
-4.68418646e-02 1.87748574e-02 0.0
-4.92762513e-02 1.77620366e-02 0.0
-5.15670879e-02 1.66875235e-02 0.0
-5.37066650e-02 1.55568337e-02 0.0
-5.56879454e-02 1.43745034e-02 0.0
-5.75045063e-02 1.31443491e-02 0.0
-5.91504367e-02 1.18698231e-02 0.0
-6.06203281e-02 1.05541027e-02 0.0
-6.19092157e-02 9.20032062e-03 0.0
-6.30125912e-02 7.81155182e-03 0.0
-6.39263702e-02 6.39097893e-03 0.0
-6.46469129e-02 4.94182814e-03 0.0
-6.51710096e-02 3.46750695e-03 0.0
-6.54959040e-02 1.97151819e-03 0.0
-6.56192935e-02 4.57588979e-04 0.0
-6.55393532e-02 -1.07042234e-03 0.0
-6.52547511e-02 -2.60839700e-03 0.0
-6.47646724e-02 -4.15204664e-03 0.0
-6.40688500e-02 -5.69677624e-03 0.0
-6.31675919e-02 -7.23776098e-03 0.0
-6.20618291e-02 -8.76978803e-03 0.0
-6.07531500e-02 -1.02872990e-02 0.0
-5.92438746e-02 -1.17841862e-02 0.0
-5.75371047e-02 -1.32537681e-02 0.0
-5.56368380e-02 -1.46885039e-02 0.0
-5.35480530e-02 -1.60798606e-02 0.0
-5.12768851e-02 -1.74179097e-02 0.0
-4.88307731e-02 -1.86910549e-02 0.0
-4.62187257e-02 -1.98855011e-02 0.0
-4.34515610e-02 -2.09848650e-02 0.0
-4.05422892e-02 -2.19695840e-02 0.0
-3.75064633e-02 -2.28165355e-02 0.0
-3.43626837e-02 -2.34985874e-02 0.0
-3.11330452e-02 -2.39845017e-02 0.0
-2.78437219e-02 -2.42389787e-02 0.0
-2.45254395e-02 -2.42232583e-02 0.0
-2.12140384e-02 -2.38961105e-02 0.0
-1.79508457e-02 -2.32155731e-02 0.0
-1.47830739e-02 -2.21412051e-02 0.0
-1.17639468e-02 -2.06369424e-02 0.0
-8.95279310e-03 -1.86740691e-02 0.0
-6.41481226e-03 -1.62346088e-02 0.0
-4.22086141e-03 -1.33168407e-02 0.0
-2.44720902e-03 -9.94717669e-03 0.0
-1.17588592e-03 -6.19637472e-03 0.0
-3.38209742e-04 -2.16404689e-03 0.0
-2.04373497e-04 2.66827297e-03 0.0
-9.39957227e-04 7.47579954e-03 0.0
-2.28109141e-03 1.17661941e-02 0.0
-4.12908156e-03 1.54790718e-02 0.0
-6.38842723e-03 1.85879474e-02 0.0
-8.97408884e-03 2.11060406e-02 0.0
-1.18107190e-02 2.30697534e-02 0.0
-1.48320909e-02 2.45273421e-02 0.0
-1.79807349e-02 2.55330460e-02 0.0
-2.12073029e-02 2.61433013e-02 0.0
-2.44699138e-02 2.64135142e-02 0.0
-2.77332574e-02 2.63955369e-02 0.0
-3.09677834e-02 2.61358544e-02 0.0
-3.41487656e-02 2.56746982e-02 0.0
-3.72555388e-02 2.50457538e-02 0.0
-4.02706891e-02 2.42765143e-02 0.0
-4.31794614e-02 2.33888536e-02 0.0
-4.59691561e-02 2.23999194e-02 0.0
-4.86287419e-02 2.13229426e-02 0.0
-5.11484585e-02 2.01681603e-02 0.0
-5.35196036e-02 1.89434902e-02 0.0
-5.57342927e-02 1.76552464e-02 0.0
-5.77853653e-02 1.63085595e-02 0.0
-5.96662450e-02 1.49078533e-02 0.0
-6.13709128e-02 1.34570391e-02 0.0
-6.28938261e-02 1.19598164e-02 0.0
-6.42299228e-02 1.04197183e-02 0.0
-6.53745740e-02 8.84031043e-03 0.0
-6.63236013e-02 7.22515766e-03 0.0
-6.70732507e-02 5.57797426e-03 0.0
-6.76202140e-02 3.90255469e-03 0.0
-6.79616205e-02 2.20290611e-03 0.0
-6.80950598e-02 4.83165175e-04 0.0
-6.80185897e-02 -1.25227336e-03 0.0
-6.77307603e-02 -2.99884192e-03 0.0
-6.72306382e-02 -4.75166742e-03 0.0
-6.65178330e-02 -6.50564837e-03 0.0
-6.55925392e-02 -8.25530746e-03 0.0
-6.44555676e-02 -9.99484376e-03 0.0
-6.31084094e-02 -1.17179503e-02 0.0
-6.15532791e-02 -1.34178120e-02 0.0
-5.97932110e-02 -1.50868545e-02 0.0
-5.78321261e-02 -1.67166454e-02 0.0
-5.56749794e-02 -1.82975305e-02 0.0
-5.33278748e-02 -1.98183948e-02 0.0
-5.07982898e-02 -2.12661534e-02 0.0
-4.80952700e-02 -2.26253594e-02 0.0
-4.52297644e-02 -2.38775718e-02 0.0
-4.22149306e-02 -2.50008810e-02 0.0
-3.90666059e-02 -2.59692931e-02 0.0
-3.58037363e-02 -2.67523869e-02 0.0
-3.24489753e-02 -2.73150158e-02 0.0
-2.90292056e-02 -2.76174761e-02 0.0
-2.55761995e-02 -2.76159746e-02 0.0
-2.21271323e-02 -2.72637924e-02 0.0
-1.87251684e-02 -2.65129849e-02 0.0
-1.54198001e-02 -2.53168755e-02 0.0
-1.22671683e-02 -2.36329806e-02 0.0
-9.33001909e-03 -2.14262888e-02 0.0
-6.67755289e-03 -1.86727991e-02 0.0
-4.38489127e-03 -1.53652311e-02 0.0
-2.53268152e-03 -1.15246249e-02 0.0
-1.20681334e-03 -7.21609971e-03 0.0
-3.43274618e-04 -2.53410969e-03 0.0
-2.09887427e-04 3.06831036e-03 0.0
-9.71094982e-04 8.55833524e-03 0.0
-2.36364377e-03 1.34173582e-02 0.0
-4.28347404e-03 1.75957503e-02 0.0
-6.63085503e-03 2.10780254e-02 0.0
-9.31670294e-03 2.38875071e-02 0.0
-1.22619599e-02 2.60702165e-02 0.0
-1.53973140e-02 2.76836526e-02 0.0
-1.86627291e-02 2.87908494e-02 0.0
-2.20069198e-02 2.94563165e-02 0.0
-2.53864834e-02 2.97427403e-02 0.0
-2.87650504e-02 2.97082929e-02 0.0
-3.21122468e-02 2.94048992e-02 0.0
-3.54028090e-02 2.88772807e-02 0.0
-3.86156235e-02 2.81628481e-02 0.0
-4.17329920e-02 2.72920322e-02 0.0
-4.47398806e-02 2.62890958e-02 0.0
-4.76234097e-02 2.51730041e-02 0.0
-5.03723393e-02 2.39584821e-02 0.0
-5.29767708e-02 2.26568810e-02 0.0
-5.54278266e-02 2.12770874e-02 0.0
-5.77175058e-02 1.98261377e-02 0.0
-5.98384959e-02 1.83098553e-02 0.0
-6.17841193e-02 1.67331879e-02 0.0
-6.35482236e-02 1.51006077e-02 0.0
-6.51251735e-02 1.34162443e-02 0.0
-6.65097845e-02 1.16841343e-02 0.0
-6.76973348e-02 9.90823396e-03 0.0
-6.86835248e-02 8.09259186e-03 0.0
-6.94644969e-02 6.24130317e-03 0.0
-7.00368146e-02 4.35864998e-03 0.0
-7.03974851e-02 2.44903170e-03 0.0
-7.05439568e-02 5.17095355e-04 0.0
-7.04741442e-02 -1.43234134e-03 0.0
-7.01864434e-02 -3.39415923e-03 0.0
-6.96797596e-02 -5.36301151e-03 0.0
-6.89535417e-02 -7.33318372e-03 0.0
-6.80078138e-02 -9.29865102e-03 0.0
-6.68432317e-02 -1.12529129e-02 0.0
-6.54611218e-02 -1.31890097e-02 0.0
-6.38635653e-02 -1.50993022e-02 0.0
-6.20534545e-02 -1.69754082e-02 0.0
-6.00346177e-02 -1.88078818e-02 0.0
-5.78119099e-02 -2.05860195e-02 0.0
-5.53914023e-02 -2.22973930e-02 0.0
-5.27805362e-02 -2.39274845e-02 0.0
-4.99884091e-02 -2.54590582e-02 0.0
-4.70260289e-02 -2.68716454e-02 0.0
-4.39067326e-02 -2.81408295e-02 0.0
-4.06465727e-02 -2.92377255e-02 0.0
-3.72648889e-02 -3.01284105e-02 0.0
-3.37848298e-02 -3.07737193e-02 0.0
-3.02340547e-02 -3.11292314e-02 0.0
-2.66453323e-02 -3.11458667e-02 0.0
-2.30572703e-02 -3.07709558e-02 0.0
-1.95148455e-02 -2.99501416e-02 0.0
-1.60699673e-02 -2.86299048e-02 0.0
-1.27817000e-02 -2.67607953e-02 0.0
-9.71637815e-03 -2.43008981e-02 0.0
-6.94722410e-03 -2.12197690e-02 0.0
-4.55380166e-03 -1.75043128e-02 0.0
-2.62115345e-03 -1.31703746e-02 0.0
-1.23923169e-03 -8.27812207e-03 0.0
-3.48732318e-04 -2.91829821e-03 0.0
-2.15495978e-04 3.48251312e-03 0.0
-1.00222575e-03 9.68089724e-03 0.0
-2.44573950e-03 1.51308755e-02 0.0
-4.43666409e-03 1.97930126e-02 0.0
-6.87123490e-03 2.36627453e-02 0.0
-9.65638062e-03 2.67738192e-02 0.0
-1.27095210e-02 2.91823458e-02 0.0
-1.59582654e-02 3.09556735e-02 0.0
-1.93401338e-02 3.21661691e-02 0.0
-2.28018526e-02 3.28869712e-02 0.0
-2.62985693e-02 3.31884358e-02 0.0
-2.97927715e-02 3.31354436e-02 0.0
-3.32533077e-02 3.27855632e-02 0.0
-3.66542834e-02 3.21882434e-02 0.0
-3.99741752e-02 3.13846853e-02 0.0
-4.31949139e-02 3.04084023e-02 0.0
-4.63012278e-02 2.92860327e-02 0.0
-4.92799849e-02 2.80384639e-02 0.0
-5.21197837e-02 2.66818651e-02 0.0
-5.48105304e-02 2.52287960e-02 0.0
-5.73432239e-02 2.36890453e-02 0.0
-5.97097034e-02 2.20704669e-02 0.0
-6.19025565e-02 2.03795009e-02 0.0
-6.39149703e-02 1.86217153e-02 0.0
-6.57407051e-02 1.68020579e-02 0.0
-6.73740041e-02 1.49251849e-02 0.0
-6.88095958e-02 1.29955406e-02 0.0
-7.00426372e-02 1.10175663e-02 0.0
-7.10687286e-02 8.99568956e-03 0.0
-7.18838787e-02 6.93447842e-03 0.0
-7.24845254e-02 4.83859096e-03 0.0
-7.28675211e-02 2.71290996e-03 0.0
-7.30301566e-02 5.62477891e-04 0.0
-7.29701670e-02 -1.60737214e-03 0.0
-7.26857592e-02 -3.79108308e-03 0.0
-7.21756392e-02 -5.98273808e-03 0.0
-7.14390439e-02 -8.17611760e-03 0.0
-7.04757909e-02 -1.03645467e-02 0.0
-6.92863168e-02 -1.25409233e-02 0.0
-6.78717533e-02 -1.46975248e-02 0.0
-6.62339776e-02 -1.68259733e-02 0.0
-6.43757223e-02 -1.89169602e-02 0.0
-6.23006508e-02 -2.09600977e-02 0.0
-6.00135185e-02 -2.29435071e-02 0.0
-5.75202954e-02 -2.48535026e-02 0.0
-5.48284075e-02 -2.66740002e-02 0.0
-5.19469409e-02 -2.83860111e-02 0.0
-4.88870026e-02 -2.99668915e-02 0.0
-4.56620469e-02 -3.13897198e-02 0.0
-4.22883936e-02 -3.26225392e-02 0.0
-3.87857081e-02 -3.36278617e-02 0.0
-3.51776901e-02 -3.43622476e-02 0.0
-3.14926970e-02 -3.47763787e-02 0.0
-2.77645536e-02 -3.48155001e-02 0.0
-2.40332226e-02 -3.44206359e-02 0.0
-2.03455798e-02 -3.35304576e-02 0.0
-1.67559123e-02 -3.20840690e-02 0.0
-1.33263695e-02 -3.00243840e-02 0.0
-1.01269317e-02 -2.73020179e-02 0.0
-7.23513639e-03 -2.38795563e-02 0.0
-4.73519263e-03 -1.97378558e-02 0.0
-2.71699644e-03 -1.48876491e-02 0.0
-1.27494063e-03 -9.38480476e-03 0.0
-3.55009204e-04 -3.31763224e-03 0.0
-2.21422716e-04 3.91112207e-03 0.0
-1.03455811e-03 1.08438499e-02 0.0
-2.53020089e-03 1.69070982e-02 0.0
-4.59363314e-03 2.20711718e-02 0.0
-7.11689018e-03 2.63424473e-02 0.0
-1.00029771e-02 2.97653893e-02 0.0
-1.31657317e-02 3.24067183e-02 0.0
-1.65297986e-02 3.43441658e-02 0.0
-2.00302105e-02 3.56600185e-02 0.0
-2.36118061e-02 3.64365035e-02 0.0
-2.72282147e-02 3.67521036e-02 0.0
-3.08408460e-02 3.66786898e-02 0.0
-3.44176753e-02 3.62797702e-02 0.0
-3.79322151e-02 3.56096450e-02 0.0
-4.13624260e-02 3.47134863e-02 0.0
-4.46898959e-02 3.36279146e-02 0.0
-4.78990166e-02 3.23820662e-02 0.0
-5.09764367e-02 3.09987236e-02 0.0
-5.39105119e-02 2.94956011e-02 0.0
-5.66909956e-02 2.78864162e-02 0.0
-5.93087023e-02 2.61819565e-02 0.0
-6.17553606e-02 2.43908286e-02 0.0
-6.40234135e-02 2.25201848e-02 0.0
-6.61059631e-02 2.05761376e-02 0.0
-6.79966487e-02 1.85642029e-02 0.0
-6.96896359e-02 1.64894755e-02 0.0
-7.11795374e-02 1.43568961e-02 0.0
-7.24614210e-02 1.21712908e-02 0.0
-7.35307578e-02 9.93755067e-03 0.0
-7.43834383e-02 7.66060688e-03 0.0
-7.50157436e-02 5.34557505e-03 0.0
-7.54243662e-02 2.99770570e-03 0.0
-7.56064045e-02 6.22518206e-04 0.0
-7.55593887e-02 -1.77425534e-03 0.0
-7.52812986e-02 -4.18653524e-03 0.0
-7.47705962e-02 -6.60794621e-03 0.0
-7.40262677e-02 -9.03167201e-03 0.0
-7.30478639e-02 -1.14504890e-02 0.0
-7.18355683e-02 -1.38565923e-02 0.0
-7.03902479e-02 -1.62415831e-02 0.0
-6.87135529e-02 -1.85962320e-02 0.0
-6.68079841e-02 -2.09103741e-02 0.0
-6.46770362e-02 -2.31725554e-02 0.0
-6.23252979e-02 -2.53697752e-02 0.0
-5.97586588e-02 -2.74869565e-02 0.0
-5.69844717e-02 -2.95064846e-02 0.0
-5.40118575e-02 -3.14074761e-02 0.0
-5.08519697e-02 -3.31651255e-02 0.0
-4.75184421e-02 -3.47498480e-02 0.0
-4.40278019e-02 -3.61265883e-02 0.0
-4.04001001e-02 -3.72540904e-02 0.0
-3.66595016e-02 -3.80845313e-02 0.0
-3.28351020e-02 -3.85633910e-02 0.0
-2.89616632e-02 -3.86299789e-02 0.0
-2.50805310e-02 -3.82185374e-02 0.0
-2.12403615e-02 -3.72602918e-02 0.0
-1.74978993e-02 -3.56862964e-02 0.0
-1.39183599e-02 -3.34311773e-02 0.0
-1.05756267e-02 -3.04373429e-02 0.0
-7.55177444e-03 -2.66598329e-02 0.0
-4.93622280e-03 -2.20730379e-02 0.0
-2.82427622e-03 -1.66825800e-02 0.0
-1.31566719e-03 -1.05405185e-02 0.0
-3.62433052e-04 -3.73389797e-03 0.0
-2.27918804e-04 4.35485459e-03 0.0
-1.06907562e-03 1.20488094e-02 0.0
-2.61943303e-03 1.87481576e-02 0.0
-4.75851859e-03 2.44326576e-02 0.0
-7.37398724e-03 2.91197212e-02 0.0
-1.03646886e-02 3.28649462e-02 0.0
-1.36409059e-02 3.57461822e-02 0.0
-1.71242365e-02 3.78521567e-02 0.0
-2.07473347e-02 3.92756011e-02 0.0
-2.44530990e-02 4.01083523e-02 0.0
-2.81937352e-02 4.04373772e-02 0.0
-3.19294919e-02 4.03418896e-02 0.0
-3.56275213e-02 3.98915203e-02 0.0
-3.92606275e-02 3.91456394e-02 0.0
-4.28062764e-02 3.81534557e-02 0.0
-4.62455909e-02 3.69548406e-02 0.0
-4.95626442e-02 3.55814303e-02 0.0
-5.27437584e-02 3.40580162e-02 0.0
-5.57770760e-02 3.24038284e-02 0.0
-5.86521161e-02 3.06338457e-02 0.0
-6.13595525e-02 2.87598073e-02 0.0
-6.38909458e-02 2.67911718e-02 0.0
-6.62386469e-02 2.47357417e-02 0.0
-6.83956334e-02 2.26002673e-02 0.0
-7.03554760e-02 2.03907553e-02 0.0
-7.21122333e-02 1.81128251e-02 0.0
-7.36604464e-02 1.57718212e-02 0.0
-7.49950673e-02 1.33730333e-02 0.0
-7.61114671e-02 1.09217099e-02 0.0
-7.70053899e-02 8.42321828e-03 0.0
-7.76729688e-02 5.88301633e-03 0.0
-7.81107046e-02 3.30679266e-03 0.0
-7.83154892e-02 7.00424629e-04 0.0
-7.82846112e-02 -1.92988478e-03 0.0
-7.80157869e-02 -4.57764939e-03 0.0
-7.75071940e-02 -7.23595712e-03 0.0
-7.67575123e-02 -9.89750171e-03 0.0
-7.57659861e-02 -1.25544213e-02 0.0
-7.45324762e-02 -1.51982989e-02 0.0
-7.30575533e-02 -1.78199555e-02 0.0
-7.13425653e-02 -2.04093808e-02 0.0
-6.93897677e-02 -2.29554330e-02 0.0
-6.72024151e-02 -2.54456413e-02 0.0
-6.47849431e-02 -2.78657481e-02 0.0
-6.21431025e-02 -3.01993153e-02 0.0
-5.92842186e-02 -3.24270538e-02 0.0
-5.62174021e-02 -3.45261989e-02 0.0
-5.29539257e-02 -3.64696341e-02 0.0
-4.95075595e-02 -3.82251052e-02 0.0
-4.58951160e-02 -3.97542935e-02 0.0
-4.21369621e-02 -4.10121251e-02 0.0
-3.82577768e-02 -4.19461721e-02 0.0
-3.42872667e-02 -4.24965574e-02 0.0
-3.02611277e-02 -4.25962958e-02 0.0
-2.62219036e-02 -4.21724887e-02 0.0
-2.22200113e-02 -4.11483228e-02 0.0
-1.83144989e-02 -3.94461672e-02 0.0
-1.45737582e-02 -3.69915231e-02 0.0
-1.10756583e-02 -3.37177736e-02 0.0
-7.90729387e-03 -2.95715719e-02 0.0
-5.16385242e-03 -2.45202523e-02 0.0
-2.94707350e-03 -1.85640612e-02 0.0
-1.36311064e-03 -1.17515867e-02 0.0
-3.71417943e-04 -4.16962396e-03 0.0
-2.35131368e-04 4.81483580e-03 0.0
-1.10664997e-03 1.32984417e-02 0.0
-2.71543669e-03 2.06576900e-02 0.0
-4.93483915e-03 2.68816408e-02 0.0
-7.64761880e-03 3.19990228e-02 0.0
-1.07483076e-02 3.60770782e-02 0.0
-1.41434370e-02 3.92054491e-02 0.0
-1.77516316e-02 4.14844741e-02 0.0
-2.15031158e-02 4.30179335e-02 0.0
-2.53389745e-02 4.39077170e-02 0.0
-2.92099306e-02 4.42496871e-02 0.0
-3.30751473e-02 4.41306416e-02 0.0
-3.69008400e-02 4.36265868e-02 0.0
-4.06591258e-02 4.28020671e-02 0.0
-4.43268323e-02 4.17104931e-02 0.0
-4.78846193e-02 4.03950200e-02 0.0
-5.13161053e-02 3.88899125e-02 0.0
-5.46072982e-02 3.72219685e-02 0.0
-5.77460206e-02 3.54120500e-02 0.0
-6.07215916e-02 3.34763736e-02 0.0
-6.35244705e-02 3.14277389e-02 0.0
-6.61461027e-02 2.92764142e-02 0.0
-6.85787002e-02 2.70309514e-02 0.0
-7.08151762e-02 2.46986770e-02 0.0
-7.28490029e-02 2.22861763e-02 0.0
-7.46741888e-02 1.97995117e-02 0.0
-7.62851805e-02 1.72445072e-02 0.0
-7.76768588e-02 1.46268168e-02 0.0
-7.88444718e-02 1.19521123e-02 0.0
-7.97836421e-02 9.22608385e-03 0.0
-8.04903275e-02 6.45459147e-03 0.0
-8.09608376e-02 3.64364098e-03 0.0
-8.11918243e-02 7.99526025e-04 0.0
-8.11803091e-02 -2.07120075e-03 0.0
-8.09237044e-02 -4.96158370e-03 0.0
-8.04198543e-02 -7.86428767e-03 0.0
-7.96670878e-02 -1.07714422e-02 0.0
-7.86642736e-02 -1.36746452e-02 0.0
-7.74109082e-02 -1.65647763e-02 0.0
-7.59071859e-02 -1.94319513e-02 0.0
-7.41541238e-02 -2.22652660e-02 0.0
-7.21536522e-02 -2.50526505e-02 0.0
-6.99087835e-02 -2.77804826e-02 0.0
-6.74237330e-02 -3.04332702e-02 0.0
-6.47041482e-02 -3.29930643e-02 0.0
-6.17572819e-02 -3.54389050e-02 0.0
-5.85923101e-02 -3.77459916e-02 0.0
-5.52205971e-02 -3.98848912e-02 0.0
-5.16561490e-02 -4.18205293e-02 0.0
-4.79160268e-02 -4.35113075e-02 0.0
-4.40209978e-02 -4.49081736e-02 0.0
-3.99961599e-02 -4.59540324e-02 0.0
-3.58718453e-02 -4.65834155e-02 0.0
-3.16844856e-02 -4.67228365e-02 0.0
-2.74777458e-02 -4.62918207e-02 0.0
-2.33035297e-02 -4.52050151e-02 0.0
-1.92231181e-02 -4.33753239e-02 0.0
-1.53079221e-02 -4.07182355e-02 0.0
-1.16400215e-02 -3.71570036e-02 0.0
-8.31185856e-03 -3.26288189e-02 0.0
-5.42529560e-03 -2.70929693e-02 0.0
-3.08962977e-03 -2.05437565e-02 0.0
-1.41913378e-03 -1.30263280e-02 0.0
-3.82328493e-04 -4.62812714e-03 0.0
-2.43271163e-04 5.29254899e-03 0.0
-1.14803603e-03 1.45963320e-02 0.0
-2.82001568e-03 2.26405866e-02 0.0
-5.12556279e-03 2.94237236e-02 0.0
-7.94206529e-03 3.49862593e-02 0.0
-1.11593161e-02 3.94078275e-02 0.0
-1.46800630e-02 4.27906295e-02 0.0
-1.84198747e-02 4.52473623e-02 0.0
-2.23067007e-02 4.68934247e-02 0.0
-2.62797894e-02 4.78412512e-02 0.0
-3.02884991e-02 4.81959034e-02 0.0
-3.42908097e-02 4.80520456e-02 0.0
-3.82520291e-02 4.74921943e-02 0.0
-4.21434238e-02 4.65862473e-02 0.0
-4.59411663e-02 4.53918753e-02 0.0
-4.96252812e-02 4.39556606e-02 0.0
-5.31789202e-02 4.23145234e-02 0.0
-5.65876374e-02 4.04974012e-02 0.0
-5.98389539e-02 3.85267949e-02 0.0
-6.29218932e-02 3.64202838e-02 0.0
-6.58267494e-02 3.41917133e-02 0.0
-6.85447955e-02 3.18522733e-02 0.0
-7.10681720e-02 2.94112257e-02 0.0
-7.33896969e-02 2.68765677e-02 0.0
-7.55028147e-02 2.42553978e-02 0.0
-7.74014654e-02 2.15542985e-02 0.0
-7.90800630e-02 1.87794841e-02 0.0
-8.05334014e-02 1.59370342e-02 0.0
-8.17566490e-02 1.30329354e-02 0.0
-8.27452871e-02 1.00732513e-02 0.0
-8.34951161e-02 7.06412216e-03 0.0
-8.40022266e-02 4.01191601e-03 0.0
-8.42630197e-02 9.23216450e-04 0.0
-8.42742117e-02 -2.19502818e-03 0.0
-8.40328715e-02 -5.33551499e-03 0.0
-8.35364622e-02 -8.49043032e-03 0.0
-8.27828959e-02 -1.16514477e-02 0.0
-8.17706149e-02 -1.48095517e-02 0.0
-8.04986659e-02 -1.79550027e-02 0.0
-7.89668218e-02 -2.10771125e-02 0.0
-7.71756761e-02 -2.41641359e-02 0.0
-7.51268094e-02 -2.72029461e-02 0.0
-7.28229080e-02 -3.01787873e-02 0.0
-7.02679805e-02 -3.30747782e-02 0.0
-6.74675125e-02 -3.58714478e-02 0.0
-6.44287481e-02 -3.85459965e-02 0.0
-6.11609042e-02 -4.10715647e-02 0.0
-5.76755492e-02 -4.34162414e-02 0.0
-5.39869208e-02 -4.55421161e-02 0.0
-5.01124586e-02 -4.74041729e-02 0.0
-4.60732963e-02 -4.89493733e-02 0.0
-4.18950312e-02 -5.01158174e-02 0.0
-3.76084792e-02 -5.08323854e-02 0.0
-3.32507571e-02 -5.10188453e-02 0.0
-2.88663445e-02 -5.05868684e-02 0.0
-2.45084452e-02 -4.94419962e-02 0.0
-2.02401895e-02 -4.74869309e-02 0.0
-1.61359011e-02 -4.46260435e-02 0.0
-1.22817854e-02 -4.07711503e-02 0.0
-8.77612664e-03 -3.58484425e-02 0.0
-5.72827492e-03 -2.98077172e-02 0.0
-3.25671510e-03 -2.26362014e-02 0.0
-1.48582685e-03 -1.43752428e-02 0.0
-3.95690150e-04 -5.11361414e-03 0.0
-2.52470653e-04 5.78982816e-03 0.0
-1.19400278e-03 1.59468950e-02 0.0
-2.93479277e-03 2.47028154e-02 0.0
-5.33333827e-03 3.20656173e-02 0.0
-8.26084428e-03 3.80884134e-02 0.0
-1.16021005e-02 4.28642274e-02 0.0
-1.52558924e-02 4.65088246e-02 0.0
-1.91349049e-02 4.91480552e-02 0.0
-2.31648463e-02 5.09095721e-02 0.0
-2.72833196e-02 5.19167458e-02 0.0
-3.14382622e-02 5.22841498e-02 0.0
-3.55865223e-02 5.21144657e-02 0.0
-3.96923208e-02 5.14968962e-02 0.0
-4.37260317e-02 5.05067617e-02 0.0
-4.76629531e-02 4.92061433e-02 0.0
-5.14824245e-02 4.76451035e-02 0.0
-5.51669446e-02 4.58633716e-02 0.0
-5.87016046e-02 4.38920679e-02 0.0
-6.20734975e-02 4.17554820e-02 0.0
-6.52713902e-02 3.94725783e-02 0.0
-6.82853408e-02 3.70583812e-02 0.0
-7.11065225e-02 3.45249936e-02 0.0
-7.37269715e-02 3.18824967e-02 0.0
-7.61394962e-02 2.91395159e-02 0.0
-7.83375009e-02 2.63037465e-02 0.0
-8.03149393e-02 2.33822166e-02 0.0
-8.20661859e-02 2.03815916e-02 0.0
-8.35860128e-02 1.73082761e-02 0.0
-8.48694990e-02 1.41686145e-02 0.0
-8.59120236e-02 1.09689237e-02 0.0
-8.67092107e-02 7.71565670e-03 0.0
-8.72569396e-02 4.41541282e-03 0.0
-8.75513283e-02 1.07509418e-03 0.0
-8.75887623e-02 -2.29808668e-03 0.0
-8.73659204e-02 -5.69644553e-03 0.0
-8.68798255e-02 -9.11181141e-03 0.0
-8.61279151e-02 -1.25353518e-02 0.0
-8.51081173e-02 -1.59575362e-02 0.0
-8.38189675e-02 -1.93679289e-02 0.0
-8.22597107e-02 -2.27551013e-02 0.0
-8.04304669e-02 -2.61063538e-02 0.0
-7.83323591e-02 -2.94075230e-02 0.0
-7.59677283e-02 -3.26425669e-02 0.0
-7.33402901e-02 -3.57931923e-02 0.0
-7.04554024e-02 -3.88382226e-02 0.0
-6.73202581e-02 -4.17529682e-02 0.0
-6.39442178e-02 -4.45083210e-02 0.0
-6.03390616e-02 -4.70698453e-02 0.0
-5.65194213e-02 -4.93966369e-02 0.0
-5.25031436e-02 -5.14402541e-02 0.0
-4.83118964e-02 -5.31435715e-02 0.0
-4.39717433e-02 -5.44399139e-02 0.0
-3.95140465e-02 -5.52524228e-02 0.0
-3.49763916e-02 -5.54940772e-02 0.0
-3.04039138e-02 -5.50684282e-02 0.0
-2.58506496e-02 -5.38715091e-02 0.0
-2.13812336e-02 -5.17950087e-02 0.0
-1.70723920e-02 -4.87310227e-02 0.0
-1.30143623e-02 -4.45782537e-02 0.0
-9.31141176e-03 -3.92498942e-02 0.0
-6.08142473e-03 -3.26840605e-02 0.0
-3.45377129e-03 -2.48590364e-02 0.0
-1.56572882e-03 -1.58113144e-02 0.0
-4.12046458e-04 -5.63136910e-03 0.0
-2.62971988e-04 6.30888137e-03 0.0
-1.24533666e-03 1.73553589e-02 0.0
-3.06142330e-03 2.68512502e-02 0.0
-5.56050423e-03 3.48148408e-02 0.0
-8.60686093e-03 4.13130925e-02 0.0
-1.20798563e-02 4.64538494e-02 0.0
-1.58744576e-02 5.03676532e-02 0.0
-1.99005844e-02 5.31944327e-02 0.0
-2.40820247e-02 5.50746508e-02 0.0
-2.83547767e-02 5.61429759e-02 0.0
-3.26654671e-02 5.65236437e-02 0.0
-3.69696304e-02 5.63274950e-02 0.0
-4.12303273e-02 5.56504690e-02 0.0
-4.54167555e-02 5.45734431e-02 0.0
-4.95032270e-02 5.31629766e-02 0.0
-5.34681401e-02 5.14727844e-02 0.0
-5.72932831e-02 4.95454897e-02 0.0
-6.09631109e-02 4.74145806e-02 0.0
-6.44643060e-02 4.51062062e-02 0.0
-6.77852871e-02 4.26408833e-02 0.0
-7.09159494e-02 4.00348496e-02 0.0
-7.38473313e-02 3.73012552e-02 0.0
-7.65714662e-02 3.44509899e-02 0.0
-7.90811479e-02 3.14934051e-02 0.0
-8.13698454e-02 2.84367396e-02 0.0
-8.34315314e-02 2.52885321e-02 0.0
-8.52606318e-02 2.20558105e-02 0.0
-8.68519003e-02 1.87453433e-02 0.0
-8.82003911e-02 1.53637174e-02 0.0
-8.93013741e-02 1.19175238e-02 0.0
-9.01503286e-02 8.41339517e-03 0.0
-9.07429001e-02 4.85817329e-03 0.0
-9.10749167e-02 1.25893834e-03 0.0
-9.11423922e-02 -2.37682158e-03 0.0
-9.09415682e-02 -6.04117685e-03 0.0
-9.04689680e-02 -9.72557620e-03 0.0
-8.97214689e-02 -1.34207983e-02 0.0
-8.86964105e-02 -1.71167495e-02 0.0
-8.73917008e-02 -2.08023805e-02 0.0
-8.58059800e-02 -2.44654352e-02 0.0
-8.39387616e-02 -2.80922929e-02 0.0
-8.17906516e-02 -3.16676160e-02 0.0
-7.93635216e-02 -3.51740527e-02 0.0
-7.66607804e-02 -3.85917085e-02 0.0
-7.36875744e-02 -4.18976271e-02 0.0
-7.04511079e-02 -4.50650073e-02 0.0
-6.69608707e-02 -4.80623974e-02 0.0
-6.32290130e-02 -5.08526275e-02 0.0
-5.92706199e-02 -5.33917386e-02 0.0
-5.51041802e-02 -5.56277278e-02 0.0
-5.07519778e-02 -5.74994121e-02 0.0
-4.62407612e-02 -5.89353159e-02 0.0
-4.16024094e-02 -5.98529498e-02 0.0
-3.68750031e-02 -6.01585008e-02 0.0
-3.21039995e-02 -5.97473830e-02 0.0
-2.73439318e-02 -5.85057930e-02 0.0
-2.26602284e-02 -5.63137594e-02 0.0
-1.81314456e-02 -5.30498218e-02 0.0
-1.38512107e-02 -4.85976533e-02 0.0
-9.92981826e-03 -4.28547824e-02 0.0
-6.49437393e-03 -3.57445574e-02 0.0
-3.68726264e-03 -2.72332689e-02 0.0
-1.66190849e-03 -1.73504524e-02 0.0
-4.32198513e-04 -6.18802087e-03 0.0
-2.74984263e-04 6.85237400e-03 0.0
-1.30299899e-03 1.88277906e-02 0.0
-3.20158339e-03 2.90935131e-02 0.0
-5.80920775e-03 3.76793151e-02 0.0
-8.98220339e-03 4.46680124e-02 0.0
-1.25944560e-02 5.01842277e-02 0.0
-1.65373229e-02 5.43748030e-02 0.0
-2.07185053e-02 5.73946602e-02 0.0
-2.50601232e-02 5.93975590e-02 0.0
-2.94968240e-02 6.05296059e-02 0.0
-3.39737819e-02 6.09247564e-02 0.0
-3.84451159e-02 6.07019818e-02 0.0
-4.28723544e-02 5.99640284e-02 0.0
-4.72233081e-02 5.87973836e-02 0.0
-5.14709376e-02 5.72732633e-02 0.0
-5.55925580e-02 5.54491641e-02 0.0
-5.95689987e-02 5.33708343e-02 0.0
-6.33840537e-02 5.10742657e-02 0.0
-6.70238698e-02 4.85876862e-02 0.0
-7.04765850e-02 4.59332592e-02 0.0
-7.37318927e-02 4.31286096e-02 0.0
-7.67808137e-02 4.01879693e-02 0.0
-7.96153847e-02 3.71231583e-02 0.0
-8.22285161e-02 3.39442309e-02 0.0
-8.46137641e-02 3.06600449e-02 0.0
-8.67652406e-02 2.72785787e-02 0.0
-8.86774444e-02 2.38072614e-02 0.0
-9.03452052e-02 2.02531179e-02 0.0
-9.17635622e-02 1.66229898e-02 0.0
-9.29277359e-02 1.29236093e-02 0.0
-9.38330523e-02 9.16178383e-03 0.0
-9.44749415e-02 5.34444975e-03 0.0
-9.48489113e-02 1.47885380e-03 0.0
-9.49505756e-02 -2.42739138e-03 0.0
-9.47756837e-02 -6.36611720e-03 0.0
-9.43201833e-02 -1.03285313e-02 0.0
-9.35803116e-02 -1.43050100e-02 0.0
-9.25526995e-02 -1.82850056e-02 0.0
-9.12345287e-02 -2.22568045e-02 0.0
-8.96236807e-02 -2.62073819e-02 0.0
-8.77189617e-02 -3.01220888e-02 0.0
-8.55202949e-02 -3.39844052e-02 0.0
-8.30290083e-02 -3.77754929e-02 0.0
-8.02480609e-02 -4.14737737e-02 0.0
-7.71823806e-02 -4.50542704e-02 0.0
-7.38391086e-02 -4.84879297e-02 0.0
-7.02279681e-02 -5.17406862e-02 0.0
-6.63615132e-02 -5.47724906e-02 0.0
-6.22555247e-02 -5.75361036e-02 0.0
-5.79292789e-02 -5.99759014e-02 0.0
-5.34060207e-02 -6.20265604e-02 0.0
-4.87133575e-02 -6.36119158e-02 0.0
-4.38839814e-02 -6.46439551e-02 0.0
-3.89564492e-02 -6.50223192e-02 0.0
-3.39765024e-02 -6.46344099e-02 0.0
-2.89986466e-02 -6.33565929e-02 0.0
-2.40884729e-02 -6.10567500e-02 0.0
-1.93252747e-02 -5.75987345e-02 0.0
-1.48051686e-02 -5.28490146e-02 0.0
-1.06437452e-02 -4.66861791e-02 0.0
-6.97782725e-03 -3.90144762e-02 0.0
-3.96472617e-03 -2.97835252e-02 0.0
-1.77821711e-03 -1.90120334e-02 0.0
-4.57068085e-04 -6.79192976e-03 0.0
-2.88906014e-04 7.42357823e-03 0.0
-1.36815655e-03 2.03711758e-02 0.0
-3.35713436e-03 3.14377135e-02 0.0
-6.08116150e-03 4.06667998e-02 0.0
-9.38784405e-03 4.81602482e-02 0.0
-1.31457391e-02 5.40621918e-02 0.0
-1.72434824e-02 5.85375098e-02 0.0
-2.15872338e-02 6.17569578e-02 0.0
-2.60980325e-02 6.38877569e-02 0.0
-3.07091871e-02 6.50873519e-02 0.0
-3.53643232e-02 6.54992006e-02 0.0
-4.00156607e-02 6.52503145e-02 0.0
-4.46228293e-02 6.44502160e-02 0.0
-4.91517120e-02 6.31911542e-02 0.0
-5.35736294e-02 6.15491685e-02 0.0
-5.78644403e-02 5.95858273e-02 0.0
-6.20039126e-02 5.73502279e-02 0.0
-6.59749978e-02 5.48811636e-02 0.0
-6.97633569e-02 5.22091210e-02 0.0
-7.33567999e-02 4.93581470e-02 0.0
-7.67449527e-02 4.63473523e-02 0.0
-7.99188405e-02 4.31922116e-02 0.0
-8.28706664e-02 3.99054938e-02 0.0
-8.55935038e-02 3.64980504e-02 0.0
-8.80811516e-02 3.29793117e-02 0.0
-9.03279071e-02 2.93577389e-02 0.0
-9.23284712e-02 2.56410674e-02 0.0
-9.40777818e-02 2.18365851e-02 0.0
-9.55709559e-02 1.79512582e-02 0.0
-9.68031760e-02 1.39919416e-02 0.0
-9.77696635e-02 9.96546422e-03 0.0
-9.84656189e-02 5.87882404e-03 0.0
-9.88862280e-02 1.73926941e-03 0.0
-9.90266605e-02 -2.44549867e-03 0.0
-9.88821161e-02 -6.66723479e-03 0.0
-9.84478894e-02 -1.09169301e-02 0.0
-9.77194630e-02 -1.51846995e-02 0.0
-9.66926483e-02 -1.94595349e-02 0.0
-9.53637339e-02 -2.37291543e-02 0.0
-9.37297077e-02 -2.79797030e-02 0.0
-9.17884646e-02 -3.21955295e-02 0.0
-8.95391088e-02 -3.63587906e-02 0.0
-8.69822144e-02 -4.04490958e-02 0.0
-8.41201951e-02 -4.44429497e-02 0.0
-8.09575948e-02 -4.83131919e-02 0.0
-7.75014945e-02 -5.20282035e-02 0.0
-7.37617967e-02 -5.55510793e-02 0.0
-6.97516275e-02 -5.88385571e-02 0.0
-6.54875796e-02 -6.18399155e-02 0.0
-6.09900902e-02 -6.44956744e-02 0.0
-5.62836583e-02 -6.67363343e-02 0.0
-5.13972731e-02 -6.84810559e-02 0.0
-4.63647736e-02 -6.96365640e-02 0.0
-4.12256186e-02 -7.00962803e-02 0.0
-3.60258372e-02 -6.97400683e-02 0.0
-3.08197537e-02 -6.84347751e-02 0.0
-2.56722698e-02 -6.60361357e-02 0.0
-2.06622697e-02 -6.23924681e-02 0.0
-1.58866398e-02 -5.73509474e-02 0.0
-1.14649097e-02 -5.07673412e-02 0.0
-7.54301353e-03 -4.25210794e-02 0.0
-4.29493322e-03 -3.25380660e-02 0.0
-1.91938556e-03 -2.08195218e-02 0.0
-4.87984020e-04 -7.45370862e-03 0.0
-3.05212134e-04 8.02664454e-03 0.0
-1.44238577e-03 2.19934909e-02 0.0
-3.52995153e-03 3.38919666e-02 0.0
-6.37726929e-03 4.37839253e-02 0.0
-9.82259627e-03 5.17951762e-02 0.0
-1.37303679e-02 5.80929835e-02 0.0
-1.79879399e-02 6.28620963e-02 0.0
-2.25012403e-02 6.62894949e-02 0.0
-2.71906674e-02 6.85555271e-02 0.0
-3.19882191e-02 6.98283781e-02 0.0
-3.68353707e-02 7.02605614e-02 0.0
-4.16818411e-02 6.99868691e-02 0.0
-4.64845381e-02 6.91236434e-02 0.0
-5.12068753e-02 6.77690710e-02 0.0
-5.58179486e-02 6.60043751e-02 0.0
-6.02919159e-02 6.38955389e-02 0.0
-6.46072054e-02 6.14954260e-02 0.0
-6.87459375e-02 5.88459374e-02 0.0
-7.26932240e-02 5.59801548e-02 0.0
-7.64367008e-02 5.29242009e-02 0.0
-7.99659709e-02 4.96988958e-02 0.0
-8.32722686e-02 4.63210336e-02 0.0
-8.63480432e-02 4.28044579e-02 0.0
-8.91867324e-02 3.91608033e-02 0.0
-9.17824569e-02 3.54001266e-02 0.0
-9.41298713e-02 3.15312932e-02 0.0
-9.62239398e-02 2.75623490e-02 0.0
-9.80598401e-02 2.35007208e-02 0.0
-9.96328040e-02 1.93534699e-02 0.0
-1.00938060e-01 1.51274180e-02 0.0
-1.01970734e-01 1.08293631e-02 0.0
-1.02725827e-01 6.46618864e-03 0.0
-1.03198177e-01 2.04508020e-03 0.0
-1.03382481e-01 -2.42635675e-03 0.0
-1.03273322e-01 -6.93986335e-03 0.0
-1.02865246e-01 -1.14863886e-02 0.0
-1.02152869e-01 -1.60558292e-02 0.0
-1.01131018e-01 -2.06368579e-02 0.0
-9.97949315e-02 -2.52166211e-02 0.0
-9.81404744e-02 -2.97805111e-02 0.0
-9.61644416e-02 -3.43117924e-02 0.0
-9.38648462e-02 -3.87912774e-02 0.0
-9.12413204e-02 -4.31968322e-02 0.0
-8.82954624e-02 -4.75028980e-02 0.0
-8.50313038e-02 -5.16798153e-02 0.0
-8.14556730e-02 -5.56931293e-02 0.0
-7.75786702e-02 -5.95026789e-02 0.0
-7.34139785e-02 -6.30616495e-02 0.0
-6.89792706e-02 -6.63154173e-02 0.0
-6.42964023e-02 -6.92003757e-02 0.0
-5.93917119e-02 -7.16426092e-02 0.0
-5.42961154e-02 -7.35566243e-02 0.0
-4.90454204e-02 -7.48440609e-02 0.0
-4.36806013e-02 -7.53926369e-02 0.0
-3.82486212e-02 -7.50753625e-02 0.0
-3.28036663e-02 -7.37504176e-02 0.0
-2.74095680e-02 -7.12619841e-02 0.0
-2.21433446e-02 -6.74427615e-02 0.0
-1.71005657e-02 -6.21189922e-02 0.0
-1.24019309e-02 -5.51196006e-02 0.0
-8.20059185e-03 -4.62920060e-02 0.0
-4.68748907e-03 -3.55282834e-02 0.0
-2.09127906e-03 -2.28010347e-02 0.0
-5.26585918e-04 -8.18694887e-03 0.0
-3.24759307e-04 8.66705407e-03 0.0
-1.52772573e-03 2.37036701e-02 0.0
-3.72168993e-03 3.64633421e-02 0.0
-6.69633870e-03 4.70345515e-02 0.0
-1.02812926e-02 5.55748752e-02 0.0
-1.43394251e-02 6.22792431e-02 0.0
-1.87595859e-02 6.73536331e-02 0.0
-2.34489602e-02 7.10007066e-02 0.0
-2.83277819e-02 7.34126467e-02 0.0
-3.33260792e-02 7.47671998e-02 0.0
-3.83822334e-02 7.52251463e-02 0.0
-4.34421791e-02 7.49288107e-02 0.0
-4.84591251e-02 7.40014632e-02 0.0
-5.33930669e-02 7.25476576e-02 0.0
-5.82103767e-02 7.06543066e-02 0.0
-6.28830670e-02 6.83924083e-02 0.0
-6.73881612e-02 6.58190909e-02 0.0
-7.17068567e-02 6.29798584e-02 0.0
-7.58238927e-02 5.99107212e-02 0.0
-7.97268096e-02 5.66402001e-02 0.0
-8.34054501e-02 5.31909851e-02 0.0
-8.68513879e-02 4.95813641e-02 0.0
-9.00575812e-02 4.58262847e-02 0.0
-9.30179571e-02 4.19382365e-02 0.0
-9.57271839e-02 3.79278442e-02 0.0
-9.81803727e-02 3.38043827e-02 0.0
-1.00372929e-01 2.95760919e-02 0.0
-1.02300339e-01 2.52504992e-02 0.0
-1.03958074e-01 2.08346048e-02 0.0
-1.05341447e-01 1.63351284e-02 0.0
-1.06445555e-01 1.17586529e-02 0.0
-1.07265201e-01 7.11185749e-03 0.0
-1.07794881e-01 2.40166274e-03 0.0
-1.08028775e-01 -2.36452123e-03 0.0
-1.07960783e-01 -7.17862817e-03 0.0
-1.07584604e-01 -1.20316589e-02 0.0
-1.06893839e-01 -1.69134805e-02 0.0
-1.05882170e-01 -2.18125093e-02 0.0
-1.04543551e-01 -2.67154598e-02 0.0
-1.02872500e-01 -3.16069676e-02 0.0
-1.00864396e-01 -3.64692624e-02 0.0
-9.85158954e-02 -4.12816982e-02 0.0
-9.58253201e-02 -4.60203109e-02 0.0
-9.27931879e-02 -5.06572130e-02 0.0
-8.94226660e-02 -5.51599894e-02 0.0
-8.57201526e-02 -5.94909141e-02 0.0
-8.16957201e-02 -6.36061500e-02 0.0
-7.73636517e-02 -6.74547664e-02 0.0
-7.27427557e-02 -7.09777388e-02 0.0
-6.78567342e-02 -7.41067867e-02 0.0
-6.27342596e-02 -7.67632135e-02 0.0
-5.74091100e-02 -7.88566254e-02 0.0
-5.19200385e-02 -8.02836939e-02 0.0
-4.63108668e-02 -8.09268720e-02 0.0
-4.06305995e-02 -8.06532610e-02 0.0
-3.49343097e-02 -7.93136606e-02 0.0
-2.92848540e-02 -7.67422012e-02 0.0
-2.37565301e-02 -7.27570090e-02 0.0
-1.84409449e-02 -6.71630359e-02 0.0
-1.34560951e-02 -5.97589801e-02 0.0
-8.95784329e-03 -5.03521663e-02 0.0
-5.15201458e-03 -3.87870153e-02 0.0
-2.30089165e-03 -2.49896071e-02 0.0
-5.75207888e-04 -9.00922115e-03 0.0
-3.48781250e-04 9.35238219e-03 0.0
-1.62678770e-03 2.55111120e-02 0.0
-3.93254145e-03 3.91556437e-02 0.0
-7.03252028e-03 5.04169127e-02 0.0
-1.07509221e-02 5.94959155e-02 0.0
-1.49545283e-02 6.66199967e-02 0.0
-1.95375855e-02 7.20161629e-02 0.0
-2.44102880e-02 7.59003283e-02 0.0
-2.94922388e-02 7.84738823e-02 0.0
-3.47100814e-02 7.99221978e-02 0.0
-3.99970640e-02 8.04133883e-02 0.0
-4.52936042e-02 8.00971664e-02 0.0
-5.05476263e-02 7.91041969e-02 0.0
-5.57147584e-02 7.75461271e-02 0.0
-6.07579155e-02 7.55164419e-02 0.0
-6.56467587e-02 7.30919522e-02 0.0
-7.03567662e-02 7.03348026e-02 0.0
-7.48684170e-02 6.72946539e-02 0.0
-7.91662126e-02 6.40109256e-02 0.0
-8.32379461e-02 6.05148209e-02 0.0
-8.70739088e-02 5.68311490e-02 0.0
-9.06663632e-02 5.29797796e-02 0.0
-9.40089692e-02 4.89768616e-02 0.0
-9.70964402e-02 4.48357046e-02 0.0
-9.99241428e-02 4.05675087e-02 0.0
-1.02487879e-01 3.61818501e-02 0.0
-1.04783602e-01 3.16871159e-02 0.0
-1.06807281e-01 2.70907787e-02 0.0
-1.08554697e-01 2.23996944e-02 0.0
-1.10021356e-01 1.76202913e-02 0.0
-1.11202362e-01 1.27588260e-02 0.0
-1.12092365e-01 7.82155779e-03 0.0
-1.12685508e-01 2.81501038e-03 0.0
-1.12975424e-01 -2.25383426e-03 0.0
-1.12955262e-01 -7.37724358e-03 0.0
-1.12617756e-01 -1.25465037e-02 0.0
-1.11955351e-01 -1.77515820e-02 0.0
-1.10960362e-01 -2.29808446e-02 0.0
-1.09625227e-01 -2.82206592e-02 0.0
-1.07942788e-01 -3.34550412e-02 0.0
-1.05906691e-01 -3.86651765e-02 0.0
-1.03511794e-01 -4.38289719e-02 0.0
-1.00754732e-01 -4.89204699e-02 0.0
-9.76344404e-02 -5.39092775e-02 0.0
-9.41528420e-02 -5.87598504e-02 0.0
-9.03154379e-02 -6.34307815e-02 0.0
-8.61320212e-02 -6.78739494e-02 0.0
-8.16172075e-02 -7.20336733e-02 0.0
-7.67910229e-02 -7.58457444e-02 0.0
-7.16791899e-02 -7.92364750e-02 0.0
-6.63133982e-02 -8.21216395e-02 0.0
-6.07311756e-02 -8.44054275e-02 0.0
-5.49757347e-02 -8.59792698e-02 0.0
-4.90954610e-02 -8.67206160e-02 0.0
-4.31436161e-02 -8.64915139e-02 0.0
-3.71781479e-02 -8.51370600e-02 0.0
-3.12626255e-02 -8.24836849e-02 0.0
-2.54687569e-02 -7.83376331e-02 0.0
-1.98822857e-02 -7.24843946e-02 0.0
-1.46133839e-02 -6.46913099e-02 0.0
-9.81325648e-03 -5.47181645e-02 0.0
-5.69550954e-03 -4.23445522e-02 0.0
-2.55619556e-03 -2.74224785e-02 0.0
-6.36893958e-04 -9.94348815e-03 0.0
-3.79347153e-04 1.00935062e-02 0.0
-1.74217814e-03 2.74238318e-02 0.0
-4.15823480e-03 4.19647598e-02 0.0
-7.36938090e-03 5.39189576e-02 0.0
-1.12037001e-02 6.35466375e-02 0.0
-1.55411113e-02 7.11103486e-02 0.0
-2.02863632e-02 7.68541861e-02 0.0
-2.53531551e-02 8.10018758e-02 0.0
-3.06584436e-02 8.37596596e-02 0.0
-3.61221670e-02 8.53180821e-02 0.0
-4.16693617e-02 8.58517859e-02 0.0
-4.72322148e-02 8.55182761e-02 0.0
-5.27516197e-02 8.44566368e-02 0.0
-5.81776028e-02 8.27869341e-02 0.0
-6.34691712e-02 8.06105000e-02 0.0
-6.85934157e-02 7.80111301e-02 0.0
-7.35245179e-02 7.50568902e-02 0.0
-7.82424697e-02 7.18023327e-02 0.0
-8.27320169e-02 6.82907601e-02 0.0
-8.69815414e-02 6.45564223e-02 0.0
-9.09822623e-02 6.06264153e-02 0.0
-9.47274268e-02 5.65223228e-02 0.0
-9.82117920e-02 5.22614857e-02 0.0
-1.01431080e-01 4.78580413e-02 0.0
-1.04381661e-01 4.33236616e-02 0.0
-1.07060182e-01 3.86681657e-02 0.0
-1.09463376e-01 3.38999321e-02 0.0
-1.11587797e-01 2.90262806e-02 0.0
-1.13429697e-01 2.40537296e-02 0.0
-1.14984845e-01 1.89882869e-02 0.0
-1.16248441e-01 1.38356583e-02 0.0
-1.17215010e-01 8.60152526e-03 0.0
-1.17878358e-01 3.29176247e-03 0.0
-1.18231542e-01 -2.08725723e-03 0.0
-1.18266890e-01 -7.52840594e-03 0.0
-1.17976063e-01 -1.30234461e-02 0.0
-1.17350166e-01 -1.85627150e-02 0.0
-1.16379939e-01 -2.41347026e-02 0.0
-1.15055991e-01 -2.97256603e-02 0.0
-1.13369156e-01 -3.53190947e-02 0.0
-1.11310878e-01 -4.08952818e-02 0.0
-1.08873767e-01 -4.64306609e-02 0.0
-1.06052160e-01 -5.18972416e-02 0.0
-1.02842864e-01 -5.72618904e-02 0.0
-9.92458679e-02 -6.24856333e-02 0.0
-9.52652267e-02 -6.75228521e-02 0.0
-9.09098229e-02 -7.23205138e-02 0.0
-8.61942421e-02 -7.68173250e-02 0.0
-8.11394025e-02 -8.09429459e-02 0.0
-7.57731853e-02 -8.46171608e-02 0.0
-7.01306589e-02 -8.77491171e-02 0.0
-6.42541799e-02 -9.02365058e-02 0.0
-5.81929438e-02 -9.19647316e-02 0.0
-5.20023669e-02 -9.28058777e-02 0.0
-4.57429527e-02 -9.26173938e-02 0.0
-3.94792965e-02 -9.12401976e-02 0.0
-3.32792799e-02 -8.84959894e-02 0.0
-2.72149128e-02 -8.41834786e-02 0.0
-2.13661332e-02 -7.80737246e-02 0.0
-1.58309554e-02 -6.99059959e-02 0.0
-1.07453475e-02 -5.93891611e-02 0.0
-6.31642539e-03 -4.62201839e-02 0.0
-2.86473845e-03 -3.01378181e-02 0.0
-7.15897606e-04 -1.10200223e-02 0.0
-4.19292940e-04 1.09062112e-02 0.0
-1.87408621e-03 2.94428261e-02 0.0
-4.38167092e-03 4.48694332e-02 0.0
-7.66767418e-03 5.75114699e-02 0.0
-1.15842394e-02 6.77050565e-02 0.0
-1.60382742e-02 7.57434324e-02 0.0
-2.09487473e-02 8.18768946e-02 0.0
-2.62301852e-02 8.63274740e-02 0.0
-3.17912583e-02 8.93005100e-02 0.0
-3.75396127e-02 9.09894061e-02 0.0
-4.33873052e-02 9.15754553e-02 0.0
-4.92551290e-02 9.12253989e-02 0.0
-5.50748624e-02 9.00887769e-02 0.0
-6.07900786e-02 8.82961263e-02 0.0
-6.63555497e-02 8.59584892e-02 0.0
-7.17361318e-02 8.31681177e-02 0.0
-7.69051157e-02 8.00001469e-02 0.0
-8.18427104e-02 7.65147882e-02 0.0
-8.65344539e-02 7.27597685e-02 0.0
-9.09699986e-02 6.87726631e-02 0.0
-9.51419490e-02 6.45830326e-02 0.0
-9.90450754e-02 6.02141892e-02 0.0
-1.02675558e-01 5.56846657e-02 0.0
-1.06030523e-01 5.10093189e-02 0.0
-1.09107564e-01 4.62002141e-02 0.0
-1.11904465e-01 4.12672493e-02 0.0
-1.14418882e-01 3.62186769e-02 0.0
-1.16648169e-01 3.10614657e-02 0.0
-1.18589151e-01 2.58016507e-02 0.0
-1.20238000e-01 2.04445893e-02 0.0
-1.21590078e-01 1.49952589e-02 0.0
-1.22639854e-01 9.45849977e-03 0.0
-1.23380812e-01 3.83932635e-03 0.0
-1.23805422e-01 -1.85679501e-03 0.0
-1.23905128e-01 -7.62358212e-03 0.0
-1.23670400e-01 -1.34535950e-02 0.0
-1.23090838e-01 -1.93377951e-02 0.0
-1.22155344e-01 -2.52651152e-02 0.0
-1.20852391e-01 -3.12219218e-02 0.0
-1.19170359e-01 -3.71914786e-02 0.0
-1.17098019e-01 -4.31532963e-02 0.0
-1.14625079e-01 -4.90824805e-02 0.0
-1.11742927e-01 -5.49489703e-02 0.0
-1.08445394e-01 -6.07167843e-02 0.0
-1.04729748e-01 -6.63431813e-02 0.0
-1.00597639e-01 -7.17778597e-02 0.0
-9.60562411e-02 -7.69621199e-02 0.0
-9.11192420e-02 -8.18281179e-02 0.0
-8.58079177e-02 -8.62981439e-02 0.0
-8.01518909e-02 -9.02840413e-02 0.0
-7.41898115e-02 -9.36866859e-02 0.0
-6.79694922e-02 -9.63955874e-02 0.0
-6.15477731e-02 -9.82884668e-02 0.0
-5.49896144e-02 -9.92307490e-02 0.0
-4.83667752e-02 -9.90746571e-02 0.0
-4.17556693e-02 -9.76575875e-02 0.0
-3.52350898e-02 -9.47990977e-02 0.0
-2.88840443e-02 -9.02956955e-02 0.0
-2.27819163e-02 -8.39123395e-02 0.0
-1.70141744e-02 -7.53702359e-02 0.0
-1.16911748e-02 -6.43334757e-02 0.0
-6.99013608e-03 -5.04057885e-02 0.0
-3.22903688e-03 -3.31649702e-02 0.0
-8.17407880e-04 -1.22785605e-02 0.0
-4.71215546e-04 1.18117142e-02 0.0
-2.01075028e-03 3.15466564e-02 0.0
-4.55196714e-03 4.78144307e-02 0.0
-7.83989907e-03 6.11404446e-02 0.0
-1.17880553e-02 7.19408503e-02 0.0
-1.63443344e-02 8.05180103e-02 0.0
-2.14388478e-02 8.71073710e-02 0.0
-2.69765987e-02 9.19162645e-02 0.0
-3.28473257e-02 9.51436072e-02 0.0
-3.89377048e-02 9.69851403e-02 0.0
-4.51411267e-02 9.76309424e-02 0.0
-5.13635116e-02 9.72602373e-02 0.0
-5.75260825e-02 9.60363685e-02 0.0
-6.35655441e-02 9.41033473e-02 0.0
-6.94329777e-02 9.15843162e-02 0.0
-7.50917480e-02 8.85817950e-02 0.0
-8.05153466e-02 8.51792116e-02 0.0
-8.56851095e-02 8.14432488e-02 0.0
-9.05883738e-02 7.74264907e-02 0.0
-9.52167780e-02 7.31700721e-02 0.0
-9.95650632e-02 6.87060478e-02 0.0
-1.03630000e-01 6.40594325e-02 0.0
-1.07409712e-01 5.92498174e-02 0.0
-1.10903033e-01 5.42926596e-02 0.0
-1.14109137e-01 4.92002298e-02 0.0
-1.17027143e-01 4.39823565e-02 0.0
-1.19655893e-01 3.86469561e-02 0.0
-1.21993675e-01 3.32004799e-02 0.0
-1.24038075e-01 2.76482458e-02 0.0
-1.25785771e-01 2.19947679e-02 0.0
-1.27232410e-01 1.62440285e-02 0.0
-1.28372466e-01 1.03997949e-02 0.0
-1.29199154e-01 4.46591144e-03 0.0
-1.29704351e-01 -1.55333847e-03 0.0
-1.29878575e-01 -7.65287418e-03 0.0
-1.29711001e-01 -1.38263713e-02 0.0
-1.29189544e-01 -2.00658051e-02 0.0
-1.28301024e-01 -2.63608895e-02 0.0
-1.27031400e-01 -3.26984947e-02 0.0
-1.25366163e-01 -3.90619502e-02 0.0
-1.23290785e-01 -4.54303202e-02 0.0
-1.20791396e-01 -5.17775666e-02 0.0
-1.17855524e-01 -5.80716955e-02 0.0
-1.14473091e-01 -6.42738160e-02 0.0
-1.10637463e-01 -7.03372219e-02 0.0
-1.06346749e-01 -7.62064458e-02 0.0
-1.01605080e-01 -8.18164101e-02 0.0
-9.64240820e-02 -8.70916423e-02 0.0
-9.08241705e-02 -9.19456801e-02 0.0
-8.48359019e-02 -9.62806336e-02 0.0
-7.85009172e-02 -9.99869992e-02 0.0
-7.18727142e-02 -1.02943647e-01 0.0
-6.50167116e-02 -1.05017989e-01 0.0
-5.80098430e-02 -1.06066124e-01 0.0
-5.09390754e-02 -1.05932768e-01 0.0
-4.38991002e-02 -1.04450448e-01 0.0
-3.69885833e-02 -1.01437235e-01 0.0
-3.03054893e-02 -9.66916098e-02 0.0
-2.39417577e-02 -8.99822079e-02 0.0
-1.79807335e-02 -8.10290685e-02 0.0
-1.25051277e-02 -6.94731947e-02 0.0
-7.63532419e-03 -5.48368699e-02 0.0
-3.63116969e-03 -3.64991122e-02 0.0
-9.45618532e-04 -1.37682482e-02 0.0
-5.29039722e-04 1.28277549e-02 0.0
-2.09602337e-03 3.36529300e-02 0.0
-4.53217336e-03 5.06855507e-02 0.0
-7.70146611e-03 6.47265864e-02 0.0
-1.16286061e-02 7.62300526e-02 0.0
-1.63009265e-02 8.54574656e-02 0.0
-2.16380289e-02 9.25996001e-02 0.0
-2.75132940e-02 9.78371300e-02 0.0
-3.37809343e-02 1.01361198e-01 0.0
-4.02964820e-02 1.03373575e-01 0.0
-4.69290806e-02 1.04078636e-01 0.0
-5.35676966e-02 1.03673662e-01 0.0
-6.01227376e-02 1.02340683e-01 0.0
-6.65251394e-02 1.00241032e-01 0.0
-7.27237307e-02 9.75128007e-02 0.0
-7.86821846e-02 9.42706876e-02 0.0
-8.43757321e-02 9.06076264e-02 0.0
-8.97883772e-02 8.65974109e-02 0.0
-9.49103865e-02 8.22977787e-02 0.0
-9.97364581e-02 7.77534434e-02 0.0
-1.04264173e-01 7.29988666e-02 0.0
-1.08492990e-01 6.80605649e-02 0.0
-1.12423384e-01 6.29589936e-02 0.0
-1.16056339e-01 5.77099666e-02 0.0
-1.19392858e-01 5.23257594e-02 0.0
-1.22433699e-01 4.68158915e-02 0.0
-1.25179055e-01 4.11877484e-02 0.0
-1.27628382e-01 3.54470220e-02 0.0
-1.29780156e-01 2.95981074e-02 0.0
-1.31631732e-01 2.36444091e-02 0.0
-1.33179146e-01 1.75886738e-02 0.0
-1.34416990e-01 1.14332849e-02 0.0
-1.35338268e-01 5.18062267e-03 0.0
-1.35934300e-01 -1.16658408e-03 0.0
-1.36194654e-01 -7.60481400e-03 0.0
-1.36107128e-01 -1.41292951e-02 0.0
-1.35657798e-01 -2.07334347e-02 0.0
-1.34831130e-01 -2.74082153e-02 0.0
-1.33610231e-01 -3.41414614e-02 0.0
-1.31977166e-01 -4.09170588e-02 0.0
-1.29913491e-01 -4.77140396e-02 0.0
-1.27400887e-01 -5.45056203e-02 0.0
-1.24422058e-01 -6.12581275e-02 0.0
-1.20961755e-01 -6.79299098e-02 0.0
-1.17008107e-01 -7.44702002e-02 0.0
-1.12554043e-01 -8.08180473e-02 0.0
-1.07599020e-01 -8.69013090e-02 0.0
-1.02150735e-01 -9.26358426e-02 0.0
-9.62270495e-02 -9.79249002e-02 0.0
-8.98577103e-02 -1.02658853e-01 0.0
-8.30860835e-02 -1.06715232e-01 0.0
-7.59703981e-02 -1.09959152e-01 0.0
-6.85847186e-02 -1.12244025e-01 0.0
-6.10190455e-02 -1.13412498e-01 0.0
-5.33787408e-02 -1.13297346e-01 0.0
-4.57825147e-02 -1.11721961e-01 0.0
-3.83589767e-02 -1.08499677e-01 0.0
-3.12405691e-02 -1.03430580e-01 0.0
-2.45544904e-02 -9.62929706e-02 0.0
-1.84098137e-02 -8.68239406e-02 0.0
-1.28851868e-02 -7.46785012e-02 0.0
-8.03607137e-03 -5.93504398e-02 0.0
-3.98458942e-03 -4.00411486e-02 0.0
-1.09123665e-03 -1.55331732e-02 0.0
-5.38714733e-04 1.39119445e-02 0.0
-1.92249872e-03 3.55359540e-02 0.0
-3.97755304e-03 5.32937577e-02 0.0
-6.88671474e-03 6.81968713e-02 0.0
-1.07987454e-02 8.05989862e-02 0.0
-1.56852993e-02 9.06474647e-02 0.0
-2.14033031e-02 9.84647758e-02 0.0
-2.77607493e-02 1.04204745e-01 0.0
-3.45585264e-02 1.08059089e-01 0.0
-4.16130756e-02 1.10245880e-01 0.0
-4.87673604e-02 1.10993324e-01 0.0
-5.58943207e-02 1.10524669e-01 0.0
-6.28961695e-02 1.09046693e-01 0.0
-6.97010134e-02 1.06742404e-01 0.0
-7.62585725e-02 1.03767724e-01 0.0
-8.25354783e-02 1.00251278e-01 0.0
-8.85111286e-02 9.62963963e-02 0.0
-9.41739878e-02 9.19843153e-02 0.0
-9.95188115e-02 8.73778848e-02 0.0
-1.04544389e-01 8.25251708e-02 0.0
-1.09252054e-01 7.74627099e-02 0.0
-1.13644497e-01 7.22181800e-02 0.0
-1.17725076e-01 6.68125559e-02 0.0
-1.21497216e-01 6.12617079e-02 0.0
-1.24964090e-01 5.55776262e-02 0.0
-1.28128279e-01 4.97692730e-02 0.0
-1.30991583e-01 4.38432504e-02 0.0
-1.33554771e-01 3.78042610e-02 0.0
-1.35817420e-01 3.16555220e-02 0.0
-1.37777695e-01 2.53990784e-02 0.0
-1.39432191e-01 1.90361487e-02 0.0
-1.40775729e-01 1.25674298e-02 0.0
-1.41801215e-01 5.99347808e-03 0.0
-1.42499473e-01 -6.84912116e-04 0.0
-1.42859141e-01 -7.46622566e-03 0.0
-1.42866597e-01 -1.43477157e-02 0.0
-1.42505943e-01 -2.13247635e-02 0.0
-1.41759081e-01 -2.83901819e-02 0.0
-1.40605875e-01 -3.55333681e-02 0.0
-1.39024487e-01 -4.27393777e-02 0.0
-1.36991815e-01 -4.99878409e-02 0.0
-1.34484219e-01 -5.72517984e-02 0.0
-1.31478375e-01 -6.44964051e-02 0.0
-1.27952501e-01 -7.16775980e-02 0.0
-1.23887743e-01 -7.87407132e-02 0.0
-1.19269965e-01 -8.56191766e-02 0.0
-1.14091679e-01 -9.22332953e-02 0.0
-1.08354342e-01 -9.84892933e-02 0.0
-1.02070655e-01 -1.04278644e-01 0.0
-9.52670990e-02 -1.09477835e-01 0.0
-8.79862286e-02 -1.13948586e-01 0.0
-8.02889510e-02 -1.17538609e-01 0.0
-7.22562337e-02 -1.20082823e-01 0.0
-6.39904838e-02 -1.21404991e-01 0.0
-5.56159762e-02 -1.21319543e-01 0.0
-4.72785396e-02 -1.19633314e-01 0.0
-3.91436313e-02 -1.16146669e-01 0.0
-3.13924415e-02 -1.10653096e-01 0.0
-2.42136596e-02 -1.02935237e-01 0.0
-1.77875115e-02 -9.27524330e-02 0.0
-1.22550985e-02 -7.98069942e-02 0.0
-7.67112579e-03 -6.36549926e-02 0.0
-3.98437096e-03 -4.34748021e-02 0.0
-1.17641078e-03 -1.75303356e-02 0.0
-2.27385178e-04 1.46949805e-02 0.0
-7.93379539e-04 3.67196431e-02 0.0
-2.08321965e-03 5.54549899e-02 0.0
-4.74293396e-03 7.16045526e-02 0.0
-8.85767756e-03 8.52181273e-02 0.0
-1.42369605e-02 9.62942189e-02 0.0
-2.06033651e-02 1.04902499e-01 0.0
-2.76724464e-02 1.11193628e-01 0.0
-3.51852547e-02 1.15380881e-01 0.0
-4.29216260e-02 1.17715108e-01 0.0
-5.07039241e-02 1.18460788e-01 0.0
-5.83957566e-02 1.17876117e-01 0.0
-6.58973995e-02 1.16198865e-01 0.0
-7.31398834e-02 1.13637697e-01 0.0
-8.00784497e-02 1.10368703e-01 0.0
-8.66865813e-02 1.06535491e-01 0.0
-9.29506718e-02 1.02252086e-01 0.0
-9.88659175e-02 9.76069006e-02 0.0
-1.04433050e-01 9.26674336e-02 0.0
-1.09656144e-01 8.74844791e-02 0.0
-1.14540979e-01 8.20960937e-02 0.0
-1.19094088e-01 7.65305468e-02 0.0
-1.23322023e-01 7.08089081e-02 0.0
-1.27230996e-01 6.49466779e-02 0.0
-1.30826521e-01 5.89552710e-02 0.0
-1.34113253e-01 5.28427690e-02 0.0
-1.37094742e-01 4.66147715e-02 0.0
-1.39773291e-01 4.02747041e-02 0.0
-1.42149727e-01 3.38243949e-02 0.0
-1.44223235e-01 2.72642212e-02 0.0
-1.45991117e-01 2.05936195e-02 0.0
-1.47448610e-01 1.38112281e-02 0.0
-1.48588652e-01 6.91544529e-03 0.0
-1.49401695e-01 -9.53396838e-05 0.0
-1.49875521e-01 -7.22206562e-03 0.0
-1.49995096e-01 -1.44646066e-02 0.0
-1.49742485e-01 -2.18209010e-02 0.0
-1.49096831e-01 -2.92863255e-02 0.0
-1.48034462e-01 -3.68525669e-02 0.0
-1.46529102e-01 -4.45066981e-02 0.0
-1.44552321e-01 -5.22297467e-02 0.0
-1.42074139e-01 -5.99954487e-02 0.0
-1.39063987e-01 -6.77685334e-02 0.0
-1.35491889e-01 -7.55032293e-02 0.0
-1.31330107e-01 -8.31414160e-02 0.0
-1.26555041e-01 -9.06111180e-02 0.0
-1.21149633e-01 -9.78248540e-02 0.0
-1.15105986e-01 -1.04678533e-01 0.0
-1.08428418e-01 -1.11050482e-01 0.0
-1.01136543e-01 -1.16801258e-01 0.0
-9.32685898e-02 -1.21773826e-01 0.0
-8.48844313e-02 -1.25794653e-01 0.0
-7.60685504e-02 -1.28675234e-01 0.0
-6.69323799e-02 -1.30214368e-01 0.0
-5.76163333e-02 -1.30200599e-01 0.0
-4.82910443e-02 -1.28414873e-01 0.0
-3.91582954e-02 -1.24632667e-01 0.0
-3.04511361e-02 -1.18625358e-01 0.0
-2.24331323e-02 -1.10159683e-01 0.0
-1.53935435e-02 -9.89936571e-02 0.0
-9.62896511e-03 -8.48627067e-02 0.0
-5.37990748e-03 -6.74322677e-02 0.0
-2.65257491e-03 -4.61115838e-02 0.0
-8.23665102e-04 -1.92614936e-02 0.0
1.60090247e-03 6.84235008e-03 0.0
3.50298040e-03 1.97156935e-02 0.0
2.78415384e-03 3.13180998e-02 0.0
-3.27753274e-04 4.13989166e-02 0.0
-5.33391993e-03 4.98449187e-02 0.0
-1.17630068e-02 5.66413952e-02 0.0
-1.92012167e-02 6.18489691e-02 0.0
-2.72938070e-02 6.55847536e-02 0.0
-3.57456451e-02 6.80038212e-02 0.0
-4.43201397e-02 6.92812650e-02 0.0
-5.28358798e-02 6.95963171e-02 0.0
-6.11605039e-02 6.91198480e-02 0.0
-6.92031156e-02 6.80057933e-02 0.0
-7.69057795e-02 6.63864714e-02 0.0
-8.42355297e-02 6.43711455e-02 0.0
-9.11770824e-02 6.20470238e-02 0.0
-9.77270800e-02 5.94817247e-02 0.0
-1.03889496e-01 5.67264708e-02 0.0
-1.09672529e-01 5.38193513e-02 0.0
-1.15086336e-01 5.07883306e-02 0.0
-1.20141765e-01 4.76537500e-02 0.0
-1.24849446e-01 4.44303253e-02 0.0
-1.29219408e-01 4.11286188e-02 0.0
-1.33260741e-01 3.77561191e-02 0.0
-1.36981501e-01 3.43179702e-02 0.0
-1.40388501e-01 3.08174894e-02 0.0
-1.43487244e-01 2.72565023e-02 0.0
-1.46281698e-01 2.36355975e-02 0.0
-1.48774165e-01 1.99543054e-02 0.0
-1.50965019e-01 1.62112663e-02 0.0
-1.52852507e-01 1.24043810e-02 0.0
-1.54432467e-01 8.53098329e-03 0.0
-1.55698088e-01 4.58803100e-03 0.0
-1.56639621e-01 5.72336009e-04 0.0
-1.57244139e-01 -3.51915648e-03 0.0
-1.57495294e-01 -7.68903214e-03 0.0
-1.57373120e-01 -1.19389898e-02 0.0
-1.56853921e-01 -1.62693448e-02 0.0
-1.55910220e-01 -2.06784151e-02 0.0
-1.54510905e-01 -2.51618058e-02 0.0
-1.52621495e-01 -2.97115473e-02 0.0
-1.50204740e-01 -3.43151242e-02 0.0
-1.47221434e-01 -3.89543565e-02 0.0
-1.43631719e-01 -4.36042048e-02 0.0
-1.39396699e-01 -4.82314832e-02 0.0
-1.34480685e-01 -5.27935981e-02 0.0
-1.28853781e-01 -5.72373309e-02 0.0
-1.22495153e-01 -6.14978258e-02 0.0
-1.15396542e-01 -6.54978262e-02 0.0
-1.07566328e-01 -6.91473342e-02 0.0
-9.90335607e-02 -7.23437181e-02 0.0
-8.98522109e-02 -7.49723936e-02 0.0
-8.01049627e-02 -7.69080098e-02 0.0
-6.99068306e-02 -7.80161315e-02 0.0
-5.94079770e-02 -7.81551793e-02 0.0
-4.87962634e-02 -7.71784154e-02 0.0
-3.82992802e-02 -7.49355247e-02 0.0
-2.81871143e-02 -7.12733436e-02 0.0
-1.87767603e-02 -6.60350255e-02 0.0
-1.04416990e-02 -5.90568289e-02 0.0
-3.63168064e-03 -5.01613358e-02 0.0
1.08872758e-03 -3.91454995e-02 0.0
2.99855920e-03 -2.57596491e-02 0.0
1.57492053e-03 -9.66462812e-03 0.0
-4.13203740e-04 -8.23419836e-04 0.0
-1.46051154e-03 3.01347844e-03 0.0
-3.35726720e-03 7.50989672e-03 0.0
-6.61845214e-03 1.15167874e-02 0.0
-1.12777816e-02 1.47794638e-02 0.0
-1.71283162e-02 1.72803705e-02 0.0
-2.38944729e-02 1.90761682e-02 0.0
-3.13030505e-02 2.02520825e-02 0.0
-3.91098418e-02 2.09043872e-02 0.0
-4.71089656e-02 2.11305497e-02 0.0
-5.51343324e-02 2.10222766e-02 0.0
-6.30574787e-02 2.06609987e-02 0.0
-7.07831165e-02 2.01152384e-02 0.0
-7.82439236e-02 1.94400138e-02 0.0
-8.53949229e-02 1.86774186e-02 0.0
-9.22083972e-02 1.78583595e-02 0.0
-9.86692637e-02 1.70044621e-02 0.0
-1.04771447e-01 1.61303063e-02 0.0
-1.10514883e-01 1.52451633e-02 0.0
-1.15903432e-01 1.43547052e-02 0.0
-1.20943235e-01 1.34620226e-02 0.0
-1.25641688e-01 1.25686306e-02 0.0
-1.30006609e-01 1.16748489e-02 0.0
-1.34045762e-01 1.07803197e-02 0.0
-1.37766402e-01 9.88401513e-03 0.0
-1.41175011e-01 8.98451573e-03 0.0
-1.44276979e-01 8.07985690e-03 0.0
-1.47076389e-01 7.16772476e-03 0.0
-1.49575724e-01 6.24525424e-03 0.0
-1.51775643e-01 5.30921331e-03 0.0
-1.53674683e-01 4.35580086e-03 0.0
-1.55269013e-01 3.38084643e-03 0.0
-1.56552131e-01 2.37963100e-03 0.0
-1.57514608e-01 1.34711884e-03 0.0
-1.58143811e-01 2.77824484e-04 0.0
-1.58423661e-01 -8.33898431e-04 0.0
-1.58334445e-01 -1.99390763e-03 0.0
-1.57852669e-01 -3.20788516e-03 0.0
-1.56951050e-01 -4.48125179e-03 0.0
-1.55598603e-01 -5.81862560e-03 0.0
-1.53760985e-01 -7.22353762e-03 0.0
-1.51401023e-01 -8.69768071e-03 0.0
-1.48479642e-01 -1.02403813e-02 0.0
-1.44957094e-01 -1.18476223e-02 0.0
-1.40794748e-01 -1.35112923e-02 0.0
-1.35957267e-01 -1.52180634e-02 0.0
-1.30415459e-01 -1.69485649e-02 0.0
-1.24149516e-01 -1.86763439e-02 0.0
-1.17152897e-01 -2.03672678e-02 0.0
-1.09436430e-01 -2.19789345e-02 0.0
-1.01032821e-01 -2.34606985e-02 0.0
-9.20009881e-02 -2.47539039e-02 0.0
-8.24303667e-02 -2.57928098e-02 0.0
-7.24445226e-02 -2.65057393e-02 0.0
-6.22042555e-02 -2.68167140e-02 0.0
-5.19095804e-02 -2.66469546e-02 0.0
-4.18009158e-02 -2.59162251e-02 0.0
-3.21588102e-02 -2.45432469e-02 0.0
-2.33019010e-02 -2.24450782e-02 0.0
-1.55794452e-02 -1.95355359e-02 0.0
-9.34786876e-03 -1.57271068e-02 0.0
-4.89679510e-03 -1.09582190e-02 0.0
-2.24520490e-03 -5.34809187e-03 0.0
-6.72722925e-04 6.23507399e-05 0.0
-7.92084093e-04 3.98307147e-04 0.0
-2.90097743e-03 4.96440232e-03 0.0
-5.96933644e-03 1.05241144e-02 0.0
-9.95852231e-03 1.57529779e-02 0.0
-1.49108284e-02 2.01549570e-02 0.0
-2.07522423e-02 2.35968841e-02 0.0
-2.73273668e-02 2.61010047e-02 0.0
-3.44499325e-02 2.77584683e-02 0.0
-4.19349570e-02 2.86899064e-02 0.0
-4.96150661e-02 2.90243626e-02 0.0
-5.73476459e-02 2.88865191e-02 0.0
-6.50164770e-02 2.83888518e-02 0.0
-7.25306747e-02 2.76273483e-02 0.0
-7.98218683e-02 2.66800411e-02 0.0
-8.68409070e-02 2.56075749e-02 0.0
-9.35542148e-02 2.44551392e-02 0.0
-9.99405479e-02 2.32550443e-02 0.0
-1.05987949e-01 2.20294787e-02 0.0
-1.11691367e-01 2.07930221e-02 0.0
-1.17050573e-01 1.95547865e-02 0.0
-1.22068687e-01 1.83200490e-02 0.0
-1.26750899e-01 1.70914681e-02 0.0
-1.31103643e-01 1.58698801e-02 0.0
-1.35133829e-01 1.46548369e-02 0.0
-1.38848370e-01 1.34448922e-02 0.0
-1.42253685e-01 1.22377827e-02 0.0
-1.45355388e-01 1.10304834e-02 0.0
-1.48157901e-01 9.81924902e-03 0.0
-1.50664199e-01 8.59959282e-03 0.0
-1.52875466e-01 7.36629345e-03 0.0
-1.54790837e-01 6.11336664e-03 0.0
-1.56407073e-01 4.83408254e-03 0.0
-1.57718287e-01 3.52096436e-03 0.0
-1.58715632e-01 2.16584648e-03 0.0
-1.59387030e-01 7.59934595e-04 0.0
-1.59716898e-01 -7.06052843e-04 0.0
-1.59685923e-01 -2.24170806e-03 0.0
-1.59270909e-01 -3.85664105e-03 0.0
-1.58444688e-01 -5.56010438e-03 0.0
-1.57176224e-01 -7.36045544e-03 0.0
-1.55430841e-01 -9.26448319e-03 0.0
-1.53170787e-01 -1.12765304e-02 0.0
-1.50356038e-01 -1.33974449e-02 0.0
-1.46945610e-01 -1.56233227e-02 0.0
-1.42899238e-01 -1.79441048e-02 0.0
-1.38179722e-01 -2.03420475e-02 0.0
-1.32755736e-01 -2.27901820e-02 0.0
-1.26605368e-01 -2.52508530e-02 0.0
-1.19720059e-01 -2.76745094e-02 0.0
-1.12109158e-01 -2.99988906e-02 0.0
-1.03804556e-01 -3.21487928e-02 0.0
-9.48655106e-02 -3.40365369e-02 0.0
-8.53829361e-02 -3.55632306e-02 0.0
-7.54831653e-02 -3.66208012e-02 0.0
-6.53302796e-02 -3.70946830e-02 0.0
-5.51269073e-02 -3.68669214e-02 0.0
-4.51122787e-02 -3.58194512e-02 0.0
-3.55567802e-02 -3.38375356e-02 0.0
-2.67500902e-02 -3.08143109e-02 0.0
-1.89784966e-02 -2.66602861e-02 0.0
-1.24822314e-02 -2.13301438e-02 0.0
-7.38568630e-03 -1.49027581e-02 0.0
-3.63284641e-03 -7.80795249e-03 0.0
-1.03636624e-03 -1.37901593e-03 0.0
-8.04516964e-04 2.01058910e-03 0.0
-3.22389752e-03 7.89608603e-03 0.0
-6.95107880e-03 1.43879974e-02 0.0
-1.15876561e-02 2.05148953e-02 0.0
-1.70061477e-02 2.57638849e-02 0.0
-2.31132521e-02 2.99365328e-02 0.0
-2.97920712e-02 3.30153679e-02 0.0
-3.69056681e-02 3.50803463e-02 0.0
-4.43121902e-02 3.62596633e-02 0.0
-5.18774053e-02 3.67000284e-02 0.0
-5.94819719e-02 3.65481077e-02 0.0
-6.70248897e-02 3.59391299e-02 0.0
-7.44240235e-02 3.49905285e-02 0.0
-8.16151977e-02 3.37993646e-02 0.0
-8.85501732e-02 3.24424102e-02 0.0
-9.51944239e-02 3.09780155e-02 0.0
-1.01524635e-01 2.94488730e-02 0.0
-1.07526522e-01 2.78851078e-02 0.0
-1.13192710e-01 2.63071753e-02 0.0
-1.18521077e-01 2.47283896e-02 0.0
-1.23513224e-01 2.31568978e-02 0.0
-1.28173387e-01 2.15971909e-02 0.0
-1.32507407e-01 2.00511243e-02 0.0
-1.36522054e-01 1.85186336e-02 0.0
-1.40224344e-01 1.69981392e-02 0.0
-1.43621096e-01 1.54868208e-02 0.0
-1.46718447e-01 1.39807210e-02 0.0
-1.49521527e-01 1.24748300e-02 0.0
-1.52034063e-01 1.09630750e-02 0.0
-1.54258098e-01 9.43834492e-03 0.0
-1.56193634e-01 7.89245559e-03 0.0
-1.57838346e-01 6.31617565e-03 0.0
-1.59187239e-01 4.69921410e-03 0.0
-1.60232351e-01 3.03029170e-03 0.0
-1.60962428e-01 1.29719992e-03 0.0
-1.61362620e-01 -5.13022582e-04 0.0
-1.61414215e-01 -2.41388292e-03 0.0
-1.61094406e-01 -4.41905729e-03 0.0
-1.60376164e-01 -6.54192030e-03 0.0
-1.59228204e-01 -8.79483574e-03 0.0
-1.57615187e-01 -1.11882789e-02 0.0
-1.55498103e-01 -1.37296541e-02 0.0
-1.52835067e-01 -1.64218896e-02 0.0
-1.49582454e-01 -1.92617090e-02 0.0
-1.45696633e-01 -2.22377072e-02 0.0
-1.41136195e-01 -2.53282002e-02 0.0
-1.35864961e-01 -2.84990576e-02 0.0
-1.29855532e-01 -3.17015910e-02 0.0
-1.23093641e-01 -3.48707942e-02 0.0
-1.15582879e-01 -3.79241002e-02 0.0
-1.07349914e-01 -4.07609900e-02 0.0
-9.84495319e-02 -4.32636173e-02 0.0
-8.89694179e-02 -4.52986973e-02 0.0
-7.90337180e-02 -4.67206737e-02 0.0
-6.88050968e-02 -4.73761961e-02 0.0
-5.84840126e-02 -4.71097542e-02 0.0
-4.83046281e-02 -4.57705315e-02 0.0
-3.85255302e-02 -4.32209629e-02 0.0
-2.94140150e-02 -3.93490111e-02 0.0
-2.12218028e-02 -3.40893259e-02 0.0
-1.41541154e-02 -2.74650025e-02 0.0
-8.34669662e-03 -1.96718211e-02 0.0
-3.90766925e-03 -1.12307263e-02 0.0
-1.02249873e-03 -3.16914761e-03 0.0
-7.55874643e-04 3.58582608e-03 0.0
-3.22873440e-03 1.12279450e-02 0.0
-7.27110383e-03 1.88257157e-02 0.0
-1.23556780e-02 2.57983653e-02 0.0
-1.82119500e-02 3.17552258e-02 0.0
-2.46734236e-02 3.65138275e-02 0.0
-3.16050624e-02 4.00485990e-02 0.0
-3.88793819e-02 4.24351095e-02 0.0
-4.63739140e-02 4.38060424e-02 0.0
-5.39745803e-02 4.43196283e-02 0.0
-6.15795091e-02 4.41381106e-02 0.0
-6.91011732e-02 4.34138255e-02 0.0
-7.64672167e-02 4.22811362e-02 0.0
-8.36199016e-02 4.08527507e-02 0.0
-9.05150108e-02 3.92192523e-02 0.0
-9.71201307e-02 3.74506956e-02 0.0
-1.03412967e-01 3.55993997e-02 0.0
-1.09379472e-01 3.37031412e-02 0.0
-1.15012274e-01 3.17883074e-02 0.0
-1.20309101e-01 2.98726327e-02 0.0
-1.25271570e-01 2.79674601e-02 0.0
-1.29904013e-01 2.60794296e-02 0.0
-1.34212640e-01 2.42117344e-02 0.0
-1.38204706e-01 2.23649424e-02 0.0
-1.41887943e-01 2.05375686e-02 0.0
-1.45269971e-01 1.87263876e-02 0.0
-1.48357897e-01 1.69266517e-02 0.0
-1.51157860e-01 1.51321656e-02 0.0
-1.53674713e-01 1.33353551e-02 0.0
-1.55911635e-01 1.15272522e-02 0.0
-1.57869838e-01 9.69751901e-03 0.0
-1.59548200e-01 7.83441790e-03 0.0
-1.60942951e-01 5.92484983e-03 0.0
-1.62047314e-01 3.95436669e-03 0.0
-1.62851165e-01 1.90728646e-03 0.0
-1.63340674e-01 -2.33174692e-04 0.0
-1.63497964e-01 -2.48461187e-03 0.0
-1.63300816e-01 -4.86505549e-03 0.0
-1.62722397e-01 -7.39235458e-03 0.0
-1.61731152e-01 -1.00833803e-02 0.0
-1.60290792e-01 -1.29528892e-02 0.0
-1.58360594e-01 -1.60121086e-02 0.0
-1.55895947e-01 -1.92669033e-02 0.0
-1.52849427e-01 -2.27156205e-02 0.0
-1.49172305e-01 -2.63465355e-02 0.0
-1.44816839e-01 -3.01350794e-02 0.0
-1.39739172e-01 -3.40408903e-02 0.0
-1.33903179e-01 -3.80049971e-02 0.0
-1.27284956e-01 -4.19473268e-02 0.0
-1.19878147e-01 -4.57649716e-02 0.0
-1.11699563e-01 -4.93315090e-02 0.0
-1.02795055e-01 -5.24978382e-02 0.0
-9.32447286e-02 -5.50947772e-02 0.0
-8.31671685e-02 -5.69377234e-02 0.0
-7.27214079e-02 -5.78334080e-02 0.0
-6.21060911e-02 -5.75888333e-02 0.0
-5.15543807e-02 -5.60224484e-02 0.0
-4.13242293e-02 -5.29782071e-02 0.0
-3.16833048e-02 -4.83441300e-02 0.0
-2.28907515e-02 -4.20789069e-02 0.0
-1.51819963e-02 -3.42518106e-02 0.0
-8.77484994e-03 -2.50995359e-02 0.0
-3.93066772e-03 -1.50861912e-02 0.0
-9.68931126e-04 -4.89078711e-03 0.0
-7.13475760e-04 5.06911040e-03 0.0
-3.17318454e-03 1.46911740e-02 0.0
-7.36792802e-03 2.35996256e-02 0.0
-1.27532088e-02 3.14943471e-02 0.0
-1.89757922e-02 3.81381459e-02 0.0
-2.57985184e-02 4.34151644e-02 0.0
-3.30460082e-02 4.73264577e-02 0.0
-4.05754049e-02 4.99610444e-02 0.0
-4.82637422e-02 5.14630637e-02 0.0
-5.60038743e-02 5.20035022e-02 0.0
-6.37033438e-02 5.17587410e-02 0.0
-7.12842056e-02 5.08958365e-02 0.0
-7.86824546e-02 4.95635420e-02 0.0
-8.58472746e-02 4.78879834e-02 0.0
-9.27397391e-02 4.59717351e-02 0.0
-9.93314988e-02 4.38952429e-02 0.0
-1.05603184e-01 4.17195320e-02 0.0
-1.11543007e-01 3.94895029e-02 0.0
-1.17145259e-01 3.72371725e-02 0.0
-1.22409105e-01 3.49846212e-02 0.0
-1.27337362e-01 3.27463834e-02 0.0
-1.31935573e-01 3.05313544e-02 0.0
-1.36211086e-01 2.83441488e-02 0.0
-1.40172392e-01 2.61861042e-02 0.0
-1.43828446e-01 2.40559068e-02 0.0
-1.47188197e-01 2.19500426e-02 0.0
-1.50260078e-01 1.98630215e-02 0.0
-1.53051650e-01 1.77875528e-02 0.0
-1.55569190e-01 1.57145840e-02 0.0
-1.57817377e-01 1.36333598e-02 0.0
-1.59798922e-01 1.15313894e-02 0.0
-1.61514256e-01 9.39447311e-03 0.0
-1.62961147e-01 7.20666834e-03 0.0
-1.64134354e-01 4.95035015e-03 0.0
-1.65025219e-01 2.60625133e-03 0.0
-1.65621269e-01 1.53650697e-04 0.0
-1.65905793e-01 -2.42939223e-03 0.0
-1.65857420e-01 -5.16556889e-03 0.0
-1.65449751e-01 -8.07770260e-03 0.0
-1.64651030e-01 -1.11877755e-02 0.0
-1.63423993e-01 -1.45156712e-02 0.0
-1.61725871e-01 -1.80774307e-02 0.0
-1.59508782e-01 -2.18831054e-02 0.0
-1.56720467e-01 -2.59340471e-02 0.0
-1.53305710e-01 -3.02197865e-02 0.0
-1.49208356e-01 -3.47144540e-02 0.0
-1.44374320e-01 -3.93730316e-02 0.0
-1.38755408e-01 -4.41275792e-02 0.0
-1.32314285e-01 -4.88839175e-02 0.0
-1.25030191e-01 -5.35191188e-02 0.0
-1.16905530e-01 -5.78804506e-02 0.0
-1.07972557e-01 -6.17862294e-02 0.0
-9.82999265e-02 -6.50292039e-02 0.0
-8.79978712e-02 -6.73827832e-02 0.0
-7.72214285e-02 -6.86104324e-02 0.0
-6.61702395e-02 -6.84782063e-02 0.0
-5.50844658e-02 -6.67704612e-02 0.0
-4.42359761e-02 -6.33087484e-02 0.0
-3.39160512e-02 -5.79743620e-02 0.0
-2.44221416e-02 -5.07350733e-02 0.0
-1.60510765e-02 -4.16754111e-02 0.0
-9.11008695e-03 -3.10240299e-02 0.0
-3.95900902e-03 -1.91569274e-02 0.0
-9.40533409e-04 -6.52929667e-03 0.0
-6.88514270e-04 6.48403955e-03 0.0
-3.13706603e-03 1.81974544e-02 0.0
-7.43000723e-03 2.85810559e-02 0.0
-1.30415414e-02 3.75097677e-02 0.0
-1.95777390e-02 4.48815527e-02 0.0
-2.67482965e-02 5.06650973e-02 0.0
-3.43355359e-02 5.49113206e-02 0.0
-4.21702895e-02 5.77404077e-02 0.0
-5.01170651e-02 5.93188995e-02 0.0
-5.80654339e-02 5.98362625e-02 0.0
-6.59253039e-02 5.94854251e-02 0.0
-7.36237862e-02 5.84486103e-02 0.0
-8.11030839e-02 5.68884379e-02 0.0
-8.83185094e-02 5.49434644e-02 0.0
-9.52368628e-02 5.27272123e-02 0.0
-1.01834712e-01 5.03295226e-02 0.0
-1.08096962e-01 4.78193439e-02 0.0
-1.14015347e-01 4.52480627e-02 0.0
-1.19587225e-01 4.26529140e-02 0.0
-1.24814330e-01 4.00600087e-02 0.0
-1.29701815e-01 3.74869220e-02 0.0
-1.34257276e-01 3.49446779e-02 0.0
-1.38490036e-01 3.24392943e-02 0.0
-1.42410404e-01 2.99728347e-02 0.0
-1.46029160e-01 2.75441923e-02 0.0
-1.49356990e-01 2.51495498e-02 0.0
-1.52404110e-01 2.27827300e-02 0.0
-1.55179819e-01 2.04353439e-02 0.0
-1.57692190e-01 1.80969257e-02 0.0
-1.59947695e-01 1.57549334e-02 0.0
-1.61950896e-01 1.33947888e-02 0.0
-1.63704081e-01 1.09998195e-02 0.0
-1.65206919e-01 8.55128009e-03 0.0
-1.66456055e-01 6.02831020e-03 0.0
-1.67444690e-01 3.40802049e-03 0.0
-1.68162106e-01 6.65575756e-04 0.0
-1.68593157e-01 -2.22551520e-03 0.0
-1.68717740e-01 -5.29301013e-03 0.0
-1.68510236e-01 -8.56521095e-03 0.0
-1.67939015e-01 -1.20699897e-02 0.0
-1.66965980e-01 -1.58333123e-02 0.0
-1.65546349e-01 -1.98773291e-02 0.0
-1.63628639e-01 -2.42177977e-02 0.0
-1.61155164e-01 -2.88609406e-02 0.0
-1.58063030e-01 -3.37995864e-02 0.0
-1.54286026e-01 -3.90088193e-02 0.0
-1.49757374e-01 -4.44411697e-02 0.0
-1.44413753e-01 -5.00217949e-02 0.0
-1.38200440e-01 -5.56439669e-02 0.0
-1.31077847e-01 -6.11655940e-02 0.0
-1.23028955e-01 -6.64073735e-02 0.0
-1.14067607e-01 -7.11534818e-02 0.0
-1.04246592e-01 -7.51554599e-02 0.0
-9.36650084e-02 -7.81400386e-02 0.0
-8.24733325e-02 -7.98211784e-02 0.0
-7.08754327e-02 -7.99164416e-02 0.0
-5.91261096e-02 -7.81672260e-02 0.0
-4.75243048e-02 -7.43621919e-02 0.0
-3.64024261e-02 -6.83626471e-02 0.0
-2.61151044e-02 -6.01279554e-02 0.0
-1.70319800e-02 -4.97366663e-02 0.0
-9.54131476e-03 -3.73943884e-02 0.0
-4.06627195e-03 -2.34126606e-02 0.0
-9.44234353e-04 -8.14180370e-03 0.0
-6.80280024e-04 7.86468255e-03 0.0
-3.14322726e-03 2.17401697e-02 0.0
-7.53641956e-03 3.37244991e-02 0.0
-1.33551908e-02 4.37966655e-02 0.0
-2.01848296e-02 5.19605365e-02 0.0
-2.76971268e-02 5.82690237e-02 0.0
-3.56369032e-02 6.28344751e-02 0.0
-4.38063355e-02 6.58215142e-02 0.0
-5.20515613e-02 6.74298787e-02 0.0
-6.02528383e-02 6.78750232e-02 0.0
-6.83172156e-02 6.73710146e-02 0.0
-7.61733399e-02 6.61177399e-02 0.0
-8.37673307e-02 6.42927176e-02 0.0
-9.10597210e-02 6.20471303e-02 0.0
-9.80227965e-02 5.95051132e-02 0.0
-1.04638572e-01 5.67653929e-02 0.0
-1.10896917e-01 5.39042209e-02 0.0
-1.16794123e-01 5.09789388e-02 0.0
-1.22331528e-01 4.80314896e-02 0.0
-1.27514472e-01 4.50916567e-02 0.0
-1.32351254e-01 4.21797231e-02 0.0
-1.36852378e-01 3.93086487e-02 0.0
-1.41029758e-01 3.64856562e-02 0.0
-1.44896172e-01 3.37134537e-02 0.0
-1.48464666e-01 3.09910261e-02 0.0
-1.51748152e-01 2.83142412e-02 0.0
-1.54758956e-01 2.56761731e-02 0.0
-1.57508500e-01 2.30673692e-02 0.0
-1.60006937e-01 2.04759268e-02 0.0
-1.62262864e-01 1.78875853e-02 0.0
-1.64282981e-01 1.52856766e-02 0.0
-1.66071775e-01 1.26511353e-02 0.0
-1.67631149e-01 9.96240119e-03 0.0
-1.68960022e-01 7.19542405e-03 0.0
-1.70053866e-01 4.32361006e-03 0.0
-1.70904176e-01 1.31793751e-03 0.0
-1.71497883e-01 -1.85289618e-03 0.0
-1.71816665e-01 -5.22204113e-03 0.0
-1.71836249e-01 -8.82387985e-03 0.0
-1.71525632e-01 -1.26929430e-02 0.0
-1.70846385e-01 -1.68624275e-02 0.0
-1.69752006e-01 -2.13620136e-02 0.0
-1.68187577e-01 -2.62150474e-02 0.0
-1.66089718e-01 -3.14348240e-02 0.0
-1.63387249e-01 -3.70201116e-02 0.0
-1.60002561e-01 -4.29497962e-02 0.0
-1.55854230e-01 -4.91769933e-02 0.0
-1.50860846e-01 -5.56228002e-02 0.0
-1.44946570e-01 -6.21703823e-02 0.0
-1.38048204e-01 -6.86599783e-02 0.0
-1.30124026e-01 -7.48859054e-02 0.0
-1.21163692e-01 -8.05964886e-02 0.0
-1.11198888e-01 -8.54981374e-02 0.0
-1.00313319e-01 -8.92643879e-02 0.0
-8.86510902e-02 -9.15506183e-02 0.0
-7.64215504e-02 -9.20143360e-02 0.0
-6.38997252e-02 -9.03403843e-02 0.0
-5.14211529e-02 -8.62693264e-02 0.0
-3.93720247e-02 -7.96264453e-02 0.0
-2.81761258e-02 -7.03473152e-02 0.0
-1.82824609e-02 -5.84940439e-02 0.0
-1.01564595e-02 -4.42536373e-02 0.0
-4.27499956e-03 -2.79098853e-02 0.0
-9.77783549e-04 -9.79009441e-03 0.0
-6.86667873e-04 9.24228493e-03 0.0
-3.19710325e-03 2.53466139e-02 0.0
-7.72071026e-03 3.90348795e-02 0.0
-1.37637069e-02 5.03480876e-02 0.0
-2.08960833e-02 5.93711747e-02 0.0
-2.87599524e-02 6.62346058e-02 0.0
-3.70678601e-02 7.11166415e-02 0.0
-4.55942077e-02 7.42352010e-02 0.0
-5.41650964e-02 7.58323898e-02 0.0
-6.26484378e-02 7.61572225e-02 0.0
-7.09456003e-02 7.54504567e-02 0.0
-7.89843219e-02 7.39332536e-02 0.0
-8.67131832e-02 7.18001750e-02 0.0
-9.40970302e-02 6.92160370e-02 0.0
-1.01113536e-01 6.63159234e-02 0.0
-1.07750322e-01 6.32072882e-02 0.0
-1.14002857e-01 5.99733550e-02 0.0
-1.19872618e-01 5.66769311e-02 0.0
-1.25365783e-01 5.33642327e-02 0.0
-1.30492001e-01 5.00682473e-02 0.0
-1.35263533e-01 4.68116251e-02 0.0
-1.39694388e-01 4.36089092e-02 0.0
-1.43799734e-01 4.04683115e-02 0.0
-1.47595271e-01 3.73929444e-02 0.0
-1.51096818e-01 3.43817755e-02 0.0
-1.54319843e-01 3.14302078e-02 0.0
-1.57279168e-01 2.85305424e-02 0.0
-1.59988599e-01 2.56721866e-02 0.0
-1.62460683e-01 2.28418445e-02 0.0
-1.64706389e-01 2.00235179e-02 0.0
-1.66734853e-01 1.71985433e-02 0.0
-1.68553047e-01 1.43454770e-02 0.0
-1.70165447e-01 1.14400546e-02 0.0
-1.71573619e-01 8.45503723e-03 0.0
-1.72775743e-01 5.36018506e-03 0.0
-1.73766035e-01 2.12218666e-03 0.0
-1.74534068e-01 -1.29518705e-03 0.0
-1.75063976e-01 -4.93084197e-03 0.0
-1.75333531e-01 -8.82572412e-03 0.0
-1.75313156e-01 -1.30218777e-02 0.0
-1.74964839e-01 -1.75608471e-02 0.0
-1.74241133e-01 -2.24814724e-02 0.0
-1.73084232e-01 -2.78167174e-02 0.0
-1.71425457e-01 -3.35895906e-02 0.0
-1.69185205e-01 -3.98078759e-02 0.0
-1.66273867e-01 -4.64578714e-02 0.0
-1.62593839e-01 -5.34970975e-02 0.0
-1.58043243e-01 -6.08465037e-02 0.0
-1.52521441e-01 -6.83825920e-02 0.0
-1.45936909e-01 -7.59305089e-02 0.0
-1.38217208e-01 -8.32591042e-02 0.0
-1.29321177e-01 -9.00795136e-02 0.0
-1.19252349e-01 -9.60486123e-02 0.0
-1.08072841e-01 -1.00778866e-01 0.0
-9.59157093e-02 -1.03855388e-01 0.0
-8.29942260e-02 -1.04860485e-01 0.0
-6.96056573e-02 -1.03404536e-01 0.0
-5.61284451e-02 -9.91608760e-02 0.0
-4.30118352e-02 -9.19005615e-02 0.0
-3.07593933e-02 -8.15214779e-02 0.0
-1.99083139e-02 -6.80645751e-02 0.0
-1.10077892e-02 -5.17095921e-02 0.0
-4.59681689e-03 -3.27463348e-02 0.0
-1.03989394e-03 -1.15324140e-02 0.0
-7.06064566e-04 1.06443629e-02 0.0
-3.29978342e-03 2.90580461e-02 0.0
-7.99851581e-03 4.45458108e-02 0.0
-1.43055688e-02 5.71872403e-02 0.0
-2.17725846e-02 6.71314576e-02 0.0
-3.00143298e-02 7.45799907e-02 0.0
-3.87138326e-02 7.97787296e-02 0.0
-4.76194169e-02 8.30051171e-02 0.0
-5.65371740e-02 8.45512005e-02 0.0
-6.53219881e-02 8.47066578e-02 0.0
-7.38683339e-02 8.37446286e-02 0.0
-8.21021365e-02 8.19117140e-02 0.0
-8.99736507e-02 7.94222062e-02 0.0
-9.74518258e-02 7.64561527e-02 0.0
-1.04519669e-01 7.31602890e-02 0.0
-1.11170818e-01 6.96509993e-02 0.0
-1.17406761e-01 6.60182687e-02 0.0
-1.23234869e-01 6.23300420e-02 0.0
-1.28666747e-01 5.86363262e-02 0.0
-1.33717101e-01 5.49728947e-02 0.0
-1.38402711e-01 5.13642932e-02 0.0
-1.42741741e-01 4.78263065e-02 0.0
-1.46753058e-01 4.43677632e-02 0.0
-1.50455792e-01 4.09919549e-02 0.0
-1.53868856e-01 3.76975707e-02 0.0
-1.57010655e-01 3.44794367e-02 0.0
-1.59898736e-01 3.13289229e-02 0.0
-1.62549579e-01 2.82342864e-02 0.0
-1.64978313e-01 2.51807722e-02 0.0
-1.67198527e-01 2.21507227e-02 0.0
-1.69222000e-01 1.91234894e-02 0.0
-1.71058453e-01 1.60753934e-02 0.0
-1.72715219e-01 1.29795208e-02 0.0
-1.74196864e-01 9.80560514e-03 0.0
-1.75504700e-01 6.51979282e-03 0.0
-1.76636179e-01 3.08456719e-03 0.0
-1.77584154e-01 -5.41345025e-04 0.0
-1.78335949e-01 -4.40276777e-03 0.0
-1.78872285e-01 -8.54769611e-03 0.0
-1.79165989e-01 -1.30263687e-02 0.0
-1.79180603e-01 -1.78898532e-02 0.0
-1.78868857e-01 -2.31877165e-02 0.0
-1.78171240e-01 -2.89647940e-02 0.0
-1.77014707e-01 -3.52566293e-02 0.0
-1.75311967e-01 -4.20836423e-02 0.0
-1.72961487e-01 -4.94437411e-02 0.0
-1.69848893e-01 -5.73036733e-02 0.0
-1.65850019e-01 -6.55892297e-02 0.0
-1.60836402e-01 -7.41751224e-02 0.0
-1.54683414e-01 -8.28753442e-02 0.0
-1.47281641e-01 -9.14355968e-02 0.0
-1.38551162e-01 -9.95293927e-02 0.0
-1.28458575e-01 -1.06760018e-01 0.0
-1.17035226e-01 -1.12670196e-01 0.0
-1.04395155e-01 -1.16761148e-01 0.0
-9.07497919e-02 -1.18521471e-01 0.0
-7.64168830e-02 -1.17464936e-01 0.0
-6.18204849e-02 -1.13174005e-01 0.0
-4.74806416e-02 -1.05343814e-01 0.0
-3.39921545e-02 -9.38190942e-02 0.0
-2.19948029e-02 -7.86153397e-02 0.0
-1.21380147e-02 -5.99161020e-02 0.0
-5.04402136e-03 -3.80447624e-02 0.0
-1.13130614e-03 -1.34264631e-02 0.0
-7.37796483e-04 1.20961405e-02 0.0
-3.45219917e-03 3.29223154e-02 0.0
-8.37970151e-03 5.03078003e-02 0.0
-1.50057150e-02 6.43583502e-02 0.0
-2.28561419e-02 7.52778334e-02 0.0
-3.15160198e-02 8.33352897e-02 0.0
-4.06392136e-02 8.88461888e-02 0.0
-4.99487988e-02 9.21528972e-02 0.0
-5.92317609e-02 9.36042194e-02 0.0
-6.83303311e-02 9.35371111e-02 0.0
-7.71324472e-02 9.22627344e-02 0.0
-8.55623067e-02 9.00573754e-02 0.0
-9.35721677e-02 8.71580339e-02 0.0
-1.01135324e-01 8.37617771e-02 0.0
-1.08240661e-01 8.00279748e-02 0.0
-1.14888296e-01 7.60822350e-02 0.0
-1.21086440e-01 7.20212647e-02 0.0
-1.26848922e-01 6.79177866e-02 0.0
-1.32193500e-01 6.38251962e-02 0.0
-1.37140478e-01 5.97815204e-02 0.0
-1.41711792e-01 5.58127619e-02 0.0
-1.45930200e-01 5.19354519e-02 0.0
-1.49818771e-01 4.81586878e-02 0.0
-1.53400373e-01 4.44855521e-02 0.0
-1.56697377e-01 4.09142330e-02 0.0
-1.59731324e-01 3.74387147e-02 0.0
-1.62522740e-01 3.40493414e-02 0.0
-1.65090904e-01 3.07330765e-02 0.0
-1.67453717e-01 2.74737335e-02 0.0
-1.69627499e-01 2.42519648e-02 0.0
-1.71626843e-01 2.10452733e-02 0.0
-1.73464381e-01 1.78278108e-02 0.0
-1.75150531e-01 1.45702313e-02 0.0
-1.76693141e-01 1.12393616e-02 0.0
-1.78097030e-01 7.79797170e-03 0.0
-1.79363378e-01 4.20442719e-03 0.0
-1.80488939e-01 4.12541157e-04 0.0
-1.81465042e-01 -3.62854748e-03 0.0
-1.82276324e-01 -7.97409222e-03 0.0
-1.82899237e-01 -1.26831521e-02 0.0
-1.83300249e-01 -1.78172434e-02 0.0
-1.83433885e-01 -2.34382394e-02 0.0
-1.83240587e-01 -2.96049934e-02 0.0
-1.82644717e-01 -3.63686444e-02 0.0
-1.81552797e-01 -4.37661040e-02 0.0
-1.79852597e-01 -5.18117818e-02 0.0
-1.77413356e-01 -6.04872964e-02 0.0
-1.74088039e-01 -6.97296322e-02 0.0
-1.69718099e-01 -7.94181189e-02 0.0
-1.64141768e-01 -8.93615164e-02 0.0
-1.57206196e-01 -9.92866266e-02 0.0
-1.48784082e-01 -1.08830820e-01 0.0
-1.38794188e-01 -1.17540947e-01 0.0
-1.27225045e-01 -1.24881643e-01 0.0
-1.14159366e-01 -1.30255343e-01 0.0
-9.97963542e-02 -1.33035552e-01 0.0
-8.44674039e-02 -1.32612625e-01 0.0
-6.86412631e-02 -1.28448775e-01 0.0
-5.29146018e-02 -1.20135480e-01 0.0
-3.79868235e-02 -1.07443635e-01 0.0
-2.46201054e-02 -9.03548208e-02 0.0
-1.35898785e-02 -6.90635979e-02 0.0
-5.63217736e-03 -4.39489342e-02 0.0
-1.25470148e-03 -1.55333799e-02 0.0
-7.81857056e-04 1.36221526e-02 0.0
-3.65663821e-03 3.69918557e-02 0.0
-8.87354243e-03 5.63826893e-02 0.0
-1.58847574e-02 7.19207224e-02 0.0
-2.41800416e-02 8.38612135e-02 0.0
-3.33093665e-02 9.25411634e-02 0.0
-4.28953077e-02 9.83495095e-02 0.0
-5.26357533e-02 1.01699676e-01 0.0
-6.22993771e-02 1.03004103e-01 0.0
-7.17170945e-02 1.02653601e-01 0.0
-8.07714916e-02 1.01002852e-01 0.0
-8.93863557e-02 9.83620846e-02 0.0
-9.75169798e-02 9.49939201e-02 0.0
-1.05142133e-01 9.11143184e-02 0.0
-1.12257452e-01 8.68962158e-02 0.0
-1.18870510e-01 8.24748216e-02 0.0
-1.24996986e-01 7.79534374e-02 0.0
-1.30658002e-01 7.34092596e-02 0.0
-1.35878083e-01 6.88985361e-02 0.0
-1.40683811e-01 6.44610460e-02 0.0
-1.45102741e-01 6.01236465e-02 0.0
-1.49162738e-01 5.59031447e-02 0.0
-1.52891378e-01 5.18083823e-02 0.0
-1.56315619e-01 4.78418816e-02 0.0
-1.59461460e-01 4.40009350e-02 0.0
-1.62353789e-01 4.02784782e-02 0.0
-1.65016181e-01 3.66635790e-02 0.0
-1.67470830e-01 3.31418494e-02 0.0
-1.69738422e-01 2.96955641e-02 0.0
-1.71838078e-01 2.63037735e-02 0.0
-1.73787227e-01 2.29421621e-02 0.0
-1.75601496e-01 1.95829331e-02 0.0
-1.77294489e-01 1.61944580e-02 0.0
-1.78877517e-01 1.27409794e-02 0.0
-1.80359179e-01 9.18211043e-03 0.0
-1.81744784e-01 5.47244690e-03 0.0
-1.83035562e-01 1.56106528e-03 0.0
-1.84227603e-01 -2.60872521e-03 0.0
-1.85310501e-01 -7.09953303e-03 0.0
-1.86265616e-01 -1.19794854e-02 0.0
-1.87063991e-01 -1.73213276e-02 0.0
-1.87663861e-01 -2.32004589e-02 0.0
-1.88007913e-01 -2.96918316e-02 0.0
-1.88020338e-01 -3.68650681e-02 0.0
-1.87604086e-01 -4.47776736e-02 0.0
-1.86638560e-01 -5.34657652e-02 0.0
-1.84978561e-01 -6.29323860e-02 0.0
-1.82455019e-01 -7.31332419e-02 0.0
-1.78878722e-01 -8.39605912e-02 0.0
-1.74047835e-01 -9.52261169e-02 0.0
-1.67760504e-01 -1.06644788e-01 0.0
-1.59833047e-01 -1.17822098e-01 0.0
-1.50124232e-01 -1.28248254e-01 0.0
-1.38564570e-01 -1.37303026e-01 0.0
-1.25188850e-01 -1.44275252e-01 0.0
-1.10167767e-01 -1.48399642e-01 0.0
-9.38336588e-02 -1.48911505e-01 0.0
-7.66935658e-02 -1.45116052e-01 0.0
-5.94239093e-02 -1.36464453e-01 0.0
-4.28425177e-02 -1.22623774e-01 0.0
-2.78588759e-02 -1.03524993e-01 0.0
-1.54081397e-02 -7.93743523e-02 0.0
-6.38015373e-03 -5.06238400e-02 0.0
-1.41400631e-03 -1.79209290e-02 0.0
-8.39015999e-04 1.52476942e-02 0.0
-3.91720778e-03 4.13239638e-02 0.0
-9.49132190e-03 6.28416225e-02 0.0
-1.69636398e-02 7.99453531e-02 0.0
-2.57753520e-02 9.29436199e-02 0.0
-3.54334276e-02 1.02246206e-01 0.0
-4.55254602e-02 1.08322499e-01 0.0
-5.57231538e-02 1.11664892e-01 0.0
-6.57778682e-02 1.12757301e-01 0.0
-7.55109300e-02 1.12051266e-01 0.0
-8.48018439e-02 1.09950590e-01 0.0
-9.35760708e-02 1.06803537e-01 0.0
-1.01794041e-01 1.02901170e-01 0.0
-1.09441682e-01 9.84799769e-02 0.0
-1.16522997e-01 9.37273131e-02 0.0
-1.23054229e-01 8.87881446e-02 0.0
-1.29059703e-01 8.37722003e-02 0.0
-1.34568686e-01 7.87606384e-02 0.0
-1.39613308e-01 7.38120098e-02 0.0
-1.44226993e-01 6.89671407e-02 0.0
-1.48443494e-01 6.42531442e-02 0.0
-1.52296115e-01 5.96864309e-02 0.0
-1.55817294e-01 5.52750873e-02 0.0
-1.59038230e-01 5.10205289e-02 0.0
-1.61988727e-01 4.69188069e-02 0.0
-1.64697030e-01 4.29614219e-02 0.0
-1.67189806e-01 3.91359909e-02 0.0
-1.69492084e-01 3.54265559e-02 0.0
-1.71627295e-01 3.18138531e-02 0.0
-1.73617241e-01 2.82752820e-02 0.0
-1.75482121e-01 2.47848805e-02 0.0
-1.77240459e-01 2.13130204e-02 0.0
-1.78909021e-01 1.78261250e-02 0.0
-1.80502599e-01 1.42861186e-02 0.0
-1.82033688e-01 1.06499227e-02 0.0
-1.83511973e-01 6.86872413e-03 0.0
-1.84943576e-01 2.88736733e-03 0.0
-1.86330014e-01 -1.35635193e-03 0.0
-1.87666762e-01 -5.93206468e-03 0.0
-1.88941411e-01 -1.09169980e-02 0.0
-1.90131274e-01 -1.63953868e-02 0.0
-1.91200526e-01 -2.24570928e-02 0.0
-1.92096761e-01 -2.91947290e-02 0.0
-1.92747233e-01 -3.66990951e-02 0.0
-1.93054841e-01 -4.50521175e-02 0.0
-1.92894452e-01 -5.43170677e-02 0.0
-1.92109982e-01 -6.45253908e-02 0.0
-1.90513346e-01 -7.56602597e-02 0.0
-1.87886185e-01 -8.76368816e-02 0.0
-1.83986023e-01 -1.00280733e-01 0.0
-1.78558075e-01 -1.13305315e-01 0.0
-1.71354406e-01 -1.26292570e-01 0.0
-1.62161017e-01 -1.38679867e-01 0.0
-1.50833089e-01 -1.49758891e-01 0.0
-1.37336241e-01 -1.58691853e-01 0.0
-1.21790140e-01 -1.64550133e-01 0.0
-1.04507464e-01 -1.66377714e-01 0.0
-8.60198365e-02 -1.63277488e-01 0.0
-6.70808513e-02 -1.54511594e-01 0.0
-4.86391912e-02 -1.39599629e-01 0.0
-3.17795549e-02 -1.18392371e-01 0.0
-1.76383857e-02 -9.10988436e-02 0.0
-7.30906597e-03 -5.82566293e-02 0.0
-1.61420330e-03 -2.06658166e-02 0.0
-9.10614773e-04 1.70001629e-02 0.0
-4.24023351e-03 4.59821532e-02 0.0
-1.02475750e-02 6.97649101e-02 0.0
-1.82663816e-02 8.85132209e-02 0.0
-2.76742853e-02 1.02595407e-01 0.0
-3.79254814e-02 1.12503739e-01 0.0
-4.85673510e-02 1.18798923e-01 0.0
-5.92441120e-02 1.22062987e-01 0.0
-6.96908226e-02 1.22860703e-01 0.0
-7.97218457e-02 1.21712029e-01 0.0
-8.92166356e-02 1.19075618e-01 0.0
-9.81055992e-02 1.15341796e-01 0.0
-1.06357148e-01 1.10832534e-01 0.0
-1.13967004e-01 1.05806223e-01 0.0
-1.20949590e-01 1.00465085e-01 0.0
-1.27331654e-01 9.49637946e-02 0.0
-1.33147493e-01 8.94179955e-02 0.0
-1.38435709e-01 8.39121800e-02 0.0
-1.43236839e-01 7.85063646e-02 0.0
-1.47591883e-01 7.32416659e-02 0.0
-1.51541210e-01 6.81446026e-02 0.0
-1.55123966e-01 6.32305101e-02 0.0
-1.58377605e-01 5.85059920e-02 0.0
-1.61337716e-01 5.39708416e-02 0.0
-1.64037866e-01 4.96193159e-02 0.0
-1.66509630e-01 4.54411579e-02 0.0
-1.68782589e-01 4.14221718e-02 0.0
-1.70884459e-01 3.75447076e-02 0.0
-1.72841156e-01 3.37877962e-02 0.0
-1.74676947e-01 3.01272646e-02 0.0
-1.76414514e-01 2.65355357e-02 0.0
-1.78075048e-01 2.29814301e-02 0.0
-1.79678232e-01 1.94296543e-02 0.0
-1.81242166e-01 1.58402951e-02 0.0
-1.82783141e-01 1.21680041e-02 0.0
-1.84315233e-01 8.36121285e-03 0.0
-1.85849652e-01 4.36109259e-03 0.0
-1.87393753e-01 1.00651318e-04 0.0
-1.88949648e-01 -4.49623603e-03 0.0
-1.90512277e-01 -9.51536293e-03 0.0
-1.92066905e-01 -1.50523470e-02 0.0
-1.93585878e-01 -2.12117279e-02 0.0
-1.95024715e-01 -2.81048466e-02 0.0
-1.96317434e-01 -3.58456148e-02 0.0
-1.97371451e-01 -4.45438047e-02 0.0
-1.98062209e-01 -5.42948491e-02 0.0
-1.98228353e-01 -6.51657790e-02 0.0
-1.97668153e-01 -7.71765562e-02 0.0
-1.96138734e-01 -9.02770202e-02 0.0
-1.93359525e-01 -1.04319829e-01 0.0
-1.89022243e-01 -1.19031319e-01 0.0
-1.82809240e-01 -1.33983115e-01 0.0
-1.74422396e-01 -1.48569439e-01 0.0
-1.63623154e-01 -1.61996382e-01 0.0
-1.50283188e-01 -1.73291076e-01 0.0
-1.34441610e-01 -1.81338498e-01 0.0
-1.16361641e-01 -1.84951911e-01 0.0
-9.65750536e-02 -1.82977433e-01 0.0
-7.59009687e-02 -1.74424654e-01 0.0
-5.54257731e-02 -1.58603371e-01 0.0
-3.64380870e-02 -1.35235907e-01 0.0
-2.03237872e-02 -1.04510743e-01 0.0
-8.44105621e-03 -6.70567555e-02 0.0
-1.86079023e-03 -2.38552625e-02 0.0
-9.98795847e-04 1.89104381e-02 0.0
-4.63455501e-03 5.10381279e-02 0.0
-1.11612277e-02 7.72429710e-02 0.0
-1.98216673e-02 9.77144350e-02 0.0
-2.99122134e-02 1.12892680e-01 0.0
-4.08223253e-02 1.23367819e-01 0.0
-5.20531960e-02 1.29807638e-01 0.0
-6.32200488e-02 1.32897947e-01 0.0
-7.40435115e-02 1.33295986e-01 0.0
-8.43344818e-02 1.31598817e-01 0.0
-9.39767861e-02 1.28326010e-01 0.0
-1.02910044e-01 1.23913717e-01 0.0
-1.11114705e-01 1.18716921e-01 0.0
-1.18599604e-01 1.13016698e-01 0.0
-1.25392458e-01 1.07030163e-01 0.0
-1.31532663e-01 1.00921105e-01 0.0
-1.37066295e-01 9.48102843e-02 0.0
-1.42042525e-01 8.87844695e-02 0.0
-1.46511329e-01 8.29041487e-02 0.0
-1.50521891e-01 7.72096322e-02 0.0
-1.54121705e-01 7.17259284e-02 0.0
-1.57355948e-01 6.64663375e-02 0.0
-1.60267235e-01 6.14352502e-02 0.0
-1.62895456e-01 5.66300796e-02 0.0
-1.65277841e-01 5.20427817e-02 0.0
-1.67449018e-01 4.76608040e-02 0.0
-1.69441218e-01 4.34678607e-02 0.0
-1.71284446e-01 3.94442937e-02 0.0
-1.73006735e-01 3.55673774e-02 0.0
-1.74634351e-01 3.18112718e-02 0.0
-1.76192032e-01 2.81469608e-02 0.0
-1.77703155e-01 2.45418471e-02 0.0
-1.79189881e-01 2.09593334e-02 0.0
-1.80673188e-01 1.73580441e-02 0.0
-1.82172796e-01 1.36910242e-02 0.0
-1.83706901e-01 9.90457583e-03 0.0
-1.85291666e-01 5.93709920e-03 0.0
-1.86940385e-01 1.71764755e-03 0.0
-1.88662182e-01 -2.83535853e-03 0.0
-1.90460186e-01 -7.81542780e-03 0.0
-1.92328960e-01 -1.33287036e-02 0.0
-1.94251153e-01 -1.94940313e-02 0.0
-1.96193156e-01 -2.64415349e-02 0.0
-1.98099840e-01 -3.43093569e-02 0.0
-1.99888306e-01 -4.32374186e-02 0.0
-2.01441044e-01 -5.33575824e-02 0.0
-2.02598851e-01 -6.47789448e-02 0.0
-2.03154588e-01 -7.75677061e-02 0.0
-2.02848923e-01 -9.17208162e-02 0.0
-2.01370197e-01 -1.07133835e-01 0.0
-1.98360661e-01 -1.23564005e-01 0.0
-1.93432280e-01 -1.40591692e-01 0.0
-1.86194860e-01 -1.57585015e-01 0.0
-1.76299287e-01 -1.73675517e-01 0.0
-1.63496335e-01 -1.87754764e-01 0.0
-1.47708923e-01 -1.98503711e-01 0.0
-1.29110108e-01 -2.04465404e-01 0.0
-1.08193704e-01 -2.04166862e-01 0.0
-8.58182615e-02 -1.96284692e-01 0.0
-6.32041736e-02 -1.79832564e-01 0.0
-4.18688337e-02 -1.54329698e-01 0.0
-2.35011241e-02 -1.19898928e-01 0.0
-9.79782136e-03 -7.72545810e-02 0.0
-2.15973044e-03 -2.75879935e-02 0.0
-1.10646864e-03 2.10144410e-02 0.0
-5.11218075e-03 5.65743438e-02 0.0
-1.22566431e-02 8.53779098e-02 0.0
-2.16643733e-02 1.07647695e-01 0.0
-3.25286252e-02 1.23914254e-01 0.0
-4.41602461e-02 1.34888022e-01 0.0
-5.60075742e-02 1.41365685e-01 0.0
-6.76561931e-02 1.44155432e-01 0.0
-7.88153623e-02 1.44021200e-01 0.0
-8.92978560e-02 1.41647142e-01 0.0
-9.89977760e-02 1.37619991e-01 0.0
-1.07869877e-01 1.32425185e-01 0.0
-1.15911756e-01 1.26452088e-01 0.0
-1.23149798e-01 1.20004577e-01 0.0
-1.29628425e-01 1.13313874e-01 0.0
-1.35402463e-01 1.06551754e-01 0.0
-1.40531718e-01 9.98426459e-02 0.0
-1.45077462e-01 9.32742096e-02 0.0
-1.49100045e-01 8.69059292e-02 0.0
-1.52657536e-01 8.07760442e-02 0.0
-1.55804832e-01 7.49067705e-02 0.0
-1.58593301e-01 6.93083557e-02 0.0
-1.61070584e-01 6.39819551e-02 0.0
-1.63280692e-01 5.89218616e-02 0.0
-1.65264123e-01 5.41169773e-02 0.0
-1.67058160e-01 4.95519876e-02 0.0
-1.68697138e-01 4.52080230e-02 0.0
-1.70212817e-01 4.10632088e-02 0.0
-1.71634708e-01 3.70928152e-02 0.0
-1.72990456e-01 3.32693735e-02 0.0
-1.74306163e-01 2.95624237e-02 0.0
-1.75606719e-01 2.59382409e-02 0.0
-1.76916053e-01 2.23591782e-02 0.0
-1.78257334e-01 1.87829663e-02 0.0
-1.79653040e-01 1.51615946e-02 0.0
-1.81124875e-01 1.14401239e-02 0.0
-1.82693453e-01 7.55507265e-03 0.0
-1.84377655e-01 3.43277073e-03 0.0
-1.86193564e-01 -1.01260109e-03 0.0
-1.88152796e-01 -5.88077681e-03 0.0
-1.90260124e-01 -1.12870834e-02 0.0
-1.92510120e-01 -1.73632957e-02 0.0
-1.94882756e-01 -2.42574693e-02 0.0
-1.97337669e-01 -3.21316656e-02 0.0
-1.99807200e-01 -4.11569576e-02 0.0
-2.02188114e-01 -5.15042426e-02 0.0
-2.04332543e-01 -6.33299037e-02 0.0
-2.06038697e-01 -7.67547154e-02 0.0
-2.07042820e-01 -9.18352154e-02 0.0
-2.07014129e-01 -1.08526726e-01 0.0
-2.05555805e-01 -1.26638854e-01 0.0
-2.02215414e-01 -1.45785502e-01 0.0
-1.96509417e-01 -1.65334516e-01 0.0
-1.87965874e-01 -1.84365033e-01 0.0
-1.76188990e-01 -2.01644992e-01 0.0
-1.60945333e-01 -2.15644469e-01 0.0
-1.42266379e-01 -2.24602340e-01 0.0
-1.20552747e-01 -2.26659895e-01 0.0
-9.66564143e-02 -2.20063374e-01 0.0
-7.19097750e-02 -2.03414560e-01 0.0
-4.80739329e-02 -1.75918842e-01 0.0
-2.71960807e-02 -1.37555313e-01 0.0
-1.13994095e-02 -8.90981456e-02 0.0
-2.51709869e-03 -3.19748173e-02 0.0
-1.23774163e-03 2.33551063e-02 0.0
-5.68919466e-03 6.26873053e-02 0.0
-1.35653812e-02 9.42856170e-02 0.0
-2.38371267e-02 1.18419490e-01 0.0
-3.55678309e-02 1.35737451e-01 0.0
-4.79734272e-02 1.47102085e-01 0.0
-6.04430639e-02 1.53468637e-01 0.0
-7.25335535e-02 1.55791645e-01 0.0
-8.39484477e-02 1.54959115e-01 0.0
-9.45101133e-02 1.51753457e-01 0.0
-1.04131312e-01 1.46834874e-01 0.0
-1.12789599e-01 1.40740775e-01 0.0
-1.20506464e-01 1.33895335e-01 0.0
-1.27331180e-01 1.26624186e-01 0.0
-1.33329161e-01 1.19170978e-01 0.0
-1.38573733e-01 1.11713370e-01 0.0
-1.43140749e-01 1.04377419e-01 0.0
-1.47105034e-01 9.72495877e-02 0.0
-1.50538321e-01 9.03865494e-02 0.0
-1.53507986e-01 8.38227128e-02 0.0
-1.56076522e-01 7.75760716e-02 0.0
-1.58301295e-01 7.16524388e-02 0.0
-1.60234680e-01 6.60486874e-02 0.0
-1.61924260e-01 6.07549669e-02 0.0
-1.63413230e-01 5.57564280e-02 0.0
-1.64740791e-01 5.10342920e-02 0.0
-1.65942649e-01 4.65667161e-02 0.0
-1.67051482e-01 4.23291905e-02 0.0
-1.68097458e-01 3.82948661e-02 0.0
-1.69108705e-01 3.44344853e-02 0.0
-1.70111804e-01 3.07162871e-02 0.0
-1.71132218e-01 2.71055168e-02 0.0
-1.72194706e-01 2.35638951e-02 0.0
-1.73323654e-01 2.00486501e-02 0.0
-1.74543328e-01 1.65114616e-02 0.0
-1.75877977e-01 1.28969108e-02 0.0
-1.77351742e-01 9.14079933e-03 0.0
-1.78988293e-01 5.16796465e-03 0.0
-1.80810031e-01 8.90018853e-04 0.0
-1.82836783e-01 -3.79724763e-03 0.0
-1.85083703e-01 -9.01620333e-03 0.0
-1.87558259e-01 -1.49094638e-02 0.0
-1.90255952e-01 -2.16408169e-02 0.0
-1.93154634e-01 -2.93945699e-02 0.0
-1.96207084e-01 -3.83719245e-02 0.0
-1.99331894e-01 -4.87834087e-02 0.0
-2.02402610e-01 -6.08354537e-02 0.0
-2.05235777e-01 -7.47097099e-02 0.0
-2.07578686e-01 -9.05330618e-02 0.0
-2.09098854e-01 -1.08337280e-01 0.0
-2.09377839e-01 -1.28007523e-01 0.0
-2.07913813e-01 -1.49221140e-01 0.0
-2.04138139e-01 -1.71380447e-01 0.0
-1.97452898e-01 -1.93547790e-01 0.0
-1.87295695e-01 -2.14396234e-01 0.0
-1.73236509e-01 -2.32195991e-01 0.0
-1.55104674e-01 -2.44861534e-01 0.0
-1.33133878e-01 -2.50085063e-01 0.0
-1.08097155e-01 -2.45571206e-01 0.0
-8.13896442e-02 -2.29360830e-01 0.0
-5.50111564e-02 -2.00186863e-01 0.0
-3.14186414e-02 -1.57757629e-01 0.0
-1.32631464e-02 -1.02847975e-01 0.0
-2.93925964e-03 -3.71390345e-02 0.0
-1.39823106e-03 2.59850787e-02 0.0
-6.38746314e-03 6.94920262e-02 0.0
-1.51287009e-02 1.04098338e-01 0.0
-2.63926961e-02 1.30142535e-01 0.0
-3.90792167e-02 1.48431662e-01 0.0
-5.22909471e-02 1.60025241e-01 0.0
-6.53526301e-02 1.66076848e-01 0.0
-7.77966232e-02 1.67717972e-01 0.0
-8.93302208e-02 1.65981340e-01 0.0
-9.97970500e-02 1.61759795e-01 0.0
-1.09139935e-01 1.55792694e-01 0.0
-1.17369489e-01 1.48670877e-01 0.0
-1.24539419e-01 1.40852113e-01 0.0
-1.30728511e-01 1.32681310e-01 0.0
-1.36027979e-01 1.24411402e-01 0.0
-1.40533171e-01 1.16222816e-01 0.0
-1.44338226e-01 1.08240155e-01 0.0
-1.47532981e-01 1.00546009e-01 0.0
-1.50201181e-01 9.31917359e-02 0.0
-1.52419729e-01 8.62058670e-02 0.0
-1.54258422e-01 7.96002768e-02 0.0
-1.55780153e-01 7.33748729e-02 0.0
-1.57041245e-01 6.75208696e-02 0.0
-1.58092022e-01 6.20232850e-02 0.0
-1.58977364e-01 5.68625699e-02 0.0
-1.59737392e-01 5.20158879e-02 0.0
-1.60408083e-01 4.74578225e-02 0.0
-1.61021966e-01 4.31609560e-02 0.0
-1.61608738e-01 3.90960060e-02 0.0
-1.62195911e-01 3.52319250e-02 0.0
-1.62809396e-01 3.15355923e-02 0.0
-1.63474089e-01 2.79714799e-02 0.0
-1.64214389e-01 2.45008826e-02 0.0
-1.65054692e-01 2.10810769e-02 0.0
-1.66019794e-01 1.76639735e-02 0.0
-1.67135203e-01 1.41946193e-02 0.0
-1.68427298e-01 1.06091126e-02 0.0
-1.69923243e-01 6.83230695e-03 0.0
-1.71650593e-01 2.77492376e-03 0.0
-1.73636380e-01 -1.66945673e-03 0.0
-1.75905559e-01 -6.62774130e-03 0.0
-1.78478478e-01 -1.22503000e-02 0.0
-1.81367175e-01 -1.87134418e-02 0.0
-1.84570049e-01 -2.62202439e-02 0.0
-1.88064680e-01 -3.49990289e-02 0.0
-1.91798340e-01 -4.52976977e-02 0.0
-1.95676183e-01 -5.73724735e-02 0.0
-1.99546998e-01 -7.14685814e-02 0.0
-2.03187308e-01 -8.77908495e-02 0.0
-2.06284913e-01 -1.06461604e-01 0.0
-2.08424643e-01 -1.27464374e-01 0.0
-2.09080234e-01 -1.50572621e-01 0.0
-2.07618925e-01 -1.75265851e-01 0.0
-2.03327140e-01 -2.00639322e-01 0.0
-1.95468064e-01 -2.25320896e-01 0.0
-1.83381112e-01 -2.47417392e-01 0.0
-1.66629291e-01 -2.64523721e-01 0.0
-1.45187870e-01 -2.73835033e-01 0.0
-1.19647589e-01 -2.72398185e-01 0.0
-9.13784497e-02 -2.57510458e-01 0.0
-6.25808395e-02 -2.27213295e-01 0.0
-3.61583405e-02 -1.80746182e-01 0.0
-1.54032062e-02 -1.18770030e-01 0.0
-3.43288569e-03 -4.32170289e-02 0.0
-1.59602325e-03 2.89706958e-02 0.0
-7.23731308e-03 7.71282996e-02 0.0
-1.70017970e-02 1.14967804e-01 0.0
-2.93972494e-02 1.42932540e-01 0.0
-4.31172699e-02 1.62048230e-01 0.0
-5.71311605e-02 1.73634331e-01 0.0
-7.06975947e-02 1.79095919e-01 0.0
-8.33344228e-02 1.79779772e-01 0.0
-9.47684958e-02 1.76887269e-01 0.0
-1.04881666e-01 1.71433930e-01 0.0
-1.13662618e-01 1.64242467e-01 0.0
-1.21168129e-01 1.55956247e-01 0.0
-1.27494508e-01 1.47063135e-01 0.0
-1.32757619e-01 1.37922579e-01 0.0
-1.37079878e-01 1.28791954e-01 0.0
-1.40582076e-01 1.19849754e-01 0.0
-1.43378741e-01 1.11215042e-01 0.0
-1.45575609e-01 1.02962855e-01 0.0
-1.47268638e-01 9.51362329e-02 0.0
-1.48543763e-01 8.77551630e-02 0.0
-1.49477286e-01 8.08233221e-02 0.0
-1.50136455e-01 7.43328547e-02 0.0
-1.50580295e-01 6.82679520e-02 0.0
-1.50860434e-01 6.26072540e-02 0.0
-1.51022036e-01 5.73256854e-02 0.0
-1.51104656e-01 5.23955616e-02 0.0
-1.51143140e-01 4.77874682e-02 0.0
-1.51168429e-01 4.34706297e-02 0.0
-1.51208385e-01 3.94132097e-02 0.0
-1.51288525e-01 3.55821849e-02 0.0
-1.51432756e-01 3.19432012e-02 0.0
-1.51664044e-01 2.84600055e-02 0.0
-1.52005070e-01 2.50938371e-02 0.0
-1.52478827e-01 2.18023356e-02 0.0
-1.53109184e-01 1.85383281e-02 0.0
-1.53921383e-01 1.52480278e-02 0.0
-1.54942431e-01 1.18689994e-02 0.0
-1.56201342e-01 8.32742850e-03 0.0
-1.57729126e-01 4.53508642e-03 0.0
-1.59558420e-01 3.85609949e-04 0.0
-1.61722528e-01 -4.24937522e-03 0.0
-1.64253696e-01 -9.52443567e-03 0.0
-1.67180200e-01 -1.56239652e-02 0.0
-1.70521955e-01 -2.27649538e-02 0.0
-1.74284055e-01 -3.11974549e-02 0.0
-1.78447861e-01 -4.12016758e-02 0.0
-1.82958987e-01 -5.30794026e-02 0.0
-1.87711992e-01 -6.71377114e-02 0.0
-1.92531541e-01 -8.36617458e-02 0.0
-1.97150832e-01 -1.02873701e-01 0.0
-2.01188793e-01 -1.24874482e-01 0.0
-2.04129833e-01 -1.49565783e-01 0.0
-2.05312176e-01 -1.76551563e-01 0.0
-2.03935027e-01 -2.05022458e-01 0.0
-1.99098397e-01 -2.33633389e-01 0.0
-1.89893159e-01 -2.60397016e-01 0.0
-1.75557288e-01 -2.82631724e-01 0.0
-1.55704627e-01 -2.97021054e-01 0.0
-1.30607194e-01 -2.99849827e-01 0.0
-1.01472325e-01 -2.87462780e-01 0.0
-7.06111715e-02 -2.56919702e-01 0.0
-4.13799162e-02 -2.06693501e-01 0.0
-1.78308133e-02 -1.37126929e-01 0.0
-4.00567003e-03 -5.03596042e-02 0.0
-1.84292547e-03 3.23981650e-02 0.0
-8.28215004e-03 8.57698730e-02 0.0
-1.92602103e-02 1.27068791e-01 0.0
-3.29350565e-02 1.56901876e-01 0.0
-4.77401761e-02 1.76604063e-01 0.0
-6.24917471e-02 1.87843996e-01 0.0
-7.63877738e-02 1.92348757e-01 0.0
-8.89514972e-02 1.91727535e-01 0.0
-9.99543996e-02 1.87376536e-01 0.0
-1.09341262e-01 1.80444757e-01 0.0
-1.17167682e-01 1.71839076e-01 0.0
-1.23553271e-01 1.62250810e-01 0.0
-1.28649046e-01 1.52190803e-01 0.0
-1.32616373e-01 1.42025434e-01 0.0
-1.35614108e-01 1.32009181e-01 0.0
-1.37791504e-01 1.22312216e-01 0.0
-1.39284646e-01 1.13042486e-01 0.0
-1.40215221e-01 1.04262958e-01 0.0
-1.40690469e-01 9.60045150e-02 0.0
-1.40803974e-01 8.82756235e-02 0.0
-1.40636700e-01 8.10692283e-02 0.0
-1.40258306e-01 7.43678441e-02 0.0
-1.39728401e-01 6.81470221e-02 0.0
-1.39097883e-01 6.23779322e-02 0.0
-1.38410132e-01 5.70289892e-02 0.0
-1.37702221e-01 5.20671010e-02 0.0
-1.37005975e-01 4.74583030e-02 0.0
-1.36349019e-01 4.31682656e-02 0.0
-1.35755688e-01 3.91623398e-02 0.0
-1.35247933e-01 3.54055819e-02 0.0
-1.34846114e-01 3.18623594e-02 0.0
-1.34569783e-01 2.84959493e-02 0.0
-1.34438406e-01 2.52676870e-02 0.0
-1.34472069e-01 2.21360506e-02 0.0
-1.34692153e-01 1.90551995e-02 0.0
-1.35121983e-01 1.59733304e-02 0.0
-1.35787439e-01 1.28303449e-02 0.0
-1.36717489e-01 9.55518680e-03 0.0
-1.37944596e-01 6.06236084e-03 0.0
-1.39504874e-01 2.24804666e-03 0.0
-1.41437881e-01 -2.01455886e-03 0.0
-1.43785761e-01 -6.88006959e-03 0.0
-1.46591495e-01 -1.25359611e-02 0.0
-1.49895748e-01 -1.92068205e-02 0.0
-1.53731869e-01 -2.71572412e-02 0.0
-1.58118241e-01 -3.66915908e-02 0.0
-1.63047355e-01 -4.81491295e-02 0.0
-1.68470621e-01 -6.18916000e-02 0.0
-1.74278358e-01 -7.82804626e-02 0.0
-1.80274404e-01 -9.76395438e-02 0.0
-1.86146051e-01 -1.20198933e-01 0.0
-1.91431229e-01 -1.46015022e-01 0.0
-1.95488331e-01 -1.74862790e-01 0.0
-1.97478250e-01 -2.06098381e-01 0.0
-1.96375337e-01 -2.38496935e-01 0.0
-1.91031017e-01 -2.70082960e-01 0.0
-1.80319608e-01 -2.97992999e-01 0.0
-1.63391426e-01 -3.18440569e-01 0.0
-1.40035288e-01 -3.26883835e-01 0.0
-1.11099178e-01 -3.18499710e-01 0.0
-7.88411849e-02 -2.89001885e-01 0.0
-4.70188659e-02 -2.35664867e-01 0.0
-2.05558337e-02 -1.58167678e-01 0.0
-4.66727580e-03 -5.87349615e-02 0.0
-2.15702861e-03 3.63835732e-02 0.0
-9.58592760e-03 9.56380473e-02 0.0
-2.20097773e-02 1.40602542e-01 0.0
-3.71139213e-02 1.72147135e-01 0.0
-5.30048341e-02 1.92054864e-01 0.0
-6.83305620e-02 2.02470526e-01 0.0
-8.22480861e-02 2.05535817e-01 0.0
-9.43218217e-02 2.03177979e-01 0.0
-1.04406904e-01 1.97014128e-01 0.0
-1.12545669e-01 1.88332848e-01 0.0
-1.18888185e-01 1.78119984e-01 0.0
-1.23636815e-01 1.67104189e-01 0.0
-1.27010761e-01 1.55807219e-01 0.0
-1.29225018e-01 1.44590680e-01 0.0
-1.30479212e-01 1.33695946e-01 0.0
-1.30952466e-01 1.23276188e-01 0.0
-1.30802013e-01 1.13421297e-01 0.0
-1.30163694e-01 1.04176499e-01 0.0
-1.29153563e-01 9.55561938e-02 0.0
-1.27869832e-01 8.75538236e-02 0.0
-1.26395022e-01 8.01490537e-02 0.0
-1.24797974e-01 7.33126898e-02 0.0
-1.23135837e-01 6.70102508e-02 0.0
-1.21455801e-01 6.12042685e-02 0.0
-1.19796766e-01 5.58559895e-02 0.0
-1.18190768e-01 5.09263168e-02 0.0
-1.16664331e-01 4.63765325e-02 0.0
-1.15239624e-01 4.21685019e-02 0.0
-1.13935554e-01 3.82648346e-02 0.0
-1.12768711e-01 3.46286220e-02 0.0
-1.11754269e-01 3.12231925e-02 0.0
-1.10906796e-01 2.80114470e-02 0.0
-1.10241040e-01 2.49551911e-02 0.0
-1.09772676e-01 2.20139820e-02 0.0
-1.09519064e-01 1.91438761e-02 0.0
-1.09500004e-01 1.62955586e-02 0.0
-1.09738510e-01 1.34122136e-02 0.0
-1.10261604e-01 1.04265961e-02 0.0
-1.11101078e-01 7.25766443e-03 0.0
-1.12294197e-01 3.80627131e-03 0.0
-1.13884196e-01 -4.96482865e-05 0.0
-1.15920442e-01 -4.46072794e-03 0.0
-1.18457915e-01 -9.61197304e-03 0.0
-1.21555696e-01 -1.57286526e-02 0.0
-1.25273803e-01 -2.30810643e-02 0.0
-1.29667720e-01 -3.19873648e-02 0.0
-1.34779526e-01 -4.28123255e-02 0.0
-1.40624556e-01 -5.59600009e-02 0.0
-1.47172054e-01 -7.18567261e-02 0.0
-1.54318592e-01 -9.09205986e-02 0.0
-1.61853030e-01 -1.13511703e-01 0.0
-1.69413316e-01 -1.39856701e-01 0.0
-1.76437612e-01 -1.69939632e-01 0.0
-1.82117650e-01 -2.03351505e-01 0.0
-1.85370209e-01 -2.39094095e-01 0.0
-1.84855323e-01 -2.75344940e-01 0.0
-1.79083302e-01 -3.09214392e-01 0.0
-1.66661431e-01 -3.36569177e-01 0.0
-1.46717690e-01 -3.52055063e-01 0.0
-1.19482918e-01 -3.49499325e-01 0.0
-8.68985245e-02 -3.22844627e-01 0.0
-5.29767956e-02 -2.67566148e-01 0.0
-2.35903024e-02 -1.82115906e-01 0.0
-5.43167408e-03 -6.85349784e-02 0.0
-2.56683618e-03 4.10895673e-02 0.0
-1.12455315e-02 1.07021784e-01 0.0
-2.54006826e-02 1.55797820e-01 0.0
-4.20694151e-02 1.88724754e-01 0.0
-5.89517570e-02 2.08250524e-01 0.0
-7.45280177e-02 2.17176887e-01 0.0
-8.79597708e-02 2.18178770e-01 0.0
-9.89138735e-02 2.13562907e-01 0.0
-1.07387329e-01 2.05187785e-01 0.0
-1.13567140e-01 1.94477820e-01 0.0
-1.17731747e-01 1.82482193e-01 0.0
-1.20188555e-01 1.69947480e-01 0.0
-1.21237849e-01 1.57387235e-01 0.0
-1.21154481e-01 1.45141627e-01 0.0
-1.20180280e-01 1.33425069e-01 0.0
-1.18522721e-01 1.22362842e-01 0.0
-1.16356663e-01 1.12018218e-01 0.0
-1.13827627e-01 1.02412312e-01 0.0
-1.11055416e-01 9.35381325e-02 0.0
-1.08137794e-01 8.53706308e-02 0.0
-1.05153803e-01 7.78735460e-02 0.0
-1.02166812e-01 7.10042651e-02 0.0
-9.92271321e-02 6.47169657e-02 0.0
-9.63743646e-02 5.89648617e-02 0.0
-9.36393796e-02 5.37014898e-02 0.0
-9.10460937e-02 4.88816491e-02 0.0
-8.86129558e-02 4.44617435e-02 0.0
-8.63542910e-02 4.04000399e-02 0.0
-8.42814288e-02 3.66564864e-02 0.0
-8.24037371e-02 3.31925590e-02 0.0
-8.07295125e-02 2.99707139e-02 0.0
-7.92668215e-02 2.69538871e-02 0.0
-7.80242694e-02 2.41045683e-02 0.0
-7.70117671e-02 2.13838650e-02 0.0
-7.62412985e-02 1.87500386e-02 0.0
-7.57277335e-02 1.61568966e-02 0.0
-7.54897124e-02 1.35514858e-02 0.0
-7.55506113e-02 1.08714414e-02 0.0
-7.59396206e-02 8.04142521e-03 0.0
-7.66928855e-02 4.96901589e-03 0.0
-7.78547028e-02 1.53954362e-03 0.0
-7.94785992e-02 -2.38966009e-03 0.0
-8.16281616e-02 -6.99589108e-03 0.0
-8.43771977e-02 -1.24978053e-02 0.0
-8.78088198e-02 -1.91620733e-02 0.0
-9.20125879e-02 -2.73085651e-02 0.0
-9.70787867e-02 -3.73130174e-02 0.0
-1.03088262e-01 -4.96047052e-02 0.0
-1.10096102e-01 -6.46565897e-02 0.0
-1.18106685e-01 -8.29635247e-02 0.0
-1.27037697e-01 -1.05003242e-01 0.0
-1.36670578e-01 -1.31171914e-01 0.0
-1.46586778e-01 -1.61683847e-01 0.0
-1.56092869e-01 -1.96421092e-01 0.0
-1.64146768e-01 -2.34717986e-01 0.0
-1.69312516e-01 -2.75070128e-01 0.0
-1.69794998e-01 -3.14778689e-01 0.0
-1.63631605e-01 -3.49590096e-01 0.0
-1.49129359e-01 -3.73480090e-01 0.0
-1.25594837e-01 -3.78843555e-01 0.0
-9.42664373e-02 -3.57413161e-01 0.0
-5.91142048e-02 -3.02071554e-01 0.0
-2.69553481e-02 -2.09155833e-01 0.0
-6.32118525e-03 -7.99878386e-02 0.0
-3.11897452e-03 4.67538967e-02 0.0
-1.34106419e-02 1.20306340e-01 0.0
-2.96456139e-02 1.72903401e-01 0.0
-4.79604172e-02 2.06602727e-01 0.0
-6.55656374e-02 2.24860138e-01 0.0
-8.08110182e-02 2.31388942e-01 0.0
-9.29546928e-02 2.29542176e-01 0.0
-1.01865383e-01 2.22064331e-01 0.0
-1.07765393e-01 2.11059871e-01 0.0
-1.11046451e-01 1.98066650e-01 0.0
-1.12153751e-01 1.84165324e-01 0.0
-1.11520828e-01 1.70088291e-01 0.0
-1.09538031e-01 1.56312983e-01 0.0
-1.06540875e-01 1.43135421e-01 0.0
-1.02809346e-01 1.30725617e-01 0.0
-9.85723265e-02 1.19167789e-01 0.0
-9.40141315e-02 1.08489099e-01 0.0
-8.92812905e-02 9.86796367e-02 0.0
-8.44889554e-02 8.97063486e-02 0.0
-7.97264688e-02 8.15223962e-02 0.0
-7.50621977e-02 7.40736123e-02 0.0
-7.05475322e-02 6.73026390e-02 0.0
-6.62202956e-02 6.11517753e-02 0.0
-6.21075236e-02 5.55646146e-02 0.0
-5.82278417e-02 5.04871751e-02 0.0
-5.45933938e-02 4.58683368e-02 0.0
-5.12115078e-02 4.16601412e-02 0.0
-4.80860473e-02 3.78176277e-02 0.0
-4.52185971e-02 3.42986989e-02 0.0
-4.26094395e-02 3.10636109e-02 0.0
-4.02584365e-02 2.80745493e-02 0.0
-3.81657935e-02 2.52948333e-02 0.0
-3.63327933e-02 2.26881859e-02 0.0
-3.47624989e-02 2.02175671e-02 0.0
-3.34604946e-02 1.78439797e-02 0.0
-3.24356899e-02 1.55247019e-02 0.0
-3.17012376e-02 1.32113224e-02 0.0
-3.12756157e-02 1.08469964e-02 0.0
-3.11838960e-02 8.36327287e-03 0.0
-3.14592590e-02 5.67590820e-03 0.0
-3.21447165e-02 2.68003596e-03 0.0
-3.32950548e-02 -7.55809192e-04 0.0
-3.49788188e-02 -4.79631003e-03 0.0
-3.72801854e-02 -9.64687999e-03 0.0
-4.03002347e-02 -1.55612270e-02 0.0
-4.41570770e-02 -2.28487030e-02 0.0
-4.89837288e-02 -3.18799353e-02 0.0
-5.49224042e-02 -4.30895451e-02 0.0
-6.21130000e-02 -5.69732280e-02 0.0
-7.06730414e-02 -7.40761788e-02 0.0
-8.06651281e-02 -9.49674113e-02 0.0
-9.20474090e-02 -1.20192508e-01 0.0
-1.04602091e-01 -1.50192303e-01 0.0
-1.17839251e-01 -1.85169320e-01 0.0
-1.30879485e-01 -2.24875566e-01 0.0
-1.42335248e-01 -2.68290982e-01 0.0
-1.50240639e-01 -3.13169914e-01 0.0
-1.52126270e-01 -3.55476589e-01 0.0
-1.45384685e-01 -3.88837391e-01 0.0
-1.28079331e-01 -4.04326095e-01 0.0
-1.00226386e-01 -3.91111941e-01 0.0
-6.52348652e-02 -3.38516506e-01 0.0
-3.06924692e-02 -2.39412120e-01 0.0
-7.37457618e-03 -9.33828114e-02 0.0
-3.89179361e-03 5.37392479e-02 0.0
-1.63149613e-02 1.36010413e-01 0.0
-3.50365640e-02 1.92155914e-01 0.0
-5.49364594e-02 2.25564930e-01 0.0
-7.26786452e-02 2.41245361e-01 0.0
-8.65991456e-02 2.44169627e-01 0.0
-9.62222670e-02 2.38528318e-01 0.0
-1.01771827e-01 2.27538475e-01 0.0
-1.03806897e-01 2.13520847e-01 0.0
-1.02993232e-01 1.98073111e-01 0.0
-9.99785798e-02 1.82251559e-01 0.0
-9.53354666e-02 1.66726074e-01 0.0
-8.95426548e-02 1.51899648e-01 0.0
-8.29866209e-02 1.37995628e-01 0.0
-7.59717065e-02 1.25119031e-01 0.0
-6.87330911e-02 1.13298809e-01 0.0
-6.14494634e-02 1.02516328e-01 0.0
-5.42543292e-02 9.27245086e-02 0.0
-4.72454429e-02 8.38603341e-02 0.0
-4.04925831e-02 7.58531472e-02 0.0
-3.40437449e-02 6.86298369e-02 0.0
-2.79301507e-02 6.21182433e-02 0.0
-2.21701871e-02 5.62490613e-02 0.0
-1.67726013e-02 5.09570645e-02 0.0
-1.17390023e-02 4.61815396e-02 0.0
-7.06591430e-03 4.18665344e-02 0.0
-2.74638090e-03 3.79606235e-02 0.0
1.22869782e-03 3.44167076e-02 0.0
4.86951471e-03 3.11914543e-02 0.0
8.18645601e-03 2.82448605e-02 0.0
1.11893700e-02 2.55394873e-02 0.0
1.38869009e-02 2.30398269e-02 0.0
1.62858912e-02 2.07113075e-02 0.0
1.83907718e-02 1.85193764e-02 0.0
2.02029191e-02 1.64281247e-02 0.0
2.17199127e-02 1.43988643e-02 0.0
2.29346421e-02 1.23880836e-02 0.0
2.38342056e-02 1.03451540e-02 0.0
2.43985183e-02 8.20918622e-03 0.0
2.45985908e-02 5.90538720e-03 0.0
2.43943829e-02 3.34032299e-03 0.0
2.37322529e-02 3.96470455e-04 0.0
2.25419608e-02 -3.07443669e-03 0.0
2.07334077e-02 -7.25873980e-03 0.0
1.81932808e-02 -1.23890990e-02 0.0
1.47821709e-02 -1.87527903e-02 0.0
1.03328589e-02 -2.66997979e-02 0.0
4.65116973e-03 -3.66492356e-02 0.0
-2.47875385e-03 -4.90929383e-02 0.0
-1.12816456e-02 -6.45934602e-02 0.0
-2.19665568e-02 -8.37730598e-02 0.0
-3.46841940e-02 -1.07286874e-01 0.0
-4.94580782e-02 -1.35769306e-01 0.0
-6.60797791e-02 -1.69733398e-01 0.0
-8.39608397e-02 -2.09390138e-01 0.0
-1.01944709e-01 -2.54336729e-01 0.0
-1.18112559e-01 -3.03050880e-01 0.0
-1.29677974e-01 -3.52144538e-01 0.0
-1.33161529e-01 -3.95427438e-01 0.0
-1.25129093e-01 -4.23073809e-01 0.0
-1.03748165e-01 -4.21598075e-01 0.0
-7.10441328e-02 -3.75725906e-01 0.0
-3.48785985e-02 -2.72910635e-01 0.0
-8.66169779e-03 -1.09117728e-01 0.0
-5.02037787e-03 6.26217176e-02 0.0
-2.03212987e-02 1.54822333e-01 0.0
-4.19397142e-02 2.13684024e-01 0.0
-6.30256835e-02 2.45022700e-01 0.0
-7.97451418e-02 2.56249256e-01 0.0
-9.06952947e-02 2.54036409e-01 0.0
-9.59577516e-02 2.43547143e-01 0.0
-9.63298779e-02 2.28441367e-01 0.0
-9.28400920e-02 2.11163276e-01 0.0
-8.64918299e-02 1.93268794e-01 0.0
-7.81532533e-02 1.75702692e-01 0.0
-6.85268415e-02 1.59005463e-01 0.0
-5.81572751e-02 1.43457932e-01 0.0
-4.74540967e-02 1.29178186e-01 0.0
-3.67175957e-02 1.16185117e-01 0.0
-2.61625963e-02 1.04439170e-01 0.0
-1.59385252e-02 9.38683341e-02 0.0
-6.14541658e-03 8.43843272e-02 0.0
3.15354766e-03 7.58927366e-02 0.0
1.19224685e-02 6.82990379e-02 0.0
2.01453783e-02 6.15122755e-02 0.0
2.78207106e-02 5.54469572e-02 0.0
3.49570487e-02 5.00241281e-02 0.0
4.15699438e-02 4.51716006e-02 0.0
4.76794497e-02 4.08239851e-02 0.0
5.33082877e-02 3.69222505e-02 0.0
5.84804082e-02 3.34133434e-02 0.0
6.32199264e-02 3.02494817e-02 0.0
6.75502705e-02 2.73876119e-02 0.0
7.14935428e-02 2.47885827e-02 0.0
7.50699781e-02 2.24165102e-02 0.0
7.82975006e-02 2.02378455e-02 0.0
8.11912901e-02 1.82206045e-02 0.0
8.37633463e-02 1.63332381e-02 0.0
8.60219777e-02 1.45435798e-02 0.0
8.79711749e-02 1.28173137e-02 0.0
8.96098024e-02 1.11163722e-02 0.0
9.09305288e-02 9.39666966e-03 0.0
9.19184298e-02 7.60554979e-03 0.0
9.25491425e-02 5.67833055e-03 0.0
9.27865130e-02 3.53430736e-03 0.0
9.25795993e-02 1.07161890e-03 0.0
9.18590233e-02 -1.83863033e-03 0.0
9.05325973e-02 -5.35948177e-03 0.0
8.84803952e-02 -9.69594586e-03 0.0
8.55494477e-02 -1.51038054e-02 0.0
8.15486850e-02 -2.18986312e-02 0.0
7.62449706e-02 -3.04649238e-02 0.0
6.93619191e-02 -4.12642042e-02 0.0
6.05839505e-02 -5.48412654e-02 0.0
4.95698257e-02 -7.18261547e-02 0.0
3.59820262e-02 -9.29282813e-02 0.0
1.95421515e-02 -1.18914084e-01 0.0
1.26825444e-04 -1.50551540e-01 0.0
-2.20767515e-02 -1.88487310e-01 0.0
-4.63377768e-02 -2.32994617e-01 0.0
-7.10719624e-02 -2.83490917e-01 0.0
-9.35159846e-02 -3.37695026e-01 0.0
-1.09578685e-01 -3.90330664e-01 0.0
-1.14268461e-01 -4.31513216e-01 0.0
-1.03269626e-01 -4.45538411e-01 0.0
-7.60368810e-02 -4.11722330e-01 0.0
-3.96349162e-02 -3.09481699e-01 0.0
-1.03095246e-02 -1.27787146e-01 0.0
-6.74056700e-03 7.43483030e-02 0.0
-2.59722441e-02 1.77593991e-01 0.0
-5.06995305e-02 2.37258076e-01 0.0
-7.18167291e-02 2.63651830e-01 0.0
-8.53345066e-02 2.67857378e-01 0.0
-9.06746632e-02 2.58718617e-01 0.0
-8.89323056e-02 2.42385057e-01 0.0
-8.17508192e-02 2.22794121e-01 0.0
-7.07480378e-02 2.02317985e-01 0.0
-5.72875825e-02 1.82305403e-01 0.0
-4.24281714e-02 1.63468133e-01 0.0
-2.69500109e-02 1.46135493e-01 0.0
-1.14059651e-02 1.30414335e-01 0.0
3.82586317e-03 1.16286825e-01 0.0
1.84970621e-02 1.03668829e-01 0.0
3.24531911e-02 9.24443843e-02 0.0
4.56067895e-02 8.24855071e-02 0.0
5.79173802e-02 7.36635160e-02 0.0
6.93769630e-02 6.58550636e-02 0.0
7.99994837e-02 5.89453356e-02 0.0
8.98133132e-02 5.28293063e-02 0.0
9.88558102e-02 4.74121680e-02 0.0
1.07169481e-01 4.26089804e-02 0.0
1.14799208e-01 3.83442021e-02 0.0
1.21790322e-01 3.45508398e-02 0.0
1.28187226e-01 3.11697318e-02 0.0
1.34032469e-01 2.81485784e-02 0.0
1.39366081e-01 2.54411972e-02 0.0
1.44225159e-01 2.30065559e-02 0.0
1.48643554e-01 2.08080547e-02 0.0
1.52651669e-01 1.88125716e-02 0.0
1.56276273e-01 1.69897417e-02 0.0
1.59540325e-01 1.53109520e-02 0.0
1.62462729e-01 1.37485151e-02 0.0
1.65058011e-01 1.22744740e-02 0.0
1.67335836e-01 1.08594816e-02 0.0
1.69300317e-01 9.47118001e-03 0.0
1.70949042e-01 8.07249373e-03 0.0
1.72271716e-01 6.61923417e-03 0.0
1.73248329e-01 5.05740151e-03 0.0
1.73846707e-01 3.31956834e-03 0.0
1.74019341e-01 1.32071700e-03 0.0
1.73699325e-01 -1.04705899e-03 0.0
1.72795364e-01 -3.92059148e-03 0.0
1.71185724e-01 -7.47291959e-03 0.0
1.68711260e-01 -1.19213497e-02 0.0
1.65167692e-01 -1.75366871e-02 0.0
1.60297727e-01 -2.46531228e-02 0.0
1.53783950e-01 -3.36791128e-02 0.0
1.45244371e-01 -4.51087495e-02 0.0
1.34233634e-01 -5.95337504e-02 0.0
1.20255434e-01 -7.76546335e-02 0.0
1.02795477e-01 -1.00287849e-01 0.0
8.13912512e-02 -1.28358176e-01 0.0
5.57647560e-02 -1.62850558e-01 0.0
2.60564301e-02 -2.04661979e-01 0.0
-6.79782245e-03 -2.54235080e-01 0.0
-4.05365144e-02 -3.10768118e-01 0.0
-7.10070292e-02 -3.70724328e-01 0.0
-9.19827587e-02 -4.25454023e-01 0.0
-9.62563933e-02 -4.58322784e-01 0.0
-7.92057709e-02 -4.43221311e-01 0.0
-4.50875483e-02 -3.48502894e-01 0.0
-1.25411085e-02 -1.50335470e-01 0.0
-9.45836645e-03 9.05078541e-02 0.0
-3.39838542e-02 2.05152224e-01 0.0
-6.12419039e-02 2.61685188e-01 0.0
-7.96253203e-02 2.78725344e-01 0.0
-8.60266430e-02 2.72702980e-01 0.0
-8.17143523e-02 2.54900899e-01 0.0
-6.94099611e-02 2.32156049e-01 0.0
-5.18476327e-02 2.08279339e-01 0.0
-3.12537522e-02 1.85236134e-01 0.0
-9.26361273e-03 1.63936690e-01 0.0
1.29974384e-02 1.44716419e-01 0.0
3.47944507e-02 1.27612070e-01 0.0
5.56731678e-02 1.12515035e-01 0.0
7.53736743e-02 9.92538327e-02 0.0
9.37670161e-02 8.76373272e-02 0.0
1.10810526e-01 7.74762946e-02 0.0
1.26516942e-01 6.85936341e-02 0.0
1.40933415e-01 6.08283773e-02 0.0
1.54127307e-01 5.40367829e-02 0.0
1.66176717e-01 4.80917429e-02 0.0
1.77164156e-01 4.28816905e-02 0.0
1.87172450e-01 3.83090541e-02 0.0
1.96282073e-01 3.42888631e-02 0.0
2.04569538e-01 3.07471934e-02 0.0
2.12106420e-01 2.76199194e-02 0.0
2.18958888e-01 2.48513478e-02 0.0
2.25187497e-01 2.23931809e-02 0.0
2.30847207e-01 2.02033419e-02 0.0
2.35987492e-01 1.82451203e-02 0.0
2.40652516e-01 1.64861438e-02 0.0
2.44881311e-01 1.48976450e-02 0.0
2.48707940e-01 1.34535088e-02 0.0
2.52161576e-01 1.21295708e-02 0.0
2.55266511e-01 1.09026315e-02 0.0
2.58042009e-01 9.74965138e-03 0.0
2.60501994e-01 8.64656751e-03 0.0
2.62654498e-01 7.56718220e-03 0.0
2.64500797e-01 6.48154039e-03 0.0
2.66034161e-01 5.35422212e-03 0.0
2.67238084e-01 4.14194871e-03 0.0
2.68083893e-01 2.79090312e-03 0.0
2.68527552e-01 1.23315946e-03 0.0
2.68505526e-01 -6.17392476e-04 0.0
2.67929505e-01 -2.87021083e-03 0.0
2.66679878e-01 -5.66396927e-03 0.0
2.64597788e-01 -9.17368360e-03 0.0
2.61475820e-01 -1.36187578e-02 0.0
2.57047378e-01 -1.92725869e-02 0.0
2.50975221e-01 -2.64736602e-02 0.0
2.42839916e-01 -3.56392642e-02 0.0
2.32129975e-01 -4.72825080e-02 0.0
2.18236902e-01 -6.20345566e-02 0.0
2.00461837e-01 -8.06728598e-02 0.0
1.78046856e-01 -1.04153916e-01 0.0
1.50256805e-01 -1.33638234e-01 0.0
1.16559085e-01 -1.70468221e-01 0.0
7.69797453e-02 -2.15995215e-01 0.0
3.27356497e-02 -2.71025167e-01 0.0
-1.28112794e-02 -3.34449811e-01 0.0
-5.31200733e-02 -4.00443995e-01 0.0
-7.83477266e-02 -4.53831508e-01 0.0
-7.83158959e-02 -4.64795026e-01 0.0
-5.11337999e-02 -3.88229489e-01 0.0
-1.57062655e-02 -1.78279745e-01 0.0
-1.38080555e-02 1.13729529e-01 0.0
-4.48959685e-02 2.37499207e-01 0.0
-7.17509143e-02 2.83451207e-01 0.0
-8.14170102e-02 2.85008848e-01 0.0
-7.41045079e-02 2.65508308e-01 0.0
-5.44754652e-02 2.38154253e-01 0.0
-2.74318933e-02 2.09554749e-01 0.0
3.22683093e-03 1.82659608e-01 0.0
3.49258940e-02 1.58562945e-01 0.0
6.60633732e-02 1.37482288e-01 0.0
9.57173878e-02 1.19255783e-01 0.0
1.23410623e-01 1.03582490e-01 0.0
1.48944205e-01 9.01323505e-02 0.0
1.72287509e-01 7.85927428e-02 0.0
1.93507604e-01 6.86850184e-02 0.0
2.12724910e-01 6.01678279e-02 0.0
2.30085832e-01 5.28348062e-02 0.0
2.45746044e-01 4.65105657e-02 0.0
2.59860553e-01 4.10462391e-02 0.0
2.72577931e-01 3.63155489e-02 0.0
2.84037209e-01 3.22112175e-02 0.0
2.94366382e-01 2.86421133e-02 0.0
3.03681950e-01 2.55306650e-02 0.0
3.12089047e-01 2.28108858e-02 0.0
3.19681948e-01 2.04265001e-02 0.0
3.26544749e-01 1.83295567e-02 0.0
3.32752152e-01 1.64790195e-02 0.0
3.38370241e-01 1.48397637e-02 0.0
3.43457249e-01 1.33814661e-02 0.0
3.48064238e-01 1.20778468e-02 0.0
3.52235704e-01 1.09057424e-02 0.0
3.56010063e-01 9.84448634e-03 0.0
3.59420022e-01 8.87506009e-03 0.0
3.62492793e-01 7.97949987e-03 0.0
3.65250136e-01 7.14000549e-03 0.0
3.67708195e-01 6.33823148e-03 0.0
3.69877080e-01 5.55419210e-03 0.0
3.71760127e-01 4.76524567e-03 0.0
3.73352766e-01 3.94457561e-03 0.0
3.74640886e-01 3.05961266e-03 0.0
3.75598569e-01 2.06980678e-03 0.0
3.76185053e-01 9.24170904e-04 0.0
3.76340726e-01 -4.41993147e-04 0.0
3.75981978e-01 -2.11078576e-03 0.0
3.74994667e-01 -4.18640198e-03 0.0
3.73226032e-01 -6.80047372e-03 0.0
3.70474789e-01 -1.01187049e-02 0.0
3.66479299e-01 -1.43486601e-02 0.0
3.60903629e-01 -1.97497122e-02 0.0
3.53321541e-01 -2.66457743e-02 0.0
3.43198585e-01 -3.54430577e-02 0.0
3.29873193e-01 -4.66555035e-02 0.0
3.12539165e-01 -6.09427815e-02 0.0
2.90236232e-01 -7.91660468e-02 0.0
2.61865306e-01 -1.02465093e-01 0.0
2.26268061e-01 -1.32346369e-01 0.0
1.82456876e-01 -1.70726515e-01 0.0
1.30160021e-01 -2.19752894e-01 0.0
7.09290677e-02 -2.80944181e-01 0.0
9.97724965e-03 -3.52688997e-01 0.0
-4.17902358e-02 -4.24591352e-01 0.0
-6.81840287e-02 -4.67673209e-01 0.0
-5.65512587e-02 -4.24166163e-01 0.0
-2.01679260e-02 -2.13849471e-01 0.0
-2.03922261e-02 1.47879422e-01 0.0
-5.72060332e-02 2.71200647e-01 0.0
-7.46125118e-02 2.94011198e-01 0.0
-6.38841424e-02 2.73386590e-01 0.0
-3.30716732e-02 2.39005606e-01 0.0
8.31548322e-03 2.03640769e-01 0.0
5.34544161e-02 1.71885745e-01 0.0
9.82787268e-02 1.44845594e-01 0.0
1.40652842e-01 1.22303801e-01 0.0
1.79616556e-01 1.03640259e-01 0.0
2.14871579e-01 8.81887984e-02 0.0
2.46469844e-01 7.53579981e-02 0.0
2.74634805e-01 6.46583287e-02 0.0
2.99662699e-01 5.56955956e-02 0.0
3.21869648e-01 4.81551538e-02 0.0
3.41564458e-01 4.17856081e-02 0.0
3.59035493e-01 3.63851054e-02 0.0
3.74545233e-01 3.17903513e-02 0.0
3.88328879e-01 2.78683370e-02 0.0
4.00595093e-01 2.45098992e-02 0.0
4.11527733e-01 2.16249911e-02 0.0
4.21288057e-01 1.91388851e-02 0.0
4.30017018e-01 1.69894081e-02 0.0
4.37837532e-01 1.51245770e-02 0.0
4.44856584e-01 1.35009030e-02 0.0
4.51167173e-01 1.20818116e-02 0.0
4.56850035e-01 1.08365479e-02 0.0
4.61975187e-01 9.73904404e-03 0.0
4.66603236e-01 8.76717775e-03 0.0
4.70786529e-01 7.90190406e-03 0.0
4.74570078e-01 7.12672166e-03 0.0
4.77992326e-01 6.42695122e-03 0.0
4.81085709e-01 5.78930365e-03 0.0
4.83877040e-01 5.20120632e-03 0.0
4.86387678e-01 4.65037056e-03 0.0
4.88633478e-01 4.12405824e-03 0.0
4.90624483e-01 3.60852706e-03 0.0
4.92364294e-01 3.08810290e-03 0.0
4.93849076e-01 2.54434755e-03 0.0
4.95066083e-01 1.95476365e-03 0.0
4.95991617e-01 1.29148828e-03 0.0
4.96588254e-01 5.19416250e-04 0.0
4.96801205e-01 -4.05816024e-04 0.0
4.96553579e-01 -1.54054170e-03 0.0
4.95740361e-01 -2.95607304e-03 0.0
4.94220821e-01 -4.74258492e-03 0.0
4.91809097e-01 -7.01358456e-03 0.0
4.88262553e-01 -9.91170644e-03 0.0
4.83267544e-01 -1.36159477e-02 0.0
4.76421903e-01 -1.83517733e-02 0.0
4.67213377e-01 -2.44055423e-02 0.0
4.54992713e-01 -3.21469295e-02 0.0
4.38940026e-01 -4.20646105e-02 0.0
4.18023474e-01 -5.48247038e-02 0.0
3.90953107e-01 -7.13651163e-02 0.0
3.56145740e-01 -9.30417087e-02 0.0
3.11755238e-01 -1.21829467e-01 0.0
2.55919200e-01 -1.60517029e-01 0.0
1.87576385e-01 -2.12606260e-01 0.0
1.08502014e-01 -2.81000712e-01 0.0
2.71767937e-02 -3.63186920e-01 0.0
-3.68201920e-02 -4.38686852e-01 0.0
-5.60718437e-02 -4.45533632e-01 0.0
-2.54598885e-02 -2.59170578e-01 0.0
-2.74293048e-02 1.95644704e-01 0.0
-5.93656998e-02 2.92129321e-01 0.0
-4.47099012e-02 2.75833208e-01 0.0
5.22394540e-03 2.30902372e-01 0.0
6.97778871e-02 1.86123420e-01 0.0
1.36021175e-01 1.48892520e-01 0.0
1.97877277e-01 1.19638969e-01 0.0
2.53156220e-01 9.69891294e-02 0.0
3.01531928e-01 7.94104565e-02 0.0
3.43462740e-01 6.56390950e-02 0.0
3.79673660e-01 5.47240378e-02 0.0
4.10926776e-01 4.59713974e-02 0.0
4.37929335e-01 3.88774308e-02 0.0
4.61304144e-01 3.30738144e-02 0.0
4.81586600e-01 2.82875539e-02 0.0
4.99231899e-01 2.43131249e-02 0.0
5.14625300e-01 2.09931802e-02 0.0
5.28092410e-01 1.82054554e-02 0.0
5.39908480e-01 1.58535468e-02 0.0
5.50306368e-01 1.38606190e-02 0.0
5.59483293e-01 1.21647390e-02 0.0
5.67606461e-01 1.07156784e-02 0.0
5.74817804e-01 9.47234509e-03 0.0
5.81237917e-01 8.40104915e-03 0.0
5.86969383e-01 7.47394868e-03 0.0
5.92099547e-01 6.66805098e-03 0.0
5.96702849e-01 5.96418154e-03 0.0
6.00842766e-01 5.34638122e-03 0.0
6.04573433e-01 4.80116215e-03 0.0
6.07940970e-01 4.31712987e-03 0.0
6.10984556e-01 3.88440053e-03 0.0
6.13737273e-01 3.49434751e-03 0.0
6.16226738e-01 3.13909839e-03 0.0
6.18475528e-01 2.81133084e-03 0.0
6.20501398e-01 2.50377985e-03 0.0
6.22317277e-01 2.20900969e-03 0.0
6.23931031e-01 1.91885641e-03 0.0
6.25344941e-01 1.62409141e-03 0.0
6.26554849e-01 1.31370863e-03 0.0
6.27548907e-01 9.74376134e-04 0.0
6.28305831e-01 5.89456620e-04 0.0
6.28792557e-01 1.38122233e-04 0.0
6.28961145e-01 -4.06024530e-04 0.0
6.28744795e-01 -1.07632133e-03 0.0
6.28052746e-01 -1.91499148e-03 0.0
6.26763865e-01 -2.97521213e-03 0.0
6.24718594e-01 -4.32392905e-03 0.0
6.21708933e-01 -6.04512643e-03 0.0
6.17465861e-01 -8.24441589e-03 0.0
6.11643429e-01 -1.10552044e-02 0.0
6.03798117e-01 -1.46482453e-02 0.0
5.93361239e-01 -1.92466597e-02 0.0
5.79600517e-01 -2.51514462e-02 0.0
5.61564671e-01 -3.27854487e-02 0.0
5.38001752e-01 -4.27710630e-02 0.0
5.07240429e-01 -5.60670537e-02 0.0
4.67032176e-01 -7.42053498e-02 0.0
4.14402612e-01 -9.96755316e-02 0.0
3.45742178e-01 -1.36444494e-01 0.0
2.57884485e-01 -1.90230403e-01 0.0
1.51975687e-01 -2.66723200e-01 0.0
4.25699790e-02 -3.61747872e-01 0.0
-3.15124914e-02 -4.29138484e-01 0.0
-2.65298529e-02 -3.10850142e-01 0.0
-1.68853228e-02 2.39896948e-01 0.0
2.03045557e-03 2.60835310e-01 0.0
9.10234527e-02 2.03478427e-01 0.0
1.95617925e-01 1.48728837e-01 0.0
2.90901284e-01 1.08459661e-01 0.0
3.70710862e-01 8.05034200e-02 0.0
4.35740637e-01 6.11422023e-02 0.0
4.88455575e-01 4.74920245e-02 0.0
5.31361581e-01 3.76258584e-02 0.0
5.66546029e-01 3.03084446e-02 0.0
5.95639121e-01 2.47506908e-02 0.0
6.19889366e-01 2.04413963e-02 0.0
6.40252418e-01 1.70418378e-02 0.0
6.57465537e-01 1.43214948e-02 0.0
6.72103851e-01 1.21191215e-02 0.0
6.84621300e-01 1.03188275e-02 0.0
6.95380115e-01 8.83528180e-03 0.0
7.04672158e-01 7.60422064e-03 0.0
7.12734513e-01 6.57637951e-03 0.0
7.19761087e-01 5.71334572e-03 0.0
7.25911361e-01 4.98483739e-03 0.0
7.31317116e-01 4.36667979e-03 0.0
7.36087667e-01 3.83947497e-03 0.0
7.40314004e-01 3.38749439e-03 0.0
7.44072088e-01 2.99797911e-03 0.0
7.47425509e-01 2.66046283e-03 0.0
7.50427620e-01 2.36638426e-03 0.0
7.53123279e-01 2.10862947e-03 0.0
7.55550242e-01 1.88131119e-03 0.0
7.57740285e-01 1.67942983e-03 0.0
7.59720083e-01 1.49874540e-03 0.0
7.61511895e-01 1.33550172e-03 0.0
7.63134058e-01 1.18634498e-03 0.0
7.64601308e-01 1.04807297e-03 0.0
7.65924942e-01 9.17563430e-04 0.0
7.67112803e-01 7.91514056e-04 0.0
7.68169086e-01 6.66343729e-04 0.0
7.69093922e-01 5.37885839e-04 0.0
7.69882736e-01 4.01220302e-04 0.0
7.70525295e-01 2.50276223e-04 0.0
7.71004409e-01 7.75452181e-05 0.0
7.71294202e-01 -1.26458083e-04 0.0
7.71357854e-01 -3.73658518e-04 0.0
7.71144705e-01 -6.79162543e-04 0.0
7.70586596e-01 -1.06196807e-03 0.0
7.69593267e-01 -1.54599964e-03 0.0
7.68046622e-01 -2.16120340e-03 0.0
7.65793563e-01 -2.94510949e-03 0.0
7.62636972e-01 -3.94474852e-03 0.0
7.58324125e-01 -5.21957140e-03 0.0
7.52531357e-01 -6.84577973e-03 0.0
7.44842768e-01 -8.92363923e-03 0.0
7.34719049e-01 -1.15900090e-02 0.0
7.21449141e-01 -1.50411153e-02 0.0
7.04071388e-01 -1.95747102e-02 0.0
6.81239855e-01 -2.56705357e-02 0.0
6.50993122e-01 -3.41468712e-02 0.0
6.10358729e-01 -4.64700416e-02 0.0
5.54730006e-01 -6.53608182e-02 0.0
4.77165646e-01 -9.58920177e-02 0.0
3.68894339e-01 -1.46881475e-01 0.0
2.26074747e-01 -2.29364291e-01 0.0
7.38346358e-02 -3.35199481e-01 0.0
7.21424926e-04 -3.36343239e-01 0.0
1.18028192e-01 1.28374748e-01 0.0
3.39537859e-01 1.12517106e-01 0.0
5.12119676e-01 7.51432637e-02 0.0
6.25961088e-01 4.86631339e-02 0.0
7.00381735e-01 3.22894360e-02 0.0
7.50541214e-01 2.22873175e-02 0.0
7.85738011e-01 1.60206073e-02 0.0
8.11419234e-01 1.19390397e-02 0.0
8.30800202e-01 9.16689980e-03 0.0
8.45834163e-01 7.20803073e-03 0.0
8.57753485e-01 5.77499327e-03 0.0
8.67367974e-01 4.69593092e-03 0.0
8.75231166e-01 3.86416288e-03 0.0
8.81735167e-01 3.21094789e-03 0.0
8.87166412e-01 2.69020615e-03 0.0
8.91739561e-01 2.27004817e-03 0.0
8.95618851e-01 1.92760203e-03 0.0
8.98932043e-01 1.64613247e-03 0.0
9.01779832e-01 1.41299424e-03 0.0
9.04242418e-01 1.21858621e-03 0.0
9.06384208e-01 1.05537244e-03 0.0
9.08257283e-01 9.17513747e-04 0.0
9.09903998e-01 8.00292752e-04 0.0
9.11358963e-01 7.00028816e-04 0.0
9.12650592e-01 6.13670742e-04 0.0
9.13802294e-01 5.38845764e-04 0.0
9.14833432e-01 4.73527436e-04 0.0
9.15760061e-01 4.16155350e-04 0.0
9.16595520e-01 3.65338734e-04 0.0
9.17350891e-01 3.20016468e-04 0.0
9.18035345e-01 2.79177803e-04 0.0
9.18656409e-01 2.42045300e-04 0.0
9.19220141e-01 2.07802492e-04 0.0
9.19731232e-01 1.75787344e-04 0.0
9.20193047e-01 1.45219634e-04 0.0
9.20607573e-01 1.15393877e-04 0.0
9.20975307e-01 8.53996499e-05 0.0
9.21295034e-01 5.43024532e-05 0.0
9.21563513e-01 2.08493677e-05 0.0
9.21775032e-01 -1.63748795e-05 0.0
9.21920808e-01 -5.92658288e-05 0.0
9.21988210e-01 -1.10082037e-04 0.0
9.21959757e-01 -1.71796680e-04 0.0
9.21811861e-01 -2.48034644e-04 0.0
9.21513247e-01 -3.43470826e-04 0.0
9.21023012e-01 -4.63843848e-04 0.0
9.20288220e-01 -6.16430217e-04 0.0
9.19240941e-01 -8.10192785e-04 0.0
9.17794537e-01 -1.05643561e-03 0.0
9.15838920e-01 -1.36929741e-03 0.0
9.13234198e-01 -1.76698989e-03 0.0
9.09801719e-01 -2.27342178e-03 0.0
9.05310529e-01 -2.92153889e-03 0.0
8.99455508e-01 -3.75906662e-03 0.0
8.91819666e-01 -4.85996593e-03 0.0
8.81805267e-01 -6.34688840e-03 0.0
8.68500771e-01 -8.43844561e-03 0.0
8.50409003e-01 -1.15528128e-02 0.0
8.24858670e-01 -1.65482532e-02 0.0
7.86667566e-01 -2.52959841e-02 0.0
7.25105767e-01 -4.19551064e-02 0.0
6.18043396e-01 -7.47579802e-02 0.0
4.28693816e-01 -1.31403849e-01 0.0
1.53981756e-01 -1.67731306e-01 0.0
SCALARS velocity_magnitude double 1
LOOKUP_TABLE default
6.08601883e-05
5.77477584e-05
2.79941465e-05
1.02815881e-04
2.45995952e-04
4.37690001e-04
6.66726854e-04
9.23404994e-04
1.19946922e-03
1.48799657e-03
1.78330911e-03
2.08086675e-03
2.37710849e-03
2.66927769e-03
2.95524632e-03
3.23336276e-03
3.50232043e-03
3.76105636e-03
4.00867057e-03
4.24437031e-03
4.46742868e-03
4.67716053e-03
4.87290544e-03
5.05402151e-03
5.21988078e-03
5.36987145e-03
5.50339830e-03
5.61988823e-03
5.71879214e-03
5.79959152e-03
5.86180053e-03
5.90497291e-03
5.92870382e-03
5.93263703e-03
5.91646648e-03
5.87994375e-03
5.82287943e-03
5.74515097e-03
5.64670423e-03
5.52756215e-03
5.38782732e-03
5.22769296e-03
5.04744860e-03
4.84749640e-03
4.62836411e-03
4.39073223e-03
4.13546091e-03
3.86363563e-03
3.57661660e-03
3.27611151e-03
2.96425514e-03
2.64371533e-03
2.31780678e-03
1.99063247e-03
1.66723221e-03
1.35376311e-03
1.05771093e-03
7.88267622e-04
5.57254869e-04
3.81676594e-04
2.86958789e-04
2.91640766e-04
3.72712590e-04
2.68320585e-04
1.10707793e-04
1.52499754e-04
3.06046141e-04
6.26654246e-04
1.06499742e-03
1.60535907e-03
2.23131964e-03
2.92455431e-03
3.66716819e-03
4.44296728e-03
5.23796723e-03
6.04049368e-03
6.84103003e-03
7.63194319e-03
8.40715248e-03
9.16181025e-03
9.89200625e-03
1.05945260e-02
1.12666498e-02
1.19060072e-02
1.25104639e-02
1.30780508e-02
1.36069123e-02
1.40952809e-02
1.45414595e-02
1.49438197e-02
1.53008008e-02
1.56109170e-02
1.58727636e-02
1.60850273e-02
1.62464951e-02
1.63560649e-02
1.64127559e-02
1.64157187e-02
1.63642466e-02
1.62577862e-02
1.60959487e-02
1.58785212e-02
1.56054807e-02
1.52770062e-02
1.48934981e-02
1.44555960e-02
1.39642089e-02
1.34205462e-02
1.28261693e-02
1.21830497e-02
1.14936563e-02
1.07610579e-02
9.98906340e-03
9.18238228e-03
8.34682743e-03
7.48953340e-03
6.61920657e-03
5.74636681e-03
4.88358204e-03
4.04563332e-03
3.24960223e-03
2.51486939e-03
1.86330706e-03
1.32068752e-03
9.22071147e-04
7.13418276e-04
6.69865298e-04
4.31777680e-04
8.33684486e-05
2.69499985e-04
6.95014415e-04
1.28981610e-03
2.01894260e-03
2.87246599e-03
3.83675323e-03
4.89241333e-03
6.01786573e-03
7.19205073e-03
8.39582694e-03
9.61254392e-03
1.08281436e-02
1.20309872e-02
1.32115480e-02
1.43620466e-02
1.54760974e-02
1.65483843e-02
1.75743950e-02
1.85502037e-02
1.94723126e-02
2.03375330e-02
2.11429083e-02
2.18856617e-02
2.25631689e-02
2.31729423e-02
2.37126289e-02
2.41800123e-02
2.45730213e-02
2.48897391e-02
2.51284166e-02
2.52874847e-02
2.53655681e-02
2.53615004e-02
2.52743382e-02
2.51033773e-02
2.48481680e-02
2.45085340e-02
2.40845898e-02
2.35767651e-02
2.29858286e-02
2.23129242e-02
2.15596096e-02
2.07279156e-02
1.98204143e-02
1.88403180e-02
1.77915974e-02
1.66791387e-02
1.55089285e-02
1.42882796e-02
1.30260789e-02
1.17330584e-02
1.04220510e-02
9.10820783e-03
7.80910167e-03
6.54465001e-03
5.33673202e-03
4.20840390e-03
3.18269269e-03
2.28172299e-03
1.53018771e-03
9.73613404e-04
6.74245317e-04
3.47637182e-04
1.02999612e-04
5.35578160e-04
1.23355492e-03
2.10837936e-03
3.12013706e-03
4.25886888e-03
5.51473890e-03
6.87127634e-03
8.30771010e-03
9.80205506e-03
1.13331131e-02
1.28815544e-02
1.44303899e-02
1.59650623e-02
1.74732907e-02
1.89447939e-02
2.03709564e-02
2.17445064e-02
2.30592184e-02
2.43096732e-02
2.54910597e-02
2.65990341e-02
2.76296115e-02
2.85791003e-02
2.94440532e-02
3.02212464e-02
3.09076643e-02
3.15005009e-02
3.19971618e-02
3.23952750e-02
3.26927015e-02
3.28875498e-02
3.29781908e-02
3.29632745e-02
3.28417471e-02
3.26128700e-02
3.22762400e-02
3.18318106e-02
3.12799186e-02
3.06213109e-02
2.98571828e-02
2.89892185e-02
2.80196503e-02
2.69513270e-02
2.57878099e-02
2.45334864e-02
2.31937216e-02
2.17750329e-02
2.02853069e-02
1.87340313e-02
1.71325510e-02
1.54943016e-02
1.38350007e-02
1.21727202e-02
1.05277782e-02
8.92233488e-03
7.37960641e-03
5.92258822e-03
4.57234063e-03
3.34662629e-03
2.26289315e-03
1.35703818e-03
7.25093089e-04
2.75327367e-04
2.30107725e-04
9.46151834e-04
1.93432725e-03
3.09710940e-03
4.38593793e-03
5.78912497e-03
7.30054008e-03
8.90863859e-03
1.05965506e-02
1.23445659e-02
1.41322446e-02
1.59398288e-02
1.77490985e-02
1.95437910e-02
2.13097112e-02
2.30346252e-02
2.47080466e-02
2.63209658e-02
2.78655893e-02
2.93350941e-02
3.07234319e-02
3.20251651e-02
3.32353521e-02
3.43494570e-02
3.53632968e-02
3.62729999e-02
3.70749905e-02
3.77659756e-02
3.83429483e-02
3.88031900e-02
3.91442830e-02
3.93641207e-02
3.94609247e-02
3.94332605e-02
3.92800569e-02
3.90006271e-02
3.85946908e-02
3.80624019e-02
3.74043761e-02
3.66217291e-02
3.57161168e-02
3.46897914e-02
3.35456650e-02
3.22873973e-02
3.09194969e-02
2.94474565e-02
2.78779048e-02
2.62187955e-02
2.44796071e-02
2.26715605e-02
2.08078130e-02
1.89036125e-02
1.69763408e-02
1.50453984e-02
1.31318375e-02
1.12576940e-02
9.44496851e-03
7.71430302e-03
6.08352299e-03
4.56700453e-03
3.17958527e-03
1.95438927e-03
9.83749379e-04
2.85593601e-04
4.21238492e-04
1.48157109e-03
2.78977417e-03
4.25074079e-03
5.81275082e-03
7.46383989e-03
9.20192254e-03
1.10214729e-02
1.29114980e-02
1.48569435e-02
1.68404621e-02
1.88439116e-02
2.08494837e-02
2.28404660e-02
2.48016535e-02
2.67194991e-02
2.85820701e-02
3.03789093e-02
3.21008369e-02
3.37397575e-02
3.52884706e-02
3.67405213e-02
3.80900709e-02
3.93318077e-02
4.04608744e-02
4.14728264e-02
4.23635979e-02
4.31294898e-02
4.37671592e-02
4.42736237e-02
4.46462642e-02
4.48828383e-02
4.49814917e-02
4.49407763e-02
4.47596690e-02
4.44375939e-02
4.39744482e-02
4.33706307e-02
4.26270776e-02
4.17453013e-02
4.07274428e-02
3.95763291e-02
3.82955514e-02
3.68895532e-02
3.53637454e-02
3.37246340e-02
3.19799766e-02
3.01389432e-02
2.82122909e-02
2.62125097e-02
2.41539321e-02
2.20527400e-02
1.99268360e-02
1.77954989e-02
1.56787946e-02
1.35967197e-02
1.15681619e-02
9.60981635e-03
7.73535330e-03
5.95574420e-03
4.28410396e-03
2.75272339e-03
1.44726437e-03
4.17815455e-04
6.59139697e-04
2.12578615e-03
3.78723638e-03
5.55898659e-03
7.39244666e-03
9.27826450e-03
1.12194773e-02
1.32174841e-02
1.52685175e-02
1.73639077e-02
1.94912613e-02
2.16358026e-02
2.37816491e-02
2.59128473e-02
2.80141104e-02
3.00712458e-02
3.20713546e-02
3.40028517e-02
3.58553981e-02
3.76197694e-02
3.92877235e-02
4.08518603e-02
4.23055119e-02
4.36426414e-02
4.48577755e-02
4.59459453e-02
4.69026537e-02
4.77238471e-02
4.84059062e-02
4.89456373e-02
4.93402778e-02
4.95875001e-02
4.96854258e-02
4.96326394e-02
4.94282090e-02
4.90717088e-02
4.85632461e-02
4.79034948e-02
4.70937320e-02
4.61358854e-02
4.50325864e-02
4.37872382e-02
4.24040924e-02
4.08883467e-02
3.92462496e-02
3.74852276e-02
3.56140106e-02
3.36427644e-02
3.15831915e-02
2.94485940e-02
2.72538410e-02
2.50152143e-02
2.27500630e-02
2.04762487e-02
1.82113583e-02
1.59717707e-02
1.37717260e-02
1.16226395e-02
9.53292538e-03
7.50910063e-03
5.56103516e-03
3.71781472e-03
2.05613220e-03
6.31446101e-04
9.34592542e-04
2.86354246e-03
4.91239458e-03
7.01072164e-03
9.11767214e-03
1.12294956e-02
1.33558566e-02
1.55060652e-02
1.76846508e-02
1.98906514e-02
2.21181075e-02
2.43571004e-02
2.65950231e-02
2.88178284e-02
3.10110493e-02
3.31605404e-02
3.52529307e-02
3.72758679e-02
3.92180920e-02
4.10694258e-02
4.28206954e-02
4.44636453e-02
4.59908349e-02
4.73955587e-02
4.86717662e-02
4.98140102e-02
5.08173970e-02
5.16775612e-02
5.23906409e-02
5.29532717e-02
5.33625796e-02
5.36161878e-02
5.37122234e-02
5.36493331e-02
5.34267009e-02
5.30440728e-02
5.25017854e-02
5.18008004e-02
5.09427472e-02
4.99299707e-02
4.87655925e-02
4.74535771e-02
4.59988152e-02
4.44072111e-02
4.26857855e-02
4.08427719e-02
3.88877153e-02
3.68315341e-02
3.46865439e-02
3.24663868e-02
3.01858475e-02
2.78604923e-02
2.55061169e-02
2.31379763e-02
2.07698661e-02
1.84131808e-02
1.60761965e-02
1.37638180e-02
1.14780012e-02
9.21938823e-03
6.99263214e-03
4.82099295e-03
2.77046561e-03
8.92652108e-04
1.24043901e-03
3.68065329e-03
6.15046473e-03
8.59407942e-03
1.09809937e-02
1.33153833e-02
1.56150150e-02
1.78980988e-02
2.01783809e-02
2.24636557e-02
2.47555981e-02
2.70503971e-02
2.93399260e-02
3.16130984e-02
3.38571501e-02
3.60586644e-02
3.82043220e-02
4.02813726e-02
4.22779098e-02
4.41829822e-02
4.59866215e-02
4.76798003e-02
4.92543780e-02
5.07030229e-02
5.20191527e-02
5.31968689e-02
5.42309156e-02
5.51166371e-02
5.58499580e-02
5.64273617e-02
5.68458871e-02
5.71031245e-02
5.71972248e-02
5.71269100e-02
5.68914927e-02
5.64908993e-02
5.59257013e-02
5.51971520e-02
5.43072304e-02
5.32586949e-02
5.20551422e-02
5.07010799e-02
4.92019994e-02
4.75644623e-02
4.57961750e-02
4.39060619e-02
4.19043002e-02
3.98023134e-02
3.76126725e-02
3.53488866e-02
3.30250246e-02
3.06551518e-02
2.82525514e-02
2.58287839e-02
2.33926737e-02
2.09494457e-02
1.85002705e-02
1.60424670e-02
1.35704424e-02
1.10777304e-02
8.56227806e-03
6.04000658e-03
3.56603570e-03
1.18578402e-03
1.57109454e-03
4.56489710e-03
7.48751302e-03
1.02969809e-02
1.29742504e-02
1.55329064e-02
1.79999723e-02
2.04034065e-02
2.27669254e-02
2.51079091e-02
2.74366161e-02
2.97563866e-02
3.20646118e-02
3.43541368e-02
3.66147254e-02
3.88343740e-02
4.10003343e-02
4.30998596e-02
4.51206763e-02
4.70512714e-02
4.88810185e-02
5.06002277e-02
5.22001220e-02
5.36728029e-02
5.50111875e-02
5.62089619e-02
5.72605251e-02
5.81609560e-02
5.89059761e-02
5.94919343e-02
5.99157890e-02
6.01751092e-02
6.02680736e-02
6.01934846e-02
5.99507839e-02
5.95400780e-02
5.89621698e-02
5.82185969e-02
5.73116791e-02
5.62445714e-02
5.50213269e-02
5.36469614e-02
5.21275264e-02
5.04701700e-02
4.86831939e-02
4.67760706e-02
4.47594193e-02
4.26448905e-02
4.04449443e-02
3.81724603e-02
3.58401683e-02
3.34598566e-02
3.10414002e-02
2.85916660e-02
2.61134799e-02
2.36048914e-02
2.10590426e-02
1.84648182e-02
1.58082699e-02
1.30750018e-02
1.02554612e-02
7.35775394e-03
4.42697377e-03
1.50260867e-03
1.92238938e-03
5.50647921e-03
8.91153837e-03
1.21082074e-02
1.50891131e-02
1.78780437e-02
2.05120528e-02
2.30294769e-02
2.54645734e-02
2.78449221e-02
3.01900944e-02
3.25114050e-02
3.48126425e-02
3.70914268e-02
3.93408240e-02
4.15508858e-02
4.37099667e-02
4.58057205e-02
4.78258186e-02
4.97583999e-02
5.15923486e-02
5.33174176e-02
5.49242836e-02
5.64045307e-02
5.77506246e-02
5.89558587e-02
6.00143160e-02
6.09208190e-02
6.16709032e-02
6.22607854e-02
6.26873524e-02
6.29481496e-02
6.30413851e-02
6.29659364e-02
6.27213694e-02
6.23079616e-02
6.17267360e-02
6.09795011e-02
6.00688977e-02
5.89984561e-02
5.77726521e-02
5.63969722e-02
5.48779661e-02
5.32232944e-02
5.14417375e-02
4.95431655e-02
4.75384187e-02
4.54390876e-02
4.32571269e-02
4.10042921e-02
3.86913478e-02
3.63270747e-02
3.39171068e-02
3.14627468e-02
2.89599546e-02
2.63988134e-02
2.37637454e-02
2.10346219e-02
1.81886428e-02
1.52030749e-02
1.20606196e-02
8.76174632e-03
5.34277488e-03
1.83835541e-03
2.29136489e-03
6.49807461e-03
1.04130574e-02
1.40183453e-02
1.73180515e-02
2.03465212e-02
2.31513025e-02
2.57815380e-02
2.82824196e-02
3.06921602e-02
3.30401602e-02
3.53463376e-02
3.76215701e-02
3.98689753e-02
4.20855927e-02
4.42641397e-02
4.63945690e-02
4.84653486e-02
5.04643988e-02
5.23797565e-02
5.41999815e-02
5.59144073e-02
5.75132473e-02
5.89876441e-02
6.03296516e-02
6.15322132e-02
6.25891116e-02
6.34949367e-02
6.42450419e-02
6.48355228e-02
6.52631910e-02
6.55255701e-02
6.56208890e-02
6.55480940e-02
6.53068624e-02
6.48976292e-02
6.43216201e-02
6.35808922e-02
6.26783839e-02
6.16179662e-02
6.04045008e-02
5.90438887e-02
5.75431133e-02
5.59102486e-02
5.41544321e-02
5.22857526e-02
5.03150451e-02
4.82535254e-02
4.61122526e-02
4.39013562e-02
4.16290480e-02
3.93004177e-02
3.69161338e-02
3.44711970e-02
3.19540220e-02
2.93461360e-02
2.66227767e-02
2.37544487e-02
2.07092579e-02
1.74560116e-02
1.39697501e-02
1.02437862e-02
6.30696182e-03
2.19031614e-03
2.67608841e-03
7.53465980e-03
1.19852702e-02
1.60203302e-02
1.96551212e-02
2.29346729e-02
2.59173032e-02
2.86632418e-02
3.12288851e-02
3.36633614e-02
3.60062552e-02
3.82865242e-02
4.05226664e-02
4.27238612e-02
4.48917025e-02
4.70220964e-02
4.91070704e-02
5.11362855e-02
5.30982337e-02
5.49810831e-02
5.67732665e-02
5.84638274e-02
6.00426311e-02
6.15004462e-02
6.28289809e-02
6.40208604e-02
6.50696051e-02
6.59695840e-02
6.67159876e-02
6.73047900e-02
6.77327342e-02
6.79973136e-02
6.80967740e-02
6.80301163e-02
6.77971161e-02
6.73983461e-02
6.68352121e-02
6.61099940e-02
6.52258928e-02
6.41870835e-02
6.29987607e-02
6.16671814e-02
6.01996764e-02
5.86046325e-02
5.68913965e-02
5.50700965e-02
5.31513112e-02
5.11455767e-02
4.90626581e-02
4.69105946e-02
4.46944934e-02
4.24151634e-02
4.00676897e-02
3.76401917e-02
3.51130226e-02
3.24587477e-02
2.96431176e-02
2.66270762e-02
2.33695337e-02
1.98308633e-02
1.59786607e-02
1.17996379e-02
7.31631694e-03
2.55725427e-03
3.07548065e-03
8.61325301e-03
1.36239610e-02
1.81096266e-02
2.20964113e-02
2.56400848e-02
2.88099262e-02
3.16774668e-02
3.43105008e-02
3.67692685e-02
3.91037612e-02
4.13522767e-02
4.35412964e-02
4.56864994e-02
4.77944808e-02
4.98647936e-02
5.18919403e-02
5.38671447e-02
5.57797583e-02
5.76183348e-02
5.93713602e-02
6.10277495e-02
6.25771235e-02
6.40099756e-02
6.53177241e-02
6.64927352e-02
6.75282936e-02
6.84185811e-02
6.91586338e-02
6.97443202e-02
7.01723110e-02
7.04400714e-02
7.05458519e-02
7.04886984e-02
7.02684649e-02
6.98858411e-02
6.93423860e-02
6.86405685e-02
6.77838157e-02
6.67765561e-02
6.56242631e-02
6.43334726e-02
6.29117774e-02
6.13677531e-02
5.97108129e-02
5.79509233e-02
5.60981701e-02
5.41620967e-02
5.21508145e-02
5.00698359e-02
4.79206956e-02
4.56994149e-02
4.33950125e-02
4.09882757e-02
3.84511305e-02
3.57468905e-02
3.28316204e-02
2.96565679e-02
2.61713900e-02
2.23280657e-02
1.80869588e-02
1.34286713e-02
8.37036440e-03
2.93906085e-03
3.48917414e-03
9.73263725e-03
1.53272645e-02
2.02841647e-02
2.46401986e-02
2.84619585e-02
3.18298795e-02
3.48270004e-02
3.75326952e-02
4.00184627e-02
4.23448583e-02
4.45596999e-02
4.66977047e-02
4.87813438e-02
5.08225654e-02
5.28249138e-02
5.47857226e-02
5.66980809e-02
5.85524874e-02
6.03381006e-02
6.20436636e-02
6.36581039e-02
6.51709334e-02
6.65724546e-02
6.78538831e-02
6.90073733e-02
7.00260277e-02
7.09038631e-02
7.16357914e-02
7.22175810e-02
7.26458422e-02
7.29180054e-02
7.30323227e-02
7.29878682e-02
7.27845581e-02
7.24231734e-02
7.19053955e-02
7.12338468e-02
7.04121329e-02
6.94448856e-02
6.83377873e-02
6.70975783e-02
6.57320073e-02
6.42497231e-02
6.26600429e-02
6.09725885e-02
5.91967085e-02
5.73406802e-02
5.54106221e-02
5.34091593e-02
5.13338508e-02
4.91755421e-02
4.69168038e-02
4.45307701e-02
4.19806618e-02
3.92203290e-02
3.61959677e-02
3.28489842e-02
2.91196657e-02
2.49515612e-02
2.02979063e-02
1.51335444e-02
9.47101019e-03
3.33657237e-03
3.91738483e-03
1.08930892e-02
1.70953761e-02
2.25441365e-02
2.72868953e-02
3.14012412e-02
3.49790206e-02
3.81150360e-02
4.09004431e-02
4.34181549e-02
4.57394009e-02
4.79216451e-02
5.00079803e-02
5.20278748e-02
5.39988557e-02
5.59287353e-02
5.78179384e-02
5.96616960e-02
6.14518818e-02
6.31784867e-02
6.48306795e-02
6.63975684e-02
6.78686688e-02
6.92342097e-02
7.04852741e-02
7.16138824e-02
7.26129948e-02
7.34765122e-02
7.41992403e-02
7.47768734e-02
7.52059636e-02
7.54839139e-02
7.56089673e-02
7.55802170e-02
7.53976193e-02
7.50620210e-02
7.45751930e-02
7.39398683e-02
7.31597842e-02
7.22397123e-02
7.11854774e-02
7.00039320e-02
6.87028845e-02
6.72909225e-02
6.57771243e-02
6.41705747e-02
6.24796791e-02
6.07111882e-02
5.88689585e-02
5.69524163e-02
5.49548482e-02
5.28616173e-02
5.06485839e-02
4.82809818e-02
4.57131232e-02
4.28891863e-02
3.97452919e-02
3.62127651e-02
3.22222861e-02
2.77087709e-02
2.26182515e-02
1.69199590e-02
1.06223119e-02
3.75144663e-03
4.36081477e-03
1.20961453e-02
1.89302626e-02
2.48917307e-02
3.00388723e-02
3.44605783e-02
3.82604738e-02
4.15454600e-02
4.44187431e-02
4.69748228e-02
4.92957218e-02
5.14486201e-02
5.34850789e-02
5.54416626e-02
5.73416383e-02
5.91972543e-02
6.10122438e-02
6.27841741e-02
6.45065137e-02
6.61702594e-02
6.77651916e-02
6.92807321e-02
7.07065433e-02
7.20328727e-02
7.32507741e-02
7.43521932e-02
7.53300186e-02
7.61780686e-02
7.68910864e-02
7.74647061e-02
7.78954425e-02
7.81806693e-02
7.83186214e-02
7.83083955e-02
7.81499704e-02
7.78442303e-02
7.73929986e-02
7.67990765e-02
7.60662757e-02
7.51994476e-02
7.42044772e-02
7.30882464e-02
7.18585086e-02
7.05236753e-02
6.90924296e-02
6.75731633e-02
6.59731362e-02
6.42973752e-02
6.25472391e-02
6.07187411e-02
5.88006631e-02
5.67726945e-02
5.46037915e-02
5.22511269e-02
4.96599138e-02
4.67644456e-02
4.34904699e-02
3.97588633e-02
3.54902588e-02
3.06105073e-02
2.50580954e-02
1.87965318e-02
1.18303787e-02
4.18613369e-03
4.82057367e-03
1.33444080e-02
2.08353967e-02
2.73308480e-02
3.29002057e-02
3.76441455e-02
4.16785802e-02
4.51229655e-02
4.80928954e-02
5.06946865e-02
5.30212680e-02
5.51496047e-02
5.71397503e-02
5.90354254e-02
6.08656989e-02
6.26473815e-02
6.43876382e-02
6.60865489e-02
6.77393252e-02
6.93381516e-02
7.08735573e-02
7.23354362e-02
7.37137060e-02
7.49987588e-02
7.61816965e-02
7.72544830e-02
7.82099852e-02
7.90420025e-02
7.97452426e-02
8.03153172e-02
8.07487125e-02
8.10427871e-02
8.11957608e-02
8.12067266e-02
8.10756638e-02
8.08034652e-02
8.03919700e-02
7.98439970e-02
7.91633787e-02
7.83549717e-02
7.74246482e-02
7.63792172e-02
7.52262801e-02
7.39739393e-02
7.26303593e-02
7.12030747e-02
6.96980537e-02
6.81184181e-02
6.64628799e-02
6.47238712e-02
6.28855492e-02
6.09218015e-02
5.87945906e-02
5.64529015e-02
5.38326962e-02
5.08581152e-02
4.74441460e-02
4.35006572e-02
3.89375528e-02
3.36708601e-02
2.76308309e-02
2.07747862e-02
1.31034026e-02
4.64389233e-03
5.29813700e-03
1.46414102e-02
2.28155353e-02
2.98668194e-02
3.58763813e-02
4.09573828e-02
4.52387248e-02
4.88529997e-02
5.19286258e-02
5.45839962e-02
5.69230910e-02
5.90326920e-02
6.09813599e-02
6.28199539e-02
6.45833810e-02
6.62930511e-02
6.79596677e-02
6.95859196e-02
7.11689141e-02
7.27021438e-02
7.41770462e-02
7.55841009e-02
7.69136222e-02
7.81562377e-02
7.93032114e-02
8.03465907e-02
8.12793048e-02
8.20951752e-02
8.27889308e-02
8.33561811e-02
8.37934141e-02
8.40979759e-02
8.42680771e-02
8.43027930e-02
8.42020856e-02
8.39668263e-02
8.35988282e-02
8.31008802e-02
8.24767685e-02
8.17312891e-02
8.08702074e-02
7.99001737e-02
7.88285173e-02
7.76629258e-02
7.64109025e-02
7.50790079e-02
7.36717695e-02
7.21902971e-02
7.06305314e-02
6.89812592e-02
6.72219442e-02
6.53206614e-02
6.32323423e-02
6.08977457e-02
5.82434297e-02
5.51831032e-02
5.16204793e-02
4.74536728e-02
4.25808520e-02
3.69070621e-02
3.03531405e-02
2.28692765e-02
1.44518265e-02
5.12890050e-03
5.79533015e-03
1.59915322e-02
2.48765371e-02
3.25061272e-02
3.89739501e-02
4.44066519e-02
4.89470430e-02
5.27415957e-02
5.59320538e-02
5.86491946e-02
6.10081687e-02
6.31056107e-02
6.50185408e-02
6.68049311e-02
6.85054862e-02
7.01462466e-02
7.17414848e-02
7.32966030e-02
7.48106902e-02
7.62786918e-02
7.76930588e-02
7.90450044e-02
8.03253380e-02
8.15250530e-02
8.26356529e-02
8.36493725e-02
8.45592582e-02
8.53592289e-02
8.60440672e-02
8.66094284e-02
8.70518155e-02
8.73685835e-02
8.75579289e-02
8.76189049e-02
8.75514337e-02
8.73563345e-02
8.70353538e-02
8.65911923e-02
8.60275303e-02
8.53490167e-02
8.45612306e-02
8.36705497e-02
8.26839338e-02
8.16085214e-02
8.04510489e-02
7.92169648e-02
7.79092654e-02
7.65269410e-02
7.50631249e-02
7.35029239e-02
7.18211565e-02
6.99801289e-02
6.79278301e-02
6.55968031e-02
6.29041315e-02
5.97527872e-02
5.60346328e-02
5.16350573e-02
4.64391465e-02
4.03392685e-02
3.32450227e-02
2.50978132e-02
1.58886490e-02
5.64642367e-03
6.31435969e-03
1.73999812e-02
2.70252095e-02
3.52560966e-02
4.22001145e-02
4.79987818e-02
5.28100264e-02
5.67950784e-02
6.01095755e-02
6.28969563e-02
6.52836506e-02
6.73761105e-02
6.92597617e-02
7.09995942e-02
7.26420784e-02
7.42178519e-02
7.57448073e-02
7.72311035e-02
7.86779295e-02
8.00817712e-02
8.14362392e-02
8.27333789e-02
8.39646363e-02
8.51214575e-02
8.61957070e-02
8.71798732e-02
8.80672136e-02
8.88517894e-02
8.95285027e-02
9.00930785e-02
9.05420729e-02
9.08728549e-02
9.10836175e-02
9.11733784e-02
9.11420027e-02
9.09902247e-02
9.07196771e-02
9.03329195e-02
8.98334481e-02
8.92256899e-02
8.85149288e-02
8.77071752e-02
8.68088852e-02
8.58265415e-02
8.47659707e-02
8.36314145e-02
8.24242213e-02
8.11412214e-02
7.97727030e-02
7.83001583e-02
7.66938435e-02
7.49104763e-02
7.28912619e-02
7.05606907e-02
6.78263707e-02
6.45803253e-02
6.07019394e-02
5.60627587e-02
5.05330381e-02
4.39901542e-02
3.63297437e-02
2.74817547e-02
1.74298634e-02
6.20309582e-03
6.85788931e-03
1.88728245e-02
2.92691414e-02
3.81245024e-02
4.55621697e-02
5.17404777e-02
5.68339885e-02
6.10196975e-02
6.44676647e-02
6.73342099e-02
6.97570340e-02
7.18523314e-02
7.37137943e-02
7.54133486e-02
7.70031435e-02
7.85184201e-02
7.99806949e-02
8.14009759e-02
8.27826212e-02
8.41237977e-02
8.54193711e-02
8.66623692e-02
8.78449677e-02
8.89592023e-02
8.99973745e-02
9.09523383e-02
9.18176173e-02
9.25874985e-02
9.32570380e-02
9.38220857e-02
9.42792660e-02
9.46259885e-02
9.48604395e-02
9.49815985e-02
9.49892503e-02
9.48840110e-02
9.46673546e-02
9.43416325e-02
9.39100877e-02
9.33768226e-02
9.27467330e-02
9.20253261e-02
9.12184415e-02
9.03317507e-02
8.93700574e-02
8.83362513e-02
8.72299611e-02
8.60457795e-02
8.47711836e-02
8.33841118e-02
8.18504566e-02
8.01215766e-02
7.81322261e-02
7.57991222e-02
7.30206112e-02
6.96776820e-02
6.56367371e-02
6.07542629e-02
5.48836165e-02
4.78841167e-02
3.96335644e-02
3.00462548e-02
1.90950116e-02
6.80729176e-03
7.42919783e-03
2.04170677e-02
3.16164543e-02
4.11189631e-02
4.90667008e-02
5.56374967e-02
6.10244028e-02
6.54211778e-02
6.90127002e-02
7.19681704e-02
7.44364201e-02
7.65431685e-02
7.83902241e-02
8.00563100e-02
8.15992274e-02
8.30588001e-02
8.44602500e-02
8.58174951e-02
8.71362054e-02
8.84163263e-02
8.96541400e-02
9.08437572e-02
9.19782354e-02
9.30502852e-02
9.40527738e-02
9.49789853e-02
9.58228101e-02
9.65788045e-02
9.72422505e-02
9.78091474e-02
9.82762310e-02
9.86409584e-02
9.89015224e-02
9.90568521e-02
9.91066340e-02
9.90513315e-02
9.88922067e-02
9.86313425e-02
9.82716363e-02
9.78167772e-02
9.72711383e-02
9.66396071e-02
9.59272379e-02
9.51387565e-02
9.42777634e-02
9.33456781e-02
9.23402678e-02
9.12538510e-02
9.00710732e-02
8.87664526e-02
8.73017096e-02
8.56232135e-02
8.36596873e-02
8.13206010e-02
7.84954653e-02
7.50544846e-02
7.08508055e-02
6.57248010e-02
5.95106418e-02
5.20458172e-02
4.31849423e-02
3.28203015e-02
2.09078102e-02
7.46966536e-03
8.03244527e-03
2.20407377e-02
3.40752984e-02
4.42459228e-02
5.27183428e-02
5.96935318e-02
6.53850834e-02
7.00043066e-02
7.37508826e-02
7.68065658e-02
7.93308958e-02
8.14588100e-02
8.33000021e-02
8.49399262e-02
8.64420090e-02
8.78507542e-02
8.91951704e-02
9.04922553e-02
9.17501093e-02
9.29706420e-02
9.41516689e-02
9.52885559e-02
9.63753401e-02
9.74055530e-02
9.83727013e-02
9.92706156e-02
1.00093605e-01
1.00836581e-01
1.01495086e-01
1.02065326e-01
1.02544165e-01
1.02929136e-01
1.03218439e-01
1.03410950e-01
1.03506235e-01
1.03504570e-01
1.03406955e-01
1.03215128e-01
1.02931561e-01
1.02559405e-01
1.02102394e-01
1.01564623e-01
1.00950210e-01
1.00262725e-01
9.95044016e-02
9.86749782e-02
9.77702351e-02
9.67800799e-02
9.56863331e-02
9.44601469e-02
9.30593299e-02
9.14256262e-02
8.94823263e-02
8.71323397e-02
8.42571485e-02
8.07168175e-02
7.63515213e-02
7.09848843e-02
6.44297954e-02
5.64975951e-02
4.70127592e-02
3.58361755e-02
2.28967385e-02
8.20386643e-03
8.67313639e-03
2.37528508e-02
3.66527801e-02
4.75088411e-02
5.65178886e-02
6.39087102e-02
6.99173366e-02
7.47726827e-02
7.86884993e-02
8.18581806e-02
8.44512787e-02
8.66114865e-02
8.84562228e-02
9.00776455e-02
9.15449561e-02
9.29074896e-02
9.41982856e-02
9.54376019e-02
9.66362107e-02
9.77981412e-02
9.89229498e-02
1.00007376e-01
1.01046605e-01
1.02035072e-01
1.02967058e-01
1.03836997e-01
1.04639716e-01
1.05370523e-01
1.06025289e-01
1.06600454e-01
1.07093054e-01
1.07500706e-01
1.07821633e-01
1.08054649e-01
1.08199184e-01
1.08255290e-01
1.08223651e-01
1.08105594e-01
1.07903057e-01
1.07618547e-01
1.07254993e-01
1.06815543e-01
1.06303156e-01
1.05720050e-01
1.05066825e-01
1.04341331e-01
1.03537109e-01
1.02641513e-01
1.01633400e-01
1.00480606e-01
9.91371689e-02
9.75406237e-02
9.56094237e-02
9.32408441e-02
9.03094354e-02
8.66663877e-02
8.21399301e-02
7.65372791e-02
6.96487031e-02
6.12552218e-02
5.11427767e-02
3.91276859e-02
2.50953096e-02
9.02756500e-03
9.35888354e-03
2.55629278e-02
3.93526278e-02
5.09050236e-02
6.04594598e-02
6.82778286e-02
7.46193338e-02
7.97290536e-02
8.38328238e-02
8.71340775e-02
8.98113476e-02
9.20166650e-02
9.38751111e-02
9.54857902e-02
9.69239768e-02
9.82442385e-02
9.94839635e-02
1.00667027e-01
1.01807111e-01
1.02910637e-01
1.03979061e-01
1.05010697e-01
1.06001978e-01
1.06948395e-01
1.07845061e-01
1.08687127e-01
1.09469980e-01
1.10189408e-01
1.10841637e-01
1.11423397e-01
1.11931912e-01
1.12364919e-01
1.12720663e-01
1.12997903e-01
1.13195914e-01
1.13314491e-01
1.13353956e-01
1.13315141e-01
1.13199364e-01
1.13008342e-01
1.12744060e-01
1.12408498e-01
1.12003252e-01
1.11528894e-01
1.10984133e-01
1.10364588e-01
1.09661288e-01
1.08858710e-01
1.07932563e-01
1.06847205e-01
1.05552975e-01
1.03983421e-01
1.02052762e-01
9.96535476e-02
9.66548167e-02
9.29006656e-02
8.82094668e-02
8.23737964e-02
7.51617771e-02
6.63213130e-02
5.55911641e-02
4.27258696e-02
2.75413591e-02
9.96386424e-03
1.01006323e-02
2.74791146e-02
4.21702737e-02
5.44202331e-02
6.45267234e-02
7.27887891e-02
7.94864923e-02
8.48768894e-02
8.91942865e-02
9.26498035e-02
9.54298949e-02
9.76947166e-02
9.95773914e-02
1.01184534e-01
1.02598189e-01
1.03878742e-01
1.05068509e-01
1.06195382e-01
1.07276347e-01
1.08320452e-01
1.09331305e-01
1.10308922e-01
1.11251153e-01
1.12154608e-01
1.13015356e-01
1.13829301e-01
1.14592478e-01
1.15301177e-01
1.15952051e-01
1.16542136e-01
1.17068892e-01
1.17530187e-01
1.17924311e-01
1.18249965e-01
1.18506263e-01
1.18692719e-01
1.18809241e-01
1.18856107e-01
1.18833901e-01
1.18743437e-01
1.18585562e-01
1.18360903e-01
1.18069405e-01
1.17709722e-01
1.17278287e-01
1.16768142e-01
1.16167347e-01
1.15457130e-01
1.14609612e-01
1.13585384e-01
1.12330837e-01
1.10775569e-01
1.08829824e-01
1.06382222e-01
1.03297625e-01
9.94152328e-02
9.45465526e-02
8.84732138e-02
8.09445373e-02
7.16761286e-02
6.03534171e-02
4.66497870e-02
3.02736653e-02
1.10432513e-02
1.09142682e-02
2.95024102e-02
4.50828690e-02
5.80203619e-02
6.86889313e-02
7.74228248e-02
8.45143531e-02
9.02244722e-02
9.47906387e-02
9.84291346e-02
1.01333717e-01
1.03673242e-01
1.05589906e-01
1.07199065e-01
1.08590611e-01
1.09831728e-01
1.10970358e-01
1.12039020e-01
1.13058373e-01
1.14040431e-01
1.14991124e-01
1.15912361e-01
1.16803477e-01
1.17662324e-01
1.18485949e-01
1.19271099e-01
1.20014470e-01
1.20712924e-01
1.21363553e-01
1.21963757e-01
1.22511243e-01
1.23004053e-01
1.23440533e-01
1.23819345e-01
1.24139437e-01
1.24400028e-01
1.24600581e-01
1.24740747e-01
1.24820306e-01
1.24839018e-01
1.24796446e-01
1.24691614e-01
1.24522572e-01
1.24285685e-01
1.23974746e-01
1.23579715e-01
1.23085212e-01
1.22468597e-01
1.21697857e-01
1.20729175e-01
1.19504490e-01
1.17948977e-01
1.15968750e-01
1.13448663e-01
1.10250318e-01
1.06209888e-01
1.01135456e-01
9.48029569e-02
8.69499651e-02
7.72667755e-02
6.53871521e-02
5.08881667e-02
3.33217936e-02
1.23057386e-02
1.18211098e-02
3.16106730e-02
4.80306172e-02
6.16410414e-02
7.29002345e-02
8.21601318e-02
8.97068463e-02
9.57931969e-02
1.00654125e-01
1.04509628e-01
1.07561714e-01
1.09989836e-01
1.11947462e-01
1.13560637e-01
1.14928784e-01
1.16127107e-01
1.17210149e-01
1.18215654e-01
1.19168431e-01
1.20083697e-01
1.20969925e-01
1.21830981e-01
1.22667792e-01
1.23479454e-01
1.24264065e-01
1.25019198e-01
1.25742275e-01
1.26430726e-01
1.27082137e-01
1.27694283e-01
1.28265173e-01
1.28793034e-01
1.29276315e-01
1.29713652e-01
1.30103846e-01
1.30445822e-01
1.30738575e-01
1.30981102e-01
1.31172284e-01
1.31310741e-01
1.31394565e-01
1.31420995e-01
1.31385868e-01
1.31282947e-01
1.31102910e-01
1.30832157e-01
1.30451206e-01
1.29932897e-01
1.29240234e-01
1.28324162e-01
1.27121178e-01
1.25551111e-01
1.23514982e-01
1.20893195e-01
1.17543783e-01
1.13300605e-01
1.07970681e-01
1.01329611e-01
9.31128643e-02
8.30001007e-02
7.05896805e-02
5.53658783e-02
3.66792937e-02
1.38006831e-02
1.28386595e-02
3.37181407e-02
5.08877750e-02
6.51831540e-02
7.71119018e-02
8.69982679e-02
9.50941125e-02
1.01632108e-01
1.06842145e-01
1.10950000e-01
1.14169616e-01
1.16695014e-01
1.18694393e-01
1.20307351e-01
1.21644923e-01
1.22791892e-01
1.23810364e-01
1.24743995e-01
1.25622075e-01
1.26463271e-01
1.27278640e-01
1.28074078e-01
1.28852055e-01
1.29612939e-01
1.30355819e-01
1.31079130e-01
1.31780979e-01
1.32459410e-01
1.33112497e-01
1.33738442e-01
1.34335573e-01
1.34902362e-01
1.35437386e-01
1.35939306e-01
1.36406807e-01
1.36838545e-01
1.37233062e-01
1.37588677e-01
1.37903347e-01
1.38174447e-01
1.38398500e-01
1.38570735e-01
1.38684559e-01
1.38730742e-01
1.38696459e-01
1.38563954e-01
1.38309026e-01
1.37899137e-01
1.37291410e-01
1.36430378e-01
1.35245843e-01
1.33650726e-01
1.31539290e-01
1.28785553e-01
1.25242080e-01
1.20738706e-01
1.15080802e-01
1.08045630e-01
9.93743386e-02
8.87542557e-02
7.57819674e-02
5.98920124e-02
4.02389182e-02
1.55714568e-02
1.39223710e-02
3.55879197e-02
5.34419829e-02
6.85437094e-02
8.13191827e-02
9.19945187e-02
1.00764148e-01
1.07839177e-01
1.13450688e-01
1.17838033e-01
1.21234374e-01
1.23854259e-01
1.25885302e-01
1.27484008e-01
1.28775427e-01
1.29855396e-01
1.30794556e-01
1.31642904e-01
1.32434469e-01
1.33191340e-01
1.33927154e-01
1.34649683e-01
1.35362887e-01
1.36068256e-01
1.36765845e-01
1.37454852e-01
1.38134085e-01
1.38802157e-01
1.39457677e-01
1.40099273e-01
1.40725658e-01
1.41335580e-01
1.41927821e-01
1.42501119e-01
1.43054111e-01
1.43585241e-01
1.44092641e-01
1.44573993e-01
1.45026316e-01
1.45445736e-01
1.45827095e-01
1.46163517e-01
1.46445722e-01
1.46661244e-01
1.46793299e-01
1.46819508e-01
1.46710232e-01
1.46426789e-01
1.45919342e-01
1.45124831e-01
1.43964776e-01
1.42343388e-01
1.40145808e-01
1.37236853e-01
1.33459988e-01
1.28636660e-01
1.22565381e-01
1.15019968e-01
1.05744807e-01
9.44426249e-02
8.07424533e-02
6.41155539e-02
4.36569998e-02
1.75697641e-02
1.46967396e-02
3.67282132e-02
5.54941052e-02
7.17614616e-02
8.56772296e-02
9.73409864e-02
1.06906655e-01
1.14585284e-01
1.20626489e-01
1.25296100e-01
1.28855912e-01
1.31547875e-01
1.33583844e-01
1.35140552e-01
1.36359116e-01
1.37347640e-01
1.38185804e-01
1.38930114e-01
1.39619179e-01
1.40278309e-01
1.40923400e-01
1.41563860e-01
1.42204862e-01
1.42848862e-01
1.43496699e-01
1.44148267e-01
1.44802988e-01
1.45460045e-01
1.46118564e-01
1.46777652e-01
1.47436438e-01
1.48094033e-01
1.48749490e-01
1.49401726e-01
1.50049425e-01
1.50690921e-01
1.51324035e-01
1.51945891e-01
1.52552658e-01
1.53139230e-01
1.53698796e-01
1.54222290e-01
1.54697662e-01
1.55108961e-01
1.55435170e-01
1.55648813e-01
1.55714276e-01
1.55585935e-01
1.55206093e-01
1.54502861e-01
1.53388052e-01
1.51755268e-01
1.49478226e-01
1.46409443e-01
1.42379204e-01
1.37194769e-01
1.30639480e-01
1.22471414e-01
1.12420644e-01
1.00183359e-01
8.54072360e-02
6.76465382e-02
4.61878157e-02
1.92790964e-02
7.02713621e-03
2.00244711e-02
3.14416108e-02
4.14002140e-02
5.01294985e-02
5.78499436e-02
6.47609582e-02
7.10373972e-02
7.68262380e-02
8.22445650e-02
8.73800752e-02
9.22938818e-02
9.70250438e-02
1.01595583e-01
1.06015418e-01
1.10286416e-01
1.14405672e-01
1.18367732e-01
1.22166223e-01
1.25794751e-01
1.29247529e-01
1.32519575e-01
1.35606853e-01
1.38506136e-01
1.41214923e-01
1.43731169e-01
1.46053093e-01
1.48178867e-01
1.50106384e-01
1.51832941e-01
1.53355005e-01
1.54667917e-01
1.55765672e-01
1.56640667e-01
1.57283514e-01
1.57682874e-01
1.57825341e-01
1.57695415e-01
1.57275534e-01
1.56546275e-01
1.55486646e-01
1.54074631e-01
1.52287861e-01
1.50104621e-01
1.47504969e-01
1.44472207e-01
1.40994358e-01
1.37065842e-01
1.32688836e-01
1.27874425e-01
1.22642813e-01
1.17022560e-01
1.11047949e-01
1.04754388e-01
9.81709722e-02
9.13103670e-02
8.41556162e-02
7.66446535e-02
6.86526862e-02
5.99728115e-02
5.02926308e-02
3.91606366e-02
2.59335860e-02
9.79210965e-03
9.21280390e-04
3.34875294e-03
8.22616507e-03
1.32830833e-02
1.85908824e-02
2.43308533e-02
3.05752519e-02
3.72830768e-02
4.43460610e-02
5.16309478e-02
5.90061922e-02
6.63560283e-02
7.35858165e-02
8.06227369e-02
8.74136078e-02
9.39218267e-02
1.00123800e-01
1.06005863e-01
1.11561437e-01
1.16788968e-01
1.21690148e-01
1.26268778e-01
1.30529769e-01
1.34478555e-01
1.38120510e-01
1.41460614e-01
1.44503047e-01
1.47250944e-01
1.49706046e-01
1.51868474e-01
1.53736402e-01
1.55305816e-01
1.56570215e-01
1.57520369e-01
1.58144055e-01
1.58425856e-01
1.58346999e-01
1.57885261e-01
1.57015011e-01
1.55707359e-01
1.53930569e-01
1.51650649e-01
1.48832353e-01
1.45440453e-01
1.41441564e-01
1.36806316e-01
1.31512151e-01
1.25546438e-01
1.18910163e-01
1.11621709e-01
1.03720949e-01
9.52729635e-02
8.63714906e-02
7.71411892e-02
6.77385086e-02
5.83495050e-02
4.91829980e-02
4.04544193e-02
3.23536725e-02
2.49871222e-02
1.82954786e-02
1.20025483e-02
5.80026135e-03
6.75606208e-04
8.86592237e-04
5.74986612e-03
1.20991719e-02
1.86367508e-02
2.50710011e-02
3.14240115e-02
3.77895147e-02
4.42417271e-02
5.08099532e-02
5.74810265e-02
6.42120197e-02
7.09441272e-02
7.76142329e-02
8.41626714e-02
9.05377878e-02
9.66976987e-02
1.02610478e-01
1.08253144e-01
1.13610348e-01
1.18672770e-01
1.23435767e-01
1.27898040e-01
1.32060662e-01
1.35926142e-01
1.39497795e-01
1.42779110e-01
1.45773318e-01
1.48482933e-01
1.50909423e-01
1.53052835e-01
1.54911512e-01
1.56481759e-01
1.57757583e-01
1.58730409e-01
1.59388842e-01
1.59718459e-01
1.59701657e-01
1.59317595e-01
1.58542215e-01
1.57348472e-01
1.55706702e-01
1.53585318e-01
1.50951746e-01
1.47773815e-01
1.44021467e-01
1.39669018e-01
1.34697728e-01
1.29098895e-01
1.22877056e-01
1.16053422e-01
1.08668905e-01
1.00786661e-01
9.24931843e-02
8.38975049e-02
7.51269655e-02
6.63185178e-02
5.76033920e-02
4.90842483e-02
4.08055031e-02
3.27254365e-02
2.47139867e-02
1.66325152e-02
8.61171848e-03
1.72503331e-03
2.16557523e-03
8.52887389e-03
1.59791103e-02
2.35612968e-02
3.08704846e-02
3.78208728e-02
4.44700126e-02
5.09181602e-02
5.72567322e-02
6.35464969e-02
6.98131016e-02
7.60523300e-02
8.22391170e-02
8.83370678e-02
9.43061141e-02
1.00108021e-01
1.05709449e-01
1.11083447e-01
1.16209540e-01
1.21073279e-01
1.25665264e-01
1.29980213e-01
1.34015897e-01
1.37772316e-01
1.41250853e-01
1.44453663e-01
1.47383050e-01
1.50041022e-01
1.52428821e-01
1.54546573e-01
1.56392910e-01
1.57964671e-01
1.59256584e-01
1.60261003e-01
1.60967655e-01
1.61363435e-01
1.61432264e-01
1.61155005e-01
1.60509535e-01
1.59470907e-01
1.58011787e-01
1.56103053e-01
1.53714789e-01
1.50817519e-01
1.47383936e-01
1.43390876e-01
1.38821770e-01
1.33669181e-01
1.27937550e-01
1.21645548e-01
1.14827969e-01
1.07536277e-01
9.98375145e-02
9.18104021e-02
8.35382864e-02
7.50979938e-02
6.65453127e-02
5.78987747e-02
4.91276801e-02
4.01552867e-02
3.08976592e-02
2.13693212e-02
1.18911351e-02
3.33001505e-03
3.66462756e-03
1.16829566e-02
2.01810932e-02
2.86045177e-02
3.66069595e-02
4.40685538e-02
5.10173525e-02
5.75529744e-02
6.37927053e-02
6.98389918e-02
7.57641653e-02
8.16071833e-02
8.73780848e-02
9.30657573e-02
9.86464238e-02
1.04090703e-01
1.09368912e-01
1.14454229e-01
1.19324430e-01
1.23962309e-01
1.28355541e-01
1.32495997e-01
1.36379034e-01
1.40002612e-01
1.43366593e-01
1.46471984e-01
1.49320385e-01
1.51913400e-01
1.54252225e-01
1.56337186e-01
1.58167404e-01
1.59740434e-01
1.61051971e-01
1.62095555e-01
1.62862333e-01
1.63340840e-01
1.63516842e-01
1.63373269e-01
1.62890225e-01
1.62045179e-01
1.60813293e-01
1.59168041e-01
1.57082017e-01
1.54528142e-01
1.51481077e-01
1.47919032e-01
1.43825652e-01
1.39192102e-01
1.34018798e-01
1.28316806e-01
1.22108108e-01
1.15424635e-01
1.08305189e-01
1.00790289e-01
9.29145105e-02
8.46973451e-02
7.61338879e-02
6.71891536e-02
5.78012691e-02
4.79022015e-02
3.74657115e-02
2.65891838e-02
1.55898465e-02
4.98584257e-03
5.11907491e-03
1.50299598e-02
2.47230397e-02
3.39784967e-02
4.25981087e-02
5.05018816e-02
5.77220258e-02
6.43620186e-02
7.05537791e-02
7.64251149e-02
8.20797374e-02
8.75889499e-02
9.29917918e-02
9.83006283e-02
1.03508742e-01
1.08598062e-01
1.13545374e-01
1.18326934e-01
1.22921189e-01
1.27310301e-01
1.31480528e-01
1.35422151e-01
1.39128900e-01
1.42597376e-01
1.45826296e-01
1.48815892e-01
1.51567248e-01
1.54081812e-01
1.56360868e-01
1.58405154e-01
1.60214445e-01
1.61787240e-01
1.63120420e-01
1.64208989e-01
1.65045798e-01
1.65621341e-01
1.65923580e-01
1.65937841e-01
1.65646822e-01
1.65030688e-01
1.64067383e-01
1.62733066e-01
1.61002863e-01
1.58851754e-01
1.56255804e-01
1.53193430e-01
1.49646851e-01
1.45603251e-01
1.41055689e-01
1.36003106e-01
1.30449413e-01
1.24401009e-01
1.17862941e-01
1.10833500e-01
1.03298308e-01
9.52248147e-02
8.65597647e-02
7.72322420e-02
6.71663991e-02
5.63070925e-02
4.46595673e-02
3.23339468e-02
1.95617387e-02
6.59668993e-03
6.52049237e-03
1.84658747e-02
2.95310305e-02
3.97122711e-02
4.89657190e-02
5.72924379e-02
6.47625058e-02
7.15002657e-02
7.76559853e-02
8.33784920e-02
8.87956164e-02
9.40037337e-02
9.90656580e-02
1.04014150e-01
1.08858711e-01
1.13592999e-01
1.18201704e-01
1.22665751e-01
1.26966041e-01
1.31085550e-01
1.35010482e-01
1.38730482e-01
1.42238524e-01
1.45530388e-01
1.48604165e-01
1.51459600e-01
1.54097584e-01
1.56519581e-01
1.58727205e-01
1.60721757e-01
1.62503886e-01
1.64073222e-01
1.65428083e-01
1.66565179e-01
1.67479368e-01
1.68163423e-01
1.68607845e-01
1.68800746e-01
1.68727776e-01
1.68372199e-01
1.67715032e-01
1.66735425e-01
1.65411104e-01
1.63719091e-01
1.61636424e-01
1.59141025e-01
1.56212319e-01
1.52831646e-01
1.48981921e-01
1.44646575e-01
1.39807235e-01
1.34440459e-01
1.28513404e-01
1.21979504e-01
1.14774871e-01
1.06817436e-01
9.80102651e-02
8.82513180e-02
7.74505529e-02
6.55543263e-02
5.25720868e-02
3.85924470e-02
2.37631489e-02
8.19637395e-03
7.89404919e-03
2.19662208e-02
3.45563230e-02
4.57876515e-02
5.57433826e-02
6.45167416e-02
7.22368336e-02
7.90662176e-02
8.51830593e-02
9.07602518e-02
9.59484005e-02
1.00865917e-01
1.05596019e-01
1.10189469e-01
1.14670516e-01
1.19044280e-01
1.23303654e-01
1.27435158e-01
1.31423083e-01
1.35252349e-01
1.38909984e-01
1.42385895e-01
1.45672907e-01
1.48766587e-01
1.51664764e-01
1.54367088e-01
1.56874473e-01
1.59188665e-01
1.61311758e-01
1.63245836e-01
1.64992575e-01
1.66552952e-01
1.67926923e-01
1.69113167e-01
1.70108820e-01
1.70909258e-01
1.71507892e-01
1.71896004e-01
1.72062656e-01
1.71994631e-01
1.71676523e-01
1.71090851e-01
1.70218359e-01
1.69038288e-01
1.67528749e-01
1.65666848e-01
1.63428632e-01
1.60788342e-01
1.57717040e-01
1.54180087e-01
1.50133810e-01
1.45521250e-01
1.40268044e-01
1.34279161e-01
1.27438344e-01
1.19611418e-01
1.10655140e-01
1.00431726e-01
8.88286391e-02
7.57802007e-02
6.12845947e-02
4.54041637e-02
2.82353912e-02
9.83880121e-03
9.26775828e-03
2.55474520e-02
3.97910943e-02
5.21954936e-02
6.29411049e-02
7.22091259e-02
8.01972752e-02
8.71188661e-02
9.31901765e-02
9.86141435e-02
1.03566643e-01
1.08188027e-01
1.12580821e-01
1.16812289e-01
1.20920424e-01
1.24921148e-01
1.28815584e-01
1.32596075e-01
1.36250948e-01
1.39767635e-01
1.43134732e-01
1.46342950e-01
1.49385567e-01
1.52258321e-01
1.54959204e-01
1.57488006e-01
1.59845952e-01
1.62035221e-01
1.64058597e-01
1.65919064e-01
1.67619513e-01
1.69162414e-01
1.70549566e-01
1.71781822e-01
1.72858870e-01
1.73778994e-01
1.74538873e-01
1.75133403e-01
1.75555519e-01
1.75796109e-01
1.75843903e-01
1.75685484e-01
1.75305223e-01
1.74685283e-01
1.73805352e-01
1.72642210e-01
1.71168619e-01
1.69351597e-01
1.67149540e-01
1.64508430e-01
1.61356980e-01
1.57601667e-01
1.53122365e-01
1.47770494e-01
1.41371019e-01
1.33730187e-01
1.24649290e-01
1.13944204e-01
1.01467882e-01
8.71314618e-02
7.09163405e-02
5.28682640e-02
3.30674034e-02
1.15792034e-02
1.06677546e-02
2.92448049e-02
4.52582093e-02
5.89493830e-02
7.05739189e-02
8.03930035e-02
8.86758509e-02
9.56946097e-02
1.01712131e-01
1.06968126e-01
1.11667782e-01
1.15975384e-01
1.20013102e-01
1.23864449e-01
1.27580520e-01
1.31187700e-01
1.34695061e-01
1.38100931e-01
1.41397845e-01
1.44576216e-01
1.47626559e-01
1.50540892e-01
1.53313269e-01
1.55940007e-01
1.58419480e-01
1.60751912e-01
1.62938968e-01
1.64983455e-01
1.66888930e-01
1.68659426e-01
1.70299128e-01
1.71812144e-01
1.73202237e-01
1.74472627e-01
1.75625759e-01
1.76663110e-01
1.77584979e-01
1.78390289e-01
1.79076402e-01
1.79638910e-01
1.80071473e-01
1.80365568e-01
1.80510249e-01
1.80491652e-01
1.80292315e-01
1.79889854e-01
1.79255007e-01
1.78348468e-01
1.77116620e-01
1.75485844e-01
1.73356137e-01
1.70594621e-01
1.67030857e-01
1.62455585e-01
1.56625394e-01
1.49274458e-01
1.40134047e-01
1.28957853e-01
1.15549688e-01
9.97872187e-02
8.16342024e-02
6.11332207e-02
3.83776771e-02
1.34740404e-02
1.21186203e-02
3.31028176e-02
5.10009232e-02
6.60845574e-02
7.86711855e-02
8.90956229e-02
9.76994931e-02
1.04819077e-01
1.10770715e-01
1.15837064e-01
1.20257335e-01
1.24222539e-01
1.27876008e-01
1.31317893e-01
1.34612471e-01
1.37796325e-01
1.40886439e-01
1.43887021e-01
1.46795017e-01
1.49603946e-01
1.52306587e-01
1.54896464e-01
1.57368750e-01
1.59720502e-01
1.61950741e-01
1.64060212e-01
1.66051193e-01
1.67927153e-01
1.69692526e-01
1.71352403e-01
1.72912338e-01
1.74378101e-01
1.75755513e-01
1.77050246e-01
1.78267665e-01
1.79412649e-01
1.80489411e-01
1.81501316e-01
1.82450663e-01
1.83338467e-01
1.84164154e-01
1.84925231e-01
1.85616725e-01
1.86230424e-01
1.86753554e-01
1.87166817e-01
1.87441223e-01
1.87533642e-01
1.87380551e-01
1.86890343e-01
1.85934457e-01
1.84338956e-01
1.81878258e-01
1.78274050e-01
1.73201661e-01
1.66306255e-01
1.57228657e-01
1.45638974e-01
1.31272573e-01
1.13961105e-01
9.36490429e-02
7.03879631e-02
4.43083541e-02
1.55839715e-02
1.36445718e-02
3.71721454e-02
5.70766801e-02
7.36540279e-02
8.72775890e-02
9.83533468e-02
1.07296940e-01
1.14513522e-01
1.20378809e-01
1.25224213e-01
1.29327530e-01
1.32909820e-01
1.36137453e-01
1.39128312e-01
1.41960163e-01
1.44679973e-01
1.47312541e-01
1.49868052e-01
1.52347831e-01
1.54748703e-01
1.57065777e-01
1.59294332e-01
1.61430735e-01
1.63472990e-01
1.65420796e-01
1.67275547e-01
1.69040108e-01
1.70718661e-01
1.72316449e-01
1.73839620e-01
1.75295018e-01
1.76690058e-01
1.78032571e-01
1.79330696e-01
1.80592759e-01
1.81827155e-01
1.83042219e-01
1.84246072e-01
1.85446449e-01
1.86650443e-01
1.87864220e-01
1.89092532e-01
1.90338068e-01
1.91600315e-01
1.92873879e-01
1.94145668e-01
1.95390771e-01
1.96566286e-01
1.97603082e-01
1.98395217e-01
1.98788072e-01
1.98566487e-01
1.97445941e-01
1.95069887e-01
1.91017268e-01
1.84822592e-01
1.76009636e-01
1.64135833e-01
1.48841351e-01
1.29892538e-01
1.07207934e-01
8.08560361e-02
5.10243034e-02
1.79766268e-02
1.52707605e-02
4.15092098e-02
6.35543446e-02
8.17252994e-02
9.64514658e-02
1.08211896e-01
1.17500346e-01
1.24796306e-01
1.30540939e-01
1.35119897e-01
1.38854186e-01
1.41998157e-01
1.44743489e-01
1.47226994e-01
1.49540690e-01
1.51742143e-01
1.53864189e-01
1.55922960e-01
1.57924313e-01
1.59868359e-01
1.61752705e-01
1.63574376e-01
1.65331075e-01
1.67021714e-01
1.68646738e-01
1.70208095e-01
1.71709222e-01
1.73154866e-01
1.74550994e-01
1.75904627e-01
1.77223771e-01
1.78517296e-01
1.79794907e-01
1.81067063e-01
1.82344960e-01
1.83640474e-01
1.84966114e-01
1.86334951e-01
1.87760494e-01
1.89256539e-01
1.90836868e-01
1.92514836e-01
1.94302593e-01
1.96209886e-01
1.98241935e-01
2.00396142e-01
2.02656782e-01
2.04987341e-01
2.07319660e-01
2.09540169e-01
2.11473593e-01
2.12866497e-01
2.13373618e-01
2.12551985e-01
2.09867452e-01
2.04718305e-01
1.96477362e-01
1.84550671e-01
1.68444867e-01
1.47830401e-01
1.22583415e-01
9.27906889e-02
5.87133486e-02
2.07287633e-02
1.70245340e-02
4.61772454e-02
7.05135127e-02
9.03783767e-02
1.06262333e-01
1.18724191e-01
1.28343179e-01
1.35680646e-01
1.41250002e-01
1.45497047e-01
1.48790493e-01
1.51421394e-01
1.53608897e-01
1.55510240e-01
1.57232428e-01
1.58844176e-01
1.60386511e-01
1.61881745e-01
1.63340262e-01
1.64765608e-01
1.66157832e-01
1.67515797e-01
1.68838434e-01
1.70125572e-01
1.71378231e-01
1.72598828e-01
1.73791135e-01
1.74960291e-01
1.76112693e-01
1.77255995e-01
1.78399034e-01
1.79551855e-01
1.80725699e-01
1.81933058e-01
1.83187710e-01
1.84504783e-01
1.85900813e-01
1.87393780e-01
1.89003136e-01
1.90749757e-01
1.92655831e-01
1.94744524e-01
1.97039391e-01
1.99563130e-01
2.02335464e-01
2.05369348e-01
2.08664943e-01
2.12200188e-01
2.15917446e-01
2.19705559e-01
2.23378296e-01
2.26651039e-01
2.29120166e-01
2.30250655e-01
2.29379235e-01
2.25739224e-01
2.18511421e-01
2.06899691e-01
1.90223335e-01
1.68009064e-01
1.40058862e-01
1.06468548e-01
6.75859444e-02
2.39277264e-02
1.89367966e-02
5.12481180e-02
7.80451765e-02
9.97046102e-02
1.16788261e-01
1.29946454e-01
1.39855490e-01
1.47168743e-01
1.52480365e-01
1.56302762e-01
1.59057226e-01
1.61074785e-01
1.62604382e-01
1.63825029e-01
1.64859711e-01
1.65788754e-01
1.66661811e-01
1.67507495e-01
1.68340926e-01
1.69169049e-01
1.69994438e-01
1.70817646e-01
1.71638797e-01
1.72458388e-01
1.73277858e-01
1.74099758e-01
1.74927932e-01
1.75767499e-01
1.76624938e-01
1.77508066e-01
1.78426129e-01
1.79389837e-01
1.80411494e-01
1.81505103e-01
1.82686539e-01
1.83973710e-01
1.85386760e-01
1.86948276e-01
1.88683487e-01
1.90620470e-01
1.92790257e-01
1.95226862e-01
1.97966939e-01
2.01048946e-01
2.04511147e-01
2.08387922e-01
2.12703093e-01
2.17459274e-01
2.22621638e-01
2.28095626e-01
2.33698556e-01
2.39127729e-01
2.43929422e-01
2.47476512e-01
2.48963658e-01
2.47430090e-01
2.41817124e-01
2.31062729e-01
2.14225242e-01
1.90616155e-01
1.59908270e-01
1.22180423e-01
7.78734075e-02
2.76724018e-02
2.10435502e-02
5.68048481e-02
8.62531900e-02
1.09806062e-01
1.28112661e-01
1.41932751e-01
1.52056257e-01
1.59242423e-01
1.64176635e-01
1.67445573e-01
1.69528232e-01
1.70799122e-01
1.71539108e-01
1.71950490e-01
1.72173060e-01
1.72299458e-01
1.72388276e-01
1.72474775e-01
1.72578863e-01
1.72711009e-01
1.72876170e-01
1.73076524e-01
1.73313080e-01
1.73586780e-01
1.73899044e-01
1.74252198e-01
1.74649620e-01
1.75095946e-01
1.75597124e-01
1.76160578e-01
1.76795293e-01
1.77512006e-01
1.78323365e-01
1.79244182e-01
1.80291677e-01
1.81485803e-01
1.82849602e-01
1.84409608e-01
1.86196317e-01
1.88244676e-01
1.90594630e-01
1.93291568e-01
1.96386642e-01
1.99936489e-01
2.04001991e-01
2.08644962e-01
2.13921632e-01
2.19870942e-01
2.26495996e-01
2.33736818e-01
2.41434439e-01
2.49287958e-01
2.56810150e-01
2.63290021e-01
2.67774650e-01
2.69083513e-01
2.65868264e-01
2.56724897e-01
2.40354636e-01
2.15751011e-01
1.82369247e-01
1.40218013e-01
8.98244181e-02
3.20737389e-02
2.33878813e-02
6.29449377e-02
9.52564808e-02
1.20794802e-01
1.40320084e-01
1.54727092e-01
1.64942374e-01
1.71849216e-01
1.76237536e-01
1.78777161e-01
1.80010584e-01
1.80359251e-01
1.80138193e-01
1.79574257e-01
1.78825018e-01
1.77995945e-01
1.77155072e-01
1.76344474e-01
1.75589050e-01
1.74902684e-01
1.74292649e-01
1.73762401e-01
1.73313536e-01
1.72946905e-01
1.72663439e-01
1.72464568e-01
1.72352609e-01
1.72330955e-01
1.72404328e-01
1.72578932e-01
1.72862709e-01
1.73265533e-01
1.73799522e-01
1.74479333e-01
1.75322565e-01
1.76350200e-01
1.77587147e-01
1.79062885e-01
1.80812221e-01
1.82876210e-01
1.85303181e-01
1.88149920e-01
1.91482772e-01
1.95378488e-01
1.99924046e-01
2.05214582e-01
2.11347508e-01
2.18410772e-01
2.26462240e-01
2.35497976e-01
2.45407835e-01
2.55920109e-01
2.66540123e-01
2.76493027e-01
2.84684777e-01
2.89699614e-01
2.89852775e-01
2.83314610e-01
2.68309918e-01
2.43373509e-01
2.07607821e-01
1.60855838e-01
1.03699648e-01
3.72551625e-02
2.60226703e-02
6.97849653e-02
1.05191928e-01
1.32791769e-01
1.53489881e-01
1.68352074e-01
1.78472647e-01
1.84882754e-01
1.88493219e-01
1.90067573e-01
1.90218003e-01
1.89416543e-01
1.88014320e-01
1.86263989e-01
1.84341553e-01
1.82365882e-01
1.80414674e-01
1.78537056e-01
1.76762819e-01
1.75109181e-01
1.73585325e-01
1.72195610e-01
1.70941570e-01
1.69823365e-01
1.68840618e-01
1.67993116e-01
1.67281194e-01
1.66706154e-01
1.66270508e-01
1.65978318e-01
1.65835440e-01
1.65849876e-01
1.66032102e-01
1.66395502e-01
1.66956845e-01
1.67736888e-01
1.68761097e-01
1.70060545e-01
1.71673022e-01
1.73644406e-01
1.76030374e-01
1.78898398e-01
1.82330044e-01
1.86423186e-01
1.91293638e-01
1.97074820e-01
2.03913632e-01
2.11959342e-01
2.21342078e-01
2.32136896e-01
2.44311274e-01
2.57656086e-01
2.71705238e-01
2.85653747e-01
2.98290580e-01
3.07967527e-01
3.12630964e-01
3.09943774e-01
2.97516918e-01
2.73242853e-01
2.35674019e-01
1.84327447e-01
1.19764681e-01
4.33531578e-02
2.90146257e-02
7.74671110e-02
1.16218145e-01
1.45924327e-01
1.67686397e-01
1.82791823e-01
1.92544795e-01
1.98154971e-01
2.00674298e-01
2.00972028e-01
1.99736773e-01
1.97494472e-01
1.94634055e-01
1.91434645e-01
1.88091096e-01
1.84735713e-01
1.81455914e-01
1.78307620e-01
1.75325282e-01
1.72528891e-01
1.69929010e-01
1.67530082e-01
1.65332811e-01
1.63335663e-01
1.61536032e-01
1.59930960e-01
1.58517793e-01
1.57294594e-01
1.56260605e-01
1.55416568e-01
1.54765137e-01
1.54311225e-01
1.54062462e-01
1.54029654e-01
1.54227403e-01
1.54674803e-01
1.55396365e-01
1.56423162e-01
1.57794310e-01
1.59558886e-01
1.61778346e-01
1.64529607e-01
1.67908688e-01
1.72034823e-01
1.77054266e-01
1.83142614e-01
1.90503055e-01
1.99357127e-01
2.09923038e-01
2.22376817e-01
2.36792244e-01
2.53059108e-01
2.70783205e-01
2.89177633e-01
3.06960473e-01
3.22282512e-01
3.32717677e-01
3.35358670e-01
3.27059869e-01
3.04846654e-01
2.66446376e-01
2.10794926e-01
1.38281353e-01
5.05186612e-02
3.24505389e-02
8.61688176e-02
1.28520167e-01
1.60321292e-01
1.82942941e-01
1.97966121e-01
2.06961679e-01
2.11357083e-01
2.12369603e-01
2.10987729e-01
2.07983014e-01
2.03938070e-01
1.99280249e-01
1.94315018e-01
1.89255409e-01
1.84246511e-01
1.79384549e-01
1.74731430e-01
1.70325204e-01
1.66187679e-01
1.62329607e-01
1.58754429e-01
1.55460743e-01
1.52444178e-01
1.49698598e-01
1.47217134e-01
1.44992854e-01
1.43019418e-01
1.41291527e-01
1.39805431e-01
1.38559317e-01
1.37553792e-01
1.36792328e-01
1.36281848e-01
1.36033366e-01
1.36062844e-01
1.36392252e-01
1.37050988e-01
1.38077745e-01
1.39522986e-01
1.41452228e-01
1.43950270e-01
1.47126533e-01
1.51121267e-01
1.56112150e-01
1.62319595e-01
1.70008172e-01
1.79479582e-01
1.91051765e-01
2.05017905e-01
2.21580991e-01
2.40761920e-01
2.62283593e-01
2.85436861e-01
3.08940222e-01
3.30813625e-01
3.48303012e-01
3.57912216e-01
3.55616258e-01
3.37320460e-01
2.99563052e-01
2.40309599e-01
1.59497826e-01
5.89201083e-02
3.64474577e-02
9.61172519e-02
1.42314810e-01
1.76102468e-01
1.99234995e-01
2.13689915e-01
2.21381390e-01
2.24004235e-01
2.22969434e-01
2.19398699e-01
2.14152117e-01
2.07869843e-01
2.01016474e-01
1.93921557e-01
1.86813893e-01
1.79848733e-01
1.73128730e-01
1.66719315e-01
1.60659980e-01
1.54972146e-01
1.49664867e-01
1.44738678e-01
1.40188473e-01
1.36005419e-01
1.32178503e-01
1.28695561e-01
1.25544211e-01
1.22712483e-01
1.20189467e-01
1.17965773e-01
1.16034066e-01
1.14389504e-01
1.13030299e-01
1.11958277e-01
1.11179644e-01
1.10705899e-01
1.10555090e-01
1.10753489e-01
1.11337878e-01
1.12358686e-01
1.13884207e-01
1.16006237e-01
1.18847245e-01
1.22569073e-01
1.27382342e-01
1.33554892e-01
1.41415755e-01
1.51349885e-01
1.63777296e-01
1.79111091e-01
1.97689934e-01
2.19683337e-01
2.44968793e-01
2.72981086e-01
3.02536115e-01
3.31641865e-01
3.57329497e-01
3.75572687e-01
3.81403786e-01
3.69358831e-01
3.34335171e-01
2.72760306e-01
1.83637429e-01
6.87498825e-02
4.11696635e-02
1.07610985e-01
1.57854856e-01
1.93356843e-01
2.16433802e-01
2.29608853e-01
2.35242209e-01
2.35357323e-01
2.31590297e-01
2.25209053e-01
2.17164719e-01
2.08152432e-01
1.98668965e-01
1.89062159e-01
1.79570456e-01
1.70353457e-01
1.61514564e-01
1.53117635e-01
1.45198786e-01
1.37774914e-01
1.30849575e-01
1.24417294e-01
1.18466491e-01
1.12981738e-01
1.07945280e-01
1.03338312e-01
9.91418306e-02
9.53374365e-02
9.19078736e-02
8.88376151e-02
8.61132851e-02
8.37241961e-02
8.16628240e-02
7.99254775e-02
7.85130533e-02
7.74321311e-02
7.66964109e-02
7.63287830e-02
7.63641965e-02
7.68536909e-02
7.78699232e-02
7.95145157e-02
8.19274024e-02
8.52977528e-02
8.98753241e-02
9.59795502e-02
1.04002654e-01
1.14401996e-01
1.27677822e-01
1.44333418e-01
1.64815828e-01
1.89433149e-01
2.18241494e-01
2.50890871e-01
2.86420485e-01
3.23002018e-01
3.57653414e-01
3.85990334e-01
4.02152885e-01
3.99119660e-01
3.69635399e-01
3.07801419e-01
2.10885640e-01
8.02372215e-02
4.68578154e-02
1.21051480e-01
1.75426476e-01
2.12096413e-01
2.34224112e-01
2.45094397e-01
2.47649320e-01
2.44313576e-01
2.36980272e-01
2.27072041e-01
2.15627759e-01
2.03388598e-01
1.90872546e-01
1.78434041e-01
1.66309797e-01
1.54652725e-01
1.43556753e-01
1.33074489e-01
1.23229917e-01
1.14027238e-01
1.05457259e-01
9.75017924e-02
9.01369357e-02
8.33352920e-02
7.70677390e-02
7.13045789e-02
6.60165577e-02
6.11754927e-02
5.67549317e-02
5.27305628e-02
4.90807705e-02
4.57870766e-02
4.28348649e-02
4.02141934e-02
3.79211327e-02
3.59595655e-02
3.43439588e-02
3.31031943e-02
3.22859056e-02
3.19671849e-02
3.22562458e-02
3.33036323e-02
3.53061235e-02
3.85081097e-02
4.32002396e-02
4.97183133e-02
5.84442979e-02
6.98081613e-02
8.42850727e-02
1.02381439e-01
1.24602055e-01
1.51390107e-01
1.83028209e-01
2.19485230e-01
2.60189277e-01
3.03709358e-01
3.47343698e-01
3.86660067e-01
4.15127960e-01
4.24127229e-01
4.03749772e-01
3.44744851e-01
2.41371479e-01
9.36735493e-02
5.38799853e-02
1.36985438e-01
1.95323977e-01
2.32158464e-01
2.51955373e-01
2.59071841e-01
2.57205138e-01
2.49261434e-01
2.37417405e-01
2.23250001e-01
2.07873392e-01
1.92058415e-01
1.76327508e-01
1.61026621e-01
1.46377840e-01
1.32517387e-01
1.19522525e-01
1.07430753e-01
9.62532467e-02
8.59845871e-02
7.66096017e-02
6.81085125e-02
6.04605168e-02
5.36464592e-02
4.76501708e-02
4.24586133e-02
3.80598416e-02
3.44386333e-02
3.15692729e-02
2.94073155e-02
2.78831026e-02
2.69012944e-02
2.63474574e-02
2.60995746e-02
2.60392247e-02
2.60592000e-02
2.60665000e-02
2.59825242e-02
2.57425413e-02
2.52975150e-02
2.46220161e-02
2.37355644e-02
2.27506518e-02
2.19673280e-02
2.20110254e-02
2.38784363e-02
2.86294810e-02
3.69431977e-02
4.91554759e-02
6.55712638e-02
8.66051682e-02
1.12754010e-01
1.44497079e-01
1.82142702e-01
2.25596215e-01
2.74007109e-01
3.25254381e-01
3.75262778e-01
4.17246751e-01
4.41190138e-01
4.34175793e-01
3.82383610e-01
2.75130390e-01
1.09460968e-01
6.28226369e-02
1.56150280e-01
2.17760882e-01
2.52998736e-01
2.68370954e-01
2.69740863e-01
2.61769175e-01
2.47921164e-01
2.30671220e-01
2.11739613e-01
1.92300200e-01
1.73143482e-01
1.54798084e-01
1.37618658e-01
1.21848936e-01
1.07666251e-01
9.52118728e-02
8.46078060e-02
7.59582275e-02
6.93318385e-02
6.47270910e-02
6.20351272e-02
6.10279333e-02
6.13883843e-02
6.27688432e-02
6.48461727e-02
6.73528741e-02
7.00841654e-02
7.28911540e-02
7.56690193e-02
7.83453990e-02
8.08706930e-02
8.32106725e-02
8.53409213e-02
8.72427439e-02
8.89000064e-02
9.02966799e-02
9.14147607e-02
9.22325438e-02
9.27231752e-02
9.28538008e-02
9.25858011e-02
9.18774223e-02
9.06910978e-02
8.90100652e-02
8.68725097e-02
8.44377764e-02
8.21060724e-02
8.07081803e-02
8.17189051e-02
8.72706372e-02
9.96512502e-02
1.20509149e-01
1.50551593e-01
1.89775786e-01
2.37557742e-01
2.92264134e-01
3.50404295e-01
4.05420171e-01
4.46386533e-01
4.57350075e-01
4.18684708e-01
3.12009372e-01
1.28202344e-01
7.46532344e-02
1.79483100e-01
2.42614585e-01
2.73257991e-01
2.81121954e-01
2.74148167e-01
2.58184955e-01
2.37319230e-01
2.14331174e-01
1.91094550e-01
1.68884517e-01
1.48599749e-01
1.30912165e-01
1.16349744e-01
1.05306066e-01
9.79753735e-02
9.42541147e-02
9.37055842e-02
9.56559062e-02
9.93703677e-02
1.04198689e-01
1.09637516e-01
1.15329194e-01
1.21033615e-01
1.26596378e-01
1.31922391e-01
1.36956362e-01
1.41669189e-01
1.46048616e-01
1.50092909e-01
1.53806518e-01
1.57197089e-01
1.60273330e-01
1.63043430e-01
1.65513775e-01
1.67687836e-01
1.69565034e-01
1.71139534e-01
1.72398835e-01
1.73322130e-01
1.73878398e-01
1.74024352e-01
1.73702481e-01
1.72839836e-01
1.71348757e-01
1.69131924e-01
1.66096062e-01
1.62182421e-01
1.57428669e-01
1.52087891e-01
1.46843235e-01
1.43148914e-01
1.43612544e-01
1.51988017e-01
1.72133704e-01
2.06313992e-01
2.54325945e-01
3.13400753e-01
3.77463277e-01
4.35283762e-01
4.68321543e-01
4.50242917e-01
3.51407391e-01
1.50857658e-01
9.10007272e-02
2.07947920e-01
2.68755853e-01
2.89875851e-01
2.85950168e-01
2.67678359e-01
2.42310078e-01
2.14635645e-01
1.87854258e-01
1.64198212e-01
1.45298917e-01
1.32270535e-01
1.25535392e-01
1.24629507e-01
1.28345450e-01
1.35209278e-01
1.43915333e-01
1.53500225e-01
1.63325444e-01
1.72995714e-01
1.82279943e-01
1.91052636e-01
1.99254557e-01
2.06867314e-01
2.13897156e-01
2.20364662e-01
2.26298173e-01
2.31729601e-01
2.36691742e-01
2.41216555e-01
2.45334051e-01
2.49071549e-01
2.52453138e-01
2.55499235e-01
2.58226129e-01
2.60645453e-01
2.62763482e-01
2.64580199e-01
2.66088035e-01
2.67270180e-01
2.68098420e-01
2.68530383e-01
2.68506235e-01
2.67944878e-01
2.66740020e-01
2.64756768e-01
2.61830241e-01
2.57768864e-01
2.52367622e-01
2.45441198e-01
2.36896519e-01
2.26882418e-01
2.16085767e-01
2.06273414e-01
2.01087755e-01
2.06507711e-01
2.29302887e-01
2.72994989e-01
3.34695093e-01
4.03951897e-01
4.60544681e-01
4.71346789e-01
3.91582433e-01
1.78970260e-01
1.14564690e-01
2.41705444e-01
2.92391485e-01
2.96409806e-01
2.75655836e-01
2.44305188e-01
2.11342617e-01
1.82688108e-01
1.62363868e-01
1.52531140e-01
1.52917495e-01
1.61119565e-01
1.74092552e-01
1.89366853e-01
2.05335882e-01
2.21070249e-01
2.36074155e-01
2.50108678e-01
2.63082308e-01
2.74986449e-01
2.85857829e-01
2.95756551e-01
3.04753247e-01
3.12921571e-01
3.20333873e-01
3.27058780e-01
3.33159950e-01
3.38695495e-01
3.43717829e-01
3.48273726e-01
3.52404492e-01
3.56146148e-01
3.59529580e-01
3.62580608e-01
3.65319916e-01
3.67762818e-01
3.69918779e-01
3.71790667e-01
3.73373603e-01
3.74653379e-01
3.75604272e-01
3.76186188e-01
3.76340985e-01
3.75987903e-01
3.75018034e-01
3.73287982e-01
3.70612948e-01
3.66760086e-01
3.61443606e-01
3.54324863e-01
3.45023881e-01
3.33156209e-01
3.18425426e-01
3.00839381e-01
2.81198389e-01
2.62131259e-01
2.49876078e-01
2.55407450e-01
2.89759496e-01
3.52830092e-01
4.26642989e-01
4.72617490e-01
4.27919360e-01
2.14798374e-01
1.49278821e-01
2.77168398e-01
3.03330862e-01
2.80751512e-01
2.41282853e-01
2.03810476e-01
1.80005788e-01
1.75039864e-01
1.86390562e-01
2.07372637e-01
2.32265063e-01
2.57732831e-01
2.82143537e-01
3.04794574e-01
3.25451976e-01
3.44110907e-01
3.60874440e-01
3.75891950e-01
3.89327577e-01
4.01344196e-01
4.12095517e-01
4.21722568e-01
4.30352502e-01
4.38098685e-01
4.45061405e-01
4.51328913e-01
4.56978539e-01
4.62077831e-01
4.66685594e-01
4.70852839e-01
4.74623586e-01
4.78035531e-01
4.81120542e-01
4.83904993e-01
4.86409908e-01
4.88650881e-01
4.90637753e-01
4.92373978e-01
4.93855631e-01
4.95069942e-01
4.95993298e-01
4.96588525e-01
4.96801371e-01
4.96555968e-01
4.95749174e-01
4.94243576e-01
4.91859104e-01
4.88363146e-01
4.83459319e-01
4.76775228e-01
4.67850372e-01
4.56126950e-01
4.40950993e-01
4.21603336e-01
3.97413275e-01
3.68098557e-01
3.34714426e-01
3.02093287e-01
2.83524818e-01
3.01220994e-01
3.64202302e-01
4.40229350e-01
4.49048181e-01
2.60418114e-01
1.97558136e-01
2.98100363e-01
2.79433237e-01
2.30961458e-01
1.98773442e-01
2.01669885e-01
2.31233431e-01
2.71099544e-01
3.11813284e-01
3.49678630e-01
3.83597195e-01
4.13490247e-01
4.39651631e-01
4.62488260e-01
4.82416666e-01
4.99823586e-01
5.15053311e-01
5.28406124e-01
5.40141187e-01
5.50480895e-01
5.59615525e-01
5.67707601e-01
5.74895845e-01
5.81298627e-01
5.87016965e-01
5.92137093e-01
5.96732655e-01
6.00866551e-01
6.04592497e-01
6.07956298e-01
6.10996903e-01
6.13747220e-01
6.16234734e-01
6.18481918e-01
6.20506449e-01
6.22321197e-01
6.23933982e-01
6.25347050e-01
6.26556226e-01
6.27549663e-01
6.28306108e-01
6.28792572e-01
6.28961276e-01
6.28745716e-01
6.28055666e-01
6.26770926e-01
6.24733558e-01
6.21738322e-01
6.17520899e-01
6.11743330e-01
6.03975775e-01
5.93673306e-01
5.80145977e-01
5.62520903e-01
5.39699221e-01
5.10329665e-01
4.72890566e-01
4.26221465e-01
3.71691745e-01
3.20455947e-01
3.06981880e-01
3.64244047e-01
4.30293941e-01
3.11980198e-01
2.40490456e-01
2.60843213e-01
2.22909711e-01
2.45736932e-01
3.10462647e-01
3.79351214e-01
4.40009399e-01
4.90758944e-01
5.32692064e-01
5.67356154e-01
5.96153134e-01
6.20226311e-01
6.40479182e-01
6.57621500e-01
6.72213106e-01
6.84699060e-01
6.95436242e-01
7.04713186e-01
7.12764852e-01
7.19783762e-01
7.25928476e-01
7.31330153e-01
7.36097681e-01
7.40321754e-01
7.44078128e-01
7.47430244e-01
7.50431351e-01
7.53126231e-01
7.55552585e-01
7.57742146e-01
7.59721561e-01
7.61513066e-01
7.63134980e-01
7.64602026e-01
7.65925491e-01
7.67113212e-01
7.68169375e-01
7.69094110e-01
7.69882841e-01
7.70525335e-01
7.71004413e-01
7.71294212e-01
7.71357944e-01
7.71145004e-01
7.70587328e-01
7.69594819e-01
7.68049663e-01
7.65799226e-01
7.62647174e-01
7.58342088e-01
7.52562495e-01
7.44896221e-01
7.34810458e-01
7.21605916e-01
7.04343445e-01
6.81723343e-01
6.51888069e-01
6.12125186e-01
5.58567289e-01
4.86705592e-01
3.97060702e-01
3.22052432e-01
3.43234971e-01
3.36344013e-01
1.74386726e-01
3.57695480e-01
5.17603200e-01
6.27849810e-01
7.01125653e-01
7.50872052e-01
7.85901318e-01
8.11507064e-01
8.30850774e-01
8.45864875e-01
8.57772925e-01
8.67380686e-01
8.75239696e-01
8.81741013e-01
8.87170491e-01
8.91742450e-01
8.95620926e-01
8.98933550e-01
9.01780939e-01
9.04243239e-01
9.06384823e-01
9.08257747e-01
9.09904350e-01
9.11359232e-01
9.12650798e-01
9.13802453e-01
9.14833554e-01
9.15760155e-01
9.16595593e-01
9.17350947e-01
9.18035388e-01
9.18656441e-01
9.19220164e-01
9.19731249e-01
9.20193058e-01
9.20607581e-01
9.20975311e-01
9.21295035e-01
9.21563513e-01
9.21775032e-01
9.21920810e-01
9.21988217e-01
9.21959773e-01
9.21811894e-01
9.21513311e-01
9.21023129e-01
9.20288427e-01
9.19241298e-01
9.17795145e-01
9.15839943e-01
9.13235908e-01
9.09804560e-01
9.05315243e-01
8.99463363e-01
8.91832908e-01
8.81828108e-01
8.68541765e-01
8.50487472e-01
8.25024648e-01
7.87074169e-01
7.26318528e-01
6.22548307e-01
4.48380820e-01
2.27693154e-01
SCALARS pressure double 1
LOOKUP_TABLE default
-2.01102532e-01
-2.01220412e-01
-2.01584338e-01
-2.02028468e-01
-2.02493951e-01
-2.02947706e-01
-2.03370917e-01
-2.03752358e-01
-2.04085605e-01
-2.04367181e-01
-2.04595861e-01
-2.04771578e-01
-2.04895281e-01
-2.04968152e-01
-2.04991825e-01
-2.04967763e-01
-2.04897699e-01
-2.04783066e-01
-2.04625570e-01
-2.04426609e-01
-2.04187924e-01
-2.03910976e-01
-2.03597652e-01
-2.03249583e-01
-2.02868897e-01
-2.02457481e-01
-2.02017763e-01
-2.01551941e-01
-2.01062779e-01
-2.00552807e-01
-2.00025139e-01
-1.99482643e-01
-1.98928772e-01
-1.98366720e-01
-1.97800257e-01
-1.97232874e-01
-1.96668618e-01
-1.96111237e-01
-1.95565001e-01
-1.95033860e-01
-1.94522245e-01
-1.94034240e-01
-1.93574362e-01
-1.93146758e-01
-1.92755946e-01
-1.92406042e-01
-1.92101461e-01
-1.91846168e-01
-1.91644313e-01
-1.91499506e-01
-1.91415354e-01
-1.91394733e-01
-1.91440182e-01
-1.91553128e-01
-1.91734054e-01
-1.91981574e-01
-1.92292229e-01
-1.92659177e-01
-1.93071149e-01
-1.93509545e-01
-1.93943037e-01
-1.94314237e-01
-1.94512963e-01
-1.94072431e-01
-2.01039573e-01
-2.01277039e-01
-2.01641451e-01
-2.02049791e-01
-2.02473002e-01
-2.02888061e-01
-2.03278826e-01
-2.03634733e-01
-2.03948863e-01
-2.04217270e-01
-2.04437674e-01
-2.04609413e-01
-2.04732384e-01
-2.04807389e-01
-2.04835196e-01
-2.04817167e-01
-2.04754352e-01
-2.04648312e-01
-2.04500187e-01
-2.04311660e-01
-2.04083963e-01
-2.03818937e-01
-2.03517971e-01
-2.03183132e-01
-2.02816037e-01
-2.02419038e-01
-2.01994034e-01
-2.01543703e-01
-2.01070256e-01
-2.00576717e-01
-2.00065623e-01
-1.99540340e-01
-1.99003730e-01
-1.98459482e-01
-1.97910766e-01
-1.97361558e-01
-1.96815301e-01
-1.96276215e-01
-1.95747963e-01
-1.95234947e-01
-1.94740989e-01
-1.94270596e-01
-1.93827675e-01
-1.93416742e-01
-1.93041690e-01
-1.92706935e-01
-1.92416224e-01
-1.92173704e-01
-1.91982785e-01
-1.91847092e-01
-1.91769372e-01
-1.91752302e-01
-1.91797414e-01
-1.91905707e-01
-1.92076546e-01
-1.92307996e-01
-1.92595597e-01
-1.92932261e-01
-1.93306666e-01
-1.93702238e-01
-1.94094590e-01
-1.94450396e-01
-1.94733735e-01
-1.94696646e-01
-2.01035191e-01
-2.01333017e-01
-2.01713026e-01
-2.02109942e-01
-2.02509572e-01
-2.02897483e-01
-2.03262132e-01
-2.03594723e-01
-2.03889397e-01
-2.04142011e-01
-2.04350407e-01
-2.04513136e-01
-2.04630058e-01
-2.04701072e-01
-2.04727028e-01
-2.04708427e-01
-2.04646585e-01
-2.04542263e-01
-2.04397037e-01
-2.04211827e-01
-2.03988426e-01
-2.03727919e-01
-2.03432343e-01
-2.03102996e-01
-2.02742199e-01
-2.02351512e-01
-2.01933579e-01
-2.01490254e-01
-2.01024524e-01
-2.00538561e-01
-2.00035698e-01
-1.99518429e-01
-1.98990420e-01
-1.98454476e-01
-1.97914571e-01
-1.97373794e-01
-1.96836383e-01
-1.96305671e-01
-1.95786101e-01
-1.95281195e-01
-1.94795525e-01
-1.94332730e-01
-1.93897421e-01
-1.93493255e-01
-1.93124765e-01
-1.92795503e-01
-1.92509762e-01
-1.92270811e-01
-1.92082473e-01
-1.91947457e-01
-1.91868767e-01
-1.91848121e-01
-1.91887155e-01
-1.91985917e-01
-1.92143823e-01
-1.92358213e-01
-1.92625006e-01
-1.92937312e-01
-1.93285806e-01
-1.93657597e-01
-1.94037157e-01
-1.94408260e-01
-1.94763193e-01
-1.94872337e-01
-2.01018117e-01
-2.01365460e-01
-2.01767798e-01
-2.02167909e-01
-2.02558567e-01
-2.02931562e-01
-2.03279036e-01
-2.03594911e-01
-2.03874229e-01
-2.04113906e-01
-2.04311475e-01
-2.04465970e-01
-2.04576463e-01
-2.04643237e-01
-2.04666191e-01
-2.04646302e-01
-2.04583892e-01
-2.04480344e-01
-2.04336226e-01
-2.04153218e-01
-2.03932088e-01
-2.03674798e-01
-2.03382328e-01
-2.03056942e-01
-2.02699869e-01
-2.02313700e-01
-2.01899947e-01
-2.01461549e-01
-2.01000324e-01
-2.00519563e-01
-2.00021406e-01
-1.99509488e-01
-1.98986264e-01
-1.98455694e-01
-1.97920532e-01
-1.97385023e-01
-1.96852186e-01
-1.96326501e-01
-1.95811204e-01
-1.95310936e-01
-1.94829088e-01
-1.94370373e-01
-1.93938246e-01
-1.93537383e-01
-1.93171183e-01
-1.92844134e-01
-1.92559422e-01
-1.92321139e-01
-1.92132021e-01
-1.91995470e-01
-1.91913430e-01
-1.91888183e-01
-1.91920376e-01
-1.92010566e-01
-1.92157406e-01
-1.92358930e-01
-1.92610943e-01
-1.92908105e-01
-1.93242734e-01
-1.93606081e-01
-1.93988465e-01
-1.94382553e-01
-1.94787580e-01
-1.94969250e-01
-2.01002954e-01
-2.01397373e-01
-2.01825332e-01
-2.02236115e-01
-2.02626912e-01
-2.02993218e-01
-2.03330692e-01
-2.03635004e-01
-2.03903113e-01
-2.04132195e-01
-2.04320849e-01
-2.04467572e-01
-2.04572191e-01
-2.04634068e-01
-2.04653830e-01
-2.04631351e-01
-2.04567774e-01
-2.04463290e-01
-2.04319421e-01
-2.04136594e-01
-2.03916662e-01
-2.03660277e-01
-2.03369618e-01
-2.03045583e-01
-2.02690694e-01
-2.02306124e-01
-2.01894749e-01
-2.01458044e-01
-2.00999249e-01
-2.00520152e-01
-2.00024355e-01
-1.99513966e-01
-1.98992929e-01
-1.98463661e-01
-1.97930415e-01
-1.97395898e-01
-1.96864625e-01
-1.96339548e-01
-1.95825381e-01
-1.95325266e-01
-1.94844033e-01
-1.94384934e-01
-1.93952808e-01
-1.93550916e-01
-1.93183965e-01
-1.92855079e-01
-1.92568652e-01
-1.92327471e-01
-1.92135363e-01
-1.91994493e-01
-1.91907778e-01
-1.91876370e-01
-1.91901807e-01
-1.91983728e-01
-1.92121736e-01
-1.92313395e-01
-1.92555861e-01
-1.92844300e-01
-1.93173468e-01
-1.93536935e-01
-1.93929175e-01
-1.94346347e-01
-1.94789267e-01
-1.95021832e-01
-2.01008282e-01
-2.01446622e-01
-2.01900744e-01
-2.02325980e-01
-2.02721962e-01
-2.03087306e-01
-2.03419575e-01
-2.03716807e-01
-2.03976647e-01
-2.04197841e-01
-2.04378745e-01
-2.04518997e-01
-2.04617616e-01
-2.04674970e-01
-2.04690554e-01
-2.04665284e-01
-2.04598986e-01
-2.04493000e-01
-2.04347412e-01
-2.04163932e-01
-2.03942882e-01
-2.03686330e-01
-2.03394843e-01
-2.03070850e-01
-2.02715190e-01
-2.02330662e-01
-2.01918398e-01
-2.01481577e-01
-2.01021643e-01
-2.00542150e-01
-2.00044865e-01
-1.99533705e-01
-1.99010756e-01
-1.98480273e-01
-1.97944644e-01
-1.97408419e-01
-1.96874261e-01
-1.96346955e-01
-1.95829392e-01
-1.95326515e-01
-1.94841375e-01
-1.94378976e-01
-1.93942435e-01
-1.93536693e-01
-1.93164809e-01
-1.92831490e-01
-1.92539566e-01
-1.92293295e-01
-1.92095041e-01
-1.91948322e-01
-1.91854717e-01
-1.91816629e-01
-1.91834462e-01
-1.91909069e-01
-1.92039256e-01
-1.92223946e-01
-1.92460100e-01
-1.92744687e-01
-1.93073231e-01
-1.93441796e-01
-1.93846462e-01
-1.94285496e-01
-1.94759495e-01
-1.95034177e-01
-2.01050110e-01
-2.01527383e-01
-2.02006458e-01
-2.02447176e-01
-2.02851280e-01
-2.03218821e-01
-2.03549625e-01
-2.03842537e-01
-2.04097045e-01
-2.04311879e-01
-2.04486853e-01
-2.04620943e-01
-2.04714443e-01
-2.04766625e-01
-2.04778245e-01
-2.04748834e-01
-2.04679566e-01
-2.04570209e-01
-2.04422321e-01
-2.04235901e-01
-2.04012887e-01
-2.03753517e-01
-2.03460111e-01
-2.03133173e-01
-2.02775412e-01
-2.02387619e-01
-2.01972898e-01
-2.01532349e-01
-2.01069472e-01
-2.00585691e-01
-2.00084888e-01
-1.99568817e-01
-1.99041721e-01
-1.98505674e-01
-1.97965246e-01
-1.97422812e-01
-1.96883214e-01
-1.96349089e-01
-1.95825484e-01
-1.95315242e-01
-1.94823526e-01
-1.94353302e-01
-1.93909735e-01
-1.93495810e-01
-1.93116542e-01
-1.92774785e-01
-1.92475217e-01
-1.92220362e-01
-1.92014305e-01
-1.91858980e-01
-1.91757566e-01
-1.91711078e-01
-1.91721427e-01
-1.91788358e-01
-1.91912176e-01
-1.92091117e-01
-1.92323769e-01
-1.92607010e-01
-1.92938226e-01
-1.93313969e-01
-1.93732064e-01
-1.94190990e-01
-1.94691564e-01
-1.95001839e-01
-2.01139892e-01
-2.01650683e-01
-2.02152165e-01
-2.02608263e-01
-2.03021387e-01
-2.03393335e-01
-2.03724546e-01
-2.04015685e-01
-2.04266306e-01
-2.04476773e-01
-2.04646357e-01
-2.04775527e-01
-2.04863539e-01
-2.04911128e-01
-2.04917650e-01
-2.04884167e-01
-2.04810192e-01
-2.04697147e-01
-2.04544735e-01
-2.04354758e-01
-2.04127140e-01
-2.03864077e-01
-2.03565747e-01
-2.03234748e-01
-2.02871541e-01
-2.02479137e-01
-2.02058300e-01
-2.01612455e-01
-2.01142691e-01
-2.00652837e-01
-2.00144318e-01
-1.99621352e-01
-1.99085697e-01
-1.98541930e-01
-1.97992130e-01
-1.97441187e-01
-1.96891474e-01
-1.96348132e-01
-1.95813780e-01
-1.95293731e-01
-1.94790785e-01
-1.94310319e-01
-1.93855224e-01
-1.93430809e-01
-1.93039927e-01
-1.92687648e-01
-1.92376621e-01
-1.92111459e-01
-1.91894381e-01
-1.91729272e-01
-1.91617643e-01
-1.91562331e-01
-1.91563831e-01
-1.91623612e-01
-1.91740900e-01
-1.91915611e-01
-1.92145680e-01
-1.92429661e-01
-1.92764709e-01
-1.93148898e-01
-1.93579911e-01
-1.94056989e-01
-1.94580148e-01
-1.94920390e-01
-2.01285391e-01
-2.01824471e-01
-2.02345765e-01
-2.02815988e-01
-2.03238568e-01
-2.03615522e-01
-2.03948836e-01
-2.04239161e-01
-2.04487693e-01
-2.04694305e-01
-2.04859884e-01
-2.04983919e-01
-2.05067288e-01
-2.05109334e-01
-2.05111107e-01
-2.05071959e-01
-2.04993220e-01
-2.04874351e-01
-2.04717029e-01
-2.04520895e-01
-2.04288012e-01
-2.04018251e-01
-2.03714089e-01
-2.03375661e-01
-2.03005873e-01
-2.02605158e-01
-2.02176851e-01
-2.01721711e-01
-2.01243498e-01
-2.00743310e-01
-2.00225323e-01
-1.99690977e-01
-1.99144841e-01
-1.98588695e-01
-1.98027457e-01
-1.97463230e-01
-1.96901228e-01
-1.96343843e-01
-1.95796510e-01
-1.95261854e-01
-1.94745441e-01
-1.94250049e-01
-1.93781256e-01
-1.93341887e-01
-1.92937378e-01
-1.92570456e-01
-1.92246224e-01
-1.91967124e-01
-1.91737681e-01
-1.91559814e-01
-1.91437183e-01
-1.91370904e-01
-1.91363470e-01
-1.91414924e-01
-1.91526354e-01
-1.91696593e-01
-1.91925301e-01
-1.92210294e-01
-1.92550225e-01
-1.92942613e-01
-1.93386107e-01
-1.93879178e-01
-1.94421822e-01
-1.94787063e-01
-2.01491559e-01
-2.02054726e-01
-2.02593075e-01
-2.03076348e-01
-2.03507733e-01
-2.03890363e-01
-2.04226026e-01
-2.04516865e-01
-2.04763564e-01
-2.04967626e-01
-2.05128993e-01
-2.05248866e-01
-2.05326757e-01
-2.05363822e-01
-2.05359383e-01
-2.05314743e-01
-2.05229205e-01
-2.05104350e-01
-2.04939581e-01
-2.04736840e-01
-2.04495714e-01
-2.04218552e-01
-2.03905184e-01
-2.03558393e-01
-2.03178296e-01
-2.02768121e-01
-2.02328300e-01
-2.01862512e-01
-2.01371528e-01
-2.00859466e-01
-2.00327449e-01
-1.99780016e-01
-1.99218647e-01
-1.98648269e-01
-1.98070706e-01
-1.97491226e-01
-1.96911978e-01
-1.96338504e-01
-1.95773231e-01
-1.95221895e-01
-1.94687138e-01
-1.94174778e-01
-1.93687585e-01
-1.93231324e-01
-1.92808767e-01
-1.92425456e-01
-1.92084004e-01
-1.91789516e-01
-1.91544237e-01
-1.91352575e-01
-1.91216157e-01
-1.91138403e-01
-1.91120053e-01
-1.91163266e-01
-1.91267683e-01
-1.91434042e-01
-1.91660866e-01
-1.91947593e-01
-1.92291958e-01
-1.92692638e-01
-1.93147353e-01
-1.93654968e-01
-1.94214279e-01
-1.94600872e-01
-2.01761811e-01
-2.02345593e-01
-2.02899010e-01
-2.03393799e-01
-2.03833761e-01
-2.04221611e-01
-2.04560366e-01
-2.04851591e-01
-2.05097510e-01
-2.05298694e-01
-2.05456812e-01
-2.05571722e-01
-2.05644821e-01
-2.05675537e-01
-2.05665243e-01
-2.05613178e-01
-2.05520882e-01
-2.05387584e-01
-2.05215123e-01
-2.05002846e-01
-2.04752974e-01
-2.04465056e-01
-2.04141747e-01
-2.03782858e-01
-2.03391500e-01
-2.02967788e-01
-2.02515301e-01
-2.02034489e-01
-2.01529394e-01
-2.01000824e-01
-2.00453270e-01
-1.99887906e-01
-1.99309647e-01
-1.98720035e-01
-1.98124367e-01
-1.97524538e-01
-1.96926171e-01
-1.96331483e-01
-1.95746348e-01
-1.95173253e-01
-1.94618228e-01
-1.94083954e-01
-1.93576495e-01
-1.93098625e-01
-1.92656286e-01
-1.92252205e-01
-1.91892013e-01
-1.91578210e-01
-1.91315881e-01
-1.91107074e-01
-1.90956056e-01
-1.90864163e-01
-1.90834552e-01
-1.90867598e-01
-1.90965108e-01
-1.91126336e-01
-1.91351653e-01
-1.91639257e-01
-1.91988283e-01
-1.92396272e-01
-1.92861695e-01
-1.93382192e-01
-1.93956463e-01
-1.94361653e-01
-2.02098355e-01
-2.02700462e-01
-2.03267099e-01
-2.03772623e-01
-2.04220220e-01
-2.04613512e-01
-2.04954857e-01
-2.05247199e-01
-2.05491824e-01
-2.05690976e-01
-2.05845008e-01
-2.05955678e-01
-2.06022670e-01
-2.06047523e-01
-2.06029530e-01
-2.05970255e-01
-2.05868833e-01
-2.05727038e-01
-2.05544025e-01
-2.05321904e-01
-2.05059975e-01
-2.04760761e-01
-2.04423790e-01
-2.04052044e-01
-2.03645337e-01
-2.03207129e-01
-2.02737561e-01
-2.02240579e-01
-2.01716679e-01
-2.01170283e-01
-2.00602261e-01
-2.00017494e-01
-1.99417234e-01
-1.98806784e-01
-1.98187776e-01
-1.97565887e-01
-1.96943107e-01
-1.96325422e-01
-1.95715141e-01
-1.95118474e-01
-1.94537988e-01
-1.93980007e-01
-1.93447270e-01
-1.92946075e-01
-1.92479217e-01
-1.92052797e-01
-1.91669509e-01
-1.91335045e-01
-1.91051798e-01
-1.90824801e-01
-1.90655904e-01
-1.90549190e-01
-1.90505703e-01
-1.90528290e-01
-1.90616950e-01
-1.90773076e-01
-1.90995502e-01
-1.91284126e-01
-1.91636724e-01
-1.92051944e-01
-1.92526934e-01
-1.93059687e-01
-1.93647517e-01
-1.94069930e-01
-2.02503034e-01
-2.03121766e-01
-2.03700737e-01
-2.04215917e-01
-2.04671056e-01
-2.05069051e-01
-2.05413431e-01
-2.05706198e-01
-2.05950212e-01
-2.06146428e-01
-2.06297066e-01
-2.06402203e-01
-2.06463646e-01
-2.06480866e-01
-2.06455526e-01
-2.06386764e-01
-2.06276333e-01
-2.06123267e-01
-2.05929582e-01
-2.05694373e-01
-2.05420038e-01
-2.05105847e-01
-2.04754649e-01
-2.04365970e-01
-2.03943145e-01
-2.03486011e-01
-2.02998403e-01
-2.02480512e-01
-2.01936671e-01
-2.01367448e-01
-2.00777665e-01
-2.00168283e-01
-1.99544584e-01
-1.98907930e-01
-1.98264024e-01
-1.97614615e-01
-1.96965771e-01
-1.96319603e-01
-1.95682467e-01
-1.95056792e-01
-1.94449121e-01
-1.93862127e-01
-1.93302420e-01
-1.92772818e-01
-1.92279840e-01
-1.91826314e-01
-1.91418479e-01
-1.91059000e-01
-1.90753602e-01
-1.90504567e-01
-1.90316834e-01
-1.90192041e-01
-1.90134038e-01
-1.90143547e-01
-1.90223034e-01
-1.90372069e-01
-1.90591525e-01
-1.90879714e-01
-1.91235900e-01
-1.91657271e-01
-1.92141764e-01
-1.92685941e-01
-1.93287121e-01
-1.93726092e-01
-2.02977242e-01
-2.03611940e-01
-2.04202429e-01
-2.04727138e-01
-2.05189068e-01
-2.05592046e-01
-2.05938686e-01
-2.06232418e-01
-2.06474863e-01
-2.06668773e-01
-2.06814734e-01
-2.06914924e-01
-2.06969113e-01
-2.06979151e-01
-2.06944282e-01
-2.06866299e-01
-2.06744186e-01
-2.06579904e-01
-2.06372391e-01
-2.06123932e-01
-2.05833576e-01
-2.05504034e-01
-2.05134570e-01
-2.04728379e-01
-2.04285013e-01
-2.03808181e-01
-2.03297773e-01
-2.02758018e-01
-2.02189184e-01
-2.01596012e-01
-2.00979171e-01
-2.00343900e-01
-1.99691279e-01
-1.99027011e-01
-1.98352593e-01
-1.97674141e-01
-1.96993553e-01
-1.96317296e-01
-1.95647633e-01
-1.94991291e-01
-1.94350847e-01
-1.93733175e-01
-1.93141078e-01
-1.92581443e-01
-1.92057181e-01
-1.91575016e-01
-1.91137819e-01
-1.90751937e-01
-1.90420005e-01
-1.90147742e-01
-1.89937304e-01
-1.89793484e-01
-1.89717680e-01
-1.89713434e-01
-1.89781095e-01
-1.89922642e-01
-1.90137124e-01
-1.90424746e-01
-1.90783153e-01
-1.91210773e-01
-1.91704032e-01
-1.92259971e-01
-1.92874468e-01
-1.93330579e-01
-2.03522603e-01
-2.04172950e-01
-2.04775090e-01
-2.05308833e-01
-2.05777846e-01
-2.06185100e-01
-2.06534464e-01
-2.06828215e-01
-2.07069664e-01
-2.07260011e-01
-2.07401887e-01
-2.07495490e-01
-2.07542948e-01
-2.07543723e-01
-2.07499717e-01
-2.07409954e-01
-2.07276377e-01
-2.07097833e-01
-2.06876512e-01
-2.06611281e-01
-2.06304718e-01
-2.05955852e-01
-2.05567731e-01
-2.05139642e-01
-2.04675149e-01
-2.04173861e-01
-2.03639879e-01
-2.03073179e-01
-2.02478402e-01
-2.01855923e-01
-2.01210912e-01
-2.00544168e-01
-1.99861362e-01
-1.99163729e-01
-1.98457403e-01
-1.97744051e-01
-1.97030214e-01
-1.96317971e-01
-1.95614192e-01
-1.94921325e-01
-1.94246472e-01
-1.93592379e-01
-1.92966253e-01
-1.92371043e-01
-1.91813898e-01
-1.91297836e-01
-1.90829761e-01
-1.90412586e-01
-1.90052732e-01
-1.89752792e-01
-1.89518426e-01
-1.89351642e-01
-1.89257015e-01
-1.89235663e-01
-1.89290724e-01
-1.89422097e-01
-1.89631146e-01
-1.89916277e-01
-1.90276849e-01
-1.90709681e-01
-1.91212177e-01
-1.91779879e-01
-1.92408841e-01
-1.92883165e-01
-2.04140668e-01
-2.04807221e-01
-2.05421045e-01
-2.05964328e-01
-2.06439967e-01
-2.06851997e-01
-2.07203249e-01
-2.07497569e-01
-2.07736836e-01
-2.07924212e-01
-2.08060447e-01
-2.08148043e-01
-2.08186801e-01
-2.08178816e-01
-2.08123246e-01
-2.08022072e-01
-2.07874118e-01
-2.07681507e-01
-2.07442974e-01
-2.07160972e-01
-2.06834325e-01
-2.06465933e-01
-2.06054836e-01
-2.05604447e-01
-2.05114103e-01
-2.04587765e-01
-2.04025125e-01
-2.03430702e-01
-2.02804586e-01
-2.02151849e-01
-2.01473011e-01
-2.00773679e-01
-2.00054823e-01
-1.99322559e-01
-1.98578311e-01
-1.97828656e-01
-1.97075470e-01
-1.96325726e-01
-1.95581718e-01
-1.94850728e-01
-1.94135416e-01
-1.93443259e-01
-1.92777200e-01
-1.92144762e-01
-1.91549059e-01
-1.90997482e-01
-1.90493158e-01
-1.90043136e-01
-1.89650363e-01
-1.89321283e-01
-1.89058429e-01
-1.88867338e-01
-1.88749836e-01
-1.88710204e-01
-1.88749218e-01
-1.88869512e-01
-1.89070447e-01
-1.89352626e-01
-1.89713686e-01
-1.90151960e-01
-1.90663306e-01
-1.91243965e-01
-1.91888555e-01
-1.92383332e-01
-2.04833543e-01
-2.05516977e-01
-2.06143405e-01
-2.06696216e-01
-2.07179146e-01
-2.07595344e-01
-2.07949071e-01
-2.08242905e-01
-2.08480594e-01
-2.08663558e-01
-2.08794779e-01
-2.08874532e-01
-2.08905194e-01
-2.08886173e-01
-2.08819553e-01
-2.08704215e-01
-2.08542252e-01
-2.08332321e-01
-2.08076764e-01
-2.07774239e-01
-2.07427496e-01
-2.07035354e-01
-2.06601064e-01
-2.06123713e-01
-2.05607104e-01
-2.05050659e-01
-2.04458757e-01
-2.03831206e-01
-2.03172964e-01
-2.02484265e-01
-2.01770634e-01
-2.01032764e-01
-2.00276724e-01
-1.99503683e-01
-1.98720220e-01
-1.97927987e-01
-1.97134018e-01
-1.96340430e-01
-1.95554640e-01
-1.94779193e-01
-1.94021784e-01
-1.93285318e-01
-1.92577636e-01
-1.91901900e-01
-1.91265933e-01
-1.90673017e-01
-1.90130755e-01
-1.89642375e-01
-1.89215022e-01
-1.88851659e-01
-1.88558694e-01
-1.88338570e-01
-1.88196635e-01
-1.88134495e-01
-1.88156059e-01
-1.88261713e-01
-1.88453487e-01
-1.88730122e-01
-1.89091328e-01
-1.89533853e-01
-1.90054856e-01
-1.90649132e-01
-1.91311679e-01
-1.91829537e-01
-2.05603450e-01
-2.06305200e-01
-2.06944878e-01
-2.07508196e-01
-2.07998171e-01
-2.08419228e-01
-2.08774570e-01
-2.09068549e-01
-2.09303363e-01
-2.09482587e-01
-2.09607114e-01
-2.09679722e-01
-2.09700194e-01
-2.09670797e-01
-2.09590564e-01
-2.09461606e-01
-2.09282565e-01
-2.09055690e-01
-2.08779518e-01
-2.08456650e-01
-2.08085715e-01
-2.07669794e-01
-2.07207743e-01
-2.06703197e-01
-2.06155322e-01
-2.05568340e-01
-2.04941790e-01
-2.04280489e-01
-2.03584399e-01
-2.02858928e-01
-2.02104497e-01
-2.01327093e-01
-2.00527624e-01
-1.99712633e-01
-1.98883531e-01
-1.98047375e-01
-1.97206079e-01
-1.96367152e-01
-1.95532991e-01
-1.94711466e-01
-1.93905403e-01
-1.93122913e-01
-1.92367166e-01
-1.91646360e-01
-1.90963882e-01
-1.90327825e-01
-1.89741636e-01
-1.89213078e-01
-1.88745462e-01
-1.88345967e-01
-1.88017543e-01
-1.87766499e-01
-1.87595157e-01
-1.87508623e-01
-1.87508260e-01
-1.87597554e-01
-1.87776483e-01
-1.88046403e-01
-1.88405388e-01
-1.88852147e-01
-1.89382445e-01
-1.89992134e-01
-1.90674853e-01
-1.91219645e-01
-2.06453381e-01
-2.07174847e-01
-2.07829243e-01
-2.08403343e-01
-2.08901243e-01
-2.09326559e-01
-2.09684183e-01
-2.09977176e-01
-2.10209817e-01
-2.10383793e-01
-2.10502414e-01
-2.10565992e-01
-2.10577080e-01
-2.10534974e-01
-2.10441859e-01
-2.10296437e-01
-2.10100893e-01
-2.09853686e-01
-2.09557277e-01
-2.09210135e-01
-2.08815170e-01
-2.08371028e-01
-2.07881164e-01
-2.07344509e-01
-2.06765111e-01
-2.06142255e-01
-2.05480600e-01
-2.04779840e-01
-2.04045248e-01
-2.03276971e-01
-2.02480889e-01
-2.01657641e-01
-2.00813698e-01
-1.99950219e-01
-1.99074238e-01
-1.98187451e-01
-1.97297406e-01
-1.96406328e-01
-1.95522208e-01
-1.94647764e-01
-1.93791322e-01
-1.92956025e-01
-1.92150390e-01
-1.91377868e-01
-1.90646987e-01
-1.89961357e-01
-1.89329293e-01
-1.88754383e-01
-1.88244483e-01
-1.87802951e-01
-1.87436929e-01
-1.87149323e-01
-1.86946286e-01
-1.86830020e-01
-1.86805363e-01
-1.86873473e-01
-1.87037424e-01
-1.87296825e-01
-1.87652363e-01
-1.88101439e-01
-1.88641676e-01
-1.89267751e-01
-1.89974015e-01
-1.90550045e-01
-2.07386600e-01
-2.08129896e-01
-2.08800032e-01
-2.09386105e-01
-2.09891667e-01
-2.10321944e-01
-2.10680876e-01
-2.10973570e-01
-2.11202694e-01
-2.11372272e-01
-2.11483330e-01
-2.11538837e-01
-2.11538484e-01
-2.11484605e-01
-2.11376042e-01
-2.11214952e-01
-2.10999769e-01
-2.10732821e-01
-2.10412453e-01
-2.10041398e-01
-2.09618121e-01
-2.09145889e-01
-2.08623415e-01
-2.08054565e-01
-2.07438385e-01
-2.06779361e-01
-2.06076934e-01
-2.05336218e-01
-2.04557096e-01
-2.03745313e-01
-2.02901238e-01
-2.02031237e-01
-2.01136206e-01
-2.00223117e-01
-1.99293425e-01
-1.98354672e-01
-1.97408883e-01
-1.96464117e-01
-1.95522953e-01
-1.94593876e-01
-1.93679964e-01
-1.92790001e-01
-1.91927466e-01
-1.91101264e-01
-1.90315132e-01
-1.89577879e-01
-1.88893314e-01
-1.88269901e-01
-1.87711322e-01
-1.87225443e-01
-1.86815618e-01
-1.86488882e-01
-1.86248082e-01
-1.86099200e-01
-1.86044374e-01
-1.86088243e-01
-1.86231895e-01
-1.86478123e-01
-1.86826324e-01
-1.87276598e-01
-1.87825699e-01
-1.88470043e-01
-1.89202961e-01
-1.89815975e-01
-2.08407393e-01
-2.09174522e-01
-2.09862143e-01
-2.10460403e-01
-2.10974367e-01
-2.11408744e-01
-2.11769562e-01
-2.12060709e-01
-2.12287160e-01
-2.12450902e-01
-2.12555498e-01
-2.12601194e-01
-2.12590567e-01
-2.12522694e-01
-2.12399739e-01
-2.12220162e-01
-2.11986174e-01
-2.11696026e-01
-2.11352274e-01
-2.10953228e-01
-2.10501959e-01
-2.09996989e-01
-2.09441988e-01
-2.08835789e-01
-2.08182691e-01
-2.07481900e-01
-2.06738357e-01
-2.05951693e-01
-2.05127492e-01
-2.04265861e-01
-2.03373028e-01
-2.02449623e-01
-2.01502514e-01
-2.00532900e-01
-1.99548270e-01
-1.98550420e-01
-1.97547425e-01
-1.96541687e-01
-1.95541796e-01
-1.94550725e-01
-1.93577469e-01
-1.92625496e-01
-1.91704038e-01
-1.90816923e-01
-1.89973403e-01
-1.89177479e-01
-1.88438166e-01
-1.87759417e-01
-1.87149743e-01
-1.86612847e-01
-1.86156499e-01
-1.85784003e-01
-1.85502238e-01
-1.85314033e-01
-1.85225269e-01
-1.85238208e-01
-1.85357521e-01
-1.85584551e-01
-1.85922126e-01
-1.86369743e-01
-1.86927068e-01
-1.87590174e-01
-1.88353891e-01
-1.89010290e-01
-2.09520644e-01
-2.10314326e-01
-2.11020460e-01
-2.11631778e-01
-2.12153338e-01
-2.12592108e-01
-2.12953491e-01
-2.13243767e-01
-2.13466244e-01
-2.13625345e-01
-2.13722082e-01
-2.13759400e-01
-2.13736707e-01
-2.13656214e-01
-2.13516453e-01
-2.13319520e-01
-2.13063603e-01
-2.12751076e-01
-2.12380118e-01
-2.11953598e-01
-2.11469874e-01
-2.10932415e-01
-2.10339864e-01
-2.09696331e-01
-2.09000806e-01
-2.08258051e-01
-2.07467458e-01
-2.06634442e-01
-2.05758851e-01
-2.04846754e-01
-2.03898513e-01
-2.02920858e-01
-2.01914717e-01
-2.00887479e-01
-1.99840691e-01
-1.98782384e-01
-1.97714749e-01
-1.96646417e-01
-1.95580218e-01
-1.94525292e-01
-1.93485057e-01
-1.92469012e-01
-1.91481043e-01
-1.90530802e-01
-1.89622450e-01
-1.88765522e-01
-1.87964220e-01
-1.87227653e-01
-1.86559821e-01
-1.85969140e-01
-1.85459235e-01
-1.85037675e-01
-1.84707686e-01
-1.84476012e-01
-1.84345616e-01
-1.84322535e-01
-1.84409571e-01
-1.84611947e-01
-1.84931895e-01
-1.85372873e-01
-1.85934953e-01
-1.86617487e-01
-1.87415460e-01
-1.88123380e-01
-2.10732851e-01
-2.11555628e-01
-2.12281682e-01
-2.12905345e-01
-2.13434261e-01
-2.13875699e-01
-2.14237816e-01
-2.14525830e-01
-2.14745473e-01
-2.14898853e-01
-2.14989455e-01
-2.15017125e-01
-2.14984148e-01
-2.14889151e-01
-2.14734099e-01
-2.14517125e-01
-2.14240404e-01
-2.13902002e-01
-2.13504577e-01
-2.13046349e-01
-2.12530586e-01
-2.11955772e-01
-2.11325824e-01
-2.10639554e-01
-2.09901536e-01
-2.09110958e-01
-2.08273049e-01
-2.07387422e-01
-2.06459968e-01
-2.05490787e-01
-2.04486441e-01
-2.03447583e-01
-2.02381458e-01
-2.01289340e-01
-2.00179161e-01
-1.99052871e-01
-1.97919068e-01
-1.96780400e-01
-1.95646078e-01
-1.94519422e-01
-1.93410134e-01
-1.92322113e-01
-1.91265359e-01
-1.90244174e-01
-1.89268576e-01
-1.88343011e-01
-1.87477177e-01
-1.86675369e-01
-1.85946620e-01
-1.85294826e-01
-1.84728130e-01
-1.84249959e-01
-1.83867592e-01
-1.83584224e-01
-1.83406624e-01
-1.83338269e-01
-1.83385927e-01
-1.83553779e-01
-1.83848605e-01
-1.84274644e-01
-1.84836963e-01
-1.85536769e-01
-1.86372769e-01
-1.87141169e-01
-2.12052098e-01
-2.12907107e-01
-2.13652980e-01
-2.14288032e-01
-2.14821631e-01
-2.15264744e-01
-2.15625583e-01
-2.15912051e-01
-2.16127947e-01
-2.16277594e-01
-2.16361413e-01
-2.16381759e-01
-2.16337323e-01
-2.16229865e-01
-2.16057431e-01
-2.15821943e-01
-2.15521348e-01
-2.15158080e-01
-2.14730238e-01
-2.14240893e-01
-2.13688405e-01
-2.13076511e-01
-2.12403882e-01
-2.11674917e-01
-2.10888632e-01
-2.10050077e-01
-2.09158659e-01
-2.08220081e-01
-2.07234199e-01
-2.06207386e-01
-2.05140020e-01
-2.04039167e-01
-2.02905812e-01
-2.01747737e-01
-2.00566611e-01
-1.99370939e-01
-1.98163135e-01
-1.96952402e-01
-1.95741907e-01
-1.94541474e-01
-1.93354966e-01
-1.92192661e-01
-1.91058964e-01
-1.89964340e-01
-1.88913478e-01
-1.87916661e-01
-1.86978512e-01
-1.86108709e-01
-1.85311457e-01
-1.84595469e-01
-1.83964324e-01
-1.83425671e-01
-1.82982623e-01
-1.82642142e-01
-1.82407586e-01
-1.82286175e-01
-1.82282698e-01
-1.82405797e-01
-1.82662603e-01
-1.83063291e-01
-1.83616014e-01
-1.84328865e-01
-1.85204386e-01
-1.86043926e-01
-2.13489933e-01
-2.14379637e-01
-2.15144128e-01
-2.15786281e-01
-2.16321231e-01
-2.16762260e-01
-2.17121269e-01
-2.17404987e-01
-2.17619215e-01
-2.17765181e-01
-2.17845259e-01
-2.17858070e-01
-2.17804981e-01
-2.17683804e-01
-2.17496085e-01
-2.17239597e-01
-2.16916494e-01
-2.16524771e-01
-2.16067298e-01
-2.15542358e-01
-2.14953527e-01
-2.14299392e-01
-2.13584197e-01
-2.12806843e-01
-2.11972216e-01
-2.11079559e-01
-2.10134396e-01
-2.09136366e-01
-2.08091643e-01
-2.07000346e-01
-2.05869331e-01
-2.04699291e-01
-2.03497806e-01
-2.02266242e-01
-2.01012940e-01
-1.99740033e-01
-1.98456632e-01
-1.97165689e-01
-1.95877055e-01
-1.94594489e-01
-1.93328458e-01
-1.92083419e-01
-1.90870222e-01
-1.89693777e-01
-1.88564945e-01
-1.87488714e-01
-1.86475462e-01
-1.85529797e-01
-1.84661102e-01
-1.83873202e-01
-1.83174156e-01
-1.82566935e-01
-1.82058441e-01
-1.81651384e-01
-1.81352518e-01
-1.81165839e-01
-1.81099921e-01
-1.81162387e-01
-1.81365947e-01
-1.81723588e-01
-1.82252226e-01
-1.82967094e-01
-1.83880924e-01
-1.84802304e-01
-2.15062939e-01
-2.15989009e-01
-2.16766256e-01
-2.17408002e-01
-2.17936523e-01
-2.18371753e-01
-2.18726249e-01
-2.19008840e-01
-2.19222106e-01
-2.19368370e-01
-2.19445843e-01
-2.19455075e-01
-2.19393286e-01
-2.19261351e-01
-2.19056693e-01
-2.18781075e-01
-2.18432359e-01
-2.18013205e-01
-2.17521870e-01
-2.16961804e-01
-2.16331584e-01
-2.15635348e-01
-2.14871952e-01
-2.14046160e-01
-2.13157113e-01
-2.12210176e-01
-2.11204823e-01
-2.10147033e-01
-2.09036693e-01
-2.07880435e-01
-2.06678665e-01
-2.05438724e-01
-2.04161658e-01
-2.02855580e-01
-2.01522299e-01
-2.00170751e-01
-1.98803602e-01
-1.97430627e-01
-1.96055398e-01
-1.94688463e-01
-1.93334250e-01
-1.92003898e-01
-1.90702495e-01
-1.89441431e-01
-1.88226081e-01
-1.87067560e-01
-1.85970995e-01
-1.84946582e-01
-1.83998599e-01
-1.83135724e-01
-1.82360983e-01
-1.81681318e-01
-1.81098711e-01
-1.80619035e-01
-1.80244585e-01
-1.79982244e-01
-1.79837597e-01
-1.79822318e-01
-1.79949733e-01
-1.80240810e-01
-1.80719963e-01
-1.81417130e-01
-1.82359708e-01
-1.83372837e-01
-2.16797994e-01
-2.17757418e-01
-2.18533981e-01
-2.19159163e-01
-2.19670133e-01
-2.20092484e-01
-2.20442116e-01
-2.20724516e-01
-2.20941958e-01
-2.21091568e-01
-2.21172179e-01
-2.21179622e-01
-2.21113459e-01
-2.20970350e-01
-2.20751395e-01
-2.20454218e-01
-2.20081233e-01
-2.19630716e-01
-2.19106053e-01
-2.18505911e-01
-2.17834402e-01
-2.17090445e-01
-2.16278749e-01
-2.15398444e-01
-2.14454787e-01
-2.13447154e-01
-2.12381357e-01
-2.11257095e-01
-2.10080781e-01
-2.08852553e-01
-2.07579495e-01
-2.06262323e-01
-2.04908876e-01
-2.03520600e-01
-2.02106175e-01
-2.00667918e-01
-1.99215415e-01
-1.97751961e-01
-1.96288053e-01
-1.94827986e-01
-1.93383061e-01
-1.91958452e-01
-1.90565988e-01
-1.89211396e-01
-1.87906530e-01
-1.86657112e-01
-1.85474288e-01
-1.84363028e-01
-1.83332923e-01
-1.82387440e-01
-1.81533954e-01
-1.80774086e-01
-1.80113032e-01
-1.79551279e-01
-1.79093342e-01
-1.78741184e-01
-1.78502516e-01
-1.78386231e-01
-1.78410352e-01
-1.78599421e-01
-1.78991113e-01
-1.79632791e-01
-1.80579926e-01
-1.81687805e-01
-2.18740878e-01
-2.19718776e-01
-2.20462979e-01
-2.21043485e-01
-2.21518136e-01
-2.21921203e-01
-2.22265645e-01
-2.22554213e-01
-2.22781645e-01
-2.22943216e-01
-2.23031662e-01
-2.23043885e-01
-2.22974861e-01
-2.22824452e-01
-2.22589759e-01
-2.22272839e-01
-2.21872029e-01
-2.21390728e-01
-2.20827844e-01
-2.20187592e-01
-2.19469110e-01
-2.18677169e-01
-2.17811021e-01
-2.16875900e-01
-2.15871183e-01
-2.14802569e-01
-2.13669640e-01
-2.12478613e-01
-2.11229404e-01
-2.09928830e-01
-2.08577295e-01
-2.07182322e-01
-2.05744981e-01
-2.04273621e-01
-2.02770155e-01
-2.01243871e-01
-1.99697694e-01
-1.98141926e-01
-1.96580604e-01
-1.95025031e-01
-1.93480335e-01
-1.91958636e-01
-1.90465921e-01
-1.89014701e-01
-1.87611307e-01
-1.86267899e-01
-1.84990333e-01
-1.83789407e-01
-1.82669468e-01
-1.81638872e-01
-1.80699551e-01
-1.79856725e-01
-1.79109739e-01
-1.78461157e-01
-1.77909241e-01
-1.77456679e-01
-1.77105209e-01
-1.76864458e-01
-1.76749543e-01
-1.76790884e-01
-1.77035569e-01
-1.77556944e-01
-1.78452290e-01
-1.79638894e-01
-2.20976777e-01
-2.21922761e-01
-2.22567786e-01
-2.23053851e-01
-2.23468444e-01
-2.23846094e-01
-2.24192367e-01
-2.24497024e-01
-2.24747860e-01
-2.24930900e-01
-2.25037558e-01
-2.25059198e-01
-2.24993225e-01
-2.24835585e-01
-2.24587706e-01
-2.24247979e-01
-2.23819939e-01
-2.23302947e-01
-2.22701532e-01
-2.22015291e-01
-2.21249244e-01
-2.20402962e-01
-2.19481796e-01
-2.18485268e-01
-2.17419053e-01
-2.16282722e-01
-2.15082343e-01
-2.13817677e-01
-2.12495293e-01
-2.11115317e-01
-2.09684943e-01
-2.08204861e-01
-2.06683038e-01
-2.05120941e-01
-2.03527467e-01
-2.01905078e-01
-2.00263742e-01
-1.98607102e-01
-1.96946280e-01
-1.95286188e-01
-1.93639042e-01
-1.92010925e-01
-1.90414841e-01
-1.88857644e-01
-1.87352467e-01
-1.85906134e-01
-1.84530848e-01
-1.83232212e-01
-1.82020109e-01
-1.80897546e-01
-1.79870720e-01
-1.78938975e-01
-1.78104165e-01
-1.77362081e-01
-1.76711332e-01
-1.76146733e-01
-1.75668148e-01
-1.75276739e-01
-1.74985119e-01
-1.74819061e-01
-1.74833100e-01
-1.75123219e-01
-1.75849005e-01
-1.77043303e-01
-2.23671249e-01
-2.24437665e-01
-2.24845971e-01
-2.25162126e-01
-2.25490836e-01
-2.25848278e-01
-2.26212782e-01
-2.26555458e-01
-2.26847601e-01
-2.27069176e-01
-2.27203935e-01
-2.27244353e-01
-2.27183889e-01
-2.27022743e-01
-2.26759274e-01
-2.26397309e-01
-2.25936986e-01
-2.25383493e-01
-2.24737253e-01
-2.24003851e-01
-2.23183469e-01
-2.22281796e-01
-2.21298713e-01
-2.20240014e-01
-2.19105396e-01
-2.17900870e-01
-2.16626134e-01
-2.15287553e-01
-2.13885032e-01
-2.12425447e-01
-2.10909129e-01
-2.09343636e-01
-2.07729969e-01
-2.06076558e-01
-2.04385335e-01
-2.02665801e-01
-2.00921076e-01
-1.99161907e-01
-1.97392808e-01
-1.95625847e-01
-1.93866985e-01
-1.92129474e-01
-1.90420494e-01
-1.88753985e-01
-1.87137677e-01
-1.85585209e-01
-1.84103661e-01
-1.82704844e-01
-1.81393511e-01
-1.80177776e-01
-1.79058254e-01
-1.78037675e-01
-1.77111291e-01
-1.76275849e-01
-1.75521662e-01
-1.74841211e-01
-1.74223428e-01
-1.73662605e-01
-1.73156552e-01
-1.72719390e-01
-1.72392114e-01
-1.72277515e-01
-1.72595772e-01
-1.73579835e-01
-2.27154608e-01
-2.27324430e-01
-2.27241076e-01
-2.27294447e-01
-2.27532833e-01
-2.27898641e-01
-2.28320112e-01
-2.28734431e-01
-2.29097160e-01
-2.29376262e-01
-2.29554398e-01
-2.29619899e-01
-2.29570546e-01
-2.29404388e-01
-2.29125771e-01
-2.28736109e-01
-2.28241822e-01
-2.27644748e-01
-2.26951543e-01
-2.26163462e-01
-2.25286885e-01
-2.24322359e-01
-2.23276018e-01
-2.22147887e-01
-2.20944044e-01
-2.19664254e-01
-2.18314753e-01
-2.16895305e-01
-2.15412502e-01
-2.13866366e-01
-2.12264043e-01
-2.10606078e-01
-2.08900385e-01
-2.07148325e-01
-2.05358824e-01
-2.03534374e-01
-2.01685166e-01
-1.99815127e-01
-1.97935922e-01
-1.96053131e-01
-1.94179943e-01
-1.92323578e-01
-1.90498479e-01
-1.88713067e-01
-1.86982250e-01
-1.85314593e-01
-1.83723996e-01
-1.82217401e-01
-1.80805559e-01
-1.79491477e-01
-1.78280282e-01
-1.77168723e-01
-1.76154258e-01
-1.75225957e-01
-1.74372974e-01
-1.73577166e-01
-1.72821000e-01
-1.72082099e-01
-1.71340951e-01
-1.70579466e-01
-1.69796353e-01
-1.69037479e-01
-1.68505937e-01
-1.68666094e-01
-2.32057551e-01
-2.30499162e-01
-2.29550638e-01
-2.29306242e-01
-2.29517360e-01
-2.29970323e-01
-2.30514933e-01
-2.31053455e-01
-2.31521878e-01
-2.31883912e-01
-2.32117925e-01
-2.32217049e-01
-2.32178462e-01
-2.32007347e-01
-2.31707214e-01
-2.31286658e-01
-2.30749902e-01
-2.30105504e-01
-2.29356529e-01
-2.28510602e-01
-2.27569413e-01
-2.26539758e-01
-2.25422274e-01
-2.24223287e-01
-2.22942803e-01
-2.21587022e-01
-2.20155686e-01
-2.18655151e-01
-2.17085208e-01
-2.15452608e-01
-2.13757484e-01
-2.12007217e-01
-2.10202592e-01
-2.08351889e-01
-2.06456897e-01
-2.04527104e-01
-2.02565686e-01
-2.00583659e-01
-1.98585953e-01
-1.96585350e-01
-1.94588752e-01
-1.92610709e-01
-1.90659949e-01
-1.88752309e-01
-1.86897583e-01
-1.85111659e-01
-1.83403778e-01
-1.81787725e-01
-1.80269659e-01
-1.78858320e-01
-1.77553682e-01
-1.76356267e-01
-1.75256985e-01
-1.74245698e-01
-1.73302558e-01
-1.72405775e-01
-1.71524255e-01
-1.70623571e-01
-1.69657848e-01
-1.68569648e-01
-1.67274444e-01
-1.65652177e-01
-1.63586953e-01
-1.61272928e-01
-2.47572645e-01
-2.54352587e-01
-2.63208745e-01
-2.71981041e-01
-2.79838813e-01
-2.86457053e-01
-2.91739192e-01
-2.95704067e-01
-2.98438325e-01
-3.00060749e-01
-3.00707723e-01
-3.00512761e-01
-2.99604326e-01
-2.98092671e-01
-2.96075699e-01
-2.93629809e-01
-2.90820572e-01
-2.87694719e-01
-2.84293011e-01
-2.80641451e-01
-2.76764865e-01
-2.72676566e-01
-2.68392150e-01
-2.63917614e-01
-2.59263369e-01
-2.54431134e-01
-2.49428285e-01
-2.44253880e-01
-2.38913421e-01
-2.33404298e-01
-2.27730966e-01
-2.21890044e-01
-2.15885860e-01
-2.09715401e-01
-2.03384158e-01
-1.96891127e-01
-1.90244862e-01
-1.83448741e-01
-1.76517121e-01
-1.69461062e-01
-1.62304470e-01
-1.55070408e-01
-1.47797035e-01
-1.40524544e-01
-1.33310561e-01
-1.26217587e-01
-1.19327336e-01
-1.12728354e-01
-1.06528630e-01
-1.00842950e-01
-9.58030913e-02
-9.15445820e-02
-8.82140777e-02
-8.59556036e-02
-8.49152320e-02
-8.52273540e-02
-8.70169459e-02
-9.03856590e-02
-9.54090249e-02
-1.02113523e-01
-1.10441538e-01
-1.20137225e-01
-1.30420938e-01
-1.38767414e-01
-2.32756157e-01
-2.31125294e-01
-2.29710425e-01
-2.28748765e-01
-2.28127102e-01
-2.27747244e-01
-2.27546263e-01
-2.27483123e-01
-2.27522274e-01
-2.27632950e-01
-2.27782641e-01
-2.27943594e-01
-2.28087429e-01
-2.28193010e-01
-2.28239254e-01
-2.28213172e-01
-2.28100855e-01
-2.27896058e-01
-2.27589994e-01
-2.27180872e-01
-2.26662913e-01
-2.26036944e-01
-2.25298776e-01
-2.24450746e-01
-2.23489494e-01
-2.22418283e-01
-2.21234224e-01
-2.19941208e-01
-2.18536656e-01
-2.17024942e-01
-2.15403769e-01
-2.13677962e-01
-2.11845608e-01
-2.09912105e-01
-2.07876199e-01
-2.05744190e-01
-2.03516010e-01
-2.01199457e-01
-1.98796484e-01
-1.96317332e-01
-1.93767160e-01
-1.91159946e-01
-1.88505563e-01
-1.85823267e-01
-1.83129264e-01
-1.80449523e-01
-1.77807789e-01
-1.75237338e-01
-1.72769257e-01
-1.70442675e-01
-1.68293027e-01
-1.66360260e-01
-1.64676883e-01
-1.63273803e-01
-1.62168152e-01
-1.61366673e-01
-1.60853364e-01
-1.60589898e-01
-1.60501695e-01
-1.60471743e-01
-1.60318953e-01
-1.59783774e-01
-1.58563352e-01
-1.56617537e-01
-2.29131260e-01
-2.29508608e-01
-2.29296935e-01
-2.28984225e-01
-2.28719121e-01
-2.28536291e-01
-2.28438842e-01
-2.28417109e-01
-2.28458134e-01
-2.28542657e-01
-2.28651765e-01
-2.28762528e-01
-2.28855902e-01
-2.28910843e-01
-2.28912591e-01
-2.28844870e-01
-2.28698497e-01
-2.28462042e-01
-2.28131099e-01
-2.27697868e-01
-2.27161321e-01
-2.26515977e-01
-2.25762991e-01
-2.24898259e-01
-2.23924316e-01
-2.22837853e-01
-2.21642297e-01
-2.20334806e-01
-2.18919404e-01
-2.17393558e-01
-2.15761742e-01
-2.14021713e-01
-2.12178390e-01
-2.10229967e-01
-2.08181991e-01
-2.06033460e-01
-2.03790983e-01
-2.01455013e-01
-1.99033979e-01
-1.96530802e-01
-1.93956871e-01
-1.91318978e-01
-1.88632983e-01
-1.85911250e-01
-1.83175794e-01
-1.80446214e-01
-1.77751996e-01
-1.75120822e-01
-1.72589577e-01
-1.70192762e-01
-1.67971690e-01
-1.65962712e-01
-1.64204164e-01
-1.62724352e-01
-1.61546207e-01
-1.60675453e-01
-1.60103543e-01
-1.59797154e-01
-1.59701086e-01
-1.59732950e-01
-1.59796425e-01
-1.59812881e-01
-1.59838197e-01
-1.60180287e-01
-2.27358573e-01
-2.28489916e-01
-2.28989517e-01
-2.29189494e-01
-2.29265153e-01
-2.29301716e-01
-2.29337660e-01
-2.29390357e-01
-2.29461877e-01
-2.29548431e-01
-2.29638070e-01
-2.29718741e-01
-2.29773676e-01
-2.29789732e-01
-2.29750852e-01
-2.29646682e-01
-2.29464295e-01
-2.29197272e-01
-2.28836068e-01
-2.28377807e-01
-2.27815631e-01
-2.27149331e-01
-2.26373892e-01
-2.25490940e-01
-2.24496624e-01
-2.23393781e-01
-2.22179256e-01
-2.20856665e-01
-2.19423253e-01
-2.17883145e-01
-2.16233842e-01
-2.14479848e-01
-2.12618938e-01
-2.10656035e-01
-2.08589395e-01
-2.06424631e-01
-2.04160950e-01
-2.01805218e-01
-1.99358411e-01
-1.96829598e-01
-1.94222762e-01
-1.91550568e-01
-1.88821674e-01
-1.86054121e-01
-1.83263173e-01
-1.80474075e-01
-1.77710352e-01
-1.75005536e-01
-1.72391703e-01
-1.69909628e-01
-1.67597237e-01
-1.65497660e-01
-1.63647385e-01
-1.62082005e-01
-1.60824412e-01
-1.59888852e-01
-1.59270581e-01
-1.58950375e-01
-1.58889398e-01
-1.59040502e-01
-1.59360308e-01
-1.59849512e-01
-1.60617802e-01
-1.61790717e-01
-2.26716449e-01
-2.28125538e-01
-2.29009388e-01
-2.29555836e-01
-2.29902676e-01
-2.30135304e-01
-2.30305950e-01
-2.30442736e-01
-2.30561269e-01
-2.30664652e-01
-2.30751785e-01
-2.30813952e-01
-2.30843030e-01
-2.30826079e-01
-2.30753877e-01
-2.30613724e-01
-2.30398373e-01
-2.30097300e-01
-2.29706202e-01
-2.29217051e-01
-2.28628304e-01
-2.27934009e-01
-2.27134786e-01
-2.26226164e-01
-2.25210294e-01
-2.24083652e-01
-2.22849397e-01
-2.21504554e-01
-2.20052902e-01
-2.18491752e-01
-2.16825256e-01
-2.15050896e-01
-2.13173104e-01
-2.11189592e-01
-2.09105174e-01
-2.06918084e-01
-2.04633887e-01
-2.02251939e-01
-1.99779291e-01
-1.97217445e-01
-1.94576136e-01
-1.91860537e-01
-1.89084785e-01
-1.86259737e-01
-1.83406036e-01
-1.80542417e-01
-1.77697994e-01
-1.74900946e-01
-1.72189532e-01
-1.69600831e-01
-1.67179875e-01
-1.64968095e-01
-1.63010137e-01
-1.61342052e-01
-1.59996061e-01
-1.58989556e-01
-1.58329500e-01
-1.58005088e-01
-1.57995728e-01
-1.58273037e-01
-1.58819649e-01
-1.59648146e-01
-1.60831061e-01
-1.62319729e-01
-2.26800844e-01
-2.28315387e-01
-2.29405885e-01
-2.30175484e-01
-2.30719669e-01
-2.31111124e-01
-2.31399080e-01
-2.31617494e-01
-2.31785278e-01
-2.31914047e-01
-2.32005471e-01
-2.32059018e-01
-2.32067408e-01
-2.32024850e-01
-2.31920817e-01
-2.31748766e-01
-2.31498337e-01
-2.31164583e-01
-2.30738817e-01
-2.30218451e-01
-2.29596750e-01
-2.28873364e-01
-2.28043208e-01
-2.27107704e-01
-2.26062941e-01
-2.24911581e-01
-2.23650434e-01
-2.22282941e-01
-2.20806275e-01
-2.19224302e-01
-2.17534330e-01
-2.15740428e-01
-2.13839957e-01
-2.11837142e-01
-2.09729513e-01
-2.07521622e-01
-2.05211558e-01
-2.02804700e-01
-2.00300466e-01
-1.97706011e-01
-1.95023367e-01
-1.92262992e-01
-1.89431438e-01
-1.86544603e-01
-1.83616005e-01
-1.80669491e-01
-1.77728039e-01
-1.74825509e-01
-1.71995693e-01
-1.69282498e-01
-1.66728809e-01
-1.64384460e-01
-1.62294628e-01
-1.60505402e-01
-1.59052208e-01
-1.57963971e-01
-1.57253591e-01
-1.56923433e-01
-1.56961525e-01
-1.57352207e-01
-1.58081074e-01
-1.59150053e-01
-1.60581418e-01
-1.62222590e-01
-2.27396348e-01
-2.28959670e-01
-2.30169764e-01
-2.31083474e-01
-2.31768057e-01
-2.32279811e-01
-2.32663804e-01
-2.32951300e-01
-2.33165383e-01
-2.33318275e-01
-2.33418085e-01
-2.33464758e-01
-2.33457683e-01
-2.33390245e-01
-2.33258142e-01
-2.33052485e-01
-2.32768683e-01
-2.32398144e-01
-2.31937742e-01
-2.31380300e-01
-2.30724693e-01
-2.29965337e-01
-2.29102964e-01
-2.28133303e-01
-2.27058517e-01
-2.25875224e-01
-2.24586533e-01
-2.23189543e-01
-2.21687883e-01
-2.20078804e-01
-2.18366131e-01
-2.16547063e-01
-2.14625429e-01
-2.12598336e-01
-2.10469611e-01
-2.08236448e-01
-2.05902940e-01
-2.03466871e-01
-2.00933261e-01
-1.98301473e-01
-1.95578678e-01
-1.92767458e-01
-1.89879093e-01
-1.86921784e-01
-1.83913609e-01
-1.80871396e-01
-1.77823022e-01
-1.74796770e-01
-1.71832433e-01
-1.68970716e-01
-1.66262413e-01
-1.63757318e-01
-1.61510868e-01
-1.59572458e-01
-1.57989766e-01
-1.56797627e-01
-1.56021840e-01
-1.55671353e-01
-1.55744584e-01
-1.56227637e-01
-1.57103890e-01
-1.58355302e-01
-1.59966445e-01
-1.61725649e-01
-2.28388158e-01
-2.29988860e-01
-2.31278661e-01
-2.32291562e-01
-2.33075750e-01
-2.33677564e-01
-2.34134568e-01
-2.34477791e-01
-2.34728208e-01
-2.34902009e-01
-2.35006668e-01
-2.35047616e-01
-2.35023310e-01
-2.34932939e-01
-2.34770270e-01
-2.34532107e-01
-2.34210811e-01
-2.33803368e-01
-2.33302648e-01
-2.32707075e-01
-2.32010794e-01
-2.31213977e-01
-2.30312086e-01
-2.29306822e-01
-2.28194665e-01
-2.26978418e-01
-2.25655164e-01
-2.24228353e-01
-2.22695282e-01
-2.21059639e-01
-2.19318636e-01
-2.17475890e-01
-2.15528345e-01
-2.13479391e-01
-2.11325696e-01
-2.09070465e-01
-2.06710342e-01
-2.04248718e-01
-2.01682866e-01
-1.99017229e-01
-1.96250972e-01
-1.93391185e-01
-1.90441035e-01
-1.87412784e-01
-1.84316670e-01
-1.81173544e-01
-1.78004437e-01
-1.74842417e-01
-1.71722514e-01
-1.68692095e-01
-1.65800529e-01
-1.63107192e-01
-1.60670268e-01
-1.58551865e-01
-1.56806151e-01
-1.55482349e-01
-1.54614038e-01
-1.54222484e-01
-1.54310057e-01
-1.54866159e-01
-1.55865404e-01
-1.57273842e-01
-1.59046808e-01
-1.60939650e-01
-2.29716416e-01
-2.31360430e-01
-2.32715630e-01
-2.33802939e-01
-2.34661416e-01
-2.35328962e-01
-2.35840594e-01
-2.36223527e-01
-2.36500592e-01
-2.36686201e-01
-2.36791877e-01
-2.36821664e-01
-2.36779017e-01
-2.36661268e-01
-2.36467505e-01
-2.36191862e-01
-2.35832119e-01
-2.35381753e-01
-2.34839144e-01
-2.34198484e-01
-2.33459583e-01
-2.32617795e-01
-2.31674451e-01
-2.30625969e-01
-2.29474898e-01
-2.28218376e-01
-2.26859725e-01
-2.25396390e-01
-2.23832016e-01
-2.22163980e-01
-2.20395856e-01
-2.18524662e-01
-2.16553610e-01
-2.14479195e-01
-2.12304125e-01
-2.10024395e-01
-2.07642307e-01
-2.05153686e-01
-2.02560917e-01
-1.99860491e-01
-1.97056004e-01
-1.94146243e-01
-1.91138100e-01
-1.88035389e-01
-1.84851600e-01
-1.81599537e-01
-1.78303674e-01
-1.74990482e-01
-1.71699836e-01
-1.68475514e-01
-1.65374712e-01
-1.62457853e-01
-1.59795145e-01
-1.57455020e-01
-1.55507380e-01
-1.54011266e-01
-1.53016206e-01
-1.52551661e-01
-1.52629442e-01
-1.53237829e-01
-1.54346634e-01
-1.55905751e-01
-1.57850963e-01
-1.59914157e-01
-2.31352106e-01
-2.33053451e-01
-2.34472025e-01
-2.35622891e-01
-2.36538975e-01
-2.37255866e-01
-2.37804918e-01
-2.38214354e-01
-2.38504867e-01
-2.38693881e-01
-2.38791197e-01
-2.38804983e-01
-2.38736759e-01
-2.38588586e-01
-2.38357067e-01
-2.38041405e-01
-2.37636229e-01
-2.37140316e-01
-2.36548252e-01
-2.35859741e-01
-2.35070225e-01
-2.34180791e-01
-2.33187910e-01
-2.32093944e-01
-2.30896164e-01
-2.29597829e-01
-2.28196618e-01
-2.26696220e-01
-2.25094312e-01
-2.23394561e-01
-2.21594268e-01
-2.19696691e-01
-2.17698471e-01
-2.15602167e-01
-2.13403594e-01
-2.11104482e-01
-2.08699867e-01
-2.06190793e-01
-2.03571927e-01
-2.00844259e-01
-1.98003150e-01
-1.95051003e-01
-1.91985981e-01
-1.88814642e-01
-1.85541534e-01
-1.82181721e-01
-1.78751326e-01
-1.75279633e-01
-1.71800296e-01
-1.68362268e-01
-1.65020861e-01
-1.61846223e-01
-1.58913027e-01
-1.56305179e-01
-1.54103392e-01
-1.52385986e-01
-1.51215545e-01
-1.50638156e-01
-1.50672728e-01
-1.51312606e-01
-1.52521123e-01
-1.54237701e-01
-1.56380348e-01
-1.58663475e-01
-2.33286135e-01
-2.35062217e-01
-2.36549979e-01
-2.37760210e-01
-2.38724973e-01
-2.39477704e-01
-2.40051248e-01
-2.40472489e-01
-2.40764994e-01
-2.40944750e-01
-2.41025173e-01
-2.41012571e-01
-2.40912610e-01
-2.40724978e-01
-2.40450870e-01
-2.40086578e-01
-2.39631693e-01
-2.39081543e-01
-2.38435990e-01
-2.37690775e-01
-2.36846892e-01
-2.35900986e-01
-2.34855319e-01
-2.33707381e-01
-2.32460426e-01
-2.31112457e-01
-2.29667277e-01
-2.28122975e-01
-2.26483426e-01
-2.24746382e-01
-2.22915334e-01
-2.20987328e-01
-2.18965077e-01
-2.16844617e-01
-2.14627580e-01
-2.12308813e-01
-2.09888723e-01
-2.07361015e-01
-2.04725045e-01
-2.01973877e-01
-1.99106613e-01
-1.96117012e-01
-1.93005826e-01
-1.89770256e-01
-1.86416339e-01
-1.82949473e-01
-1.79386791e-01
-1.75748786e-01
-1.72071250e-01
-1.68397495e-01
-1.64788785e-01
-1.61315880e-01
-1.58066164e-01
-1.55132759e-01
-1.52616645e-01
-1.50612556e-01
-1.49206451e-01
-1.48460491e-01
-1.48409955e-01
-1.49053015e-01
-1.50353132e-01
-1.52238814e-01
-1.54614428e-01
-1.57176045e-01
-2.35522878e-01
-2.37394195e-01
-2.38960447e-01
-2.40231312e-01
-2.41238338e-01
-2.42017546e-01
-2.42602111e-01
-2.43022626e-01
-2.43302408e-01
-2.43461269e-01
-2.43511347e-01
-2.43462821e-01
-2.43319241e-01
-2.43084434e-01
-2.42756883e-01
-2.42337413e-01
-2.41822435e-01
-2.41212221e-01
-2.40503014e-01
-2.39695856e-01
-2.38787693e-01
-2.37780762e-01
-2.36672859e-01
-2.35467292e-01
-2.34162458e-01
-2.32762339e-01
-2.31265524e-01
-2.29676183e-01
-2.27992650e-01
-2.26218790e-01
-2.24352258e-01
-2.22396154e-01
-2.20347062e-01
-2.18206895e-01
-2.15970833e-01
-2.13639254e-01
-2.11205700e-01
-2.08668826e-01
-2.06020554e-01
-2.03258000e-01
-2.00372039e-01
-1.97359228e-01
-1.94211078e-01
-1.90926061e-01
-1.87499929e-01
-1.83937930e-01
-1.80246456e-01
-1.76445420e-01
-1.72561191e-01
-1.68638540e-01
-1.64734019e-01
-1.60925868e-01
-1.57305821e-01
-1.53984345e-01
-1.51078318e-01
-1.48709400e-01
-1.46986974e-01
-1.46001252e-01
-1.45806201e-01
-1.46414942e-01
-1.47792165e-01
-1.49860829e-01
-1.52510048e-01
-1.55417928e-01
-2.38078319e-01
-2.40067427e-01
-2.41724890e-01
-2.43059122e-01
-2.44104957e-01
-2.44900595e-01
-2.45484389e-01
-2.45888704e-01
-2.46141786e-01
-2.46263534e-01
-2.46270290e-01
-2.46170783e-01
-2.45972485e-01
-2.45676816e-01
-2.45286380e-01
-2.44799052e-01
-2.44215780e-01
-2.43533501e-01
-2.42753431e-01
-2.41872913e-01
-2.40894228e-01
-2.39815540e-01
-2.38640250e-01
-2.37367211e-01
-2.36000622e-01
-2.34539644e-01
-2.32988797e-01
-2.31347095e-01
-2.29618871e-01
-2.27802536e-01
-2.25901737e-01
-2.23913845e-01
-2.21841339e-01
-2.19680123e-01
-2.17431035e-01
-2.15088105e-01
-2.12650088e-01
-2.10108809e-01
-2.07460651e-01
-2.04695165e-01
-2.01806510e-01
-1.98782582e-01
-1.95616499e-01
-1.92296608e-01
-1.88818208e-01
-1.85174884e-01
-1.81370705e-01
-1.77413254e-01
-1.73326277e-01
-1.69144261e-01
-1.64924656e-01
-1.60742561e-01
-1.56700010e-01
-1.52917554e-01
-1.49536610e-01
-1.46704221e-01
-1.44565883e-01
-1.43243877e-01
-1.42825157e-01
-1.43342906e-01
-1.44773057e-01
-1.47033671e-01
-1.50000758e-01
-1.53330417e-01
-2.40978692e-01
-2.43111430e-01
-2.44874142e-01
-2.46276390e-01
-2.47356348e-01
-2.48158898e-01
-2.48726736e-01
-2.49099128e-01
-2.49306704e-01
-2.49374768e-01
-2.49319568e-01
-2.49154037e-01
-2.48883851e-01
-2.48514297e-01
-2.48045311e-01
-2.47478888e-01
-2.46812875e-01
-2.46048789e-01
-2.45184439e-01
-2.44222184e-01
-2.43160580e-01
-2.42003140e-01
-2.40749196e-01
-2.39403181e-01
-2.37964868e-01
-2.36439156e-01
-2.34825798e-01
-2.33129644e-01
-2.31349955e-01
-2.29491019e-01
-2.27551148e-01
-2.25533560e-01
-2.23435157e-01
-2.21257561e-01
-2.18995769e-01
-2.16649239e-01
-2.14210524e-01
-2.11676324e-01
-2.09036235e-01
-2.06283717e-01
-2.03405166e-01
-2.00390831e-01
-1.97224526e-01
-1.93894675e-01
-1.90385144e-01
-1.86686763e-01
-1.82789905e-01
-1.78696901e-01
-1.74416873e-01
-1.69979073e-01
-1.65429612e-01
-1.60844315e-01
-1.56324893e-01
-1.52007238e-01
-1.48051809e-01
-1.44641280e-01
-1.41959957e-01
-1.40178500e-01
-1.39425838e-01
-1.39771959e-01
-1.41210890e-01
-1.43663746e-01
-1.46991534e-01
-1.50826310e-01
-2.44261814e-01
-2.46567110e-01
-2.48451280e-01
-2.49924987e-01
-2.51033747e-01
-2.51829391e-01
-2.52364181e-01
-2.52683081e-01
-2.52824447e-01
-2.52815843e-01
-2.52678807e-01
-2.52425658e-01
-2.52066044e-01
-2.51603061e-01
-2.51040417e-01
-2.50377245e-01
-2.49615530e-01
-2.48753617e-01
-2.47793940e-01
-2.46735432e-01
-2.45581680e-01
-2.44332475e-01
-2.42992465e-01
-2.41562030e-01
-2.40046445e-01
-2.38446220e-01
-2.36766732e-01
-2.35008134e-01
-2.33175386e-01
-2.31267815e-01
-2.29289460e-01
-2.27238363e-01
-2.25117114e-01
-2.22921962e-01
-2.20653446e-01
-2.18305411e-01
-2.15875610e-01
-2.13354735e-01
-2.10736904e-01
-2.08008839e-01
-2.05160213e-01
-2.02173212e-01
-1.99032842e-01
-1.95717276e-01
-1.92208439e-01
-1.88483808e-01
-1.84527877e-01
-1.80326316e-01
-1.75879045e-01
-1.71197474e-01
-1.66319235e-01
-1.61307778e-01
-1.56266352e-01
-1.51335667e-01
-1.46700351e-01
-1.42576143e-01
-1.39199734e-01
-1.36799035e-01
-1.35566494e-01
-1.35623417e-01
-1.37000171e-01
-1.39627194e-01
-1.43353801e-01
-1.47782196e-01
-2.47978282e-01
-2.50489854e-01
-2.52512207e-01
-2.54059949e-01
-2.55187150e-01
-2.55958114e-01
-2.56435137e-01
-2.56674634e-01
-2.56720995e-01
-2.56609409e-01
-2.56362929e-01
-2.55998611e-01
-2.55524791e-01
-2.54948196e-01
-2.54269983e-01
-2.53492968e-01
-2.52616151e-01
-2.51642031e-01
-2.50569847e-01
-2.49403165e-01
-2.48142147e-01
-2.46791572e-01
-2.45352369e-01
-2.43830138e-01
-2.42226111e-01
-2.40546163e-01
-2.38791323e-01
-2.36967206e-01
-2.35074157e-01
-2.33117035e-01
-2.31095059e-01
-2.29011834e-01
-2.26864979e-01
-2.24656274e-01
-2.22381149e-01
-2.20038828e-01
-2.17621747e-01
-2.15125586e-01
-2.12538703e-01
-2.09851968e-01
-2.07048356e-01
-2.04112582e-01
-2.01021130e-01
-1.97751878e-01
-1.94275099e-01
-1.90563626e-01
-1.86585798e-01
-1.82317159e-01
-1.77736725e-01
-1.72841430e-01
-1.67646748e-01
-1.62203885e-01
-1.56603235e-01
-1.50990004e-01
-1.45562913e-01
-1.40576880e-01
-1.36323261e-01
-1.33106653e-01
-1.31200506e-01
-1.30805610e-01
-1.32008109e-01
-1.34764907e-01
-1.38915765e-01
-1.44029611e-01
-2.52195207e-01
-2.54951964e-01
-2.57130406e-01
-2.58750207e-01
-2.59879733e-01
-2.60598285e-01
-2.60985017e-01
-2.61108189e-01
-2.61024108e-01
-2.60773197e-01
-2.60385190e-01
-2.59877454e-01
-2.59262253e-01
-2.58544265e-01
-2.57727921e-01
-2.56813192e-01
-2.55802677e-01
-2.54695808e-01
-2.53495958e-01
-2.52203478e-01
-2.50823103e-01
-2.49356167e-01
-2.47808465e-01
-2.46181860e-01
-2.44482630e-01
-2.42712611e-01
-2.40877997e-01
-2.38980098e-01
-2.37024516e-01
-2.35011603e-01
-2.32945912e-01
-2.30826411e-01
-2.28656109e-01
-2.26432079e-01
-2.24155132e-01
-2.21819719e-01
-2.19423515e-01
-2.16957244e-01
-2.14414058e-01
-2.11779356e-01
-2.09039857e-01
-2.06173568e-01
-2.03158583e-01
-1.99963529e-01
-1.96556436e-01
-1.92896431e-01
-1.88943560e-01
-1.84653197e-01
-1.79988487e-01
-1.74919574e-01
-1.69440593e-01
-1.63575155e-01
-1.57397555e-01
-1.51041329e-01
-1.44716794e-01
-1.38709229e-01
-1.33373727e-01
-1.29101730e-01
-1.26276495e-01
-1.25207037e-01
-1.26070413e-01
-1.28871529e-01
-1.33451892e-01
-1.39341540e-01
-2.57000383e-01
-2.60048775e-01
-2.62400272e-01
-2.64084214e-01
-2.65187776e-01
-2.65813973e-01
-2.66062370e-01
-2.66020549e-01
-2.65756511e-01
-2.65321425e-01
-2.64748395e-01
-2.64059881e-01
-2.63267019e-01
-2.62377507e-01
-2.61393040e-01
-2.60316517e-01
-2.59147451e-01
-2.57888751e-01
-2.56540640e-01
-2.55107495e-01
-2.53590779e-01
-2.51996234e-01
-2.50326153e-01
-2.48587043e-01
-2.46781403e-01
-2.44915863e-01
-2.42992572e-01
-2.41017747e-01
-2.38992744e-01
-2.36922926e-01
-2.34808480e-01
-2.32653493e-01
-2.30456566e-01
-2.28219986e-01
-2.25940179e-01
-2.23616845e-01
-2.21243281e-01
-2.18815331e-01
-2.16321610e-01
-2.13752113e-01
-2.11088387e-01
-2.08311700e-01
-2.05393300e-01
-2.02302238e-01
-1.98996162e-01
-1.95429351e-01
-1.91545180e-01
-1.87285831e-01
-1.82588679e-01
-1.77400379e-01
-1.71680406e-01
-1.65422445e-01
-1.58666901e-01
-1.51528240e-01
-1.44209929e-01
-1.37023255e-01
-1.30381149e-01
-1.24777283e-01
-1.20727394e-01
-1.18691443e-01
-1.18979421e-01
-1.21684040e-01
-1.26665954e-01
-1.33415928e-01
-2.62510001e-01
-2.65905532e-01
-2.68445413e-01
-2.70173131e-01
-2.71205565e-01
-2.71677622e-01
-2.71720252e-01
-2.71443921e-01
-2.70935391e-01
-2.70255064e-01
-2.69444072e-01
-2.68525603e-01
-2.67513937e-01
-2.66414159e-01
-2.65230073e-01
-2.63961221e-01
-2.62609678e-01
-2.61175024e-01
-2.59660741e-01
-2.58067918e-01
-2.56401811e-01
-2.54664769e-01
-2.52863210e-01
-2.51000034e-01
-2.49082068e-01
-2.47112099e-01
-2.45096747e-01
-2.43038185e-01
-2.40942373e-01
-2.38810509e-01
-2.36647521e-01
-2.34453302e-01
-2.32231350e-01
-2.29979817e-01
-2.27700170e-01
-2.25388090e-01
-2.23041992e-01
-2.20653781e-01
-2.18217062e-01
-2.15717726e-01
-2.13141668e-01
-2.10465213e-01
-2.07662225e-01
-2.04694533e-01
-2.01518604e-01
-1.98076613e-01
-1.94303612e-01
-1.90120955e-01
-1.85446357e-01
-1.80193161e-01
-1.74287519e-01
-1.67678385e-01
-1.60366006e-01
-1.52424506e-01
-1.44037929e-01
-1.35522389e-01
-1.27343408e-01
-1.20097099e-01
-1.14459093e-01
-1.11082363e-01
-1.10471534e-01
-1.12861797e-01
-1.18170076e-01
-1.25851739e-01
-2.68879064e-01
-2.72690057e-01
-2.75427425e-01
-2.77159247e-01
-2.78045921e-01
-2.78271638e-01
-2.78009223e-01
-2.77403233e-01
-2.76561110e-01
-2.75557929e-01
-2.74439469e-01
-2.73233116e-01
-2.71950846e-01
-2.70598825e-01
-2.69176822e-01
-2.67685583e-01
-2.66123227e-01
-2.64491441e-01
-2.62790075e-01
-2.61023120e-01
-2.59192323e-01
-2.57303453e-01
-2.55359351e-01
-2.53366649e-01
-2.51328433e-01
-2.49251424e-01
-2.47138334e-01
-2.44995440e-01
-2.42824680e-01
-2.40631523e-01
-2.38416847e-01
-2.36185005e-01
-2.33935511e-01
-2.31671175e-01
-2.29389635e-01
-2.27091420e-01
-2.24771312e-01
-2.22426169e-01
-2.20046082e-01
-2.17621730e-01
-2.15135262e-01
-2.12566957e-01
-2.09885778e-01
-2.07055224e-01
-2.04023759e-01
-2.00730185e-01
-1.97094923e-01
-1.93026435e-01
-1.88416007e-01
-1.83148997e-01
-1.77108467e-01
-1.70197726e-01
-1.62359900e-01
-1.53617419e-01
-1.44108623e-01
-1.34135341e-01
-1.24191546e-01
-1.14972112e-01
-1.07325098e-01
-1.02145607e-01
-1.00203965e-01
-1.01962047e-01
-1.07453039e-01
-1.16117335e-01
-2.76319229e-01
-2.80630343e-01
-2.83561984e-01
-2.85223041e-01
-2.85844356e-01
-2.85682364e-01
-2.84972496e-01
-2.83902577e-01
-2.82609208e-01
-2.81180662e-01
-2.79670225e-01
-2.78103941e-01
-2.76493621e-01
-2.74840058e-01
-2.73142070e-01
-2.71395029e-01
-2.69597312e-01
-2.67746023e-01
-2.65842538e-01
-2.63886829e-01
-2.61883044e-01
-2.59833159e-01
-2.57742948e-01
-2.55615251e-01
-2.53456424e-01
-2.51269316e-01
-2.49060146e-01
-2.46831249e-01
-2.44588280e-01
-2.42332752e-01
-2.40069478e-01
-2.37798914e-01
-2.35524736e-01
-2.33246009e-01
-2.30964765e-01
-2.28678007e-01
-2.26385115e-01
-2.24079654e-01
-2.21756397e-01
-2.19402823e-01
-2.17005490e-01
-2.14541078e-01
-2.11981815e-01
-2.09285981e-01
-2.06402289e-01
-2.03260156e-01
-1.99773672e-01
-1.95833150e-01
-1.91311131e-01
-1.86059288e-01
-1.79922280e-01
-1.72747994e-01
-1.64418793e-01
-1.54885127e-01
-1.44221304e-01
-1.32681178e-01
-1.20759791e-01
-1.09224486e-01
-9.90995768e-02
-9.15594189e-02
-8.77269632e-02
-8.84022081e-02
-9.38375919e-02
-1.03504257e-01
-2.85127018e-01
-2.90044793e-01
-2.93139714e-01
-2.94595578e-01
-2.94757063e-01
-2.93993876e-01
-2.92629317e-01
-2.90911598e-01
-2.89009545e-01
-2.87027643e-01
-2.85020715e-01
-2.83013335e-01
-2.81009526e-01
-2.79005566e-01
-2.76992038e-01
-2.74961435e-01
-2.72905514e-01
-2.70820651e-01
-2.68702991e-01
-2.66553351e-01
-2.64371445e-01
-2.62161066e-01
-2.59923904e-01
-2.57665210e-01
-2.55387366e-01
-2.53096019e-01
-2.50793449e-01
-2.48485080e-01
-2.46172661e-01
-2.43861054e-01
-2.41551237e-01
-2.39247268e-01
-2.36949120e-01
-2.34659699e-01
-2.32377528e-01
-2.30103671e-01
-2.27834228e-01
-2.25566985e-01
-2.23293620e-01
-2.21005809e-01
-2.18686974e-01
-2.16317491e-01
-2.13865749e-01
-2.11292119e-01
-2.08539222e-01
-2.05534631e-01
-2.02180898e-01
-1.98358108e-01
-1.93916000e-01
-1.88680207e-01
-1.82452554e-01
-1.75029628e-01
-1.66222883e-01
-1.55903317e-01
-1.44055331e-01
-1.30856152e-01
-1.16757080e-01
-1.02560631e-01
-8.94431209e-02
-7.88836448e-02
-7.24435890e-02
-7.14109252e-02
-7.64164079e-02
-8.70607048e-02
-2.95734063e-01
-3.01390143e-01
-3.04560004e-01
-3.05569198e-01
-3.04957043e-01
-3.03268108e-01
-3.00953497e-01
-2.98336738e-01
-2.95624574e-01
-2.92931062e-01
-2.90308824e-01
-2.87770491e-01
-2.85309443e-01
-2.82908184e-01
-2.80548910e-01
-2.78213454e-01
-2.75889008e-01
-2.73564276e-01
-2.71233754e-01
-2.68892481e-01
-2.66540356e-01
-2.64176409e-01
-2.61803602e-01
-2.59422917e-01
-2.57038676e-01
-2.54652496e-01
-2.52269046e-01
-2.49889860e-01
-2.47519419e-01
-2.45158811e-01
-2.42812035e-01
-2.40479502e-01
-2.38164451e-01
-2.35866298e-01
-2.33587031e-01
-2.31324390e-01
-2.29078080e-01
-2.26842706e-01
-2.24613564e-01
-2.22379173e-01
-2.20126307e-01
-2.17831861e-01
-2.15466692e-01
-2.12986519e-01
-2.10334204e-01
-2.07429614e-01
-2.04170533e-01
-2.00422428e-01
-1.96019844e-01
-1.90759634e-01
-1.84408538e-01
-1.76708681e-01
-1.67403793e-01
-1.56273648e-01
-1.43198815e-01
-1.28243859e-01
-1.11771321e-01
-9.45575885e-02
-7.78843539e-02
-6.35272075e-02
-5.35662672e-02
-4.99583911e-02
-5.39586050e-02
-6.54871647e-02
-3.08797478e-01
-3.15344410e-01
-3.18377751e-01
-3.18508642e-01
-3.16613846e-01
-3.13512531e-01
-3.09831271e-01
-3.05985324e-01
-3.02212577e-01
-2.98626703e-01
-2.95261310e-01
-2.92107370e-01
-2.89133828e-01
-2.86304779e-01
-2.83584012e-01
-2.80942106e-01
-2.78353957e-01
-2.75802541e-01
-2.73274069e-01
-2.70761305e-01
-2.68258119e-01
-2.65763275e-01
-2.63274891e-01
-2.60794855e-01
-2.58323258e-01
-2.55863345e-01
-2.53415888e-01
-2.50984535e-01
-2.48570081e-01
-2.46176080e-01
-2.43802998e-01
-2.41453976e-01
-2.39128846e-01
-2.36829934e-01
-2.34555921e-01
-2.32307543e-01
-2.30081246e-01
-2.27874579e-01
-2.25679522e-01
-2.23487271e-01
-2.21280992e-01
-2.19039597e-01
-2.16729558e-01
-2.14307180e-01
-2.11709130e-01
-2.08852871e-01
-2.05625996e-01
-2.01885339e-01
-1.97446665e-01
-1.92085358e-01
-1.85531590e-01
-1.77480659e-01
-1.67605990e-01
-1.55596786e-01
-1.41212968e-01
-1.24379958e-01
-1.05315986e-01
-8.46990470e-02
-6.38319349e-02
-4.47407570e-02
-3.00730754e-02
-2.26669650e-02
-2.47632824e-02
-3.69645964e-02
-3.25374381e-01
-3.32948105e-01
-3.35370174e-01
-3.33846153e-01
-3.29848662e-01
-3.24614689e-01
-3.18999844e-01
-3.13508457e-01
-3.08388102e-01
-3.03721097e-01
-2.99498403e-01
-2.95665530e-01
-2.92154086e-01
-2.88894973e-01
-2.85828788e-01
-2.82905379e-01
-2.80087163e-01
-2.77344451e-01
-2.74657460e-01
-2.72010807e-01
-2.69396011e-01
-2.66806069e-01
-2.64238774e-01
-2.61691478e-01
-2.59165104e-01
-2.56659014e-01
-2.54175516e-01
-2.51714729e-01
-2.49279441e-01
-2.46869888e-01
-2.44488822e-01
-2.42136186e-01
-2.39814267e-01
-2.37522239e-01
-2.35261276e-01
-2.33028917e-01
-2.30823975e-01
-2.28640625e-01
-2.26472861e-01
-2.24308109e-01
-2.22130868e-01
-2.19915519e-01
-2.17628664e-01
-2.15220693e-01
-2.12626291e-01
-2.09754432e-01
-2.06486848e-01
-2.02666793e-01
-1.98096488e-01
-1.92526996e-01
-1.85658746e-01
-1.77139484e-01
-1.66578803e-01
-1.53571065e-01
-1.37749216e-01
-1.18869288e-01
-9.69521292e-02
-7.24824109e-02
-4.66647324e-02
-2.16653076e-02
-6.96292865e-04
1.23006626e-02
1.35720020e-02
1.15406131e-03
-3.47273058e-01
-3.55850320e-01
-3.56613107e-01
-3.52035749e-01
-3.44628470e-01
-3.36230317e-01
-3.27948073e-01
-3.20331249e-01
-3.13572943e-01
-3.07669487e-01
-3.02522783e-01
-2.98003518e-01
-2.93981405e-01
-2.90342412e-01
-2.86991273e-01
-2.83854187e-01
-2.80873642e-01
-2.78008429e-01
-2.75227375e-01
-2.72510012e-01
-2.69840814e-01
-2.67211065e-01
-2.64613690e-01
-2.62046128e-01
-2.59505532e-01
-2.56992346e-01
-2.54505663e-01
-2.52047264e-01
-2.49616997e-01
-2.47217092e-01
-2.44847484e-01
-2.42510269e-01
-2.40204922e-01
-2.37932771e-01
-2.35692062e-01
-2.33482308e-01
-2.31299121e-01
-2.29138227e-01
-2.26989914e-01
-2.24842410e-01
-2.22675666e-01
-2.20463672e-01
-2.18167155e-01
-2.15734281e-01
-2.13091795e-01
-2.10143593e-01
-2.06760045e-01
-2.02774434e-01
-1.97971143e-01
-1.92081510e-01
-1.84773979e-01
-1.75654613e-01
-1.64267944e-01
-1.50116218e-01
-1.32694000e-01
-1.11563874e-01
-8.64854302e-02
-5.76369107e-02
-2.59453849e-02
6.48604666e-03
3.59964270e-02
5.73454642e-02
6.45248444e-02
5.29332381e-02
-3.77799824e-01
-3.86722759e-01
-3.83524072e-01
-3.73387520e-01
-3.60546616e-01
-3.47587140e-01
-3.35778736e-01
-3.25567392e-01
-3.16960724e-01
-3.09768619e-01
-3.03739204e-01
-2.98623707e-01
-2.94206365e-01
-2.90310366e-01
-2.86798547e-01
-2.83565770e-01
-2.80535193e-01
-2.77649765e-01
-2.74869972e-01
-2.72166862e-01
-2.69521886e-01
-2.66921312e-01
-2.64357661e-01
-2.61824983e-01
-2.59321347e-01
-2.56844561e-01
-2.54395314e-01
-2.51973073e-01
-2.49579615e-01
-2.47214957e-01
-2.44881088e-01
-2.42577842e-01
-2.40306709e-01
-2.38066581e-01
-2.35857500e-01
-2.33676211e-01
-2.31519671e-01
-2.29380283e-01
-2.27248920e-01
-2.25109610e-01
-2.22941717e-01
-2.20713724e-01
-2.18384065e-01
-2.15893535e-01
-2.13164175e-01
-2.10089824e-01
-2.06532604e-01
-2.02311440e-01
-1.97196336e-01
-1.90895767e-01
-1.83050551e-01
-1.73223484e-01
-1.60898428e-01
-1.45481817e-01
-1.26323910e-01
-1.02763766e-01
-7.42328324e-02
-4.04551577e-02
-1.82099044e-03
4.00062168e-02
8.12735409e-02
1.15424104e-01
1.33219035e-01
1.25039312e-01
-4.23421685e-01
-4.29893078e-01
-4.17692674e-01
-3.97608585e-01
-3.76379671e-01
-3.57173432e-01
-3.41030945e-01
-3.27951385e-01
-3.17515731e-01
-3.09200650e-01
-3.02514003e-01
-2.97044055e-01
-2.92464955e-01
-2.88529204e-01
-2.85051836e-01
-2.81898534e-01
-2.78971641e-01
-2.76202770e-01
-2.73543054e-01
-2.70959920e-01
-2.68430346e-01
-2.65940382e-01
-2.63480139e-01
-2.61044963e-01
-2.58631338e-01
-2.56239021e-01
-2.53867375e-01
-2.51518058e-01
-2.49191517e-01
-2.46889979e-01
-2.44613957e-01
-2.42365371e-01
-2.40143985e-01
-2.37950513e-01
-2.35782898e-01
-2.33639259e-01
-2.31513904e-01
-2.29399908e-01
-2.27284678e-01
-2.25151861e-01
-2.22976176e-01
-2.20724232e-01
-2.18348188e-01
-2.15784936e-01
-2.12948064e-01
-2.09724798e-01
-2.05965767e-01
-2.01479267e-01
-1.96018665e-01
-1.89274072e-01
-1.80857984e-01
-1.70295491e-01
-1.57010185e-01
-1.40316455e-01
-1.19412947e-01
-9.33937525e-02
-6.12909293e-02
-2.22051165e-02
2.43764740e-02
7.78833017e-02
1.35366712e-01
1.89580411e-01
2.27145551e-01
2.29156149e-01
-4.97617153e-01
-4.91983397e-01
-4.59930038e-01
-4.22656210e-01
-3.89269402e-01
-3.62299872e-01
-3.41526697e-01
-3.25849670e-01
-3.14069750e-01
-3.05156485e-01
-2.98304685e-01
-2.92912524e-01
-2.88542163e-01
-2.84878743e-01
-2.81699247e-01
-2.78845947e-01
-2.76209544e-01
-2.73713886e-01
-2.71308025e-01
-2.68957214e-01
-2.66639849e-01
-2.64341713e-01
-2.62055545e-01
-2.59776924e-01
-2.57505266e-01
-2.55240506e-01
-2.52984875e-01
-2.50739940e-01
-2.48508801e-01
-2.46293247e-01
-2.44096157e-01
-2.41918633e-01
-2.39762454e-01
-2.37627088e-01
-2.35512047e-01
-2.33413686e-01
-2.31327276e-01
-2.29243442e-01
-2.27149714e-01
-2.25026357e-01
-2.22847062e-01
-2.20573810e-01
-2.18156224e-01
-2.15524986e-01
-2.12589261e-01
-2.09228089e-01
-2.05285250e-01
-2.00558059e-01
-1.94789070e-01
-1.87651727e-01
-1.78738195e-01
-1.67540811e-01
-1.53434121e-01
-1.35648784e-01
-1.13242483e-01
-8.50603948e-02
-4.96963678e-02
-5.47706101e-03
4.94309652e-02
1.16534976e-01
1.95563600e-01
2.81083634e-01
3.56406986e-01
3.86783941e-01
-6.29919715e-01
-5.80904923e-01
-5.06873709e-01
-4.42187974e-01
-3.93446536e-01
-3.58708266e-01
-3.34430038e-01
-3.17495995e-01
-3.05586077e-01
-2.97075466e-01
-2.90851576e-01
-2.86158433e-01
-2.82481904e-01
-2.79472654e-01
-2.76892556e-01
-2.74580631e-01
-2.72427982e-01
-2.70362872e-01
-2.68338125e-01
-2.66324790e-01
-2.64305158e-01
-2.62270512e-01
-2.60216784e-01
-2.58144355e-01
-2.56054980e-01
-2.53952663e-01
-2.51841172e-01
-2.49725481e-01
-2.47609528e-01
-2.45497933e-01
-2.43393818e-01
-2.41300611e-01
-2.39219807e-01
-2.37152725e-01
-2.35098096e-01
-2.33053619e-01
-2.31013254e-01
-2.28968379e-01
-2.26904592e-01
-2.24802189e-01
-2.22632182e-01
-2.20355716e-01
-2.17918889e-01
-2.15250585e-01
-2.12255573e-01
-2.08810134e-01
-2.04752785e-01
-1.99876966e-01
-1.93918559e-01
-1.86544493e-01
-1.77335380e-01
-1.65767097e-01
-1.51183235e-01
-1.32759765e-01
-1.09449211e-01
-7.98962358e-02
-4.22996261e-02
5.80069912e-03
6.78205515e-02
1.48379912e-01
2.52861127e-01
3.84097712e-01
5.30630308e-01
6.38043912e-01
-8.85703921e-01
-6.95091732e-01
-5.41052082e-01
-4.41050602e-01
-3.79158795e-01
-3.40905137e-01
-3.16926004e-01
-3.01608270e-01
-2.91619774e-01
-2.84954110e-01
-2.80376580e-01
-2.77109731e-01
-2.74655136e-01
-2.72688670e-01
-2.70998918e-01
-2.69447911e-01
-2.67947424e-01
-2.66442055e-01
-2.64899382e-01
-2.63301678e-01
-2.61641854e-01
-2.59918915e-01
-2.58136599e-01
-2.56300583e-01
-2.54418469e-01
-2.52497827e-01
-2.50546873e-01
-2.48572889e-01
-2.46583245e-01
-2.44583950e-01
-2.42580808e-01
-2.40577959e-01
-2.38579019e-01
-2.36585509e-01
-2.34597844e-01
-2.32613532e-01
-2.30627862e-01
-2.28631707e-01
-2.26611699e-01
-2.24547408e-01
-2.22410681e-01
-2.20161865e-01
-2.17747896e-01
-2.15097100e-01
-2.12115500e-01
-2.08679617e-01
-2.04630320e-01
-1.99762876e-01
-1.93817373e-01
-1.86464673e-01
-1.77291226e-01
-1.65777111e-01
-1.51268119e-01
-1.32932346e-01
-1.09693327e-01
-8.01138848e-02
-4.21884191e-02
7.05107408e-03
7.22961133e-02
1.61421216e-01
2.87993242e-01
4.73847872e-01
7.42223268e-01
1.05566492e+00
-1.40386530e+00
-7.78075923e-01
-5.16394844e-01
-3.97017674e-01
-3.37944674e-01
-3.06735412e-01
-2.89427292e-01
-2.79510036e-01
-2.73716252e-01
-2.70292701e-01
-2.68241990e-01
-2.66970006e-01
-2.66111060e-01
-2.65436646e-01
-2.64803767e-01
-2.64125112e-01
-2.63349643e-01
-2.62450895e-01
-2.61418170e-01
-2.60251561e-01
-2.58957432e-01
-2.57546420e-01
-2.56030900e-01
-2.54424462e-01
-2.52740341e-01
-2.50991653e-01
-2.49190285e-01
-2.47347511e-01
-2.45473066e-01
-2.43575919e-01
-2.41663376e-01
-2.39741864e-01
-2.37815956e-01
-2.35889052e-01
-2.33962225e-01
-2.32034676e-01
-2.30102282e-01
-2.28157656e-01
-2.26188210e-01
-2.24175593e-01
-2.22092995e-01
-2.19903628e-01
-2.17556898e-01
-2.14985478e-01
-2.12099872e-01
-2.08783512e-01
-2.04885100e-01
-2.00211020e-01
-1.94514575e-01
-1.87484464e-01
-1.78728978e-01
-1.67757093e-01
-1.53951200e-01
-1.36528379e-01
-1.14476909e-01
-8.64468881e-02
-5.05416261e-02
-3.89002345e-03
5.83123797e-02
1.45145211e-01
2.76113573e-01
4.97506644e-01
9.20506615e-01
1.77841031e+00
SCALARS vorticity double 1
LOOKUP_TABLE default
1.98361760e-03
8.84035849e-03
1.97755049e-02
3.31753141e-02
5.06655197e-02
7.22962775e-02
9.74492561e-02
1.25364379e-01
1.55314696e-01
1.86650342e-01
2.18808081e-01
2.51312679e-01
2.83771607e-01
3.15866297e-01
3.47340201e-01
3.77987290e-01
4.07640542e-01
4.36162750e-01
4.63438273e-01
4.89367277e-01
5.13860815e-01
5.36837924e-01
5.58223134e-01
5.77945409e-01
5.95937119e-01
6.12133955e-01
6.26474652e-01
6.38901324e-01
6.49359531e-01
6.57798754e-01
6.64172609e-01
6.68439339e-01
6.70562114e-01
6.70509491e-01
6.68255781e-01
6.63781475e-01
6.57073693e-01
6.48126599e-01
6.36941978e-01
6.23529715e-01
6.07908623e-01
5.90107161e-01
5.70164752e-01
5.48133077e-01
5.24078298e-01
4.98083442e-01
4.70252116e-01
4.40712600e-01
4.09623651e-01
3.77180778e-01
3.43624366e-01
3.09247946e-01
2.74407810e-01
2.39531476e-01
2.05125479e-01
1.71778688e-01
1.40160713e-01
1.11010210e-01
8.51041187e-02
6.31553991e-02
4.54676840e-02
3.09448843e-02
1.51284020e-02
2.02852376e-03
4.10957669e-03
1.30876535e-02
2.68234141e-02
4.01519944e-02
5.60501296e-02
7.53525509e-02
9.77733659e-02
1.22719944e-01
1.49586454e-01
1.77817181e-01
2.06915470e-01
2.36446870e-01
2.66040483e-01
2.95386165e-01
3.24228330e-01
3.52357720e-01
3.79602951e-01
4.05822479e-01
4.30897749e-01
4.54727430e-01
4.77223008e-01
4.98305365e-01
5.17902440e-01
5.35947559e-01
5.52378461e-01
5.67136687e-01
5.80167365e-01
5.91419140e-01
6.00844315e-01
6.08399024e-01
6.14043515e-01
6.17742421e-01
6.19465087e-01
6.19185893e-01
6.16884596e-01
6.12546689e-01
6.06163779e-01
5.97734017e-01
5.87262565e-01
5.74762183e-01
5.60253922e-01
5.43768049e-01
5.25345205e-01
5.05037979e-01
4.82912895e-01
4.59053060e-01
4.33561422e-01
4.06564899e-01
3.78219232e-01
3.48714733e-01
3.18282550e-01
2.87201396e-01
2.55803864e-01
2.24481614e-01
1.93687533e-01
1.63933414e-01
1.35781881e-01
1.09832435e-01
8.66879078e-02
6.68217363e-02
5.00869606e-02
3.43867913e-02
1.34547948e-02
-1.84911818e-03
1.09169799e-02
2.13107235e-02
3.70683326e-02
5.00606853e-02
6.34922518e-02
7.89418586e-02
9.66475868e-02
1.16352247e-01
1.37691231e-01
1.60290392e-01
1.83783179e-01
2.07820877e-01
2.32083711e-01
2.56288316e-01
2.80190150e-01
3.03581978e-01
3.26290131e-01
3.48169742e-01
3.69099821e-01
3.88978608e-01
4.07719526e-01
4.25247806e-01
4.41497855e-01
4.56411265e-01
4.69935413e-01
4.82022507e-01
4.92629006e-01
5.01715296e-01
5.09245563e-01
5.15187783e-01
5.19513816e-01
5.22199539e-01
5.23225028e-01
5.22574757e-01
5.20237838e-01
5.16208269e-01
5.10485236e-01
5.03073467e-01
4.93983668e-01
4.83233081e-01
4.70846203e-01
4.56855732e-01
4.41303795e-01
4.24243533e-01
4.05741093e-01
3.85878094e-01
3.64754553e-01
3.42492264e-01
3.19238486e-01
2.95169764e-01
2.70495504e-01
2.45460820e-01
2.20347758e-01
1.95473640e-01
1.71184662e-01
1.47843306e-01
1.25809984e-01
1.05420142e-01
8.69387973e-02
7.03935775e-02
5.50356888e-02
3.82519946e-02
1.51853237e-02
5.88526294e-04
2.35394190e-02
3.42682162e-02
4.99421767e-02
6.14799696e-02
7.20581857e-02
8.36422718e-02
9.68245335e-02
1.11607410e-01
1.27820977e-01
1.45238576e-01
1.63600005e-01
1.82627258e-01
2.02043015e-01
2.21585994e-01
2.41020344e-01
2.60139708e-01
2.78767581e-01
2.96755374e-01
3.13979244e-01
3.30336386e-01
3.45741336e-01
3.60122581e-01
3.73419673e-01
3.85580907e-01
3.96561544e-01
4.06322513e-01
4.14829526e-01
4.22052494e-01
4.27965185e-01
4.32545042e-01
4.35773124e-01
4.37634118e-01
4.38116411e-01
4.37212198e-01
4.34917631e-01
4.31233010e-01
4.26163025e-01
4.19717084e-01
4.11909737e-01
4.02761264e-01
3.92298444e-01
3.80555586e-01
3.67575854e-01
3.53412941e-01
3.38133101e-01
3.21817537e-01
3.04565053e-01
2.86494825e-01
2.67749043e-01
2.48495056e-01
2.28926526e-01
2.09262921e-01
1.89746374e-01
1.70634532e-01
1.52187727e-01
1.34649683e-01
1.18224057e-01
1.03050536e-01
8.91631591e-02
7.63306791e-02
6.35579639e-02
4.82443042e-02
2.66113060e-02
1.28689066e-02
4.11323037e-02
5.11179651e-02
6.51128779e-02
7.42572482e-02
8.15882228e-02
8.92452523e-02
9.80468766e-02
1.08187032e-01
1.19645993e-01
1.32311235e-01
1.46004458e-01
1.60501621e-01
1.75557015e-01
1.90924639e-01
2.06373141e-01
2.21694432e-01
2.36707501e-01
2.51258856e-01
2.65220831e-01
2.78488641e-01
2.90976929e-01
3.02616303e-01
3.13350175e-01
3.23132097e-01
3.31923616e-01
3.39692653e-01
3.46412324e-01
3.52060125e-01
3.56617393e-01
3.60068973e-01
3.62403035e-01
3.63610982e-01
3.63687437e-01
3.62630287e-01
3.60440770e-01
3.57123624e-01
3.52687313e-01
3.47144343e-01
3.40511719e-01
3.32811585e-01
3.24072090e-01
3.14328536e-01
3.03624847e-01
2.92015386e-01
2.79567084e-01
2.66361833e-01
2.52498948e-01
2.38097479e-01
2.23297970e-01
2.08263194e-01
1.93177236e-01
1.78242173e-01
1.63671356e-01
1.49678016e-01
1.36457865e-01
1.24165768e-01
1.12890380e-01
1.02632585e-01
9.32719175e-02
8.44236135e-02
7.49872297e-02
6.24579042e-02
4.36601226e-02
3.13409873e-02
6.32170785e-02
7.14308006e-02
8.22158191e-02
8.79712592e-02
9.15296212e-02
9.50605490e-02
9.95023336e-02
1.05173103e-01
1.12156908e-01
1.20420722e-01
1.29842415e-01
1.40233484e-01
1.51367054e-01
1.63003707e-01
1.74910701e-01
1.86874225e-01
1.98705997e-01
2.10245633e-01
2.21360096e-01
2.31941302e-01
2.41902766e-01
2.51175973e-01
2.59706893e-01
2.67452946e-01
2.74380488e-01
2.80462867e-01
2.85678960e-01
2.90012139e-01
2.93449560e-01
2.95981692e-01
2.97602025e-01
2.98306902e-01
2.98095441e-01
2.96969524e-01
2.94933857e-01
2.91996096e-01
2.88167072e-01
2.83461131e-01
2.77896650e-01
2.71496755e-01
2.64290311e-01
2.56313235e-01
2.47610146e-01
2.38236374e-01
2.28260258e-01
2.17765611e-01
2.06854120e-01
1.95647325e-01
1.84287706e-01
1.72938278e-01
1.61779979e-01
1.51006064e-01
1.40812551e-01
1.31383615e-01
1.22871058e-01
1.15368694e-01
1.08886790e-01
1.03333762e-01
9.84905821e-02
9.38840923e-02
8.83757391e-02
7.95694110e-02
6.46676944e-02
5.44657368e-02
8.94043199e-02
9.50876291e-02
1.01407268e-01
1.02882466e-01
1.02135763e-01
1.01288884e-01
1.01325852e-01
1.02633626e-01
1.05358307e-01
1.09513991e-01
1.15009824e-01
1.21674217e-01
1.29285510e-01
1.37601067e-01
1.46379752e-01
1.55397045e-01
1.64453808e-01
1.73380128e-01
1.82035581e-01
1.90307137e-01
1.98105748e-01
2.05362425e-01
2.12024380e-01
2.18051560e-01
2.23413761e-01
2.28088334e-01
2.32058461e-01
2.35311904e-01
2.37840127e-01
2.39637709e-01
2.40701958e-01
2.41032681e-01
2.40632052e-01
2.39504573e-01
2.37657119e-01
2.35099059e-01
2.31842503e-01
2.27902691e-01
2.23298575e-01
2.18053658e-01
2.12197134e-01
2.05765390e-01
1.98803891e-01
1.91369425e-01
1.83532635e-01
1.75380650e-01
1.67019522e-01
1.58576034e-01
1.50198309e-01
1.42054529e-01
1.34328990e-01
1.27214668e-01
1.20901429e-01
1.15558989e-01
1.11314159e-01
1.08223896e-01
1.06250109e-01
1.05244187e-01
1.04927660e-01
1.04778928e-01
1.03654661e-01
9.92641395e-02
8.90740494e-02
8.14971370e-02
1.19239834e-01
1.21913916e-01
1.22869967e-01
1.19380563e-01
1.13888972e-01
1.08439431e-01
1.04019480e-01
1.01046534e-01
9.96962555e-02
1.00002804e-01
1.01884650e-01
1.05169837e-01
1.09628670e-01
1.15005311e-01
1.21042822e-01
1.27500499e-01
1.34164315e-01
1.40851817e-01
1.47412886e-01
1.53727704e-01
1.59703104e-01
1.65268242e-01
1.70370267e-01
1.74970394e-01
1.79040596e-01
1.82560969e-01
1.85517728e-01
1.87901747e-01
1.89707526e-01
1.90932493e-01
1.91576541e-01
1.91641738e-01
1.91132166e-01
1.90053868e-01
1.88414877e-01
1.86225364e-01
1.83497919e-01
1.80247994e-01
1.76494593e-01
1.72261235e-01
1.67577279e-01
1.62479651e-01
1.57014992e-01
1.51242201e-01
1.45235259e-01
1.39086110e-01
1.32907248e-01
1.26833489e-01
1.21022296e-01
1.15651852e-01
1.10916084e-01
1.07015761e-01
1.04144909e-01
1.02471806e-01
1.02114486e-01
1.03112750e-01
1.05403135e-01
1.08805170e-01
1.13006083e-01
1.17457691e-01
1.21024315e-01
1.21505978e-01
1.16556262e-01
1.11879722e-01
1.52238105e-01
1.51620882e-01
1.46614804e-01
1.37679260e-01
1.27119457e-01
1.16899112e-01
1.07989253e-01
1.00814090e-01
9.55557901e-02
9.22476142e-02
9.07992088e-02
9.10231908e-02
9.26697318e-02
9.54603238e-02
9.91149457e-02
1.03371192e-01
1.07995987e-01
1.12791195e-01
1.17594585e-01
1.22277642e-01
1.26741503e-01
1.30912112e-01
1.34735320e-01
1.38172450e-01
1.41196532e-01
1.43789310e-01
1.45938949e-01
1.47638367e-01
1.48884054e-01
1.49675265e-01
1.50013488e-01
1.49902113e-01
1.49346246e-01
1.48352642e-01
1.46929753e-01
1.45087894e-01
1.42839577e-01
1.40200033e-01
1.37188008e-01
1.33826886e-01
1.30146217e-01
1.26183694e-01
1.21987612e-01
1.17619745e-01
1.13158530e-01
1.08702277e-01
1.04371996e-01
1.00313277e-01
9.66964684e-02
9.37143153e-02
9.15761633e-02
9.04978651e-02
9.06866464e-02
9.23203990e-02
9.55215702e-02
1.00328018e-01
1.06667561e-01
1.14344637e-01
1.23026953e-01
1.32149714e-01
1.40585289e-01
1.46204118e-01
1.46786577e-01
1.45122074e-01
1.87948659e-01
1.83877520e-01
1.72520032e-01
1.57812503e-01
1.41960745e-01
1.26856112e-01
1.13445766e-01
1.02147221e-01
9.31336372e-02
8.64218069e-02
8.18981273e-02
7.93471559e-02
7.84883390e-02
7.90119000e-02
8.06079338e-02
8.29870523e-02
8.58930814e-02
8.91090999e-02
9.24583828e-02
9.58018398e-02
9.90333961e-02
1.02074493e-01
1.04868560e-01
1.07375992e-01
1.09569910e-01
1.11432774e-01
1.12953803e-01
1.14127093e-01
1.14950284e-01
1.15423659e-01
1.15549540e-01
1.15331927e-01
1.14776291e-01
1.13889510e-01
1.12679930e-01
1.11157575e-01
1.09334530e-01
1.07225564e-01
1.04849042e-01
1.02228227e-01
9.93930274e-02
9.63822608e-02
9.32464473e-02
9.00510774e-02
8.68802007e-02
8.38400353e-02
8.10621334e-02
7.87054577e-02
7.69565548e-02
7.60268958e-02
7.61464235e-02
7.75524180e-02
8.04729609e-02
8.51045813e-02
9.15844647e-02
9.99598308e-02
1.10161334e-01
1.21988896e-01
1.35098578e-01
1.48911970e-01
1.62304167e-01
1.73195065e-01
1.79444300e-01
1.80811166e-01
2.25996565e-01
2.18377242e-01
2.00413331e-01
1.79714290e-01
1.58418664e-01
1.38356898e-01
1.20451296e-01
1.05105480e-01
9.24734169e-02
8.25440913e-02
7.51693868e-02
7.00954218e-02
6.70018532e-02
6.55400402e-02
6.53640257e-02
6.61525538e-02
6.76225462e-02
6.95353635e-02
7.16975188e-02
7.39575788e-02
7.62008401e-02
7.83430753e-02
8.03242862e-02
8.21030513e-02
8.36517639e-02
8.49528385e-02
8.59958287e-02
8.67753241e-02
8.72894722e-02
8.75389738e-02
8.75264283e-02
8.72559305e-02
8.67328579e-02
8.59638104e-02
8.49566983e-02
8.37209919e-02
8.22681768e-02
8.06124695e-02
7.87718763e-02
7.67696758e-02
7.46364152e-02
7.24124786e-02
7.01512509e-02
6.79228112e-02
6.58179811e-02
6.39523931e-02
6.24700638e-02
6.15457567e-02
6.13852429e-02
6.22224451e-02
6.43124292e-02
6.79193082e-02
7.32983399e-02
8.06718817e-02
9.01997300e-02
1.01946620e-01
1.15853774e-01
1.31722874e-01
1.49201852e-01
1.67697912e-01
1.86081406e-01
2.02302610e-01
2.14263136e-01
2.18635959e-01
2.66094768e-01
2.54870191e-01
2.30124946e-01
2.03280747e-01
1.76434422e-01
1.51366906e-01
1.28977506e-01
1.09652378e-01
9.35196197e-02
8.05321223e-02
7.04984616e-02
6.31178180e-02
5.80223684e-02
5.48179776e-02
5.31171360e-02
5.25622888e-02
5.28399644e-02
5.36870973e-02
5.48913491e-02
5.62873234e-02
5.77504110e-02
5.91896826e-02
6.05408486e-02
6.17599230e-02
6.28179058e-02
6.36965607e-02
6.43852163e-02
6.48784407e-02
6.51744112e-02
6.52738140e-02
6.51791304e-02
6.48942063e-02
6.44240297e-02
6.37746828e-02
6.29534571e-02
6.19691537e-02
6.08326113e-02
5.95575316e-02
5.81616858e-02
5.66685999e-02
5.51098114e-02
5.35277694e-02
5.19793957e-02
5.05402403e-02
4.93090317e-02
4.84122574e-02
4.80082028e-02
4.82896672e-02
4.94843807e-02
5.18520172e-02
5.56766830e-02
6.12538813e-02
6.88712162e-02
7.87825410e-02
9.11761934e-02
1.06140202e-01
1.23631363e-01
1.43456523e-01
1.65256359e-01
1.88420973e-01
2.11808049e-01
2.33381756e-01
2.51056534e-01
2.58393329e-01
3.08042608e-01
2.93171989e-01
2.61511751e-01
2.28403158e-01
1.95921518e-01
1.65808481e-01
1.38943255e-01
1.15692882e-01
9.61550764e-02
8.02404046e-02
6.77071234e-02
5.82004269e-02
5.12984400e-02
4.65557418e-02
4.35383827e-02
4.18485257e-02
4.11391470e-02
4.11202983e-02
4.15589014e-02
4.22741463e-02
4.31303943e-02
4.40291251e-02
4.49010346e-02
4.56989652e-02
4.63919991e-02
4.69607852e-02
4.73940133e-02
4.76858568e-02
4.78341911e-02
4.78393941e-02
4.77035780e-02
4.74301290e-02
4.70234820e-02
4.64890845e-02
4.58335448e-02
4.50649850e-02
4.41936502e-02
4.32328477e-02
4.22003139e-02
4.11201120e-02
4.00251688e-02
3.89605241e-02
3.79873184e-02
3.71874397e-02
3.66686165e-02
3.65695520e-02
3.70644791e-02
3.83662799e-02
4.07271084e-02
4.44353121e-02
4.98074396e-02
5.71742522e-02
6.68599659e-02
7.91544482e-02
9.42790911e-02
1.12349335e-01
1.33340727e-01
1.57066878e-01
1.83160527e-01
2.10991023e-01
2.39395664e-01
2.66338427e-01
2.89723551e-01
2.99984084e-01
3.51717511e-01
3.33162125e-01
2.94466020e-01
2.54983991e-01
2.16786066e-01
1.81583451e-01
1.50238321e-01
1.23097838e-01
1.00226008e-01
8.14861009e-02
6.65802187e-02
5.50935357e-02
4.65443876e-02
4.04309353e-02
3.62684144e-02
3.36151186e-02
3.20876219e-02
3.13668834e-02
3.11973996e-02
3.13816717e-02
3.17720626e-02
3.22617155e-02
3.27757240e-02
3.32632825e-02
3.36911578e-02
3.40385466e-02
3.42932072e-02
3.44486679e-02
3.45022868e-02
3.44539564e-02
3.43052771e-02
3.40590726e-02
3.37191590e-02
3.32903261e-02
3.27785189e-02
3.21912482e-02
3.15382845e-02
3.08327192e-02
3.00924983e-02
2.93425471e-02
2.86175991e-02
2.79658173e-02
2.74532287e-02
2.71688954e-02
2.72305806e-02
2.77904769e-02
2.90403175e-02
3.12149417e-02
3.45931597e-02
3.94946117e-02
4.62712973e-02
5.52926052e-02
6.69230087e-02
8.14921495e-02
9.92580932e-02
1.20366795e-01
1.44814669e-01
1.72422652e-01
2.02814048e-01
2.35333402e-01
2.68790264e-01
3.01136182e-01
3.30246517e-01
3.43404234e-01
3.97065713e-01
3.74778417e-01
3.28917520e-01
2.82944926e-01
2.38938936e-01
1.98587987e-01
1.62740034e-01
1.31721853e-01
1.05560931e-01
8.40688966e-02
6.68865182e-02
5.35335360e-02
4.34633054e-02
3.61129025e-02
3.09427609e-02
2.74640394e-02
2.52543260e-02
2.39635022e-02
2.33121452e-02
2.30849592e-02
2.31214892e-02
2.33059314e-02
2.35573147e-02
2.38208261e-02
2.40606316e-02
2.42542428e-02
2.43882974e-02
2.44555237e-02
2.44526423e-02
2.43789697e-02
2.42355370e-02
2.40245786e-02
2.37492993e-02
2.34138718e-02
2.30236553e-02
2.25856659e-02
2.21093598e-02
2.16078212e-02
2.10994728e-02
2.06104357e-02
2.01776672e-02
1.98529686e-02
1.97078923e-02
1.98394588e-02
2.03764305e-02
2.14856660e-02
2.33778269e-02
2.63114267e-02
3.05939746e-02
3.65787960e-02
4.46560912e-02
5.52369531e-02
6.87294336e-02
8.55063576e-02
1.05865703e-01
1.29986649e-01
1.57888179e-01
1.89398752e-01
2.24130442e-01
2.61398799e-01
2.99978506e-01
3.37797563e-01
3.72686475e-01
3.88737465e-01
4.44092114e-01
4.18010432e-01
3.64832493e-01
3.12230517e-01
2.62303033e-01
2.16722528e-01
1.76325167e-01
1.41416680e-01
1.11985234e-01
8.77866069e-02
6.83952719e-02
5.32603823e-02
4.17654012e-02
3.32819281e-02
2.72118683e-02
2.30162186e-02
2.02312146e-02
1.84738683e-02
1.74395180e-02
1.68941164e-02
1.66637096e-02
1.66230602e-02
1.66847822e-02
1.67897987e-02
1.68994828e-02
1.69895167e-02
1.70453080e-02
1.70587074e-02
1.70257458e-02
1.69451395e-02
1.68173509e-02
1.66440524e-02
1.64278914e-02
1.61725052e-02
1.58827784e-02
1.55653758e-02
1.52296171e-02
1.48887995e-02
1.45620890e-02
1.42771282e-02
1.40734926e-02
1.40071038e-02
1.41556257e-02
1.46247544e-02
1.55551249e-02
1.71293280e-02
1.95782481e-02
2.31856400e-02
2.82895944e-02
3.52793591e-02
4.45859513e-02
5.66651574e-02
7.19719094e-02
9.09256886e-02
1.13867780e-01
1.41013520e-01
1.72406436e-01
2.07882950e-01
2.47042273e-01
2.89166799e-01
3.32989205e-01
3.76403089e-01
4.17179266e-01
4.36148791e-01
4.92851784e-01
4.62892637e-01
4.02210688e-01
3.42808626e-01
2.86816551e-01
2.35897329e-01
1.90877308e-01
1.52040060e-01
1.19331226e-01
9.24462262e-02
7.08881039e-02
5.40302179e-02
4.11812629e-02
3.16430731e-02
2.47554415e-02
1.99263404e-02
1.66484563e-02
1.45043059e-02
1.31628233e-02
1.23703975e-02
1.19390207e-02
1.17336482e-02
1.16602282e-02
1.16552512e-02
1.16771840e-02
1.16998038e-02
1.17072425e-02
1.16904496e-02
1.16447659e-02
1.15683262e-02
1.14610641e-02
1.13241500e-02
1.11597549e-02
1.09710837e-02
1.07626728e-02
1.05409861e-02
1.03153875e-02
1.00995984e-02
9.91378039e-03
9.78739483e-03
9.76299226e-03
9.90104045e-03
1.02858297e-02
1.10323535e-02
1.22938775e-02
1.42696502e-02
1.72119165e-02
2.14310741e-02
2.72975237e-02
3.52385611e-02
4.57286072e-02
5.92712316e-02
7.63718304e-02
9.75005159e-02
1.23046009e-01
1.53263672e-01
1.88224592e-01
2.27774584e-01
2.71499073e-01
3.18643373e-01
3.67890672e-01
4.17088613e-01
4.63932921e-01
4.85882271e-01
5.43442052e-01
5.09498069e-01
4.41081017e-01
3.74668062e-01
3.12432494e-01
2.56033720e-01
2.06289693e-01
1.63459924e-01
1.27443486e-01
9.78702095e-02
7.41660316e-02
5.56229586e-02
4.14698650e-02
3.09344870e-02
2.32909715e-02
1.78915105e-02
1.41831818e-02
1.17125276e-02
1.01210562e-02
9.13491308e-03
8.55159982e-03
8.22599397e-03
8.05721534e-03
7.97722865e-03
7.94154461e-03
7.92201521e-03
7.90149617e-03
7.87005323e-03
7.82236858e-03
7.75604276e-03
7.67054187e-03
7.56661168e-03
7.44603914e-03
7.31170630e-03
7.16792716e-03
7.02111115e-03
6.88083257e-03
6.76142965e-03
6.68427949e-03
6.68091943e-03
6.79717251e-03
7.09840388e-03
7.67594375e-03
8.65457937e-03
1.02008067e-02
1.25312719e-02
1.59205091e-02
2.07067473e-02
2.72942398e-02
3.61503434e-02
4.77954985e-02
6.27844024e-02
8.16770666e-02
1.04999171e-01
1.33192394e-01
1.66557785e-01
2.05199047e-01
2.48974822e-01
2.97457396e-01
3.49851747e-01
4.04783519e-01
4.60041053e-01
5.13227057e-01
5.38261563e-01
5.95996967e-01
5.57932494e-01
4.81495926e-01
4.07813496e-01
3.39114542e-01
2.77061221e-01
2.22463689e-01
1.75554194e-01
1.36179822e-01
1.03898361e-01
7.80520311e-02
5.78453085e-02
4.24218392e-02
3.09307797e-02
2.25770889e-02
1.66545039e-02
1.25625604e-02
9.81049169e-03
8.01150196e-03
6.87094541e-03
6.17151215e-03
5.75782831e-03
5.52210374e-03
5.39174929e-03
5.31932343e-03
5.27477406e-03
5.23971485e-03
5.20337044e-03
5.15981709e-03
5.10618202e-03
5.04153594e-03
4.96628123e-03
4.88191440e-03
4.79109831e-03
4.69804205e-03
4.60922961e-03
4.53459081e-03
4.48924037e-03
4.49595054e-03
4.58853265e-03
4.81630541e-03
5.24977933e-03
5.98760683e-03
7.16469214e-03
8.96114829e-03
1.16115008e-02
1.54132101e-02
2.07332198e-02
2.80109018e-02
3.77555083e-02
5.05361322e-02
6.69622815e-02
8.76535457e-02
1.13197534e-01
1.44096547e-01
1.80705840e-01
2.23170185e-01
2.71368017e-01
3.24862137e-01
3.82815565e-01
4.43787847e-01
5.05491707e-01
5.65413835e-01
5.93695211e-01
6.50682701e-01
6.08329213e-01
5.23524158e-01
4.42257261e-01
3.66828985e-01
2.98910444e-01
2.39303114e-01
1.88206628e-01
1.45408467e-01
1.10386080e-01
8.23900099e-02
6.05301448e-02
4.38590154e-02
3.14425194e-02
2.24128768e-02
1.60027923e-02
1.15624767e-02
8.56268518e-03
6.58759922e-03
5.32137533e-03
4.53169027e-03
4.05284251e-03
3.77012613e-03
3.60642948e-03
3.51140611e-03
3.45315488e-03
3.41210429e-03
3.37669808e-03
3.34046864e-03
3.30013751e-03
3.25445159e-03
3.20354928e-03
3.14872125e-03
3.09250461e-03
3.03910257e-03
2.99518192e-03
2.97114142e-03
2.98299400e-03
3.05503160e-03
3.22346814e-03
3.54124267e-03
4.08413095e-03
4.95821476e-03
6.30861345e-03
8.32915321e-03
1.12723667e-02
1.54588620e-02
2.12847300e-02
2.92252901e-02
3.98331867e-02
5.37286918e-02
7.15801163e-02
9.40725391e-02
1.21863701e-01
1.55527140e-01
1.95484995e-01
2.41936807e-01
2.94793584e-01
3.53617721e-01
4.17532315e-01
4.85022619e-01
5.53705396e-01
6.20919965e-01
6.52684765e-01
7.07695000e-01
6.60843680e-01
5.67240719e-01
4.78006779e-01
3.95531767e-01
3.21501318e-01
2.56704441e-01
2.01299134e-01
1.55002241e-01
1.17199914e-01
8.70412415e-02
6.35334055e-02
4.56314173e-02
3.23130912e-02
2.26344247e-02
1.57646903e-02
1.10032077e-02
7.78130032e-03
5.65360094e-03
4.28282434e-03
3.42156241e-03
2.89380963e-03
2.57801417e-03
2.39262705e-03
2.28448346e-03
2.21991334e-03
2.17823452e-03
2.14717829e-03
2.11980021e-03
2.09248153e-03
2.06371359e-03
2.03344015e-03
2.00282015e-03
1.97434053e-03
1.95227863e-03
1.94356346e-03
1.95914307e-03
2.01600189e-03
2.14001545e-03
2.36984123e-03
2.76204776e-03
3.39763280e-03
4.38999778e-03
5.89428180e-03
8.11774242e-03
1.13305679e-02
1.58761600e-02
2.21795333e-02
3.07520997e-02
4.21907778e-02
5.71691614e-02
7.64184453e-02
1.00695998e-01
1.30739982e-01
1.67209486e-01
2.10611858e-01
2.61222735e-01
3.19007642e-01
3.83547062e-01
4.53933737e-01
5.28573313e-01
6.04961916e-01
6.80247562e-01
7.15836312e-01
7.67256550e-01
7.15646687e-01
6.12711540e-01
5.15045010e-01
4.25148661e-01
3.44725550e-01
2.74542635e-01
2.14700975e-01
1.64830514e-01
1.24211451e-01
9.18794230e-02
6.67296730e-02
4.76129209e-02
3.34141283e-02
2.31098539e-02
1.58038765e-02
1.07433944e-02
7.31964227e-03
5.05742306e-03
3.59795798e-03
2.67882743e-03
2.11385228e-03
1.77477926e-03
1.57575936e-03
1.46092885e-03
1.39495043e-03
1.35611599e-03
1.33151830e-03
1.31380103e-03
1.29906708e-03
1.28561084e-03
1.27324101e-03
1.26304275e-03
1.25751199e-03
1.26105549e-03
1.28091667e-03
1.32863288e-03
1.42218389e-03
1.58901990e-03
1.87018660e-03
2.32575123e-03
3.04170018e-03
4.13837750e-03
5.78038825e-03
8.18765931e-03
1.16470669e-02
1.65236821e-02
2.32703054e-02
3.24335648e-02
4.46545033e-02
6.06613145e-02
8.12517490e-02
1.07262748e-01
1.39525143e-01
1.78802048e-01
2.25711415e-01
2.80636792e-01
3.43633904e-01
4.14335502e-01
4.91828154e-01
5.74441392e-01
6.59523630e-01
7.43970320e-01
7.83871769e-01
8.29613536e-01
7.72912707e-01
6.59967748e-01
5.53299079e-01
4.55545118e-01
3.68421552e-01
2.92652255e-01
2.28255430e-01
1.74750028e-01
1.31290841e-01
9.67856448e-02
7.00076990e-02
4.96967459e-02
3.46406323e-02
2.37338920e-02
1.60133538e-02
1.06733779e-02
7.06486079e-03
4.68280304e-03
3.14710553e-03
2.18057069e-03
1.58708580e-03
1.23191469e-03
1.02509215e-03
9.08204345e-04
8.44363120e-04
8.10926917e-04
7.94423213e-04
7.87146136e-04
7.84973554e-04
7.86053049e-04
7.90103844e-04
7.98181747e-04
8.12830497e-04
8.38620229e-04
8.83129056e-04
9.58485921e-04
1.08363308e-03
1.28751224e-03
1.61339139e-03
2.12455375e-03
2.91152041e-03
4.10089688e-03
5.86577544e-03
8.43741924e-03
1.21176651e-02
1.72911552e-02
2.44361274e-02
3.41321164e-02
4.70625492e-02
6.40099101e-02
8.58409008e-02
1.13478866e-01
1.47860727e-01
1.89875967e-01
2.40286476e-01
2.99628866e-01
3.68104260e-01
4.45456770e-01
5.30817720e-01
6.22465274e-01
7.17578255e-01
8.12717418e-01
8.57636614e-01
8.95025475e-01
8.32796521e-01
7.08959679e-01
5.92588375e-01
4.86480217e-01
3.92339396e-01
3.10803676e-01
2.41765027e-01
1.84596243e-01
1.38301647e-01
1.01644839e-01
7.32672118e-02
5.17919276e-02
3.59067727e-02
2.44228870e-02
1.63096812e-02
1.07087061e-02
6.93080588e-03
4.44157655e-03
2.84002211e-03
1.83456452e-03
1.21950329e-03
8.53902593e-04
6.43904028e-04
5.28712482e-04
4.70015608e-04
4.44331553e-04
4.37693834e-04
4.42101678e-04
4.53253918e-04
4.69189369e-04
4.89572418e-04
5.15457564e-04
5.49459151e-04
5.96320553e-04
6.63947843e-04
7.65022493e-04
9.19363667e-04
1.15724094e-03
1.52386819e-03
2.08529708e-03
2.93589830e-03
4.20752348e-03
6.08030961e-03
8.79487708e-03
1.26654242e-02
1.80929048e-02
2.55771452e-02
3.57263948e-02
4.92624674e-02
6.70192860e-02
8.99323242e-02
1.19016075e-01
1.55326289e-01
1.99903409e-01
2.53693900e-01
3.17447691e-01
3.91592075e-01
4.76078918e-01
5.70181491e-01
6.72196702e-01
7.79137684e-01
8.87130899e-01
9.38092658e-01
9.63737637e-01
8.95382078e-01
7.59471083e-01
6.32537093e-01
5.17536559e-01
4.16093385e-01
3.28675492e-01
2.54977960e-01
1.94178066e-01
1.45099580e-01
1.06345737e-01
7.64185562e-02
5.38219241e-02
3.71432480e-02
2.51109618e-02
1.66280698e-02
1.07843448e-02
6.85151318e-03
4.26656986e-03
2.60829065e-03
1.57125930e-03
9.40614466e-04
5.69548346e-04
3.60552660e-04
2.50628346e-04
2.00164282e-04
1.84927779e-04
1.90521122e-04
2.08695576e-04
2.35005609e-04
2.67409872e-04
3.05539128e-04
3.50462736e-04
4.04870772e-04
4.73671560e-04
5.65064183e-04
6.92209417e-04
8.75664195e-04
1.14679018e-03
1.55236001e-03
2.16059024e-03
3.06878370e-03
4.41269383e-03
6.37758444e-03
9.21078906e-03
1.32353365e-02
1.88639571e-02
2.66124888e-02
3.71114212e-02
5.11140127e-02
6.94991248e-02
9.32665542e-02
1.23522161e-01
1.61449367e-01
2.08262602e-01
2.65137322e-01
3.33110690e-01
4.12946485e-01
5.04951966e-01
6.08714321e-01
7.22708143e-01
8.43858551e-01
9.67766740e-01
1.02627456e+00
1.03590552e+00
9.60566845e-01
8.10955056e-01
6.72426048e-01
5.48015726e-01
4.39101878e-01
3.45827487e-01
2.67581259e-01
2.03280999e-01
1.51539003e-01
1.10787101e-01
7.93870152e-02
5.57265683e-02
3.82969885e-02
2.57478255e-02
1.69187045e-02
1.08498687e-02
6.77555244e-03
4.10532070e-03
2.39857090e-03
1.33666846e-03
6.96044372e-04
3.24346123e-04
1.20649200e-04
1.99126520e-05
-1.86619849e-05
-1.99842058e-05
1.16759136e-06
3.63301551e-05
8.09380522e-05
1.32886043e-04
1.91782947e-04
2.58716028e-04
3.36444632e-04
4.30015740e-04
5.47866903e-04
7.03533130e-04
9.18129199e-04
1.22380798e-03
1.66842336e-03
2.32161412e-03
3.28249934e-03
4.68909331e-03
6.72944388e-03
9.65433280e-03
1.37912018e-02
1.95587507e-02
2.74814551e-02
3.82030439e-02
5.24977940e-02
7.12782952e-02
9.55980679e-02
1.26646937e-01
1.65736192e-01
2.14269095e-01
2.73690107e-01
3.45403292e-01
4.30645539e-01
5.30288368e-01
6.44514891e-01
7.72296380e-01
9.10723098e-01
1.05487715e+00
1.12315745e+00
1.11139721e+00
1.02779367e+00
8.62216169e-01
7.10945009e-01
5.76790664e-01
4.60521424e-01
3.61686049e-01
2.79211864e-01
2.11687226e-01
1.57493044e-01
1.14893923e-01
8.21240273e-02
5.74686122e-02
3.93338659e-02
2.62985661e-02
1.71444270e-02
1.08656691e-02
6.66122514e-03
3.91459225e-03
2.16664867e-03
1.08609949e-03
4.41039521e-04
7.38240657e-05
-1.19717243e-04
-2.06552843e-04
-2.28595127e-04
-2.11383412e-04
-1.70048889e-04
-1.13251606e-04
-4.56671461e-05
3.05416775e-05
1.14962348e-04
2.08695402e-04
3.14552080e-04
4.37682510e-04
5.86692343e-04
7.75368179e-04
1.02517218e-03
1.36870757e-03
1.85436644e-03
2.55237498e-03
3.56240833e-03
5.02289169e-03
7.12199400e-03
1.01102072e-02
1.43142492e-02
2.01519039e-02
2.81472784e-02
3.89458915e-02
5.33289527e-02
7.22261848e-02
9.67264659e-02
1.28085332e-01
1.67727716e-01
2.17242853e-01
2.78365630e-01
3.52933862e-01
4.42801670e-01
5.49667628e-01
6.74731328e-01
8.18039370e-01
9.77471025e-01
1.14793609e+00
1.22931538e+00
1.18928314e+00
1.09541741e+00
9.10796037e-01
7.45796527e-01
6.02122168e-01
4.79201958e-01
3.75568838e-01
2.89505886e-01
2.19226054e-01
1.62895460e-01
1.18648247e-01
8.46277922e-02
5.90460899e-02
4.02449106e-02
2.67455308e-02
1.72796794e-02
1.07999766e-02
6.47236669e-03
3.65541727e-03
1.87202046e-03
7.78463386e-04
1.34617764e-04
-2.22397875e-04
-3.99969723e-04
-4.66979102e-04
-4.66446182e-04
-4.24541200e-04
-3.56751946e-04
-2.71941559e-04
-1.74901235e-04
-6.78577317e-05
4.87486703e-05
1.76020061e-04
3.16799318e-04
4.76299224e-04
6.63221253e-04
8.91474356e-04
1.18265230e-03
1.56945371e-03
2.10024882e-03
2.84498243e-03
3.90257743e-03
5.40993352e-03
7.55254273e-03
1.05766333e-02
1.48026714e-02
2.06399650e-02
2.86021070e-02
3.93230287e-02
5.35735849e-02
7.22787908e-02
9.65361088e-02
1.27635398e-01
1.67081148e-01
2.16617094e-01
2.78251617e-01
3.54278251e-01
4.47274711e-01
5.60034689e-01
6.95316543e-01
8.55175284e-01
1.03959694e+00
1.24459710e+00
1.34408129e+00
1.26654820e+00
1.15918892e+00
9.51817300e-01
7.73126769e-01
6.21501838e-01
4.93733536e-01
3.86801143e-01
2.98219038e-01
2.25873655e-01
1.67814546e-01
1.22139918e-01
8.69757957e-02
6.05115247e-02
4.10562709e-02
2.70921210e-02
1.73103413e-02
1.06262466e-02
6.17426892e-03
3.28818635e-03
1.47253125e-03
3.70692903e-04
-2.66102334e-04
-6.06291379e-04
-7.60701417e-04
-8.00279488e-04
-7.69258735e-04
-6.94512440e-04
-5.91936880e-04
-4.70634297e-04
-3.35537700e-04
-1.88955075e-04
-3.13681879e-05
1.38314545e-04
3.22948527e-04
5.27776407e-04
7.61531691e-04
1.03813288e-03
1.37910763e-03
1.81692469e-03
2.39940700e-03
3.19540216e-03
4.30183556e-03
5.85223280e-03
8.02670694e-03
1.10633540e-02
1.52709234e-02
2.10426452e-02
2.88711351e-02
3.93644958e-02
5.32640068e-02
7.14642743e-02
9.50373263e-02
1.25262982e-01
1.63668850e-01
2.12084552e-01
2.72716123e-01
3.48247191e-01
4.41969656e-01
5.57923691e-01
7.00948879e-01
8.76358738e-01
1.08864057e+00
1.33837358e+00
1.46353782e+00
1.33497118e+00
1.20862542e+00
9.75975752e-01
7.86922161e-01
6.31730218e-01
5.02736396e-01
3.95011829e-01
3.05463938e-01
2.31924669e-01
1.72569900e-01
1.25642259e-01
8.93713757e-02
6.19986295e-02
4.18428008e-02
2.73680095e-02
1.72337911e-02
1.03201710e-02
5.72897814e-03
2.76704687e-03
9.18357377e-04
-1.88419200e-04
-8.12057624e-04
-1.12749626e-03
-1.24963566e-03
-1.25190260e-03
-1.18001229e-03
-1.06171697e-03
-9.13437558e-04
-7.44591678e-04
-5.60303687e-04
-3.62992418e-04
-1.53197964e-04
7.01524923e-05
3.09919178e-04
5.71359825e-04
8.63203940e-04
1.19930410e-03
1.60097814e-03
2.10021191e-03
2.74385983e-03
3.59899759e-03
4.75950963e-03
6.35397061e-03
8.55478769e-03
1.15885427e-02
1.57474281e-02
2.14017280e-02
2.90134129e-02
3.91511809e-02
5.25076963e-02
6.99204006e-02
9.23981955e-02
1.21157625e-01
1.57674236e-01
2.03758030e-01
2.61667458e-01
3.34285710e-01
4.25397080e-01
5.40113326e-01
6.85479914e-01
8.71151094e-01
1.10954094e+00
1.41345497e+00
1.57589578e+00
1.37428366e+00
1.21853342e+00
9.66782834e-01
7.79094284e-01
6.29749276e-01
5.05658357e-01
4.00723719e-01
3.12110905e-01
2.38254570e-01
1.77900115e-01
1.29716257e-01
9.22057270e-02
6.37567128e-02
4.27448173e-02
2.76349562e-02
1.70581987e-02
9.85527120e-03
5.08892523e-03
2.03260381e-03
1.44361868e-04
-9.65891029e-04
-1.56977968e-03
-1.85065307e-03
-1.92872932e-03
-1.88070357e-03
-1.75427641e-03
-1.57839254e-03
-1.37020206e-03
-1.13956087e-03
-8.91865361e-04
-6.29682489e-04
-3.53630883e-04
-6.26490285e-05
2.46137730e-04
5.78025593e-04
9.41746177e-04
1.35108120e-03
1.82707871e-03
2.40111790e-03
3.11882788e-03
4.04508246e-03
5.27000663e-03
6.91611736e-03
9.14642179e-03
1.21734902e-02
1.62692920e-02
2.17758656e-02
2.91168605e-02
3.88104615e-02
5.14845099e-02
6.78954349e-02
8.89534953e-02
1.15758383e-01
1.49651642e-01
1.92296612e-01
2.45804924e-01
3.12945172e-01
3.97503979e-01
5.04937772e-01
6.43583115e-01
8.26919000e-01
1.07763290e+00
1.43336456e+00
1.65188356e+00
1.34111066e+00
1.13070497e+00
8.99942481e-01
7.42533631e-01
6.15194908e-01
5.04386538e-01
4.06314333e-01
3.20366053e-01
2.46675149e-01
1.85183073e-01
1.35344902e-01
9.61363312e-02
6.61928566e-02
4.39873257e-02
2.79920282e-02
1.67996102e-02
9.19554594e-03
4.18737742e-03
1.00146267e-03
-9.40565807e-04
-2.05505417e-03
-2.63157369e-03
-2.86519370e-03
-2.88356866e-03
-2.76795919e-03
-2.56887882e-03
-2.31694593e-03
-2.03036868e-03
-1.71960610e-03
-1.39045743e-03
-1.04566381e-03
-6.85957448e-04
-3.10237498e-04
8.44073476e-05
5.03408995e-04
9.55554507e-04
1.45466694e-03
2.02156983e-03
2.68710550e-03
3.49563564e-03
4.50974377e-03
5.81550586e-03
7.52890860e-03
9.80271119e-03
1.28341773e-02
1.68730231e-02
2.22300017e-02
2.92858268e-02
3.85011781e-02
5.04283313e-02
6.57259697e-02
8.51792576e-02
1.09728470e-01
1.40511425e-01
1.78927857e-01
2.26740972e-01
2.86245247e-01
3.60565022e-01
4.54233642e-01
5.74437242e-01
7.34015089e-01
9.59720625e-01
1.31801101e+00
1.63036318e+00
8.29840172e-01
8.04572216e-01
7.34632660e-01
6.52874786e-01
5.65202645e-01
4.76652998e-01
3.91502921e-01
3.13134596e-01
2.43875151e-01
1.84954736e-01
1.36607719e-01
9.82783455e-02
6.88748898e-02
4.70205554e-02
3.12648210e-02
2.02366415e-02
1.27372441e-02
7.78099587e-03
4.59816654e-03
2.61396590e-03
1.41599888e-03
7.18999143e-04
3.32147933e-04
1.31779448e-04
4.00339876e-05
9.26737734e-06
1.10320812e-05
2.88226338e-05
5.32947948e-05
7.94804390e-05
1.05062719e-04
1.29676448e-04
1.54615171e-04
1.83214455e-04
2.21484833e-04
2.79428716e-04
3.72715998e-04
5.25212011e-04
7.72063670e-04
1.16379415e-03
1.77106352e-03
2.69039165e-03
4.05037998e-03
6.01850527e-03
8.80791253e-03
1.26841235e-02
1.79711620e-02
2.50571152e-02
3.43990593e-02
4.65278495e-02
6.20535070e-02
8.16724806e-02
1.06178509e-01
1.36479142e-01
1.73620425e-01
2.18822102e-01
2.73526155e-01
3.39461545e-01
4.18729070e-01
5.13906927e-01
6.28167457e-01
7.65394377e-01
9.30352044e-01
1.02525120e+00
3.22137060e-01
4.71592780e-01
5.52217576e-01
5.40810757e-01
4.90895731e-01
4.25150077e-01
3.55131589e-01
2.87499028e-01
2.26168929e-01
1.73210104e-01
1.29350883e-01
9.43659177e-02
6.74103774e-02
4.73046088e-02
3.27591363e-02
2.25336303e-02
1.55332690e-02
1.08529315e-02
7.78359445e-03
5.79508919e-03
4.50709064e-03
3.65695514e-03
3.06958166e-03
2.63211857e-03
2.27407836e-03
1.95282968e-03
1.64329089e-03
1.33121364e-03
1.00872041e-03
6.71815435e-04
3.18825748e-04
-5.00588404e-05
-4.32923315e-04
-8.25449360e-04
-1.22004412e-03
-1.60408979e-03
-1.95786864e-03
-2.25139399e-03
-2.44071023e-03
-2.46293347e-03
-2.23070383e-03
-1.62551611e-03
-4.90812148e-04
1.37537489e-03
4.22711088e-03
8.37648226e-03
1.41975856e-02
2.21283911e-02
3.26696395e-02
4.63807991e-02
6.38728449e-02
8.57980272e-02
1.12836414e-01
1.45677778e-01
1.84994794e-01
2.31396249e-01
2.85334595e-01
3.46906010e-01
4.15393310e-01
4.88152609e-01
5.57691765e-01
6.03309721e-01
5.64863212e-01
4.29829504e-01
3.04752114e-01
3.80454182e-01
4.60236390e-01
4.67201493e-01
4.34312712e-01
3.81791473e-01
3.21893838e-01
2.62128619e-01
2.06983770e-01
1.58881678e-01
1.18788119e-01
8.66636886e-02
6.18270827e-02
4.32480222e-02
2.97711452e-02
2.02718721e-02
1.37507377e-02
9.37769414e-03
6.50032824e-03
4.62948661e-03
3.41348050e-03
2.60894448e-03
2.05334632e-03
1.64172527e-03
1.30842555e-03
1.01363422e-03
7.33915398e-04
4.55908985e-04
1.72283400e-04
-1.20657743e-04
-4.24300828e-04
-7.38215920e-04
-1.06010460e-03
-1.38517306e-03
-1.70502563e-03
-2.00589134e-03
-2.26617895e-03
-2.45310731e-03
-2.51840189e-03
-2.39286076e-03
-1.97991682e-03
-1.14822826e-03
2.76267374e-04
2.51840966e-03
5.86113512e-03
1.06512171e-02
1.73022751e-02
2.62940193e-02
3.81666145e-02
5.35092833e-02
7.29422903e-02
9.70913943e-02
1.26553181e-01
1.61847773e-01
2.03351073e-01
2.51189248e-01
3.05059137e-01
3.63899529e-01
4.25259631e-01
4.84048788e-01
5.30040789e-01
5.43106972e-01
4.85958609e-01
4.22644765e-01
3.75513101e-01
4.06565289e-01
4.45458454e-01
4.40737381e-01
4.07128289e-01
3.57525259e-01
3.01488291e-01
2.45559834e-01
1.93876453e-01
1.48734677e-01
1.11070867e-01
8.08677419e-02
5.74968548e-02
3.99972781e-02
2.72881504e-02
1.83161191e-02
1.21443575e-02
7.99439897e-03
5.25403861e-03
3.46400638e-03
2.29389449e-03
1.51489754e-03
9.74075330e-04
5.72540862e-04
2.48335561e-04
-3.62175225e-05
-3.03389261e-04
-5.65977342e-04
-8.31089933e-04
-1.10240347e-03
-1.38137020e-03
-1.66766335e-03
-1.95903693e-03
-2.25063770e-03
-2.53374747e-03
-2.79383758e-03
-3.00780143e-03
-3.14018055e-03
-3.13824255e-03
-2.92579602e-03
-2.39576770e-03
-1.40170876e-03
2.51343267e-04
2.81597110e-03
6.61045021e-03
1.20245295e-02
1.95214178e-02
2.96343883e-02
4.29564092e-02
6.01213737e-02
8.17756594e-02
1.08538798e-01
1.40951554e-01
1.79408144e-01
2.24065531e-01
2.74715146e-01
3.30588586e-01
3.90047027e-01
4.50075252e-01
5.05480431e-01
5.47752629e-01
5.63950074e-01
5.37615833e-01
5.13783114e-01
4.86182293e-01
4.86053652e-01
4.79592625e-01
4.51042008e-01
4.05923413e-01
3.51316464e-01
2.93607008e-01
2.37669762e-01
1.86754266e-01
1.42673192e-01
1.06098210e-01
7.68749256e-02
5.43154042e-02
3.74461801e-02
2.52003447e-02
1.65511141e-02
1.05918445e-02
6.57256919e-03
3.90528624e-03
2.14980269e-03
9.89884087e-04
2.06729300e-04
-3.45870736e-04
-7.62493873e-04
-1.10249575e-03
-1.40210828e-03
-1.68291747e-03
-1.95752827e-03
-2.23317126e-03
-2.51385203e-03
-2.80148539e-03
-3.09628667e-03
-3.39656769e-03
-3.69795850e-03
-3.99199876e-03
-4.26395458e-03
-4.48968169e-03
-4.63131466e-03
-4.63159348e-03
-4.40668753e-03
-3.83752897e-03
-2.75986167e-03
-9.53521359e-04
1.86819292e-03
6.06778295e-03
1.20898022e-02
2.04621228e-02
3.17900855e-02
4.67414306e-02
6.60201644e-02
9.03279658e-02
1.20312209e-01
1.56499950e-01
1.99216717e-01
2.48487102e-01
3.03909970e-01
3.64494846e-01
4.28440455e-01
4.92842765e-01
5.53365062e-01
6.04042628e-01
6.37728311e-01
6.48322833e-01
6.49882973e-01
6.13656535e-01
5.90043099e-01
5.42786449e-01
4.87180278e-01
4.25171402e-01
3.60421910e-01
2.96843315e-01
2.37680434e-01
1.85139488e-01
1.40368988e-01
1.03620129e-01
7.44772495e-02
5.20964539e-02
3.54176274e-02
2.33315667e-02
1.47961006e-02
8.90415651e-03
4.91249160e-03
2.24222692e-03
4.62084296e-04
-7.36667079e-04
-1.56709604e-03
-2.17136407e-03
-2.64140908e-03
-3.03503395e-03
-3.38771886e-03
-3.72087246e-03
-4.04733721e-03
-4.37488830e-03
-4.70831884e-03
-5.05052904e-03
-5.40288247e-03
-5.76494653e-03
-6.13362411e-03
-6.50157651e-03
-6.85476591e-03
-7.16887502e-03
-7.40434169e-03
-7.49974647e-03
-7.36337926e-03
-6.86295629e-03
-5.81373034e-03
-3.96558901e-03
-9.90208459e-04
3.53015774e-03
1.01101456e-02
1.93624646e-02
3.19900183e-02
4.87662340e-02
7.05013219e-02
9.79930157e-02
1.31961547e-01
1.72969909e-01
2.21331566e-01
2.77008049e-01
3.39498008e-01
4.07717979e-01
4.79877590e-01
5.53369485e-01
6.24745720e-01
6.89952869e-01
7.45118353e-01
7.88170800e-01
8.07378070e-01
7.48596285e-01
7.06145888e-01
6.23385755e-01
5.40879322e-01
4.59659745e-01
3.81708041e-01
3.09318573e-01
2.44432306e-01
1.88277567e-01
1.41295667e-01
1.03239024e-01
7.33487069e-02
5.05513695e-02
3.36390610e-02
2.14116987e-02
1.27745704e-02
6.79271393e-03
2.70995499e-03
-5.71009782e-05
-1.94000746e-03
-3.24601714e-03
-4.18632635e-03
-4.90148333e-03
-5.48232134e-03
-5.98608934e-03
-6.44821780e-03
-6.89050235e-03
-7.32654879e-03
-7.76523390e-03
-8.21276862e-03
-8.67377972e-03
-9.15165258e-03
-9.64824125e-03
-1.01629164e-02
-1.06908242e-02
-1.12201222e-02
-1.17278997e-02
-1.21744285e-02
-1.24954144e-02
-1.25919814e-02
-1.23183176e-02
-1.14672071e-02
-9.75413351e-03
-6.80121121e-03
-2.12289567e-03
4.88388407e-03
1.49419050e-02
2.88845075e-02
4.76315370e-02
7.21473849e-02
1.03379475e-01
1.42177567e-01
1.89196937e-01
2.44791345e-01
3.08904277e-01
3.80968428e-01
4.59824294e-01
5.43672182e-01
6.30086718e-01
7.16158883e-01
7.98878446e-01
8.75852104e-01
9.46194407e-01
9.78526846e-01
8.87972094e-01
8.29435321e-01
7.15110363e-01
6.06662493e-01
5.05302478e-01
4.12339022e-01
3.29114071e-01
2.56618299e-01
1.95249288e-01
1.44772470e-01
1.04416422e-01
7.30316355e-02
4.92636665e-02
3.17093259e-02
1.90379423e-02
1.00709848e-02
3.82211288e-03
-4.94713302e-04
-3.47918207e-03
-5.57105224e-03
-7.08129145e-03
-8.22255324e-03
-9.13589175e-03
-9.91240885e-03
-1.06097454e-02
-1.12640144e-02
-1.18980553e-02
-1.25269137e-02
-1.31613250e-02
-1.38098075e-02
-1.44797740e-02
-1.51779042e-02
-1.59098561e-02
-1.66792700e-02
-1.74858796e-02
-1.83224509e-02
-1.91701560e-02
-1.99919438e-02
-2.07234404e-02
-2.12610065e-02
-2.14467584e-02
-2.10507386e-02
-1.97509437e-02
-1.71126716e-02
-1.25695169e-02
-5.40931813e-03
5.23076162e-03
2.03552137e-02
4.10823213e-02
6.85932631e-02
1.04055751e-01
1.48522801e-01
2.02811439e-01
2.67371259e-01
3.42157718e-01
4.26528875e-01
5.19185833e-01
6.18178535e-01
7.21005449e-01
8.24854090e-01
9.27040377e-01
1.02562026e+00
1.11981081e+00
1.16272772e+00
1.03150216e+00
9.58372823e-01
8.14834239e-01
6.81173541e-01
5.59176742e-01
4.50005435e-01
3.54480787e-01
2.72922549e-01
2.05044295e-01
1.49990937e-01
1.06468783e-01
7.29124775e-02
4.76513086e-02
2.90513021e-02
1.56199549e-02
6.06968429e-03
-6.56392066e-04
-5.38804282e-03
-8.75087200e-03
-1.11992958e-02
-1.30522063e-02
-1.45264228e-02
-1.57652634e-02
-1.68612984e-02
-1.78734709e-02
-1.88393740e-02
-1.97836964e-02
-2.07238161e-02
-2.16733710e-02
-2.26444308e-02
-2.36486952e-02
-2.46979464e-02
-2.58038303e-02
-2.69768740e-02
-2.82245209e-02
-2.95478092e-02
-3.09362180e-02
-3.23600860e-02
-3.37599916e-02
-3.50325167e-02
-3.60120451e-02
-3.64486212e-02
-3.59825656e-02
-3.41174236e-02
-3.01939929e-02
-2.33694630e-02
-1.26070190e-02
3.31770282e-03
2.57864672e-02
5.62783467e-02
9.62755231e-02
1.47134798e-01
2.09930739e-01
2.85284179e-01
3.73198258e-01
4.72931006e-01
5.82936542e-01
7.00905802e-01
8.23936482e-01
9.48864482e-01
1.07277529e+00
1.19359346e+00
1.31027840e+00
1.36260365e+00
1.18011184e+00
1.09300940e+00
9.21221937e-01
7.62484957e-01
6.19289885e-01
4.92906861e-01
3.83887356e-01
2.92065986e-01
2.16582570e-01
1.56010284e-01
1.08540897e-01
7.21779981e-02
4.49095430e-02
2.48440356e-02
1.03030904e-02
-1.29490113e-04
-7.59595938e-03
-1.29804475e-02
-1.69417665e-02
-1.99538171e-02
-2.23465459e-02
-2.43429728e-02
-2.60900661e-02
-2.76829118e-02
-2.91826719e-02
-3.06293462e-02
-3.20505008e-02
-3.34670448e-02
-3.48969444e-02
-3.63575344e-02
-3.78668637e-02
-3.94443126e-02
-4.11105311e-02
-4.28865870e-02
-4.47920332e-02
-4.68414493e-02
-4.90388355e-02
-5.13691065e-02
-5.37858332e-02
-5.61944120e-02
-5.84300061e-02
-6.02300548e-02
-6.12018541e-02
-6.07868367e-02
-5.82246123e-02
-5.25216171e-02
-4.24310944e-02
-2.64528819e-02
-2.86259650e-03
3.02202927e-02
7.47180737e-02
1.32431500e-01
2.04833141e-01
2.92834369e-01
3.96556247e-01
5.15146896e-01
6.46694788e-01
7.88286077e-01
9.36245681e-01
1.08658895e+00
1.23567308e+00
1.38088533e+00
1.52079998e+00
1.58244500e+00
1.33530055e+00
1.23419247e+00
1.03395397e+00
8.49575094e-01
6.84300690e-01
5.39628548e-01
4.15970643e-01
3.12779743e-01
2.28685343e-01
1.61715884e-01
1.09549506e-01
6.97446003e-02
3.99273841e-02
1.79279349e-02
1.86370595e-03
-9.82458059e-03
-1.83751771e-02
-2.47339430e-02
-2.95977746e-02
-3.34631939e-02
-3.66732204e-02
-3.94584468e-02
-4.19705483e-02
-4.43080898e-02
-4.65354647e-02
-4.86962320e-02
-5.08221927e-02
-5.29394008e-02
-5.50720740e-02
-5.72451060e-02
-5.94856442e-02
-6.18239720e-02
-6.42937434e-02
-6.69314178e-02
-6.97745574e-02
-7.28584272e-02
-7.62101402e-02
-7.98393602e-02
-8.37244373e-02
-8.77927739e-02
-9.18943703e-02
-9.57678915e-02
-9.89994248e-02
-1.00975350e-01
-1.00832590e-01
-9.74118071e-02
-8.92218321e-02
-7.44263352e-02
-5.08660494e-02
-1.61307910e-02
3.23059227e-02
9.68820557e-02
1.79674665e-01
2.82078331e-01
4.04473154e-01
5.45942165e-01
7.04113681e-01
8.75207242e-01
1.05434906e+00
1.23619270e+00
1.41581151e+00
1.58963237e+00
1.75572321e+00
1.82764188e+00
1.49890003e+00
1.38321745e+00
1.15329558e+00
9.41966368e-01
7.53268837e-01
5.88982523e-01
4.49432296e-01
3.33726367e-01
2.40001024e-01
1.65739113e-01
1.08092173e-01
6.41546400e-02
3.11714351e-02
6.67694590e-03
-1.14291548e-02
-2.48590490e-02
-3.49535601e-02
-4.27243921e-02
-4.89089863e-02
-5.40279548e-02
-5.84383634e-02
-6.23791888e-02
-6.60076711e-02
-6.94268801e-02
-7.27057006e-02
-7.58927847e-02
-7.90260014e-02
-8.21387164e-02
-8.52639411e-02
-8.84371166e-02
-9.16980151e-02
-9.50920259e-02
-9.86708571e-02
-1.02492489e-01
-1.06619966e-01
-1.11118386e-01
-1.16049118e-01
-1.21460045e-01
-1.27370303e-01
-1.33747871e-01
-1.40478345e-01
-1.47323615e-01
-1.53869949e-01
-1.59466435e-01
-1.63156905e-01
-1.63611434e-01
-1.59067216e-01
-1.47292746e-01
-1.25593252e-01
-9.08781263e-02
-3.98112634e-02
3.09394426e-02
1.24348833e-01
2.42593466e-01
3.86568263e-01
5.55441053e-01
7.46356815e-01
9.54420023e-01
1.17307286e+00
1.39493847e+00
1.61308389e+00
1.82238913e+00
2.02016998e+00
2.10449036e+00
1.67300150e+00
1.54168076e+00
1.27985350e+00
1.03947589e+00
8.25443100e-01
6.39839793e-01
4.82903342e-01
3.53381148e-01
2.48890197e-01
1.66337286e-01
1.02317283e-01
5.34343677e-02
1.65314504e-02
-1.11675461e-02
-3.19902148e-02
-4.78070287e-02
-6.00639617e-02
-6.98394886e-02
-7.79117441e-02
-8.48254005e-02
-9.09517137e-02
-9.65385454e-02
-1.01749625e-01
-1.06693881e-01
-1.11446452e-01
-1.16063226e-01
-1.20590656e-01
-1.25072304e-01
-1.29553274e-01
-1.34083323e-01
-1.38719207e-01
-1.43526518e-01
-1.48581081e-01
-1.53969704e-01
-1.59789842e-01
-1.66147400e-01
-1.73151548e-01
-1.80905024e-01
-1.89487988e-01
-1.98933154e-01
-2.09189792e-01
-2.20074379e-01
-2.31206408e-01
-2.41929376e-01
-2.51219456e-01
-2.57587989e-01
-2.58988825e-01
-2.52747389e-01
-2.35534767e-01
-2.03415783e-01
-1.52003158e-01
-7.67474694e-02
2.66190097e-02
1.61491143e-01
3.29699038e-01
5.30815426e-01
7.61620098e-01
1.01592346e+00
1.28495737e+00
1.55847929e+00
1.82655989e+00
2.08164446e+00
2.31980574e+00
2.42010909e+00
1.85996033e+00
1.71142702e+00
1.41443115e+00
1.14203277e+00
9.00076161e-01
6.90957256e-01
5.14783478e-01
3.69877595e-01
2.53269930e-01
1.61230935e-01
8.97506765e-02
3.49084521e-02
-6.87710397e-03
-3.87048639e-02
-6.31349490e-02
-8.21969863e-02
-9.74407272e-02
-1.10009330e-01
-1.20719773e-01
-1.30139664e-01
-1.38654227e-01
-1.46520880e-01
-1.53911303e-01
-1.60942404e-01
-1.67698231e-01
-1.74245002e-01
-1.80641216e-01
-1.86944453e-01
-1.93216090e-01
-1.99524820e-01
-2.05949542e-01
-2.12581937e-01
-2.19528804e-01
-2.26913957e-01
-2.34879195e-01
-2.43583492e-01
-2.53199088e-01
-2.63902642e-01
-2.75859018e-01
-2.89194742e-01
-3.03957735e-01
-3.20059914e-01
-3.37199734e-01
-3.54763213e-01
-3.71704612e-01
-3.86412242e-01
-3.96570841e-01
-3.99039967e-01
-3.89777113e-01
-3.63844017e-01
-3.15542424e-01
-2.38727886e-01
-1.27341587e-01
2.38259584e-02
2.18175277e-01
4.56254360e-01
7.34838683e-01
1.04643597e+00
1.37956712e+00
1.72011935e+00
2.05382102e+00
2.36934047e+00
2.66061554e+00
2.78235242e+00
2.06243947e+00
1.89454336e+00
1.55793200e+00
1.24952644e+00
9.76247164e-01
7.40791121e-01
5.43051253e-01
3.80813736e-01
2.50413082e-01
1.47393100e-01
6.70733143e-02
4.96604153e-03
-4.29571387e-02
-8.01268776e-02
-1.09336262e-01
-1.32770223e-01
-1.52077136e-01
-1.68460237e-01
-1.82772191e-01
-1.95602134e-01
-2.07349516e-01
-2.18282976e-01
-2.28584905e-01
-2.38383752e-01
-2.47776595e-01
-2.56844489e-01
-2.65662759e-01
-2.74307991e-01
-2.82863043e-01
-2.91421014e-01
-3.00088803e-01
-3.08990597e-01
-3.18271418e-01
-3.28100531e-01
-3.38674231e-01
-3.50217075e-01
-3.62980088e-01
-3.77233788e-01
-3.93253107e-01
-4.11290435e-01
-4.31532319e-01
-4.54034865e-01
-4.78633111e-01
-5.04820746e-01
-5.31599226e-01
-5.57299890e-01
-5.79389876e-01
-5.94282483e-01
-5.97185387e-01
-5.82034711e-01
-5.41577448e-01
-4.67674766e-01
-3.51897732e-01
-1.86464922e-01
3.44834712e-02
3.13378654e-01
6.47730792e-01
1.02906896e+00
1.44287180e+00
1.87004789e+00
2.29022342e+00
2.68631713e+00
3.04861719e+00
3.19966347e+00
2.28348004e+00
2.09337947e+00
1.71128014e+00
1.36165773e+00
1.05267024e+00
7.87281043e-01
5.65032895e-01
3.83008626e-01
2.36692668e-01
1.20781511e-01
2.98422373e-02
-4.12271256e-02
-9.69231871e-02
-1.41012446e-01
-1.76515834e-01
-2.05765060e-01
-2.30498897e-01
-2.51974641e-01
-2.71077550e-01
-2.88418033e-01
-3.04411909e-01
-3.19342984e-01
-3.33409553e-01
-3.46757570e-01
-3.59503516e-01
-3.71749812e-01
-3.83595128e-01
-3.95141495e-01
-4.06499588e-01
-4.17793192e-01
-4.29163531e-01
-4.40773844e-01
-4.52814391e-01
-4.65507748e-01
-4.79113908e-01
-4.93934267e-01
-5.10312867e-01
-5.28632518e-01
-5.49302363e-01
-5.72732340e-01
-5.99288845e-01
-6.29224976e-01
-6.62578363e-01
-6.99030230e-01
-7.37721587e-01
-7.77027088e-01
-8.14294818e-01
-8.45571925e-01
-8.65351897e-01
-8.66399410e-01
-8.39731125e-01
-7.74852136e-01
-6.60360055e-01
-4.85019702e-01
-2.39362430e-01
8.22476123e-02
4.79332487e-01
9.43332476e-01
1.45677534e+00
1.99456008e+00
2.52805021e+00
3.03162285e+00
3.48946627e+00
3.68083795e+00
2.52659714e+00
2.31058538e+00
1.87533575e+00
1.47776500e+00
1.12746197e+00
8.27580408e-01
5.77107720e-01
3.72189053e-01
2.07253453e-01
7.59984867e-02
-2.78567532e-02
-1.10077657e-01
-1.75645639e-01
-2.28660594e-01
-2.72360376e-01
-3.09211231e-01
-3.41032776e-01
-3.69131185e-01
-3.94423659e-01
-4.17545112e-01
-4.38933881e-01
-4.58897036e-01
-4.77657962e-01
-4.95389744e-01
-5.12237867e-01
-5.28335372e-01
-5.43813023e-01
-5.58806430e-01
-5.73461608e-01
-5.87939974e-01
-6.02423535e-01
-6.17120703e-01
-6.32272973e-01
-6.48162408e-01
-6.65119527e-01
-6.83530671e-01
-7.03843232e-01
-7.26566146e-01
-7.52261848e-01
-7.81524406e-01
-8.14936977e-01
-8.53000188e-01
-8.96021975e-01
-9.43959278e-01
-9.96203495e-01
-1.05130567e+00
-1.10664516e+00
-1.15805784e+00
-1.19945865e+00
-1.22251768e+00
-1.21648069e+00
-1.16825930e+00
-1.06294854e+00
-8.84944675e-01
-6.19812095e-01
-2.56944685e-01
2.07162895e-01
7.65614447e-01
1.39889306e+00
2.07529657e+00
2.75552346e+00
3.40163673e+00
3.98791652e+00
4.23467737e+00
2.79590965e+00
2.54916409e+00
2.05078159e+00
1.59659029e+00
1.19782862e+00
8.57693402e-01
5.74312401e-01
3.42571580e-01
1.55579866e-01
5.85300878e-03
-1.13843592e-01
-2.09985624e-01
-2.88048743e-01
-3.52456670e-01
-4.06648849e-01
-4.53212913e-01
-4.94042093e-01
-5.30491009e-01
-5.63514396e-01
-5.93781844e-01
-6.21767342e-01
-6.47815906e-01
-6.72191138e-01
-6.95108019e-01
-7.16754921e-01
-7.37308214e-01
-7.56942122e-01
-7.75835835e-01
-7.94179336e-01
-8.12179015e-01
-8.30063785e-01
-8.48092257e-01
-8.66561231e-01
-8.85815587e-01
-9.06259268e-01
-9.28366537e-01
-9.52691957e-01
-9.79876449e-01
-1.01064538e+00
-1.04579290e+00
-1.08614457e+00
-1.13248841e+00
-1.18546227e+00
-1.24538453e+00
-1.31201544e+00
-1.38423928e+00
-1.45966423e+00
-1.53414917e+00
-1.60128538e+00
-1.65188948e+00
-1.67360202e+00
-1.65073462e+00
-1.56456524e+00
-1.39433331e+00
-1.11921179e+00
-7.21477578e-01
-1.90880874e-01
4.70281108e-01
1.24270765e+00
2.08856225e+00
2.95565731e+00
3.78894530e+00
4.54709824e+00
4.86951719e+00
3.09631686e+00
2.81253746e+00
2.23794400e+00
1.71592914e+00
1.25960801e+00
8.71951670e-01
5.49778719e-01
2.86279153e-01
7.29067464e-02
-9.92188860e-02
-2.38397928e-01
-3.51857590e-01
-4.45569291e-01
-5.24266209e-01
-5.91574289e-01
-6.50194529e-01
-7.02095323e-01
-7.48690235e-01
-7.90988904e-01
-8.29717325e-01
-8.65408975e-01
-8.98470948e-01
-9.29230210e-01
-9.57964981e-01
-9.84925609e-01
-1.01034842e+00
-1.03446525e+00
-1.05751060e+00
-1.07972784e+00
-1.10137557e+00
-1.12273479e+00
-1.14411745e+00
-1.16587691e+00
-1.18842022e+00
-1.21222235e+00
-1.23784158e+00
-1.26593466e+00
-1.29726935e+00
-1.33273011e+00
-1.37331098e+00
-1.42008716e+00
-1.47415383e+00
-1.53651835e+00
-1.60792930e+00
-1.68862505e+00
-1.77798552e+00
-1.87407564e+00
-1.97307904e+00
-2.06863807e+00
-2.15114387e+00
-2.20706158e+00
-2.21843475e+00
-2.16279260e+00
-2.01378291e+00
-1.74295311e+00
-1.32314975e+00
-7.33879098e-01
3.15345110e-02
9.58271136e-01
2.00482728e+00
3.10494798e+00
4.18090558e+00
5.16756877e+00
5.59260924e+00
3.43374148e+00
3.10461569e+00
2.43647946e+00
1.83206221e+00
1.30654989e+00
8.62211065e-01
4.93888980e-01
1.92485676e-01
-5.26198414e-02
-2.51950617e-01
-4.14988133e-01
-5.49746821e-01
-6.62691949e-01
-7.58855143e-01
-8.42044318e-01
-9.15081759e-01
-9.80031519e-01
-1.03839636e+00
-1.09127710e+00
-1.13949495e+00
-1.18368142e+00
-1.22434198e+00
-1.26189985e+00
-1.29672531e+00
-1.32915525e+00
-1.35950639e+00
-1.38808463e+00
-1.41519258e+00
-1.44113646e+00
-1.46623341e+00
-1.49081981e+00
-1.51526145e+00
-1.53996573e+00
-1.56539642e+00
-1.59209089e+00
-1.62067950e+00
-1.65190609e+00
-1.68664712e+00
-1.72592605e+00
-1.77091657e+00
-1.82292633e+00
-1.88334899e+00
-1.95356915e+00
-2.03480124e+00
-2.12784072e+00
-2.23270493e+00
-2.34814303e+00
-2.47100059e+00
-2.59543778e+00
-2.71202274e+00
-2.80675975e+00
-2.86017195e+00
-2.84665350e+00
-2.73444869e+00
-2.48680853e+00
-2.06508480e+00
-1.43461106e+00
-5.73888995e-01
5.13643351e-01
1.78856136e+00
3.17191027e+00
4.55779477e+00
5.84606064e+00
6.40932598e+00
3.81545149e+00
3.42983522e+00
2.64478593e+00
1.93877377e+00
1.32911911e+00
8.16551155e-01
3.92942377e-01
4.61019947e-02
-2.37190425e-01
-4.69384528e-01
-6.61267012e-01
-8.21679386e-01
-9.57590570e-01
-1.07434131e+00
-1.17594622e+00
-1.26538983e+00
-1.34488553e+00
-1.41608630e+00
-1.48024733e+00
-1.53834624e+00
-1.59116900e+00
-1.63936950e+00
-1.68351009e+00
-1.72408894e+00
-1.76155851e+00
-1.79633869e+00
-1.82882670e+00
-1.85940562e+00
-1.88845245e+00
-1.91634682e+00
-1.94348084e+00
-1.97027081e+00
-1.99717124e+00
-2.02469174e+00
-2.05341690e+00
-2.08402918e+00
-2.11733405e+00
-2.15428565e+00
-2.19600960e+00
-2.24381763e+00
-2.29920568e+00
-2.36382355e+00
-2.43940024e+00
-2.52760454e+00
-2.62981637e+00
-2.74678124e+00
-2.87811853e+00
-3.02165630e+00
-3.17257131e+00
-3.32232629e+00
-3.45742259e+00
-3.55803454e+00
-3.59668347e+00
-3.53727503e+00
-3.33510413e+00
-2.93884153e+00
-2.29596309e+00
-1.36321573e+00
-1.22754468e-01
1.39859504e+00
3.11546972e+00
4.89036993e+00
6.57378190e+00
7.32210446e+00
4.25044413e+00
3.79305495e+00
2.85884183e+00
2.02557440e+00
1.31241393e+00
7.17078461e-01
2.26964054e-01
-1.74317570e-01
-5.03251133e-01
-7.74553919e-01
-1.00047277e+00
-1.19075027e+00
-1.35291467e+00
-1.49268189e+00
-1.61435681e+00
-1.72118368e+00
-1.81562919e+00
-1.89959966e+00
-1.97460124e+00
-2.04185440e+00
-2.10237407e+00
-2.15702472e+00
-2.20655822e+00
-2.25164011e+00
-2.29286838e+00
-2.33078784e+00
-2.36590183e+00
-2.39868268e+00
-2.42958201e+00
-2.45904141e+00
-2.48750416e+00
-2.51542875e+00
-2.54330459e+00
-2.57167061e+00
-2.60113720e+00
-2.63241172e+00
-2.66632727e+00
-2.70387357e+00
-2.74622743e+00
-2.79477822e+00
-2.85114099e+00
-2.91714631e+00
-2.99479171e+00
-3.08613417e+00
-3.19309849e+00
-3.31717078e+00
-3.45894200e+00
-3.61746319e+00
-3.78937196e+00
-3.96775049e+00
-4.14068132e+00
-4.28948838e+00
-4.38671036e+00
-4.39400122e+00
-4.26047231e+00
-3.92258491e+00
-3.30760417e+00
-2.34357000e+00
-9.78766855e-01
7.89226960e-01
2.88319559e+00
5.13649272e+00
7.33394825e+00
8.32892448e+00
4.74975499e+00
4.19900589e+00
3.06983260e+00
2.07436100e+00
1.23241931e+00
5.36101320e-01
-3.39876862e-02
-4.99979253e-01
-8.82499635e-01
-1.19899056e+00
-1.46340884e+00
-1.68657377e+00
-1.87673805e+00
-2.04016721e+00
-2.18163859e+00
-2.30483675e+00
-2.41265126e+00
-2.50739352e+00
-2.59095083e+00
-2.66489430e+00
-2.73055408e+00
-2.78907194e+00
-2.84143902e+00
-2.88852363e+00
-2.93109296e+00
-2.96983083e+00
-3.00535309e+00
-3.03822180e+00
-3.06895873e+00
-3.09805897e+00
-3.12600512e+00
-3.15328275e+00
-3.18039766e+00
-3.20789584e+00
-3.23638665e+00
-3.26656971e+00
-3.29926592e+00
-3.33545173e+00
-3.37629527e+00
-3.42319082e+00
-3.47778570e+00
-3.54199034e+00
-3.61795818e+00
-3.70801672e+00
-3.81452556e+00
-3.93963095e+00
-4.08487961e+00
-4.25064719e+00
-4.43532742e+00
-4.63421513e+00
-4.83799902e+00
-5.03076083e+00
-5.18737637e+00
-5.27028326e+00
-5.22584288e+00
-4.98118897e+00
-4.44377747e+00
-3.50787547e+00
-2.07415473e+00
-8.76893913e-02
2.40932215e+00
5.23615197e+00
8.09782224e+00
9.42077213e+00
5.32619946e+00
4.65047434e+00
3.25915577e+00
2.05295084e+00
1.04909444e+00
2.29351461e-01
-4.36098980e-01
-9.77375215e-01
-1.42050127e+00
-1.78636508e+00
-2.09112110e+00
-2.34706872e+00
-2.56355844e+00
-2.74775664e+00
-2.90523424e+00
-3.04039787e+00
-3.15679702e+00
-3.25733976e+00
-3.34444366e+00
-3.42014190e+00
-3.48615935e+00
-3.54396859e+00
-3.59483274e+00
-3.63983965e+00
-3.67993029e+00
-3.71592312e+00
-3.74853577e+00
-3.77840457e+00
-3.80610287e+00
-3.83215837e+00
-3.85707034e+00
-3.88132717e+00
-3.90542508e+00
-3.92988890e+00
-3.95529550e+00
-3.98230099e+00
-4.01167201e+00
-4.04432134e+00
-4.08134696e+00
-4.12407247e+00
-4.17408468e+00
-4.23326124e+00
-4.30377768e+00
-4.38807824e+00
-4.48878977e+00
-4.60855116e+00
-4.74972349e+00
-4.91393649e+00
-5.10141260e+00
-5.30998763e+00
-5.53370777e+00
-5.76082181e+00
-5.97090454e+00
-6.13078106e+00
-6.18899407e+00
-6.06906282e+00
-5.66324754e+00
-4.83157899e+00
-3.41552865e+00
-1.27940824e+00
1.61251659e+00
5.10366258e+00
8.81762000e+00
1.05766644e+01
5.99200012e+00
5.14302685e+00
3.38762668e+00
1.90225605e+00
6.93426251e-01
-2.76051047e-01
-1.05232009e+00
-1.67695600e+00
-2.18340583e+00
-2.59731946e+00
-2.93803966e+00
-3.22016689e+00
-3.45484694e+00
-3.65072956e+00
-3.81464913e+00
-3.95209809e+00
-4.06755505e+00
-4.16471382e+00
-4.24664625e+00
-4.31592089e+00
-4.37469244e+00
-4.42477147e+00
-4.46768080e+00
-4.50470246e+00
-4.53691757e+00
-4.56524103e+00
-4.59045179e+00
-4.61321967e+00
-4.63412939e+00
-4.65370239e+00
-4.67241715e+00
-4.69072890e+00
-4.70908930e+00
-4.72796741e+00
-4.74787253e+00
-4.76938020e+00
-4.79316222e+00
-4.82002110e+00
-4.85092917e+00
-4.88707139e+00
-4.92988916e+00
-4.98112082e+00
-5.04283087e+00
-5.11741671e+00
-5.20757652e+00
-5.31621677e+00
-5.44627045e+00
-5.60038817e+00
-5.78044945e+00
-5.98681495e+00
-6.21719060e+00
-6.46488184e+00
-6.71605806e+00
-6.94541622e+00
-7.10939752e+00
-7.13615188e+00
-6.91248467e+00
-6.27139860e+00
-4.99112606e+00
-2.82733060e+00
3.93571624e-01
4.61498720e+00
9.41261231e+00
1.17525925e+01
6.74973967e+00
5.65031451e+00
3.37152091e+00
1.51036605e+00
4.31452477e-02
-1.10250442e+00
-1.99911317e+00
-2.70557816e+00
-3.26640185e+00
-3.71449822e+00
-4.07425928e+00
-4.36400287e+00
-4.59773153e+00
-4.78634486e+00
-4.93846569e+00
-5.06100624e+00
-5.15956273e+00
-5.23869680e+00
-5.30214208e+00
-5.35296018e+00
-5.39366225e+00
-5.42630608e+00
-5.45257570e+00
-5.47384752e+00
-5.49124610e+00
-5.50569157e+00
-5.51793994e+00
-5.52861771e+00
-5.53825164e+00
-5.54729463e+00
-5.55614868e+00
-5.56518589e+00
-5.57476841e+00
-5.58526856e+00
-5.59709007e+00
-5.61069161e+00
-5.62661387e+00
-5.64551085e+00
-5.66818634e+00
-5.69563542e+00
-5.72909007e+00
-5.77006655e+00
-5.82040995e+00
-5.88232859e+00
-5.95840773e+00
-6.05158746e+00
-6.16508506e+00
-6.30223466e+00
-6.46620573e+00
-6.65953929e+00
-6.88339306e+00
-7.13628718e+00
-7.41194331e+00
-7.69544768e+00
-7.95639550e+00
-8.13700432e+00
-8.13305109e+00
-7.76770822e+00
-6.76650595e+00
-4.75989899e+00
-1.36605399e+00
3.58716493e+00
9.74031118e+00
1.28554109e+01
7.56339933e+00
6.08323385e+00
3.02798410e+00
6.59778345e-01
-1.12174219e+00
-2.45587612e+00
-3.45990311e+00
-4.22072209e+00
-4.80053058e+00
-5.24386148e+00
-5.58304572e+00
-5.84198457e+00
-6.03866903e+00
-6.18685932e+00
-6.29721856e+00
-6.37809320e+00
-6.43606272e+00
-6.47633647e+00
-6.50304719e+00
-6.51947326e+00
-6.52821070e+00
-6.53130876e+00
-6.53037855e+00
-6.52668106e+00
-6.52119911e+00
-6.51469636e+00
-6.50776604e+00
-6.50087105e+00
-6.49437722e+00
-6.48858110e+00
-6.48373344e+00
-6.48005964e+00
-6.47777840e+00
-6.47711948e+00
-6.47834204e+00
-6.48175449e+00
-6.48773726e+00
-6.49676943e+00
-6.50946054e+00
-6.52658802e+00
-6.54914081e+00
-6.57836825e+00
-6.61583268e+00
-6.66346208e+00
-6.72359731e+00
-6.79902594e+00
-6.89299200e+00
-7.00916720e+00
-7.15156339e+00
-7.32435256e+00
-7.53152779e+00
-7.77625953e+00
-8.05961750e+00
-8.37793137e+00
-8.71727535e+00
-9.04219556e+00
-9.27397263e+00
-9.25283623e+00
-8.68335758e+00
-7.08293455e+00
-3.80215003e+00
1.74656884e+00
9.53532773e+00
1.36808418e+01
8.27114291e+00
6.17420340e+00
1.94816794e+00
-1.07789044e+00
-3.19390606e+00
-4.67146862e+00
-5.70748873e+00
-6.43578125e+00
-6.94668524e+00
-7.30199456e+00
-7.54476602e+00
-7.70556244e+00
-7.80644429e+00
-7.86356340e+00
-7.88888148e+00
-7.89133262e+00
-7.87762604e+00
-7.85281233e+00
-7.82069084e+00
-7.78410873e+00
-7.74518441e+00
-7.70547712e+00
-7.66611751e+00
-7.62790909e+00
-7.59140777e+00
-7.55698449e+00
-7.52487461e+00
-7.49521704e+00
-7.46808516e+00
-7.44351158e+00
-7.42150806e+00
-7.40208218e+00
-7.38525182e+00
-7.37105869e+00
-7.35958200e+00
-7.35095352e+00
-7.34537507e+00
-7.34313964e+00
-7.34465755e+00
-7.35048859e+00
-7.36138129e+00
-7.37832006e+00
-7.40258036e+00
-7.43579143e+00
-7.48000545e+00
-7.53777076e+00
-7.61220682e+00
-7.70707783e+00
-7.82686196e+00
-7.97681066e+00
-8.16298022e+00
-8.39217711e+00
-8.67163944e+00
-9.00796574e+00
-9.40405194e+00
-9.85113843e+00
-1.03098246e+01
-1.06688389e+01
-1.06663606e+01
-9.76861626e+00
-7.05627944e+00
-1.31425649e+00
8.28037701e+00
1.37723842e+01
8.32843834e+00
5.13924824e+00
-7.95362233e-01
-4.53268955e+00
-6.83610292e+00
-8.24372803e+00
-9.09133905e+00
-9.58436266e+00
-9.84996378e+00
-9.96845980e+00
-9.99163306e+00
-9.95349191e+00
-9.87672105e+00
-9.77663392e+00
-9.66364749e+00
-9.54486519e+00
-9.42511118e+00
-9.30762032e+00
-9.19450812e+00
-9.08709707e+00
-8.98614713e+00
-8.89202120e+00
-8.80480518e+00
-8.72439599e+00
-8.65056641e+00
-8.58301290e+00
-8.52139088e+00
-8.46534064e+00
-8.41450636e+00
-8.36855001e+00
-8.32716176e+00
-8.29006809e+00
-8.25703875e+00
-8.22789339e+00
-8.20250911e+00
-8.18082960e+00
-8.16287701e+00
-8.14876780e+00
-8.13873351e+00
-8.13314817e+00
-8.13256351e+00
-8.13775386e+00
-8.14977207e+00
-8.17001839e+00
-8.20032393e+00
-8.24305101e+00
-8.30121366e+00
-8.37862391e+00
-8.48007359e+00
-8.61156745e+00
-8.78063003e+00
-8.99670768e+00
-9.27165205e+00
-9.62012624e+00
-1.00593104e+01
-1.06059750e+01
-1.12656199e+01
-1.20006203e+01
-1.26494974e+01
-1.27516126e+01
-1.12464660e+01
-6.17922306e+00
4.94328024e+00
1.21308172e+01
6.06279458e+00
6.70464475e-01
-7.25961324e+00
-1.11747794e+01
-1.29914499e+01
-1.37241546e+01
-1.38940676e+01
-1.37729715e+01
-1.35058808e+01
-1.31717086e+01
-1.28139277e+01
-1.24565161e+01
-1.21124863e+01
-1.17885669e+01
-1.14878366e+01
-1.12112389e+01
-1.09584733e+01
-1.07285299e+01
-1.05200150e+01
-1.03313536e+01
-1.01609142e+01
-1.00070865e+01
-9.86832890e+00
-9.74319579e+00
-9.63035208e+00
-9.52857930e+00
-9.43677613e+00
-9.35395559e+00
-9.27924025e+00
-9.21185657e+00
-9.15112919e+00
-9.09647589e+00
-9.04740368e+00
-9.00350675e+00
-8.96446672e+00
-8.93005596e+00
-8.90014468e+00
-8.87471283e+00
-8.85386801e+00
-8.83787083e+00
-8.82716947e+00
-8.82244574e+00
-8.82467496e+00
-8.83520299e+00
-8.85584404e+00
-8.88900425e+00
-8.93783806e+00
-9.00644790e+00
-9.10014419e+00
-9.22579363e+00
-9.39230193e+00
-9.61130418e+00
-9.89816998e+00
-1.02734491e+01
-1.07647964e+01
-1.14089089e+01
-1.22510836e+01
-1.33337175e+01
-1.46466718e+01
-1.59661548e+01
-1.64235205e+01
-1.36099271e+01
-2.52827997e+00
6.73265189e+00
-3.31458472e+00
-1.39303065e+01
-2.14059536e+01
-2.29041891e+01
-2.23625365e+01
-2.11787999e+01
-1.98679081e+01
-1.86169395e+01
-1.74864593e+01
-1.64878909e+01
-1.56143000e+01
-1.48528016e+01
-1.41894954e+01
-1.36113196e+01
-1.31066393e+01
-1.26653280e+01
-1.22786611e+01
-1.19391531e+01
-1.16403913e+01
-1.13768829e+01
-1.11439226e+01
-1.09374779e+01
-1.07540921e+01
-1.05908014e+01
-1.04450637e+01
-1.03146989e+01
-1.01978373e+01
-1.00928758e+01
-9.99844119e+00
-9.91335957e+00
-9.83663096e+00
-9.76740919e+00
-9.70498660e+00
-9.64878353e+00
-9.59834266e+00
-9.55332853e+00
-9.51353293e+00
-9.47888691e+00
-9.44948076e+00
-9.42559361e+00
-9.40773478e+00
-9.39669943e+00
-9.39364214e+00
-9.40017201e+00
-9.41847480e+00
-9.45146826e+00
-9.50299956e+00
-9.57809768e+00
-9.68330038e+00
-9.82708870e+00
-1.00204848e+01
-1.02779107e+01
-1.06184796e+01
-1.10680172e+01
-1.16623147e+01
-1.24523840e+01
-1.35125792e+01
-1.49510508e+01
-1.69132310e+01
-1.95297196e+01
-2.26112753e+01
-2.44413255e+01
-1.81499282e+01
-5.84957204e+00
-9.64935405e+00
-2.33038813e+01
-2.89934854e+01
-2.89132849e+01
-2.70507750e+01
-2.48297451e+01
-2.27309768e+01
-2.08889929e+01
-1.93154640e+01
-1.79829816e+01
-1.68557065e+01
-1.58997775e+01
-1.50861593e+01
-1.43908229e+01
-1.37941127e+01
-1.32799720e+01
-1.28352444e+01
-1.24491000e+01
-1.21125820e+01
-1.18182491e+01
-1.15598965e+01
-1.13323332e+01
-1.11312047e+01
-1.09528493e+01
-1.07941821e+01
-1.06525988e+01
-1.05258981e+01
-1.04122161e+01
-1.03099742e+01
-1.02178359e+01
-1.01346719e+01
-1.00595329e+01
-9.99162956e+00
-9.93031783e+00
-9.87509131e+00
-9.82557952e+00
-9.78155307e+00
-9.74293674e+00
-9.70983138e+00
-9.68254690e+00
-9.66164820e+00
-9.64801753e+00
-9.64293631e+00
-9.64819155e+00
-9.66621154e+00
-9.70023842e+00
-9.75454546e+00
-9.83471233e+00
-9.94797550e+00
-1.01036846e+01
-1.03139138e+01
-1.05943185e+01
-1.09653953e+01
-1.14544371e+01
-1.20987001e+01
-1.29506977e+01
-1.40870791e+01
-1.56227314e+01
-1.77280160e+01
-2.06211422e+01
-2.43803153e+01
-2.79483533e+01
-2.56861340e+01
-1.21336185e+01
