# vtk DataFile Version 3.0
Lid-Driven Cavity Re=100 Step=700
ASCII
DATASET STRUCTURED_POINTS
DIMENSIONS 64 64 1
ORIGIN 0.007812 0.007812 0.0
SPACING 0.015625 0.015625 1.0
POINT_DATA 4096
VECTORS velocity double
1.76964251e-04 1.41568676e-04 0.0
3.28912306e-04 1.84352717e-04 0.0
2.64921210e-04 1.98331712e-04 0.0
1.70193858e-04 2.15130795e-04 0.0
3.89884179e-05 2.34837477e-04 0.0
-1.31546760e-04 2.54488216e-04 0.0
-3.39419186e-04 2.72199304e-04 0.0
-5.79957953e-04 2.87183270e-04 0.0
-8.47496923e-04 2.99226633e-04 0.0
-1.13628502e-03 3.08463823e-04 0.0
-1.44093445e-03 3.15117720e-04 0.0
-1.75659911e-03 3.19512613e-04 0.0
-2.07903224e-03 3.21917796e-04 0.0
-2.40456228e-03 3.22644357e-04 0.0
-2.73004616e-03 3.21904335e-04 0.0
-3.05279483e-03 3.19944526e-04 0.0
-3.37050504e-03 3.16899000e-04 0.0
-3.68118157e-03 3.12946174e-04 0.0
-3.98307510e-03 3.08149045e-04 0.0
-4.27461757e-03 3.02629857e-04 0.0
-4.55437537e-03 2.96396850e-04 0.0
-4.82100269e-03 2.89533105e-04 0.0
-5.07321191e-03 2.82010247e-04 0.0
-5.30974465e-03 2.73888915e-04 0.0
-5.52935762e-03 2.65120655e-04 0.0
-5.73080899e-03 2.55757902e-04 0.0
-5.91285683e-03 2.45745819e-04 0.0
-6.07425784e-03 2.35139853e-04 0.0
-6.21377538e-03 2.23889597e-04 0.0
-6.33018795e-03 2.12062060e-04 0.0
-6.42230451e-03 1.99619759e-04 0.0
-6.48898070e-03 1.86647814e-04 0.0
-6.52913979e-03 1.73128513e-04 0.0
-6.54179531e-03 1.59170260e-04 0.0
-6.52607645e-03 1.44780812e-04 0.0
-6.48125609e-03 1.30095997e-04 0.0
-6.40677969e-03 1.15153744e-04 0.0
-6.30229763e-03 1.00120385e-04 0.0
-6.16769640e-03 8.50675056e-05 0.0
-6.00313380e-03 7.01935869e-05 0.0
-5.80907074e-03 5.56055848e-05 0.0
-5.58630712e-03 4.15336451e-05 0.0
-5.33601167e-03 2.81192402e-05 0.0
-5.05975557e-03 1.56207270e-05 0.0
-4.75953689e-03 4.20980271e-06 0.0
-4.43780814e-03 -5.83420298e-06 0.0
-4.09749125e-03 -1.43177898e-05 0.0
-3.74199467e-03 -2.09521375e-05 0.0
-3.37521472e-03 -2.55346298e-05 0.0
-3.00153827e-03 -2.77823456e-05 0.0
-2.62582711e-03 -2.74995715e-05 0.0
-2.25340395e-03 -2.44268879e-05 0.0
-1.89001917e-03 -1.83922328e-05 0.0
-1.54182141e-03 -9.17579540e-06 0.0
-1.21531117e-03 3.35841837e-06 0.0
-9.17304362e-04 1.93829342e-05 0.0
-6.54886794e-04 3.89993501e-05 0.0
-4.35392548e-04 6.23471265e-05 0.0
-2.66385065e-04 8.95207033e-05 0.0
-1.55630679e-04 1.20621136e-04 0.0
-1.10749522e-04 1.55405777e-04 0.0
-1.37032596e-04 1.91779887e-04 0.0
-2.26082359e-04 2.18152391e-04 0.0
-1.41901703e-04 1.78876383e-04 0.0
2.11165436e-04 2.31311243e-04 0.0
4.09437995e-04 3.81595674e-04 0.0
3.12564608e-04 4.80649536e-04 0.0
7.94179406e-05 5.79422498e-04 0.0
-2.78878501e-04 6.78814515e-04 0.0
-7.51396766e-04 7.72356601e-04 0.0
-1.32567687e-03 8.55303596e-04 0.0
-1.98760038e-03 9.25387631e-04 0.0
-2.72226573e-03 9.82103562e-04 0.0
-3.51493032e-03 1.02594557e-03 0.0
-4.35165571e-03 1.05794987e-03 0.0
-5.21968988e-03 1.07934965e-03 0.0
-6.10761207e-03 1.09144118e-03 0.0
-7.00535456e-03 1.09543130e-03 0.0
-7.90411441e-03 1.09243453e-03 0.0
-8.79623405e-03 1.08338946e-03 0.0
-9.67503822e-03 1.06911108e-03 0.0
-1.05346824e-02 1.05023093e-03 0.0
-1.13699884e-02 1.02727549e-03 0.0
-1.21763098e-02 1.00061195e-03 0.0
-1.29493972e-02 9.70539398e-04 0.0
-1.36852998e-02 9.37232101e-04 0.0
-1.43802709e-02 9.00836579e-04 0.0
-1.50307082e-02 8.61408793e-04 0.0
-1.56331002e-02 8.19013553e-04 0.0
-1.61840010e-02 7.73654613e-04 0.0
-1.66800115e-02 7.25374770e-04 0.0
-1.71177836e-02 6.74179409e-04 0.0
-1.74940293e-02 6.20136694e-04 0.0
-1.78055475e-02 5.63295903e-04 0.0
-1.80492557e-02 5.03787525e-04 0.0
-1.82222347e-02 4.41737934e-04 0.0
-1.83217777e-02 3.77369181e-04 0.0
-1.83454492e-02 3.10911408e-04 0.0
-1.82911491e-02 2.42701835e-04 0.0
-1.81571817e-02 1.73095958e-04 0.0
-1.79423321e-02 1.02564837e-04 0.0
-1.76459429e-02 3.16057139e-05 0.0
-1.72679986e-02 -3.91636964e-05 0.0
-1.68092065e-02 -1.09094912e-04 0.0
-1.62710842e-02 -1.77419008e-04 0.0
-1.56560390e-02 -2.43336686e-04 0.0
-1.49674522e-02 -3.05935022e-04 0.0
-1.42097484e-02 -3.64278077e-04 0.0
-1.33884687e-02 -4.17331863e-04 0.0
-1.25103199e-02 -4.64055580e-04 0.0
-1.15832241e-02 -5.03336297e-04 0.0
-1.06163375e-02 -5.34080497e-04 0.0
-9.62006417e-03 -5.55159305e-04 0.0
-8.60603053e-03 -5.65499327e-04 0.0
-7.58705052e-03 -5.64038354e-04 0.0
-6.57704308e-03 -5.49813778e-04 0.0
-5.59093400e-03 -5.21928355e-04 0.0
-4.64449899e-03 -4.79635321e-04 0.0
-3.75417727e-03 -4.22316982e-04 0.0
-2.93679673e-03 -3.49574351e-04 0.0
-2.20921234e-03 -2.61242363e-04 0.0
-1.58772637e-03 -1.57545098e-04 0.0
-1.08712766e-03 -3.93159360e-05 0.0
-7.18817855e-04 9.12943608e-05 0.0
-4.86953270e-04 2.28895789e-04 0.0
-3.80329963e-04 3.58855733e-04 0.0
-3.57836130e-04 4.38514782e-04 0.0
-1.80021194e-04 3.38154054e-04 0.0
1.81473427e-04 1.57371554e-04 0.0
3.16595135e-04 4.40843236e-04 0.0
1.25664075e-04 7.09209078e-04 0.0
-2.62585029e-04 9.72264320e-04 0.0
-8.42018616e-04 1.22370811e-03 0.0
-1.59609944e-03 1.45407037e-03 0.0
-2.50465915e-03 1.65643771e-03 0.0
-3.54588402e-03 1.82741277e-03 0.0
-4.69748934e-03 1.96635978e-03 0.0
-5.93762481e-03 2.07450279e-03 0.0
-7.24558274e-03 2.15408918e-03 0.0
-8.60222175e-03 2.20789927e-03 0.0
-9.99020421e-03 2.23881179e-03 0.0
-1.13940303e-02 2.24964729e-03 0.0
-1.27999848e-02 2.24295071e-03 0.0
-1.41959757e-02 2.22100384e-03 0.0
-1.55713598e-02 2.18570482e-03 0.0
-1.69167208e-02 2.13866425e-03 0.0
-1.82236746e-02 2.08112382e-03 0.0
-1.94846598e-02 2.01409373e-03 0.0
-2.06927729e-02 1.93828165e-03 0.0
-2.18416044e-02 1.85424896e-03 0.0
-2.29251241e-02 1.76233545e-03 0.0
-2.39375726e-02 1.66282206e-03 0.0
-2.48733990e-02 1.55584479e-03 0.0
-2.57272056e-02 1.44155802e-03 0.0
-2.64937324e-02 1.32003585e-03 0.0
-2.71678477e-02 1.19143370e-03 0.0
-2.77445702e-02 1.05587848e-03 0.0
-2.82190975e-02 9.13627938e-04 0.0
-2.85868576e-02 7.64952196e-04 0.0
-2.88435678e-02 6.10291073e-04 0.0
-2.89853098e-02 4.50129616e-04 0.0
-2.90086121e-02 2.85153286e-04 0.0
-2.89105433e-02 1.16119616e-04 0.0
-2.86888147e-02 -5.59896895e-05 0.0
-2.83418859e-02 -2.30099695e-04 0.0
-2.78690823e-02 -4.04895055e-04 0.0
-2.72707086e-02 -5.78953233e-04 0.0
-2.65481745e-02 -7.50604935e-04 0.0
-2.57041089e-02 -9.18070062e-04 0.0
-2.47424850e-02 -1.07932911e-03 0.0
-2.36687259e-02 -1.23226287e-03 0.0
-2.24898172e-02 -1.37453842e-03 0.0
-2.12143903e-02 -1.50375381e-03 0.0
-1.98528080e-02 -1.61734214e-03 0.0
-1.84172086e-02 -1.71272208e-03 0.0
-1.69215461e-02 -1.78722296e-03 0.0
-1.53815740e-02 -1.83824125e-03 0.0
-1.38148176e-02 -1.86318855e-03 0.0
-1.22404739e-02 -1.85965384e-03 0.0
-1.06792861e-02 -1.82537677e-03 0.0
-9.15332523e-03 -1.75841842e-03 0.0
-7.68572072e-03 -1.65717037e-03 0.0
-6.30025438e-03 -1.52055541e-03 0.0
-5.02083654e-03 -1.34812235e-03 0.0
-3.87072061e-03 -1.14038255e-03 0.0
-2.87137960e-03 -8.99222492e-04 0.0
-2.04071947e-03 -6.28887796e-04 0.0
-1.39027903e-03 -3.37877281e-04 0.0
-9.20825176e-04 -4.32440619e-05 0.0
-6.16486536e-04 2.20037669e-04 0.0
-4.40894633e-04 3.79251345e-04 0.0
-1.89712572e-04 2.89277290e-04 0.0
1.43550164e-04 1.51085275e-04 0.0
1.79899473e-04 5.94396162e-04 0.0
-1.52423406e-04 1.07891568e-03 0.0
-7.24568167e-04 1.56295752e-03 0.0
-1.53384832e-03 2.02173804e-03 0.0
-2.56242601e-03 2.43870869e-03 0.0
-3.78593042e-03 2.80387659e-03 0.0
-5.17732174e-03 3.11260349e-03 0.0
-6.70882468e-03 3.36429398e-03 0.0
-8.35315624e-03 3.56105260e-03 0.0
-1.00843033e-02 3.70666447e-03 0.0
-1.18780543e-02 3.80573439e-03 0.0
-1.37122514e-02 3.86317956e-03 0.0
-1.55669023e-02 3.88378010e-03 0.0
-1.74241129e-02 3.87200936e-03 0.0
-1.92679678e-02 3.83181753e-03 0.0
-2.10843122e-02 3.76664879e-03 0.0
-2.28605437e-02 3.67934214e-03 0.0
-2.45853586e-02 3.57224619e-03 0.0
-2.62485416e-02 3.44717143e-03 0.0
-2.78407423e-02 3.30555151e-03 0.0
-2.93533074e-02 3.14840978e-03 0.0
-3.07781152e-02 2.97653782e-03 0.0
-3.21074676e-02 2.79045643e-03 0.0
-3.33339891e-02 2.59059554e-03 0.0
-3.44505788e-02 2.37724100e-03 0.0
-3.54503696e-02 2.15070901e-03 0.0
-3.63267320e-02 1.91127676e-03 0.0
-3.70732844e-02 1.65934969e-03 0.0
-3.76839392e-02 1.39537812e-03 0.0
-3.81529552e-02 1.12001792e-03 0.0
-3.84750161e-02 8.34036375e-04 0.0
-3.86453173e-02 5.38467455e-04 0.0
-3.86596697e-02 2.34509936e-04 0.0
-3.85146131e-02 -7.63226930e-05 0.0
-3.82075396e-02 -3.92309920e-04 0.0
-3.77368278e-02 -7.11380978e-04 0.0
-3.71019782e-02 -1.03122808e-03 0.0
-3.63037613e-02 -1.34917271e-03 0.0
-3.53443574e-02 -1.66228559e-03 0.0
-3.42275090e-02 -1.96726666e-03 0.0
-3.29586546e-02 -2.26057425e-03 0.0
-3.15450726e-02 -2.53832389e-03 0.0
-2.99959941e-02 -2.79642976e-03 0.0
-2.83227226e-02 -3.03052793e-03 0.0
-2.65387066e-02 -3.23613358e-03 0.0
-2.46596120e-02 -3.40859390e-03 0.0
-2.27033312e-02 -3.54326412e-03 0.0
-2.06899802e-02 -3.63549514e-03 0.0
-1.86418121e-02 -3.68083140e-03 0.0
-1.65831025e-02 -3.67503917e-03 0.0
-1.45399236e-02 -3.61433324e-03 0.0
-1.25398633e-02 -3.49546112e-03 0.0
-1.06115883e-02 -3.31598545e-03 0.0
-8.78429704e-03 -3.07447917e-03 0.0
-7.08692636e-03 -2.77096870e-03 0.0
-5.54711831e-03 -2.40744495e-03 0.0
-4.18974444e-03 -1.98886006e-03 0.0
-3.03493406e-03 -1.52470915e-03 0.0
-2.09541122e-03 -1.03200796e-03 0.0
-1.37343222e-03 -5.40538388e-04 0.0
-8.58417861e-04 -1.02013508e-04 0.0
-5.28825227e-04 1.96122014e-04 0.0
-2.03580942e-04 2.16851637e-04 0.0
1.08308068e-04 2.17979703e-04 0.0
3.95815447e-05 8.78635637e-04 0.0
-4.54211452e-04 1.62079748e-03 0.0
-1.22831787e-03 2.36733629e-03 0.0
-2.27584681e-03 3.07417865e-03 0.0
-3.57641707e-03 3.71543022e-03 0.0
-5.10250239e-03 4.27675986e-03 0.0
-6.82325668e-03 4.75188470e-03 0.0
-8.70683158e-03 5.14011033e-03 0.0
-1.07217689e-02 5.44452849e-03 0.0
-1.28379450e-02 5.67053599e-03 0.0
-1.50271173e-02 5.82481381e-03 0.0
-1.72632720e-02 5.91448038e-03 0.0
-1.95227231e-02 5.94661284e-03 0.0
-2.17841166e-02 5.92781319e-03 0.0
-2.40282808e-02 5.86406808e-03 0.0
-2.62380561e-02 5.76055416e-03 0.0
-2.83980415e-02 5.62169250e-03 0.0
-3.04943705e-02 5.45107900e-03 0.0
-3.25144484e-02 5.25164144e-03 0.0
-3.44467478e-02 5.02562392e-03 0.0
-3.62805903e-02 4.77478951e-03 0.0
-3.80059959e-02 4.50041648e-03 0.0
-3.96135323e-02 4.20351319e-03 0.0
-4.10942285e-02 3.88480361e-03 0.0
-4.24394946e-02 3.54493722e-03 0.0
-4.36410971e-02 3.18445494e-03 0.0
-4.46911416e-02 2.80398752e-03 0.0
-4.55821012e-02 2.40420101e-03 0.0
-4.63068520e-02 1.98598320e-03 0.0
-4.68587442e-02 1.55037184e-03 0.0
-4.72316805e-02 1.09873080e-03 0.0
-4.74202201e-02 6.32665118e-04 0.0
-4.74196928e-02 1.54188295e-04 0.0
-4.72263267e-02 -3.34372741e-04 0.0
-4.68373899e-02 -8.30219608e-04 0.0
-4.62513361e-02 -1.33018655e-03 0.0
-4.54679645e-02 -1.83059421e-03 0.0
-4.44885747e-02 -2.32736395e-03 0.0
-4.33161368e-02 -2.81588814e-03 0.0
-4.19554436e-02 -3.29115802e-03 0.0
-4.04132779e-02 -3.74765687e-03 0.0
-3.86985492e-02 -4.17950637e-03 0.0
-3.68224410e-02 -4.58039028e-03 0.0
-3.47985115e-02 -4.94372515e-03 0.0
-3.26427999e-02 -5.26262300e-03 0.0
-3.03738660e-02 -5.53009260e-03 0.0
-2.80128245e-02 -5.73904993e-03 0.0
-2.55832905e-02 -5.88255717e-03 0.0
-2.31113027e-02 -5.95389101e-03 0.0
-2.06251280e-02 -5.94683025e-03 0.0
-1.81550186e-02 -5.85579999e-03 0.0
-1.57328087e-02 -5.67623490e-03 0.0
-1.33914207e-02 -5.40484837e-03 0.0
-1.11641467e-02 -5.04015585e-03 0.0
-9.08376664e-03 -4.58302082e-03 0.0
-7.18134329e-03 -4.03760307e-03 0.0
-5.48476083e-03 -3.41264086e-03 0.0
-4.01688931e-03 -2.72359370e-03 0.0
-2.79363345e-03 -1.99588942e-03 0.0
-1.82223829e-03 -1.27001929e-03 0.0
-1.10111543e-03 -6.08661988e-04 0.0
-6.22929387e-04 -1.05001241e-04 0.0
-2.21734282e-04 1.12415822e-04 0.0
7.71584891e-05 3.51272367e-04 0.0
-9.25164495e-05 1.30250512e-03 0.0
-7.50661176e-04 2.34887399e-03 0.0
-1.73214744e-03 3.39486218e-03 0.0
-3.02031483e-03 4.38236328e-03 0.0
-4.58947733e-03 5.27699396e-03 0.0
-6.40818855e-03 6.06001264e-03 0.0
-8.44208558e-03 6.72330461e-03 0.0
-1.06558699e-02 7.26607520e-03 0.0
-1.30147236e-02 7.69238155e-03 0.0
-1.54851995e-02 8.00936596e-03 0.0
-1.80358468e-02 8.22583565e-03 0.0
-2.06375168e-02 8.35131928e-03 0.0
-2.32635387e-02 8.39528407e-03 0.0
-2.58896840e-02 8.36672160e-03 0.0
-2.84940843e-02 8.27376596e-03 0.0
-3.10570173e-02 8.12360976e-03 0.0
-3.35607066e-02 7.92235771e-03 0.0
-3.59890487e-02 7.67513388e-03 0.0
-3.83273920e-02 7.38605772e-03 0.0
-4.05622813e-02 7.05844891e-03 0.0
-4.26812732e-02 6.69485221e-03 0.0
-4.46727384e-02 6.29728013e-03 0.0
-4.65257387e-02 5.86724238e-03 0.0
-4.82299023e-02 5.40599220e-03 0.0
-4.97753670e-02 4.91453794e-03 0.0
-5.11527271e-02 4.39387673e-03 0.0
-5.23530374e-02 3.84498081e-03 0.0
-5.33678226e-02 3.26901377e-03 0.0
-5.41891323e-02 2.66729253e-03 0.0
-5.48096027e-02 2.04148718e-03 0.0
-5.52225519e-02 1.39356308e-03 0.0
-5.54220838e-02 7.25966717e-04 0.0
-5.54032144e-02 4.15522194e-05 0.0
-5.51620096e-02 -6.56245622e-04 0.0
-5.46957332e-02 -1.36349814e-03 0.0
-5.40030099e-02 -2.07562414e-03 0.0
-5.30839869e-02 -2.78749060e-03 0.0
-5.19405119e-02 -3.49327279e-03 0.0
-5.05762977e-02 -4.18657237e-03 0.0
-4.89971039e-02 -4.86030341e-03 0.0
-4.72108904e-02 -5.50683385e-03 0.0
-4.52279869e-02 -6.11790678e-03 0.0
-4.30612177e-02 -6.68481321e-03 0.0
-4.07260382e-02 -7.19835954e-03 0.0
-3.82406063e-02 -7.64908128e-03 0.0
-3.56258573e-02 -8.02726908e-03 0.0
-3.29054906e-02 -8.32323449e-03 0.0
-3.01059441e-02 -8.52740908e-03 0.0
-2.72562511e-02 -8.63067697e-03 0.0
-2.43878628e-02 -8.62456771e-03 0.0
-2.15343143e-02 -8.50168191e-03 0.0
-1.87308230e-02 -8.25601944e-03 0.0
-1.60136798e-02 -7.88356146e-03 0.0
-1.34195283e-02 -7.38283857e-03 0.0
-1.09843808e-02 -6.75583739e-03 0.0
-8.74248665e-03 -6.00907987e-03 0.0
-6.72493672e-03 -5.15527364e-03 0.0
-4.95823104e-03 -4.21551960e-03 0.0
-3.46290815e-03 -3.22252514e-03 0.0
-2.25285871e-03 -2.22481546e-03 0.0
-1.33593966e-03 -1.29189647e-03 0.0
-7.16800799e-04 -5.19084924e-04 0.0
-2.41086695e-04 -2.95127187e-05 0.0
4.96922779e-05 5.43176175e-04 0.0
-2.13563704e-04 1.86229186e-03 0.0
-1.03040165e-03 3.26407799e-03 0.0
-2.21580180e-03 4.64655769e-03 0.0
-3.74088599e-03 5.94393442e-03 0.0
-5.57239363e-03 7.11611295e-03 0.0
-7.67376824e-03 8.14100138e-03 0.0
-1.00066789e-02 9.00915020e-03 0.0
-1.25324881e-02 9.71985171e-03 0.0
-1.52133256e-02 1.02783293e-02 0.0
-1.80129303e-02 1.06935338e-02 0.0
-2.08971451e-02 1.09765693e-02 0.0
-2.38342671e-02 1.11394186e-02 0.0
-2.67951443e-02 1.11941288e-02 0.0
-2.97532061e-02 1.11521306e-02 0.0
-3.26843200e-02 1.10239215e-02 0.0
-3.55666442e-02 1.08187633e-02 0.0
-3.83803719e-02 1.05446765e-02 0.0
-4.11075175e-02 1.02083593e-02 0.0
-4.37316415e-02 9.81535932e-03 0.0
-4.62376461e-02 9.37010214e-03 0.0
-4.86115393e-02 8.87614758e-03 0.0
-5.08402798e-02 8.33625497e-03 0.0
-5.29116095e-02 7.75266425e-03 0.0
-5.48139634e-02 7.12715543e-03 0.0
-5.65363772e-02 6.46132258e-03 0.0
-5.80684625e-02 5.75660748e-03 0.0
-5.94003840e-02 5.01455317e-03 0.0
-6.05228928e-02 4.23680711e-03 0.0
-6.14273633e-02 3.42535204e-03 0.0
-6.21058739e-02 2.58248156e-03 0.0
-6.25512937e-02 1.71101085e-03 0.0
-6.27573994e-02 8.14229856e-04 0.0
-6.27190028e-02 -1.03903723e-04 0.0
-6.24320946e-02 -1.03882971e-03 0.0
-6.18940025e-02 -1.98521018e-03 0.0
-6.11035532e-02 -2.93701256e-03 0.0
-6.00612520e-02 -3.88735549e-03 0.0
-5.87694518e-02 -4.82861263e-03 0.0
-5.72325430e-02 -5.75228667e-03 0.0
-5.54571175e-02 -6.64914018e-03 0.0
-5.34521542e-02 -7.50910783e-03 0.0
-5.12291616e-02 -8.32146360e-03 0.0
-4.88023403e-02 -9.07478407e-03 0.0
-4.61886829e-02 -9.75716391e-03 0.0
-4.34080874e-02 -1.03562455e-02 0.0
-4.04833858e-02 -1.08594977e-02 0.0
-3.74403744e-02 -1.12543297e-02 0.0
-3.43077302e-02 -1.15284515e-02 0.0
-3.11169116e-02 -1.16700969e-02 0.0
-2.79019086e-02 -1.16684912e-02 0.0
-2.46989510e-02 -1.15142206e-02 0.0
-2.15460237e-02 -1.11998572e-02 0.0
-1.84823063e-02 -1.07205463e-02 0.0
-1.55473807e-02 -1.00748946e-02 0.0
-1.27803442e-02 -9.26593364e-03 0.0
-1.02186926e-02 -8.30249948e-03 0.0
-7.89718267e-03 -7.20088856e-03 0.0
-5.84664348e-03 -5.98712617e-03 0.0
-4.09313345e-03 -4.69973296e-03 0.0
-2.65764786e-03 -3.39312611e-03 0.0
-1.55698391e-03 -2.14115723e-03 0.0
-8.05872965e-04 -1.04006438e-03 0.0
-2.59759453e-04 -2.09442596e-04 0.0
2.53270376e-05 7.86903889e-04 0.0
-3.23639559e-04 2.54953632e-03 0.0
-1.28991633e-03 4.35995911e-03 0.0
-2.67080424e-03 6.11697805e-03 0.0
-4.42470245e-03 7.75251532e-03 0.0
-6.50961960e-03 9.22397821e-03 0.0
-8.88283380e-03 1.05077516e-02 0.0
-1.15014940e-02 1.15939999e-02 0.0
-1.43233616e-02 1.24827130e-02 0.0
-1.73075968e-02 1.31805773e-02 0.0
-2.04152991e-02 1.36986344e-02 0.0
-2.36099588e-02 1.40503870e-02 0.0
-2.68576520e-02 1.42504644e-02 0.0
-3.01271734e-02 1.43135320e-02 0.0
-3.33899674e-02 1.42536381e-02 0.0
-3.66200475e-02 1.40836648e-02 0.0
-3.97937738e-02 1.38151313e-02 0.0
-4.28896650e-02 1.34579899e-02 0.0
-4.58881206e-02 1.30207131e-02 0.0
-4.87712099e-02 1.25102866e-02 0.0
-5.15224097e-02 1.19324501e-02 0.0
-5.41264250e-02 1.12917802e-02 0.0
-5.65689823e-02 1.05919950e-02 0.0
-5.88367099e-02 9.83605737e-03 0.0
-6.09170040e-02 9.02648852e-03 0.0
-6.27979749e-02 8.16545323e-03 0.0
-6.44683874e-02 7.25505543e-03 0.0
-6.59176689e-02 6.29738970e-03 0.0
-6.71359165e-02 5.29480957e-03 0.0
-6.81139575e-02 4.24994423e-03 0.0
-6.88434136e-02 3.16593980e-03 0.0
-6.93168033e-02 2.04644604e-03 0.0
-6.95276527e-02 8.95833856e-04 0.0
-6.94706301e-02 -2.80842864e-04 0.0
-6.91416935e-02 -1.47765173e-03 0.0
-6.85382480e-02 -2.68784248e-03 0.0
-6.76593199e-02 -3.90367525e-03 0.0
-6.65057267e-02 -5.11650536e-03 0.0
-6.50802679e-02 -6.31664142e-03 0.0
-6.33878950e-02 -7.49346001e-03 0.0
-6.14359059e-02 -8.63530376e-03 0.0
-5.92341015e-02 -9.72963546e-03 0.0
-5.67949662e-02 -1.07629897e-02 0.0
-5.41337925e-02 -1.17211800e-02 0.0
-5.12688271e-02 -1.25893209e-02 0.0
-4.82213378e-02 -1.33521049e-02 0.0
-4.50156956e-02 -1.39939170e-02 0.0
-4.16793511e-02 -1.44992029e-02 0.0
-3.82428118e-02 -1.48527021e-02 0.0
-3.47394818e-02 -1.50399371e-02 0.0
-3.12054810e-02 -1.50476010e-02 0.0
-2.76792885e-02 -1.48642093e-02 0.0
-2.42013387e-02 -1.44806985e-02 0.0
-2.08134055e-02 -1.38913105e-02 0.0
-1.75579233e-02 -1.30944978e-02 0.0
-1.44770867e-02 -1.20941656e-02 0.0
-1.16119278e-02 -1.09010452e-02 0.0
-9.00126578e-03 -9.53448424e-03 0.0
-6.68083375e-03 -8.02447644e-03 0.0
-4.68259577e-03 -6.41410789e-03 0.0
-3.03469721e-03 -4.76211791e-03 0.0
-1.76211180e-03 -3.14539990e-03 0.0
-8.88292388e-04 -1.66074268e-03 0.0
-2.76981297e-04 -4.25237315e-04 0.0
3.51095093e-06 1.07679803e-03 0.0
-4.23727351e-04 3.35458525e-03 0.0
-1.52920424e-03 5.62667454e-03 0.0
-3.09489564e-03 7.79685859e-03 0.0
-5.06708928e-03 9.79874634e-03 0.0
-7.39465663e-03 1.15902573e-02 0.0
-1.00281676e-02 1.31482263e-02 0.0
-1.29197108e-02 1.44637629e-02 0.0
-1.60231973e-02 1.55383413e-02 0.0
-1.92946689e-02 1.63806984e-02 0.0
-2.26926780e-02 1.70042700e-02 0.0
-2.61784756e-02 1.74252594e-02 0.0
-2.97161864e-02 1.76610492e-02 0.0
-3.32727807e-02 1.77291210e-02 0.0
-3.68180467e-02 1.76461696e-02 0.0
-4.03243993e-02 1.74276310e-02 0.0
-4.37667228e-02 1.70872822e-02 0.0
-4.71220988e-02 1.66371776e-02 0.0
-5.03695994e-02 1.60875549e-02 0.0
-5.34900063e-02 1.54470180e-02 0.0
-5.64656161e-02 1.47226070e-02 0.0
-5.92800002e-02 1.39201046e-02 0.0
-6.19178585e-02 1.30441697e-02 0.0
-6.43648465e-02 1.20986844e-02 0.0
-6.66074922e-02 1.10868887e-02 0.0
-6.86330982e-02 1.00117196e-02 0.0
-7.04297226e-02 8.87591648e-03 0.0
-7.19861520e-02 7.68233169e-03 0.0
-7.32919396e-02 6.43399554e-03 0.0
-7.43374409e-02 5.13439441e-03 0.0
-7.51138988e-02 3.78749776e-03 0.0
-7.56135320e-02 2.39800559e-03 0.0
-7.58296570e-02 9.71343341e-04 0.0
-7.57568193e-02 -4.86118043e-04 0.0
-7.53909428e-02 -1.96709527e-03 0.0
-7.47294938e-02 -3.46319989e-03 0.0
-7.37716473e-02 -4.96499937e-03 0.0
-7.25184739e-02 -6.46185600e-03 0.0
-7.09731122e-02 -7.94202038e-03 0.0
-6.91409659e-02 -9.39251113e-03 0.0
-6.70298697e-02 -1.07992499e-02 0.0
-6.46502826e-02 -1.21469953e-02 0.0
-6.20154308e-02 -1.34195329e-02 0.0
-5.91414789e-02 -1.45996811e-02 0.0
-5.60476306e-02 -1.56695540e-02 0.0
-5.27562533e-02 -1.66106622e-02 0.0
-4.92929088e-02 -1.74042721e-02 0.0
-4.56864000e-02 -1.80316306e-02 0.0
-4.19686938e-02 -1.84744516e-02 0.0
-3.81748453e-02 -1.87153022e-02 0.0
-3.43427628e-02 -1.87382575e-02 0.0
-3.05129542e-02 -1.85294971e-02 0.0
-2.67280764e-02 -1.80781839e-02 0.0
-2.30324484e-02 -1.73773369e-02 0.0
-1.94713471e-02 -1.64250083e-02 0.0
-1.60902788e-02 -1.52255186e-02 0.0
-1.29340721e-02 -1.37910193e-02 0.0
-1.00460503e-02 -1.21431611e-02 0.0
-7.46719205e-03 -1.03150599e-02 0.0
-5.23563406e-03 -8.35329623e-03 0.0
-3.38648162e-03 -6.31995942e-03 0.0
-1.95229612e-03 -4.29431407e-03 0.0
-9.64116959e-04 -2.37381493e-03 0.0
-2.92685696e-04 -6.73916162e-04 0.0
-1.61769771e-05 1.40818115e-03 0.0
-5.15085009e-04 4.26806919e-03 0.0
-1.74976535e-03 7.05336120e-03 0.0
-3.48907418e-03 9.67518914e-03 0.0
-5.66809943e-03 1.20716581e-02 0.0
-8.22679997e-03 1.42036404e-02 0.0
-1.11087793e-02 1.60503667e-02 0.0
-1.42608240e-02 1.76052469e-02 0.0
-1.76327007e-02 1.88722632e-02 0.0
-2.11772449e-02 1.98628381e-02 0.0
-2.48503799e-02 2.05933261e-02 0.0
-2.86112239e-02 2.10828997e-02 0.0
-3.24220294e-02 2.13519854e-02 0.0
-3.62481615e-02 2.14209744e-02 0.0
-4.00579106e-02 2.13093996e-02 0.0
-4.38223525e-02 2.10352665e-02 0.0
-4.75150762e-02 2.06147696e-02 0.0
-5.11119824e-02 2.00620505e-02 0.0
-5.45909872e-02 1.93892698e-02 0.0
-5.79318161e-02 1.86066236e-02 0.0
-6.11157351e-02 1.77226186e-02 0.0
-6.41253813e-02 1.67442136e-02 0.0
-6.69445530e-02 1.56771841e-02 0.0
-6.95580988e-02 1.45262988e-02 0.0
-7.19517803e-02 1.32956991e-02 0.0
-7.41122250e-02 1.19890588e-02 0.0
-7.60268633e-02 1.06099409e-02 0.0
-7.76839410e-02 9.16191624e-03 0.0
-7.90725234e-02 7.64888421e-03 0.0
-8.01825593e-02 6.07514690e-03 0.0
-8.10049439e-02 4.44569242e-03 0.0
-8.15316240e-02 2.76622916e-03 0.0
-8.17557095e-02 1.04343531e-03 0.0
-8.16716108e-02 -7.15041358e-04 0.0
-8.12751890e-02 -2.50036572e-03 0.0
-8.05639154e-02 -4.30254794e-03 0.0
-7.95370503e-02 -6.11025986e-03 0.0
-7.81958143e-02 -7.91090271e-03 0.0
-7.65435840e-02 -9.69046516e-03 0.0
-7.45860633e-02 -1.14336340e-02 0.0
-7.23314835e-02 -1.31237059e-02 0.0
-6.97907601e-02 -1.47427542e-02 0.0
-6.69776823e-02 -1.62716109e-02 0.0
-6.39090390e-02 -1.76901072e-02 0.0
-6.06047785e-02 -1.89771492e-02 0.0
-5.70880826e-02 -2.01110546e-02 0.0
-5.33854723e-02 -2.10697530e-02 0.0
-4.95268010e-02 -2.18312506e-02 0.0
-4.55452716e-02 -2.23739926e-02 0.0
-4.14773103e-02 -2.26774990e-02 0.0
-3.73624485e-02 -2.27229376e-02 0.0
-3.32430269e-02 -2.24939828e-02 0.0
-2.91638879e-02 -2.19776560e-02 0.0
-2.51718602e-02 -2.11654643e-02 0.0
-2.13152270e-02 -2.00545650e-02 0.0
-1.76429831e-02 -1.86492270e-02 0.0
-1.42041194e-02 -1.69623400e-02 0.0
-1.10467713e-02 -1.50171723e-02 0.0
-8.21753304e-03 -1.28491133e-02 0.0
-5.76082127e-03 -1.05074843e-02 0.0
-3.71863830e-03 -8.05708481e-03 0.0
-2.13060889e-03 -5.57938518e-03 0.0
-1.03459161e-03 -3.17292830e-03 0.0
-3.07108646e-04 -9.52673750e-04 0.0
-3.41357439e-05 1.77719123e-03 0.0
-5.98975290e-04 5.28151101e-03 0.0
-1.95375662e-03 8.62939425e-03 0.0
-3.85592704e-03 1.17406554e-02 0.0
-6.23047771e-03 1.45597919e-02 0.0
-9.00883766e-03 1.70525980e-02 0.0
-1.21277749e-02 1.92023605e-02 0.0
-1.55286157e-02 2.10061801e-02 0.0
-1.91569014e-02 2.24715379e-02 0.0
-2.29620951e-02 2.36133529e-02 0.0
-2.68974943e-02 2.44514009e-02 0.0
-3.09200394e-02 2.50082755e-02 0.0
-3.49902253e-02 2.53076658e-02 0.0
-3.90718652e-02 2.53731365e-02 0.0
-4.31319339e-02 2.52271291e-02 0.0
-4.71402735e-02 2.48903975e-02 0.0
-5.10693846e-02 2.43815554e-02 0.0
-5.48941085e-02 2.37169816e-02 0.0
-5.85914086e-02 2.29107329e-02 0.0
-6.21400717e-02 2.19747461e-02 0.0
-6.55205174e-02 2.09189567e-02 0.0
-6.87145519e-02 1.97516558e-02 0.0
-7.17052295e-02 1.84796930e-02 0.0
-7.44766766e-02 1.71088875e-02 0.0
-7.70140155e-02 1.56442372e-02 0.0
-7.93032630e-02 1.40903219e-02 0.0
-8.13313158e-02 1.24514792e-02 0.0
-8.30859200e-02 1.07321719e-02 0.0
-8.45557117e-02 8.93711553e-03 0.0
-8.57302495e-02 7.07160348e-03 0.0
-8.66001017e-02 5.14158717e-03 0.0
-8.71569326e-02 3.15396053e-03 0.0
-8.73936265e-02 1.11659858e-03 0.0
-8.73044194e-02 -9.61395305e-04 0.0
-8.68850496e-02 -3.06968860e-03 0.0
-8.61329245e-02 -5.19650981e-03 0.0
-8.50472882e-02 -7.32868610e-03 0.0
-8.36294126e-02 -9.45147636e-03 0.0
-8.18827705e-02 -1.15486533e-02 0.0
-7.98132386e-02 -1.36023899e-02 0.0
-7.74292641e-02 -1.55933972e-02 0.0
-7.47420663e-02 -1.75008799e-02 0.0
-7.17657817e-02 -1.93027453e-02 0.0
-6.85176493e-02 -2.09756495e-02 0.0
-6.50181193e-02 -2.24953006e-02 0.0
-6.12910027e-02 -2.38366227e-02 0.0
-5.73635229e-02 -2.49741848e-02 0.0
-5.32664062e-02 -2.58825210e-02 0.0
-4.90338480e-02 -2.65367269e-02 0.0
-4.47035094e-02 -2.69129865e-02 0.0
-4.03163579e-02 -2.69893884e-02 0.0
-3.59165236e-02 -2.67467184e-02 0.0
-3.15509639e-02 -2.61695530e-02 0.0
-2.72691285e-02 -2.52473701e-02 0.0
-2.31224062e-02 -2.39759581e-02 0.0
-1.91635755e-02 -2.23588580e-02 0.0
-1.54460477e-02 -2.04090539e-02 0.0
-1.20231702e-02 -1.81506438e-02 0.0
-8.94740554e-03 -1.56206084e-02 0.0
-6.26970492e-03 -1.28703720e-02 0.0
-4.03890970e-03 -9.96714972e-03 0.0
-2.30151693e-03 -6.99472373e-03 0.0
-1.10161213e-03 -4.05349724e-03 0.0
-3.20706668e-04 -1.25939145e-03 0.0
-5.06577347e-05 2.18066441e-03 0.0
-6.76622612e-04 6.38752664e-03 0.0
-2.14350300e-03 1.03450561e-02 0.0
-4.19880885e-03 1.39824902e-02 0.0
-6.75833938e-03 1.72520659e-02 0.0
-9.74560971e-03 2.01259864e-02 0.0
-1.30907272e-02 2.25930661e-02 0.0
-1.67296763e-02 2.46553082e-02 0.0
-2.06036785e-02 2.63247482e-02 0.0
-2.46588350e-02 2.76205477e-02 0.0
-2.88457210e-02 2.85665527e-02 0.0
-3.31191519e-02 2.91891652e-02 0.0
-3.74378349e-02 2.95157166e-02 0.0
-4.17641437e-02 2.95731097e-02 0.0
-4.60637651e-02 2.93869271e-02 0.0
-5.03054571e-02 2.89807159e-02 0.0
-5.44606928e-02 2.83756738e-02 0.0
-5.85034175e-02 2.75904051e-02 0.0
-6.24097154e-02 2.66410054e-02 0.0
-6.61575938e-02 2.55411161e-02 0.0
-6.97266994e-02 2.43022430e-02 0.0
-7.30981507e-02 2.29339628e-02 0.0
-7.62543224e-02 2.14443464e-02 0.0
-7.91787386e-02 1.98402107e-02 0.0
-8.18559314e-02 1.81275618e-02 0.0
-8.42713969e-02 1.63118281e-02 0.0
-8.64115274e-02 1.43982765e-02 0.0
-8.82636258e-02 1.23921985e-02 0.0
-8.98159043e-02 1.02992821e-02 0.0
-9.10575503e-02 8.12574447e-03 0.0
-9.19787845e-02 5.87865710e-03 0.0
-9.25709678e-02 3.56602970e-03 0.0
-9.28267112e-02 1.19709184e-03 0.0
-9.27400148e-02 -1.21766701e-03 0.0
-9.23064195e-02 -3.66625753e-03 0.0
-9.15231684e-02 -6.13519313e-03 0.0
-9.03893899e-02 -8.60929486e-03 0.0
-8.89062709e-02 -1.10717406e-02 0.0
-8.70772591e-02 -1.35039233e-02 0.0
-8.49082362e-02 -1.58855564e-02 0.0
-8.24077270e-02 -1.81945988e-02 0.0
-7.95870596e-02 -2.04074298e-02 0.0
-7.64605685e-02 -2.24988607e-02 0.0
-7.30457280e-02 -2.44423986e-02 0.0
-6.93633362e-02 -2.62103690e-02 0.0
-6.54376079e-02 -2.77742975e-02 0.0
-6.12963223e-02 -2.91051784e-02 0.0
-5.69708585e-02 -3.01740137e-02 0.0
-5.24962850e-02 -3.09522769e-02 0.0
-4.79113109e-02 -3.14126635e-02 0.0
-4.32582819e-02 -3.15298117e-02 0.0
-3.85830071e-02 -3.12813278e-02 0.0
-3.39346121e-02 -3.06488279e-02 0.0
-2.93651850e-02 -2.96192911e-02 0.0
-2.49294309e-02 -2.81864532e-02 0.0
-2.06840887e-02 -2.63524797e-02 0.0
-1.66873551e-02 -2.41296442e-02 0.0
-1.29980767e-02 -2.15421644e-02 0.0
-9.67499529e-03 -1.86278958e-02 0.0
-6.77582581e-03 -1.54399212e-02 0.0
-4.35649298e-03 -1.20477023e-02 0.0
-2.47031562e-03 -8.53771959e-03 0.0
-1.16747956e-03 -5.01322784e-03 0.0
-3.33970179e-04 -1.59290330e-03 0.0
-6.60505153e-05 2.61603247e-03 0.0
-7.49135945e-04 7.57987651e-03 0.0
-2.32135546e-03 1.21918217e-02 0.0
-4.52129199e-03 1.63909903e-02 0.0
-7.25646127e-03 2.01382940e-02 0.0
-1.04429549e-02 2.34135583e-02 0.0
-1.40046164e-02 2.62123143e-02 0.0
-1.78721799e-02 2.85426209e-02 0.0
-2.19826760e-02 3.04219869e-02 0.0
-2.62787899e-02 3.18746398e-02 0.0
-3.07084360e-02 3.29290576e-02 0.0
-3.52242405e-02 3.36159674e-02 0.0
-3.97831961e-02 3.39666290e-02 0.0
-4.43462038e-02 3.40115961e-02 0.0
-4.88777616e-02 3.37797062e-02 0.0
-5.33455425e-02 3.32975020e-02 0.0
-5.77201098e-02 3.25887867e-02 0.0
-6.19745350e-02 3.16745433e-02 0.0
-6.60841489e-02 3.05728836e-02 0.0
-7.00262139e-02 2.92992908e-02 0.0
-7.37797259e-02 2.78667982e-02 0.0
-7.73251537e-02 2.62864032e-02 0.0
-8.06443008e-02 2.45673438e-02 0.0
-8.37201209e-02 2.27175719e-02 0.0
-8.65366419e-02 2.07440389e-02 0.0
-8.90788574e-02 1.86531594e-02 0.0
-9.13327115e-02 1.64510588e-02 0.0
-9.32850612e-02 1.41439951e-02 0.0
-9.49237156e-02 1.17385506e-02 0.0
-9.62374636e-02 9.24200329e-03 0.0
-9.72161594e-02 6.66246226e-03 0.0
-9.78508070e-02 4.00918994e-03 0.0
-9.81336844e-02 1.29268710e-03 0.0
-9.80584765e-02 -1.47503197e-03 0.0
-9.76204285e-02 -4.28040180e-03 0.0
-9.68165167e-02 -7.10807846e-03 0.0
-9.56456210e-02 -9.94095141e-03 0.0
-9.41087228e-02 -1.27599706e-02 0.0
-9.22090835e-02 -1.55442151e-02 0.0
-8.99524580e-02 -1.82707862e-02 0.0
-8.73472664e-02 -2.09149447e-02 0.0
-8.44048098e-02 -2.34500860e-02 0.0
-8.11394238e-02 -2.58479621e-02 0.0
-7.75686851e-02 -2.80787606e-02 0.0
-7.37135359e-02 -3.01114349e-02 0.0
-6.95984711e-02 -3.19139162e-02 0.0
-6.52516239e-02 -3.34535871e-02 0.0
-6.07049212e-02 -3.46976709e-02 0.0
-5.59941186e-02 -3.56138989e-02 0.0
-5.11589042e-02 -3.61711389e-02 0.0
-4.62428573e-02 -3.63403249e-02 0.0
-4.12934657e-02 -3.60953997e-02 0.0
-3.63619601e-02 -3.54145795e-02 0.0
-3.15031830e-02 -3.42816732e-02 0.0
-2.67752242e-02 -3.26877179e-02 0.0
-2.22390574e-02 -3.06326650e-02 0.0
-1.79578937e-02 -2.81273019e-02 0.0
-1.39965102e-02 -2.51951215e-02 0.0
-1.04202754e-02 -2.18742127e-02 0.0
-7.29416768e-03 -1.82188467e-02 0.0
-4.68152956e-03 -1.43007179e-02 0.0
-2.64290218e-03 -1.02094866e-02 0.0
-1.23470550e-03 -6.05247667e-03 0.0
-3.47495343e-04 -1.95312440e-03 0.0
-8.05235874e-05 3.08125070e-03 0.0
-8.17546378e-04 8.85341631e-03 0.0
-2.48950674e-03 1.41624798e-02 0.0
-4.82695213e-03 1.89577378e-02 0.0
-7.72973075e-03 2.32095261e-02 0.0
-1.11071116e-02 2.69062379e-02 0.0
-1.48769610e-02 3.00511907e-02 0.0
-1.89650660e-02 3.26594634e-02 0.0
-2.33043275e-02 3.47549601e-02 0.0
-2.78341570e-02 3.63676732e-02 0.0
-3.24997716e-02 3.75313553e-02 0.0
-3.72516910e-02 3.82814691e-02 0.0
-4.20451339e-02 3.86536080e-02 0.0
-4.68395984e-02 3.86821762e-02 0.0
-5.15983424e-02 3.83995213e-02 0.0
-5.62880305e-02 3.78352535e-02 0.0
-6.08782846e-02 3.70159600e-02 0.0
-6.53413894e-02 3.59650072e-02 0.0
-6.96519112e-02 3.47026680e-02 0.0
-7.37864622e-02 3.32462385e-02 0.0
-7.77233912e-02 3.16104123e-02 0.0
-8.14426102e-02 2.98075595e-02 0.0
-8.49253615e-02 2.78482137e-02 0.0
-8.81541084e-02 2.57413993e-02 0.0
-9.11123804e-02 2.34951380e-02 0.0
-9.37847254e-02 2.11167563e-02 0.0
-9.61566303e-02 1.86133590e-02 0.0
-9.82145313e-02 1.59920851e-02 0.0
-9.99458041e-02 1.32605293e-02 0.0
-1.01338826e-01 1.04269365e-02 0.0
-1.02383027e-01 7.50057003e-03 0.0
-1.03069002e-01 4.49184831e-03 0.0
-1.03388613e-01 1.41266079e-03 0.0
-1.03335135e-01 -1.72354799e-03 0.0
-1.02903411e-01 -4.90151436e-03 0.0
-1.02090021e-01 -8.10412456e-03 0.0
-1.00893474e-01 -1.13122070e-02 0.0
-9.93143874e-02 -1.45045600e-02 0.0
-9.73557043e-02 -1.76578103e-02 0.0
-9.50228756e-02 -2.07465091e-02 0.0
-9.23240853e-02 -2.37430706e-02 0.0
-8.92704208e-02 -2.66179504e-02 0.0
-8.58760963e-02 -2.93396809e-02 0.0
-8.21586021e-02 -3.18751503e-02 0.0
-7.81389172e-02 -3.41897591e-02 0.0
-7.38416310e-02 -3.62478263e-02 0.0
-6.92951407e-02 -3.80129026e-02 0.0
-6.45317429e-02 -3.94483475e-02 0.0
-5.95878114e-02 -4.05178538e-02 0.0
-5.45038500e-02 -4.11862611e-02 0.0
-4.93246360e-02 -4.14203712e-02 0.0
-4.40992089e-02 -4.11900841e-02 0.0
-3.88809339e-02 -4.04695944e-02 0.0
-3.37273616e-02 -3.92389313e-02 0.0
-2.87001178e-02 -3.74855931e-02 0.0
-2.38645133e-02 -3.52064965e-02 0.0
-1.92891141e-02 -3.24099764e-02 0.0
-1.50449394e-02 -2.91179536e-02 0.0
-1.12045512e-02 -2.53679596e-02 0.0
-7.84071158e-03 -2.12150086e-02 0.0
-5.02492001e-03 -1.67329552e-02 0.0
-2.82555358e-03 -1.20152182e-02 0.0
-1.30599733e-03 -7.17448123e-03 0.0
-3.61849678e-04 -2.34113888e-03 0.0
-9.43223059e-05 3.57472518e-03 0.0
-8.82749192e-04 1.02040287e-02 0.0
-2.65000991e-03 1.62511063e-02 0.0
-5.11912343e-03 2.16756966e-02 0.0
-8.18290317e-03 2.64581582e-02 0.0
-1.17441827e-02 3.05963070e-02 0.0
-1.57153004e-02 3.41021354e-02 0.0
-2.00172909e-02 3.69986689e-02 0.0
-2.45791924e-02 3.93169781e-02 0.0
-2.93371885e-02 4.10935490e-02 0.0
-3.42339431e-02 4.23679224e-02 0.0
-3.92178273e-02 4.31807868e-02 0.0
-4.42423607e-02 4.35723529e-02 0.0
-4.92655601e-02 4.35811886e-02 0.0
-5.42494914e-02 4.32432823e-02 0.0
-5.91597304e-02 4.25915242e-02 0.0
-6.39650065e-02 4.16553285e-02 0.0
-6.86367564e-02 4.04606082e-02 0.0
-7.31488427e-02 3.90297939e-02 0.0
-7.74771903e-02 3.73821352e-02 0.0
-8.15995721e-02 3.55339540e-02 0.0
-8.54953252e-02 3.34991220e-02 0.0
-8.91452022e-02 3.12894146e-02 0.0
-9.25311657e-02 2.89150479e-02 0.0
-9.56363044e-02 2.63850415e-02 0.0
-9.84447054e-02 2.37077431e-02 0.0
-1.00941430e-01 2.08911483e-02 0.0
-1.03112463e-01 1.79433781e-02 0.0
-1.04944741e-01 1.48729375e-02 0.0
-1.06426175e-01 1.16891350e-02 0.0
-1.07545728e-01 8.40227870e-03 0.0
-1.08293500e-01 5.02403855e-03 0.0
-1.08660849e-01 1.56758366e-03 0.0
-1.08640535e-01 -1.95211123e-03 0.0
-1.08226871e-01 -5.51818596e-03 0.0
-1.07415915e-01 -9.11164737e-03 0.0
-1.06205645e-01 -1.27113510e-02 0.0
-1.04596179e-01 -1.62938209e-02 0.0
-1.02589963e-01 -1.98333011e-02 0.0
-1.00192011e-01 -2.33016552e-02 0.0
-9.74100842e-02 -2.66684997e-02 0.0
-9.42549348e-02 -2.99011968e-02 0.0
-9.07404742e-02 -3.29650839e-02 0.0
-8.68840059e-02 -3.58235782e-02 0.0
-8.27063735e-02 -3.84385203e-02 0.0
-7.82321846e-02 -4.07704168e-02 0.0
-7.34899373e-02 -4.27789300e-02 0.0
-6.85122409e-02 -4.44233003e-02 0.0
-6.33359268e-02 -4.56630369e-02 0.0
-5.80022703e-02 -4.64585920e-02 0.0
-5.25570874e-02 -4.67723382e-02 0.0
-4.70509428e-02 -4.65695965e-02 0.0
-4.15391986e-02 -4.58200138e-02 0.0
-3.60821444e-02 -4.44990582e-02 0.0
-3.07448918e-02 -4.25898878e-02 0.0
-2.55972686e-02 -4.00853621e-02 0.0
-2.07133506e-02 -3.69903664e-02 0.0
-1.61708603e-02 -3.33241750e-02 0.0
-1.20500454e-02 -2.91228934e-02 0.0
-8.43229537e-03 -2.44416249e-02 0.0
-5.39813733e-03 -1.93562550e-02 0.0
-3.02495883e-03 -1.39644383e-02 0.0
-1.38419351e-03 -8.38556374e-03 0.0
-3.77701407e-04 -2.75926144e-03 0.0
-1.07592379e-04 4.09525913e-03 0.0
-9.45558533e-04 1.16285137e-02 0.0
-2.80465401e-03 1.84529975e-02 0.0
-5.40086104e-03 2.45391525e-02 0.0
-8.62030170e-03 2.98779581e-02 0.0
-1.23598725e-02 3.44773993e-02 0.0
-1.65266678e-02 3.83590066e-02 0.0
-2.10373602e-02 4.15545372e-02 0.0
-2.58172806e-02 4.41029968e-02 0.0
-3.07996310e-02 4.60479479e-02 0.0
-3.59245431e-02 4.74352692e-02 0.0
-4.11383599e-02 4.83112258e-02 0.0
-4.63928271e-02 4.87210068e-02 0.0
-5.16445221e-02 4.87075266e-02 0.0
-5.68542024e-02 4.83106603e-02 0.0
-6.19863700e-02 4.75666623e-02 0.0
-6.70087490e-02 4.65079614e-02 0.0
-7.18919503e-02 4.51630470e-02 0.0
-7.66090482e-02 4.35566657e-02 0.0
-8.11353225e-02 4.17100155e-02 0.0
-8.54479179e-02 3.96411863e-02 0.0
-8.95256533e-02 3.73655172e-02 0.0
-9.33487615e-02 3.48961477e-02 0.0
-9.68987617e-02 3.22444246e-02 0.0
-1.00158279e-01 2.94204705e-02 0.0
-1.03110979e-01 2.64335679e-02 0.0
-1.05741469e-01 2.32926927e-02 0.0
-1.08035287e-01 2.00068416e-02 0.0
-1.09978884e-01 1.65855080e-02 0.0
-1.11559670e-01 1.30389442e-02 0.0
-1.12766063e-01 9.37857613e-03 0.0
-1.13587591e-01 5.61720142e-03 0.0
-1.14015003e-01 1.76934444e-03 0.0
-1.14040421e-01 -2.14860793e-03 0.0
-1.13657500e-01 -6.11811299e-03 0.0
-1.12861615e-01 -1.01184013e-02 0.0
-1.11650071e-01 -1.41262524e-02 0.0
-1.10022304e-01 -1.81159967e-02 0.0
-1.07980118e-01 -2.20593716e-02 0.0
-1.05527895e-01 -2.59256069e-02 0.0
-1.02672846e-01 -2.96813746e-02 0.0
-9.94252015e-02 -3.32909693e-02 0.0
-9.57984661e-02 -3.67163648e-02 0.0
-9.18095895e-02 -3.99175027e-02 0.0
-8.74792108e-02 -4.28524723e-02 0.0
-8.28318077e-02 -4.54779258e-02 0.0
-7.78959403e-02 -4.77494102e-02 0.0
-7.27043901e-02 -4.96219454e-02 0.0
-6.72944196e-02 -5.10505612e-02 0.0
-6.17079231e-02 -5.19911103e-02 0.0
-5.59917183e-02 -5.24011040e-02 0.0
-5.01977168e-02 -5.22408783e-02 0.0
-4.43832319e-02 -5.14748698e-02 0.0
-3.86111163e-02 -5.00732862e-02 0.0
-3.29499781e-02 -4.80139726e-02 0.0
-2.74741044e-02 -4.52847020e-02 0.0
-2.22633151e-02 -4.18856698e-02 0.0
-1.74023116e-02 -3.78323076e-02 0.0
-1.29797266e-02 -3.31581113e-02 0.0
-9.08641992e-03 -2.79174207e-02 0.0
-5.81327821e-03 -2.21877246e-02 0.0
-3.24815042e-03 -1.60712472e-02 0.0
-1.47234254e-03 -9.69530914e-03 0.0
-3.95689434e-04 -3.21111888e-03 0.0
-1.20528916e-04 4.64199285e-03 0.0
-1.00664567e-03 1.31244846e-02 0.0
-2.95502734e-03 2.07645237e-02 0.0
-5.67477270e-03 2.75436078e-02 0.0
-9.04572775e-03 3.34639345e-02 0.0
-1.29591308e-02 3.85444418e-02 0.0
-1.73172966e-02 4.28169771e-02 0.0
-2.20327924e-02 4.63228157e-02 0.0
-2.70276126e-02 4.91095262e-02 0.0
-3.22320992e-02 5.12283312e-02 0.0
-3.75840590e-02 5.27318396e-02 0.0
-4.30277739e-02 5.36722771e-02 0.0
-4.85132804e-02 5.41000252e-02 0.0
-5.39955823e-02 5.40626086e-02 0.0
-5.94341189e-02 5.36039042e-02 0.0
-6.47921555e-02 5.27637387e-02 0.0
-7.00363904e-02 5.15776199e-02 0.0
-7.51364692e-02 5.00767960e-02 0.0
-8.00646824e-02 4.82883598e-02 0.0
-8.47955689e-02 4.62356196e-02 0.0
-8.93056802e-02 4.39384305e-02 0.0
-9.35732617e-02 4.14137365e-02 0.0
-9.75780785e-02 3.86760034e-02 0.0
-1.01301174e-01 3.57378189e-02 0.0
-1.04724759e-01 3.26103350e-02 0.0
-1.07832049e-01 2.93038544e-02 0.0
-1.10607220e-01 2.58282285e-02 0.0
-1.13035324e-01 2.21933937e-02 0.0
-1.15102310e-01 1.84097049e-02 0.0
-1.16795018e-01 1.44884098e-02 0.0
-1.18101260e-01 1.04419140e-02 0.0
-1.19009892e-01 6.28419226e-03 0.0
-1.19510943e-01 2.03098767e-03 0.0
-1.19595765e-01 -2.29984247e-03 0.0
-1.19257200e-01 -6.68819518e-03 0.0
-1.18489789e-01 -1.11114471e-02 0.0
-1.17289974e-01 -1.55443987e-02 0.0
-1.15656346e-01 -1.99590817e-02 0.0
-1.13589865e-01 -2.43247903e-02 0.0
-1.11094132e-01 -2.86079844e-02 0.0
-1.08175602e-01 -3.27724182e-02 0.0
-1.04843867e-01 -3.67791517e-02 0.0
-1.01111848e-01 -4.05867863e-02 0.0
-9.69960657e-02 -4.41515944e-02 0.0
-9.25168113e-02 -4.74278714e-02 0.0
-8.76984073e-02 -5.03681968e-02 0.0
-8.25693602e-02 -5.29239211e-02 0.0
-7.71626300e-02 -5.50455882e-02 0.0
-7.15157954e-02 -5.66836018e-02 0.0
-6.56713684e-02 -5.77888780e-02 0.0
-5.96770120e-02 -5.83137876e-02 0.0
-5.35859343e-02 -5.82131712e-02 0.0
-4.74571743e-02 -5.74457249e-02 0.0
-4.13560514e-02 -5.59755804e-02 0.0
-3.53544293e-02 -5.37743556e-02 0.0
-2.95310347e-02 -5.08235126e-02 0.0
-2.39713870e-02 -4.71172280e-02 0.0
-1.87675238e-02 -4.26655565e-02 0.0
-1.40169902e-02 -3.74979280e-02 0.0
-9.82125061e-03 -3.16666062e-02 0.0
-6.28299962e-03 -2.52498946e-02 0.0
-3.50265193e-03 -1.83545246e-02 0.0
-1.57368719e-03 -1.11167833e-02 0.0
-4.16584805e-04 -3.70174330e-03 0.0
-1.33223166e-04 5.21435855e-03 0.0
-1.06660249e-03 1.46902361e-02 0.0
-3.10239852e-03 2.31829718e-02 0.0
-5.94303039e-03 3.06855663e-02 0.0
-9.46221861e-03 3.72121581e-02 0.0
-1.35459901e-02 4.27934388e-02 0.0
-1.80921931e-02 4.74724043e-02 0.0
-2.30097816e-02 5.13005353e-02 0.0
-2.82176633e-02 5.43345797e-02 0.0
-3.36436564e-02 5.66338357e-02 0.0
-3.92232959e-02 5.82580211e-02 0.0
-4.48989268e-02 5.92655346e-02 0.0
-5.06187507e-02 5.97121994e-02 0.0
-5.63361771e-02 5.96502700e-02 0.0
-6.20091173e-02 5.91278344e-02 0.0
-6.75995325e-02 5.81883807e-02 0.0
-7.30728909e-02 5.68706986e-02 0.0
-7.83978278e-02 5.52088655e-02 0.0
-8.35456990e-02 5.32325133e-02 0.0
-8.84903045e-02 5.09671014e-02 0.0
-9.32075129e-02 4.84344171e-02 0.0
-9.76750372e-02 4.56530085e-02 0.0
-1.01872129e-01 4.26387976e-02 0.0
-1.05779413e-01 3.94055650e-02 0.0
-1.09378658e-01 3.59655830e-02 0.0
-1.12652675e-01 3.23300813e-02 0.0
-1.15585177e-01 2.85098438e-02 0.0
-1.18160740e-01 2.45156186e-02 0.0
-1.20364756e-01 2.03586552e-02 0.0
-1.22183459e-01 1.60510463e-02 0.0
-1.23603963e-01 1.16062001e-02 0.0
-1.24614359e-01 7.03911183e-03 0.0
-1.25203832e-01 2.36677001e-03 0.0
-1.25362814e-01 -2.39164357e-03 0.0
-1.25083176e-01 -7.21442040e-03 0.0
-1.24358430e-01 -1.20772029e-02 0.0
-1.23183978e-01 -1.69527355e-02 0.0
-1.21557347e-01 -2.18108321e-02 0.0
-1.19478471e-01 -2.66182260e-02 0.0
-1.16949946e-01 -3.13386405e-02 0.0
-1.13977322e-01 -3.59327511e-02 0.0
-1.10569346e-01 -4.03583686e-02 0.0
-1.06738256e-01 -4.45705218e-02 0.0
-1.02499986e-01 -4.85217580e-02 0.0
-9.78744494e-02 -5.21623502e-02 0.0
-9.28857104e-02 -5.54407171e-02 0.0
-8.75622558e-02 -5.83037644e-02 0.0
-8.19371573e-02 -6.06974403e-02 0.0
-7.60483718e-02 -6.25672430e-02 0.0
-6.99389456e-02 -6.38589686e-02 0.0
-6.36574071e-02 -6.45194778e-02 0.0
-5.72580851e-02 -6.44977725e-02 0.0
-5.08016538e-02 -6.37462146e-02 0.0
-4.43555904e-02 -6.22221830e-02 0.0
-3.79948291e-02 -5.98900505e-02 0.0
-3.18022027e-02 -5.67237595e-02 0.0
-2.58688820e-02 -5.27098792e-02 0.0
-2.02942646e-02 -4.78513224e-02 0.0
-1.51854182e-02 -4.21714877e-02 0.0
-1.06554121e-02 -3.57187451e-02 0.0
-6.82062639e-03 -2.85707547e-02 0.0
-3.79645739e-03 -2.08381508e-02 0.0
-1.69178853e-03 -1.26667699e-02 0.0
-4.41154952e-04 -4.23771006e-03 0.0
-1.45828331e-04 5.81202943e-03 0.0
-1.12587621e-03 1.63246217e-02 0.0
-3.24779640e-03 2.57063241e-02 0.0
-6.20720226e-03 3.39622833e-02 0.0
-9.87197778e-03 4.11194442e-02 0.0
-1.41232140e-02 4.72212094e-02 0.0
-1.88548702e-02 5.23225495e-02 0.0
-2.39726804e-02 5.64858548e-02 0.0
-2.93929757e-02 5.97775105e-02 0.0
-3.50412469e-02 6.22652516e-02 0.0
-4.08509922e-02 6.40160794e-02 0.0
-4.67625412e-02 6.50947541e-02 0.0
-5.27222507e-02 6.55626179e-02 0.0
-5.86816863e-02 6.54768261e-02 0.0
-6.45971114e-02 6.48897625e-02 0.0
-7.04289010e-02 6.38487836e-02 0.0
-7.61411816e-02 6.23960667e-02 0.0
-8.17013538e-02 6.05687453e-02 0.0
-8.70797912e-02 5.83990859e-02 0.0
-9.22494169e-02 5.59149099e-02 0.0
-9.71854359e-02 5.31399903e-02 0.0
-1.01864963e-01 5.00946464e-02 0.0
-1.06266797e-01 4.67962497e-02 0.0
-1.10371119e-01 4.32598862e-02 0.0
-1.14159322e-01 3.94988803e-02 0.0
-1.17613795e-01 3.55254495e-02 0.0
-1.20717831e-01 3.13511896e-02 0.0
-1.23455496e-01 2.69876809e-02 0.0
-1.25811616e-01 2.24469100e-02 0.0
-1.27771750e-01 1.77418120e-02 0.0
-1.29322250e-01 1.28866215e-02 0.0
-1.30450325e-01 7.89734698e-03 0.0
-1.31144181e-01 2.79204856e-03 0.0
-1.31393175e-01 -2.40876117e-03 0.0
-1.31188014e-01 -7.68191842e-03 0.0
-1.30520988e-01 -1.30012929e-02 0.0
-1.29386223e-01 -1.83376810e-02 0.0
-1.27779970e-01 -2.36585921e-02 0.0
-1.25700884e-01 -2.89282497e-02 0.0
-1.23150357e-01 -3.41074962e-02 0.0
-1.20132789e-01 -3.91539152e-02 0.0
-1.16655936e-01 -4.40218658e-02 0.0
-1.12731156e-01 -4.86627314e-02 0.0
-1.08373730e-01 -5.30250849e-02 0.0
-1.03603075e-01 -5.70550601e-02 0.0
-9.84430294e-02 -6.06966421e-02 0.0
-9.29220251e-02 -6.38921537e-02 0.0
-8.70733654e-02 -6.65826712e-02 0.0
-8.09353922e-02 -6.87086380e-02 0.0
-7.45518235e-02 -7.02104430e-02 0.0
-6.79720104e-02 -7.10292353e-02 0.0
-6.12514404e-02 -7.11077951e-02 0.0
-5.44522053e-02 -7.03917530e-02 0.0
-4.76437698e-02 -6.88310464e-02 0.0
-4.09036932e-02 -6.63819347e-02 0.0
-3.43185859e-02 -6.30095274e-02 0.0
-2.79848115e-02 -5.86911321e-02 0.0
-2.20090702e-02 -5.34203629e-02 0.0
-1.65081560e-02 -4.72121501e-02 0.0
-1.16078411e-02 -4.01083556e-02 0.0
-7.44003287e-03 -3.21836977e-02 0.0
-4.13820528e-03 -2.35511737e-02 0.0
-1.83053032e-03 -1.43660680e-02 0.0
-4.70351472e-04 -4.82730971e-03 0.0
-1.58393742e-04 6.43488616e-03 0.0
-1.18484587e-03 1.80269080e-02 0.0
-3.39188315e-03 2.83330189e-02 0.0
-6.46825573e-03 3.73713988e-02 0.0
-1.02760800e-02 4.51829704e-02 0.0
-1.46920759e-02 5.18249654e-02 0.0
-1.96068358e-02 5.73652695e-02 0.0
-2.49236059e-02 6.18777827e-02 0.0
-3.05565590e-02 6.54389081e-02 0.0
-3.64292856e-02 6.81249364e-02 0.0
-4.24732808e-02 7.00102287e-02 0.0
-4.86268997e-02 7.11658735e-02 0.0
-5.48343807e-02 7.16587985e-02 0.0
-6.10452683e-02 7.15510849e-02 0.0
-6.72138009e-02 7.08995854e-02 0.0
-7.32985632e-02 6.97556429e-02 0.0
-7.92620151e-02 6.81650774e-02 0.0
-8.50701993e-02 6.61682342e-02 0.0
-9.06922980e-02 6.38002830e-02 0.0
-9.61003384e-02 6.10915339e-02 0.0
-1.01268763e-01 5.80679709e-02 0.0
-1.06174147e-01 5.47517416e-02 0.0
-1.10794809e-01 5.11618213e-02 0.0
-1.15110575e-01 4.73145758e-02 0.0
-1.19102466e-01 4.32244621e-02 0.0
-1.22752529e-01 3.89045848e-02 0.0
-1.26043625e-01 3.43673704e-02 0.0
-1.28959348e-01 2.96250738e-02 0.0
-1.31483918e-01 2.46903954e-02 0.0
-1.33602187e-01 1.95769198e-02 0.0
-1.35299649e-01 1.42996658e-02 0.0
-1.36562531e-01 8.87545164e-03 0.0
-1.37377910e-01 3.32337110e-03 0.0
-1.37733888e-01 -2.33492032e-03 0.0
-1.37619804e-01 -8.07481365e-03 0.0
-1.37026484e-01 -1.38685531e-02 0.0
-1.35946536e-01 -1.96849461e-02 0.0
-1.34374648e-01 -2.54892813e-02 0.0
-1.32307949e-01 -3.12431615e-02 0.0
-1.29746328e-01 -3.69045521e-02 0.0
-1.26692823e-01 -4.24277541e-02 0.0
-1.23153935e-01 -4.77635935e-02 0.0
-1.19140007e-01 -5.28595424e-02 0.0
-1.14665495e-01 -5.76600462e-02 0.0
-1.09749306e-01 -6.21067824e-02 0.0
-1.04415006e-01 -6.61391096e-02 0.0
-9.86911058e-02 -6.96944418e-02 0.0
-9.26112090e-02 -7.27087957e-02 0.0
-8.62142913e-02 -7.51172673e-02 0.0
-7.95448620e-02 -7.68546809e-02 0.0
-7.26533387e-02 -7.78562105e-02 0.0
-6.55963792e-02 -7.80582326e-02 0.0
-5.84375399e-02 -7.73992813e-02 0.0
-5.12479763e-02 -7.58214154e-02 0.0
-4.41075548e-02 -7.32719710e-02 0.0
-3.71059933e-02 -6.97060745e-02 0.0
-3.03442898e-02 -6.50899868e-02 0.0
-2.39358215e-02 -5.94056492e-02 0.0
-1.80071007e-02 -5.26564399e-02 0.0
-1.26972081e-02 -4.48742225e-02 0.0
-8.15559371e-03 -3.61272126e-02 0.0
-4.53711650e-03 -2.65279309e-02 0.0
-1.99426741e-03 -1.62398121e-02 0.0
-5.05170200e-04 -5.48078516e-03 0.0
-1.71051704e-04 7.08298786e-03 0.0
-1.24376406e-03 1.97966374e-02 0.0
-3.53503934e-03 3.10616255e-02 0.0
-6.72632928e-03 4.09104886e-02 0.0
-1.06742953e-02 4.93997132e-02 0.0
-1.52518328e-02 5.66018085e-02 0.0
-2.03471462e-02 6.25985605e-02 0.0
-2.58617409e-02 6.74759271e-02 0.0
-3.17083821e-02 7.13204368e-02 0.0
-3.78090218e-02 7.42168622e-02 0.0
-4.40933232e-02 7.62466955e-02 0.0
-5.04974084e-02 7.74872157e-02 0.0
-5.69631671e-02 7.80108083e-02 0.0
-6.34376293e-02 7.78845457e-02 0.0
-6.98726760e-02 7.71698314e-02 0.0
-7.62246348e-02 7.59222534e-02 0.0
-8.24540594e-02 7.41914850e-02 0.0
-8.85253194e-02 7.20214196e-02 0.0
-9.44063197e-02 6.94503509e-02 0.0
-1.00068039e-01 6.65113866e-02 0.0
-1.05484200e-01 6.32328698e-02 0.0
-1.10630801e-01 5.96389988e-02 0.0
-1.15485795e-01 5.57503953e-02 0.0
-1.20028673e-01 5.15848265e-02 0.0
-1.24240207e-01 4.71578197e-02 0.0
-1.28102129e-01 4.24833984e-02 0.0
-1.31596958e-01 3.75746732e-02 0.0
-1.34707810e-01 3.24445384e-02 0.0
-1.37418319e-01 2.71062042e-02 0.0
-1.39712573e-01 2.15738304e-02 0.0
-1.41575146e-01 1.58629874e-02 0.0
-1.42991153e-01 9.99121771e-03 0.0
-1.43946389e-01 3.97841836e-03 0.0
-1.44427501e-01 -2.15267992e-03 0.0
-1.44422221e-01 -8.37622051e-03 0.0
-1.43919649e-01 -1.46628419e-02 0.0
-1.42910563e-01 -2.09794965e-02 0.0
-1.41387794e-01 -2.72891956e-02 0.0
-1.39346586e-01 -3.35509638e-02 0.0
-1.36785036e-01 -3.97197336e-02 0.0
-1.33704474e-01 -4.57464556e-02 0.0
-1.30109915e-01 -5.15781592e-02 0.0
-1.26010418e-01 -5.71582263e-02 0.0
-1.21419505e-01 -6.24266162e-02 0.0
-1.16355451e-01 -6.73202886e-02 0.0
-1.10841628e-01 -7.17735668e-02 0.0
-1.04906687e-01 -7.57186709e-02 0.0
-9.85848291e-02 -7.90861735e-02 0.0
-9.19159000e-02 -8.18055939e-02 0.0
-8.49456411e-02 -8.38059077e-02 0.0
-7.77258282e-02 -8.50161917e-02 0.0
-7.03146838e-02 -8.53662352e-02 0.0
-6.27773126e-02 -8.47873760e-02 0.0
-5.51865931e-02 -8.32134994e-02 0.0
-4.76242501e-02 -8.05825547e-02 0.0
-4.01825206e-02 -7.68386943e-02 0.0
-3.29659885e-02 -7.19355230e-02 0.0
-2.60937812e-02 -6.58407187e-02 0.0
-1.97012934e-02 -5.85425174e-02 0.0
-1.39411161e-02 -5.00581632e-02 0.0
-8.98171518e-03 -4.04442438e-02 0.0
-5.00307523e-03 -2.98079838e-02 0.0
-2.18783217e-03 -1.83178270e-02 0.0
-5.46867795e-04 -6.21062920e-03 0.0
-1.83850557e-04 7.75657843e-03 0.0
-1.30286199e-03 2.16334680e-02 0.0
-3.67721214e-03 3.38904454e-02 0.0
-6.98063083e-03 4.45764113e-02 0.0
-1.10645584e-02 5.37657285e-02 0.0
-1.57991971e-02 6.15480226e-02 0.0
-2.10715441e-02 6.80200704e-02 0.0
-2.67826395e-02 7.32801795e-02 0.0
-3.28445395e-02 7.74248077e-02 0.0
-3.91780181e-02 8.05466998e-02 0.0
-4.57107553e-02 8.27339963e-02 0.0
-5.23763855e-02 8.40697378e-02 0.0
-5.91138218e-02 8.46315977e-02 0.0
-6.58670723e-02 8.44915927e-02 0.0
-7.25849916e-02 8.37158824e-02 0.0
-7.92212330e-02 8.23645415e-02 0.0
-8.57339671e-02 8.04915023e-02 0.0
-9.20856918e-02 7.81445398e-02 0.0
-9.82427947e-02 7.53654935e-02 0.0
-1.04175209e-01 7.21905431e-02 0.0
-1.09855881e-01 6.86507170e-02 0.0
-1.15260360e-01 6.47724083e-02 0.0
-1.20366277e-01 6.05780769e-02 0.0
-1.25152962e-01 5.60868937e-02 0.0
-1.29601008e-01 5.13155214e-02 0.0
-1.33691981e-01 4.62787841e-02 0.0
-1.37408110e-01 4.09904422e-02 0.0
-1.40732114e-01 3.54638238e-02 0.0
-1.43647034e-01 2.97125485e-02 0.0
-1.46136185e-01 2.37510934e-02 0.0
-1.48183132e-01 1.75954480e-02 0.0
-1.49771768e-01 1.12636039e-02 0.0
-1.50886425e-01 4.77613012e-03 0.0
-1.51512077e-01 -1.84342372e-03 0.0
-1.51634583e-01 -8.56804737e-03 0.0
-1.51240994e-01 -1.53669740e-02 0.0
-1.50319923e-01 -2.22053202e-02 0.0
-1.48861941e-01 -2.90439256e-02 0.0
-1.46860041e-01 -3.58391455e-02 0.0
-1.44310094e-01 -4.25428561e-02 0.0
-1.41211371e-01 -4.91024283e-02 0.0
-1.37567010e-01 -5.54609216e-02 0.0
-1.33384537e-01 -6.15572535e-02 0.0
-1.28676280e-01 -6.73265819e-02 0.0
-1.23459828e-01 -7.27006576e-02 0.0
-1.17758322e-01 -7.76083626e-02 0.0
-1.11600785e-01 -8.19761932e-02 0.0
-1.05022258e-01 -8.57288830e-02 0.0
-9.80639943e-02 -8.87899310e-02 0.0
-9.07734683e-02 -9.10822159e-02 0.0
-8.32045438e-02 -9.25284893e-02 0.0
-7.54175595e-02 -9.30519420e-02 0.0
-6.74797742e-02 -9.25767100e-02 0.0
-5.94659593e-02 -9.10285915e-02 0.0
-5.14596595e-02 -8.83360064e-02 0.0
-4.35548884e-02 -8.44316523e-02 0.0
-3.58587304e-02 -7.92551737e-02 0.0
-2.84943669e-02 -7.27575658e-02 0.0
-2.16045660e-02 -6.49078961e-02 0.0
-1.53543907e-02 -5.57030831e-02 0.0
-9.93216334e-03 -4.51809085e-02 0.0
-5.54633723e-03 -3.34357504e-02 0.0
-2.41667961e-03 -2.06349369e-02 0.0
-5.96827822e-04 -7.03198039e-03 0.0
-1.96978359e-04 8.45613515e-03 0.0
-1.36232189e-03 2.35370050e-02 0.0
-3.81795689e-03 3.68169186e-02 0.0
-7.22896745e-03 4.83644031e-02 0.0
-1.14423698e-02 5.82751115e-02 0.0
-1.63272493e-02 6.66582133e-02 0.0
-2.17714530e-02 7.36264950e-02 0.0
-2.76770439e-02 7.92905160e-02 0.0
-3.39564268e-02 8.37558375e-02 0.0
-4.05293556e-02 8.71221706e-02 0.0
-4.73213372e-02 8.94833461e-02 0.0
-5.42627571e-02 9.09275492e-02 0.0
-6.12888134e-02 9.15373979e-02 0.0
-6.83395368e-02 9.13898942e-02 0.0
-7.53600689e-02 9.05561673e-02 0.0
-8.23006651e-02 8.91012373e-02 0.0
-8.91167300e-02 8.70837554e-02 0.0
-9.57685080e-02 8.45559468e-02 0.0
-1.02220795e-01 8.15636403e-02 0.0
-1.08442379e-01 7.81465647e-02 0.0
-1.14405561e-01 7.43387242e-02 0.0
-1.20085509e-01 7.01690103e-02 0.0
-1.25459755e-01 6.56618230e-02 0.0
-1.30507596e-01 6.08378639e-02 0.0
-1.35209670e-01 5.57148654e-02 0.0
-1.39547494e-01 5.03084363e-02 0.0
-1.43503169e-01 4.46327942e-02 0.0
-1.47059073e-01 3.87015846e-02 0.0
-1.50197721e-01 3.25285608e-02 0.0
-1.52901622e-01 2.61283414e-02 0.0
-1.55153282e-01 1.95170167e-02 0.0
-1.56935233e-01 1.27128310e-02 0.0
-1.58230167e-01 5.73670502e-03 0.0
-1.59021134e-01 -1.38717036e-03 0.0
-1.59291809e-01 -8.63091118e-03 0.0
-1.59026841e-01 -1.59624597e-02 0.0
-1.58212250e-01 -2.33452896e-02 0.0
-1.56835912e-01 -3.07380728e-02 0.0
-1.54888057e-01 -3.80945511e-02 0.0
-1.52361866e-01 -4.53633916e-02 0.0
-1.49254025e-01 -5.24882619e-02 0.0
-1.45565376e-01 -5.94079080e-02 0.0
-1.41301472e-01 -6.60564577e-02 0.0
-1.36473194e-01 -7.23637315e-02 0.0
-1.31097212e-01 -7.82557653e-02 0.0
-1.25196481e-01 -8.36553234e-02 0.0
-1.18800506e-01 -8.84825801e-02 0.0
-1.11945630e-01 -9.26557427e-02 0.0
-1.04675046e-01 -9.60917676e-02 0.0
-9.70388663e-02 -9.87069426e-02 0.0
-8.90939468e-02 -1.00417471e-01 0.0
-8.09039059e-02 -1.01139858e-01 0.0
-7.25390964e-02 -1.00791269e-01 0.0
-6.40770834e-02 -9.92897501e-02 0.0
-5.56034888e-02 -9.65546397e-02 0.0
-4.72138694e-02 -9.25073167e-02 0.0
-3.90164972e-02 -8.70729554e-02 0.0
-3.11366061e-02 -8.01839646e-02 0.0
-2.37215302e-02 -7.17863088e-02 0.0
-1.69464239e-02 -6.18498972e-02 0.0
-1.10184616e-02 -5.03842384e-02 0.0
-6.17717666e-03 -3.74594966e-02 0.0
-2.68684362e-03 -2.32311557e-02 0.0
-6.56819694e-04 -7.96312964e-03 0.0
-2.10627522e-04 9.18251894e-03 0.0
-1.42243362e-03 2.55065584e-02 0.0
-3.95612694e-03 3.98367197e-02 0.0
-7.46715515e-03 5.22666766e-02 0.0
-1.17994501e-02 6.29185820e-02 0.0
-1.68239653e-02 7.19241939e-02 0.0
-2.24322137e-02 7.94130332e-02 0.0
-2.85295083e-02 8.55069392e-02 0.0
-3.50294893e-02 9.03188645e-02 0.0
-4.18509855e-02 9.39536636e-02 0.0
-4.89164902e-02 9.65094443e-02 0.0
-5.61521122e-02 9.80786061e-02 0.0
-6.34879772e-02 9.87483846e-02 0.0
-7.08590475e-02 9.86008314e-02 0.0
-7.82056525e-02 9.77125062e-02 0.0
-8.54739728e-02 9.61539612e-02 0.0
-9.26160391e-02 9.39893168e-02 0.0
-9.95896307e-02 9.12759156e-02 0.0
-1.06357769e-01 8.80642655e-02 0.0
-1.12888215e-01 8.43981425e-02 0.0
-1.19152705e-01 8.03149988e-02 0.0
-1.25126310e-01 7.58464743e-02 0.0
-1.30786654e-01 7.10191393e-02 0.0
-1.36113316e-01 6.58552451e-02 0.0
-1.41087180e-01 6.03736211e-02 0.0
-1.45689973e-01 5.45905011e-02 0.0
-1.49903805e-01 4.85204418e-02 0.0
-1.53710878e-01 4.21771237e-02 0.0
-1.57093220e-01 3.55742223e-02 0.0
-1.60032568e-01 2.87261422e-02 0.0
-1.62510293e-01 2.16488150e-02 0.0
-1.64507448e-01 1.43603531e-02 0.0
-1.66004880e-01 6.88176406e-03 0.0
-1.66983440e-01 -7.62487691e-04 0.0
-1.67424277e-01 -8.54386771e-03 0.0
-1.67309209e-01 -1.64293262e-02 0.0
-1.66621193e-01 -2.43808195e-02 0.0
-1.65344843e-01 -3.23550216e-02 0.0
-1.63467067e-01 -4.03030274e-02 0.0
-1.60977700e-01 -4.81702707e-02 0.0
-1.57870262e-01 -5.58964625e-02 0.0
-1.54142659e-01 -6.34157636e-02 0.0
-1.49797977e-01 -7.06569979e-02 0.0
-1.44845155e-01 -7.75441060e-02 0.0
-1.39299706e-01 -8.39966410e-02 0.0
-1.33184231e-01 -8.99304798e-02 0.0
-1.26528921e-01 -9.52585420e-02 0.0
-1.19371761e-01 -9.98916554e-02 0.0
-1.11758702e-01 -1.03739344e-01 0.0
-1.03743465e-01 -1.06710636e-01 0.0
-9.53873560e-02 -1.08714667e-01 0.0
-8.67587912e-02 -1.09661137e-01 0.0
-7.79330317e-02 -1.09460437e-01 0.0
-6.89919567e-02 -1.08023555e-01 0.0
-6.00245769e-02 -1.05261705e-01 0.0
-5.11283061e-02 -1.01086046e-01 0.0
-4.24119175e-02 -9.54079010e-02 0.0
-3.40002756e-02 -8.81404754e-02 0.0
-2.60415842e-02 -7.92034992e-02 0.0
-1.87163905e-02 -6.85329499e-02 0.0
-1.22472114e-02 -5.60982810e-02 0.0
-6.90471103e-03 -4.19292026e-02 0.0
-3.00495728e-03 -2.61515109e-02 0.0
-7.28897645e-04 -9.02619850e-03 0.0
-2.25306156e-04 9.93728821e-03 0.0
-1.48358991e-03 2.75407258e-02 0.0
-4.08950082e-03 4.29421827e-02 0.0
-7.68748249e-03 5.62702607e-02 0.0
-1.21216277e-02 6.76814851e-02 0.0
-1.72695138e-02 7.73337501e-02 0.0
-2.30307284e-02 8.53730075e-02 0.0
-2.93163014e-02 9.19299106e-02 0.0
-3.60419844e-02 9.71216446e-02 0.0
-4.31249338e-02 1.01055427e-01 0.0
-5.04832657e-02 1.03831624e-01 0.0
-5.80368930e-02 1.05545791e-01 0.0
-6.57091725e-02 1.06289468e-01 0.0
-7.34283293e-02 1.06150108e-01 0.0
-8.11287438e-02 1.05210390e-01 0.0
-8.87515584e-02 1.03547362e-01 0.0
-9.62449891e-02 1.01231570e-01 0.0
-1.03564027e-01 9.83264566e-02 0.0
-1.10669993e-01 9.48880000e-02 0.0
-1.17529704e-01 9.09647422e-02 0.0
-1.24114680e-01 8.65980499e-02 0.0
-1.30400164e-01 8.18227011e-02 0.0
-1.36364297e-01 7.66675846e-02 0.0
-1.41987243e-01 7.11566070e-02 0.0
-1.47250511e-01 6.53095936e-02 0.0
-1.52136285e-01 5.91433028e-02 0.0
-1.56626958e-01 5.26723557e-02 0.0
-1.60704694e-01 4.59102322e-02 0.0
-1.64351168e-01 3.88701458e-02 0.0
-1.67547354e-01 3.15659703e-02 0.0
-1.70273459e-01 2.40130349e-02 0.0
-1.72508921e-01 1.62289691e-02 0.0
-1.74232532e-01 8.23441071e-03 0.0
-1.75422646e-01 5.37595930e-05 0.0
-1.76057490e-01 -8.28421544e-03 0.0
-1.76115579e-01 -1.67457394e-02 0.0
-1.75576225e-01 -2.52915615e-02 0.0
-1.74420161e-01 -3.38764806e-02 0.0
-1.72630226e-01 -4.24490688e-02 0.0
-1.70192191e-01 -5.09514240e-02 0.0
-1.67095580e-01 -5.93191543e-02 0.0
-1.63334629e-01 -6.74814268e-02 0.0
-1.58909176e-01 -7.53612754e-02 0.0
-1.53825639e-01 -8.28759985e-02 0.0
-1.48097833e-01 -8.99378192e-02 0.0
-1.41747801e-01 -9.64546312e-02 0.0
-1.34806363e-01 -1.02330967e-01 0.0
-1.27313597e-01 -1.07468991e-01 0.0
-1.19318906e-01 -1.11769602e-01 0.0
-1.10880954e-01 -1.15133417e-01 0.0
-1.02067137e-01 -1.17461671e-01 0.0
-9.29529496e-02 -1.18656752e-01 0.0
-8.36210115e-02 -1.18622395e-01 0.0
-7.41603175e-02 -1.17263252e-01 0.0
-6.46656701e-02 -1.14483929e-01 0.0
-5.52382344e-02 -1.10187432e-01 0.0
-4.59875582e-02 -1.04273492e-01 0.0
-3.70364672e-02 -9.66375393e-02 0.0
-2.85294371e-02 -8.71720887e-02 0.0
-2.06455484e-02 -7.57733853e-02 0.0
-1.36148389e-02 -6.23576865e-02 0.0
-7.73478624e-03 -4.68923135e-02 0.0
-3.37786245e-03 -2.94450507e-02 0.0
-8.15737279e-04 -1.02480410e-02 0.0
-2.41813574e-04 1.07233108e-02 0.0
-1.54632791e-03 2.96364144e-02 0.0
-4.21332614e-03 4.61194304e-02 0.0
-7.87584309e-03 6.03535490e-02 0.0
-1.23846406e-02 7.25411881e-02 0.0
-1.76321337e-02 8.28694849e-02 0.0
-2.35317513e-02 9.14981743e-02 0.0
-3.00029921e-02 9.85616368e-02 0.0
-3.69634991e-02 1.04176198e-01 0.0
-4.43270409e-02 1.08447463e-01 0.0
-5.20046341e-02 1.11475622e-01 0.0
-5.99073801e-02 1.13358285e-01 0.0
-6.79493282e-02 1.14191330e-01 0.0
-7.60501181e-02 1.14068329e-01 0.0
-8.41366719e-02 1.13079282e-01 0.0
-9.21442908e-02 1.11309056e-01 0.0
-1.00016829e-01 1.08836005e-01 0.0
-1.07706473e-01 1.05730870e-01 0.0
-1.15172918e-01 1.02056171e-01 0.0
-1.22382451e-01 9.78659963e-02 0.0
-1.29306746e-01 9.32062541e-02 0.0
-1.35921773e-01 8.81152004e-02 0.0
-1.42206630e-01 8.26242736e-02 0.0
-1.48142590e-01 7.67590271e-02 0.0
-1.53712166e-01 7.05402245e-02 0.0
-1.58898410e-01 6.39849001e-02 0.0
-1.63684257e-01 5.71074931e-02 0.0
-1.68052089e-01 4.99208801e-02 0.0
-1.71983346e-01 4.24374486e-02 0.0
-1.75458318e-01 3.46700469e-02 0.0
-1.78456003e-01 2.66329712e-02 0.0
-1.80954113e-01 1.83428279e-02 0.0
-1.82929160e-01 9.81943375e-03 0.0
-1.84356674e-01 1.08658891e-03 0.0
-1.85211533e-01 -7.82711985e-03 0.0
-1.85468399e-01 -1.68876579e-02 0.0
-1.85102304e-01 -2.60548737e-02 0.0
-1.84089319e-01 -3.52820004e-02 0.0
-1.82407400e-01 -4.45151874e-02 0.0
-1.80037286e-01 -5.36932435e-02 0.0
-1.76963568e-01 -6.27474569e-02 0.0
-1.73175767e-01 -7.16016736e-02 0.0
-1.68669550e-01 -8.01725005e-02 0.0
-1.63447864e-01 -8.83698031e-02 0.0
-1.57522139e-01 -9.60973586e-02 0.0
-1.50913274e-01 -1.03253808e-01 0.0
-1.43652585e-01 -1.09733744e-01 0.0
-1.35782360e-01 -1.15429038e-01 0.0
-1.27356251e-01 -1.20230196e-01 0.0
-1.18439092e-01 -1.24027781e-01 0.0
-1.09106449e-01 -1.26713624e-01 0.0
-9.94435161e-02 -1.28181784e-01 0.0
-8.95437837e-02 -1.28328907e-01 0.0
-7.95072371e-02 -1.27053861e-01 0.0
-6.94388032e-02 -1.24256292e-01 0.0
-5.94471915e-02 -1.19834017e-01 0.0
-4.96454871e-02 -1.13679199e-01 0.0
-4.01544809e-02 -1.05673850e-01 0.0
-3.11111606e-02 -9.56860590e-02 0.0
-2.26841732e-02 -8.35702321e-02 0.0
-1.50982345e-02 -6.91774398e-02 0.0
-8.66511598e-03 -5.23856936e-02 0.0
-3.81173053e-03 -3.31619532e-02 0.0
-9.20602290e-04 -1.16614609e-02 0.0
-2.61695831e-04 1.15457966e-02 0.0
-1.61059389e-03 3.17863288e-02 0.0
-4.31694200e-03 4.93428895e-02 0.0
-8.00529345e-03 6.44809968e-02 0.0
-1.25467870e-02 7.74640801e-02 0.0
-1.78612343e-02 8.85085932e-02 0.0
-2.38830348e-02 9.77805541e-02 0.0
-3.05415024e-02 1.05409046e-01 0.0
-3.77541387e-02 1.11502023e-01 0.0
-4.54273685e-02 1.16158511e-01 0.0
-5.34610278e-02 1.19475937e-01 0.0
-6.17535044e-02 1.21553313e-01 0.0
-7.02065939e-02 1.22491468e-01 0.0
-7.87290202e-02 1.22391545e-01 0.0
-8.72389003e-02 1.21352646e-01 0.0
-9.56648167e-02 1.19469382e-01 0.0
-1.03946103e-01 1.16829667e-01 0.0
-1.12032196e-01 1.13513115e-01 0.0
-1.19881660e-01 1.09590012e-01 0.0
-1.27460753e-01 1.05120966e-01 0.0
-1.34742028e-01 1.00157044e-01 0.0
-1.41702798e-01 9.47404023e-02 0.0
-1.48323825e-01 8.89051569e-02 0.0
-1.54588040e-01 8.26785254e-02 0.0
-1.60479536e-01 7.60820080e-02 0.0
-1.65982633e-01 6.91326725e-02 0.0
-1.71081215e-01 6.18443674e-02 0.0
-1.75758121e-01 5.42289649e-02 0.0
-1.79994768e-01 4.62974900e-02 0.0
-1.83770832e-01 3.80612660e-02 0.0
-1.87064110e-01 2.95329426e-02 0.0
-1.89850465e-01 2.07275484e-02 0.0
-1.92103910e-01 1.16634324e-02 0.0
-1.93796811e-01 2.36323275e-03 0.0
-1.94900221e-01 -7.14526890e-03 0.0
-1.95384360e-01 -1.68282789e-02 0.0
-1.95219225e-01 -2.66452604e-02 0.0
-1.94375382e-01 -3.65482204e-02 0.0
-1.92824874e-01 -4.64811769e-02 0.0
-1.90542330e-01 -5.63796976e-02 0.0
-1.87506164e-01 -6.61706760e-02 0.0
-1.83699968e-01 -7.57722460e-02 0.0
-1.79113913e-01 -8.50939981e-02 0.0
-1.73746309e-01 -9.40373996e-02 0.0
-1.67605039e-01 -1.02496567e-01 0.0
-1.60709043e-01 -1.10359277e-01 0.0
-1.53089496e-01 -1.17508334e-01 0.0
-1.44790864e-01 -1.23823133e-01 0.0
-1.35871425e-01 -1.29181486e-01 0.0
-1.26403457e-01 -1.33461464e-01 0.0
-1.16472659e-01 -1.36543236e-01 0.0
-1.06177073e-01 -1.38310553e-01 0.0
-9.56251054e-02 -1.38651709e-01 0.0
-8.49330821e-02 -1.37459510e-01 0.0
-7.42221403e-02 -1.34629908e-01 0.0
-6.36153294e-02 -1.30058722e-01 0.0
-5.32353830e-02 -1.23636053e-01 0.0
-4.32052410e-02 -1.15238064e-01 0.0
-3.36536384e-02 -1.04716698e-01 0.0
-2.47305015e-02 -9.18896581e-02 0.0
-1.66371022e-02 -7.65373026e-02 0.0
-9.67527120e-03 -5.84207422e-02 0.0
-4.30920547e-03 -3.73463281e-02 0.0
-1.04767300e-03 -1.33067144e-02 0.0
-2.87087385e-04 1.24136369e-02 0.0
-1.67290308e-03 3.39722701e-02 0.0
-4.37452075e-03 5.25649420e-02 0.0
-8.02284866e-03 6.85956623e-02 0.0
-1.25354490e-02 8.24035585e-02 0.0
-1.78772132e-02 9.42253866e-02 0.0
-2.40090816e-02 1.04217501e-01 0.0
-3.08679459e-02 1.12489513e-01 0.0
-3.83650236e-02 1.19131362e-01 0.0
-4.63927388e-02 1.24230218e-01 0.0
-5.48335802e-02 1.27878842e-01 0.0
-6.35685534e-02 1.30177979e-01 0.0
-7.24836602e-02 1.31235130e-01 0.0
-8.14745973e-02 1.31161386e-01 0.0
-9.04493625e-02 1.30067599e-01 0.0
-9.93294869e-02 1.28060627e-01 0.0
-1.08049833e-01 1.25240220e-01 0.0
-1.16557708e-01 1.21696702e-01 0.0
-1.24811231e-01 1.17509593e-01 0.0
-1.32777597e-01 1.12747030e-01 0.0
-1.40431085e-01 1.07465937e-01 0.0
-1.47751301e-01 1.01712694e-01 0.0
-1.54721433e-01 9.55242285e-02 0.0
-1.61326847e-01 8.89292913e-02 0.0
-1.67553792e-01 8.19498963e-02 0.0
-1.73388433e-01 7.46027396e-02 0.0
-1.78815978e-01 6.69006485e-02 0.0
-1.83820087e-01 5.88539226e-02 0.0
-1.88382349e-01 5.04716668e-02 0.0
-1.92481974e-01 4.17630058e-02 0.0
-1.96095564e-01 3.27382999e-02 0.0
-1.99197045e-01 2.34102575e-02 0.0
-2.01757713e-01 1.37950667e-02 0.0
-2.03746419e-01 3.91343501e-03 0.0
-2.05129902e-01 -6.20834939e-03 0.0
-2.05873276e-01 -1.65374574e-02 0.0
-2.05940707e-01 -2.70335595e-02 0.0
-2.05296246e-01 -3.76480020e-02 0.0
-2.03904895e-01 -4.83230338e-02 0.0
-2.01733831e-01 -5.89912315e-02 0.0
-1.98753876e-01 -6.95750495e-02 0.0
-1.94941083e-01 -7.99866527e-02 0.0
-1.90278557e-01 -9.01279679e-02 0.0
-1.84758285e-01 -9.98911072e-02 0.0
-1.78383122e-01 -1.09159099e-01 0.0
-1.71168615e-01 -1.17807061e-01 0.0
-1.63144815e-01 -1.25703717e-01 0.0
-1.54357674e-01 -1.32713350e-01 0.0
-1.44870181e-01 -1.38698035e-01 0.0
-1.34762774e-01 -1.43520133e-01 0.0
-1.24133190e-01 -1.47044801e-01 0.0
-1.13095265e-01 -1.49142359e-01 0.0
-1.01776922e-01 -1.49690082e-01 0.0
-9.03169013e-02 -1.48573060e-01 0.0
-7.88606404e-02 -1.45683449e-01 0.0
-6.75551217e-02 -1.40917409e-01 0.0
-5.65436904e-02 -1.34168653e-01 0.0
-4.59617445e-02 -1.25317470e-01 0.0
-3.59366178e-02 -1.14213950e-01 0.0
-2.65968777e-02 -1.00655222e-01 0.0
-1.81016858e-02 -8.43602802e-02 0.0
-1.07043843e-02 -6.49568581e-02 0.0
-4.86156124e-03 -4.20190734e-02 0.0
-1.20133196e-03 -1.52326386e-02 0.0
-3.19402350e-04 1.33392684e-02 0.0
-1.71550474e-03 3.61477100e-02 0.0
-4.32195693e-03 5.56975999e-02 0.0
-7.82202180e-03 7.26114365e-02 0.0
-1.22245923e-02 8.73030052e-02 0.0
-1.75573017e-02 1.00000475e-01 0.0
-2.38055501e-02 1.10822601e-01 0.0
-3.09029810e-02 1.19840790e-01 0.0
-3.87426657e-02 1.27116940e-01 0.0
-4.71927253e-02 1.32722519e-01 0.0
-5.61108204e-02 1.36745591e-01 0.0
-6.53552905e-02 1.39290796e-01 0.0
-7.47932660e-02 1.40475527e-01 0.0
-8.43056456e-02 1.40424448e-01 0.0
-9.37898709e-02 1.39263678e-01 0.0
-1.03160575e-01 1.37115535e-01 0.0
-1.12349021e-01 1.34094270e-01 0.0
-1.21301383e-01 1.30303062e-01 0.0
-1.29976654e-01 1.25832209e-01 0.0
-1.38344146e-01 1.20758458e-01 0.0
-1.46381143e-01 1.15145188e-01 0.0
-1.54070579e-01 1.09043296e-01 0.0
-1.61399101e-01 1.02492486e-01 0.0
-1.68355296e-01 9.55228535e-02 0.0
-1.74928331e-01 8.81565296e-02 0.0
-1.81106747e-01 8.04093829e-02 0.0
-1.86877598e-01 7.22926250e-02 0.0
-1.92225692e-01 6.38143747e-02 0.0
-1.97133084e-01 5.49810974e-02 0.0
-2.01578658e-01 4.57990049e-02 0.0
-2.05537889e-01 3.62753520e-02 0.0
-2.08982696e-01 2.64197267e-02 0.0
-2.11881465e-01 1.62452672e-02 0.0
-2.14199189e-01 5.76989706e-03 0.0
-2.15897784e-01 -4.98250203e-03 0.0
-2.16936582e-01 -1.59809019e-02 0.0
-2.17273016e-01 -2.71860217e-02 0.0
-2.16863549e-01 -3.85492423e-02 0.0
-2.15664811e-01 -5.00116588e-02 0.0
-2.13635036e-01 -6.15032268e-02 0.0
-2.10735692e-01 -7.29421374e-02 0.0
-2.06933443e-01 -8.42343949e-02 0.0
-2.02202245e-01 -9.52737437e-02 0.0
-1.96525721e-01 -1.05941927e-01 0.0
-1.89899549e-01 -1.16109420e-01 0.0
-1.82333990e-01 -1.25636619e-01 0.0
-1.73856183e-01 -1.34375584e-01 0.0
-1.64512352e-01 -1.42172282e-01 0.0
-1.54369423e-01 -1.48869358e-01 0.0
-1.43516207e-01 -1.54309275e-01 0.0
-1.32063576e-01 -1.58337723e-01 0.0
-1.20143808e-01 -1.60806990e-01 0.0
-1.07908492e-01 -1.61578977e-01 0.0
-9.55252374e-02 -1.60527318e-01 0.0
-8.31726083e-02 -1.57537968e-01 0.0
-7.10336442e-02 -1.52507270e-01 0.0
-5.92875903e-02 -1.45336184e-01 0.0
-4.81007840e-02 -1.35918609e-01 0.0
-3.76179111e-02 -1.24120739e-01 0.0
-2.79589570e-02 -1.09747067e-01 0.0
-1.92337737e-02 -9.24887607e-02 0.0
-1.16021510e-02 -7.18572629e-02 0.0
-5.42550550e-03 -4.71381089e-02 0.0
-1.38267821e-03 -1.74935740e-02 0.0
-3.49679875e-04 1.43275819e-02 0.0
-1.67010935e-03 3.81951707e-02 0.0
-3.99937689e-03 5.85858873e-02 0.0
-7.19002112e-03 7.64138976e-02 0.0
-1.14003920e-02 9.21135362e-02 0.0
-1.67209204e-02 1.05843243e-01 0.0
-2.31386040e-02 1.17645837e-01 0.0
-3.05597320e-02 1.27536196e-01 0.0
-3.88404601e-02 1.35542041e-01 0.0
-4.78122668e-02 1.41719388e-01 0.0
-5.73002877e-02 1.46154952e-01 0.0
-6.71361714e-02 1.48961913e-01 0.0
-7.71662548e-02 1.50272602e-01 0.0
-8.72564827e-02 1.50230122e-01 0.0
-9.72943760e-02 1.48980274e-01 0.0
-1.07189125e-01 1.46664553e-01 0.0
-1.16869983e-01 1.43414723e-01 0.0
-1.26283887e-01 1.39349050e-01 0.0
-1.35392403e-01 1.34570191e-01 0.0
-1.44168695e-01 1.29164449e-01 0.0
-1.52594462e-01 1.23202159e-01 0.0
-1.60657321e-01 1.16738822e-01 0.0
-1.68348405e-01 1.09816773e-01 0.0
-1.75660487e-01 1.02467057e-01 0.0
-1.82586350e-01 9.47114402e-02 0.0
-1.89117577e-01 8.65643372e-02 0.0
-1.95243519e-01 7.80346894e-02 0.0
-2.00950565e-01 6.91276771e-02 0.0
-2.06221505e-01 5.98463585e-02 0.0
-2.11035121e-01 5.01931659e-02 0.0
-2.15365839e-01 4.01713730e-02 0.0
-2.19183564e-01 2.97864716e-02 0.0
-2.22453608e-01 1.90475703e-02 0.0
-2.25136798e-01 7.96874218e-03 0.0
-2.27189733e-01 -3.42958298e-03 0.0
-2.28565254e-01 -1.51192699e-02 0.0
-2.29213143e-01 -2.70631002e-02 0.0
-2.29081072e-01 -3.92134738e-02 0.0
-2.28115870e-01 -5.15111426e-02 0.0
-2.26265061e-01 -6.38841059e-02 0.0
-2.23478798e-01 -7.62466481e-02 0.0
-2.19712048e-01 -8.84986697e-02 0.0
-2.14927190e-01 -1.00525318e-01 0.0
-2.09096786e-01 -1.12197077e-01 0.0
-2.02206686e-01 -1.23370345e-01 0.0
-1.94259112e-01 -1.33888638e-01 0.0
-1.85275868e-01 -1.43584433e-01 0.0
-1.75301208e-01 -1.52281748e-01 0.0
-1.64404471e-01 -1.59799390e-01 0.0
-1.52681912e-01 -1.65954858e-01 0.0
-1.40257837e-01 -1.70568695e-01 0.0
-1.27284398e-01 -1.73469083e-01 0.0
-1.13940200e-01 -1.74496265e-01 0.0
-1.00427056e-01 -1.73506304e-01 0.0
-8.69651015e-02 -1.70373450e-01 0.0
-7.37855753e-02 -1.64990173e-01 0.0
-6.11213713e-02 -1.57263444e-01 0.0
-4.91944155e-02 -1.47105028e-01 0.0
-3.81998137e-02 -1.34411722e-01 0.0
-2.82869598e-02 -1.19027829e-01 0.0
-1.95448983e-02 -1.00675192e-01 0.0
-1.20200825e-02 -7.88272300e-02 0.0
-5.85476500e-03 -5.25100765e-02 0.0
-1.57146745e-03 -2.01247537e-02 0.0
-3.14919374e-04 1.53115076e-02 0.0
-1.29992716e-03 3.98360203e-02 0.0
-3.01772226e-03 6.09921287e-02 0.0
-5.71683765e-03 7.98974555e-02 0.0
-9.72163367e-03 9.68451960e-02 0.0
-1.51257479e-02 1.11836288e-01 0.0
-2.18604806e-02 1.24805282e-01 0.0
-2.97669260e-02 1.35704409e-01 0.0
-3.86434067e-02 1.44531131e-01 0.0
-4.82742605e-02 1.51333063e-01 0.0
-5.84480272e-02 1.56203179e-01 0.0
-6.89688340e-02 1.59270501e-01 0.0
-7.96635488e-02 1.60688947e-01 0.0
-9.03853089e-02 1.60625909e-01 0.0
-1.01014581e-01 1.59251804e-01 0.0
-1.11457937e-01 1.56731288e-01 0.0
-1.21645573e-01 1.53216651e-01 0.0
-1.31527751e-01 1.48843382e-01 0.0
-1.41071037e-01 1.43727845e-01 0.0
-1.50254383e-01 1.37966623e-01 0.0
-1.59065658e-01 1.31637225e-01 0.0
-1.67498466e-01 1.24799627e-01 0.0
-1.75549601e-01 1.17498396e-01 0.0
-1.83216861e-01 1.09764990e-01 0.0
-1.90497418e-01 1.01620145e-01 0.0
-1.97386441e-01 9.30761056e-02 0.0
-2.03876109e-01 8.41387577e-02 0.0
-2.09954753e-01 7.48095268e-02 0.0
-2.15606251e-01 6.50871794e-02 0.0
-2.20809498e-01 5.49694420e-02 0.0
-2.25538044e-01 4.44545954e-02 0.0
-2.29759804e-01 3.35429695e-02 0.0
-2.33436935e-01 2.22384844e-02 0.0
-2.36525837e-01 1.05501549e-02 0.0
-2.38977339e-01 -1.50632345e-03 0.0
-2.40737112e-01 -1.39070016e-02 0.0
-2.41746325e-01 -2.66180349e-02 0.0
-2.41942623e-01 -3.95940828e-02 0.0
-2.41261425e-01 -5.27767074e-02 0.0
-2.39637651e-01 -6.60929016e-02 0.0
-2.37007800e-01 -7.94537477e-02 0.0
-2.33312546e-01 -9.27533598e-02 0.0
-2.28499668e-01 -1.05868155e-01 0.0
-2.22527486e-01 -1.18656622e-01 0.0
-2.15368521e-01 -1.30959667e-01 0.0
-2.07013528e-01 -1.42601694e-01 0.0
-1.97475464e-01 -1.53392501e-01 0.0
-1.86793524e-01 -1.63130103e-01 0.0
-1.75036657e-01 -1.71604471e-01 0.0
-1.62306638e-01 -1.78602194e-01 0.0
-1.48740026e-01 -1.83911893e-01 0.0
-1.34509072e-01 -1.87330134e-01 0.0
-1.19820887e-01 -1.88667461e-01 0.0
-1.04915051e-01 -1.87753964e-01 0.0
-9.00590214e-02 -1.84443660e-01 0.0
-7.55416554e-02 -1.78616752e-01 0.0
-6.16641137e-02 -1.70178517e-01 0.0
-4.87279374e-02 -1.59053003e-01 0.0
-3.70179589e-02 -1.45168254e-01 0.0
-2.67762709e-02 -1.28425778e-01 0.0
-1.81596507e-02 -1.08635875e-01 0.0
-1.11803344e-02 -8.53706403e-02 0.0
-5.69528261e-03 -5.76170069e-02 0.0
-1.65008553e-03 -2.30236094e-02 0.0
8.83567558e-05 1.58575054e-02 0.0
1.69431959e-04 4.05134016e-02 0.0
-4.83230673e-04 6.26852338e-02 0.0
-2.68048514e-03 8.31007602e-02 0.0
-6.70912568e-03 1.01675379e-01 0.0
-1.25042252e-02 1.18205381e-01 0.0
-1.98600329e-02 1.32526803e-01 0.0
-2.85195328e-02 1.44548917e-01 0.0
-3.82129190e-02 1.54256584e-01 0.0
-4.86773425e-02 1.61702992e-01 0.0
-5.96686782e-02 1.66998467e-01 0.0
-7.09693543e-02 1.70296820e-01 0.0
-8.23928382e-02 1.71780961e-01 0.0
-9.37856202e-02 1.71648581e-01 0.0
-1.05026603e-01 1.70099539e-01 0.0
-1.16024793e-01 1.67325261e-01 0.0
-1.26715469e-01 1.63501161e-01 0.0
-1.37055795e-01 1.58781553e-01 0.0
-1.47020055e-01 1.53297405e-01 0.0
-1.56595259e-01 1.47155805e-01 0.0
-1.65777047e-01 1.40441304e-01 0.0
-1.74566344e-01 1.33217857e-01 0.0
-1.82966499e-01 1.25531666e-01 0.0
-1.90981128e-01 1.17413824e-01 0.0
-1.98612327e-01 1.08883287e-01 0.0
-2.05859382e-01 9.99492655e-02 0.0
-2.12717673e-01 9.06137839e-02 0.0
-2.19177885e-01 8.08735861e-02 0.0
-2.25225288e-01 7.07222533e-02 0.0
-2.30839197e-01 6.01517592e-02 0.0
-2.35992481e-01 4.91543440e-02 0.0
-2.40651208e-01 3.77239446e-02 0.0
-2.44774371e-01 2.58580398e-02 0.0
-2.48313777e-01 1.35591444e-02 0.0
-2.51214119e-01 8.36766285e-04 0.0
-2.53413261e-01 -1.22909411e-02 0.0
-2.54842838e-01 -2.57950742e-02 0.0
-2.55429163e-01 -3.96341896e-02 0.0
-2.55094590e-01 -5.37521438e-02 0.0
-2.53759280e-01 -6.80763266e-02 0.0
-2.51343544e-01 -8.25156897e-02 0.0
-2.47770670e-01 -9.69593303e-02 0.0
-2.42970395e-01 -1.11275129e-01 0.0
-2.36882830e-01 -1.25309191e-01 0.0
-2.29463012e-01 -1.38885683e-01 0.0
-2.20685712e-01 -1.51807779e-01 0.0
-2.10550642e-01 -1.63859365e-01 0.0
-1.99087523e-01 -1.74808121e-01 0.0
-1.86361055e-01 -1.84409618e-01 0.0
-1.72475112e-01 -1.92412848e-01 0.0
-1.57576128e-01 -1.98566682e-01 0.0
-1.41854918e-01 -2.02627366e-01 0.0
-1.25546951e-01 -2.04366247e-01 0.0
-1.08930416e-01 -2.03577425e-01 0.0
-9.23223829e-02 -2.00084146e-01 0.0
-7.60727306e-02 -1.93743179e-01 0.0
-6.05566204e-02 -1.84445647e-01 0.0
-4.61654833e-02 -1.72113102e-01 0.0
-3.32968833e-02 -1.56686660e-01 0.0
-2.23399950e-02 -1.38105885e-01 0.0
-1.36449328e-02 -1.16267398e-01 0.0
-7.43571304e-03 -9.09276129e-02 0.0
-3.57746310e-03 -6.14033076e-02 0.0
-1.09313123e-03 -2.54446507e-02 0.0
2.16375437e-03 6.96674507e-03 0.0
5.15794406e-03 2.10159082e-02 0.0
5.40314601e-03 3.45544424e-02 0.0
2.95596948e-03 4.71904682e-02 0.0
-1.86305520e-03 5.86675845e-02 0.0
-8.69117820e-03 6.88188055e-02 0.0
-1.71730182e-02 7.75454311e-02 0.0
-2.69687971e-02 8.48059404e-02 0.0
-3.77598068e-02 9.06083142e-02 0.0
-4.92538803e-02 9.50027895e-02 0.0
-6.11907330e-02 9.80738511e-02 0.0
-7.33457602e-02 9.99312949e-02 0.0
-8.55322309e-02 1.00700833e-01 0.0
-9.76011157e-02 1.00514976e-01 0.0
-1.09439161e-01 9.95049457e-02 0.0
-1.20965103e-01 9.77941863e-02 0.0
-1.32125038e-01 9.54937510e-02 0.0
-1.42887071e-01 9.26995635e-02 0.0
-1.53236190e-01 8.94913396e-02 0.0
-1.63169326e-01 8.59328017e-02 0.0
-1.72691229e-01 8.20728063e-02 0.0
-1.81810873e-01 7.79469983e-02 0.0
-1.90538738e-01 7.35797089e-02 0.0
-1.98884541e-01 6.89858606e-02 0.0
-2.06855628e-01 6.41727643e-02 0.0
-2.14455614e-01 5.91417217e-02 0.0
-2.21683405e-01 5.38894374e-02 0.0
-2.28532304e-01 4.84092410e-02 0.0
-2.34989326e-01 4.26921750e-02 0.0
-2.41034511e-01 3.67279789e-02 0.0
-2.46640366e-01 3.05060331e-02 0.0
-2.51771331e-01 2.40162912e-02 0.0
-2.56383370e-01 1.72502544e-02 0.0
-2.60423669e-01 1.02020015e-02 0.0
-2.63830527e-01 2.86931383e-03 0.0
-2.66533489e-01 -4.74510794e-03 0.0
-2.68453770e-01 -1.26323160e-02 0.0
-2.69505103e-01 -2.07756991e-02 0.0
-2.69594999e-01 -2.91494816e-02 0.0
-2.68626619e-01 -3.77171887e-02 0.0
-2.66501198e-01 -4.64301138e-02 0.0
-2.63121231e-01 -5.52258762e-02 0.0
-2.58394300e-01 -6.40271446e-02 0.0
-2.52237749e-01 -7.27406604e-02 0.0
-2.44583938e-01 -8.12566767e-02 0.0
-2.35386254e-01 -8.94489832e-02 0.0
-2.24625412e-01 -9.71756560e-02 0.0
-2.12316129e-01 -1.04280699e-01 0.0
-1.98513468e-01 -1.10596682e-01 0.0
-1.83318807e-01 -1.15948455e-01 0.0
-1.66884537e-01 -1.20157907e-01 0.0
-1.49417373e-01 -1.23049625e-01 0.0
-1.31179319e-01 -1.24457160e-01 0.0
-1.12486361e-01 -1.24229402e-01 0.0
-9.37042103e-02 -1.22236377e-01 0.0
-7.52417571e-02 -1.18373592e-01 0.0
-5.75424323e-02 -1.12563853e-01 0.0
-4.10754394e-02 -1.04755331e-01 0.0
-2.63289384e-02 -9.49144978e-02 0.0
-1.38103219e-02 -8.30122551e-02 0.0
-4.06106138e-03 -6.90008963e-02 0.0
2.30241991e-03 -5.27776853e-02 0.0
4.54248164e-03 -3.41257411e-02 0.0
2.26535167e-03 -1.26103761e-02 0.0
-1.87150682e-04 -1.64469995e-03 0.0
-8.47955888e-04 1.99609250e-03 0.0
-2.48423688e-03 6.96066074e-03 0.0
-5.70033225e-03 1.18110962e-02 0.0
-1.06804244e-02 1.61494100e-02 0.0
-1.73045686e-02 1.98622319e-02 0.0
-2.53411250e-02 2.29277914e-02 0.0
-3.45280293e-02 2.53623318e-02 0.0
-4.46055932e-02 2.72029272e-02 0.0
-5.53312595e-02 2.85004470e-02 0.0
-6.64867816e-02 2.93149778e-02 0.0
-7.78820748e-02 2.97120032e-02 0.0
-8.93566038e-02 2.97585008e-02 0.0
-1.00779301e-01 2.95195657e-02 0.0
-1.12046918e-01 2.90553301e-02 0.0
-1.23081546e-01 2.84189581e-02 0.0
-1.33827239e-01 2.76552191e-02 0.0
-1.44246453e-01 2.68002198e-02 0.0
-1.54316238e-01 2.58814820e-02 0.0
-1.64024756e-01 2.49188510e-02 0.0
-1.73367968e-01 2.39253058e-02 0.0
-1.82346872e-01 2.29082324e-02 0.0
-1.90965032e-01 2.18702643e-02 0.0
-1.99226635e-01 2.08103915e-02 0.0
-2.07134775e-01 1.97245013e-02 0.0
-2.14690130e-01 1.86061638e-02 0.0
-2.21889742e-01 1.74468553e-02 0.0
-2.28726052e-01 1.62364880e-02 0.0
-2.35185964e-01 1.49634428e-02 0.0
-2.41250067e-01 1.36149868e-02 0.0
-2.46891871e-01 1.21772678e-02 0.0
-2.52077178e-01 1.06357581e-02 0.0
-2.56763514e-01 8.97534165e-03 0.0
-2.60899730e-01 7.18089503e-03 0.0
-2.64425769e-01 5.23756931e-03 0.0
-2.67272676e-01 3.13159313e-03 0.0
-2.69362928e-01 8.50825013e-04 0.0
-2.70611121e-01 -1.61416601e-03 0.0
-2.70925161e-01 -4.26923821e-03 0.0
-2.70207948e-01 -7.11531195e-03 0.0
-2.68359751e-01 -1.01472258e-02 0.0
-2.65281206e-01 -1.33521706e-02 0.0
-2.60877161e-01 -1.67084118e-02 0.0
-2.55061194e-01 -2.01837563e-02 0.0
-2.47761020e-01 -2.37344706e-02 0.0
-2.38924473e-01 -2.73042174e-02 0.0
-2.28526172e-01 -3.08237126e-02 0.0
-2.16574376e-01 -3.42107676e-02 0.0
-2.03117999e-01 -3.73713749e-02 0.0
-1.88253028e-01 -4.02015372e-02 0.0
-1.72128180e-01 -4.25903585e-02 0.0
-1.54948856e-01 -4.44239995e-02 0.0
-1.36979189e-01 -4.55907258e-02 0.0
-1.18541271e-01 -4.59863828e-02 0.0
-1.00011626e-01 -4.55200905e-02 0.0
-8.18144024e-02 -4.41191207e-02 0.0
-6.44119222e-02 -4.17323160e-02 0.0
-4.82924706e-02 -3.83308018e-02 0.0
-3.39555477e-02 -3.39054532e-02 0.0
-2.18908348e-02 -2.84613788e-02 0.0
-1.25374479e-02 -2.20156159e-02 0.0
-6.17788050e-03 -1.46279853e-02 0.0
-2.65931679e-03 -6.60245980e-03 0.0
-7.75689172e-04 5.25360620e-04 0.0
-7.03546153e-04 -4.34897148e-04 0.0
-2.82039181e-03 3.88305777e-03 0.0
-6.15334470e-03 1.00429579e-02 0.0
-1.06023829e-02 1.63939723e-02 0.0
-1.63003712e-02 2.22446653e-02 0.0
-2.32348958e-02 2.73257074e-02 0.0
-3.12837541e-02 3.15498036e-02 0.0
-4.02705405e-02 3.49140940e-02 0.0
-5.00015671e-02 3.74598499e-02 0.0
-6.02863556e-02 3.92540836e-02 0.0
-7.09486840e-02 4.03793065e-02 0.0
-8.18319373e-02 4.09263455e-02 0.0
-9.28015393e-02 4.09884237e-02 0.0
-1.03745222e-01 4.06561661e-02 0.0
-1.14572263e-01 4.00135398e-02 0.0
-1.25211681e-01 3.91349555e-02 0.0
-1.35610110e-01 3.80835118e-02 0.0
-1.45729176e-01 3.69103841e-02 0.0
-1.55542961e-01 3.56550718e-02 0.0
-1.65035324e-01 3.43463332e-02 0.0
-1.74197532e-01 3.30034414e-02 0.0
-1.83025951e-01 3.16376230e-02 0.0
-1.91520112e-01 3.02534036e-02 0.0
-1.99680890e-01 2.88498468e-02 0.0
-2.07509017e-01 2.74215324e-02 0.0
-2.15003673e-01 2.59593663e-02 0.0
-2.22161327e-01 2.44511453e-02 0.0
-2.28974607e-01 2.28820164e-02 0.0
-2.35431334e-01 2.12347854e-02 0.0
-2.41513573e-01 1.94902197e-02 0.0
-2.47196803e-01 1.76273043e-02 0.0
-2.52449125e-01 1.56235851e-02 0.0
-2.57230594e-01 1.34555558e-02 0.0
-2.61492667e-01 1.10992064e-02 0.0
-2.65177826e-01 8.53069080e-03 0.0
-2.68219427e-01 5.72721292e-03 0.0
-2.70541828e-01 2.66808996e-03 0.0
-2.72060909e-01 -6.63927753e-04 0.0
-2.72684990e-01 -4.28112909e-03 0.0
-2.72316343e-01 -8.18905828e-03 0.0
-2.70853257e-01 -1.23845439e-02 0.0
-2.68192895e-01 -1.68535449e-02 0.0
-2.64234844e-01 -2.15689253e-02 0.0
-2.58885611e-01 -2.64882397e-02 0.0
-2.52063865e-01 -3.15517084e-02 0.0
-2.43706638e-01 -3.66805627e-02 0.0
-2.33776106e-01 -4.17760162e-02 0.0
-2.22267062e-01 -4.67191272e-02 0.0
-2.09214440e-01 -5.13718459e-02 0.0
-1.94700806e-01 -5.55795108e-02 0.0
-1.78862895e-01 -5.91749914e-02 0.0
-1.61896891e-01 -6.19845503e-02 0.0
-1.44061307e-01 -6.38352918e-02 0.0
-1.25677098e-01 -6.45638194e-02 0.0
-1.07123859e-01 -6.40254226e-02 0.0
-8.88318922e-02 -6.21028750e-02 0.0
-7.12690192e-02 -5.87138207e-02 0.0
-5.49215853e-02 -5.38160987e-02 0.0
-4.02667955e-02 -4.74117963e-02 0.0
-2.77313216e-02 -3.95551604e-02 0.0
-1.76249604e-02 -3.03815315e-02 0.0
-1.00396718e-02 -2.02068858e-02 0.0
-4.75625235e-03 -9.82551406e-03 0.0
-1.32056249e-03 -1.24926151e-03 0.0
-7.77098971e-04 1.36460193e-03 0.0
-3.42109955e-03 7.16327044e-03 0.0
-7.75595901e-03 1.44305857e-02 0.0
-1.32185914e-02 2.19180547e-02 0.0
-1.97096778e-02 2.89097080e-02 0.0
-2.71657190e-02 3.50512922e-02 0.0
-3.54889451e-02 4.01963756e-02 0.0
-4.45488956e-02 4.43143422e-02 0.0
-5.41988450e-02 4.74406713e-02 0.0
-6.42905109e-02 4.96498207e-02 0.0
-7.46835764e-02 5.10390773e-02 0.0
-8.52512889e-02 5.17176643e-02 0.0
-9.58829567e-02 5.17985079e-02 0.0
-1.06484829e-01 5.13917797e-02 0.0
-1.16979611e-01 5.05999002e-02 0.0
-1.27305482e-01 4.95140445e-02 0.0
-1.37414495e-01 4.82120318e-02 0.0
-1.47270926e-01 4.67575372e-02 0.0
-1.56849338e-01 4.52002990e-02 0.0
-1.66132792e-01 4.35771129e-02 0.0
-1.75110944e-01 4.19132179e-02 0.0
-1.83778381e-01 4.02239042e-02 0.0
-1.92132931e-01 3.85160415e-02 0.0
-2.00174229e-01 3.67894976e-02 0.0
-2.07902277e-01 3.50382741e-02 0.0
-2.15316228e-01 3.32514532e-02 0.0
-2.22413157e-01 3.14138664e-02 0.0
-2.29186997e-01 2.95066430e-02 0.0
-2.35627461e-01 2.75075803e-02 0.0
-2.41719078e-01 2.53915132e-02 0.0
-2.47440229e-01 2.31306254e-02 0.0
-2.52762284e-01 2.06948757e-02 0.0
-2.57648792e-01 1.80524761e-02 0.0
-2.62054782e-01 1.51705844e-02 0.0
-2.65926220e-01 1.20161426e-02 0.0
-2.69199639e-01 8.55701323e-03 0.0
-2.71802054e-01 4.76333721e-03 0.0
-2.73651172e-01 6.09252089e-04 0.0
-2.74656054e-01 -3.92512120e-03 0.0
-2.74718233e-01 -8.85131303e-03 0.0
-2.73733506e-01 -1.41698850e-02 0.0
-2.71594358e-01 -1.98675006e-02 0.0
-2.68193298e-01 -2.59138729e-02 0.0
-2.63426993e-01 -3.22586279e-02 0.0
-2.57201494e-01 -3.88283690e-02 0.0
-2.49438323e-01 -4.55241110e-02 0.0
-2.40081646e-01 -5.22194933e-02 0.0
-2.29106092e-01 -5.87600724e-02 0.0
-2.16525255e-01 -6.49641919e-02 0.0
-2.02400122e-01 -7.06257723e-02 0.0
-1.86847164e-01 -7.55194470e-02 0.0
-1.70044933e-01 -7.94081871e-02 0.0
-1.52238584e-01 -8.20534545e-02 0.0
-1.33740844e-01 -8.32274820e-02 0.0
-1.14928689e-01 -8.27270398e-02 0.0
-9.62341463e-02 -8.03876634e-02 0.0
-7.81285231e-02 -7.60974345e-02 0.0
-6.10983302e-02 -6.98100285e-02 0.0
-4.56119269e-02 -6.15589869e-02 0.0
-3.20752593e-02 -5.14800497e-02 0.0
-2.07799906e-02 -3.98582214e-02 0.0
-1.18641478e-02 -2.72312880e-02 0.0
-5.36126054e-03 -1.45873903e-02 0.0
-1.35725030e-03 -3.60504451e-03 0.0
-7.55608907e-04 3.21598657e-03 0.0
-3.56725860e-03 1.10862238e-02 0.0
-8.42287266e-03 1.96981341e-02 0.0
-1.45741112e-02 2.82644162e-02 0.0
-2.17315353e-02 3.62119072e-02 0.0
-2.97285055e-02 4.32021654e-02 0.0
-3.84332729e-02 4.90735681e-02 0.0
-4.77187927e-02 5.37827023e-02 0.0
-5.74583333e-02 5.73618944e-02 0.0
-6.75288729e-02 5.98909061e-02 0.0
-7.78156324e-02 6.14779302e-02 0.0
-8.82151038e-02 6.22461181e-02 0.0
-9.86367918e-02 6.23235422e-02 0.0
-1.09003542e-01 6.18355098e-02 0.0
-1.19251296e-01 6.08988561e-02 0.0
-1.29328150e-01 5.96179719e-02 0.0
-1.39193344e-01 5.80824772e-02 0.0
-1.48815909e-01 5.63662618e-02 0.0
-1.58173424e-01 5.45276834e-02 0.0
-1.67250576e-01 5.26105230e-02 0.0
-1.76037881e-01 5.06454596e-02 0.0
-1.84530283e-01 4.86517014e-02 0.0
-1.92725927e-01 4.66386449e-02 0.0
-2.00624855e-01 4.46073308e-02 0.0
-2.08227863e-01 4.25517127e-02 0.0
-2.15535302e-01 4.04596240e-02 0.0
-2.22546014e-01 3.83135593e-02 0.0
-2.29256215e-01 3.60912171e-02 0.0
-2.35658481e-01 3.37659647e-02 0.0
-2.41740694e-01 3.13071889e-02 0.0
-2.47485065e-01 2.86807036e-02 0.0
-2.52867152e-01 2.58491723e-02 0.0
-2.57854949e-01 2.27727162e-02 0.0
-2.62408038e-01 1.94096559e-02 0.0
-2.66476849e-01 1.57175519e-02 0.0
-2.70002082e-01 1.16544860e-02 0.0
-2.72914313e-01 7.18073974e-03 0.0
-2.75133920e-01 2.26080098e-03 0.0
-2.76571324e-01 -3.13416145e-03 0.0
-2.77127748e-01 -9.02345011e-03 0.0
-2.76696489e-01 -1.54135184e-02 0.0
-2.75164966e-01 -2.22943267e-02 0.0
-2.72417510e-01 -2.96353565e-02 0.0
-2.68339225e-01 -3.73815338e-02 0.0
-2.62820813e-01 -4.54491793e-02 0.0
-2.55764702e-01 -5.37223946e-02 0.0
-2.47092219e-01 -6.20501882e-02 0.0
-2.36752043e-01 -7.02449331e-02 0.0
-2.24729408e-01 -7.80826370e-02 0.0
-2.11055988e-01 -8.53057214e-02 0.0
-1.95819498e-01 -9.16287959e-02 0.0
-1.79172477e-01 -9.67479495e-02 0.0
-1.61338725e-01 -1.00353660e-01 0.0
-1.42616418e-01 -1.02147201e-01 0.0
-1.23375949e-01 -1.01859833e-01 0.0
-1.04051447e-01 -9.92738124e-02 0.0
-8.51242260e-02 -9.42440365e-02 0.0
-6.70979287e-02 -8.67198342e-02 0.0
-5.04653871e-02 -7.67680544e-02 0.0
-3.56710700e-02 -6.46019056e-02 0.0
-2.30788270e-02 -5.06238270e-02 0.0
-1.29702207e-02 -3.54900921e-02 0.0
-5.62011153e-03 -2.01815547e-02 0.0
-1.33634777e-03 -5.97631544e-03 0.0
-7.22833956e-04 5.01298723e-03 0.0
-3.57363155e-03 1.52702397e-02 0.0
-8.69012630e-03 2.54862546e-02 0.0
-1.52810956e-02 3.52185426e-02 0.0
-2.29448093e-02 4.40789681e-02 0.0
-3.14208706e-02 5.18081966e-02 0.0
-4.05226242e-02 5.82741288e-02 0.0
-5.01004039e-02 6.34455229e-02 0.0
-6.00251700e-02 6.73634723e-02 0.0
-7.01828417e-02 7.01176417e-02 0.0
-8.04726013e-02 7.18278253e-02 0.0
-9.08066262e-02 7.26298410e-02 0.0
-1.01109630e-01 7.26646419e-02 0.0
-1.11318360e-01 7.20700302e-02 0.0
-1.21380638e-01 7.09745158e-02 0.0
-1.31254475e-01 6.94931606e-02 0.0
-1.40906933e-01 6.77251049e-02 0.0
-1.50313166e-01 6.57526036e-02 0.0
-1.59455293e-01 6.36411639e-02 0.0
-1.68321460e-01 6.14405476e-02 0.0
-1.76904734e-01 5.91862072e-02 0.0
-1.85202165e-01 5.69009843e-02 0.0
-1.93213695e-01 5.45967401e-02 0.0
-2.00941212e-01 5.22758894e-02 0.0
-2.08387477e-01 4.99326404e-02 0.0
-2.15555164e-01 4.75540401e-02 0.0
-2.22445804e-01 4.51207161e-02 0.0
-2.29058810e-01 4.26074907e-02 0.0
-2.35390422e-01 3.99837950e-02 0.0
-2.41432711e-01 3.72140883e-02 0.0
-2.47172523e-01 3.42582166e-02 0.0
-2.52590465e-01 3.10719187e-02 0.0
-2.57659880e-01 2.76074118e-02 0.0
-2.62345862e-01 2.38142615e-02 0.0
-2.66604337e-01 1.96404619e-02 0.0
-2.70381230e-01 1.50339293e-02 0.0
-2.73611806e-01 9.94432950e-03 0.0
-2.76220197e-01 4.32543312e-03 0.0
-2.78119272e-01 -1.86209403e-03 0.0
-2.79210852e-01 -8.64729558e-03 0.0
-2.79386518e-01 -1.60450527e-02 0.0
-2.78528997e-01 -2.40516276e-02 0.0
-2.76514474e-01 -3.26398313e-02 0.0
-2.73215790e-01 -4.17538301e-02 0.0
-2.68506940e-01 -5.13039512e-02 0.0
-2.62268781e-01 -6.11617068e-02 0.0
-2.54396330e-01 -7.11556298e-02 0.0
-2.44807414e-01 -8.10684115e-02 0.0
-2.33452848e-01 -9.06361948e-02 0.0
-2.20327530e-01 -9.95507444e-02 0.0
-2.05482190e-01 -1.07465454e-01 0.0
-1.89034517e-01 -1.14005846e-01 0.0
-1.71178751e-01 -1.18785150e-01 0.0
-1.52191706e-01 -1.21424941e-01 0.0
-1.32433785e-01 -1.21580369e-01 0.0
-1.12342725e-01 -1.18968736e-01 0.0
-9.24191266e-02 -1.13399840e-01 0.0
-7.32030092e-02 -1.04806364e-01 0.0
-5.52435963e-02 -9.32734074e-02 0.0
-3.90671421e-02 -7.90672636e-02 0.0
-2.51541062e-02 -6.26636980e-02 0.0
-1.39428500e-02 -4.47700451e-02 0.0
-5.87956668e-03 -2.63149661e-02 0.0
-1.34678024e-03 -8.33686562e-03 0.0
-6.97231220e-04 6.75153919e-03 0.0
-3.54959304e-03 1.95533444e-02 0.0
-8.80441324e-03 3.15744924e-02 0.0
-1.56815127e-02 4.25984116e-02 0.0
-2.37231070e-02 5.24044563e-02 0.0
-3.26005200e-02 6.08362422e-02 0.0
-4.20734656e-02 6.78208529e-02 0.0
-5.19590628e-02 7.33622560e-02 0.0
-6.21126926e-02 7.75252261e-02 0.0
-7.24168753e-02 8.04178429e-02 0.0
-8.27751397e-02 8.21757587e-02 0.0
-9.31080820e-02 8.29489946e-02 0.0
-1.03350802e-01 8.28913422e-02 0.0
-1.13450703e-01 8.21520979e-02 0.0
-1.23365845e-01 8.08700151e-02 0.0
-1.33063373e-01 7.91691809e-02 0.0
-1.42518351e-01 7.71566831e-02 0.0
-1.51712601e-01 7.49216782e-02 0.0
-1.60633852e-01 7.25356449e-02 0.0
-1.69274802e-01 7.00533669e-02 0.0
-1.77632393e-01 6.75144432e-02 0.0
-1.85706946e-01 6.49449276e-02 0.0
-1.93501433e-01 6.23590156e-02 0.0
-2.01020599e-01 5.97605036e-02 0.0
-2.08270181e-01 5.71440834e-02 0.0
-2.15255987e-01 5.44963044e-02 0.0
-2.21983047e-01 5.17963703e-02 0.0
-2.28454646e-01 4.90166619e-02 0.0
-2.34671391e-01 4.61232039e-02 0.0
-2.40630186e-01 4.30759883e-02 0.0
-2.46323220e-01 3.98293886e-02 0.0
-2.51736883e-01 3.63325788e-02 0.0
-2.56850683e-01 3.25301944e-02 0.0
-2.61636143e-01 2.83631475e-02 0.0
-2.66055699e-01 2.37698336e-02 0.0
-2.70061664e-01 1.86876404e-02 0.0
-2.73595244e-01 1.30549967e-02 0.0
-2.76585734e-01 6.81386774e-03 0.0
-2.78949896e-01 -8.70740540e-05 0.0
-2.80591704e-01 -7.68871204e-03 0.0
-2.81402474e-01 -1.60169898e-02 0.0
-2.81261663e-01 -2.50778159e-02 0.0
-2.80038363e-01 -3.48512656e-02 0.0
-2.77593889e-01 -4.52853581e-02 0.0
-2.73785487e-01 -5.62894852e-02 0.0
-2.68471640e-01 -6.77279948e-02 0.0
-2.61518948e-01 -7.94143068e-02 0.0
-2.52811024e-01 -9.11064052e-02 0.0
-2.42259151e-01 -1.02504477e-01 0.0
-2.29814873e-01 -1.13251903e-01 0.0
-2.15483694e-01 -1.22940668e-01 0.0
-1.99339396e-01 -1.31122465e-01 0.0
-1.81537237e-01 -1.37326328e-01 0.0
-1.62324587e-01 -1.41083339e-01 0.0
-1.42046384e-01 -1.41957985e-01 0.0
-1.21143554e-01 -1.39584909e-01 0.0
-1.00142150e-01 -1.33708579e-01 0.0
-7.96331239e-02 -1.24222688e-01 0.0
-6.02440361e-02 -1.11205515e-01 0.0
-4.26082042e-02 -9.49473823e-02 0.0
-2.73396195e-02 -7.59651511e-02 0.0
-1.50249020e-02 -5.49945272e-02 0.0
-6.23759587e-03 -3.29410463e-02 0.0
-1.39875520e-03 -1.07595957e-02 0.0
-6.81665870e-04 8.44888945e-03 0.0
-3.53417048e-03 2.38793251e-02 0.0
-8.87981427e-03 3.78490024e-02 0.0
-1.59622578e-02 5.02834826e-02 0.0
-2.42977730e-02 6.10965428e-02 0.0
-3.35118003e-02 7.02356550e-02 0.0
-4.33190979e-02 7.77017523e-02 0.0
-5.35026292e-02 8.35505646e-02 0.0
-6.38961165e-02 8.78841238e-02 0.0
-7.43714540e-02 9.08385648e-02 0.0
-8.48295565e-02 9.25715123e-02 0.0
-9.51939571e-02 9.32507021e-02 0.0
-1.05405858e-01 9.30443829e-02 0.0
-1.15420545e-01 9.21137807e-02 0.0
-1.25204438e-01 9.06075119e-02 0.0
-1.34732998e-01 8.86579241e-02 0.0
-1.43988955e-01 8.63790350e-02 0.0
-1.52961120e-01 8.38659085e-02 0.0
-1.61643299e-01 8.11950187e-02 0.0
-1.70033577e-01 7.84254027e-02 0.0
-1.78133548e-01 7.56001563e-02 0.0
-1.85947746e-01 7.27481580e-02 0.0
-1.93482948e-01 6.98856729e-02 0.0
-2.00747594e-01 6.70178623e-02 0.0
-2.07751048e-01 6.41399675e-02 0.0
-2.14502925e-01 6.12383141e-02 0.0
-2.21012276e-01 5.82909858e-02 0.0
-2.27286799e-01 5.52683859e-02 0.0
-2.33331927e-01 5.21335726e-02 0.0
-2.39149909e-01 4.88426184e-02 0.0
-2.44738782e-01 4.53448883e-02 0.0
-2.50091316e-01 4.15834984e-02 0.0
-2.55193866e-01 3.74958497e-02 0.0
-2.60025196e-01 3.30145045e-02 0.0
-2.64555240e-01 2.80682999e-02 0.0
-2.68743851e-01 2.25839717e-02 0.0
-2.72539574e-01 1.64881876e-02 0.0
-2.75878454e-01 9.71026388e-03 0.0
-2.78683013e-01 2.18546550e-03 0.0
-2.80861397e-01 -6.14084802e-03 0.0
-2.82306922e-01 -1.53083512e-02 0.0
-2.82898043e-01 -2.53359425e-02 0.0
-2.82499097e-01 -3.62151866e-02 0.0
-2.80961892e-01 -4.79029238e-02 0.0
-2.78128617e-01 -6.03134093e-02 0.0
-2.73836195e-01 -7.33101583e-02 0.0
-2.67922664e-01 -8.66981913e-02 0.0
-2.60235649e-01 -1.00217294e-01 0.0
-2.50643463e-01 -1.13537486e-01 0.0
-2.39048599e-01 -1.26257883e-01 0.0
-2.25403691e-01 -1.37910630e-01 0.0
-2.09728910e-01 -1.47971446e-01 0.0
-1.92129864e-01 -1.55878425e-01 0.0
-1.72813645e-01 -1.61059993e-01 0.0
-1.52100844e-01 -1.62972226e-01 0.0
-1.30430182e-01 -1.61144062e-01 0.0
-1.08353527e-01 -1.55227395e-01 0.0
-8.65193709e-02 -1.45046974e-01 0.0
-6.56459090e-02 -1.30643708e-01 0.0
-4.64870834e-02 -1.12303788e-01 0.0
-2.97987729e-02 -9.05655925e-02 0.0
-1.63121683e-02 -6.61953704e-02 0.0
-6.71774321e-03 -4.01219071e-02 0.0
-1.48847881e-03 -1.33238098e-02 0.0
-6.75914888e-04 1.01249220e-02 0.0
-3.54190797e-03 2.82402520e-02 0.0
-8.97090800e-03 4.42627461e-02 0.0
-1.62261944e-02 5.82075055e-02 0.0
-2.48106251e-02 7.00925134e-02 0.0
-3.43177457e-02 7.99608896e-02 0.0
-4.44263487e-02 8.78924865e-02 0.0
-5.48879997e-02 9.40050903e-02 0.0
-6.55135717e-02 9.84487454e-02 0.0
-7.61608215e-02 1.01396628e-01 0.0
-8.67241964e-02 1.03035034e-01 0.0
-9.71263925e-02 1.03553893e-01 0.0
-1.07311840e-01 1.03138666e-01 0.0
-1.17241413e-01 1.01963891e-01 0.0
-1.26888532e-01 1.00188556e-01 0.0
-1.36236053e-01 9.79531105e-02 0.0
-1.45274133e-01 9.53780434e-02 0.0
-1.53998528e-01 9.25636240e-02 0.0
-1.62409517e-01 8.95906423e-02 0.0
-1.70510966e-01 8.65216843e-02 0.0
-1.78309753e-01 8.34028166e-02 0.0
-1.85815146e-01 8.02652775e-02 0.0
-1.93038365e-01 7.71271688e-02 0.0
-1.99992011e-01 7.39948578e-02 0.0
-2.06689589e-01 7.08642082e-02 0.0
-2.13144877e-01 6.77214454e-02 0.0
-2.19371326e-01 6.45438640e-02 0.0
-2.25381315e-01 6.13002337e-02 0.0
-2.31185408e-01 5.79511612e-02 0.0
-2.36791458e-01 5.44492800e-02 0.0
-2.42203689e-01 5.07395493e-02 0.0
-2.47421634e-01 4.67595343e-02 0.0
-2.52439010e-01 4.24399608e-02 0.0
-2.57242487e-01 3.77054189e-02 0.0
-2.61810354e-01 3.24755159e-02 0.0
-2.66111132e-01 2.66663615e-02 0.0
-2.70102089e-01 2.01926943e-02 0.0
-2.73727782e-01 1.29705432e-02 0.0
-2.76918566e-01 4.92073943e-03 0.0
-2.79589271e-01 -4.02682561e-03 0.0
-2.81638023e-01 -1.39278930e-02 0.0
-2.82945495e-01 -2.48176093e-02 0.0
-2.83374623e-01 -3.67031431e-02 0.0
-2.82771232e-01 -4.95553740e-02 0.0
-2.80965689e-01 -6.32995932e-02 0.0
-2.77776213e-01 -7.78056939e-02 0.0
-2.73014062e-01 -9.28781665e-02 0.0
-2.66491371e-01 -1.08246861e-01 0.0
-2.58031842e-01 -1.23559477e-01 0.0
-2.47484962e-01 -1.38377486e-01 0.0
-2.34743525e-01 -1.52177231e-01 0.0
-2.19764414e-01 -1.64358603e-01 0.0
-2.02591221e-01 -1.74263382e-01 0.0
-1.83377100e-01 -1.81205259e-01 0.0
-1.62404522e-01 -1.84512233e-01 0.0
-1.40098610e-01 -1.83580532e-01 0.0
-1.17029715e-01 -1.77936387e-01 0.0
-9.39024778e-02 -1.67299297e-01 0.0
-7.15298504e-02 -1.51637407e-01 0.0
-5.07945631e-02 -1.31204144e-01 0.0
-3.26029712e-02 -1.06545092e-01 0.0
-1.78389102e-02 -7.84664997e-02 0.0
-7.32244103e-03 -4.79616460e-02 0.0
-1.61173828e-03 -1.61008082e-02 0.0
-6.79345405e-04 1.17986563e-02 0.0
-3.57897461e-03 3.26506251e-02 0.0
-9.10570197e-03 5.08081260e-02 0.0
-1.65323370e-02 6.63440835e-02 0.0
-2.53501236e-02 7.93581989e-02 0.0
-3.51274954e-02 8.99797535e-02 0.0
-4.55133110e-02 9.83681072e-02 0.0
-5.62314187e-02 1.04709305e-01 0.0
-6.70707217e-02 1.09209491e-01 0.0
-7.78742010e-02 1.12086706e-01 0.0
-8.85281190e-02 1.13562352e-01 0.0
-9.89526267e-02 1.13853392e-01 0.0
-1.09093641e-01 1.13165750e-01 0.0
-1.18916436e-01 1.11689306e-01 0.0
-1.28400448e-01 1.09594411e-01 0.0
-1.37535504e-01 1.07029978e-01 0.0
-1.46318893e-01 1.04122798e-01 0.0
-1.54753440e-01 1.00977973e-01 0.0
-1.62846023e-01 9.76800318e-02 0.0
-1.70606686e-01 9.42945814e-02 0.0
-1.78047894e-01 9.08700940e-02 0.0
-1.85184096e-01 8.74397810e-02 0.0
-1.92031248e-01 8.40232261e-02 0.0
-1.98606481e-01 8.06278745e-02 0.0
-2.04927643e-01 7.72501312e-02 0.0
-2.11012902e-01 7.38762730e-02 0.0
-2.16880202e-01 7.04829907e-02 0.0
-2.22546720e-01 6.70378238e-02 0.0
-2.28028181e-01 6.34993350e-02 0.0
-2.33338127e-01 5.98173160e-02 0.0
-2.38487046e-01 5.59328777e-02 0.0
-2.43481416e-01 5.17787344e-02 0.0
-2.48322598e-01 4.72795346e-02 0.0
-2.53005623e-01 4.23525613e-02 0.0
-2.57517828e-01 3.69086605e-02 0.0
-2.61837356e-01 3.08537349e-02 0.0
-2.65931542e-01 2.40906759e-02 0.0
-2.69755163e-01 1.65220844e-02 0.0
-2.73248650e-01 8.05367481e-03 0.0
-2.76336224e-01 -1.40127892e-03 0.0
-2.78924160e-01 -1.19165522e-02 0.0
-2.80899156e-01 -2.35462872e-02 0.0
-2.82127156e-01 -3.63171472e-02 0.0
-2.82452686e-01 -5.02190455e-02 0.0
-2.81699259e-01 -6.51947110e-02 0.0
-2.79671065e-01 -8.11280723e-02 0.0
-2.76156760e-01 -9.78320760e-02 0.0
-2.70935780e-01 -1.15036462e-01 0.0
-2.63788199e-01 -1.32376832e-01 0.0
-2.54508579e-01 -1.49386484e-01 0.0
-2.42924661e-01 -1.65493448e-01 0.0
-2.28920695e-01 -1.80025334e-01 0.0
-2.12465100e-01 -1.92225317e-01 0.0
-1.93640355e-01 -2.01282077e-01 0.0
-1.72672331e-01 -2.06375913e-01 0.0
-1.49954142e-01 -2.06740858e-01 0.0
-1.26059391e-01 -2.01739621e-01 0.0
-1.01738979e-01 -1.90943638e-01 0.0
-7.78981963e-02 -1.74206410e-01 0.0
-5.55534589e-02 -1.51715109e-01 0.0
-3.57734931e-02 -1.24005637e-01 0.0
-1.96129433e-02 -9.19305292e-02 0.0
-8.04881117e-03 -5.65781915e-02 0.0
-1.76561022e-03 -1.91547577e-02 0.0
-6.91753802e-04 1.34882722e-02 0.0
-3.64895275e-03 3.71363634e-02 0.0
-9.30096246e-03 5.75011504e-02 0.0
-1.69176429e-02 7.46944095e-02 0.0
-2.59746911e-02 8.88827533e-02 0.0
-3.60164159e-02 1.00274351e-01 0.0
-4.66648167e-02 1.09107792e-01 0.0
-5.76186899e-02 1.15641675e-01 0.0
-6.86468934e-02 1.20144712e-01 0.0
-7.95783593e-02 1.22886524e-01 0.0
-9.02914198e-02 1.24129616e-01 0.0
-1.00703362e-01 1.24122689e-01 0.0
-1.10761360e-01 1.23095584e-01 0.0
-1.20434699e-01 1.21255732e-01 0.0
-1.29708739e-01 1.18786173e-01 0.0
-1.38580133e-01 1.15844809e-01 0.0
-1.47053459e-01 1.12564833e-01 0.0
-1.55138695e-01 1.09055879e-01 0.0
-1.62849630e-01 1.05405808e-01 0.0
-1.70202676e-01 1.01682685e-01 0.0
-1.77216221e-01 9.79369194e-02 0.0
-1.83910076e-01 9.42031931e-02 0.0
-1.90305189e-01 9.05022655e-02 0.0
-1.96423303e-01 8.68423720e-02 0.0
-2.02286722e-01 8.32204094e-02 0.0
-2.07917960e-01 7.96226899e-02 0.0
-2.13339416e-01 7.60255315e-02 0.0
-2.18572912e-01 7.23955005e-02 0.0
-2.23639199e-01 6.86896122e-02 0.0
-2.28557321e-01 6.48553152e-02 0.0
-2.33343902e-01 6.08305879e-02 0.0
-2.38012271e-01 5.65439725e-02 0.0
-2.42571472e-01 5.19148898e-02 0.0
-2.47025097e-01 4.68540657e-02 0.0
-2.51369952e-01 4.12644254e-02 0.0
-2.55594549e-01 3.50423033e-02 0.0
-2.59677389e-01 2.80793397e-02 0.0
-2.63585082e-01 2.02649379e-02 0.0
-2.67270248e-01 1.14896752e-02 0.0
-2.70669322e-01 1.64956769e-03 0.0
-2.73700192e-01 -9.34839806e-03 0.0
-2.76259900e-01 -2.15795470e-02 0.0
-2.78222391e-01 -3.50932114e-02 0.0
-2.79436711e-01 -4.99029491e-02 0.0
-2.79725781e-01 -6.59749889e-02 0.0
-2.78886414e-01 -8.32151857e-02 0.0
-2.76690996e-01 -1.01454522e-01 0.0
-2.72891892e-01 -1.20433944e-01 0.0
-2.67229312e-01 -1.39789361e-01 0.0
-2.59444067e-01 -1.59038677e-01 0.0
-2.49295989e-01 -1.77573116e-01 0.0
-2.36589135e-01 -1.94656359e-01 0.0
-2.21203491e-01 -2.09435410e-01 0.0
-2.03132332e-01 -2.20967777e-01 0.0
-1.82521827e-01 -2.28268640e-01 0.0
-1.59708098e-01 -2.30379955e-01 0.0
-1.35244111e-01 -2.26459178e-01 0.0
-1.09908617e-01 -2.15879912e-01 0.0
-8.46895617e-02 -1.98329909e-01 0.0
-6.07390004e-02 -1.73886854e-01 0.0
-3.93019624e-02 -1.43050851e-01 0.0
-2.16297736e-02 -1.06718018e-01 0.0
-8.89285376e-03 -6.60917301e-02 0.0
-1.94844747e-03 -2.25452654e-02 0.0
-7.13288840e-04 1.52118862e-02 0.0
-3.75531266e-03 4.17305542e-02 0.0
-9.56945567e-03 6.43731366e-02 0.0
-1.74092843e-02 8.32789674e-02 0.0
-2.67271221e-02 9.86731251e-02 0.0
-3.70403918e-02 1.10839027e-01 0.0
-4.79442734e-02 1.20095460e-01 0.0
-5.91141768e-02 1.26777856e-01 0.0
-7.03007250e-02 1.31223364e-01 0.0
-8.13206769e-02 1.33759380e-01 0.0
-9.20457851e-02 1.34695027e-01 0.0
-1.02391715e-01 1.34315259e-01 0.0
-1.12307692e-01 1.32877105e-01 0.0
-1.21767817e-01 1.30607800e-01 0.0
-1.30763874e-01 1.27704334e-01 0.0
-1.39299936e-01 1.24334242e-01 0.0
-1.47388230e-01 1.20637166e-01 0.0
-1.55046360e-01 1.16727066e-01 0.0
-1.62295292e-01 1.12694646e-01 0.0
-1.69158172e-01 1.08609937e-01 0.0
-1.75659471e-01 1.04524682e-01 0.0
-1.81824584e-01 1.00474575e-01 0.0
-1.87679478e-01 9.64810720e-02 0.0
-1.93250557e-01 9.25529432e-02 0.0
-1.98564447e-01 8.86873376e-02 0.0
-2.03647877e-01 8.48706223e-02 0.0
-2.08527418e-01 8.10787918e-02 0.0
-2.13229243e-01 7.72777596e-02 0.0
-2.17778742e-01 7.34233400e-02 0.0
-2.22200085e-01 6.94612553e-02 0.0
-2.26515630e-01 6.53269771e-02 0.0
-2.30745227e-01 6.09457535e-02 0.0
-2.34905344e-01 5.62326317e-02 0.0
-2.39008034e-01 5.10928425e-02 0.0
-2.43059694e-01 4.54223676e-02 0.0
-2.47059607e-01 3.91090734e-02 0.0
-2.50998250e-01 3.20342538e-02 0.0
-2.54855328e-01 2.40749918e-02 0.0
-2.58597560e-01 1.51072158e-02 0.0
-2.62176156e-01 5.00989067e-03 0.0
-2.65524082e-01 -6.32973587e-03 0.0
-2.68553038e-01 -1.90093601e-02 0.0
-2.71150399e-01 -3.31033657e-02 0.0
-2.73176090e-01 -4.86526073e-02 0.0
-2.74459880e-01 -6.56522992e-02 0.0
-2.74799310e-01 -8.40376479e-02 0.0
-2.73959112e-01 -1.03667515e-01 0.0
-2.71672812e-01 -1.24306202e-01 0.0
-2.67647964e-01 -1.45604384e-01 0.0
-2.61576270e-01 -1.67080454e-01 0.0
-2.53150567e-01 -1.88104987e-01 0.0
-2.42089989e-01 -2.07891795e-01 0.0
-2.28174695e-01 -2.25500795e-01 0.0
-2.11289595e-01 -2.39858544e-01 0.0
-1.91475064e-01 -2.49802810e-01 0.0
-1.68978878e-01 -2.54155609e-01 0.0
-1.44301059e-01 -2.51825248e-01 0.0
-1.18219898e-01 -2.41930426e-01 0.0
-9.17879477e-02 -2.23930336e-01 0.0
-6.62895097e-02 -1.97735372e-01 0.0
-4.31600048e-02 -1.63768831e-01 0.0
-2.38778252e-02 -1.22954372e-01 0.0
-9.85046962e-03 -7.66196259e-02 0.0
-2.15926183e-03 -2.63293103e-02 0.0
-7.44713634e-04 1.69885244e-02 0.0
-3.90253384e-03 4.64724045e-02 0.0
-9.92406774e-03 7.14669876e-02 0.0
-1.80316956e-02 9.21326059e-02 0.0
-2.76439939e-02 1.08749666e-01 0.0
-3.82455187e-02 1.21677333e-01 0.0
-4.94026281e-02 1.31318207e-01 0.0
-6.07676590e-02 1.38090113e-01 0.0
-7.20749438e-02 1.42405020e-01 0.0
-8.31314087e-02 1.44654229e-01 0.0
-9.38048654e-02 1.45198840e-01 0.0
-1.04011615e-01 1.44364230e-01 0.0
-1.13705079e-01 1.42437686e-01 0.0
-1.22865799e-01 1.39668184e-01 0.0
-1.31493469e-01 1.36267807e-01 0.0
-1.39600614e-01 1.32414111e-01 0.0
-1.47208070e-01 1.28253189e-01 0.0
-1.54341670e-01 1.23902921e-01 0.0
-1.61030144e-01 1.19456352e-01 0.0
-1.67303665e-01 1.14984792e-01 0.0
-1.73193094e-01 1.10540721e-01 0.0
-1.78729463e-01 1.06160189e-01 0.0
-1.83943816e-01 1.01864882e-01 0.0
-1.88867060e-01 9.76636357e-02 0.0
-1.93529978e-01 9.35536370e-02 0.0
-1.97963152e-01 8.95211140e-02 0.0
-2.02196951e-01 8.55418299e-02 0.0
-2.06261383e-01 8.15811708e-02 0.0
-2.10185938e-01 7.75941777e-02 0.0
-2.13999290e-01 7.35253092e-02 0.0
-2.17728924e-01 6.93082995e-02 0.0
-2.21400596e-01 6.48658985e-02 0.0
-2.25037664e-01 6.01098704e-02 0.0
-2.28660215e-01 5.49410429e-02 0.0
-2.32283991e-01 4.92498007e-02 0.0
-2.35919072e-01 4.29168309e-02 0.0
-2.39568276e-01 3.58145375e-02 0.0
-2.43225258e-01 2.78089609e-02 0.0
-2.46872244e-01 1.87626545e-02 0.0
-2.50477408e-01 8.53839965e-03 0.0
-2.53991799e-01 -2.99574401e-03 0.0
-2.57345911e-01 -1.59601039e-02 0.0
-2.60445774e-01 -3.04552223e-02 0.0
-2.63168839e-01 -4.65518240e-02 0.0
-2.65359631e-01 -6.42783341e-02 0.0
-2.66825744e-01 -8.36059105e-02 0.0
-2.67334521e-01 -1.04430517e-01 0.0
-2.66611591e-01 -1.26552281e-01 0.0
-2.64342311e-01 -1.49652292e-01 0.0
-2.60178233e-01 -1.73268182e-01 0.0
-2.53750578e-01 -1.96770490e-01 0.0
-2.44693559e-01 -2.19343768e-01 0.0
-2.32679598e-01 -2.39977966e-01 0.0
-2.17468022e-01 -2.57477944e-01 0.0
-1.98965905e-01 -2.70499961e-01 0.0
-1.77296658e-01 -2.77623802e-01 0.0
-1.52866389e-01 -2.77465066e-01 0.0
-1.26413968e-01 -2.68824120e-01 0.0
-9.90273240e-02 -2.50855175e-01 0.0
-7.21115851e-02 -2.23224657e-01 0.0
-4.73031932e-02 -1.86217401e-01 0.0
-2.63404773e-02 -1.40750664e-01 0.0
-1.09174415e-02 -8.82737016e-02 0.0
-2.39765064e-03 -3.05624947e-02 0.0
-7.87303596e-04 1.88392427e-02 0.0
-4.09705415e-03 5.14079682e-02 0.0
-1.03803207e-02 7.88362470e-02 0.0
-1.88114384e-02 1.01302125e-01 0.0
-2.87619099e-02 1.19142958e-01 0.0
-3.96751281e-02 1.32798835e-01 0.0
-5.10846407e-02 1.42763386e-01 0.0
-6.26194397e-02 1.49544833e-01 0.0
-7.39993986e-02 1.53637620e-01 0.0
-8.50248931e-02 1.55503674e-01 0.0
-9.55633311e-02 1.55561383e-01 0.0
-1.05535314e-01 1.54180522e-01 0.0
-1.14901581e-01 1.51681234e-01 0.0
-1.23651935e-01 1.48335828e-01 0.0
-1.31796119e-01 1.44372140e-01 0.0
-1.39356945e-01 1.39977878e-01 0.0
-1.46365120e-01 1.35305190e-01 0.0
-1.52855773e-01 1.30475318e-01 0.0
-1.58866031e-01 1.25582837e-01 0.0
-1.64433626e-01 1.20699579e-01 0.0
-1.69596007e-01 1.15877904e-01 0.0
-1.74389998e-01 1.11153531e-01 0.0
-1.78851605e-01 1.06547669e-01 0.0
-1.83016090e-01 1.02068752e-01 0.0
-1.86918023e-01 9.77135485e-02 0.0
-1.90591446e-01 9.34679807e-02 0.0
-1.94069941e-01 8.93074417e-02 0.0
-1.97386734e-01 8.51969699e-02 0.0
-2.00574666e-01 8.10910541e-02 0.0
-2.03666140e-01 7.69334483e-02 0.0
-2.06692915e-01 7.26567601e-02 0.0
-2.09685814e-01 6.81822013e-02 0.0
-2.12674253e-01 6.34192660e-02 0.0
-2.15685600e-01 5.82657375e-02 0.0
-2.18744326e-01 5.26077984e-02 0.0
-2.21870886e-01 4.63206647e-02 0.0
-2.25080330e-01 3.92695390e-02 0.0
-2.28380534e-01 3.13113328e-02 0.0
-2.31770072e-01 2.22969896e-02 0.0
-2.35235564e-01 1.20749016e-02 0.0
-2.38748558e-01 4.95317955e-04 0.0
-2.42261742e-01 -1.25836970e-02 0.0
-2.45704585e-01 -2.72887518e-02 0.0
-2.48978250e-01 -4.37213996e-02 0.0
-2.51950005e-01 -6.19460512e-02 0.0
-2.54447172e-01 -8.19747588e-02 0.0
-2.56251267e-01 -1.03748646e-01 0.0
-2.57092900e-01 -1.27115306e-01 0.0
-2.56649014e-01 -1.51802297e-01 0.0
-2.54544167e-01 -1.77386972e-01 0.0
-2.50358910e-01 -2.03264489e-01 0.0
-2.43648416e-01 -2.28617165e-01 0.0
-2.33975489e-01 -2.52391348e-01 0.0
-2.20960906e-01 -2.73290619e-01 0.0
-2.04352679e-01 -2.89797536e-01 0.0
-1.84110941e-01 -3.00237126e-01 0.0
-1.60499536e-01 -3.02893339e-01 0.0
-1.34166939e-01 -2.96180796e-01 0.0
-1.06193666e-01 -2.78858355e-01 0.0
-7.80818457e-02 -2.50248987e-01 0.0
-5.16726222e-02 -2.10410645e-01 0.0
-2.89965865e-02 -1.60196140e-01 0.0
-1.20894655e-02 -1.01158359e-01 0.0
-2.66346993e-03 -3.52998821e-02 0.0
-8.43201383e-04 2.07885132e-02 0.0
-4.34808937e-03 5.65921097e-02 0.0
-1.09587565e-02 8.65460620e-02 0.0
-1.97808667e-02 1.10845568e-01 0.0
-3.01224428e-02 1.29891602e-01 0.0
-4.13747587e-02 1.44215772e-01 0.0
-5.30334169e-02 1.54414677e-01 0.0
-6.47032952e-02 1.61098284e-01 0.0
-7.60923840e-02 1.64853290e-01 0.0
-8.69986738e-02 1.66219869e-01 0.0
-9.72942297e-02 1.65679272e-01 0.0
-1.06908792e-01 1.63649276e-01 0.0
-1.15814969e-01 1.60485028e-01 0.0
-1.24015526e-01 1.56483057e-01 0.0
-1.31533407e-01 1.51887095e-01 0.0
-1.38404017e-01 1.46894484e-01 0.0
-1.44669805e-01 1.41662680e-01 0.0
-1.50376414e-01 1.36315230e-01 0.0
-1.55570317e-01 1.30947229e-01 0.0
-1.60297291e-01 1.25629904e-01 0.0
-1.64601717e-01 1.20414541e-01 0.0
-1.68526212e-01 1.15335540e-01 0.0
-1.72111672e-01 1.10412892e-01 0.0
-1.75397385e-01 1.05653894e-01 0.0
-1.78421324e-01 1.01054450e-01 0.0
-1.81220397e-01 9.65997495e-02 0.0
-1.83830766e-01 9.22647147e-02 0.0
-1.86288067e-01 8.80139708e-02 0.0
-1.88627643e-01 8.38017420e-02 0.0
-1.90884645e-01 7.95714197e-02 0.0
-1.93094101e-01 7.52552038e-02 0.0
-1.95290820e-01 7.07735604e-02 0.0
-1.97509193e-01 6.60349036e-02 0.0
-1.99782809e-01 6.09352483e-02 0.0
-2.02143868e-01 5.53582559e-02 0.0
-2.04622350e-01 4.91754329e-02 0.0
-2.07244879e-01 4.22469245e-02 0.0
-2.10033237e-01 3.44226902e-02 0.0
-2.13002426e-01 2.55445355e-02 0.0
-2.16158238e-01 1.54488344e-02 0.0
-2.19494161e-01 3.97047319e-03 0.0
-2.22987603e-01 -9.05205828e-03 0.0
-2.26595195e-01 -2.37697916e-02 0.0
-2.30247201e-01 -4.03145294e-02 0.0
-2.33840821e-01 -5.87873924e-02 0.0
-2.37232602e-01 -7.92443188e-02 0.0
-2.40230002e-01 -1.01677448e-01 0.0
-2.42582904e-01 -1.25991829e-01 0.0
-2.43976003e-01 -1.51976427e-01 0.0
-2.44024238e-01 -1.79269327e-01 0.0
-2.42274005e-01 -2.07317505e-01 0.0
-2.38214657e-01 -2.35333877e-01 0.0
-2.31305292e-01 -2.62256824e-01 0.0
-2.21022794e-01 -2.86722126e-01 0.0
-2.06935218e-01 -3.07061743e-01 0.0
-1.88801267e-01 -3.21348525e-01 0.0
-1.66688372e-01 -3.27506167e-01 0.0
-1.41091807e-01 -3.23497064e-01 0.0
-1.13025188e-01 -3.07581923e-01 0.0
-8.40472064e-02 -2.78615172e-01 0.0
-5.61951772e-02 -2.36305673e-01 0.0
-3.18209579e-02 -1.81351335e-01 0.0
-1.33621971e-02 -1.15369024e-01 0.0
-2.95702412e-03 -4.05967114e-02 0.0
-9.15496653e-04 2.28660314e-02 0.0
-4.66885840e-03 6.20916710e-02 0.0
-1.16872828e-02 9.46756132e-02 0.0
-2.09818531e-02 1.20832728e-01 0.0
-3.17761916e-02 1.41040395e-01 0.0
-4.33961029e-02 1.55939254e-01 0.0
-5.52929954e-02 1.66246801e-01 0.0
-6.70474715e-02 1.72690579e-01 0.0
-7.83592891e-02 1.75961973e-01 0.0
-8.90300981e-02 1.76688365e-01 0.0
-9.89432730e-02 1.75419593e-01 0.0
-1.08044361e-01 1.72624699e-01 0.0
-1.16323616e-01 1.68695137e-01 0.0
-1.23801762e-01 1.63951761e-01 0.0
-1.30518774e-01 1.58653398e-01 0.0
-1.36525721e-01 1.53005860e-01 0.0
-1.41878907e-01 1.47170405e-01 0.0
-1.46636093e-01 1.41271432e-01 0.0
-1.50854032e-01 1.35403006e-01 0.0
-1.54587191e-01 1.29634405e-01 0.0
-1.57887074e-01 1.24014498e-01 0.0
-1.60802137e-01 1.18575295e-01 0.0
-1.63377896e-01 1.13334513e-01 0.0
-1.65657313e-01 1.08297564e-01 0.0
-1.67681184e-01 1.03458755e-01 0.0
-1.69488649e-01 9.88021498e-02 0.0
-1.71117625e-01 9.43018294e-02 0.0
-1.72605289e-01 8.99219947e-02 0.0
-1.73988460e-01 8.56166383e-02 0.0
-1.75303966e-01 8.13292081e-02 0.0
-1.76588903e-01 7.69919851e-02 0.0
-1.77880824e-01 7.25255961e-02 0.0
-1.79217786e-01 6.78383802e-02 0.0
-1.80638259e-01 6.28260385e-02 0.0
-1.82180849e-01 5.73712907e-02 0.0
-1.83883776e-01 5.13439832e-02 0.0
-1.85784088e-01 4.46013888e-02 0.0
-1.87916492e-01 3.69891611e-02 0.0
-1.90311785e-01 2.83427167e-02 0.0
-1.92994696e-01 1.84895428e-02 0.0
-1.95981109e-01 7.25226507e-03 0.0
-1.99274406e-01 -5.54694989e-03 0.0
-2.02860865e-01 -2.00806914e-02 0.0
-2.06703778e-01 -3.65085580e-02 0.0
-2.10736241e-01 -5.49671317e-02 0.0
-2.14852297e-01 -7.55565988e-02 0.0
-2.18896600e-01 -9.83233266e-02 0.0
-2.22652668e-01 -1.23236849e-01 0.0
-2.25830721e-01 -1.50160128e-01 0.0
-2.28056517e-01 -1.78811474e-01 0.0
-2.28864342e-01 -2.08717653e-01 0.0
-2.27698486e-01 -2.39158826e-01 0.0
-2.23930061e-01 -2.69109564e-01 0.0
-2.16896983e-01 -2.97184869e-01 0.0
-2.05975785e-01 -3.21607687e-01 0.0
-1.90690376e-01 -3.40221862e-01 0.0
-1.70855704e-01 -3.50580326e-01 0.0
-1.46739938e-01 -3.50135174e-01 0.0
-1.19211816e-01 -3.36538499e-01 0.0
-8.98240563e-02 -3.08024291e-01 0.0
-6.07837077e-02 -2.63788892e-01 0.0
-3.47848246e-02 -2.04241189e-01 0.0
-1.47318085e-02 -1.30990925e-01 0.0
-3.27902418e-03 -4.65092431e-02 0.0
-1.00881459e-03 2.51092063e-02 0.0
-5.07811810e-03 6.79900321e-02 0.0
-1.26043614e-02 1.03321941e-01 0.0
-2.24696969e-02 1.31346334e-01 0.0
-3.37868134e-02 1.52638281e-01 0.0
-4.57996697e-02 1.67974180e-01 0.0
-5.79091435e-02 1.78218294e-01 0.0
-6.96726622e-02 1.84237139e-01 0.0
-8.07879344e-02 1.86842570e-01 0.0
-9.10687266e-02 1.86759443e-01 0.0
-1.00418982e-01 1.84612027e-01 0.0
-1.08808599e-01 1.80923059e-01 0.0
-1.16253034e-01 1.76120564e-01 0.0
-1.22796977e-01 1.70548525e-01 0.0
-1.28502235e-01 1.64479014e-01 0.0
-1.33438971e-01 1.58124042e-01 0.0
-1.37679894e-01 1.51646455e-01 0.0
-1.41296465e-01 1.45169265e-01 0.0
-1.44356786e-01 1.38783564e-01 0.0
-1.46924460e-01 1.32554816e-01 0.0
-1.49058298e-01 1.26527950e-01 0.0
-1.50812382e-01 1.20731135e-01 0.0
-1.52236514e-01 1.15178714e-01 0.0
-1.53376733e-01 1.09873153e-01 0.0
-1.54276003e-01 1.04806464e-01 0.0
-1.54974843e-01 9.99609059e-02 0.0
-1.55512040e-01 9.53094084e-02 0.0
-1.55925263e-01 9.08154685e-02 0.0
-1.56251713e-01 8.64329524e-02 0.0
-1.56528666e-01 8.21055207e-02 0.0
-1.56793997e-01 7.77661093e-02 0.0
-1.57086598e-01 7.33361633e-02 0.0
-1.57446717e-01 6.87250629e-02 0.0
-1.57916154e-01 6.38294358e-02 0.0
-1.58538305e-01 5.85328036e-02 0.0
-1.59358004e-01 5.27052641e-02 0.0
-1.60421088e-01 4.62036700e-02 0.0
-1.61773660e-01 3.88720214e-02 0.0
-1.63460900e-01 3.05425521e-02 0.0
-1.65525383e-01 2.10372621e-02 0.0
-1.68004681e-01 1.01704133e-02 0.0
-1.70928153e-01 -2.24817493e-03 0.0
-1.74312599e-01 -1.64084104e-02 0.0
-1.78156618e-01 -3.24937602e-02 0.0
-1.82433204e-01 -5.06727394e-02 0.0
-1.87080407e-01 -7.10875945e-02 0.0
-1.91989587e-01 -9.38387153e-02 0.0
-1.96991323e-01 -1.18963529e-01 0.0
-2.01839050e-01 -1.46407546e-01 0.0
-2.06191726e-01 -1.75985467e-01 0.0
-2.09597677e-01 -2.07329775e-01 0.0
-2.11484355e-01 -2.39825777e-01 0.0
-2.11160963e-01 -2.72534333e-01 0.0
-2.07844542e-01 -3.04109509e-01 0.0
-2.00721837e-01 -3.32726868e-01 0.0
-1.89059275e-01 -3.56050576e-01 0.0
-1.72366257e-01 -3.71279235e-01 0.0
-1.50602298e-01 -3.75315930e-01 0.0
-1.24393459e-01 -3.65094652e-01 0.0
-9.51968950e-02 -3.38052417e-01 0.0
-6.53370186e-02 -2.92660955e-01 0.0
-3.78571441e-02 -2.28847854e-01 0.0
-1.61959644e-02 -1.48098436e-01 0.0
-3.63110240e-03 -5.30960936e-02 0.0
-1.12977942e-03 2.75666871e-02 0.0
-5.60256851e-03 7.43935397e-02 0.0
-1.37630167e-02 1.12605144e-01 0.0
-2.43179719e-02 1.42483450e-01 0.0
-3.62346857e-02 1.64735030e-01 0.0
-4.86561469e-02 1.80311791e-01 0.0
-6.09270222e-02 1.90261081e-01 0.0
-7.25859083e-02 1.95616815e-01 0.0
-8.33383921e-02 1.97330715e-01 0.0
-9.30228379e-02 1.96236608e-01 0.0
-1.01576127e-01 1.93038484e-01 0.0
-1.09003755e-01 1.88313933e-01 0.0
-1.15355577e-01 1.82526039e-01 0.0
-1.20707594e-01 1.76039108e-01 0.0
-1.25148788e-01 1.69134986e-01 0.0
-1.28772319e-01 1.62028447e-01 0.0
-1.31669795e-01 1.54880565e-01 0.0
-1.33928007e-01 1.47810059e-01 0.0
-1.35627159e-01 1.40902369e-01 0.0
-1.36840306e-01 1.34216965e-01 0.0
-1.37633368e-01 1.27792837e-01 0.0
-1.38065661e-01 1.21652765e-01 0.0
-1.38190581e-01 1.15806279e-01 0.0
-1.38056488e-01 1.10251862e-01 0.0
-1.37707558e-01 1.04978245e-01 0.0
-1.37184723e-01 9.99652832e-02 0.0
-1.36526522e-01 9.51841817e-02 0.0
-1.35769991e-01 9.05975445e-02 0.0
-1.34951459e-01 8.61589527e-02 0.0
-1.34107353e-01 8.18125272e-02 0.0
-1.33274918e-01 7.74921589e-02 0.0
-1.32492898e-01 7.31208568e-02 0.0
-1.31802131e-01 6.86098820e-02 0.0
-1.31246041e-01 6.38581256e-02 0.0
-1.30871013e-01 5.87513975e-02 0.0
-1.30726574e-01 5.31620896e-02 0.0
-1.30865377e-01 4.69488906e-02 0.0
-1.31342869e-01 3.99570213e-02 0.0
-1.32216605e-01 3.20186834e-02 0.0
-1.33545044e-01 2.29542054e-02 0.0
-1.35385741e-01 1.25736150e-02 0.0
-1.37792666e-01 6.79166649e-04 0.0
-1.40812489e-01 -1.29313398e-02 0.0
-1.44479394e-01 -2.84597680e-02 0.0
-1.48808148e-01 -4.61012564e-02 0.0
-1.53784768e-01 -6.60351237e-02 0.0
-1.59354400e-01 -8.84122481e-02 0.0
-1.65405687e-01 -1.13336853e-01 0.0
-1.71751525e-01 -1.40840542e-01 0.0
-1.78106220e-01 -1.70844990e-01 0.0
-1.84060799e-01 -2.03109619e-01 0.0
-1.89059830e-01 -2.37160128e-01 0.0
-1.92387060e-01 -2.72196051e-01 0.0
-1.93171190e-01 -3.06979998e-01 0.0
-1.90428571e-01 -3.39721625e-01 0.0
-1.83162098e-01 -3.67984782e-01 0.0
-1.70533209e-01 -3.88666870e-01 0.0
-1.52108904e-01 -3.98116502e-01 0.0
-1.28156447e-01 -3.92455325e-01 0.0
-9.99153682e-02 -3.68129345e-01 0.0
-6.97399157e-02 -3.22619321e-01 0.0
-4.10065018e-02 -2.55102750e-01 0.0
-1.77557769e-02 -1.66755424e-01 0.0
-4.01627073e-03 -6.04205246e-02 0.0
-1.28816602e-03 3.03035222e-02 0.0
-6.28024175e-03 8.14404652e-02 0.0
-1.52365690e-02 1.22675012e-01 0.0
-2.66241141e-02 1.54356106e-01 0.0
-3.92201162e-02 1.77375123e-01 0.0
-5.20447904e-02 1.92917873e-01 0.0
-6.43840055e-02 2.02265138e-01 0.0
-7.57673183e-02 2.06655011e-01 0.0
-8.59244866e-02 2.07202232e-01 0.0
-9.47363007e-02 2.04861418e-01 0.0
-1.02189407e-01 2.00420144e-01 0.0
-1.08338997e-01 1.94509571e-01 0.0
-1.13280570e-01 1.87623884e-01 0.0
-1.17129665e-01 1.80142467e-01 0.0
-1.20008337e-01 1.72351592e-01 0.0
-1.22036511e-01 1.64463649e-01 0.0
-1.23327052e-01 1.56633490e-01 0.0
-1.23983175e-01 1.48971583e-01 0.0
-1.24097578e-01 1.41554520e-01 0.0
-1.23752467e-01 1.34432974e-01 0.0
-1.23020279e-01 1.27637829e-01 0.0
-1.21964623e-01 1.21184542e-01 0.0
-1.20641466e-01 1.15076401e-01 0.0
-1.19100281e-01 1.09306599e-01 0.0
-1.17385266e-01 1.03859705e-01 0.0
-1.15536465e-01 9.87123318e-02 0.0
-1.13590906e-01 9.38335203e-02 0.0
-1.11583639e-01 8.91845563e-02 0.0
-1.09548785e-01 8.47187049e-02 0.0
-1.07520500e-01 8.03805356e-02 0.0
-1.05533936e-01 7.61053032e-02 0.0
-1.03626127e-01 7.18180373e-02 0.0
-1.01836844e-01 6.74328035e-02 0.0
-1.00209357e-01 6.28517802e-02 0.0
-9.87911090e-02 5.79646188e-02 0.0
-9.76342603e-02 5.26477317e-02 0.0
-9.67960361e-02 4.67639778e-02 0.0
-9.63388574e-02 4.01623958e-02 0.0
-9.63301198e-02 3.26784541e-02 0.0
-9.68415810e-02 2.41344791e-02 0.0
-9.79481363e-02 1.43407358e-02 0.0
-9.97258884e-02 3.09686185e-03 0.0
-1.02249149e-01 -9.80581711e-03 0.0
-1.05586151e-01 -2.45812509e-02 0.0
-1.09792885e-01 -4.14441579e-02 0.0
-1.14904586e-01 -6.06037766e-02 0.0
-1.20923972e-01 -8.22544588e-02 0.0
-1.27805483e-01 -1.06561728e-01 0.0
-1.35434415e-01 -1.33640789e-01 0.0
-1.43600476e-01 -1.63523882e-01 0.0
-1.51965741e-01 -1.96110784e-01 0.0
-1.60029347e-01 -2.31096232e-01 0.0
-1.67094378e-01 -2.67867600e-01 0.0
-1.72248578e-01 -3.05370037e-01 0.0
-1.74377689e-01 -3.41945019e-01 0.0
-1.72238515e-01 -3.75166967e-01 0.0
-1.64621582e-01 -4.01730449e-01 0.0
-1.50624549e-01 -4.17474206e-01 0.0
-1.30025508e-01 -4.17649071e-01 0.0
-1.03688265e-01 -3.97513880e-01 0.0
-7.38620479e-02 -3.53236423e-01 0.0
-4.42040865e-02 -2.82876997e-01 0.0
-1.94188272e-02 -1.87017144e-01 0.0
-4.44016718e-03 -6.85544540e-02 0.0
-1.49831281e-03 3.34088646e-02 0.0
-7.16575779e-03 8.93135153e-02 0.0
-1.71262617e-02 1.33718810e-01 0.0
-2.95159267e-02 1.67089544e-01 0.0
-4.28642757e-02 1.90586067e-01 0.0
-5.60463557e-02 2.05713722e-01 0.0
-6.82932472e-02 2.14055440e-01 0.0
-7.91450777e-02 2.17099904e-01 0.0
-8.83813126e-02 2.16150800e-01 0.0
-9.59507456e-02 2.12294162e-01 0.0
-1.01911815e-01 2.06401645e-01 0.0
-1.06386972e-01 1.99152893e-01 0.0
-1.09530178e-01 1.91065423e-01 0.0
-1.11505468e-01 1.82525402e-01 0.0
-1.12473589e-01 1.73815543e-01 0.0
-1.12584544e-01 1.65138926e-01 0.0
-1.11973887e-01 1.56638199e-01 0.0
-1.10761570e-01 1.48410787e-01 0.0
-1.09052154e-01 1.40520414e-01 0.0
-1.06935941e-01 1.33005872e-01 0.0
-1.04490409e-01 1.25887331e-01 0.0
-1.01781903e-01 1.19171002e-01 0.0
-9.88672403e-02 1.12852249e-01 0.0
-9.57953546e-02 1.06917811e-01 0.0
-9.26087690e-02 1.01347026e-01 0.0
-8.93450490e-02 9.61126261e-02 0.0
-8.60381092e-02 9.11808651e-02 0.0
-8.27195051e-02 8.65114805e-02 0.0
-7.94196196e-02 8.20571824e-02 0.0
-7.61688465e-02 7.77631426e-02 0.0
-7.29987045e-02 7.35661332e-02 0.0
-6.99429432e-02 6.93937815e-02 0.0
-6.70385947e-02 6.51635717e-02 0.0
-6.43269879e-02 6.07820619e-02 0.0
-6.18546942e-02 5.61439393e-02 0.0
-5.96743747e-02 5.11313855e-02 0.0
-5.78455056e-02 4.56133723e-02 0.0
-5.64348993e-02 3.94453560e-02 0.0
-5.55169949e-02 3.24689902e-02 0.0
-5.51737672e-02 2.45123122e-02 0.0
-5.54942012e-02 1.53900256e-02 0.0
-5.65730757e-02 4.90432888e-03 0.0
-5.85089231e-02 -7.15404873e-03 0.0
-6.14007233e-02 -2.10040925e-02 0.0
-6.53430022e-02 -3.68721834e-02 0.0
-7.04185505e-02 -5.49883855e-02 0.0
-7.66880389e-02 -7.55808626e-02 0.0
-8.41751899e-02 -9.88665539e-02 0.0
-9.28462356e-02 -1.25035881e-01 0.0
-1.02581875e-01 -1.54226992e-01 0.0
-1.13140647e-01 -1.86483544e-01 0.0
-1.24113508e-01 -2.21686918e-01 0.0
-1.34872996e-01 -2.59452314e-01 0.0
-1.44525973e-01 -2.98978070e-01 0.0
-1.51889282e-01 -3.38844496e-01 0.0
-1.55520122e-01 -3.76775761e-01 0.0
-1.53845614e-01 -4.09413039e-01 0.0
-1.45436810e-01 -4.32197402e-01 0.0
-1.29447614e-01 -4.39514067e-01 0.0
-1.06170505e-01 -4.25263198e-01 0.0
-7.75537734e-02 -3.83930021e-01 0.0
-4.74269736e-02 -3.11968136e-01 0.0
-2.12040077e-02 -2.08934211e-01 0.0
-4.91271357e-03 -7.75853517e-02 0.0
-1.78181855e-03 3.70078063e-02 0.0
-8.33816341e-03 9.82571790e-02 0.0
-1.95717577e-02 1.45969262e-01 0.0
-3.31575845e-02 1.80814606e-01 0.0
-4.73047602e-02 2.04356559e-01 0.0
-6.07244597e-02 2.18545044e-01 0.0
-7.26108251e-02 2.25357417e-01 0.0
-8.25499149e-02 2.26588894e-01 0.0
-9.04103275e-02 2.23758511e-01 0.0
-9.62442274e-02 2.18089843e-01 0.0
-1.00210176e-01 2.10533049e-01 0.0
-1.02518425e-01 2.01804965e-01 0.0
-1.03395339e-01 1.92433548e-01 0.0
-1.03061898e-01 1.82799207e-01 0.0
-1.01722133e-01 1.73170181e-01 0.0
-9.95578068e-02 1.63731009e-01 0.0
-9.67270696e-02 1.54604819e-01 0.0
-9.33652124e-02 1.45870093e-01 0.0
-8.95866514e-02 1.37573236e-01 0.0
-8.54872958e-02 1.29737590e-01 0.0
-8.11471175e-02 1.22370017e-01 0.0
-7.66325456e-02 1.15465353e-01 0.0
-7.19987672e-02 1.09009576e-01 0.0
-6.72917491e-02 1.02981702e-01 0.0
-6.25501355e-02 9.73550605e-02 0.0
-5.78069103e-02 9.20977728e-02 0.0
-5.30909786e-02 8.71729762e-02 0.0
-4.84285896e-02 8.25385069e-02 0.0
-4.38447243e-02 7.81465375e-02 0.0
-3.93643914e-02 7.39428147e-02 0.0
-3.50139165e-02 6.98659783e-02 0.0
-3.08221821e-02 6.58465753e-02 0.0
-2.68218640e-02 6.18062460e-02 0.0
-2.30506331e-02 5.76566844e-02 0.0
-1.95523255e-02 5.32988495e-02 0.0
-1.63780607e-02 4.86220245e-02 0.0
-1.35872635e-02 4.35031992e-02 0.0
-1.12485749e-02 3.78063650e-02 0.0
-9.44055244e-03 3.13821833e-02 0.0
-8.25214031e-03 2.40676067e-02 0.0
-7.78273469e-03 1.56858842e-02 0.0
-8.14178692e-03 6.04651953e-03 0.0
-9.44764971e-03 -5.05441012e-03 0.0
-1.18254911e-02 -1.78339730e-02 0.0
-1.54037406e-02 -3.25216621e-02 0.0
-2.03085926e-02 -4.93583969e-02 0.0
-2.66555277e-02 -6.85943229e-02 0.0
-3.45367202e-02 -9.04846487e-02 0.0
-4.40023695e-02 -1.15280996e-01 0.0
-5.50337921e-02 -1.43214724e-01 0.0
-6.75053720e-02 -1.74465374e-01 0.0
-8.11331850e-02 -2.09104331e-01 0.0
-9.54097141e-02 -2.46998808e-01 0.0
-1.09529827e-01 -2.87658414e-01 0.0
-1.22323403e-01 -3.30007203e-01 0.0
-1.32227879e-01 -3.72077678e-01 0.0
-1.37355886e-01 -4.10657570e-01 0.0
-1.35731593e-01 -4.40985920e-01 0.0
-1.25761028e-01 -4.56685270e-01 0.0
-1.06937050e-01 -4.50193046e-01 0.0
-8.06342995e-02 -4.13919627e-01 0.0
-5.06608379e-02 -3.42078769e-01 0.0
-2.31485765e-02 -2.32558791e-01 0.0
-5.45128494e-03 -8.76279808e-02 0.0
-2.17167112e-03 4.12800195e-02 0.0
-9.91313382e-03 1.08601504e-01 0.0
-2.27644025e-02 1.59709814e-01 0.0
-3.77522014e-02 1.95647701e-01 0.0
-5.26778398e-02 2.18596304e-01 0.0
-6.60843749e-02 2.31131566e-01 0.0
-7.71724774e-02 2.35745400e-01 0.0
-8.56348210e-02 2.34602389e-01 0.0
-9.14875319e-02 2.29458189e-01 0.0
-9.49336696e-02 2.21670259e-01 0.0
-9.62661728e-02 2.12251145e-01 0.0
-9.58056112e-02 2.01934623e-01 0.0
-9.38637727e-02 1.91239036e-01 0.0
-9.07249421e-02 1.80521524e-01 0.0
-8.66380834e-02 1.70021321e-01 0.0
-8.18155380e-02 1.59893083e-01 0.0
-7.64350285e-02 1.50231588e-01 0.0
-7.06433338e-02 1.41089867e-01 0.0
-6.45603830e-02 1.32492048e-01 0.0
-5.82833888e-02 1.24442530e-01 0.0
-5.18905745e-02 1.16932188e-01 0.0
-4.54445626e-02 1.09942706e-01 0.0
-3.89952626e-02 1.03449255e-01 0.0
-3.25824436e-02 9.74222996e-02 0.0
-2.62379140e-02 9.18284353e-02 0.0
-1.99874964e-02 8.66308736e-02 0.0
-1.38527439e-02 8.17893111e-02 0.0
-7.85255229e-03 7.72597132e-02 0.0
-2.00462492e-03 7.29936613e-02 0.0
3.67309746e-03 6.89377596e-02 0.0
9.16107625e-03 6.50327043e-02 0.0
1.44368126e-02 6.12125036e-02 0.0
1.94735092e-02 5.74034282e-02 0.0
2.42387258e-02 5.35231798e-02 0.0
2.86930449e-02 4.94798520e-02 0.0
3.27887602e-02 4.51711655e-02 0.0
3.64685959e-02 4.04835483e-02 0.0
3.96645138e-02 3.52915307e-02 0.0
4.22966148e-02 2.94570144e-02 0.0
4.42722425e-02 2.28288537e-02 0.0
4.54853060e-02 1.52422843e-02 0.0
4.58160047e-02 6.51858615e-03 0.0
4.51310201e-02 -3.53551814e-03 0.0
4.32844962e-02 -1.51283921e-02 0.0
4.01200333e-02 -2.84844256e-02 0.0
3.54743334e-02 -4.38449807e-02 0.0
2.91831650e-02 -6.14695377e-02 0.0
2.10910370e-02 -8.16360201e-02 0.0
1.10663154e-02 -1.04639163e-01 0.0
-9.75280784e-04 -1.30783453e-01 0.0
-1.50351834e-02 -1.60365082e-01 0.0
-3.09796666e-02 -1.93632252e-01 0.0
-4.84665727e-02 -2.30707380e-01 0.0
-6.68497636e-02 -2.71446472e-01 0.0
-8.50697294e-02 -3.15205541e-01 0.0
-1.01557691e-01 -3.60486847e-01 0.0
-1.14212692e-01 -4.04465342e-01 0.0
-1.20549637e-01 -4.42465453e-01 0.0
-1.18140577e-01 -4.67585323e-01 0.0
-1.05432563e-01 -4.70824952e-01 0.0
-8.28637755e-02 -4.42159232e-01 0.0
-5.38984116e-02 -3.72777968e-01 0.0
-2.53184022e-02 -2.57951846e-01 0.0
-6.08567436e-03 -9.88442520e-02 0.0
-2.71974593e-03 4.64900455e-02 0.0
-1.20616387e-02 1.20793447e-01 0.0
-2.69623502e-02 1.75269866e-01 0.0
-4.35320495e-02 2.11645166e-01 0.0
-5.90713391e-02 2.33063793e-01 0.0
-7.19869826e-02 2.42986286e-01 0.0
-8.15757238e-02 2.44567561e-01 0.0
-8.77353807e-02 2.40402269e-01 0.0
-9.07127544e-02 2.32488441e-01 0.0
-9.09216711e-02 2.22295112e-01 0.0
-8.88275849e-02 2.10864764e-01 0.0
-8.48822125e-02 1.98915130e-01 0.0
-7.94915923e-02 1.86926137e-01 0.0
-7.30041730e-02 1.75208242e-01 0.0
-6.57101239e-02 1.63953770e-01 0.0
-5.78460167e-02 1.53274060e-01 0.0
-4.96017821e-02 1.43225950e-01 0.0
-4.11279794e-02 1.33830093e-01 0.0
-3.25426883e-02 1.25083670e-01 0.0
-2.39374999e-02 1.16968819e-01 0.0
-1.53826927e-02 1.09458375e-01 0.0
-6.93149617e-03 1.02519410e-01 0.0
1.37630048e-03 9.61155572e-02 0.0
9.51140129e-03 9.02081817e-02 0.0
1.74524714e-02 8.47570604e-02 0.0
2.51840250e-02 7.97203857e-02 0.0
3.26945369e-02 7.50546451e-02 0.0
3.99747940e-02 7.07140423e-02 0.0
4.70163418e-02 6.66499702e-02 0.0
5.38100483e-02 6.28101358e-02 0.0
6.03446849e-02 5.91378276e-02 0.0
6.66055454e-02 5.55708987e-02 0.0
7.25730463e-02 5.20409509e-02 0.0
7.82213213e-02 4.84722808e-02 0.0
8.35167934e-02 4.47810745e-02 0.0
8.84167318e-02 4.08744035e-02 0.0
9.28678149e-02 3.66495045e-02 0.0
9.68046997e-02 3.19928839e-02 0.0
1.00148661e-01 2.67797094e-02 0.0
1.02806295e-01 2.08730059e-02 0.0
1.04668402e-01 1.41230682e-02 0.0
1.05609046e-01 6.36656372e-03 0.0
1.05484985e-01 -2.57434779e-03 0.0
1.04135515e-01 -1.28934693e-02 0.0
1.01383092e-01 -2.48023657e-02 0.0
9.70349668e-02 -3.85331222e-02 0.0
9.08866199e-02 -5.43417914e-02 0.0
8.27278766e-02 -7.25128082e-02 0.0
7.23535942e-02 -9.33632889e-02 0.0
5.95815411e-02 -1.17245598e-01 0.0
4.42819361e-02 -1.44543354e-01 0.0
2.64246960e-02 -1.75652185e-01 0.0
6.15254083e-03 -2.10928320e-01 0.0
-1.61122964e-02 -2.50577442e-01 0.0
-3.95250207e-02 -2.94441825e-01 0.0
-6.26535238e-02 -3.41634047e-01 0.0
-8.33425538e-02 -3.89974066e-01 0.0
-9.87174464e-02 -4.35244849e-01 0.0
-1.05505919e-01 -4.70426480e-01 0.0
-1.00879222e-01 -4.85318475e-01 0.0
-8.38823300e-02 -4.67231365e-01 0.0
-5.71258608e-02 -4.03427649e-01 0.0
-2.78215604e-02 -2.85186462e-01 0.0
-6.86699546e-03 -1.11476968e-01 0.0
-3.50977929e-03 5.30380345e-02 0.0
-1.50383386e-02 1.35434380e-01 0.0
-3.25008728e-02 1.92992191e-01 0.0
-5.07152140e-02 2.28706900e-01 0.0
-6.64130208e-02 2.47239177e-01 0.0
-7.79759918e-02 2.53289545e-01 0.0
-8.49638587e-02 2.50840942e-01 0.0
-8.76313729e-02 2.42956097e-01 0.0
-8.65663952e-02 2.31847050e-01 0.0
-8.24618130e-02 2.19040885e-01 0.0
-7.59904891e-02 2.05553632e-01 0.0
-6.77475043e-02 1.92037961e-01 0.0
-5.82312583e-02 1.78896499e-01 0.0
-4.78448900e-02 1.66364157e-01 0.0
-3.69066396e-02 1.54565623e-01 0.0
-2.56632096e-02 1.43554742e-01 0.0
-1.43028967e-02 1.33340795e-01 0.0
-2.96734960e-03 1.23905978e-01 0.0
8.23860870e-03 1.15216618e-01 0.0
1.92389004e-02 1.07230476e-01 0.0
2.99797763e-02 9.99011224e-02 0.0
4.04246465e-02 9.31806867e-02 0.0
5.05500212e-02 8.70212014e-02 0.0
6.03422046e-02 8.13753490e-02 0.0
6.97946565e-02 7.61964681e-02 0.0
7.89057620e-02 7.14384183e-02 0.0
8.76769746e-02 6.70549885e-02 0.0
9.61111510e-02 6.29993678e-02 0.0
1.04211071e-01 5.92232797e-02 0.0
1.11978022e-01 5.56762736e-02 0.0
1.19410445e-01 5.23047339e-02 0.0
1.26502585e-01 4.90510974e-02 0.0
1.33243120e-01 4.58528217e-02 0.0
1.39613763e-01 4.26415966e-02 0.0
1.45587821e-01 3.93423332e-02 0.0
1.51128708e-01 3.58724230e-02 0.0
1.56188418e-01 3.21407951e-02 0.0
1.60705980e-01 2.80472490e-02 0.0
1.64605886e-01 2.34815782e-02 0.0
1.67796563e-01 1.83229252e-02 0.0
1.70168857e-01 1.24388453e-02 0.0
1.71594646e-01 5.68444787e-03 0.0
1.71925552e-01 -2.09898308e-03 0.0
1.70991925e-01 -1.10856477e-02 0.0
1.68602135e-01 -2.14678851e-02 0.0
1.64542495e-01 -3.34597530e-02 0.0
1.58578116e-01 -4.73023523e-02 0.0
1.50455550e-01 -6.32708594e-02 0.0
1.39908422e-01 -8.16837523e-02 0.0
1.26668582e-01 -1.02913171e-01 0.0
1.10486712e-01 -1.27394239e-01 0.0
9.11693111e-02 -1.55626597e-01 0.0
6.86422009e-02 -1.88154583e-01 0.0
4.30547040e-02 -2.25498790e-01 0.0
1.49390366e-02 -2.67992034e-01 0.0
-1.45694334e-02 -3.15446819e-01 0.0
-4.34779898e-02 -3.66563665e-01 0.0
-6.87465168e-02 -4.18011794e-01 0.0
-8.63764840e-02 -4.63241062e-01 0.0
-9.21137367e-02 -4.91393310e-01 0.0
-8.30843013e-02 -4.87182833e-01 0.0
-6.02771027e-02 -4.33039831e-01 0.0
-3.08236005e-02 -3.14332069e-01 0.0
-7.88277970e-03 -1.25907542e-01 0.0
-4.68112409e-03 6.15472384e-02 0.0
-1.92213904e-02 1.53312305e-01 0.0
-3.97759575e-02 2.13131379e-01 0.0
-5.93757389e-02 2.46381850e-01 0.0
-7.42211462e-02 2.60107463e-01 0.0
-8.29383465e-02 2.60701454e-01 0.0
-8.56381344e-02 2.53116717e-01 0.0
-8.31483126e-02 2.40858047e-01 0.0
-7.65282576e-02 2.26260106e-01 0.0
-6.68116927e-02 2.10806723e-01 0.0
-5.48953553e-02 1.95400179e-01 0.0
-4.15079363e-02 1.80561059e-01 0.0
-2.72177269e-02 1.66566999e-01 0.0
-1.24553541e-02 1.53544972e-01 0.0
2.46007741e-03 1.41531187e-01 0.0
1.72968727e-02 1.30509016e-01 0.0
3.18903665e-02 1.20432782e-01 0.0
4.61266621e-02 1.11242218e-01 0.0
5.99299074e-02 1.02871248e-01 0.0
7.32526061e-02 9.52529314e-02 0.0
8.60681941e-02 8.83222826e-02 0.0
9.83654569e-02 8.20174749e-02 0.0
1.10144221e-01 7.62803590e-02 0.0
1.21412078e-01 7.10562359e-02 0.0
1.32181781e-01 6.62935147e-02 0.0
1.42469182e-01 6.19429546e-02 0.0
1.52291496e-01 5.79570161e-02 0.0
1.61665836e-01 5.42889163e-02 0.0
1.70607859e-01 5.08918802e-02 0.0
1.79130538e-01 4.77181374e-02 0.0
1.87242927e-01 4.47181524e-02 0.0
1.94948945e-01 4.18396157e-02 0.0
2.02246118e-01 3.90266903e-02 0.0
2.09124267e-01 3.62190304e-02 0.0
2.15564131e-01 3.33510713e-02 0.0
2.21535919e-01 3.03511040e-02 0.0
2.26997790e-01 2.71406256e-02 0.0
2.31894265e-01 2.36334738e-02 0.0
2.36154588e-01 1.97352146e-02 0.0
2.39691024e-01 1.53422666e-02 0.0
2.42397141e-01 1.03411798e-02 0.0
2.44146053e-01 4.60749862e-03 0.0
2.44788676e-01 -1.99547958e-03 0.0
2.44151966e-01 -9.61873200e-03 0.0
2.42037236e-01 -1.84302019e-02 0.0
2.38218552e-01 -2.86190350e-02 0.0
2.32441461e-01 -4.04015265e-02 0.0
2.24422325e-01 -5.40299121e-02 0.0
2.13849193e-01 -6.98043721e-02 0.0
2.00385705e-01 -8.80891579e-02 0.0
1.83681417e-01 -1.09332033e-01 0.0
1.63394405e-01 -1.34084331e-01 0.0
1.39236981e-01 -1.63012261e-01 0.0
1.11061782e-01 -1.96878366e-01 0.0
7.90135213e-02 -2.36448485e-01 0.0
4.37744127e-02 -2.82242747e-01 0.0
6.91534875e-03 -3.34000080e-01 0.0
-2.86994179e-02 -3.89692051e-01 0.0
-5.86542017e-02 -4.43976025e-01 0.0
-7.73098534e-02 -4.86265417e-01 0.0
-7.93666584e-02 -4.99283337e-01 0.0
-6.31094069e-02 -4.60003761e-01 0.0
-3.45532072e-02 -3.45377831e-01 0.0
-9.28274029e-03 -1.42754610e-01 0.0
-6.47055501e-03 7.30170408e-02 0.0
-2.51545961e-02 1.75384939e-01 0.0
-4.91313020e-02 2.35590028e-01 0.0
-6.90997274e-02 2.63491423e-01 0.0
-8.10633227e-02 2.69806910e-01 0.0
-8.44515431e-02 2.63107451e-01 0.0
-8.03788133e-02 2.49337804e-01 0.0
-7.05149739e-02 2.32283329e-01 0.0
-5.65077945e-02 2.14207622e-01 0.0
-3.97518765e-02 1.96386762e-01 0.0
-2.13365444e-02 1.79488511e-01 0.0
-2.07154848e-03 1.63820357e-01 0.0
1.74620309e-02 1.49483960e-01 0.0
3.68592604e-02 1.36468461e-01 0.0
5.58462819e-02 1.24705299e-01 0.0
7.42446021e-02 1.14099846e-01 0.0
9.19441467e-02 1.04548973e-01 0.0
1.08883345e-01 9.59505966e-02 0.0
1.25034721e-01 8.82083129e-02 0.0
1.40394458e-01 8.12335000e-02 0.0
1.54974941e-01 7.49457130e-02 0.0
1.68799343e-01 6.92724519e-02 0.0
1.81897740e-01 6.41482958e-02 0.0
1.94304210e-01 5.95140480e-02 0.0
2.06054704e-01 5.53155830e-02 0.0
2.17185362e-01 5.15029069e-02 0.0
2.27731185e-01 4.80290070e-02 0.0
2.37724882e-01 4.48489709e-02 0.0
2.47195860e-01 4.19189063e-02 0.0
2.56169237e-01 3.91951393e-02 0.0
2.64664876e-01 3.66332065e-02 0.0
2.72696377e-01 3.41871269e-02 0.0
2.80270008e-01 3.18084591e-02 0.0
2.87383562e-01 2.94456421e-02 0.0
2.94025122e-01 2.70431189e-02 0.0
3.00171730e-01 2.45407445e-02 0.0
3.05787951e-01 2.18729758e-02 0.0
3.10824349e-01 1.89683319e-02 0.0
3.15215850e-01 1.57486132e-02 0.0
3.18880027e-01 1.21283355e-02 0.0
3.21715263e-01 8.01383499e-03 0.0
3.23598842e-01 3.30242905e-03 0.0
3.24384870e-01 -2.11898658e-03 0.0
3.23902090e-01 -8.37566245e-03 0.0
3.21951442e-01 -1.56078228e-02 0.0
3.18303406e-01 -2.39746263e-02 0.0
3.12694987e-01 -3.36603593e-02 0.0
3.04826471e-01 -4.48833650e-02 0.0
2.94358060e-01 -5.79093152e-02 0.0
2.80907265e-01 -7.30698753e-02 0.0
2.64048780e-01 -9.07884873e-02 0.0
2.43321185e-01 -1.11613220e-01 0.0
2.18249102e-01 -1.36253817e-01 0.0
1.88397881e-01 -1.65610345e-01 0.0
1.53490672e-01 -2.00760996e-01 0.0
1.13634694e-01 -2.42835112e-01 0.0
6.97129633e-02 -2.92626886e-01 0.0
2.39692807e-02 -3.49706767e-01 0.0
-1.93203287e-02 -4.10716889e-01 0.0
-5.35243616e-02 -4.66664847e-01 0.0
-7.06399664e-02 -4.99711479e-01 0.0
-6.48892643e-02 -4.81583559e-01 0.0
-3.92553411e-02 -3.77988144e-01 0.0
-1.13163758e-02 -1.63035979e-01 0.0
-9.27826108e-03 8.90838098e-02 0.0
-3.35290431e-02 2.02570948e-01 0.0
-6.04392325e-02 2.59290924e-01 0.0
-7.81203023e-02 2.77440034e-01 0.0
-8.34120017e-02 2.73113610e-01 0.0
-7.75655843e-02 2.57342572e-01 0.0
-6.33075627e-02 2.36771955e-01 0.0
-4.33899201e-02 2.15067722e-01 0.0
-2.00641132e-02 1.94090274e-01 0.0
5.00530492e-03 1.74678806e-01 0.0
3.06612014e-02 1.57125275e-01 0.0
5.61353019e-02 1.41444535e-01 0.0
8.09392041e-02 1.27522342e-01 0.0
1.04778666e-01 1.15193431e-01 0.0
1.27490854e-01 1.04281168e-01 0.0
1.49000275e-01 9.46162863e-02 0.0
1.69288450e-01 8.60448664e-02 0.0
1.88373410e-01 7.84305994e-02 0.0
2.06295863e-01 7.16545388e-02 0.0
2.23109986e-01 6.56134734e-02 0.0
2.38877241e-01 6.02180635e-02 0.0
2.53662286e-01 5.53907168e-02 0.0
2.67530204e-01 5.10637818e-02 0.0
2.80544664e-01 4.71776981e-02 0.0
2.92766620e-01 4.36795509e-02 0.0
3.04253400e-01 4.05215699e-02 0.0
3.15057980e-01 3.76600115e-02 0.0
3.25228389e-01 3.50539308e-02 0.0
3.34807130e-01 3.26643000e-02 0.0
3.43830601e-01 3.04529703e-02 0.0
3.52328458e-01 2.83819520e-02 0.0
3.60322905e-01 2.64125064e-02 0.0
3.67827887e-01 2.45045400e-02 0.0
3.74848175e-01 2.26157925e-02 0.0
3.81378337e-01 2.07013192e-02 0.0
3.87401588e-01 1.87127584e-02 0.0
3.92888518e-01 1.65978827e-02 0.0
3.97795694e-01 1.42999221e-02 0.0
4.02064145e-01 1.17571412e-02 0.0
4.05617703e-01 8.90214243e-03 0.0
4.08361225e-01 5.66133665e-03 0.0
4.10178630e-01 1.95401060e-03 0.0
4.10930758e-01 -2.30865912e-03 0.0
4.10452924e-01 -7.22531341e-03 0.0
4.08552138e-01 -1.29066771e-02 0.0
4.05003738e-01 -1.94792753e-02 0.0
3.99547318e-01 -2.70908147e-02 0.0
3.91881587e-01 -3.59186068e-02 0.0
3.81657968e-01 -4.61819919e-02 0.0
3.68472687e-01 -5.81610726e-02 0.0
3.51857818e-01 -7.22238879e-02 0.0
3.31272901e-01 -8.88652623e-02 0.0
3.06102324e-01 -1.08759075e-01 0.0
2.75670614e-01 -1.32822117e-01 0.0
2.39302578e-01 -1.62273944e-01 0.0
1.96480737e-01 -1.98644312e-01 0.0
1.47190159e-01 -2.43605349e-01 0.0
9.25705774e-02 -2.98365013e-01 0.0
3.59463199e-02 -3.62144755e-01 0.0
-1.59962416e-02 -4.29090367e-01 0.0
-5.29074956e-02 -4.83259085e-01 0.0
-6.36338642e-02 -4.93060274e-01 0.0
-4.49452873e-02 -4.10833922e-01 0.0
-1.43610470e-02 -1.88396290e-01 0.0
-1.37214728e-02 1.12401344e-01 0.0
-4.48197567e-02 2.34920285e-01 0.0
-7.17556797e-02 2.80787706e-01 0.0
-8.12126814e-02 2.83081334e-01 0.0
-7.33047851e-02 2.64856126e-01 0.0
-5.26489888e-02 2.39097860e-01 0.0
-2.41325004e-02 2.12242176e-01 0.0
8.44142200e-03 1.87105959e-01 0.0
4.24813295e-02 1.64686346e-01 0.0
7.63592367e-02 1.45135436e-01 0.0
1.09120086e-01 1.28251928e-01 0.0
1.40248237e-01 1.13715665e-01 0.0
1.69503167e-01 1.01192415e-01 0.0
1.96811014e-01 9.03760870e-02 0.0
2.22195565e-01 8.10018123e-02 0.0
2.45735254e-01 7.28465752e-02 0.0
2.67536869e-01 6.57248313e-02 0.0
2.87719648e-01 5.94829427e-02 0.0
3.06405886e-01 5.39935523e-02 0.0
3.23715470e-01 4.91508033e-02 0.0
3.39762868e-01 4.48661333e-02 0.0
3.54655526e-01 4.10649981e-02 0.0
3.68493164e-01 3.76839988e-02 0.0
3.81367510e-01 3.46687329e-02 0.0
3.93362308e-01 3.19718194e-02 0.0
4.04553418e-01 2.95514711e-02 0.0
4.15008931e-01 2.73700760e-02 0.0
4.24789237e-01 2.53932118e-02 0.0
4.33947012e-01 2.35885651e-02 0.0
4.42527091e-01 2.19252160e-02 0.0
4.50566238e-01 2.03727646e-02 0.0
4.58092761e-01 1.89007858e-02 0.0
4.65126012e-01 1.74780894e-02 0.0
4.71675741e-01 1.60722896e-02 0.0
4.77741302e-01 1.46491608e-02 0.0
4.83310739e-01 1.31722904e-02 0.0
4.88359716e-01 1.16025054e-02 0.0
4.92850321e-01 9.89757834e-03 0.0
4.96729729e-01 8.01168630e-03 0.0
4.99928724e-01 5.89510269e-03 0.0
5.02360056e-01 3.49358030e-03 0.0
5.03916621e-01 7.47852615e-04 0.0
5.04469386e-01 -2.40733757e-03 0.0
5.03865002e-01 -6.04436433e-03 0.0
5.01922925e-01 -1.02447110e-02 0.0
4.98431875e-01 -1.51017407e-02 0.0
4.93145241e-01 -2.07252466e-02 0.0
4.85775039e-01 -2.72481957e-02 0.0
4.75983665e-01 -3.48373644e-02 0.0
4.63372684e-01 -4.37093966e-02 0.0
4.47467582e-01 -5.41555515e-02 0.0
4.27697849e-01 -6.65789119e-02 0.0
4.03372929e-01 -8.15498921e-02 0.0
3.73658981e-01 -9.98856097e-02 0.0
3.37572113e-01 -1.22755515e-01 0.0
2.94029276e-01 -1.51798035e-01 0.0
2.42049583e-01 -1.89181330e-01 0.0
1.81286821e-01 -2.37406666e-01 0.0
1.13167708e-01 -2.98359711e-01 0.0
4.28376194e-02 -3.70602744e-01 0.0
-1.86147073e-02 -4.43383112e-01 0.0
-5.43465283e-02 -4.86478047e-01 0.0
-5.05021472e-02 -4.39949099e-01 0.0
-1.88050812e-02 -2.21245839e-01 0.0
-2.03708583e-02 1.46811366e-01 0.0
-5.74125192e-02 2.68967899e-01 0.0
-7.52599406e-02 2.91523443e-01 0.0
-6.47731450e-02 2.71315811e-01 0.0
-3.38695727e-02 2.37810192e-01 0.0
8.01795446e-03 2.03600483e-01 0.0
5.41071152e-02 1.73133920e-01 0.0
1.00345821e-01 1.47401603e-01 0.0
1.44591859e-01 1.26104777e-01 0.0
1.85861684e-01 1.08569295e-01 0.0
2.23821047e-01 9.40978824e-02 0.0
2.58477220e-01 8.20854138e-02 0.0
2.90003859e-01 7.20411264e-02 0.0
3.18645343e-01 6.35780749e-02 0.0
3.44666366e-01 5.63942844e-02 0.0
3.68326654e-01 5.02541601e-02 0.0
3.89869213e-01 4.49731098e-02 0.0
4.09515787e-01 4.04053495e-02 0.0
4.27465955e-01 3.64347788e-02 0.0
4.43898042e-01 3.29679463e-02 0.0
4.58970751e-01 2.99289275e-02 0.0
4.72825066e-01 2.72552746e-02 0.0
4.85586084e-01 2.48951112e-02 0.0
4.97364709e-01 2.28046964e-02 0.0
5.08259096e-01 2.09467178e-02 0.0
5.18355878e-01 1.92887292e-02 0.0
5.27731132e-01 1.78020994e-02 0.0
5.36451133e-01 1.64609316e-02 0.0
5.44572872e-01 1.52413819e-02 0.0
5.52144390e-01 1.41208523e-02 0.0
5.59204897e-01 1.30775250e-02 0.0
5.65784732e-01 1.20897189e-02 0.0
5.71905131e-01 1.11355572e-02 0.0
5.77577846e-01 1.01924293e-02 0.0
5.82804609e-01 9.23674831e-03 0.0
5.87576437e-01 8.24348790e-03 0.0
5.91872817e-01 7.18600196e-03 0.0
5.95660731e-01 6.03561178e-03 0.0
5.98893572e-01 4.76145353e-03 0.0
6.01509894e-01 3.33006692e-03 0.0
6.03432035e-01 1.70518973e-03 0.0
6.04564538e-01 -1.52777957e-04 0.0
6.04792345e-01 -2.28723431e-03 0.0
6.03978654e-01 -4.74634788e-03 0.0
6.01962302e-01 -7.58425623e-03 0.0
5.98554411e-01 -1.08632118e-02 0.0
5.93533959e-01 -1.46566511e-02 0.0
5.86641665e-01 -1.90542559e-02 0.0
5.77571371e-01 -2.41696002e-02 0.0
5.65957598e-01 -3.01523713e-02 0.0
5.51357473e-01 -3.72073176e-02 0.0
5.33224414e-01 -4.56243229e-02 0.0
5.10870491e-01 -5.58256093e-02 0.0
4.83414567e-01 -6.84399931e-02 0.0
4.49717383e-01 -8.44170552e-02 0.0
4.08318760e-01 -1.05195012e-01 0.0
3.57433718e-01 -1.32919598e-01 0.0
2.95167418e-01 -1.70639316e-01 0.0
2.20323922e-01 -2.22164437e-01 0.0
1.34492143e-01 -2.90636137e-01 0.0
4.60669707e-02 -3.73472210e-01 0.0
-2.51018471e-02 -4.49488301e-01 0.0
-5.07254438e-02 -4.55159624e-01 0.0
-2.42034497e-02 -2.63938208e-01 0.0
-2.74023785e-02 1.94902232e-01 0.0
-5.96241366e-02 2.90458085e-01 0.0
-4.56039132e-02 2.73860460e-01 0.0
3.77102695e-03 2.29117066e-01 0.0
6.80090874e-02 1.84867312e-01 0.0
1.34291341e-01 1.48373593e-01 0.0
1.96609397e-01 1.19953605e-01 0.0
2.52804109e-01 9.81485151e-02 0.0
3.02549302e-01 8.13666505e-02 0.0
3.46279456e-01 6.83074611e-02 0.0
3.84679139e-01 5.80006898e-02 0.0
4.18459832e-01 4.97457618e-02 0.0
4.48273267e-01 4.30407263e-02 0.0
4.74685858e-01 3.75244255e-02 0.0
4.98178645e-01 3.29341488e-02 0.0
5.19156480e-01 2.90761997e-02 0.0
5.37959508e-01 2.58055115e-02 0.0
5.54874087e-01 2.30118250e-02 0.0
5.70142275e-01 2.06099783e-02 0.0
5.83969656e-01 1.85333109e-02 0.0
5.96531730e-01 1.67288130e-02 0.0
6.07979004e-01 1.51538354e-02 0.0
6.18441087e-01 1.37734846e-02 0.0
6.28029925e-01 1.25588969e-02 0.0
6.36842377e-01 1.14857144e-02 0.0
6.44962230e-01 1.05331358e-02 0.0
6.52461769e-01 9.68293759e-03 0.0
6.59402970e-01 8.91893094e-03 0.0
6.65838380e-01 8.22627175e-03 0.0
6.71811725e-01 7.59113980e-03 0.0
6.77358283e-01 7.00021076e-03 0.0
6.82505058e-01 6.44046424e-03 0.0
6.87270758e-01 5.89875297e-03 0.0
6.91665624e-01 5.36169164e-03 0.0
6.95691097e-01 4.81529081e-03 0.0
6.99339353e-01 4.24490057e-03 0.0
7.02592711e-01 3.63489094e-03 0.0
7.05422927e-01 2.96863049e-03 0.0
7.07790367e-01 2.22819250e-03 0.0
7.09643075e-01 1.39433560e-03 0.0
7.10915704e-01 4.46187745e-04 0.0
7.11528312e-01 -6.38850478e-04 0.0
7.11384944e-01 -1.88556553e-03 0.0
7.10371950e-01 -3.32129730e-03 0.0
7.08355865e-01 -4.97683577e-03 0.0
7.05180667e-01 -6.88751100e-03 0.0
7.00664022e-01 -9.09522329e-03 0.0
6.94592004e-01 -1.16513423e-02 0.0
6.86711391e-01 -1.46215779e-02 0.0
6.76718225e-01 -1.80934278e-02 0.0
6.64240475e-01 -2.21883593e-02 0.0
6.48811525e-01 -2.70812494e-02 0.0
6.29829268e-01 -3.30324789e-02 0.0
6.06493056e-01 -4.04409679e-02 0.0
5.77707550e-01 -4.99333699e-02 0.0
5.41941449e-01 -6.25139563e-02 0.0
4.97039250e-01 -7.98133964e-02 0.0
4.40038099e-01 -1.04478053e-01 0.0
3.67231121e-01 -1.40675213e-01 0.0
2.75250201e-01 -1.94312653e-01 0.0
1.65014940e-01 -2.71135251e-01 0.0
5.10315426e-02 -3.66673038e-01 0.0
-2.74417469e-02 -4.33877995e-01 0.0
-2.55209600e-02 -3.13346742e-01 0.0
-1.67621720e-02 2.39384393e-01 0.0
2.00252298e-03 2.59750597e-01 0.0
9.03674261e-02 2.02182825e-01 0.0
1.94285570e-01 1.47501620e-01 0.0
2.89036522e-01 1.07493752e-01 0.0
3.68590651e-01 7.99107764e-02 0.0
4.33719928e-01 6.09690986e-02 0.0
4.86920903e-01 4.77373442e-02 0.0
5.30695627e-01 3.82579171e-02 0.0
5.67103280e-01 3.12783984e-02 0.0
5.97731156e-01 2.60022093e-02 0.0
6.23777618e-01 2.19171017e-02 0.0
6.46146301e-01 1.86872855e-02 0.0
6.65524171e-01 1.60874220e-02 0.0
6.82440013e-01 1.39625425e-02 0.0
6.97306624e-01 1.22033788e-02 0.0
7.10450853e-01 1.07310966e-02 0.0
7.22135022e-01 9.48751213e-03 0.0
7.32572292e-01 8.42885588e-03 0.0
7.41937834e-01 7.52153259e-03 0.0
7.50377012e-01 6.73936353e-03 0.0
7.58011492e-01 6.06155607e-03 0.0
7.64943807e-01 5.47139132e-03 0.0
7.71260841e-01 4.95514406e-03 0.0
7.77036463e-01 4.50142005e-03 0.0
7.82333551e-01 4.10051580e-03 0.0
7.87205527e-01 3.74406999e-03 0.0
7.91697512e-01 3.42464085e-03 0.0
7.95847171e-01 3.13551983e-03 0.0
7.99685323e-01 2.87042354e-03 0.0
8.03236323e-01 2.62339673e-03 0.0
8.06518287e-01 2.38856888e-03 0.0
8.09543154e-01 2.16011008e-03 0.0
8.12316622e-01 1.93202794e-03 0.0
8.14837975e-01 1.69815771e-03 0.0
8.17099794e-01 1.45198759e-03 0.0
8.19087595e-01 1.18667225e-03 0.0
8.20779378e-01 8.94878203e-04 0.0
8.22145100e-01 5.68809446e-04 0.0
8.23146079e-01 2.00058870e-04 0.0
8.23734318e-01 -2.20377704e-04 0.0
8.23851731e-01 -7.02279262e-04 0.0
8.23429242e-01 -1.25625462e-03 0.0
8.22385690e-01 -1.89403653e-03 0.0
8.20626444e-01 -2.62874197e-03 0.0
8.18041550e-01 -3.47548993e-03 0.0
8.14503162e-01 -4.45218868e-03 0.0
8.09861801e-01 -5.58097692e-03 0.0
8.03940823e-01 -6.89033225e-03 0.0
7.96527957e-01 -8.41862117e-03 0.0
7.87362227e-01 -1.02196683e-02 0.0
7.76113326e-01 -1.23720712e-02 0.0
7.62348609e-01 -1.49946679e-02 0.0
7.45479347e-01 -1.82732887e-02 0.0
7.24671757e-01 -2.25079403e-02 0.0
6.98697505e-01 -2.81990188e-02 0.0
6.65680730e-01 -3.62093500e-02 0.0
6.22676386e-01 -4.80765927e-02 0.0
5.65022023e-01 -6.66153250e-02 0.0
4.85625636e-01 -9.69952256e-02 0.0
3.75495803e-01 -1.48087580e-01 0.0
2.30606303e-01 -2.30847806e-01 0.0
7.61631619e-02 -3.36786794e-01 0.0
1.33606841e-03 -3.37215928e-01 0.0
1.18217961e-01 1.28152683e-01 0.0
3.39737635e-01 1.12111867e-01 0.0
5.11896751e-01 7.46723923e-02 0.0
6.25266819e-01 4.82107598e-02 0.0
6.99296728e-01 3.19114510e-02 0.0
7.49225244e-01 2.20137512e-02 0.0
7.84387676e-01 1.58615488e-02 0.0
8.10237163e-01 1.18911881e-02 0.0
8.29975405e-01 9.21908227e-03 0.0
8.45531228e-01 7.34525179e-03 0.0
8.58108001e-01 5.98111639e-03 0.0
8.68485948e-01 4.95531181e-03 0.0
8.77190773e-01 4.16254284e-03 0.0
8.84589737e-01 3.53587996e-03 0.0
8.90947919e-01 3.03118455e-03 0.0
8.96462209e-01 2.61847504e-03 0.0
9.01282503e-01 2.27665169e-03 0.0
9.05525351e-01 1.99057302e-03 0.0
9.09283015e-01 1.74897954e-03 0.0
9.12629647e-01 1.54344897e-03 0.0
9.15625607e-01 1.36741427e-03 0.0
9.18320551e-01 1.21581123e-03 0.0
9.20755676e-01 1.08450949e-03 0.0
9.22965372e-01 9.70246755e-04 0.0
9.24978454e-01 8.70229530e-04 0.0
9.26819089e-01 7.82199799e-04 0.0
9.28507477e-01 7.04110315e-04 0.0
9.30060363e-01 6.34258671e-04 0.0
9.31491406e-01 5.70997260e-04 0.0
9.32811436e-01 5.12904339e-04 0.0
9.34028614e-01 4.58511332e-04 0.0
9.35148529e-01 4.06495344e-04 0.0
9.36174217e-01 3.55416585e-04 0.0
9.37106139e-01 3.03923659e-04 0.0
9.37942105e-01 2.50498712e-04 0.0
9.38677165e-01 1.93670080e-04 0.0
9.39303464e-01 1.31764839e-04 0.0
9.39810072e-01 6.31244113e-05 0.0
9.40182783e-01 -1.41359265e-05 0.0
9.40403906e-01 -1.01914281e-04 0.0
9.40452011e-01 -2.02359196e-04 0.0
9.40301661e-01 -3.17670772e-04 0.0
9.39923088e-01 -4.50346220e-04 0.0
9.39281799e-01 -6.03018635e-04 0.0
9.38338065e-01 -7.78742395e-04 0.0
9.37046217e-01 -9.80922658e-04 0.0
9.35353628e-01 -1.21371732e-03 0.0
9.33199207e-01 -1.48218160e-03 0.0
9.30511092e-01 -1.79297928e-03 0.0
9.27203073e-01 -2.15506098e-03 0.0
9.23168960e-01 -2.58121461e-03 0.0
9.18273565e-01 -3.09020160e-03 0.0
9.12337982e-01 -3.71080569e-03 0.0
9.05114984e-01 -4.48853904e-03 0.0
8.96246611e-01 -5.49827733e-03 0.0
8.85188240e-01 -6.86807403e-03 0.0
8.71066046e-01 -8.82772002e-03 0.0
8.52393826e-01 -1.18130780e-02 0.0
8.26473356e-01 -1.67056971e-02 0.0
7.88051251e-01 -2.54013836e-02 0.0
7.26288996e-01 -4.20751010e-02 0.0
6.18943779e-01 -7.49478422e-02 0.0
4.29191431e-01 -1.31647886e-01 0.0
1.54116601e-01 -1.67861016e-01 0.0
SCALARS velocity_magnitude double 1
LOOKUP_TABLE default
2.26623115e-04
3.77053351e-04
3.30936120e-04
2.74312246e-04
2.38051963e-04
2.86476530e-04
4.35083722e-04
6.47167256e-04
8.98770055e-04
1.17740969e-03
1.47498856e-03
1.78542117e-03
2.10380753e-03
2.42611194e-03
2.74895879e-03
3.06951475e-03
3.38536987e-03
3.69445978e-03
3.99497724e-03
4.28531681e-03
4.56400987e-03
4.82968905e-03
5.08104408e-03
5.31680387e-03
5.53570995e-03
5.73651320e-03
5.91796138e-03
6.07880737e-03
6.21780757e-03
6.33373901e-03
6.42540608e-03
6.49166450e-03
6.53143475e-03
6.54373143e-03
6.52768223e-03
6.48256165e-03
6.40781448e-03
6.30309285e-03
6.16828301e-03
6.00354417e-03
5.80933686e-03
5.58646152e-03
5.33608576e-03
5.05977968e-03
4.75953875e-03
4.43781198e-03
4.09751626e-03
3.74205333e-03
3.37531131e-03
3.00166684e-03
2.62597110e-03
2.25353634e-03
1.89010865e-03
1.54184872e-03
1.21531581e-03
9.17509123e-04
6.56046997e-04
4.39833872e-04
2.81024837e-04
1.96901922e-04
1.90830847e-04
2.35706295e-04
3.14171448e-04
2.28326201e-04
3.13202383e-04
5.59691639e-04
5.73341618e-04
5.84839842e-04
7.33868084e-04
1.07755827e-03
1.57764489e-03
2.19246381e-03
2.89400382e-03
3.66159794e-03
4.47841103e-03
5.33011802e-03
6.20436693e-03
7.09048392e-03
7.97925045e-03
8.86270084e-03
9.73392845e-03
1.05869031e-02
1.14163012e-02
1.22173542e-02
1.29857166e-02
1.37173552e-02
1.44084592e-02
1.50553716e-02
1.56545395e-02
1.62024822e-02
1.66957765e-02
1.71310547e-02
1.75050173e-02
1.78144555e-02
1.80562852e-02
1.82275881e-02
1.83256636e-02
1.83480836e-02
1.82927592e-02
1.81580068e-02
1.79426252e-02
1.76459712e-02
1.72680430e-02
1.68095605e-02
1.62720515e-02
1.56579300e-02
1.49705785e-02
1.42144170e-02
1.33949715e-02
1.25189237e-02
1.15941549e-02
1.06297631e-02
9.63606956e-03
8.62458990e-03
7.60798757e-03
6.59998416e-03
5.61524285e-03
4.66919917e-03
3.77785635e-03
2.95752891e-03
2.22460485e-03
1.59552358e-03
1.08783835e-03
7.24592140e-04
5.38067625e-04
5.22903737e-04
5.65987553e-04
3.83087189e-04
2.40204935e-04
5.42747859e-04
7.20256188e-04
1.00709920e-03
1.48541472e-03
2.15913271e-03
3.00284921e-03
3.98907645e-03
5.09244311e-03
6.28959062e-03
7.55900585e-03
8.88104939e-03
1.02379909e-02
1.16139933e-02
1.29950160e-02
1.43686668e-02
1.57240119e-02
1.70513732e-02
1.83421207e-02
1.95884798e-02
2.07833535e-02
2.19201716e-02
2.29927628e-02
2.39952570e-02
2.49220109e-02
2.57675610e-02
2.65265971e-02
2.71939601e-02
2.77646548e-02
2.82338835e-02
2.85970904e-02
2.88500236e-02
2.89888048e-02
2.90100136e-02
2.89107765e-02
2.86888693e-02
2.83428200e-02
2.78720234e-02
2.72768535e-02
2.65587834e-02
2.57204989e-02
2.47660154e-02
2.37007818e-02
2.25317828e-02
2.12676193e-02
1.99185788e-02
1.84966751e-02
1.70156660e-02
1.54910281e-02
1.39398944e-02
1.23809334e-02
1.08341660e-02
9.32069730e-03
7.86234804e-03
6.48114912e-03
5.19867612e-03
4.03521379e-03
3.00889048e-03
2.13542404e-03
1.43074695e-03
9.21840036e-04
6.54577899e-04
5.81566556e-04
3.45936714e-04
2.08406837e-04
6.21023846e-04
1.08962927e-03
1.72274062e-03
2.53773824e-03
3.53741814e-03
4.71115624e-03
6.04094040e-03
7.50511843e-03
9.08054595e-03
1.07439534e-02
1.24728421e-02
1.42460519e-02
1.60440704e-02
1.78491503e-02
1.96452897e-02
2.14181200e-02
2.31547407e-02
2.48435263e-02
2.64739292e-02
2.80362908e-02
2.95216724e-02
3.09217101e-02
3.22284986e-02
3.34345033e-02
3.45325014e-02
3.55155495e-02
3.63769767e-02
3.71104009e-02
3.77097647e-02
3.81693913e-02
3.84840549e-02
3.86490686e-02
3.86603809e-02
3.85146887e-02
3.82095536e-02
3.77435323e-02
3.71163066e-02
3.63288226e-02
3.53834254e-02
3.42839979e-02
3.30360880e-02
3.16470329e-02
3.01260632e-02
2.84843943e-02
2.67352859e-02
2.48940752e-02
2.29781629e-02
2.10069538e-02
1.90017283e-02
1.69854409e-02
1.49824158e-02
1.30179268e-02
1.11176241e-02
9.30678767e-03
7.60938846e-03
6.04700858e-03
4.63783601e-03
3.39640439e-03
2.33576296e-03
1.47597352e-03
8.64458200e-04
5.64021246e-04
2.97438788e-04
2.43404578e-04
8.79526737e-04
1.68323869e-03
2.66702941e-03
3.82492524e-03
5.15705156e-03
6.65779284e-03
8.31488063e-03
1.01108679e-02
1.20249415e-02
1.40345221e-02
1.61165353e-02
1.82483325e-02
2.04083052e-02
2.25762421e-02
2.47334909e-02
2.68629777e-02
2.89491311e-02
3.09777483e-02
3.29358330e-02
3.48114253e-02
3.65934399e-02
3.82715230e-02
3.98359318e-02
4.12774432e-02
4.25872902e-02
4.37571264e-02
4.47790183e-02
4.56454612e-02
4.63494193e-02
4.68843850e-02
4.72444584e-02
4.74244404e-02
4.74199435e-02
4.72275104e-02
4.68447474e-02
4.62704602e-02
4.55048005e-02
4.45494097e-02
4.34075677e-02
4.20843316e-02
4.05866723e-02
3.89235916e-02
3.71062277e-02
3.51479277e-02
3.30642947e-02
3.08731867e-02
2.85946679e-02
2.62508901e-02
2.38658989e-02
2.14653370e-02
1.90760345e-02
1.67254570e-02
1.44410018e-02
1.22491364e-02
1.01744236e-02
8.23856359e-03
6.45977700e-03
4.85318064e-03
3.43336022e-03
2.22114866e-03
1.25814332e-03
6.31716932e-04
2.48602914e-04
3.59646644e-04
1.30578669e-03
2.46590779e-03
3.81122342e-03
5.32235001e-03
6.99356614e-03
8.81978648e-03
1.07922025e-02
1.28974188e-02
1.51180608e-02
1.74339137e-02
1.98231214e-02
2.22632350e-02
2.47320243e-02
2.72080460e-02
2.96709967e-02
3.21018903e-02
3.44831086e-02
3.67983601e-02
3.90325867e-02
4.11718395e-02
4.32031495e-02
4.51144023e-02
4.68942309e-02
4.85319299e-02
5.00173954e-02
5.13410912e-02
5.24940416e-02
5.34678496e-02
5.42547372e-02
5.48476091e-02
5.52401326e-02
5.54268382e-02
5.54032300e-02
5.51659131e-02
5.47127257e-02
5.40428839e-02
5.31571234e-02
5.20578499e-02
5.07492786e-02
4.92375745e-02
4.75309730e-02
4.56398902e-02
4.35770031e-02
4.13573037e-02
3.89981078e-02
3.65190191e-02
3.39418259e-02
3.12903272e-02
2.85900648e-02
2.58679535e-02
2.31517880e-02
2.04696260e-02
1.78490471e-02
1.53163327e-02
1.28956567e-02
1.06084925e-02
8.47358366e-03
6.50804583e-03
4.73037009e-03
3.16625587e-03
1.85842171e-03
8.85015562e-04
2.42886383e-04
5.45444479e-04
1.87449738e-03
3.42285446e-03
5.14784187e-03
7.02314633e-03
9.03828714e-03
1.11876102e-02
1.34647098e-02
1.58599740e-02
1.83599926e-02
2.09479670e-02
2.36045705e-02
2.63089136e-02
2.90394262e-02
3.17745699e-02
3.44933561e-02
3.71756886e-02
3.98025521e-02
4.23560928e-02
4.48196135e-02
4.71775236e-02
4.94152583e-02
5.15191925e-02
5.34765577e-02
5.52753736e-02
5.69043991e-02
5.83531050e-02
5.96116714e-02
6.06710069e-02
6.15227925e-02
6.21595430e-02
6.25746906e-02
6.27626812e-02
6.27190889e-02
6.24407367e-02
6.19258314e-02
6.11740979e-02
6.01869215e-02
5.89674823e-02
5.75208899e-02
5.58543011e-02
5.39770274e-02
5.19006142e-02
4.96388973e-02
4.72080149e-02
4.46263809e-02
4.19145943e-02
3.90952883e-02
3.61928936e-02
3.32333168e-02
3.02435149e-02
2.72509717e-02
2.42830793e-02
2.13664634e-02
1.85263204e-02
1.57859027e-02
1.31663653e-02
1.06872957e-02
8.36832837e-03
6.23227337e-03
4.31003445e-03
2.64740499e-03
1.31573749e-03
3.33678249e-04
7.87311368e-04
2.56999573e-03
4.54677112e-03
6.67462476e-03
8.92633663e-03
1.12896821e-02
1.37592725e-02
1.63311114e-02
1.89993898e-02
2.17550115e-02
2.45853009e-02
2.74744159e-02
3.04040985e-02
3.33545165e-02
3.63050426e-02
3.92349015e-02
4.21236547e-02
4.49515390e-02
4.76996706e-02
5.03501557e-02
5.28861236e-02
5.52917189e-02
5.75520644e-02
5.96532184e-02
6.15821311e-02
6.33266159e-02
6.48753328e-02
6.62177937e-02
6.73443858e-02
6.82464156e-02
6.89161720e-02
6.93470054e-02
6.95334236e-02
6.94711977e-02
6.91574814e-02
6.85909319e-02
6.77718396e-02
6.67022512e-02
6.53860935e-02
6.38292815e-02
6.20398179e-02
6.00278651e-02
5.78057967e-02
5.53882077e-02
5.27918898e-02
5.00357485e-02
4.71406679e-02
4.41293008e-02
4.10257896e-02
3.78553999e-02
3.46440809e-02
3.14179523e-02
2.82027556e-02
2.50233163e-02
2.19031172e-02
1.88641163e-02
1.59270102e-02
1.31121766e-02
1.04415402e-02
7.94150384e-03
5.64687118e-03
3.60535415e-03
1.88338249e-03
5.07489323e-04
1.07680375e-03
3.38124046e-03
5.83077456e-03
8.38864607e-03
1.10313564e-02
1.37482730e-02
1.65360213e-02
1.93937971e-02
2.23200112e-02
2.53103048e-02
2.83567070e-02
3.14476112e-02
3.45682570e-02
3.77014544e-02
4.08283709e-02
4.39292556e-02
4.69840530e-02
4.99728714e-02
5.28763270e-02
5.56757680e-02
5.83534143e-02
6.08924276e-02
6.32769434e-02
6.54920730e-02
6.75239003e-02
6.93594745e-02
7.09868137e-02
7.23949190e-02
7.35738045e-02
7.45145431e-02
7.52093274e-02
7.56515476e-02
7.58358779e-02
7.57583789e-02
7.54166011e-02
7.48096985e-02
7.39385364e-02
7.28058009e-02
7.14160930e-02
6.97760161e-02
6.78942356e-02
6.57815212e-02
6.34507487e-02
6.09168714e-02
5.81968368e-02
5.53094600e-02
5.22752288e-02
4.91160549e-02
4.58549520e-02
4.25156600e-02
3.91222143e-02
3.56984963e-02
3.22677982e-02
2.88524785e-02
2.54737954e-02
2.21520538e-02
1.89072059e-02
1.57600599e-02
1.27341830e-02
9.85846955e-03
7.17008680e-03
4.71726546e-03
2.56213170e-03
7.34729821e-04
1.40827407e-03
4.29903794e-03
7.26715783e-03
1.02850826e-02
1.33361269e-02
1.64141292e-02
1.95197143e-02
2.26564741e-02
2.58277846e-02
2.90346007e-02
3.22742384e-02
3.55399886e-02
3.88213249e-02
4.21044814e-02
4.53731938e-02
4.86094745e-02
5.17943162e-02
5.49082928e-02
5.79320262e-02
6.08465427e-02
6.36335154e-02
6.62754345e-02
6.87557073e-02
7.10587255e-02
7.31699002e-02
7.50756913e-02
7.67636294e-02
7.82223459e-02
7.94416099e-02
8.04123761e-02
8.11268458e-02
8.15785372e-02
8.17623678e-02
8.16747408e-02
8.13136407e-02
8.06787232e-02
7.97714087e-02
7.85949601e-02
7.71545551e-02
7.54573312e-02
7.35124151e-02
7.13309119e-02
6.89258678e-02
6.63121795e-02
6.35064671e-02
6.05268841e-02
5.73928841e-02
5.41249252e-02
5.07441357e-02
4.72719391e-02
4.37296748e-02
4.01382374e-02
3.65178000e-02
3.28876790e-02
2.92664395e-02
2.56723298e-02
2.21241494e-02
1.86426023e-02
1.52521331e-02
1.19830834e-02
8.87383156e-03
5.97235575e-03
3.33734233e-03
1.00095104e-03
1.77751903e-03
5.31536734e-03
8.84780255e-03
1.23576358e-02
1.58368681e-02
1.92860119e-02
2.27115295e-02
2.61227393e-02
2.95289161e-02
3.29370346e-02
3.63503260e-02
3.97676084e-02
4.31832585e-02
4.65876239e-02
4.99677072e-02
5.33079476e-02
5.65910089e-02
5.97984813e-02
6.29114842e-02
6.59111370e-02
6.87789281e-02
7.14969758e-02
7.40482207e-02
7.64165518e-02
7.85868993e-02
8.05452959e-02
8.22789297e-02
8.37761877e-02
8.50267041e-02
8.60214117e-02
8.67525995e-02
8.72139803e-02
8.74007594e-02
8.73097127e-02
8.69392595e-02
8.62895382e-02
8.53624676e-02
8.41618029e-02
8.26931647e-02
8.09640542e-02
7.89838274e-02
7.67636455e-02
7.43163736e-02
7.16564452e-02
6.87996685e-02
6.57629957e-02
6.25642363e-02
5.92217437e-02
5.57540682e-02
5.21796186e-02
4.85163457e-02
4.47815098e-02
4.09915702e-02
3.71622801e-02
3.33090414e-02
2.94476002e-02
2.55951142e-02
2.17715983e-02
1.80016519e-02
1.43162731e-02
1.07543882e-02
7.36363635e-03
4.20052249e-03
1.29958440e-03
2.18125274e-03
6.42326355e-03
1.05647901e-02
1.45993160e-02
1.85285976e-02
2.23614007e-02
2.61115641e-02
2.97954072e-02
3.34290881e-02
3.70263797e-02
4.05970880e-02
4.41461843e-02
4.76735672e-02
5.11743346e-02
5.46393808e-02
5.80561875e-02
6.14096566e-02
6.46829213e-02
6.78580558e-02
7.09166823e-02
7.38404471e-02
7.66113979e-02
7.92122571e-02
8.16266293e-02
8.38391436e-02
8.58355641e-02
8.76028678e-02
8.91293118e-02
9.04044904e-02
9.14193918e-02
9.21664549e-02
9.26396278e-02
9.28344297e-02
9.27480084e-02
9.23791996e-02
9.17285721e-02
9.07984679e-02
8.95930156e-02
8.81181310e-02
8.63814765e-02
8.43923983e-02
8.21618114e-02
7.97020531e-02
7.70266787e-02
7.41502249e-02
7.10879184e-02
6.78553648e-02
6.44682078e-02
6.09418033e-02
5.72909167e-02
5.35295057e-02
4.96706141e-02
4.57264535e-02
4.17087100e-02
3.76291466e-02
3.35005181e-02
2.93378177e-02
2.51597863e-02
2.09905702e-02
1.68612864e-02
1.28111733e-02
8.88791962e-03
5.14737427e-03
1.62753709e-03
2.61686617e-03
7.61680593e-03
1.24108504e-02
1.70031363e-02
2.14057730e-02
2.56368879e-02
2.97189284e-02
3.36763421e-02
3.75331231e-02
4.13106216e-02
4.50258911e-02
4.86906601e-02
5.23109412e-02
5.58871583e-02
5.94146794e-02
6.28845811e-02
6.62845389e-02
6.95997104e-02
7.28135698e-02
7.59086232e-02
7.88670172e-02
8.16710131e-02
8.43033667e-02
8.67476035e-02
8.89882326e-02
9.10108960e-02
9.28024867e-02
9.43512333e-02
9.56467739e-02
9.66802153e-02
9.74441894e-02
9.79329057e-02
9.81421981e-02
9.80695699e-02
9.77142256e-02
9.70770966e-02
9.61608409e-02
9.49698297e-02
9.35100941e-02
9.17892495e-02
8.98163675e-02
8.76018176e-02
8.51570505e-02
8.24943495e-02
7.96265276e-02
7.65666064e-02
7.33274635e-02
6.99214976e-02
6.63603128e-02
6.26544872e-02
5.88134429e-02
5.48454938e-02
5.07580987e-02
4.65583898e-02
4.22539883e-02
3.78541390e-02
3.33711111e-02
2.88218050e-02
2.42293896e-02
1.96247613e-02
1.50474999e-02
1.05460205e-02
6.17713295e-03
1.98379634e-03
3.08230269e-03
8.89108331e-03
1.43796202e-02
1.95625993e-02
2.44628461e-02
2.91086511e-02
3.35320448e-02
3.77665762e-02
4.18449391e-02
4.57968116e-02
4.96471327e-02
5.34149732e-02
5.71129994e-02
6.07474998e-02
6.43188322e-02
6.78221851e-02
7.12484865e-02
7.45853800e-02
7.78181463e-02
8.09305528e-02
8.39055642e-02
8.67259440e-02
8.93747169e-02
9.18355404e-02
9.40929719e-02
9.61326797e-02
9.79415881e-02
9.95079944e-02
1.00821651e-01
1.01873837e-01
1.02657405e-01
1.03166835e-01
1.03398263e-01
1.03349507e-01
1.03020080e-01
1.02411178e-01
1.01525658e-01
1.00367972e-01
9.89440823e-02
9.72613208e-02
9.53282232e-02
9.31542984e-02
9.07497702e-02
8.81252581e-02
8.52914416e-02
8.22586857e-02
7.90366832e-02
7.56341059e-02
7.20583357e-02
6.83152821e-02
6.44093694e-02
6.03437093e-02
5.61205407e-02
5.17419428e-02
4.72108721e-02
4.25324863e-02
3.77157327e-02
3.27750732e-02
2.77322077e-02
2.26175452e-02
1.74711652e-02
1.23429827e-02
7.29238027e-03
2.36893783e-03
3.57596935e-03
1.02421408e-02
1.64657526e-02
2.22719834e-02
2.76946572e-02
3.27728520e-02
3.75489854e-02
4.20665358e-02
4.63676770e-02
5.04910923e-02
5.44702094e-02
5.83319666e-02
6.20961868e-02
6.57754925e-02
6.93757074e-02
7.28965818e-02
7.63327482e-02
7.96747460e-02
8.29100597e-02
8.60240608e-02
8.90008542e-02
9.18239719e-02
9.44769524e-02
9.69437807e-02
9.92092392e-02
1.01259158e-01
1.03080611e-01
1.04662051e-01
1.05993410e-01
1.07066179e-01
1.07873454e-01
1.08409977e-01
1.08672156e-01
1.08658071e-01
1.08367458e-01
1.07801674e-01
1.06963627e-01
1.05857684e-01
1.04489523e-01
1.02865962e-01
1.00994720e-01
9.88841459e-02
9.65428941e-02
9.39795682e-02
9.12023248e-02
8.82184878e-02
8.50341564e-02
8.16538839e-02
7.80804237e-02
7.43146294e-02
7.03555190e-02
6.62005931e-02
6.18464120e-02
5.72895045e-02
5.25275824e-02
4.75610809e-02
4.23949301e-02
3.70404828e-02
3.15174002e-02
2.58553018e-02
2.00948873e-02
1.42883138e-02
8.49903941e-03
2.78499229e-03
4.09667224e-03
1.16668938e-02
1.86649190e-02
2.51264662e-02
3.10966554e-02
3.66259131e-02
4.17677404e-02
4.65762824e-02
5.11038776e-02
5.53988337e-02
5.95035928e-02
6.34534411e-02
6.72757825e-02
7.09899980e-02
7.46077759e-02
7.81338431e-02
8.15669229e-02
8.49008441e-02
8.81256455e-02
9.12286465e-02
9.41953837e-02
9.70104349e-02
9.96580774e-02
1.02122833e-01
1.04389870e-01
1.06445327e-01
1.08276534e-01
1.09872185e-01
1.11222453e-01
1.12319073e-01
1.13155392e-01
1.13726398e-01
1.14028731e-01
1.14060660e-01
1.13822048e-01
1.13314281e-01
1.12540168e-01
1.11503796e-01
1.10210352e-01
1.08665882e-01
1.06877020e-01
1.04850653e-01
1.02593555e-01
1.00111976e-01
9.74112247e-02
9.44952385e-02
9.13662065e-02
8.80242342e-02
8.44671458e-02
8.06904165e-02
7.66873407e-02
7.24494316e-02
6.79671501e-02
6.32309441e-02
5.82326595e-02
5.29672602e-02
4.74348452e-02
4.16428139e-02
3.56080559e-02
2.93589068e-02
2.29366372e-02
1.63962028e-02
9.80646786e-03
3.23540641e-03
4.64355735e-03
1.31630328e-02
2.09737367e-02
2.81221155e-02
3.46649693e-02
4.06646415e-02
4.61863864e-02
5.12956840e-02
5.60556634e-02
6.05247895e-02
6.47549875e-02
6.87902802e-02
7.26660244e-02
7.64086942e-02
8.00361983e-02
8.35585755e-02
8.69790023e-02
9.02949306e-02
9.34992998e-02
9.65816805e-02
9.95293433e-02
1.02328163e-01
1.04963397e-01
1.07420294e-01
1.09684589e-01
1.11742860e-01
1.13582809e-01
1.15193451e-01
1.16565256e-01
1.17690230e-01
1.18561972e-01
1.19175691e-01
1.19528199e-01
1.19617876e-01
1.19444597e-01
1.19009640e-01
1.18315537e-01
1.17365904e-01
1.16165197e-01
1.14718450e-01
1.13030935e-01
1.11107797e-01
1.08953628e-01
1.06572042e-01
1.03965203e-01
1.01133406e-01
9.80746688e-02
9.47844304e-02
9.12553543e-02
8.74773288e-02
8.34376629e-02
7.91215878e-02
7.45130505e-02
6.95958949e-02
6.43553960e-02
5.87801961e-02
5.28645492e-02
4.66108320e-02
4.00321198e-02
3.31546515e-02
2.60198629e-02
1.86857471e-02
1.12276161e-02
3.72511024e-03
5.21606015e-03
1.47289062e-02
2.33896357e-02
3.12557769e-02
3.83963317e-02
4.48862145e-02
5.08031162e-02
5.62245051e-02
6.12248566e-02
6.58732644e-02
7.02315027e-02
7.43526544e-02
7.82802956e-02
8.20482758e-02
8.56809865e-02
8.91940830e-02
9.25954845e-02
9.58865905e-02
9.90635366e-02
1.02118458e-01
1.05040626e-01
1.07817485e-01
1.10435491e-01
1.12880835e-01
1.15139976e-01
1.17200083e-01
1.19049335e-01
1.20677156e-01
1.22074359e-01
1.23233249e-01
1.24147668e-01
1.24813011e-01
1.25226200e-01
1.25385626e-01
1.25291056e-01
1.24943499e-01
1.24345035e-01
1.23498587e-01
1.22407659e-01
1.21076010e-01
1.19507290e-01
1.17704622e-01
1.15670163e-01
1.13404621e-01
1.10906802e-01
1.08173140e-01
1.05197327e-01
1.01969981e-01
9.84784990e-02
9.47070429e-02
9.06367944e-02
8.62464548e-02
8.15131149e-02
7.64134704e-02
7.09254904e-02
6.50304928e-02
5.87156744e-02
5.19769779e-02
4.48222188e-02
3.72742077e-02
2.93736101e-02
2.11811618e-02
1.27792491e-02
4.26061078e-03
5.81385861e-03
1.63634004e-02
2.59106789e-02
3.45248613e-02
4.22878782e-02
4.92880086e-02
5.56161426e-02
6.13623761e-02
6.66130452e-02
7.14482368e-02
7.59398576e-02
8.01502481e-02
8.41314007e-02
8.79247125e-02
9.15612805e-02
9.50625965e-02
9.84416003e-02
1.01703904e-01
1.04849145e-01
1.07872295e-01
1.10764920e-01
1.13516273e-01
1.16114259e-01
1.18546200e-01
1.20799471e-01
1.22861965e-01
1.24722459e-01
1.26370860e-01
1.27798382e-01
1.28997644e-01
1.29962723e-01
1.30689155e-01
1.31173899e-01
1.31415252e-01
1.31412734e-01
1.31166924e-01
1.30679246e-01
1.29951721e-01
1.28986650e-01
1.27786273e-01
1.26352349e-01
1.24685734e-01
1.22785891e-01
1.20650425e-01
1.18274583e-01
1.15650821e-01
1.12768391e-01
1.09613061e-01
1.06166919e-01
1.02408402e-01
9.83124940e-02
9.38512519e-02
8.89946152e-02
8.37116584e-02
7.79722603e-02
7.17493267e-02
6.50215246e-02
5.77765900e-02
5.00150610e-02
4.17543072e-02
3.30324763e-02
2.39119746e-02
1.44822218e-02
4.85017005e-03
6.43683528e-03
1.80658039e-02
2.85353261e-02
3.79270323e-02
4.63367957e-02
5.38672826e-02
6.06234455e-02
6.67086661e-02
7.22215618e-02
7.72534777e-02
8.18865783e-02
8.61925573e-02
9.02318830e-02
9.40536152e-02
9.76956817e-02
1.01185617e-01
1.04541594e-01
1.07773717e-01
1.10885387e-01
1.13874714e-01
1.16735820e-01
1.19460046e-01
1.22036969e-01
1.24455268e-01
1.26703400e-01
1.28770144e-01
1.30644983e-01
1.32318398e-01
1.33782048e-01
1.35028886e-01
1.36053208e-01
1.36850643e-01
1.37418103e-01
1.37753678e-01
1.37856495e-01
1.37726519e-01
1.37364325e-01
1.36770792e-01
1.35946786e-01
1.34892756e-01
1.33608330e-01
1.32091834e-01
1.30339835e-01
1.28346627e-01
1.26103777e-01
1.23599658e-01
1.20819078e-01
1.17742962e-01
1.14348187e-01
1.10607536e-01
1.06489892e-01
1.01960643e-01
9.69824459e-02
9.15163489e-02
8.55234361e-02
7.89670283e-02
7.18156133e-02
6.40465043e-02
5.56503041e-02
4.66359833e-02
3.70363227e-02
2.69131296e-02
1.63618031e-02
5.50401698e-03
7.08505297e-03
1.98356700e-02
3.12621350e-02
4.14597586e-02
5.05398085e-02
5.86206715e-02
6.58223833e-02
7.22622335e-02
7.80514330e-02
8.32926453e-02
8.80782591e-02
9.24892256e-02
9.65944544e-02
1.00450661e-01
1.04102708e-01
1.07584309e-01
1.10919107e-01
1.14121939e-01
1.17200275e-01
1.20155637e-01
1.22985008e-01
1.25682077e-01
1.28238354e-01
1.30644084e-01
1.32889010e-01
1.34962937e-01
1.36856186e-01
1.38559887e-01
1.40066201e-01
1.41368431e-01
1.42461070e-01
1.43339786e-01
1.44001357e-01
1.44443543e-01
1.44664920e-01
1.44664662e-01
1.44442267e-01
1.43997251e-01
1.43328777e-01
1.42435260e-01
1.41313922e-01
1.39960339e-01
1.38367945e-01
1.36527575e-01
1.34426978e-01
1.32050412e-01
1.29378245e-01
1.26386674e-01
1.23047502e-01
1.19328086e-01
1.15191394e-01
1.10596333e-01
1.05498294e-01
9.98501204e-02
9.36035113e-02
8.67111290e-02
7.91294880e-02
7.08229176e-02
6.17686596e-02
5.19632026e-02
4.14295555e-02
3.02249345e-02
1.84480188e-02
6.23465953e-03
7.75875698e-03
2.16726645e-02
3.40893558e-02
4.51196814e-02
5.48924222e-02
6.35434790e-02
7.12091283e-02
7.80211156e-02
8.41032973e-02
8.95694588e-02
9.45218879e-02
9.90505254e-02
1.03232511e-01
1.07132163e-01
1.10801308e-01
1.14280013e-01
1.17597598e-01
1.20773937e-01
1.23820856e-01
1.26743634e-01
1.29542408e-01
1.32213523e-01
1.34750674e-01
1.37145921e-01
1.39390473e-01
1.41475339e-01
1.43391789e-01
1.45131701e-01
1.46687784e-01
1.48053703e-01
1.49224128e-01
1.50194711e-01
1.50961998e-01
1.51523291e-01
1.51876457e-01
1.52019677e-01
1.51951162e-01
1.51668807e-01
1.51169825e-01
1.50450316e-01
1.49504849e-01
1.48325979e-01
1.46903812e-01
1.45225527e-01
1.43274962e-01
1.41032196e-01
1.38473216e-01
1.35569598e-01
1.32288317e-01
1.28591573e-01
1.24436801e-01
1.19776760e-01
1.14559885e-01
1.08730882e-01
1.02231828e-01
9.50038537e-02
8.69898334e-02
7.81382898e-02
6.84090071e-02
5.77805398e-02
4.62597272e-02
3.38926432e-02
2.07759708e-02
7.05726234e-03
8.45842905e-03
2.35763976e-02
3.70143524e-02
4.89016713e-02
5.93878477e-02
6.86286855e-02
7.67779716e-02
8.39821689e-02
9.03774266e-02
9.60879872e-02
1.01225383e-01
1.05887988e-01
1.10160854e-01
1.14115753e-01
1.17811542e-01
1.21294806e-01
1.24600851e-01
1.27754903e-01
1.30773539e-01
1.33666133e-01
1.36436352e-01
1.39083498e-01
1.41603761e-01
1.43991243e-01
1.46238849e-01
1.48338943e-01
1.50283884e-01
1.52066379e-01
1.53679740e-01
1.55118007e-01
1.56376005e-01
1.57449304e-01
1.58334127e-01
1.59027184e-01
1.59525462e-01
1.59825956e-01
1.59925353e-01
1.59819687e-01
1.59503935e-01
1.58971618e-01
1.58214353e-01
1.57221431e-01
1.55979363e-01
1.54471494e-01
1.52677582e-01
1.50573477e-01
1.48130778e-01
1.45316588e-01
1.42093255e-01
1.38418214e-01
1.34243807e-01
1.29517230e-01
1.24180515e-01
1.18170754e-01
1.11420583e-01
1.03859295e-01
9.54148134e-02
8.60171867e-02
7.56041343e-02
6.41294867e-02
5.15749743e-02
3.79653974e-02
2.33860156e-02
7.99017182e-03
9.18493429e-03
2.55461903e-02
4.00326763e-02
5.27973853e-02
6.40154277e-02
7.38656583e-02
8.25205069e-02
9.01408314e-02
9.68739511e-02
1.02853274e-01
1.08198410e-01
1.13015365e-01
1.17396621e-01
1.21421285e-01
1.25155335e-01
1.28652183e-01
1.31953486e-01
1.35090293e-01
1.38084358e-01
1.40949620e-01
1.43693654e-01
1.46319107e-01
1.48824955e-01
1.51207633e-01
1.53461938e-01
1.55581782e-01
1.57560731e-01
1.59392421e-01
1.61070808e-01
1.62590326e-01
1.63945925e-01
1.65133038e-01
1.66147461e-01
1.66985181e-01
1.67642137e-01
1.68113932e-01
1.68395506e-01
1.68480754e-01
1.68362157e-01
1.68030339e-01
1.67473682e-01
1.66677888e-01
1.65625618e-01
1.64296096e-01
1.62664821e-01
1.60703238e-01
1.58378526e-01
1.55653334e-01
1.52485602e-01
1.48828312e-01
1.44629273e-01
1.39830801e-01
1.34369434e-01
1.28175577e-01
1.21173332e-01
1.13280592e-01
1.04409953e-01
9.44709593e-02
8.33748067e-02
7.10427230e-02
5.74196075e-02
4.24939180e-02
2.63235881e-02
9.05558121e-03
9.93984204e-03
2.75806565e-02
4.31364703e-02
5.67929541e-02
6.87583979e-02
7.92385324e-02
8.84249109e-02
9.64912120e-02
1.03593622e-01
1.09872468e-01
1.15453741e-01
1.20449969e-01
1.24960579e-01
1.29071938e-01
1.32857440e-01
1.36377767e-01
1.39681526e-01
1.42806161e-01
1.45779216e-01
1.48619701e-01
1.51339605e-01
1.53945306e-01
1.56438934e-01
1.58819520e-01
1.61084003e-01
1.63227998e-01
1.65246425e-01
1.67133923e-01
1.68885153e-01
1.70494946e-01
1.71958358e-01
1.73270618e-01
1.74427007e-01
1.75422655e-01
1.76252285e-01
1.76909912e-01
1.77388483e-01
1.77679510e-01
1.77772660e-01
1.77655367e-01
1.77312422e-01
1.76725618e-01
1.75873386e-01
1.74730531e-01
1.73267941e-01
1.71452428e-01
1.69246514e-01
1.66608331e-01
1.63491422e-01
1.59844580e-01
1.55611518e-01
1.50730474e-01
1.45133546e-01
1.38745893e-01
1.31484671e-01
1.23257992e-01
1.13964103e-01
1.03491613e-01
9.17218721e-02
7.85356263e-02
6.38266786e-02
4.75259507e-02
2.96381674e-02
1.02804558e-02
1.07260369e-02
2.96767281e-02
4.63114887e-02
6.08652592e-02
7.35907826e-02
8.47245163e-02
9.44757070e-02
1.03027063e-01
1.10539498e-01
1.17156898e-01
1.23009334e-01
1.28214644e-01
1.32878783e-01
1.37095602e-01
1.40946456e-01
1.44500091e-01
1.47812862e-01
1.50929458e-01
1.53883927e-01
1.56701045e-01
1.59397743e-01
1.61984620e-01
1.64467310e-01
1.66847761e-01
1.69125259e-01
1.71297321e-01
1.73360323e-01
1.75310008e-01
1.77141774e-01
1.78850869e-01
1.80432426e-01
1.81881418e-01
1.83192519e-01
1.84359877e-01
1.85376848e-01
1.86235658e-01
1.86927043e-01
1.87439849e-01
1.87760650e-01
1.87873332e-01
1.87758749e-01
1.87394359e-01
1.86753974e-01
1.85807498e-01
1.84520803e-01
1.82855585e-01
1.80769355e-01
1.78215353e-01
1.75142556e-01
1.71495507e-01
1.67214113e-01
1.62233112e-01
1.56481301e-01
1.49880234e-01
1.42342451e-01
1.33769055e-01
1.24046905e-01
1.13045765e-01
1.00616729e-01
8.65941996e-02
7.08058957e-02
5.30975058e-02
3.33803001e-02
1.16977425e-02
1.15487620e-02
3.18271066e-02
4.95313712e-02
6.49760238e-02
7.84735979e-02
9.02928278e-02
1.00655035e-01
1.09744478e-01
1.17720330e-01
1.24725481e-01
1.30891485e-01
1.36340395e-01
1.41184722e-01
1.45526454e-01
1.49455982e-01
1.53051267e-01
1.56377631e-01
1.59488057e-01
1.62424085e-01
1.65217012e-01
1.67889392e-01
1.70456524e-01
1.72927974e-01
1.75308872e-01
1.77601107e-01
1.79804230e-01
1.81916212e-01
1.83933950e-01
1.85853636e-01
1.87670931e-01
1.89381034e-01
1.90978613e-01
1.92457653e-01
1.93811220e-01
1.95031154e-01
1.96107723e-01
1.97029225e-01
1.97781601e-01
1.98348007e-01
1.98708454e-01
1.98839433e-01
1.98713642e-01
1.98299729e-01
1.97562174e-01
1.96461180e-01
1.94952729e-01
1.92988606e-01
1.90516568e-01
1.87480400e-01
1.83820011e-01
1.79471266e-01
1.74365650e-01
1.68429383e-01
1.61582008e-01
1.53733985e-01
1.44783222e-01
1.34610102e-01
1.23071135e-01
1.09991610e-01
9.51593767e-02
7.83246568e-02
5.92165010e-02
3.75941149e-02
1.33478937e-02
1.24169561e-02
3.40134347e-02
5.27466545e-02
6.90632390e-02
8.33515683e-02
9.59062992e-02
1.06947293e-01
1.16647848e-01
1.25156528e-01
1.32610080e-01
1.39139210e-01
1.44869828e-01
1.49921781e-01
1.54406669e-01
1.58425590e-01
1.62067489e-01
1.65408220e-01
1.68510494e-01
1.71424467e-01
1.74188929e-01
1.76832738e-01
1.79376473e-01
1.81833990e-01
1.84213925e-01
1.86520934e-01
1.88756768e-01
1.90921059e-01
1.93011939e-01
1.95026405e-01
1.96960552e-01
1.98809623e-01
2.00567951e-01
2.02228778e-01
2.03783999e-01
2.05223829e-01
2.06536421e-01
2.07707458e-01
2.08719718e-01
2.09552671e-01
2.10182073e-01
2.10579654e-01
2.10712815e-01
2.10544485e-01
2.10032991e-01
2.09132129e-01
2.07791238e-01
2.05955469e-01
2.03566021e-01
2.00560501e-01
1.96873141e-01
1.92434982e-01
1.87173668e-01
1.81012879e-01
1.73870920e-01
1.65658287e-01
1.56273512e-01
1.45596759e-01
1.33480150e-01
1.19734151e-01
1.04109883e-01
8.62805187e-02
6.58329496e-02
4.22993772e-02
1.52799371e-02
1.33430918e-02
3.61883944e-02
5.58650333e-02
7.30315325e-02
8.81547241e-02
1.01530064e-01
1.13350576e-01
1.23761097e-01
1.32889844e-01
1.40863126e-01
1.47809948e-01
1.53861106e-01
1.59145865e-01
1.63787873e-01
1.67901495e-01
1.71588969e-01
1.74938777e-01
1.78025036e-01
1.80907920e-01
1.83634713e-01
1.86241385e-01
1.88754294e-01
1.91191997e-01
1.93566839e-01
1.95886433e-01
1.98154795e-01
2.00373302e-01
2.02541331e-01
2.04656722e-01
2.06715999e-01
2.08714458e-01
2.10646075e-01
2.12503326e-01
2.14276887e-01
2.15955270e-01
2.17524412e-01
2.18967219e-01
2.20263122e-01
2.21387617e-01
2.22311888e-01
2.23002438e-01
2.23420866e-01
2.23523677e-01
2.23262292e-01
2.22583100e-01
2.21427739e-01
2.19733407e-01
2.17433373e-01
2.14457466e-01
2.10732660e-01
2.06183469e-01
2.00732216e-01
1.94298760e-01
1.86799600e-01
1.78145710e-01
1.68238658e-01
1.56963769e-01
1.44178895e-01
1.29696048e-01
1.13252470e-01
9.44675018e-02
7.27878845e-02
4.74493143e-02
1.75481318e-02
1.43318484e-02
3.82316666e-02
5.87222377e-02
7.67514179e-02
9.28163374e-02
1.07155874e-01
1.19899700e-01
1.31146401e-01
1.40997256e-01
1.49567369e-01
1.56985964e-01
1.63391912e-01
1.68927457e-01
1.73731930e-01
1.77936274e-01
1.81659020e-01
1.85003718e-01
1.88057911e-01
1.90893267e-01
1.93566700e-01
1.96122007e-01
1.98591862e-01
2.00999774e-01
2.03362004e-01
2.05689163e-01
2.07987601e-01
2.10260421e-01
2.12508271e-01
2.14729821e-01
2.16922051e-01
2.19080314e-01
2.21198256e-01
2.23267592e-01
2.25277781e-01
2.27215618e-01
2.29064767e-01
2.30805278e-01
2.32413068e-01
2.33859462e-01
2.35110733e-01
2.36127772e-01
2.36865782e-01
2.37274180e-01
2.37296545e-01
2.36870822e-01
2.35929587e-01
2.34400590e-01
2.32207330e-01
2.29269874e-01
2.25505612e-01
2.20830116e-01
2.15157711e-01
2.08401813e-01
2.00474515e-01
1.91285236e-01
1.80737568e-01
1.68723481e-01
1.55112797e-01
1.39734523e-01
1.22342863e-01
1.02554851e-01
7.97384134e-02
5.28354655e-02
2.01860155e-02
1.53147458e-02
3.98572242e-02
6.10667374e-02
8.01017206e-02
9.73319174e-02
1.12854524e-01
1.26705323e-01
1.38930761e-01
1.49608024e-01
1.58846153e-01
1.66780110e-01
1.73562071e-01
1.79352219e-01
1.84310029e-01
1.88587069e-01
1.92321523e-01
1.95634833e-01
1.98630063e-01
2.01391983e-01
2.03988158e-01
2.06470925e-01
2.08879590e-01
2.11242836e-01
2.13580830e-01
2.15907203e-01
2.18230540e-01
2.20555659e-01
2.22884417e-01
2.25216332e-01
2.27548839e-01
2.29877403e-01
2.32195388e-01
2.34493823e-01
2.36761013e-01
2.38982086e-01
2.41138471e-01
2.43207330e-01
2.45161017e-01
2.46966508e-01
2.48584946e-01
2.49971189e-01
2.51073555e-01
2.51833605e-01
2.52186193e-01
2.52059585e-01
2.51375901e-01
2.50051631e-01
2.47998490e-01
2.45124306e-01
2.41334184e-01
2.36531562e-01
2.30619317e-01
2.23500461e-01
2.15078402e-01
2.05256159e-01
1.93934231e-01
1.81006051e-01
1.66349841e-01
1.49813722e-01
1.31187458e-01
1.10143207e-01
8.60996290e-02
5.78978042e-02
2.30826639e-02
1.58577515e-02
4.05137559e-02
6.26870963e-02
8.31439796e-02
1.01896492e-01
1.18864914e-01
1.34006620e-01
1.47335512e-01
1.58919228e-01
1.68870783e-01
1.77338206e-01
1.84492971e-01
1.90518446e-01
1.95599023e-01
1.99911082e-01
2.03616049e-01
2.06856084e-01
2.09751931e-01
2.12402897e-01
2.14888125e-01
2.17268933e-01
2.19591452e-01
2.21889474e-01
2.24186970e-01
2.26500390e-01
2.28840426e-01
2.31213464e-01
2.33622521e-01
2.36067929e-01
2.38547624e-01
2.41057256e-01
2.43590025e-01
2.46136407e-01
2.48683699e-01
2.51215513e-01
2.53711151e-01
2.56144994e-01
2.58485834e-01
2.60696266e-01
2.62732104e-01
2.64541899e-01
2.66066565e-01
2.67239157e-01
2.67984829e-01
2.68221003e-01
2.67857771e-01
2.66798546e-01
2.64940977e-01
2.62178088e-01
2.58399629e-01
2.53493517e-01
2.47347260e-01
2.39849119e-01
2.30888725e-01
2.20356729e-01
2.08142931e-01
1.94132174e-01
1.78197003e-01
1.60185492e-01
1.39901076e-01
1.17065332e-01
9.12311384e-02
6.15074339e-02
2.54681209e-02
7.29502364e-03
2.16396115e-02
3.49743259e-02
4.72829572e-02
5.86971588e-02
6.93654422e-02
7.94242182e-02
8.89908059e-02
9.81614467e-02
1.07011564e-01
1.15597518e-01
1.23959123e-01
1.32122747e-01
1.40104383e-01
1.47912691e-01
1.55551468e-01
1.63021723e-01
1.70323000e-01
1.77454304e-01
1.84414412e-01
1.91202003e-01
1.97815389e-01
2.04252256e-01
2.10509167e-01
2.16581150e-01
2.22461129e-01
2.28139439e-01
2.33603229e-01
2.38835938e-01
2.43816693e-01
2.48519794e-01
2.52914186e-01
2.56963039e-01
2.60623422e-01
2.63846130e-01
2.66575725e-01
2.68750818e-01
2.70304699e-01
2.71166288e-01
2.71261584e-01
2.70515515e-01
2.68854384e-01
2.66208733e-01
2.62516830e-01
2.57728443e-01
2.51809073e-01
2.44744119e-01
2.36543026e-01
2.27242652e-01
2.16909726e-01
2.05641366e-01
1.93563326e-01
1.80824772e-01
1.67589158e-01
1.54020164e-01
1.40262716e-01
1.26418956e-01
1.12520536e-01
9.84986035e-02
8.41531906e-02
6.91203003e-02
5.28278829e-02
3.44267388e-02
1.28122365e-02
1.65531366e-03
2.16873568e-03
7.39068541e-03
1.31147162e-02
1.93616866e-02
2.63430513e-02
3.41739116e-02
4.28419500e-02
5.22461309e-02
6.22400494e-02
7.26626455e-02
8.33571875e-02
9.41815853e-02
1.05013677e-01
1.15752858e-01
1.26319849e-01
1.36654824e-01
1.46714999e-01
1.56471570e-01
1.65906810e-01
1.75011064e-01
1.83780219e-01
1.92213298e-01
2.00310570e-01
2.08071793e-01
2.15494876e-01
2.22574595e-01
2.29301614e-01
2.35661499e-01
2.41633943e-01
2.47191994e-01
2.52301452e-01
2.56920336e-01
2.60998533e-01
2.64477636e-01
2.67291022e-01
2.69364272e-01
2.70615935e-01
2.70958796e-01
2.70301614e-01
2.68551526e-01
2.65617016e-01
2.61411676e-01
2.55858548e-01
2.48895256e-01
2.40479571e-01
2.30595561e-01
2.19259748e-01
2.06527338e-01
1.92497704e-01
1.77319060e-01
1.61191314e-01
1.44366937e-01
1.27148655e-01
1.09883593e-01
9.29521019e-02
7.67494750e-02
6.16556006e-02
4.79849870e-02
3.59062491e-02
2.53352510e-02
1.58790479e-02
7.11789584e-03
9.36855097e-04
8.27111068e-04
4.79924448e-03
1.17781431e-02
1.95236485e-02
2.75776582e-02
3.58685749e-02
4.44304330e-02
5.32983151e-02
6.24771724e-02
7.19397509e-02
8.16345770e-02
9.14955284e-02
1.01450365e-01
1.11427083e-01
1.21358505e-01
1.31185021e-01
1.40856153e-01
1.50330866e-01
1.59577245e-01
1.68571435e-01
1.77296383e-01
1.85740243e-01
1.93894873e-01
2.01754235e-01
2.09313001e-01
2.16565159e-01
2.23502827e-01
2.30115096e-01
2.36387033e-01
2.42298730e-01
2.47824497e-01
2.52932119e-01
2.57582279e-01
2.61728117e-01
2.65315005e-01
2.68280565e-01
2.70554984e-01
2.72061719e-01
2.72718595e-01
2.72439446e-01
2.71136246e-01
2.68721921e-01
2.65113695e-01
2.60237173e-01
2.54030908e-01
2.46451596e-01
2.37479480e-01
2.27124027e-01
2.15429219e-01
2.02478359e-01
1.88397491e-01
1.73357111e-01
1.57570951e-01
1.41291258e-01
1.24798942e-01
1.08387601e-01
9.23395140e-02
7.68931272e-02
6.22036433e-02
4.83077314e-02
3.51237340e-02
2.25635380e-02
1.09161652e-02
1.81783927e-03
1.57035704e-03
7.93828479e-03
1.63828174e-02
2.55955520e-02
3.49891785e-02
4.43460187e-02
5.36210204e-02
6.28360169e-02
7.20286894e-02
8.12303791e-02
9.04578576e-02
9.97120808e-02
1.08979938e-01
1.18237616e-01
1.27454225e-01
1.36595485e-01
1.45626726e-01
1.54515349e-01
1.63232294e-01
1.71752931e-01
1.80057103e-01
1.88128827e-01
1.95955476e-01
2.03526876e-01
2.10834147e-01
2.17868624e-01
2.24620665e-01
2.31078605e-01
2.37227670e-01
2.43049052e-01
2.48518998e-01
2.53608064e-01
2.58280452e-01
2.62493534e-01
2.66197562e-01
2.69335605e-01
2.71843790e-01
2.73651850e-01
2.74684100e-01
2.74860789e-01
2.74100014e-01
2.72320056e-01
2.69442339e-01
2.65394800e-01
2.60115841e-01
2.53558517e-01
2.45695079e-01
2.36521347e-01
2.26060904e-01
2.14368396e-01
2.01531758e-01
1.87672425e-01
1.72943216e-01
1.57522783e-01
1.41606379e-01
1.25392134e-01
1.09063677e-01
9.27709332e-02
7.66156429e-02
6.06549073e-02
4.49498145e-02
2.97035528e-02
1.55413986e-02
3.85207403e-03
3.30356087e-03
1.16460161e-02
2.14233814e-02
3.18006595e-02
4.22322371e-02
5.24424554e-02
6.23324278e-02
7.19003633e-02
8.11901903e-02
9.02611174e-02
9.91706032e-02
1.07965197e-01
1.16676650e-01
1.25321197e-01
1.33901241e-01
1.42408121e-01
1.50825599e-01
1.59133058e-01
1.67308399e-01
1.75330038e-01
1.83178324e-01
1.90836090e-01
1.98288795e-01
2.05524077e-01
2.12531153e-01
2.19299903e-01
2.25819966e-01
2.32079702e-01
2.38065243e-01
2.43759519e-01
2.49141406e-01
2.54184925e-01
2.58858593e-01
2.63124900e-01
2.66939979e-01
2.70253494e-01
2.73008764e-01
2.75143209e-01
2.76589082e-01
2.77274614e-01
2.77125466e-01
2.76066651e-01
2.74024733e-01
2.70930468e-01
2.66721592e-01
2.61345899e-01
2.54764186e-01
2.46953195e-01
2.37907976e-01
2.27643793e-01
2.16196929e-01
2.03624513e-01
1.90002740e-01
1.75423753e-01
1.59990782e-01
1.43812355e-01
1.26996347e-01
1.09646987e-01
9.18699595e-02
7.37958769e-02
5.56363561e-02
3.77858871e-02
2.09494821e-02
6.12390166e-03
5.06483267e-03
1.56828270e-02
2.69270769e-02
3.83908534e-02
4.96932561e-02
6.05917515e-02
7.09785683e-02
8.08417271e-02
9.02267058e-02
9.92074339e-02
1.07866010e-01
1.16279565e-01
1.24512279e-01
1.32611713e-01
1.40608112e-01
1.48516116e-01
1.56337627e-01
1.64065391e-01
1.71686308e-01
1.79184415e-01
1.86543003e-01
1.93746132e-01
2.00779321e-01
2.07629813e-01
2.14286278e-01
2.20738342e-01
2.26975802e-01
2.32987847e-01
2.38762130e-01
2.44283938e-01
2.49535331e-01
2.54494415e-01
2.59134681e-01
2.63424506e-01
2.67326805e-01
2.70798871e-01
2.73792458e-01
2.76254062e-01
2.78125505e-01
2.79344726e-01
2.79846869e-01
2.79565526e-01
2.78434216e-01
2.76387862e-01
2.73364358e-01
2.69305900e-01
2.64160210e-01
2.57881285e-01
2.50429934e-01
2.41773802e-01
2.31887374e-01
2.20751855e-01
2.08355649e-01
1.94695485e-01
1.79779013e-01
1.63628995e-01
1.46290186e-01
1.27839957e-01
1.08405643e-01
8.81922546e-02
6.75238336e-02
4.68909374e-02
2.69638044e-02
8.44494792e-03
6.78744523e-03
1.98729185e-02
3.27790522e-02
4.53931108e-02
5.75240197e-02
6.90205931e-02
7.98113062e-02
8.98986363e-02
9.93385487e-02
1.08218452e-01
1.16638669e-01
1.24698238e-01
1.32485331e-01
1.40071515e-01
1.47509631e-01
1.54834171e-01
1.62063673e-01
1.69203934e-01
1.76251678e-01
1.83197797e-01
1.90030174e-01
1.96735643e-01
2.03301381e-01
2.09715520e-01
2.15967392e-01
2.22047263e-01
2.27945909e-01
2.33653929e-01
2.39161058e-01
2.44455369e-01
2.49522562e-01
2.54345266e-01
2.58902466e-01
2.63169032e-01
2.67115406e-01
2.70707463e-01
2.73906536e-01
2.76669653e-01
2.78949909e-01
2.80697027e-01
2.81857937e-01
2.82377443e-01
2.82198681e-01
2.81263454e-01
2.79512073e-01
2.76882832e-01
2.73310798e-01
2.68726237e-01
2.63052588e-01
2.56204741e-01
2.48087949e-01
2.38598608e-01
2.27627522e-01
2.15066920e-01
2.00821425e-01
1.84823450e-01
1.67052190e-01
1.47555788e-01
1.26475335e-01
1.04069517e-01
8.07351162e-02
5.70100491e-02
3.35264095e-02
1.08501343e-02
8.47634362e-03
2.41394393e-02
3.88767036e-02
5.27562536e-02
6.57508123e-02
7.78208712e-02
8.89612644e-02
9.92130444e-02
1.08656951e-01
1.17399992e-01
1.25560896e-01
1.33257581e-01
1.40597483e-01
1.47671429e-01
1.54550550e-01
1.61286107e-01
1.67911158e-01
1.74443672e-01
1.80889986e-01
1.87248394e-01
1.93512131e-01
1.99671877e-01
2.05717424e-01
2.11638821e-01
2.17426846e-01
2.23073163e-01
2.28570044e-01
2.33909990e-01
2.39085126e-01
2.44086625e-01
2.48904059e-01
2.53524858e-01
2.57933806e-01
2.62112686e-01
2.66040043e-01
2.69691107e-01
2.73037872e-01
2.76049290e-01
2.78691582e-01
2.80928522e-01
2.82721672e-01
2.84030302e-01
2.84810954e-01
2.85016271e-01
2.84593104e-01
2.83479525e-01
2.81601013e-01
2.78865736e-01
2.75159783e-01
2.70342904e-01
2.64246411e-01
2.56674433e-01
2.47410525e-01
2.36230559e-01
2.22922886e-01
2.07314836e-01
1.89304070e-01
1.68891167e-01
1.46209315e-01
1.21545011e-01
9.53419814e-02
6.81756107e-02
4.06804069e-02
1.34066953e-02
1.01474581e-02
2.84614994e-02
4.51626824e-02
6.04268408e-02
7.43540689e-02
8.70140882e-02
9.84824331e-02
1.08856095e-01
1.18254740e-01
1.26813827e-01
1.34674810e-01
1.41975156e-01
1.48840234e-01
1.55377553e-01
1.61673888e-01
1.67794737e-01
1.73785917e-01
1.79676295e-01
1.85481358e-01
1.91206672e-01
1.96851207e-01
2.02409939e-01
2.07875950e-01
2.13241748e-01
2.18500166e-01
2.23644658e-01
2.28669388e-01
2.33568953e-01
2.38338058e-01
2.42971025e-01
2.47461369e-01
2.51801348e-01
2.55981648e-01
2.59991145e-01
2.63816832e-01
2.67443880e-01
2.70855836e-01
2.74034914e-01
2.76962282e-01
2.79618268e-01
2.81982202e-01
2.84031806e-01
2.85741662e-01
2.87080659e-01
2.88007911e-01
2.88467243e-01
2.88380013e-01
2.87636982e-01
2.86089804e-01
2.83543885e-01
2.79754235e-01
2.74426945e-01
2.67228235e-01
2.57803233e-01
2.45804786e-01
2.30931661e-01
2.12972562e-01
1.91850802e-01
1.67661632e-01
1.40693337e-01
1.11421767e-01
8.04687411e-02
4.85173951e-02
1.61812770e-02
1.18181978e-02
3.28461927e-02
5.16176276e-02
6.83729156e-02
8.33087780e-02
9.65934624e-02
1.08387019e-01
1.18852896e-01
1.28160816e-01
1.36483775e-01
1.43991790e-01
1.50845010e-01
1.57187497e-01
1.63142942e-01
1.68812352e-01
1.74274012e-01
1.79585009e-01
1.84784140e-01
1.89895276e-01
1.94931038e-01
1.99896039e-01
2.04789806e-01
2.09608928e-01
2.14348754e-01
2.19004387e-01
2.23571350e-01
2.28045772e-01
2.32424423e-01
2.36704492e-01
2.40883359e-01
2.44958278e-01
2.48926168e-01
2.52783439e-01
2.56525992e-01
2.60149344e-01
2.63648922e-01
2.67020497e-01
2.70260665e-01
2.73367310e-01
2.76339777e-01
2.79178601e-01
2.81884309e-01
2.84455036e-01
2.86882332e-01
2.89144986e-01
2.91200393e-01
2.92973841e-01
2.94346028e-01
2.95140373e-01
2.95111739e-01
2.93939572e-01
2.91228098e-01
2.86517000e-01
2.79304604e-01
2.69085026e-01
2.55397782e-01
2.37886201e-01
2.16356864e-01
1.90829773e-01
1.61566275e-01
1.29062546e-01
9.39994136e-02
5.71478356e-02
1.92359590e-02
1.35059990e-02
3.73152026e-02
5.82485210e-02
7.65863007e-02
9.26003694e-02
1.06546364e-01
1.18668089e-01
1.29201047e-01
1.38373219e-01
1.46402913e-01
1.53494957e-01
1.59836195e-01
1.65591672e-01
1.70901929e-01
1.75882097e-01
1.80622460e-01
1.85190608e-01
1.89634384e-01
1.93985531e-01
1.98263257e-01
2.02477725e-01
2.06632905e-01
2.10729032e-01
2.14764316e-01
2.18736267e-01
2.22642428e-01
2.26480878e-01
2.30250355e-01
2.33950324e-01
2.37580851e-01
2.41142566e-01
2.44636592e-01
2.48064659e-01
2.51429318e-01
2.54734382e-01
2.57985536e-01
2.61191110e-01
2.64362938e-01
2.67517098e-01
2.70674349e-01
2.73859796e-01
2.77101442e-01
2.80426875e-01
2.83857676e-01
2.87400786e-01
2.91036765e-01
2.94704814e-01
2.98285634e-01
3.01583439e-01
3.04309915e-01
3.06073033e-01
3.06374798e-01
3.04621365e-01
3.00149134e-01
2.92268352e-01
2.80324098e-01
2.63770220e-01
2.42247890e-01
2.15654990e-01
1.84189750e-01
1.48351577e-01
1.08887935e-01
6.66873274e-02
2.26293049e-02
1.52286001e-02
4.18991829e-02
6.50805285e-02
8.50791960e-02
1.02228786e-01
1.16864368e-01
1.29311921e-01
1.39882489e-01
1.48868274e-01
1.56539530e-01
1.63141585e-01
1.68892428e-01
1.73980868e-01
1.78565950e-01
1.82777427e-01
1.86717637e-01
1.90464212e-01
1.94073650e-01
1.97585033e-01
2.01023893e-01
2.04405623e-01
2.07738585e-01
2.11026500e-01
2.14270448e-01
2.17470190e-01
2.20625204e-01
2.23735233e-01
2.26800710e-01
2.29822904e-01
2.32804089e-01
2.35747629e-01
2.38658217e-01
2.41542190e-01
2.44408099e-01
2.47267480e-01
2.50135901e-01
2.53034217e-01
2.55989928e-01
2.59038464e-01
2.62224019e-01
2.65599517e-01
2.69224980e-01
2.73163635e-01
2.77474777e-01
2.82202853e-01
2.87362118e-01
2.92917307e-01
2.98761023e-01
3.04690120e-01
3.10383671e-01
3.15386582e-01
3.19102744e-01
3.20802587e-01
3.19648891e-01
3.14744569e-01
3.05203105e-01
2.90239127e-01
2.69269893e-01
2.42012030e-01
2.08551136e-01
1.69360610e-01
1.25251460e-01
7.72502351e-02
2.64177023e-02
1.70048393e-02
4.66359748e-02
7.21527368e-02
9.38805577e-02
1.12208200e-01
1.27546435e-01
1.40303568e-01
1.50869439e-01
1.59605724e-01
1.66840274e-01
1.72864270e-01
1.77931018e-01
1.82256247e-01
1.86019370e-01
1.89365909e-01
1.92410572e-01
1.95241124e-01
1.97922422e-01
2.00500692e-01
2.03007435e-01
2.05463132e-01
2.07880270e-01
2.10265979e-01
2.12623969e-01
2.14956124e-01
2.17263525e-01
2.19547288e-01
2.21809029e-01
2.24051300e-01
2.26277854e-01
2.28494036e-01
2.30707193e-01
2.32927342e-01
2.35168051e-01
2.37447668e-01
2.39790874e-01
2.42230551e-01
2.44809854e-01
2.47584212e-01
2.50622896e-01
2.54009466e-01
2.57840344e-01
2.62220369e-01
2.67254392e-01
2.73033767e-01
2.79617463e-01
2.87007804e-01
2.95122382e-01
3.03764161e-01
3.12593308e-01
3.21104315e-01
3.28613187e-01
3.34259210e-01
3.37027049e-01
3.35794074e-01
3.29407165e-01
3.16788566e-01
2.97063795e-01
2.69693771e-01
2.34583308e-01
1.92131498e-01
1.43194170e-01
8.89462586e-02
3.06563992e-02
1.88556865e-02
5.15709710e-02
7.95166957e-02
1.03033930e-01
1.22565459e-01
1.38598868e-01
1.51627916e-01
1.62126035e-01
1.70529849e-01
1.77230429e-01
1.82569697e-01
1.86840402e-01
1.90288124e-01
1.93114782e-01
1.95482818e-01
1.97520035e-01
1.99324466e-01
2.00969391e-01
2.02507937e-01
2.03977463e-01
2.05403248e-01
2.06801787e-01
2.08183338e-01
2.09554097e-01
2.10917721e-01
2.12276618e-01
2.13632772e-01
2.14988480e-01
2.16346841e-01
2.17712315e-01
2.19091227e-01
2.20492524e-01
2.21928685e-01
2.23417041e-01
2.24981467e-01
2.26654570e-01
2.28480309e-01
2.30516958e-01
2.32840121e-01
2.35545269e-01
2.38749072e-01
2.42588336e-01
2.47215330e-01
2.52787915e-01
2.59453499e-01
2.67326064e-01
2.76457037e-01
2.86801430e-01
2.98182249e-01
3.10256137e-01
3.22484164e-01
3.34111297e-01
3.44159733e-01
3.51442007e-01
3.54602072e-01
3.52191952e-01
3.42789259e-01
3.25152013e-01
2.98394164e-01
2.62147535e-01
2.16662639e-01
1.62799279e-01
1.01878206e-01
3.54002224e-02
2.08056067e-02
5.67589003e-02
8.72371205e-02
1.12596726e-01
1.33338629e-01
1.50033528e-01
1.63267988e-01
1.73606375e-01
1.81567228e-01
1.87610805e-01
1.92134818e-01
1.95475255e-01
1.97910463e-01
1.99666717e-01
2.00924679e-01
2.01825820e-01
2.02478807e-01
2.02965287e-01
2.03345274e-01
2.03661715e-01
2.03944568e-01
2.04214032e-01
2.04483335e-01
2.04760807e-01
2.05051629e-01
2.05359061e-01
2.05685508e-01
2.06033257e-01
2.06405231e-01
2.06805606e-01
2.07240628e-01
2.07719526e-01
2.08255828e-01
2.08869039e-01
2.09586926e-01
2.10448401e-01
2.11507074e-01
2.12835341e-01
2.14528685e-01
2.16709599e-01
2.19530069e-01
2.23171259e-01
2.27838507e-01
2.33749941e-01
2.41117164e-01
2.50117912e-01
2.60861567e-01
2.73350336e-01
2.87438906e-01
3.02795839e-01
3.18868690e-01
3.34855576e-01
3.49686688e-01
3.62023000e-01
3.70282458e-01
3.72707383e-01
3.67485106e-01
3.52926690e-01
3.27690910e-01
2.91016060e-01
2.42895592e-01
1.84121917e-01
1.16140260e-01
4.07042623e-02
2.28843511e-02
6.22669563e-02
9.53942572e-02
1.22640883e-01
1.44575653e-01
1.61864983e-01
1.75200782e-01
1.85249560e-01
1.92620856e-01
1.97851299e-01
2.01399615e-01
2.03648891e-01
2.04912744e-01
2.05443560e-01
2.05441113e-01
2.05061127e-01
2.04422974e-01
2.03616702e-01
2.02708936e-01
2.01748057e-01
2.00768334e-01
1.99793463e-01
1.98839253e-01
1.97915910e-01
1.97029677e-01
1.96184267e-01
1.95381873e-01
1.94624128e-01
1.93912849e-01
1.93250927e-01
1.92643210e-01
1.92097761e-01
1.91627400e-01
1.91251907e-01
1.91000855e-01
1.90917384e-01
1.91062846e-01
1.91522338e-01
1.92410720e-01
1.93878353e-01
1.96115248e-01
1.99351593e-01
2.03852311e-01
2.09903137e-01
2.17786935e-01
2.27750542e-01
2.39964994e-01
2.54482870e-01
2.71196568e-01
2.89798755e-01
3.09744968e-01
3.30217420e-01
3.50092316e-01
3.67917311e-01
3.81912985e-01
3.90017609e-01
3.89997739e-01
3.79640948e-01
3.57028876e-01
3.20854056e-01
2.70701383e-01
2.07182160e-01
1.31816724e-01
4.66246898e-02
2.51294637e-02
6.81794085e-02
1.04087912e-01
1.33254444e-01
1.56332957e-01
1.74106102e-01
1.87390580e-01
1.96971072e-01
2.03560400e-01
2.07780178e-01
2.10156067e-01
2.11121918e-01
2.11028958e-01
2.10156838e-01
2.08725107e-01
2.06903774e-01
2.04822852e-01
2.02580371e-01
2.00249243e-01
1.97882733e-01
1.95519049e-01
1.93184838e-01
1.90898120e-01
1.88670432e-01
1.86508659e-01
1.84416335e-01
1.82394840e-01
1.80444277e-01
1.78564423e-01
1.76755593e-01
1.75019785e-01
1.73362026e-01
1.71792325e-01
1.70328237e-01
1.68998471e-01
1.67847604e-01
1.66942219e-01
1.66378337e-01
1.66289847e-01
1.66856882e-01
1.68312240e-01
1.70942937e-01
1.75083175e-01
1.81095624e-01
1.89339907e-01
2.00131269e-01
2.13695358e-01
2.30125841e-01
2.49347492e-01
2.71082852e-01
2.94816590e-01
3.19753085e-01
3.44766465e-01
3.68350305e-01
3.88582584e-01
4.03132016e-01
4.09338975e-01
4.04404624e-01
3.85704339e-01
3.51200635e-01
2.99865571e-01
2.31957978e-01
1.48981395e-01
5.32201096e-02
2.75898286e-02
7.46042058e-02
1.13443109e-01
1.44543755e-01
1.68673005e-01
1.86761245e-01
1.99778330e-01
2.08649592e-01
2.14207140e-01
2.17168264e-01
2.18131992e-01
2.17586663e-01
2.15922820e-01
2.13448099e-01
2.10401670e-01
2.06967456e-01
2.03285328e-01
1.99460584e-01
1.95571480e-01
1.91675411e-01
1.87813612e-01
1.84015005e-01
1.80299004e-01
1.76677862e-01
1.73158319e-01
1.69743059e-01
1.66431727e-01
1.63221952e-01
1.60110154e-01
1.57092558e-01
1.54166269e-01
1.51330855e-01
1.48590436e-01
1.45956787e-01
1.43453646e-01
1.41122800e-01
1.39032173e-01
1.37286244e-01
1.36038328e-01
1.35503410e-01
1.35968359e-01
1.37794340e-01
1.41405009e-01
1.47255742e-01
1.55785721e-01
1.67363056e-01
1.82237620e-01
2.00510059e-01
2.22114035e-01
2.46799182e-01
2.74101979e-01
3.03296135e-01
3.33321873e-01
3.62700741e-01
3.89453237e-01
4.11048847e-01
4.24433165e-01
4.26185250e-01
4.12850163e-01
3.81447631e-01
3.30071026e-01
2.58377527e-01
1.67698059e-01
6.05538621e-02
3.03308891e-02
8.16822552e-02
1.23617603e-01
1.56635408e-01
1.81659439e-01
1.99814829e-01
2.12265131e-01
2.20106747e-01
2.24311797e-01
2.25705931e-01
2.24968684e-01
2.22646157e-01
2.19169363e-01
2.14873607e-01
2.10016838e-01
2.04795513e-01
1.99357999e-01
1.93815274e-01
1.88249545e-01
1.82720819e-01
1.77272119e-01
1.71933308e-01
1.66724147e-01
1.61656455e-01
1.56735889e-01
1.51963151e-01
1.47335072e-01
1.42845348e-01
1.38485361e-01
1.34244882e-01
1.30113138e-01
1.26080152e-01
1.22138961e-01
1.18288890e-01
1.14540736e-01
1.10924445e-01
1.07500429e-01
1.04375253e-01
1.01722040e-01
9.98036317e-02
9.89923942e-02
9.97739614e-02
1.02718267e-01
1.08409747e-01
1.17354573e-01
1.29907204e-01
1.46247745e-01
1.66402053e-01
1.90269129e-01
2.17626186e-01
2.48098823e-01
2.81095820e-01
3.15711232e-01
3.50600103e-01
3.83841080e-01
4.12815163e-01
4.34151608e-01
4.43815803e-01
4.37421284e-01
4.10814485e-01
3.60876119e-01
2.86309966e-01
1.88022613e-01
6.86980949e-02
3.34424457e-02
8.96005140e-02
1.34811087e-01
1.69676473e-01
1.95346858e-01
2.13211935e-01
2.24685778e-01
2.31076419e-01
2.33521786e-01
2.32970721e-01
2.30190480e-01
2.25787649e-01
2.20233639e-01
2.13890139e-01
2.07031764e-01
1.99865316e-01
1.92545259e-01
1.85186088e-01
1.77871749e-01
1.70662994e-01
1.63602768e-01
1.56720399e-01
1.50034534e-01
1.43555453e-01
1.37286575e-01
1.31225663e-01
1.25365491e-01
1.19694414e-01
1.14196572e-01
1.08852191e-01
1.03637767e-01
9.85267081e-02
9.34904500e-02
8.85009628e-02
8.35352926e-02
7.85840288e-02
7.36660183e-02
6.88537142e-02
6.43146332e-02
6.03738191e-02
5.75887077e-02
5.67852563e-02
5.89446732e-02
6.48939190e-02
7.50284335e-02
8.93448084e-02
1.07673219e-01
1.29846286e-01
1.55738226e-01
1.85226905e-01
2.18121339e-01
2.54065449e-01
2.92414480e-01
3.32077767e-01
3.71329970e-01
4.07610700e-01
4.37364276e-01
4.56011469e-01
4.58180423e-01
4.38316055e-01
3.91684630e-01
3.15552588e-01
2.10007416e-01
7.77407329e-02
3.70506762e-02
9.86103351e-02
1.47275521e-01
1.83829669e-01
2.09760205e-01
2.26824593e-01
2.36766335e-01
2.41157657e-01
2.41333584e-01
2.38382321e-01
2.33165701e-01
2.26352096e-01
2.18451978e-01
2.09850673e-01
2.00836510e-01
1.91623590e-01
1.82369888e-01
1.73191071e-01
1.64171141e-01
1.55370267e-01
1.46830772e-01
1.38581365e-01
1.30640385e-01
1.23017927e-01
1.15717446e-01
1.08736556e-01
1.02067526e-01
9.56970920e-02
8.96060332e-02
8.37681035e-02
7.81487638e-02
7.27033588e-02
6.73752509e-02
6.20936788e-02
5.67720071e-02
5.13063557e-02
4.55756741e-02
3.94442857e-02
3.27714122e-02
2.54430248e-02
1.75105089e-02
1.01414542e-02
1.07147164e-02
2.13984306e-02
3.59851877e-02
5.33731232e-02
7.35914281e-02
9.68517253e-02
1.23393340e-01
1.53424820e-01
1.87069886e-01
2.24292699e-01
2.64785620e-01
3.07805370e-01
3.51948531e-01
3.94874677e-01
4.33019953e-01
4.61401828e-01
4.73684781e-01
4.62719474e-01
4.21700543e-01
3.45809781e-01
2.33708040e-01
8.77973776e-02
4.13371040e-02
1.09053001e-01
1.61324030e-01
1.99256748e-01
2.24853951e-01
2.40393314e-01
2.48055407e-01
2.49743075e-01
2.47024349e-01
2.41143329e-01
2.33061632e-01
2.23509076e-01
2.13032337e-01
2.02037214e-01
1.90822973e-01
1.79609522e-01
1.68558131e-01
1.57787297e-01
1.47384483e-01
1.37415053e-01
1.27928763e-01
1.18964730e-01
1.10554868e-01
1.02726433e-01
9.55033489e-02
8.89067391e-02
8.29541435e-02
7.76577482e-02
7.30211827e-02
6.90355440e-02
6.56747893e-02
6.28919085e-02
6.06165912e-02
5.87558219e-02
5.71974351e-02
5.58169955e-02
5.44873946e-02
5.30920502e-02
5.15433732e-02
4.98115249e-02
4.79712444e-02
4.62774054e-02
4.52692927e-02
4.58521086e-02
4.92034508e-02
5.63986761e-02
6.80452877e-02
8.43164967e-02
1.05222706e-01
1.30787089e-01
1.61068359e-01
1.96094846e-01
2.35743301e-01
2.79556932e-01
3.26483372e-01
3.74519334e-01
4.20281753e-01
4.58593384e-01
4.82279204e-01
4.82485400e-01
4.49856857e-01
3.76654288e-01
2.59191390e-01
9.90314172e-02
4.65695324e-02
1.21394151e-01
1.77331594e-01
2.16075717e-01
2.40433265e-01
2.53425454e-01
2.57813674e-01
2.55911602e-01
2.49558969e-01
2.40170496e-01
2.28810596e-01
2.16268858e-01
2.03126300e-01
1.89809213e-01
1.76631421e-01
1.63826430e-01
1.51571796e-01
1.40007159e-01
1.29247634e-01
1.19393084e-01
1.10533991e-01
1.02753467e-01
9.61254105e-02
9.07082290e-02
8.65352416e-02
8.36036783e-02
8.18665530e-02
8.12309050e-02
8.15644220e-02
8.27081281e-02
8.44912046e-02
8.67434346e-02
8.93034581e-02
9.20224815e-02
9.47649693e-02
9.74075732e-02
9.98379548e-02
1.01954375e-01
1.03667290e-01
1.04903845e-01
1.05616928e-01
1.05800774e-01
1.05516394e-01
1.04930678e-01
1.04372835e-01
1.04405873e-01
1.05893380e-01
1.10009131e-01
1.18117511e-01
1.31516122e-01
1.51174307e-01
1.77628699e-01
2.11018032e-01
2.51094924e-01
2.97082843e-01
3.47331665e-01
3.98780333e-01
4.46299465e-01
4.82112613e-01
4.95692081e-01
4.74701373e-01
4.07452122e-01
2.86540324e-01
1.11688271e-01
5.31540370e-02
1.36266735e-01
1.95709715e-01
2.34262415e-01
2.56003711e-01
2.65020468e-01
2.64839641e-01
2.58276833e-01
2.47480899e-01
2.34048840e-01
2.19150291e-01
2.03637675e-01
1.88135156e-01
1.73107384e-01
1.58910767e-01
1.45830601e-01
1.34105706e-01
1.23941504e-01
1.15510795e-01
1.08942692e-01
1.04302547e-01
1.01571612e-01
1.00637936e-01
1.01307103e-01
1.03330517e-01
1.06440438e-01
1.10379452e-01
1.14918552e-01
1.19863857e-01
1.25055687e-01
1.30363491e-01
1.35679454e-01
1.40912066e-01
1.45980508e-01
1.50809923e-01
1.55327773e-01
1.59461132e-01
1.63135098e-01
1.66272313e-01
1.68794005e-01
1.70622873e-01
1.71688775e-01
1.71938364e-01
1.71350898e-01
1.69963379e-01
1.67910059e-01
1.65482722e-01
1.63217873e-01
1.62008031e-01
1.63205546e-01
1.68631568e-01
1.80364855e-01
2.00284545e-01
2.29572237e-01
2.68408094e-01
3.15783096e-01
3.69133114e-01
4.23627128e-01
4.71225189e-01
4.99952324e-01
4.94216667e-01
4.37214850e-01
3.15839744e-01
1.26154062e-01
6.17249988e-02
1.54512539e-01
2.16811235e-01
2.53435385e-01
2.70489687e-01
2.73576347e-01
2.67211457e-01
2.54806281e-01
2.38851857e-01
2.21140853e-01
2.02964850e-01
1.85270626e-01
1.68776094e-01
1.54049324e-01
1.41552566e-01
1.31650237e-01
1.24583508e-01
1.20426326e-01
1.19054977e-01
1.20162662e-01
1.23322989e-01
1.28072750e-01
1.33979261e-01
1.40676513e-01
1.47874451e-01
1.55352494e-01
1.62946972e-01
1.70537764e-01
1.78036584e-01
1.85377373e-01
1.92508770e-01
1.99388175e-01
2.05977122e-01
2.12237549e-01
2.18128835e-01
2.23605351e-01
2.28614545e-01
2.33095455e-01
2.36977780e-01
2.40181540e-01
2.42617629e-01
2.44189525e-01
2.44796809e-01
2.44341364e-01
2.42737916e-01
2.39931506e-01
2.35926505e-01
2.30834598e-01
2.24953612e-01
2.18892966e-01
2.13757705e-01
2.11367783e-01
2.14382681e-01
2.26043824e-01
2.49301068e-01
2.85617169e-01
3.34071662e-01
3.90747426e-01
4.47833704e-01
4.92372693e-01
5.05552092e-01
4.64312672e-01
3.47101959e-01
1.43056100e-01
7.33031809e-02
1.77179656e-01
2.40658567e-01
2.72401362e-01
2.81721549e-01
2.76328778e-01
2.61973461e-01
2.42750709e-01
2.21535632e-01
2.00369588e-01
1.80752244e-01
1.63833454e-01
1.50500421e-01
1.41358572e-01
1.36639009e-01
1.36128748e-01
1.39227202e-01
1.45127874e-01
1.53017607e-01
1.62201989e-01
1.72145555e-01
1.82460656e-01
1.92877660e-01
2.03214290e-01
2.13350310e-01
2.23208492e-01
2.32740796e-01
2.41918478e-01
2.50724925e-01
2.59150413e-01
2.67188115e-01
2.74830991e-01
2.82069239e-01
2.88888141e-01
2.95266156e-01
3.01173232e-01
3.06569239e-01
3.11402591e-01
3.15609016e-01
3.19110589e-01
3.21815059e-01
3.23615692e-01
3.24391791e-01
3.24010364e-01
3.22329545e-01
3.19205014e-01
3.14501470e-01
3.08113118e-01
3.00000261e-01
2.90255230e-01
2.79220894e-01
2.67698916e-01
2.57289280e-01
2.50839685e-01
2.52713996e-01
2.68107694e-01
3.00816209e-01
3.50527245e-01
4.11171057e-01
4.69724320e-01
5.04679668e-01
4.85935532e-01
3.80021077e-01
1.63428243e-01
8.95656814e-02
2.05327022e-01
2.66241777e-01
2.88228649e-01
2.85567166e-01
2.68778011e-01
2.45089384e-01
2.19401026e-01
1.95124583e-01
1.74750503e-01
1.60088917e-01
1.52176637e-01
1.51040069e-01
1.55718000e-01
1.64707255e-01
1.76503041e-01
1.89900760e-01
2.04048770e-01
2.18385797e-01
2.32557937e-01
2.46350465e-01
2.59639533e-01
2.72359909e-01
2.84483820e-01
2.96007089e-01
3.06939943e-01
3.17300815e-01
3.27112035e-01
3.36396746e-01
3.45176572e-01
3.53469769e-01
3.61289658e-01
3.68643225e-01
3.75529797e-01
3.81939760e-01
3.87853268e-01
3.93238957e-01
3.98052637e-01
4.02236009e-01
4.05715379e-01
4.08400466e-01
4.10183284e-01
4.10937243e-01
4.10516514e-01
4.08755957e-01
4.05471910e-01
4.00464694e-01
3.93524236e-01
3.84441908e-01
3.73034625e-01
3.59193839e-01
3.42985087e-01
3.24849456e-01
3.06000004e-01
2.89134150e-01
2.79399790e-01
2.84619938e-01
3.12395571e-01
3.63924389e-01
4.29388429e-01
4.86146630e-01
4.97149577e-01
4.13285120e-01
1.88942853e-01
1.13235776e-01
2.39157586e-01
2.89811341e-01
2.94500494e-01
2.74813317e-01
2.44825862e-01
2.13609735e-01
1.87296282e-01
1.70077206e-01
1.63997036e-01
1.68391657e-01
1.80556973e-01
1.97411318e-01
2.16569648e-01
2.36499816e-01
2.56305362e-01
2.75491796e-01
2.93804044e-01
3.11126776e-01
3.27425575e-01
3.42712381e-01
3.57025036e-01
3.70415032e-01
3.82940072e-01
3.94659477e-01
4.05631307e-01
4.15910488e-01
4.25547543e-01
4.34587654e-01
4.43069906e-01
4.51026589e-01
4.58482516e-01
4.65454285e-01
4.71949492e-01
4.77965846e-01
4.83490207e-01
4.88497523e-01
4.92949694e-01
4.96794334e-01
4.99963480e-01
5.02372203e-01
5.03917176e-01
5.04475130e-01
5.03901254e-01
5.02027466e-01
4.98660602e-01
4.93580556e-01
4.86538645e-01
4.77256840e-01
4.65429646e-01
4.50732804e-01
4.32848936e-01
4.11533844e-01
3.86779225e-01
3.59198897e-01
3.30901584e-01
3.07209336e-01
2.98708615e-01
3.19100999e-01
3.73070309e-01
4.43773694e-01
4.89504275e-01
4.42838206e-01
2.22043582e-01
1.48217911e-01
2.75027141e-01
3.01081346e-01
2.78940548e-01
2.40209982e-01
2.03758298e-01
1.81391660e-01
1.78315778e-01
1.91857292e-01
2.15248362e-01
2.42796772e-01
2.71198245e-01
2.98817941e-01
3.24926185e-01
3.49249508e-01
3.71739162e-01
3.92454563e-01
4.11504279e-01
4.29015892e-01
4.45120610e-01
4.59945531e-01
4.73609959e-01
4.86223829e-01
4.97887244e-01
5.08690548e-01
5.18714634e-01
5.28031308e-01
5.36703624e-01
5.44786116e-01
5.52324927e-01
5.59357792e-01
5.65913884e-01
5.72013531e-01
5.77667771e-01
5.82877800e-01
5.87634261e-01
5.91916438e-01
5.95691309e-01
5.98912499e-01
6.01519111e-01
6.03434444e-01
6.04564557e-01
6.04796670e-01
6.03997303e-01
6.02010078e-01
5.98652981e-01
5.93714896e-01
5.86951026e-01
5.78076862e-01
5.66760239e-01
5.52611479e-01
5.35172734e-01
5.13911624e-01
4.88235268e-01
4.57571813e-01
4.21651753e-01
3.81348243e-01
3.40942196e-01
3.12889226e-01
3.20246000e-01
3.76302614e-01
4.50188667e-01
4.57977460e-01
2.65045628e-01
1.96819131e-01
2.96514648e-01
2.77631533e-01
2.29148098e-01
1.96980098e-01
2.00122181e-01
2.30313096e-01
2.71188216e-01
3.13299556e-01
3.52952364e-01
3.89027145e-01
4.21406302e-01
4.50334793e-01
4.76166721e-01
4.99266082e-01
5.19970072e-01
5.38578088e-01
5.55351057e-01
5.70514666e-01
5.84263676e-01
5.96766251e-01
6.08167829e-01
6.18594445e-01
6.28155484e-01
6.36945944e-01
6.45048234e-01
6.52533615e-01
6.59463285e-01
6.65889195e-01
6.71854611e-01
6.77394455e-01
6.82535445e-01
6.87296072e-01
6.91686405e-01
6.95707761e-01
6.99352235e-01
7.02602113e-01
7.05429173e-01
7.07793875e-01
7.09644445e-01
7.10915844e-01
7.11528599e-01
7.11387443e-01
7.10379714e-01
7.08373348e-01
7.05214301e-01
7.00723051e-01
6.94689719e-01
6.86867036e-01
6.76960064e-01
6.64610963e-01
6.49376462e-01
6.30694896e-01
6.07839863e-01
5.79861496e-01
5.45535085e-01
5.03406590e-01
4.52271149e-01
3.93253368e-01
3.36927411e-01
3.17402355e-01
3.70207152e-01
4.34744941e-01
3.14384319e-01
2.39970535e-01
2.59758316e-01
2.21459175e-01
2.43933620e-01
3.08378044e-01
3.77153550e-01
4.37984254e-01
4.89255373e-01
5.32072849e-01
5.67965200e-01
5.98296456e-01
6.24162540e-01
6.46416473e-01
6.65718580e-01
6.82582833e-01
6.97413400e-01
7.10531893e-01
7.22197343e-01
7.32620781e-01
7.41975959e-01
7.50407276e-01
7.58035727e-01
7.64963374e-01
7.71276759e-01
7.77049501e-01
7.82344297e-01
7.87214431e-01
7.91704919e-01
7.95853348e-01
7.99690475e-01
8.03240607e-01
8.06521824e-01
8.09546035e-01
8.12318920e-01
8.14839744e-01
8.17101084e-01
8.19088455e-01
8.20779866e-01
8.22145297e-01
8.23146103e-01
8.23734348e-01
8.23852030e-01
8.23430200e-01
8.22387871e-01
8.20630654e-01
8.18048933e-01
8.14515330e-01
8.09881031e-01
8.03970350e-01
7.96572444e-01
7.87428548e-01
7.76211932e-01
7.62496060e-01
7.45703272e-01
7.25021216e-01
6.99266321e-01
6.66664797e-01
6.24529615e-01
5.68935399e-01
4.95217459e-01
4.03642205e-01
3.26297375e-01
3.45291430e-01
3.37218575e-01
1.74351933e-01
3.57757923e-01
5.17314460e-01
6.27122693e-01
7.00024467e-01
7.49548578e-01
7.84548032e-01
8.10324417e-01
8.30026605e-01
8.45563132e-01
8.58128846e-01
8.68500084e-01
8.77200650e-01
8.84596803e-01
8.90953076e-01
8.96466034e-01
9.01285379e-01
9.05527539e-01
9.09284697e-01
9.12630952e-01
9.15626628e-01
9.18321356e-01
9.20756315e-01
9.22965882e-01
9.24978864e-01
9.26819419e-01
9.28507744e-01
9.30060579e-01
9.31491581e-01
9.32811577e-01
9.34028727e-01
9.35148617e-01
9.36174284e-01
9.37106188e-01
9.37942139e-01
9.38677185e-01
9.39303474e-01
9.39810074e-01
9.40182783e-01
9.40403911e-01
9.40452033e-01
9.40301715e-01
9.39923196e-01
9.39281993e-01
9.38338389e-01
9.37046731e-01
9.35354416e-01
9.33200384e-01
9.30512819e-01
9.27205577e-01
9.23172568e-01
9.18278765e-01
9.12345528e-01
9.05126113e-01
8.96263476e-01
8.85214884e-01
8.71110777e-01
8.52475679e-01
8.26642177e-01
7.88460528e-01
7.27506714e-01
6.23464980e-01
4.48928113e-01
2.27879897e-01
SCALARS pressure double 1
LOOKUP_TABLE default
-9.41895719e-01
-9.42567144e-01
-9.42918198e-01
-9.43230374e-01
-9.43523017e-01
-9.43793490e-01
-9.44033502e-01
-9.44234754e-01
-9.44390893e-01
-9.44497423e-01
-9.44551757e-01
-9.44552468e-01
-9.44499335e-01
-9.44392596e-01
-9.44233198e-01
-9.44022106e-01
-9.43760720e-01
-9.43450230e-01
-9.43092159e-01
-9.42687728e-01
-9.42238498e-01
-9.41745719e-01
-9.41211054e-01
-9.40635890e-01
-9.40022117e-01
-9.39371414e-01
-9.38686055e-01
-9.37968163e-01
-9.37220540e-01
-9.36445887e-01
-9.35647647e-01
-9.34829194e-01
-9.33994680e-01
-9.33148199e-01
-9.32294620e-01
-9.31438741e-01
-9.30586096e-01
-9.29742096e-01
-9.28912808e-01
-9.28104089e-01
-9.27322320e-01
-9.26573544e-01
-9.25864146e-01
-9.25200002e-01
-9.24587100e-01
-9.24030705e-01
-9.23535922e-01
-9.23106881e-01
-9.22747244e-01
-9.22459424e-01
-9.22245027e-01
-9.22104112e-01
-9.22035561e-01
-9.22036374e-01
-9.22101923e-01
-9.22225228e-01
-9.22396976e-01
-9.22604552e-01
-9.22831378e-01
-9.23054767e-01
-9.23242564e-01
-9.23345486e-01
-9.23282377e-01
-9.22710340e-01
-9.42454347e-01
-9.42828287e-01
-9.43065566e-01
-9.43315472e-01
-9.43560259e-01
-9.43788870e-01
-9.43991796e-01
-9.44161252e-01
-9.44290986e-01
-9.44376704e-01
-9.44415326e-01
-9.44405287e-01
-9.44345610e-01
-9.44236366e-01
-9.44077714e-01
-9.43870553e-01
-9.43615556e-01
-9.43313991e-01
-9.42966729e-01
-9.42575208e-01
-9.42140401e-01
-9.41663889e-01
-9.41146783e-01
-9.40590883e-01
-9.39997544e-01
-9.39368906e-01
-9.38706700e-01
-9.38013531e-01
-9.37291636e-01
-9.36544194e-01
-9.35774047e-01
-9.34985026e-01
-9.34180637e-01
-9.33365390e-01
-9.32543463e-01
-9.31720012e-01
-9.30899828e-01
-9.30088614e-01
-9.29291644e-01
-9.28514990e-01
-9.27764190e-01
-9.27045423e-01
-9.26364191e-01
-9.25726428e-01
-9.25137215e-01
-9.24601804e-01
-9.24124391e-01
-9.23709048e-01
-9.23358556e-01
-9.23075253e-01
-9.22859938e-01
-9.22712625e-01
-9.22631526e-01
-9.22613690e-01
-9.22654056e-01
-9.22745922e-01
-9.22880003e-01
-9.23044600e-01
-9.23224485e-01
-9.23400551e-01
-9.23548521e-01
-9.23639532e-01
-9.23646583e-01
-9.23374318e-01
-9.42511282e-01
-9.42818747e-01
-9.42996710e-01
-9.43202043e-01
-9.43410276e-01
-9.43606497e-01
-9.43780483e-01
-9.43924322e-01
-9.44032375e-01
-9.44100210e-01
-9.44125142e-01
-9.44105072e-01
-9.44039247e-01
-9.43926980e-01
-9.43768640e-01
-9.43564287e-01
-9.43314884e-01
-9.43020845e-01
-9.42683443e-01
-9.42303271e-01
-9.41881816e-01
-9.41419825e-01
-9.40919018e-01
-9.40380361e-01
-9.39805890e-01
-9.39196898e-01
-9.38555846e-01
-9.37884470e-01
-9.37185758e-01
-9.36461996e-01
-9.35716776e-01
-9.34953003e-01
-9.34174919e-01
-9.33386073e-01
-9.32591346e-01
-9.31794902e-01
-9.31002187e-01
-9.30217887e-01
-9.29447869e-01
-9.28697164e-01
-9.27971841e-01
-9.27277021e-01
-9.26618668e-01
-9.26001656e-01
-9.25431457e-01
-9.24912283e-01
-9.24448660e-01
-9.24043662e-01
-9.23700361e-01
-9.23420176e-01
-9.23204192e-01
-9.23051643e-01
-9.22961085e-01
-9.22929028e-01
-9.22950946e-01
-9.23020054e-01
-9.23128136e-01
-9.23264467e-01
-9.23416495e-01
-9.23569168e-01
-9.23706240e-01
-9.23812228e-01
-9.23879744e-01
-9.23718694e-01
-9.42412475e-01
-9.42735035e-01
-9.42900451e-01
-9.43086073e-01
-9.43272777e-01
-9.43447502e-01
-9.43600601e-01
-9.43725290e-01
-9.43816144e-01
-9.43869654e-01
-9.43882873e-01
-9.43854377e-01
-9.43782764e-01
-9.43667907e-01
-9.43509295e-01
-9.43307554e-01
-9.43062635e-01
-9.42775595e-01
-9.42446628e-01
-9.42077068e-01
-9.41667285e-01
-9.41218869e-01
-9.40732393e-01
-9.40209755e-01
-9.39651818e-01
-9.39060875e-01
-9.38438185e-01
-9.37786533e-01
-9.37107676e-01
-9.36404975e-01
-9.35680766e-01
-9.34939034e-01
-9.34182740e-01
-9.33416504e-01
-9.32643907e-01
-9.31870157e-01
-9.31099391e-01
-9.30337295e-01
-9.29588425e-01
-9.28858762e-01
-9.28153071e-01
-9.27477362e-01
-9.26836314e-01
-9.26235625e-01
-9.25679521e-01
-9.25172969e-01
-9.24719307e-01
-9.24322303e-01
-9.23983933e-01
-9.23706271e-01
-9.23489441e-01
-9.23333336e-01
-9.23235773e-01
-9.23194022e-01
-9.23203196e-01
-9.23257604e-01
-9.23349402e-01
-9.23469824e-01
-9.23608272e-01
-9.23753731e-01
-9.23894989e-01
-9.24023472e-01
-9.24136244e-01
-9.24035006e-01
-9.42239927e-01
-9.42604683e-01
-9.42784212e-01
-9.42969401e-01
-9.43148494e-01
-9.43311724e-01
-9.43451921e-01
-9.43563218e-01
-9.43641709e-01
-9.43683976e-01
-9.43688207e-01
-9.43652520e-01
-9.43576446e-01
-9.43459024e-01
-9.43300605e-01
-9.43100736e-01
-9.42860257e-01
-9.42578986e-01
-9.42258086e-01
-9.41897549e-01
-9.41498811e-01
-9.41062049e-01
-9.40589000e-01
-9.40080096e-01
-9.39537449e-01
-9.38961844e-01
-9.38355858e-01
-9.37720731e-01
-9.37059591e-01
-9.36374219e-01
-9.35668354e-01
-9.34944382e-01
-9.34206678e-01
-9.33458251e-01
-9.32704088e-01
-9.31947787e-01
-9.31194869e-01
-9.30449421e-01
-9.29717347e-01
-9.29003053e-01
-9.28312602e-01
-9.27650470e-01
-9.27022571e-01
-9.26433126e-01
-9.25887526e-01
-9.25389337e-01
-9.24942989e-01
-9.24550950e-01
-9.24216222e-01
-9.23939714e-01
-9.23722538e-01
-9.23563619e-01
-9.23461779e-01
-9.23413630e-01
-9.23415446e-01
-9.23461394e-01
-9.23545227e-01
-9.23658953e-01
-9.23794488e-01
-9.23943022e-01
-9.24096978e-01
-9.24250495e-01
-9.24401697e-01
-9.24347477e-01
-9.42041527e-01
-9.42456019e-01
-9.42662550e-01
-9.42859926e-01
-9.43041656e-01
-9.43202028e-01
-9.43335816e-01
-9.43439397e-01
-9.43509417e-01
-9.43544059e-01
-9.43541305e-01
-9.43500577e-01
-9.43420686e-01
-9.43301843e-01
-9.43143315e-01
-9.42945801e-01
-9.42708807e-01
-9.42433351e-01
-9.42119082e-01
-9.41767283e-01
-9.41377753e-01
-9.40952058e-01
-9.40490208e-01
-9.39994125e-01
-9.39464123e-01
-9.38902567e-01
-9.38310183e-01
-9.37689862e-01
-9.37042842e-01
-9.36372609e-01
-9.35680987e-01
-9.34972100e-01
-9.34248396e-01
-9.33514637e-01
-9.32773889e-01
-9.32031497e-01
-9.31291081e-01
-9.30558455e-01
-9.29837659e-01
-9.29134789e-01
-9.28454095e-01
-9.27801690e-01
-9.27181751e-01
-9.26600064e-01
-9.26060375e-01
-9.25567737e-01
-9.25125048e-01
-9.24736181e-01
-9.24402744e-01
-9.24126978e-01
-9.23908787e-01
-9.23748381e-01
-9.23643633e-01
-9.23592469e-01
-9.23590599e-01
-9.23633678e-01
-9.23715487e-01
-9.23829921e-01
-9.23969740e-01
-9.24128508e-01
-9.24300060e-01
-9.24480383e-01
-9.24667459e-01
-9.24656754e-01
-9.41847328e-01
-9.42311777e-01
-9.42550938e-01
-9.42767499e-01
-9.42959157e-01
-9.43122745e-01
-9.43255866e-01
-9.43355920e-01
-9.43421583e-01
-9.43451117e-01
-9.43444155e-01
-9.43399558e-01
-9.43317604e-01
-9.43197476e-01
-9.43039853e-01
-9.42844056e-01
-9.42611028e-01
-9.42340155e-01
-9.42032599e-01
-9.41687825e-01
-9.41307242e-01
-9.40890465e-01
-9.40439222e-01
-9.39953378e-01
-9.39435073e-01
-9.38884537e-01
-9.38304413e-01
-9.37695403e-01
-9.37060735e-01
-9.36401672e-01
-9.35722082e-01
-9.35023851e-01
-9.34311505e-01
-9.33587570e-01
-9.32857206e-01
-9.32123547e-01
-9.31392299e-01
-9.30667110e-01
-9.29954081e-01
-9.29257204e-01
-9.28582750e-01
-9.27934808e-01
-9.27319513e-01
-9.26740735e-01
-9.26204095e-01
-9.25712856e-01
-9.25271700e-01
-9.24882858e-01
-9.24549626e-01
-9.24272784e-01
-9.24053833e-01
-9.23891754e-01
-9.23785961e-01
-9.23733458e-01
-9.23731511e-01
-9.23775273e-01
-9.23860196e-01
-9.23980209e-01
-9.24129907e-01
-9.24303349e-01
-9.24496020e-01
-9.24704160e-01
-9.24926184e-01
-9.24956768e-01
-9.41677515e-01
-9.42189737e-01
-9.42463033e-01
-9.42702652e-01
-9.42908402e-01
-9.43079948e-01
-9.43216156e-01
-9.43316734e-01
-9.43380686e-01
-9.43408208e-01
-9.43398543e-01
-9.43352285e-01
-9.43268772e-01
-9.43148838e-01
-9.42991794e-01
-9.42798622e-01
-9.42568563e-01
-9.42302728e-01
-9.42000329e-01
-9.41662655e-01
-9.41288974e-01
-9.40880840e-01
-9.40437697e-01
-9.39961467e-01
-9.39451898e-01
-9.38911386e-01
-9.38340104e-01
-9.37741016e-01
-9.37114829e-01
-9.36465141e-01
-9.35793273e-01
-9.35103501e-01
-9.34397801e-01
-9.33681124e-01
-9.32956099e-01
-9.32228295e-01
-9.31500935e-01
-9.30780089e-01
-9.30069445e-01
-9.29375384e-01
-9.28701852e-01
-9.28055274e-01
-9.27439577e-01
-9.26860886e-01
-9.26322752e-01
-9.25830596e-01
-9.25387190e-01
-9.24996814e-01
-9.24661036e-01
-9.24382572e-01
-9.24161413e-01
-9.23998365e-01
-9.23891601e-01
-9.23839864e-01
-9.23839508e-01
-9.23887379e-01
-9.23978407e-01
-9.24108176e-01
-9.24271119e-01
-9.24462766e-01
-9.24678517e-01
-9.24915440e-01
-9.25171464e-01
-9.25241217e-01
-9.41546762e-01
-9.42103584e-01
-9.42410898e-01
-9.42674895e-01
-9.42897543e-01
-9.43079617e-01
-9.43222274e-01
-9.43325686e-01
-9.43390951e-01
-9.43418028e-01
-9.43408092e-01
-9.43360902e-01
-9.43277652e-01
-9.43157849e-01
-9.43002663e-01
-9.42811350e-01
-9.42585072e-01
-9.42322900e-01
-9.42026067e-01
-9.41693576e-01
-9.41326838e-01
-9.40924933e-01
-9.40489577e-01
-9.40020073e-01
-9.39518568e-01
-9.38984732e-01
-9.38421253e-01
-9.37828292e-01
-9.37209166e-01
-9.36564632e-01
-9.35898692e-01
-9.35212766e-01
-9.34511566e-01
-9.33797198e-01
-9.33075055e-01
-9.32347905e-01
-9.31621738e-01
-9.30899890e-01
-9.30188794e-01
-9.29492193e-01
-9.28816733e-01
-9.28166322e-01
-9.27547511e-01
-9.26964054e-01
-9.26422032e-01
-9.25924666e-01
-9.25477139e-01
-9.25081722e-01
-9.24742269e-01
-9.24459701e-01
-9.24236154e-01
-9.24070895e-01
-9.23964094e-01
-9.23913242e-01
-9.23916548e-01
-9.23969919e-01
-9.24069980e-01
-9.24211669e-01
-9.24390860e-01
-9.24602585e-01
-9.24843193e-01
-9.25109133e-01
-9.25398532e-01
-9.25505171e-01
-9.41466104e-01
-9.42064486e-01
-9.42404472e-01
-9.42693398e-01
-9.42933879e-01
-9.43128654e-01
-9.43279316e-01
-9.43388120e-01
-9.43456031e-01
-9.43485048e-01
-9.43475610e-01
-9.43429485e-01
-9.43346599e-01
-9.43228483e-01
-9.43074586e-01
-9.42886256e-01
-9.42662565e-01
-9.42404780e-01
-9.42111743e-01
-9.41784784e-01
-9.41422689e-01
-9.41027004e-01
-9.40596635e-01
-9.40133496e-01
-9.39636782e-01
-9.39108907e-01
-9.38549504e-01
-9.37961598e-01
-9.37345384e-01
-9.36704576e-01
-9.36040028e-01
-9.35356185e-01
-9.34654610e-01
-9.33940484e-01
-9.33216083e-01
-9.32487266e-01
-9.31756972e-01
-9.31031622e-01
-9.30314689e-01
-9.29612965e-01
-9.28930258e-01
-9.28273461e-01
-9.27646436e-01
-9.27055833e-01
-9.26505219e-01
-9.26000591e-01
-9.25544823e-01
-9.25142825e-01
-9.24796363e-01
-9.24508844e-01
-9.24280568e-01
-9.24113107e-01
-9.24005073e-01
-9.23956067e-01
-9.23963018e-01
-9.24023711e-01
-9.24133750e-01
-9.24289633e-01
-9.24486378e-01
-9.24720103e-01
-9.24986295e-01
-9.25281814e-01
-9.25603778e-01
-9.25745616e-01
-9.41444485e-01
-9.42081366e-01
-9.42452696e-01
-9.42765896e-01
-9.43025011e-01
-9.43233048e-01
-9.43393512e-01
-9.43508557e-01
-9.43581191e-01
-9.43612764e-01
-9.43605807e-01
-9.43560888e-01
-9.43480076e-01
-9.43363211e-01
-9.43211971e-01
-9.43025592e-01
-9.42805491e-01
-9.42550476e-01
-9.42261877e-01
-9.41938280e-01
-9.41581115e-01
-9.41188956e-01
-9.40763514e-01
-9.40303553e-01
-9.39811223e-01
-9.39285658e-01
-9.38729584e-01
-9.38142650e-01
-9.37528264e-01
-9.36886711e-01
-9.36222146e-01
-9.35535572e-01
-9.34831917e-01
-9.34112937e-01
-9.33384312e-01
-9.32648531e-01
-9.31911940e-01
-9.31177677e-01
-9.30452600e-01
-9.29740338e-01
-9.29048028e-01
-9.28379548e-01
-9.27742009e-01
-9.27139221e-01
-9.26577888e-01
-9.26061376e-01
-9.25595554e-01
-9.25182938e-01
-9.24828124e-01
-9.24532384e-01
-9.24298658e-01
-9.24126664e-01
-9.24017432e-01
-9.23968984e-01
-9.23980403e-01
-9.24048148e-01
-9.24169618e-01
-9.24340163e-01
-9.24556113e-01
-9.24812484e-01
-9.25105420e-01
-9.25430599e-01
-9.25785041e-01
-9.25960833e-01
-9.41489128e-01
-9.42162051e-01
-9.42562927e-01
-9.42899983e-01
-9.43177311e-01
-9.43399529e-01
-9.43570018e-01
-9.43692884e-01
-9.43770551e-01
-9.43806471e-01
-9.43802053e-01
-9.43760070e-01
-9.43680952e-01
-9.43566859e-01
-9.43417367e-01
-9.43234171e-01
-9.43016192e-01
-9.42764856e-01
-9.42478667e-01
-9.42159004e-01
-9.41804200e-01
-9.41415800e-01
-9.40992202e-01
-9.40535314e-01
-9.40043806e-01
-9.39520114e-01
-9.38963362e-01
-9.38376640e-01
-9.37759674e-01
-9.37116303e-01
-9.36446962e-01
-9.35756292e-01
-9.35045504e-01
-9.34320045e-01
-9.33581916e-01
-9.32837321e-01
-9.32089003e-01
-9.31343805e-01
-9.30605094e-01
-9.29880160e-01
-9.29172794e-01
-9.28490461e-01
-9.27837103e-01
-9.27220009e-01
-9.26642924e-01
-9.26112559e-01
-9.25632062e-01
-9.25207129e-01
-9.24839907e-01
-9.24534655e-01
-9.24292156e-01
-9.24114884e-01
-9.24002008e-01
-9.23954032e-01
-9.23968443e-01
-9.24043818e-01
-9.24176168e-01
-9.24362468e-01
-9.24597746e-01
-9.24877998e-01
-9.25198033e-01
-9.25553736e-01
-9.25940689e-01
-9.26150347e-01
-9.41606423e-01
-9.42313029e-01
-9.42742186e-01
-9.43101927e-01
-9.43397574e-01
-9.43633576e-01
-9.43815090e-01
-9.43945694e-01
-9.44029862e-01
-9.44070008e-01
-9.44069757e-01
-9.44030311e-01
-9.43954468e-01
-9.43842319e-01
-9.43695977e-01
-9.43514628e-01
-9.43299913e-01
-9.43050377e-01
-9.42767438e-01
-9.42449283e-01
-9.42097357e-01
-9.41709762e-01
-9.41288199e-01
-9.40830929e-01
-9.40340111e-01
-9.39814376e-01
-9.39256497e-01
-9.38665655e-01
-9.38045358e-01
-9.37395472e-01
-9.36720319e-01
-9.36020546e-01
-9.35301326e-01
-9.34564131e-01
-9.33814965e-01
-9.33056118e-01
-9.32294340e-01
-9.31532662e-01
-9.30778426e-01
-9.30035246e-01
-9.29310826e-01
-9.28609124e-01
-9.27937896e-01
-9.27301134e-01
-9.26706264e-01
-9.26156942e-01
-9.25659839e-01
-9.25217870e-01
-9.24836516e-01
-9.24517561e-01
-9.24264898e-01
-9.24078847e-01
-9.23961412e-01
-9.23911248e-01
-9.23928331e-01
-9.24009634e-01
-9.24153182e-01
-9.24354489e-01
-9.24609969e-01
-9.24914166e-01
-9.25262491e-01
-9.25649289e-01
-9.26069895e-01
-9.26314081e-01
-9.41801814e-01
-9.42540436e-01
-9.42996298e-01
-9.43378217e-01
-9.43691297e-01
-9.43941525e-01
-9.44133591e-01
-9.44273016e-01
-9.44363332e-01
-9.44409138e-01
-9.44412576e-01
-9.44377224e-01
-9.44303869e-01
-9.44195174e-01
-9.44050760e-01
-9.43872597e-01
-9.43659417e-01
-9.43412770e-01
-9.43130816e-01
-9.42814965e-01
-9.42463115e-01
-9.42076807e-01
-9.41653959e-01
-9.41196478e-01
-9.40702547e-01
-9.40174630e-01
-9.39611389e-01
-9.39015992e-01
-9.38387743e-01
-9.37730626e-01
-9.37044711e-01
-9.36334858e-01
-9.35601984e-01
-9.34851835e-01
-9.34086201e-01
-9.33311665e-01
-9.32530850e-01
-9.31751062e-01
-9.30975641e-01
-9.30212423e-01
-9.29465271e-01
-9.28742277e-01
-9.28047556e-01
-9.27389110e-01
-9.26770964e-01
-9.26200626e-01
-9.25681647e-01
-9.25220609e-01
-9.24820188e-01
-9.24485621e-01
-9.24218337e-01
-9.24021857e-01
-9.23896065e-01
-9.23842494e-01
-9.23859310e-01
-9.23945929e-01
-9.24098782e-01
-9.24315241e-01
-9.24590196e-01
-9.24919284e-01
-9.25296333e-01
-9.25715882e-01
-9.26171568e-01
-9.26452391e-01
-9.42080512e-01
-9.42849517e-01
-9.43331217e-01
-9.43734146e-01
-9.44064649e-01
-9.44328315e-01
-9.44531626e-01
-9.44679283e-01
-9.44776936e-01
-9.44827815e-01
-9.44836413e-01
-9.44804380e-01
-9.44735076e-01
-9.44628717e-01
-9.44487729e-01
-9.44311182e-01
-9.44100858e-01
-9.43855015e-01
-9.43575112e-01
-9.43258942e-01
-9.42907945e-01
-9.42519770e-01
-9.42096111e-01
-9.41634759e-01
-9.41137888e-01
-9.40603675e-01
-9.40034950e-01
-9.39430477e-01
-9.38793880e-01
-9.38124660e-01
-9.37427327e-01
-9.36702227e-01
-9.35954799e-01
-9.35186293e-01
-9.34403059e-01
-9.33607251e-01
-9.32806050e-01
-9.32002440e-01
-9.31204281e-01
-9.30415235e-01
-9.29643605e-01
-9.28893502e-01
-9.28173362e-01
-9.27487437e-01
-9.26843924e-01
-9.26246856e-01
-9.25703775e-01
-9.25218110e-01
-9.24796321e-01
-9.24440848e-01
-9.24156671e-01
-9.23944896e-01
-9.23808672e-01
-9.23747491e-01
-9.23762407e-01
-9.23851102e-01
-9.24012378e-01
-9.24242044e-01
-9.24536654e-01
-9.24890281e-01
-9.25297514e-01
-9.25751202e-01
-9.26244729e-01
-9.26565192e-01
-9.42447165e-01
-9.43245600e-01
-9.43751927e-01
-9.44175550e-01
-9.44522494e-01
-9.44799946e-01
-9.45013719e-01
-9.45170532e-01
-9.45274822e-01
-9.45332116e-01
-9.45345099e-01
-9.45317963e-01
-9.45251693e-01
-9.45149300e-01
-9.45010341e-01
-9.44836945e-01
-9.44627597e-01
-9.44383895e-01
-9.44103634e-01
-9.43788219e-01
-9.43435120e-01
-9.43045862e-01
-9.42617913e-01
-9.42153181e-01
-9.41649409e-01
-9.41109099e-01
-9.40530501e-01
-9.39916878e-01
-9.39267167e-01
-9.38585512e-01
-9.37871678e-01
-9.37130755e-01
-9.36363427e-01
-9.35575749e-01
-9.34769358e-01
-9.33951229e-01
-9.33123917e-01
-9.32295203e-01
-9.31468452e-01
-9.30652056e-01
-9.29850000e-01
-9.29071016e-01
-9.28319440e-01
-9.27604003e-01
-9.26929066e-01
-9.26302966e-01
-9.25729725e-01
-9.25216872e-01
-9.24767715e-01
-9.24388573e-01
-9.24081682e-01
-9.23851774e-01
-9.23699687e-01
-9.23628228e-01
-9.23636541e-01
-9.23725201e-01
-9.23891400e-01
-9.24133231e-01
-9.24445758e-01
-9.24824497e-01
-9.25262458e-01
-9.25752868e-01
-9.26287315e-01
-9.26652067e-01
-9.42906536e-01
-9.43733368e-01
-9.44263862e-01
-9.44707151e-01
-9.45070609e-01
-9.45360928e-01
-9.45585821e-01
-9.45750992e-01
-9.45863104e-01
-9.45926041e-01
-9.45944972e-01
-9.45921827e-01
-9.45860339e-01
-9.45760709e-01
-9.45625529e-01
-9.45453647e-01
-9.45246889e-01
-9.45003171e-01
-9.44723934e-01
-9.44406564e-01
-9.44052472e-01
-9.43658875e-01
-9.43227454e-01
-9.42755574e-01
-9.42245430e-01
-9.41694798e-01
-9.41106584e-01
-9.40479186e-01
-9.39816363e-01
-9.39117306e-01
-9.38386726e-01
-9.37624725e-01
-9.36837013e-01
-9.36024669e-01
-9.35194394e-01
-9.34348249e-01
-9.33493846e-01
-9.32634163e-01
-9.31777568e-01
-9.30927808e-01
-9.30093772e-01
-9.29279750e-01
-9.28494848e-01
-9.27743603e-01
-9.27034974e-01
-9.26373406e-01
-9.25767321e-01
-9.25220720e-01
-9.24741093e-01
-9.24331652e-01
-9.23998588e-01
-9.23743997e-01
-9.23572417e-01
-9.23484510e-01
-9.23482796e-01
-9.23566147e-01
-9.23734664e-01
-9.23985029e-01
-9.24314506e-01
-9.24717244e-01
-9.25187438e-01
-9.25716722e-01
-9.26296599e-01
-9.26711294e-01
-9.43463052e-01
-9.44317872e-01
-9.44871618e-01
-9.45334455e-01
-9.45713442e-01
-9.46017027e-01
-9.46252153e-01
-9.46426679e-01
-9.46545843e-01
-9.46615945e-01
-9.46640047e-01
-9.46622751e-01
-9.46565073e-01
-9.46470183e-01
-9.46337436e-01
-9.46168979e-01
-9.45962964e-01
-9.45720946e-01
-9.45440324e-01
-9.45122451e-01
-9.44764381e-01
-9.44367607e-01
-9.43929186e-01
-9.43451031e-01
-9.42930498e-01
-9.42370145e-01
-9.41767867e-01
-9.41127039e-01
-9.40446289e-01
-9.39729932e-01
-9.38977482e-01
-9.38194266e-01
-9.37380781e-01
-9.36543391e-01
-9.35683614e-01
-9.34808811e-01
-9.33921496e-01
-9.33029907e-01
-9.32137453e-01
-9.31253054e-01
-9.30380823e-01
-9.29530097e-01
-9.28705435e-01
-9.27916252e-01
-9.27167246e-01
-9.26467543e-01
-9.25821648e-01
-9.25238026e-01
-9.24720668e-01
-9.24277032e-01
-9.23910298e-01
-9.23626590e-01
-9.23427991e-01
-9.23318952e-01
-9.23300110e-01
-9.23373811e-01
-9.23538767e-01
-9.23794630e-01
-9.24137547e-01
-9.24563794e-01
-9.25066361e-01
-9.25637747e-01
-9.26267788e-01
-9.26739920e-01
-9.44121498e-01
-9.45003677e-01
-9.45580476e-01
-9.46061886e-01
-9.46456537e-01
-9.46772403e-01
-9.47018518e-01
-9.47201606e-01
-9.47329261e-01
-9.47405884e-01
-9.47437119e-01
-9.47424975e-01
-9.47373335e-01
-9.47282198e-01
-9.47154132e-01
-9.46987639e-01
-9.46784458e-01
-9.46542100e-01
-9.46261925e-01
-9.45940901e-01
-9.45580388e-01
-9.45177203e-01
-9.44733017e-01
-9.44244824e-01
-9.43714859e-01
-9.43140557e-01
-9.42524917e-01
-9.41866036e-01
-9.41167823e-01
-9.40429212e-01
-9.39655121e-01
-9.38845453e-01
-9.38006184e-01
-9.37138259e-01
-9.36248708e-01
-9.35339527e-01
-9.34418726e-01
-9.33489285e-01
-9.32560039e-01
-9.31634812e-01
-9.30723025e-01
-9.29829125e-01
-9.28962818e-01
-9.28128892e-01
-9.27336991e-01
-9.26591938e-01
-9.25902963e-01
-9.25274624e-01
-9.24715413e-01
-9.24229365e-01
-9.23823956e-01
-9.23502469e-01
-9.23271100e-01
-9.23132122e-01
-9.23090106e-01
-9.23145906e-01
-9.23301891e-01
-9.23556785e-01
-9.23909848e-01
-9.24356646e-01
-9.24892233e-01
-9.25508057e-01
-9.26194354e-01
-9.26732541e-01
-9.44886501e-01
-9.45795951e-01
-9.46394962e-01
-9.46894831e-01
-9.47304034e-01
-9.47632595e-01
-9.47888801e-01
-9.48081711e-01
-9.48217309e-01
-9.48302489e-01
-9.48340469e-01
-9.48335990e-01
-9.48289844e-01
-9.48205111e-01
-9.48080752e-01
-9.47918755e-01
-9.47716836e-01
-9.47476409e-01
-9.47194448e-01
-9.46872221e-01
-9.46506389e-01
-9.46098418e-01
-9.45645011e-01
-9.45148109e-01
-9.44604749e-01
-9.44017569e-01
-9.43384179e-01
-9.42708083e-01
-9.41987663e-01
-9.41227412e-01
-9.40426639e-01
-9.39590903e-01
-9.38720545e-01
-9.37822216e-01
-9.36897339e-01
-9.35953614e-01
-9.34993523e-01
-9.34025702e-01
-9.33053587e-01
-9.32086554e-01
-9.31128810e-01
-9.30190199e-01
-9.29275448e-01
-9.28394544e-01
-9.27552448e-01
-9.26758952e-01
-9.26018968e-01
-9.25341788e-01
-9.24732043e-01
-9.24198284e-01
-9.23744698e-01
-9.23378920e-01
-9.23104559e-01
-9.22928141e-01
-9.22852473e-01
-9.22882588e-01
-9.23019944e-01
-9.23267253e-01
-9.23623516e-01
-9.24087680e-01
-9.24654615e-01
-9.25317734e-01
-9.26066259e-01
-9.26681134e-01
-9.45763297e-01
-9.46699542e-01
-9.47320493e-01
-9.47837564e-01
-9.48261249e-01
-9.48601338e-01
-9.48868524e-01
-9.49070681e-01
-9.49216240e-01
-9.49309897e-01
-9.49357438e-01
-9.49360615e-01
-9.49323105e-01
-9.49244422e-01
-9.49126850e-01
-9.48968379e-01
-9.48770516e-01
-9.48530314e-01
-9.48248991e-01
-9.47923126e-01
-9.47554027e-01
-9.47138179e-01
-9.46677274e-01
-9.46168013e-01
-9.45612708e-01
-9.45008537e-01
-9.44358616e-01
-9.43660816e-01
-9.42919201e-01
-9.42132509e-01
-9.41305856e-01
-9.40438980e-01
-9.39538103e-01
-9.38604046e-01
-9.37644130e-01
-9.36660277e-01
-9.35660832e-01
-9.34648756e-01
-9.33633260e-01
-9.32618198e-01
-9.31613410e-01
-9.30623426e-01
-9.29658411e-01
-9.28723301e-01
-9.27828262e-01
-9.26978365e-01
-9.26183472e-01
-9.25448568e-01
-9.24782994e-01
-9.24191524e-01
-9.23682869e-01
-9.23261574e-01
-9.22935689e-01
-9.22709530e-01
-9.22590388e-01
-9.22582147e-01
-9.22690870e-01
-9.22919222e-01
-9.23270769e-01
-9.23745157e-01
-9.24341077e-01
-9.25052373e-01
-9.25869962e-01
-9.26573335e-01
-9.46757237e-01
-9.47720202e-01
-9.48361825e-01
-9.48895422e-01
-9.49331895e-01
-9.49683691e-01
-9.49960972e-01
-9.50174142e-01
-9.50329786e-01
-9.50435010e-01
-9.50492723e-01
-9.50507296e-01
-9.50478862e-01
-9.50410010e-01
-9.50299035e-01
-9.50147546e-01
-9.49952713e-01
-9.49715730e-01
-9.49433161e-01
-9.49106194e-01
-9.48731176e-01
-9.48309595e-01
-9.47837900e-01
-9.47318119e-01
-9.46747069e-01
-9.46127512e-01
-9.45456860e-01
-9.44738768e-01
-9.43971438e-01
-9.43159538e-01
-9.42302216e-01
-9.41405234e-01
-9.40468801e-01
-9.39499802e-01
-9.38499558e-01
-9.37476040e-01
-9.36431663e-01
-9.35375366e-01
-9.34310553e-01
-9.33246929e-01
-9.32188704e-01
-9.31146072e-01
-9.30123799e-01
-9.29132251e-01
-9.28176481e-01
-9.27266724e-01
-9.26408096e-01
-9.25610471e-01
-9.24878916e-01
-9.24222865e-01
-9.23647381e-01
-9.23161541e-01
-9.22770596e-01
-9.22483451e-01
-9.22305734e-01
-9.22246214e-01
-9.22310715e-01
-9.22507248e-01
-9.22840627e-01
-9.23316047e-01
-9.23934272e-01
-9.24693603e-01
-9.25585950e-01
-9.26391620e-01
-9.47874773e-01
-9.48863732e-01
-9.49524859e-01
-9.50072506e-01
-9.50520723e-01
-9.50882482e-01
-9.51170884e-01
-9.51395093e-01
-9.51564028e-01
-9.51682068e-01
-9.51754399e-01
-9.51781810e-01
-9.51767148e-01
-9.51708973e-01
-9.51608927e-01
-9.51464285e-01
-9.51276199e-01
-9.51041253e-01
-9.50760543e-01
-9.50430352e-01
-9.50052016e-01
-9.49621823e-01
-9.49141573e-01
-9.48607812e-01
-9.48023000e-01
-9.47384167e-01
-9.46694592e-01
-9.45951998e-01
-9.45160619e-01
-9.44319044e-01
-9.43432569e-01
-9.42500789e-01
-9.41530120e-01
-9.40521256e-01
-9.39481729e-01
-9.38413354e-01
-9.37324704e-01
-9.36218653e-01
-9.35104651e-01
-9.33986480e-01
-9.32874225e-01
-9.31772351e-01
-9.30691268e-01
-9.29635864e-01
-9.28616560e-01
-9.27638425e-01
-9.26711644e-01
-9.25841331e-01
-9.25037337e-01
-9.24304878e-01
-9.23653595e-01
-9.23089101e-01
-9.22621203e-01
-9.22256411e-01
-9.22005200e-01
-9.21875463e-01
-9.21878596e-01
-9.22023746e-01
-9.22322361e-01
-9.22782887e-01
-9.23413303e-01
-9.24215938e-01
-9.25187925e-01
-9.26110480e-01
-9.49123287e-01
-9.50137549e-01
-9.50815049e-01
-9.51373888e-01
-9.51830335e-01
-9.52201402e-01
-9.52500138e-01
-9.52738257e-01
-9.52922228e-01
-9.53058292e-01
-9.53147923e-01
-9.53194082e-01
-9.53195429e-01
-9.53153450e-01
-9.53065402e-01
-9.52932286e-01
-9.52750682e-01
-9.52521582e-01
-9.52241265e-01
-9.51910963e-01
-9.51526899e-01
-9.51090725e-01
-9.50598824e-01
-9.50053425e-01
-9.49451280e-01
-9.48795351e-01
-9.48082960e-01
-9.47317947e-01
-9.46498396e-01
-9.45629145e-01
-9.44709207e-01
-9.43744506e-01
-9.42735106e-01
-9.41688053e-01
-9.40604525e-01
-9.39492654e-01
-9.38354714e-01
-9.37199800e-01
-9.36031174e-01
-9.34858681e-01
-9.33686374e-01
-9.32524561e-01
-9.31377833e-01
-9.30256637e-01
-9.29165845e-01
-9.28115763e-01
-9.27111368e-01
-9.26162680e-01
-9.25274790e-01
-9.24457533e-01
-9.23716413e-01
-9.23061510e-01
-9.22499401e-01
-9.22041204e-01
-9.21695545e-01
-9.21475595e-01
-9.21393020e-01
-9.21463718e-01
-9.21702427e-01
-9.22126514e-01
-9.22750457e-01
-9.23586642e-01
-9.24638926e-01
-9.25693988e-01
-9.50512891e-01
-9.51550283e-01
-9.52239408e-01
-9.52802928e-01
-9.53263596e-01
-9.53640874e-01
-9.53951408e-01
-9.54205142e-01
-9.54409996e-01
-9.54568227e-01
-9.54682659e-01
-9.54751688e-01
-9.54776228e-01
-9.54753189e-01
-9.54683148e-01
-9.54562535e-01
-9.54392146e-01
-9.54168261e-01
-9.53892047e-01
-9.53559763e-01
-9.53173004e-01
-9.52728123e-01
-9.52227229e-01
-9.51666923e-01
-9.51049944e-01
-9.50373326e-01
-9.49640578e-01
-9.48849363e-01
-9.48004098e-01
-9.47103263e-01
-9.46152297e-01
-9.45150652e-01
-9.44104859e-01
-9.43015447e-01
-9.41890045e-01
-9.40730283e-01
-9.39544810e-01
-9.38336291e-01
-9.37114220e-01
-9.35882137e-01
-9.34650114e-01
-9.33422329e-01
-9.32209111e-01
-9.31015001e-01
-9.29850275e-01
-9.28719615e-01
-9.27633035e-01
-9.26595297e-01
-9.25616167e-01
-9.24700716e-01
-9.23858841e-01
-9.23096570e-01
-9.22424792e-01
-9.21851672e-01
-9.21390520e-01
-9.21053374e-01
-9.20857869e-01
-9.20821878e-01
-9.20968951e-01
-9.21323345e-01
-9.21912700e-01
-9.22761522e-01
-9.23888563e-01
-9.25090204e-01
-9.52057813e-01
-9.53114353e-01
-9.53804862e-01
-9.54363051e-01
-9.54819568e-01
-9.55200733e-01
-9.55523293e-01
-9.55798532e-01
-9.56029948e-01
-9.56219896e-01
-9.56365828e-01
-9.56467294e-01
-9.56520154e-01
-9.56523983e-01
-9.56474671e-01
-9.56372566e-01
-9.56213864e-01
-9.55999645e-01
-9.55726298e-01
-9.55395469e-01
-9.55003651e-01
-9.54552974e-01
-9.54040068e-01
-9.53467583e-01
-9.52832420e-01
-9.52137861e-01
-9.51381271e-01
-9.50566710e-01
-9.49692210e-01
-9.48762753e-01
-9.47777228e-01
-9.46741644e-01
-9.45655890e-01
-9.44527055e-01
-9.43356099e-01
-9.42151153e-01
-9.40914231e-01
-9.39654375e-01
-9.38374528e-01
-9.37084408e-01
-9.35787672e-01
-9.34494401e-01
-9.33208688e-01
-9.31940638e-01
-9.30694518e-01
-9.29480185e-01
-9.28301934e-01
-9.27169289e-01
-9.26086685e-01
-9.25063562e-01
-9.24105023e-01
-9.23221178e-01
-9.22418918e-01
-9.21710480e-01
-9.21106485e-01
-9.20623718e-01
-9.20279557e-01
-9.20098918e-01
-9.20109968e-01
-9.20349569e-01
-9.20858827e-01
-9.21683886e-01
-9.22866031e-01
-9.24224142e-01
-9.53781647e-01
-9.54847120e-01
-9.55520060e-01
-9.56053722e-01
-9.56494782e-01
-9.56875062e-01
-9.57213796e-01
-9.57517360e-01
-9.57787397e-01
-9.58019282e-01
-9.58209754e-01
-9.58352262e-01
-9.58444228e-01
-9.58480179e-01
-9.58459448e-01
-9.58377851e-01
-9.58236263e-01
-9.58031252e-01
-9.57764629e-01
-9.57433231e-01
-9.57039411e-01
-9.56580068e-01
-9.56057962e-01
-9.55470076e-01
-9.54819628e-01
-9.54103847e-01
-9.53326555e-01
-9.52485452e-01
-9.51585131e-01
-9.50623990e-01
-9.49607544e-01
-9.48535075e-01
-9.47413117e-01
-9.46241959e-01
-9.45029166e-01
-9.43776065e-01
-9.42491166e-01
-9.41176751e-01
-9.39842078e-01
-9.38490195e-01
-9.37130813e-01
-9.35767473e-01
-9.34409982e-01
-9.33062082e-01
-9.31733344e-01
-9.30427490e-01
-9.29153669e-01
-9.27915566e-01
-9.26722010e-01
-9.25577004e-01
-9.24489611e-01
-9.23465059e-01
-9.22513877e-01
-9.21644246e-01
-9.20870419e-01
-9.20206581e-01
-9.19674738e-01
-9.19300480e-01
-9.19120624e-01
-9.19181019e-01
-9.19542990e-01
-9.20279750e-01
-9.21472852e-01
-9.22983791e-01
-9.55726075e-01
-9.56775930e-01
-9.57392191e-01
-9.57869641e-01
-9.58276890e-01
-9.58653907e-01
-9.59015078e-01
-9.59361767e-01
-9.59685451e-01
-9.59977449e-01
-9.60226253e-01
-9.60424954e-01
-9.60565078e-01
-9.60643787e-01
-9.60655844e-01
-9.60601566e-01
-9.60477644e-01
-9.60286154e-01
-9.60024525e-01
-9.59695607e-01
-9.59296899e-01
-9.58831562e-01
-9.58296968e-01
-9.57696508e-01
-9.57027522e-01
-9.56293759e-01
-9.55492764e-01
-9.54628849e-01
-9.53700034e-01
-9.52711395e-01
-9.51661675e-01
-9.50556865e-01
-9.49396608e-01
-9.48187880e-01
-9.46931306e-01
-9.45634811e-01
-9.44299970e-01
-9.42935500e-01
-9.41543771e-01
-9.40134017e-01
-9.38709143e-01
-9.37278537e-01
-9.35845320e-01
-9.34418660e-01
-9.33001605e-01
-9.31602824e-01
-9.30225162e-01
-9.28876739e-01
-9.27560384e-01
-9.26284018e-01
-9.25051107e-01
-9.23870295e-01
-9.22747027e-01
-9.21692429e-01
-9.20716347e-01
-9.19835668e-01
-9.19069288e-01
-9.18446569e-01
-9.18005493e-01
-9.17802804e-01
-9.17916866e-01
-9.18458571e-01
-9.19569623e-01
-9.21197294e-01
-9.57972118e-01
-9.58941565e-01
-9.59423850e-01
-9.59791111e-01
-9.60142745e-01
-9.60516960e-01
-9.60917510e-01
-9.61328899e-01
-9.61732153e-01
-9.62105990e-01
-9.62435094e-01
-9.62704877e-01
-9.62908114e-01
-9.63037108e-01
-9.63090828e-01
-9.63065806e-01
-9.62964415e-01
-9.62784950e-01
-9.62531138e-01
-9.62201531e-01
-9.61800131e-01
-9.61325131e-01
-9.60780466e-01
-9.60163926e-01
-9.59479454e-01
-9.58724681e-01
-9.57903807e-01
-9.57014639e-01
-9.56061909e-01
-9.55043922e-01
-9.53966167e-01
-9.52827696e-01
-9.51634895e-01
-9.50387708e-01
-9.49093440e-01
-9.47752945e-01
-9.46374338e-01
-9.44959272e-01
-9.43516419e-01
-9.42047984e-01
-9.40562842e-01
-9.39063411e-01
-9.37558351e-01
-9.36049951e-01
-9.34546288e-01
-9.33049291e-01
-9.31566279e-01
-9.30098849e-01
-9.28653735e-01
-9.27232645e-01
-9.25842377e-01
-9.24485741e-01
-9.23170868e-01
-9.21903371e-01
-9.20694896e-01
-9.19556861e-01
-9.18508726e-01
-9.17574450e-01
-9.16792498e-01
-9.16218913e-01
-9.15945378e-01
-9.16117302e-01
-9.16962853e-01
-9.18587901e-01
-9.60682773e-01
-9.61399870e-01
-9.61595297e-01
-9.61772937e-01
-9.62048036e-01
-9.62435608e-01
-9.62906300e-01
-9.63420488e-01
-9.63937553e-01
-9.64426045e-01
-9.64859480e-01
-9.65222124e-01
-9.65501120e-01
-9.65692476e-01
-9.65791823e-01
-9.65801676e-01
-9.65721478e-01
-9.65556325e-01
-9.65306471e-01
-9.64977398e-01
-9.64568769e-01
-9.64085611e-01
-9.63526674e-01
-9.62896489e-01
-9.62193127e-01
-9.61420926e-01
-9.60577710e-01
-9.59668013e-01
-9.58689843e-01
-9.57648267e-01
-9.56541827e-01
-9.55376351e-01
-9.54151139e-01
-9.52872875e-01
-9.51541706e-01
-9.50165111e-01
-9.48744015e-01
-9.47286479e-01
-9.45793979e-01
-9.44274805e-01
-9.42730630e-01
-9.41169521e-01
-9.39592949e-01
-9.38008308e-01
-9.36416533e-01
-9.34824047e-01
-9.33231144e-01
-9.31643292e-01
-9.30060422e-01
-9.28487516e-01
-9.26924908e-01
-9.25378052e-01
-9.23848925e-01
-9.22344870e-01
-9.20871189e-01
-9.19439101e-01
-9.18059955e-01
-9.16753159e-01
-9.15544352e-01
-9.14478628e-01
-9.13634945e-01
-9.13170518e-01
-9.13397296e-01
-9.14690081e-01
-9.64190306e-01
-9.64191810e-01
-9.63824443e-01
-9.63718815e-01
-9.63923990e-01
-9.64370709e-01
-9.64970715e-01
-9.65642752e-01
-9.66324097e-01
-9.66965756e-01
-9.67536120e-01
-9.68012256e-01
-9.68384152e-01
-9.68644928e-01
-9.68796673e-01
-9.68840159e-01
-9.68782483e-01
-9.68626491e-01
-9.68380107e-01
-9.68045422e-01
-9.67629407e-01
-9.67132528e-01
-9.66560507e-01
-9.65912366e-01
-9.65192965e-01
-9.64400458e-01
-9.63539403e-01
-9.62607698e-01
-9.61610106e-01
-9.60544768e-01
-9.59417012e-01
-9.58225564e-01
-9.56976502e-01
-9.55669308e-01
-9.54310823e-01
-9.52901265e-01
-9.51448070e-01
-9.49951992e-01
-9.48420712e-01
-9.46855158e-01
-9.45262767e-01
-9.43644180e-01
-9.42006052e-01
-9.40348290e-01
-9.38676338e-01
-9.36989116e-01
-9.35290718e-01
-9.33579213e-01
-9.31857678e-01
-9.30123980e-01
-9.28381034e-01
-9.26627612e-01
-9.24867640e-01
-9.23101986e-01
-9.21336526e-01
-9.19574770e-01
-9.17824418e-01
-9.16090859e-01
-9.14382840e-01
-9.12710067e-01
-9.11099528e-01
-9.09635897e-01
-9.08607369e-01
-9.08693321e-01
-9.69132287e-01
-9.67193810e-01
-9.65870607e-01
-9.65457794e-01
-9.65677518e-01
-9.66287611e-01
-9.67110159e-01
-9.68020123e-01
-9.68927184e-01
-9.69771489e-01
-9.70511742e-01
-9.71126478e-01
-9.71603174e-01
-9.71942035e-01
-9.72145047e-01
-9.72221981e-01
-9.72179515e-01
-9.72029402e-01
-9.71777632e-01
-9.71434405e-01
-9.71003085e-01
-9.70491498e-01
-9.69900403e-01
-9.69235728e-01
-9.68496430e-01
-9.67687385e-01
-9.66806652e-01
-9.65858831e-01
-9.64841824e-01
-9.63760519e-01
-9.62613166e-01
-9.61405273e-01
-9.60135714e-01
-9.58810720e-01
-9.57429848e-01
-9.55999932e-01
-9.54521052e-01
-9.53000306e-01
-9.51437930e-01
-9.49840764e-01
-9.48208664e-01
-9.46547583e-01
-9.44856419e-01
-9.43139641e-01
-9.41394761e-01
-9.39624431e-01
-9.37824734e-01
-9.35996689e-01
-9.34135505e-01
-9.32241413e-01
-9.30309940e-01
-9.28341867e-01
-9.26334456e-01
-9.24290153e-01
-9.22208423e-01
-9.20092488e-01
-9.17940870e-01
-9.15750460e-01
-9.13504950e-01
-9.11168972e-01
-9.08665430e-01
-9.05859199e-01
-9.02609016e-01
-8.99216980e-01
-9.85261327e-01
-9.92659877e-01
-1.00289134e+00
-1.01372692e+00
-1.02414682e+00
-1.03366744e+00
-1.04204787e+00
-1.04917457e+00
-1.05501713e+00
-1.05959665e+00
-1.06297489e+00
-1.06523479e+00
-1.06647763e+00
-1.06680654e+00
-1.06632831e+00
-1.06513889e+00
-1.06332958e+00
-1.06097439e+00
-1.05813995e+00
-1.05487405e+00
-1.05121825e+00
-1.04719657e+00
-1.04282974e+00
-1.03812334e+00
-1.03308284e+00
-1.02770095e+00
-1.02197300e+00
-1.01588357e+00
-1.00942211e+00
-1.00256906e+00
-9.95311730e-01
-9.87630174e-01
-9.79513453e-01
-9.70945520e-01
-9.61921872e-01
-9.52435769e-01
-9.42495230e-01
-9.32109804e-01
-9.21307786e-01
-9.10123637e-01
-8.98615124e-01
-8.86851253e-01
-8.74928766e-01
-8.62960116e-01
-8.51088381e-01
-8.39474412e-01
-8.28308891e-01
-8.17797540e-01
-8.08168986e-01
-7.99657146e-01
-7.92504204e-01
-7.86940338e-01
-7.83182657e-01
-7.81414354e-01
-7.81782515e-01
-7.84380606e-01
-7.89249040e-01
-7.96363961e-01
-8.05639803e-01
-8.16914411e-01
-8.29918554e-01
-8.44149157e-01
-8.58464520e-01
-8.69537387e-01
-9.68561022e-01
-9.66585527e-01
-9.64642330e-01
-9.63161101e-01
-9.62006184e-01
-9.61079044e-01
-9.60335986e-01
-9.59767771e-01
-9.59375516e-01
-9.59163735e-01
-9.59128692e-01
-9.59262383e-01
-9.59545996e-01
-9.59958856e-01
-9.60472656e-01
-9.61062053e-01
-9.61697459e-01
-9.62355807e-01
-9.63011319e-01
-9.63646239e-01
-9.64239909e-01
-9.64779771e-01
-9.65249296e-01
-9.65639545e-01
-9.65936350e-01
-9.66132534e-01
-9.66214584e-01
-9.66175472e-01
-9.66000984e-01
-9.65683030e-01
-9.65205756e-01
-9.64559260e-01
-9.63725655e-01
-9.62693109e-01
-9.61442091e-01
-9.59959718e-01
-9.58226422e-01
-9.56230606e-01
-9.53955999e-01
-9.51396584e-01
-9.48544804e-01
-9.45406602e-01
-9.41990440e-01
-9.38321986e-01
-9.34433543e-01
-9.30377510e-01
-9.26215351e-01
-9.22028550e-01
-9.17905963e-01
-9.13950947e-01
-9.10266222e-01
-9.06956599e-01
-9.04111703e-01
-9.01805368e-01
-9.00078394e-01
-8.98937295e-01
-8.98340057e-01
-8.98196122e-01
-8.98354658e-01
-8.98600622e-01
-8.98634602e-01
-8.98057230e-01
-8.96417361e-01
-8.93650112e-01
-9.63815412e-01
-9.64159936e-01
-9.63616437e-01
-9.62924023e-01
-9.62246816e-01
-9.61634702e-01
-9.61113229e-01
-9.60701310e-01
-9.60417291e-01
-9.60271610e-01
-9.60270345e-01
-9.60408406e-01
-9.60676917e-01
-9.61057321e-01
-9.61531135e-01
-9.62073328e-01
-9.62662911e-01
-9.63274669e-01
-9.63889949e-01
-9.64486657e-01
-9.65050257e-01
-9.65562392e-01
-9.66012298e-01
-9.66384461e-01
-9.66670585e-01
-9.66856586e-01
-9.66935133e-01
-9.66892180e-01
-9.66720012e-01
-9.66403475e-01
-9.65933437e-01
-9.65292877e-01
-9.64470684e-01
-9.63447812e-01
-9.62211374e-01
-9.60741102e-01
-9.59023739e-01
-9.57040067e-01
-9.54779602e-01
-9.52228433e-01
-9.49384144e-01
-9.46244570e-01
-9.42822689e-01
-9.39136098e-01
-9.35221244e-01
-9.31122996e-01
-9.26907117e-01
-9.22648853e-01
-9.18442210e-01
-9.14386375e-01
-9.10590620e-01
-9.07158052e-01
-9.04186232e-01
-9.01749487e-01
-8.99897412e-01
-8.98639070e-01
-8.97943229e-01
-8.97728638e-01
-8.97869974e-01
-8.98199310e-01
-8.98529461e-01
-8.98704270e-01
-8.98756392e-01
-8.99104331e-01
-9.61144479e-01
-9.62420625e-01
-9.62735789e-01
-9.62678625e-01
-9.62453432e-01
-9.62169067e-01
-9.61888544e-01
-9.61655998e-01
-9.61500779e-01
-9.61444786e-01
-9.61497668e-01
-9.61663628e-01
-9.61935789e-01
-9.62304965e-01
-9.62753478e-01
-9.63265207e-01
-9.63818127e-01
-9.64394892e-01
-9.64973780e-01
-9.65539566e-01
-9.66072984e-01
-9.66561955e-01
-9.66989904e-01
-9.67347450e-01
-9.67619888e-01
-9.67799412e-01
-9.67871993e-01
-9.67830109e-01
-9.67659207e-01
-9.67350864e-01
-9.66889003e-01
-9.66263411e-01
-9.65455898e-01
-9.64454110e-01
-9.63237860e-01
-9.61793230e-01
-9.60099328e-01
-9.58142701e-01
-9.55904789e-01
-9.53376643e-01
-9.50547299e-01
-9.47418672e-01
-9.43994862e-01
-9.40296840e-01
-9.36352317e-01
-9.32209394e-01
-9.27926132e-01
-9.23581833e-01
-9.19265055e-01
-9.15081016e-01
-9.11136931e-01
-9.07544703e-01
-9.04403698e-01
-9.01799754e-01
-8.99787901e-01
-8.98391365e-01
-8.97589289e-01
-8.97321640e-01
-8.97488951e-01
-8.97972003e-01
-8.98657606e-01
-8.99497982e-01
-9.00602526e-01
-9.02154266e-01
-9.59807342e-01
-9.61460390e-01
-9.62259437e-01
-9.62643598e-01
-9.62782432e-01
-9.62787662e-01
-9.62736465e-01
-9.62681638e-01
-9.62662947e-01
-9.62705589e-01
-9.62827380e-01
-9.63033959e-01
-9.63326768e-01
-9.63697288e-01
-9.64136355e-01
-9.64627335e-01
-9.65156290e-01
-9.65703751e-01
-9.66255349e-01
-9.66792132e-01
-9.67301577e-01
-9.67766637e-01
-9.68177178e-01
-9.68518040e-01
-9.68780954e-01
-9.68951866e-01
-9.69023338e-01
-9.68981342e-01
-9.68818097e-01
-9.68518505e-01
-9.68073355e-01
-9.67465589e-01
-9.66683804e-01
-9.65708553e-01
-9.64526125e-01
-9.63115124e-01
-9.61460536e-01
-9.59540875e-01
-9.57342569e-01
-9.54847943e-01
-9.52049910e-01
-9.48940963e-01
-9.45527981e-01
-9.41822128e-01
-9.37853234e-01
-9.33660039e-01
-9.29303082e-01
-9.24854188e-01
-9.20406323e-01
-9.16060902e-01
-9.11933127e-01
-9.08136237e-01
-9.04782051e-01
-9.01963222e-01
-8.99751368e-01
-8.98181516e-01
-8.97253435e-01
-8.96925335e-01
-8.97126162e-01
-8.97766753e-01
-8.98770845e-01
-9.00108731e-01
-9.01839823e-01
-9.03915489e-01
-9.59371971e-01
-9.61182677e-01
-9.62251320e-01
-9.62926928e-01
-9.63335710e-01
-9.63576749e-01
-9.63723175e-01
-9.63831548e-01
-9.63941862e-01
-9.64084914e-01
-9.64278558e-01
-9.64535036e-01
-9.64855697e-01
-9.65239496e-01
-9.65676688e-01
-9.66158375e-01
-9.66668985e-01
-9.67196514e-01
-9.67723640e-01
-9.68238442e-01
-9.68724217e-01
-9.69170635e-01
-9.69562456e-01
-9.69891136e-01
-9.70142690e-01
-9.70309753e-01
-9.70378799e-01
-9.70342634e-01
-9.70187148e-01
-9.69904184e-01
-9.69478001e-01
-9.68898447e-01
-9.68147335e-01
-9.67211870e-01
-9.66071160e-01
-9.64709909e-01
-9.63105325e-01
-9.61241111e-01
-9.59095087e-01
-9.56653518e-01
-9.53899712e-01
-9.50828658e-01
-9.47436718e-01
-9.43736296e-01
-9.39746382e-01
-9.35506541e-01
-9.31067516e-01
-9.26503214e-01
-9.21900005e-01
-9.17364962e-01
-9.13012338e-01
-9.08966709e-01
-9.05346195e-01
-9.02261085e-01
-8.99796168e-01
-8.98008912e-01
-8.96916952e-01
-8.96503090e-01
-8.96715615e-01
-8.97486300e-01
-8.98745866e-01
-9.00449193e-01
-9.02586166e-01
-9.04966746e-01
-9.59596906e-01
-9.61478924e-01
-9.62703449e-01
-9.63569242e-01
-9.64172475e-01
-9.64594671e-01
-9.64903376e-01
-9.65150116e-01
-9.65376476e-01
-9.65610982e-01
-9.65875701e-01
-9.66181472e-01
-9.66535529e-01
-9.66935647e-01
-9.67378926e-01
-9.67854859e-01
-9.68355019e-01
-9.68864896e-01
-9.69374212e-01
-9.69867504e-01
-9.70334922e-01
-9.70761670e-01
-9.71139260e-01
-9.71453994e-01
-9.71698668e-01
-9.71860300e-01
-9.71932261e-01
-9.71901433e-01
-9.71760718e-01
-9.71495802e-01
-9.71097972e-01
-9.70550668e-01
-9.69842550e-01
-9.68954046e-01
-9.67870647e-01
-9.66569694e-01
-9.65033930e-01
-9.63238826e-01
-9.61166454e-01
-9.58793672e-01
-9.56106379e-01
-9.53088822e-01
-9.49738174e-01
-9.46055006e-01
-9.42057817e-01
-9.37774272e-01
-9.33254750e-01
-9.28563301e-01
-9.23788606e-01
-9.19032993e-01
-9.14418871e-01
-9.10074262e-01
-9.06133616e-01
-9.02720087e-01
-8.99942459e-01
-8.97878072e-01
-8.96571672e-01
-8.96026372e-01
-8.96211768e-01
-8.97068233e-01
-8.98524423e-01
-9.00507167e-01
-9.02951301e-01
-9.05585620e-01
-9.60344581e-01
-9.62266587e-01
-9.63587576e-01
-9.64580977e-01
-9.65321932e-01
-9.65880659e-01
-9.66315445e-01
-9.66675567e-01
-9.66997948e-01
-9.67312765e-01
-9.67639148e-01
-9.67991925e-01
-9.68376204e-01
-9.68795310e-01
-9.69244366e-01
-9.69719278e-01
-9.70209224e-01
-9.70706430e-01
-9.71197487e-01
-9.71673715e-01
-9.72121334e-01
-9.72532324e-01
-9.72893578e-01
-9.73198221e-01
-9.73433916e-01
-9.73594614e-01
-9.73668198e-01
-9.73648608e-01
-9.73522999e-01
-9.73284179e-01
-9.72917443e-01
-9.72413262e-01
-9.71753977e-01
-9.70926696e-01
-9.69910069e-01
-9.68687394e-01
-9.67233749e-01
-9.65529360e-01
-9.63547420e-01
-9.61267824e-01
-9.58666013e-01
-9.55727151e-01
-9.52436255e-01
-9.48792726e-01
-9.44801729e-01
-9.40488583e-01
-9.35890807e-01
-9.31071188e-01
-9.26109114e-01
-9.21110381e-01
-9.16195817e-01
-9.11505672e-01
-9.07183996e-01
-9.03376907e-01
-9.00213791e-01
-8.97802504e-01
-8.96212904e-01
-8.95476172e-01
-8.95578396e-01
-8.96469777e-01
-8.98069650e-01
-9.00280523e-01
-9.02994132e-01
-9.05892836e-01
-9.61535236e-01
-9.63488805e-01
-9.64877300e-01
-9.65959462e-01
-9.66799625e-01
-9.67458006e-01
-9.67988787e-01
-9.68435384e-01
-9.68834542e-01
-9.69212384e-01
-9.69590310e-01
-9.69980085e-01
-9.70390933e-01
-9.70823620e-01
-9.71278662e-01
-9.71749402e-01
-9.72231150e-01
-9.72713168e-01
-9.73188530e-01
-9.73644997e-01
-9.74075436e-01
-9.74467663e-01
-9.74815341e-01
-9.75106919e-01
-9.75336971e-01
-9.75494392e-01
-9.75574124e-01
-9.75564777e-01
-9.75460676e-01
-9.75249065e-01
-9.74922403e-01
-9.74465319e-01
-9.73867097e-01
-9.73108570e-01
-9.72174774e-01
-9.71042015e-01
-9.69690724e-01
-9.68093010e-01
-9.66225801e-01
-9.64059251e-01
-9.61570315e-01
-9.58732372e-01
-9.55529350e-01
-9.51946811e-01
-9.47986499e-01
-9.43658778e-01
-9.38996959e-01
-9.34050263e-01
-9.28896434e-01
-9.23633443e-01
-9.18387997e-01
-9.13303552e-01
-9.08542270e-01
-9.04267791e-01
-9.00640383e-01
-8.97796547e-01
-8.95841916e-01
-8.94834846e-01
-8.94785501e-01
-8.95651338e-01
-8.97347089e-01
-8.99752165e-01
-9.02727382e-01
-9.05922610e-01
-9.63122031e-01
-9.65110110e-01
-9.66552557e-01
-9.67701344e-01
-9.68612980e-01
-9.69343929e-01
-9.69943022e-01
-9.70453011e-01
-9.70906510e-01
-9.71330928e-01
-9.71744150e-01
-9.72160863e-01
-9.72587232e-01
-9.73028332e-01
-9.73481818e-01
-9.73946358e-01
-9.74414271e-01
-9.74880784e-01
-9.75335613e-01
-9.75772861e-01
-9.76181568e-01
-9.76556140e-01
-9.76885960e-01
-9.77166273e-01
-9.77386999e-01
-9.77544025e-01
-9.77627359e-01
-9.77632762e-01
-9.77549408e-01
-9.77371764e-01
-9.77086908e-01
-9.76686600e-01
-9.76154405e-01
-9.75477909e-01
-9.74635858e-01
-9.73610502e-01
-9.72375026e-01
-9.70906092e-01
-9.69171886e-01
-9.67145016e-01
-9.64791596e-01
-9.62084683e-01
-9.58994812e-01
-9.55504127e-01
-9.51598608e-01
-9.47282741e-01
-9.42573225e-01
-9.37513343e-01
-9.32167010e-01
-9.26630940e-01
-9.21026681e-01
-9.15507542e-01
-9.10245555e-01
-9.05430257e-01
-9.01248941e-01
-8.97877608e-01
-8.95457896e-01
-8.94086824e-01
-8.93800056e-01
-8.94571293e-01
-8.96311680e-01
-8.98885008e-01
-9.02124907e-01
-9.05656407e-01
-9.65079446e-01
-9.67110218e-01
-9.68602987e-01
-9.69804793e-01
-9.70769682e-01
-9.71550311e-01
-9.72195492e-01
-9.72744904e-01
-9.73232506e-01
-9.73682600e-01
-9.74115439e-01
-9.74542581e-01
-9.74973649e-01
-9.75410652e-01
-9.75855732e-01
-9.76304461e-01
-9.76754454e-01
-9.77197648e-01
-9.77629626e-01
-9.78040881e-01
-9.78426719e-01
-9.78777571e-01
-9.79089389e-01
-9.79353114e-01
-9.79565493e-01
-9.79717838e-01
-9.79807204e-01
-9.79824575e-01
-9.79766316e-01
-9.79621932e-01
-9.79385717e-01
-9.79044215e-01
-9.78588004e-01
-9.77999033e-01
-9.77262491e-01
-9.76354250e-01
-9.75252842e-01
-9.73927295e-01
-9.72349343e-01
-9.70482040e-01
-9.68292412e-01
-9.65741331e-01
-9.62796867e-01
-9.59425901e-01
-9.55608376e-01
-9.51330896e-01
-9.46601696e-01
-9.41445859e-01
-9.35919920e-01
-9.30107150e-01
-9.24129249e-01
-9.18138526e-01
-9.12322704e-01
-9.06889946e-01
-9.02063176e-01
-8.98056242e-01
-8.95059039e-01
-8.93210557e-01
-8.92585247e-01
-8.93177443e-01
-8.94904825e-01
-8.97617949e-01
-9.01128607e-01
-9.05036629e-01
-9.67396130e-01
-9.69481934e-01
-9.71026162e-01
-9.72274227e-01
-9.73277788e-01
-9.74090408e-01
-9.74759508e-01
-9.75327041e-01
-9.75825199e-01
-9.76280977e-01
-9.76712151e-01
-9.77133426e-01
-9.77551516e-01
-9.77972277e-01
-9.78394732e-01
-9.78819063e-01
-9.79239604e-01
-9.79653570e-01
-9.80053045e-01
-9.80434330e-01
-9.80788964e-01
-9.81113601e-01
-9.81400156e-01
-9.81646127e-01
-9.81843990e-01
-9.81991897e-01
-9.82082447e-01
-9.82113682e-01
-9.82077362e-01
-9.81970169e-01
-9.81781614e-01
-9.81505369e-01
-9.81126937e-01
-9.80635056e-01
-9.80009307e-01
-9.79231566e-01
-9.78273800e-01
-9.77109622e-01
-9.75702610e-01
-9.74018149e-01
-9.72012716e-01
-9.69646302e-01
-9.66873220e-01
-9.63655473e-01
-9.59955639e-01
-9.55751434e-01
-9.51030954e-01
-9.45808193e-01
-9.40120082e-01
-9.34041510e-01
-9.27681977e-01
-9.21196666e-01
-9.14778282e-01
-9.08658746e-01
-9.03090745e-01
-8.98335549e-01
-8.94632876e-01
-8.92178428e-01
-8.91092669e-01
-8.91405793e-01
-8.93048283e-01
-8.95866158e-01
-8.99649392e-01
-9.03972709e-01
-9.70072426e-01
-9.72228218e-01
-9.73829376e-01
-9.75119263e-01
-9.76150712e-01
-9.76977405e-01
-9.77650287e-01
-9.78211555e-01
-9.78697273e-01
-9.79133483e-01
-9.79541573e-01
-9.79934117e-01
-9.80321480e-01
-9.80706673e-01
-9.81092793e-01
-9.81476810e-01
-9.81857721e-01
-9.82229300e-01
-9.82588881e-01
-9.82929116e-01
-9.83247299e-01
-9.83536232e-01
-9.83794003e-01
-9.84014067e-01
-9.84195426e-01
-9.84332033e-01
-9.84423300e-01
-9.84462948e-01
-9.84449753e-01
-9.84375957e-01
-9.84238158e-01
-9.84025401e-01
-9.83730135e-01
-9.83336117e-01
-9.82829377e-01
-9.82186136e-01
-9.81383787e-01
-9.80389089e-01
-9.79169276e-01
-9.77680922e-01
-9.75881423e-01
-9.73719061e-01
-9.71145261e-01
-9.68106513e-01
-9.64557877e-01
-9.60457424e-01
-9.55781336e-01
-9.50521141e-01
-9.44700087e-01
-9.38372339e-01
-9.31638628e-01
-9.24644280e-01
-9.17589279e-01
-9.10718813e-01
-9.04320160e-01
-8.98698345e-01
-8.94154596e-01
-8.90947355e-01
-8.89261230e-01
-8.89173393e-01
-8.90642956e-01
-8.93516910e-01
-8.97567671e-01
-9.02340850e-01
-9.73118354e-01
-9.75362816e-01
-9.77028319e-01
-9.78358185e-01
-9.79405852e-01
-9.80229402e-01
-9.80882216e-01
-9.81412169e-01
-9.81856751e-01
-9.82246998e-01
-9.82603785e-01
-9.82943842e-01
-9.83275484e-01
-9.83605614e-01
-9.83934403e-01
-9.84262965e-01
-9.84586941e-01
-9.84904747e-01
-9.85210127e-01
-9.85500918e-01
-9.85770659e-01
-9.86017826e-01
-9.86236612e-01
-9.86426568e-01
-9.86582680e-01
-9.86705352e-01
-9.86789886e-01
-9.86836732e-01
-9.86840472e-01
-9.86800250e-01
-9.86708362e-01
-9.86560761e-01
-9.86345379e-01
-9.86052623e-01
-9.85663570e-01
-9.85160423e-01
-9.84514788e-01
-9.83698129e-01
-9.82670433e-01
-9.81390850e-01
-9.79807194e-01
-9.77867100e-01
-9.75509004e-01
-9.72674335e-01
-9.69300757e-01
-9.65336023e-01
-9.60734260e-01
-9.55471930e-01
-9.49547453e-01
-9.42998819e-01
-9.35905302e-01
-9.28403891e-01
-9.20688520e-01
-9.13018308e-01
-9.05705145e-01
-8.99103087e-01
-8.93574616e-01
-8.89456161e-01
-8.87008107e-01
-8.86376316e-01
-8.87562231e-01
-8.90427628e-01
-8.94729239e-01
-8.99982188e-01
-9.76554375e-01
-9.78909754e-01
-9.80649875e-01
-9.82017091e-01
-9.83068826e-01
-9.83867297e-01
-9.84473623e-01
-9.84940211e-01
-9.85311937e-01
-9.85621991e-01
-9.85896871e-01
-9.86152840e-01
-9.86402520e-01
-9.86650584e-01
-9.86901078e-01
-9.87151969e-01
-9.87402966e-01
-9.87648933e-01
-9.87888150e-01
-9.88114718e-01
-9.88327243e-01
-9.88520356e-01
-9.88693805e-01
-9.88843220e-01
-9.88969561e-01
-9.89069251e-01
-9.89143908e-01
-9.89189954e-01
-9.89208540e-01
-9.89194720e-01
-9.89147480e-01
-9.89058565e-01
-9.88922520e-01
-9.88725282e-01
-9.88454157e-01
-9.88086342e-01
-9.87598821e-01
-9.86957048e-01
-9.86124862e-01
-9.85053688e-01
-9.83692712e-01
-9.81979143e-01
-9.79849101e-01
-9.77229682e-01
-9.74051228e-01
-9.70242135e-01
-9.65743307e-01
-9.60506642e-01
-9.54512239e-01
-9.47770878e-01
-9.40343313e-01
-9.32344869e-01
-9.23962722e-01
-9.15455808e-01
-9.07159778e-01
-8.99468869e-01
-8.92813763e-01
-8.87613696e-01
-8.84225233e-01
-8.82880844e-01
-8.83648669e-01
-8.86418924e-01
-8.90941368e-01
-8.96697281e-01
-9.80411995e-01
-9.82906199e-01
-9.84732491e-01
-9.86134006e-01
-9.87172358e-01
-9.87919122e-01
-9.88443532e-01
-9.88808856e-01
-9.89066101e-01
-9.89256876e-01
-9.89409945e-01
-9.89547218e-01
-9.89680452e-01
-9.89818372e-01
-9.89962356e-01
-9.90113987e-01
-9.90269486e-01
-9.90427566e-01
-9.90582716e-01
-9.90733383e-01
-9.90874283e-01
-9.91004933e-01
-9.91121156e-01
-9.91223958e-01
-9.91310357e-01
-9.91382564e-01
-9.91438243e-01
-9.91479920e-01
-9.91504771e-01
-9.91514164e-01
-9.91503051e-01
-9.91469543e-01
-9.91404004e-01
-9.91298562e-01
-9.91136016e-01
-9.90899234e-01
-9.90560050e-01
-9.90088565e-01
-9.89442305e-01
-9.88575577e-01
-9.87429312e-01
-9.85940813e-01
-9.84034906e-01
-9.81634664e-01
-9.78654751e-01
-9.75013946e-01
-9.70631807e-01
-9.65444014e-01
-9.59403488e-01
-9.52499300e-01
-9.44762570e-01
-9.36287977e-01
-9.27241597e-01
-9.17878917e-01
-9.08544344e-01
-8.99670344e-01
-8.91749210e-01
-8.85293486e-01
-8.80767957e-01
-8.78518805e-01
-8.78704798e-01
-8.81269193e-01
-8.85964674e-01
-8.92239884e-01
-9.84737087e-01
-9.87404651e-01
-9.89330985e-01
-9.90759522e-01
-9.91760847e-01
-9.92417959e-01
-9.92815450e-01
-9.93028387e-01
-9.93120889e-01
-9.93141308e-01
-9.93126849e-01
-9.93101000e-01
-9.93080502e-01
-9.93072352e-01
-9.93081340e-01
-9.93105722e-01
-9.93144863e-01
-9.93193557e-01
-9.93249801e-01
-9.93307981e-01
-9.93366888e-01
-9.93421992e-01
-9.93473754e-01
-9.93519178e-01
-9.93560412e-01
-9.93595696e-01
-9.93628217e-01
-9.93656550e-01
-9.93683669e-01
-9.93706976e-01
-9.93727368e-01
-9.93738912e-01
-9.93737885e-01
-9.93712177e-01
-9.93650216e-01
-9.93530237e-01
-9.93329051e-01
-9.93011382e-01
-9.92538551e-01
-9.91858191e-01
-9.90913075e-01
-9.89631697e-01
-9.87937680e-01
-9.85741966e-01
-9.82953505e-01
-9.79474093e-01
-9.75211371e-01
-9.70077649e-01
-9.64006507e-01
-9.56957035e-01
-9.48935046e-01
-9.40003083e-01
-9.30304808e-01
-9.20076436e-01
-9.09664994e-01
-8.99525411e-01
-8.90209498e-01
-8.82320756e-01
-8.76449085e-01
-8.73076253e-01
-8.72486441e-01
-8.74703893e-01
-8.79504710e-01
-8.86307093e-01
-9.89593810e-01
-9.92479154e-01
-9.94519948e-01
-9.95962703e-01
-9.96890304e-01
-9.97405887e-01
-9.97613492e-01
-9.97608757e-01
-9.97469790e-01
-9.97258576e-01
-9.97018167e-01
-9.96779253e-01
-9.96558588e-01
-9.96366819e-01
-9.96205751e-01
-9.96076089e-01
-9.95973063e-01
-9.95893980e-01
-9.95832441e-01
-9.95785908e-01
-9.95748835e-01
-9.95720430e-01
-9.95696954e-01
-9.95679740e-01
-9.95666851e-01
-9.95661341e-01
-9.95662382e-01
-9.95673716e-01
-9.95694332e-01
-9.95727017e-01
-9.95768650e-01
-9.95818751e-01
-9.95869461e-01
-9.95913992e-01
-9.95936392e-01
-9.95919821e-01
-9.95836240e-01
-9.95654537e-01
-9.95330355e-01
-9.94814189e-01
-9.94041740e-01
-9.92942270e-01
-9.91430061e-01
-9.89413573e-01
-9.86788845e-01
-9.83450309e-01
-9.79287344e-01
-9.74198000e-01
-9.68090328e-01
-9.60900697e-01
-9.52601770e-01
-9.43226825e-01
-9.32884808e-01
-9.21788456e-01
-9.10269572e-01
-8.98796365e-01
-8.87964294e-01
-8.78467613e-01
-8.71026634e-01
-8.66286086e-01
-8.64689998e-01
-8.66385269e-01
-8.71198458e-01
-8.78527774e-01
-9.95072514e-01
-9.98232505e-01
-1.00040256e+00
-1.00183457e+00
-1.00263375e+00
-1.00293177e+00
-1.00286448e+00
-1.00255322e+00
-1.00209902e+00
-1.00157724e+00
-1.00104265e+00
-1.00052915e+00
-1.00005818e+00
-9.99638072e-01
-9.99272435e-01
-9.98957480e-01
-9.98689728e-01
-9.98461489e-01
-9.98268171e-01
-9.98102367e-01
-9.97961132e-01
-9.97839085e-01
-9.97735843e-01
-9.97648399e-01
-9.97578783e-01
-9.97525881e-01
-9.97493285e-01
-9.97480656e-01
-9.97491704e-01
-9.97525142e-01
-9.97582711e-01
-9.97659791e-01
-9.97753354e-01
-9.97852308e-01
-9.97945295e-01
-9.98010864e-01
-9.98025081e-01
-9.97951689e-01
-9.97749584e-01
-9.97363238e-01
-9.96730222e-01
-9.95772327e-01
-9.94403521e-01
-9.92522424e-01
-9.90021335e-01
-9.86781028e-01
-9.82681852e-01
-9.77602237e-01
-9.71433429e-01
-9.64083743e-01
-9.55499200e-01
-9.45676093e-01
-9.34689591e-01
-9.22715163e-01
-9.10061560e-01
-8.97189877e-01
-8.84727316e-01
-8.73444742e-01
-8.64198571e-01
-8.57815115e-01
-8.54941454e-01
-8.55895586e-01
-8.60598337e-01
-8.68445393e-01
-1.00130090e+00
-1.00480989e+00
-1.00712019e+00
-1.00849744e+00
-1.00908242e+00
-1.00905393e+00
-1.00859207e+00
-1.00785757e+00
-1.00697835e+00
-1.00605033e+00
-1.00513744e+00
-1.00428085e+00
-1.00350099e+00
-1.00280746e+00
-1.00219877e+00
-1.00167083e+00
-1.00121413e+00
-1.00082107e+00
-1.00048127e+00
-1.00018844e+00
-9.99934361e-01
-9.99715791e-01
-9.99527553e-01
-9.99369597e-01
-9.99239502e-01
-9.99139712e-01
-9.99069566e-01
-9.99032686e-01
-9.99028599e-01
-9.99060203e-01
-9.99125028e-01
-9.99222681e-01
-9.99345805e-01
-9.99487402e-01
-9.99631562e-01
-9.99760596e-01
-9.99845657e-01
-9.99853677e-01
-9.99738068e-01
-9.99445578e-01
-9.98907388e-01
-9.98046137e-01
-9.96767922e-01
-9.94969952e-01
-9.92534184e-01
-9.89336347e-01
-9.85242287e-01
-9.80119545e-01
-9.73838044e-01
-9.66286199e-01
-9.57378643e-01
-9.47080050e-01
-9.35423625e-01
-9.22545773e-01
-9.08715902e-01
-8.94375661e-01
-8.80160855e-01
-8.66905927e-01
-8.55595350e-01
-8.47256142e-01
-8.42779188e-01
-8.42718192e-01
-8.47147606e-01
-8.55495067e-01
-1.00846360e+00
-1.01241810e+00
-1.01487001e+00
-1.01611324e+00
-1.01635151e+00
-1.01583580e+00
-1.01481441e+00
-1.01349960e+00
-1.01205722e+00
-1.01060380e+00
-1.00921618e+00
-1.00793717e+00
-1.00678815e+00
-1.00577264e+00
-1.00488659e+00
-1.00411808e+00
-1.00345526e+00
-1.00288316e+00
-1.00239047e+00
-1.00196448e+00
-1.00159751e+00
-1.00128079e+00
-1.00101084e+00
-1.00078271e+00
-1.00059654e+00
-1.00045024e+00
-1.00034629e+00
-1.00028395e+00
-1.00026619e+00
-1.00029162e+00
-1.00036131e+00
-1.00047050e+00
-1.00061531e+00
-1.00078418e+00
-1.00096448e+00
-1.00113366e+00
-1.00126572e+00
-1.00132236e+00
-1.00125920e+00
-1.00101715e+00
-1.00052866e+00
-9.99709591e-01
-9.98465840e-01
-9.96686310e-01
-9.94250363e-01
-9.91022748e-01
-9.86862728e-01
-9.81622120e-01
-9.75157518e-01
-9.67333454e-01
-9.58040349e-01
-9.47206538e-01
-9.34826704e-01
-9.20988419e-01
-9.05915829e-01
-8.90010858e-01
-8.73900257e-01
-8.58457193e-01
-8.44784690e-01
-8.34117959e-01
-8.27637749e-01
-8.26208589e-01
-8.30146563e-01
-8.38967777e-01
-1.01683335e+00
-1.02135847e+00
-1.02392817e+00
-1.02489827e+00
-1.02458062e+00
-1.02334314e+00
-1.02153162e+00
-1.01943077e+00
-1.01724985e+00
-1.01513043e+00
-1.01315646e+00
-1.01137197e+00
-1.00979064e+00
-1.00841000e+00
-1.00721499e+00
-1.00618765e+00
-1.00530603e+00
-1.00455126e+00
-1.00390371e+00
-1.00334903e+00
-1.00287281e+00
-1.00246637e+00
-1.00212066e+00
-1.00183209e+00
-1.00159586e+00
-1.00141210e+00
-1.00127870e+00
-1.00119760e+00
-1.00116738e+00
-1.00118948e+00
-1.00126055e+00
-1.00137870e+00
-1.00153548e+00
-1.00172203e+00
-1.00192089e+00
-1.00211190e+00
-1.00226393e+00
-1.00234057e+00
-1.00229188e+00
-1.00205999e+00
-1.00157116e+00
-1.00074151e+00
-9.99469740e-01
-9.97643420e-01
-9.95133029e-01
-9.91799291e-01
-9.87489447e-01
-9.82046586e-01
-9.75309461e-01
-9.67125553e-01
-9.57357035e-01
-9.45901315e-01
-9.32708704e-01
-9.17817905e-01
-9.01394321e-01
-8.83787695e-01
-8.65589406e-01
-8.47688400e-01
-8.31284158e-01
-8.17825754e-01
-8.08826327e-01
-8.05557238e-01
-8.08698874e-01
-8.17955006e-01
-1.02682597e+00
-1.03207870e+00
-1.03468710e+00
-1.03513737e+00
-1.03393424e+00
-1.03162930e+00
-1.02871099e+00
-1.02555507e+00
-1.02242218e+00
-1.01947275e+00
-1.01679376e+00
-1.01441876e+00
-1.01234978e+00
-1.01056766e+00
-1.00904528e+00
-1.00774987e+00
-1.00665099e+00
-1.00571833e+00
-1.00492747e+00
-1.00425541e+00
-1.00368577e+00
-1.00320321e+00
-1.00279857e+00
-1.00246280e+00
-1.00219224e+00
-1.00198219e+00
-1.00183240e+00
-1.00174030e+00
-1.00170663e+00
-1.00172841e+00
-1.00180455e+00
-1.00192860e+00
-1.00209429e+00
-1.00228799e+00
-1.00249414e+00
-1.00268754e+00
-1.00283858e+00
-1.00290544e+00
-1.00283918e+00
-1.00257609e+00
-1.00204270e+00
-1.00114860e+00
-9.99791690e-01
-9.97851859e-01
-9.95196908e-01
-9.91677760e-01
-9.87135649e-01
-9.81399752e-01
-9.74296703e-01
-9.65652222e-01
-9.55305185e-01
-9.43116905e-01
-9.28995446e-01
-9.12921371e-01
-8.94994644e-01
-8.75491489e-01
-8.54944645e-01
-8.34224051e-01
-8.14600699e-01
-7.97731771e-01
-7.85511241e-01
-7.79734493e-01
-7.81628410e-01
-7.91254650e-01
-1.03909746e+00
-1.04526116e+00
-1.04770710e+00
-1.04720049e+00
-1.04458790e+00
-1.04071107e+00
-1.03625405e+00
-1.03170345e+00
-1.02736547e+00
-1.02340909e+00
-1.01990595e+00
-1.01686789e+00
-1.01426971e+00
-1.01206982e+00
-1.01021794e+00
-1.00866542e+00
-1.00736513e+00
-1.00627726e+00
-1.00536578e+00
-1.00460286e+00
-1.00396383e+00
-1.00343148e+00
-1.00299041e+00
-1.00263151e+00
-1.00234600e+00
-1.00213018e+00
-1.00197920e+00
-1.00189203e+00
-1.00186504e+00
-1.00189694e+00
-1.00198225e+00
-1.00211618e+00
-1.00228785e+00
-1.00248511e+00
-1.00268754e+00
-1.00287108e+00
-1.00300094e+00
-1.00303602e+00
-1.00292185e+00
-1.00259487e+00
-1.00197558e+00
-1.00097295e+00
-9.99478034e-01
-9.97368754e-01
-9.94504558e-01
-9.90731958e-01
-9.85880811e-01
-9.79771269e-01
-9.72212601e-01
-9.63012729e-01
-9.51981534e-01
-9.38946101e-01
-9.23764007e-01
-9.06353511e-01
-8.86731779e-01
-8.65081478e-01
-8.41839069e-01
-8.17813708e-01
-7.94303194e-01
-7.73159496e-01
-7.56705503e-01
-7.47417502e-01
-7.47341342e-01
-7.57206064e-01
-1.05472729e+00
-1.06197093e+00
-1.06378982e+00
-1.06154546e+00
-1.05669276e+00
-1.05051382e+00
-1.04394668e+00
-1.03758783e+00
-1.03176717e+00
-1.02662928e+00
-1.02220474e+00
-1.01845768e+00
-1.01532141e+00
-1.01271595e+00
-1.01056270e+00
-1.00878739e+00
-1.00732623e+00
-1.00612311e+00
-1.00513314e+00
-1.00431793e+00
-1.00364870e+00
-1.00310099e+00
-1.00265801e+00
-1.00230519e+00
-1.00203389e+00
-1.00183583e+00
-1.00170711e+00
-1.00164248e+00
-1.00163955e+00
-1.00169289e+00
-1.00179831e+00
-1.00194672e+00
-1.00212837e+00
-1.00232657e+00
-1.00252177e+00
-1.00268507e+00
-1.00278219e+00
-1.00276688e+00
-1.00258474e+00
-1.00216668e+00
-1.00143269e+00
-1.00028564e+00
-9.98615102e-01
-9.96291837e-01
-9.93172024e-01
-9.89092761e-01
-9.83877111e-01
-9.77331167e-01
-9.69250443e-01
-9.59419409e-01
-9.47620555e-01
-9.33638899e-01
-9.17278350e-01
-8.98380023e-01
-8.76861825e-01
-8.52777471e-01
-8.26419058e-01
-7.98462862e-01
-7.70159028e-01
-7.43504812e-01
-7.21295943e-01
-7.06895848e-01
-7.03598989e-01
-7.13382243e-01
-1.07557952e+00
-1.08390955e+00
-1.08406287e+00
-1.07868236e+00
-1.07028097e+00
-1.06077138e+00
-1.05137034e+00
-1.04274000e+00
-1.03516736e+00
-1.02871513e+00
-1.02332367e+00
-1.01887836e+00
-1.01524532e+00
-1.01229428e+00
-1.00990573e+00
-1.00797744e+00
-1.00642202e+00
-1.00516899e+00
-1.00415971e+00
-1.00334896e+00
-1.00269948e+00
-1.00218405e+00
-1.00178013e+00
-1.00147252e+00
-1.00124815e+00
-1.00109923e+00
-1.00101796e+00
-1.00100006e+00
-1.00103938e+00
-1.00113158e+00
-1.00126860e+00
-1.00144234e+00
-1.00163897e+00
-1.00184256e+00
-1.00202920e+00
-1.00217044e+00
-1.00222737e+00
-1.00215383e+00
-1.00189049e+00
-1.00136794e+00
-1.00050086e+00
-9.99191121e-01
-9.97322295e-01
-9.94762906e-01
-9.91361568e-01
-9.86950584e-01
-9.81342005e-01
-9.74331790e-01
-9.65697084e-01
-9.55201280e-01
-9.42593212e-01
-9.27614509e-01
-9.10003959e-01
-8.89514171e-01
-8.65935841e-01
-8.39152496e-01
-8.09236109e-01
-7.76619366e-01
-7.42356171e-01
-7.08455167e-01
-6.78164165e-01
-6.55985946e-01
-6.47142837e-01
-6.55992196e-01
-1.10505825e+00
-1.11383605e+00
-1.11003170e+00
-1.09901773e+00
-1.08505564e+00
-1.07083638e+00
-1.05776710e+00
-1.04642407e+00
-1.03691669e+00
-1.02912196e+00
-1.02282328e+00
-1.01778158e+00
-1.01377238e+00
-1.01059787e+00
-1.00809269e+00
-1.00612003e+00
-1.00457070e+00
-1.00335637e+00
-1.00240860e+00
-1.00167247e+00
-1.00110681e+00
-1.00067858e+00
-1.00036418e+00
-1.00014439e+00
-1.00000645e+00
-9.99939245e-01
-9.99935891e-01
-9.99988980e-01
-1.00009345e+00
-1.00024175e+00
-1.00042682e+00
-1.00063714e+00
-1.00085971e+00
-1.00107491e+00
-1.00125935e+00
-1.00138069e+00
-1.00140024e+00
-1.00126771e+00
-1.00092371e+00
-1.00029444e+00
-9.99294125e-01
-9.97819848e-01
-9.95753970e-01
-9.92959298e-01
-9.89281579e-01
-9.84545130e-01
-9.78555432e-01
-9.71095220e-01
-9.61927011e-01
-9.50789447e-01
-9.37399453e-01
-9.21448863e-01
-9.02607146e-01
-8.80521992e-01
-8.54832773e-01
-8.25199692e-01
-7.91381455e-01
-7.53397341e-01
-7.11843239e-01
-6.68406878e-01
-6.26543941e-01
-5.92059358e-01
-5.73116679e-01
-5.78677958e-01
-1.14977094e+00
-1.15620237e+00
-1.14341379e+00
-1.12239715e+00
-1.09994393e+00
-1.07935870e+00
-1.06184503e+00
-1.04754568e+00
-1.03614710e+00
-1.02719129e+00
-1.02021725e+00
-1.01481861e+00
-1.01065691e+00
-1.00746068e+00
-1.00501445e+00
-1.00315064e+00
-1.00173795e+00
-1.00067584e+00
-9.99885705e-01
-9.99308389e-01
-9.98897588e-01
-9.98619459e-01
-9.98447343e-01
-9.98362675e-01
-9.98350381e-01
-9.98400555e-01
-9.98504158e-01
-9.98655106e-01
-9.98846057e-01
-9.99070686e-01
-9.99319422e-01
-9.99581774e-01
-9.99841947e-01
-1.00008111e+00
-1.00027286e+00
-1.00038540e+00
-1.00037685e+00
-1.00019727e+00
-9.99783926e-01
-9.99063163e-01
-9.97945719e-01
-9.96328459e-01
-9.94089849e-01
-9.91091615e-01
-9.87174399e-01
-9.82159276e-01
-9.75843466e-01
-9.68001342e-01
-9.58379630e-01
-9.46696947e-01
-9.32637133e-01
-9.15845454e-01
-8.95917998e-01
-8.72393023e-01
-8.44738126e-01
-8.12348348e-01
-7.74568882e-01
-7.30798580e-01
-6.80770711e-01
-6.25186682e-01
-5.66883128e-01
-5.12530156e-01
-4.74337996e-01
-4.70071506e-01
-1.22335898e+00
-1.21777807e+00
-1.18517179e+00
-1.14693303e+00
-1.11224445e+00
-1.08380495e+00
-1.06157684e+00
-1.04461147e+00
-1.03181558e+00
-1.02222124e+00
-1.01505142e+00
-1.00970732e+00
-1.00573718e+00
-1.00280140e+00
-1.00064620e+00
-9.99080401e-01
-9.97960966e-01
-9.97179307e-01
-9.96654440e-01
-9.96324510e-01
-9.96144068e-01
-9.96078270e-01
-9.96102336e-01
-9.96197060e-01
-9.96349443e-01
-9.96548813e-01
-9.96788082e-01
-9.97060110e-01
-9.97359265e-01
-9.97677835e-01
-9.98007695e-01
-9.98336660e-01
-9.98650132e-01
-9.98927340e-01
-9.99142892e-01
-9.99262880e-01
-9.99246303e-01
-9.99041065e-01
-9.98585246e-01
-9.97803054e-01
-9.96605963e-01
-9.94888678e-01
-9.92530141e-01
-9.89389537e-01
-9.85307072e-01
-9.80099867e-01
-9.73562143e-01
-9.65460405e-01
-9.55531977e-01
-9.43477866e-01
-9.28957113e-01
-9.11573530e-01
-8.90860246e-01
-8.66252432e-01
-8.37051794e-01
-8.02374951e-01
-7.61096812e-01
-7.11813223e-01
-6.52925039e-01
-5.83096200e-01
-5.02639920e-01
-4.16709527e-01
-3.41051947e-01
-3.08961756e-01
-1.35547475e+00
-1.30659208e+00
-1.23205491e+00
-1.16638152e+00
-1.11627455e+00
-1.07999110e+00
-1.05418450e+00
-1.03589289e+00
-1.02290074e+00
-1.01364475e+00
-1.00704055e+00
-1.00233631e+00
-9.99005370e-01
-9.96675150e-01
-9.95077851e-01
-9.94019746e-01
-9.93358423e-01
-9.92989576e-01
-9.92835466e-01
-9.92839317e-01
-9.92958624e-01
-9.93163037e-01
-9.93429849e-01
-9.93743576e-01
-9.94092446e-01
-9.94468827e-01
-9.94866153e-01
-9.95279776e-01
-9.95704037e-01
-9.96133292e-01
-9.96558980e-01
-9.96970676e-01
-9.97353071e-01
-9.97686958e-01
-9.97946089e-01
-9.98098042e-01
-9.98100956e-01
-9.97904249e-01
-9.97445268e-01
-9.96649860e-01
-9.95428971e-01
-9.93679078e-01
-9.91278756e-01
-9.88088898e-01
-9.83949140e-01
-9.78677592e-01
-9.72066663e-01
-9.63881459e-01
-9.53853685e-01
-9.41676558e-01
-9.26993366e-01
-9.09383451e-01
-8.88336756e-01
-8.63216852e-01
-8.33198802e-01
-7.97172637e-01
-7.53587608e-01
-7.00217255e-01
-6.33841157e-01
-5.49982242e-01
-4.43338132e-01
-3.11023073e-01
-1.64014264e-01
-5.54459812e-02
-1.61142039e+00
-1.42105201e+00
-1.26655234e+00
-1.16553804e+00
-1.10222240e+00
-1.06235033e+00
-1.03675843e+00
-1.01998848e+00
-1.00881543e+00
-1.00129867e+00
-9.96236559e-01
-9.92860122e-01
-9.90661802e-01
-9.89296405e-01
-9.88524022e-01
-9.88174179e-01
-9.88124737e-01
-9.88286803e-01
-9.88596189e-01
-9.89005920e-01
-9.89482647e-01
-9.90002247e-01
-9.90548428e-01
-9.91109671e-01
-9.91678886e-01
-9.92250957e-01
-9.92822892e-01
-9.93391614e-01
-9.93954326e-01
-9.94506357e-01
-9.95041575e-01
-9.95550174e-01
-9.96019047e-01
-9.96429460e-01
-9.96757310e-01
-9.96970676e-01
-9.97029941e-01
-9.96885215e-01
-9.96476322e-01
-9.95730136e-01
-9.94560427e-01
-9.92865137e-01
-9.90526063e-01
-9.87406021e-01
-9.83348209e-01
-9.78172980e-01
-9.71676360e-01
-9.63625564e-01
-9.53755238e-01
-9.41759413e-01
-9.27281728e-01
-9.09897748e-01
-8.89089048e-01
-8.64198642e-01
-8.34358460e-01
-7.98362185e-01
-7.54440333e-01
-6.99843414e-01
-6.30054727e-01
-5.37308574e-01
-4.08073837e-01
-2.20485483e-01
4.88564172e-02
3.63130374e-01
-2.12939245e+00
-1.50422103e+00
-1.24215359e+00
-1.12175152e+00
-1.06119748e+00
-1.02827556e+00
-1.00923095e+00
-9.97719650e-01
-9.90593566e-01
-9.86175650e-01
-9.83509057e-01
-9.82012752e-01
-9.81314133e-01
-9.81164103e-01
-9.81390411e-01
-9.81871744e-01
-9.82521186e-01
-9.83276639e-01
-9.84093447e-01
-9.84940362e-01
-9.85795536e-01
-9.86644758e-01
-9.87478854e-01
-9.88292976e-01
-9.89084645e-01
-9.89853531e-01
-9.90599774e-01
-9.91323982e-01
-9.92025626e-01
-9.92703103e-01
-9.93352086e-01
-9.93965548e-01
-9.94532009e-01
-9.95035459e-01
-9.95453470e-01
-9.95756976e-01
-9.95908254e-01
-9.95860556e-01
-9.95555973e-01
-9.94924937e-01
-9.93883994e-01
-9.92335187e-01
-9.90163750e-01
-9.87237308e-01
-9.83403384e-01
-9.78488171e-01
-9.72293398e-01
-9.64593905e-01
-9.55132624e-01
-9.43614903e-01
-9.29698290e-01
-9.12978190e-01
-8.92963370e-01
-8.69037157e-01
-8.40390001e-01
-8.05901064e-01
-7.63914554e-01
-7.11790289e-01
-6.44916695e-01
-5.54337456e-01
-4.20573128e-01
-1.97247515e-01
2.27016337e-01
1.08573793e+00
SCALARS vorticity double 1
LOOKUP_TABLE default
5.49302694e-04
-3.33722695e-03
-2.06427892e-03
6.97784318e-03
2.16029203e-02
4.08659789e-02
6.41667334e-02
9.09539900e-02
1.20666182e-01
1.52741814e-01
1.86639722e-01
2.21855411e-01
2.57929325e-01
2.94450275e-01
3.31053973e-01
3.67419939e-01
4.03266177e-01
4.38344054e-01
4.72432332e-01
5.05332230e-01
5.36862304e-01
5.66854643e-01
5.95151160e-01
6.21601201e-01
6.46059334e-01
6.68384295e-01
6.88438123e-01
7.06086252e-01
7.21197761e-01
7.33646375e-01
7.43311622e-01
7.50080535e-01
7.53849544e-01
7.54526725e-01
7.52034273e-01
7.46311173e-01
7.37316134e-01
7.25030537e-01
7.09461685e-01
6.90645871e-01
6.68651746e-01
6.43583279e-01
6.15582977e-01
5.84834442e-01
5.51565081e-01
5.16047869e-01
4.78603128e-01
4.39599003e-01
3.99451799e-01
3.58624627e-01
3.17625673e-01
2.77004339e-01
2.37346585e-01
1.99267386e-01
1.63401310e-01
1.30388021e-01
1.00851689e-01
7.53660478e-02
5.43922942e-02
3.81523016e-02
2.63541199e-02
1.75789231e-02
8.01932922e-03
-7.40170665e-05
9.47390997e-03
8.37297487e-03
1.07866867e-02
2.01902037e-02
3.43661164e-02
5.25133365e-02
7.41846718e-02
9.89672329e-02
1.26417611e-01
1.56069955e-01
1.87457676e-01
2.20131646e-01
2.53672116e-01
2.87694765e-01
3.21852699e-01
3.55835438e-01
3.89366279e-01
4.22198516e-01
4.54111376e-01
4.84905796e-01
5.14400564e-01
5.42428764e-01
5.68834844e-01
5.93472158e-01
6.16201189e-01
6.36888251e-01
6.55404812e-01
6.71627258e-01
6.85437163e-01
6.96721931e-01
7.05375843e-01
7.11301401e-01
7.14410991e-01
7.14628781e-01
7.11892846e-01
7.06157491e-01
6.97395711e-01
6.85601795e-01
6.70793971e-01
6.53017131e-01
6.32345484e-01
6.08885180e-01
5.82776732e-01
5.54197274e-01
5.23362428e-01
4.90527852e-01
4.55990159e-01
4.20087309e-01
3.83198095e-01
3.45740809e-01
3.08170634e-01
2.70975749e-01
2.34671505e-01
1.99792342e-01
1.66880134e-01
1.36467418e-01
1.09051618e-01
8.50532315e-02
6.47415637e-02
4.80915224e-02
3.44843848e-02
2.20503339e-02
6.21153904e-03
-4.89313883e-03
2.03058764e-02
2.50040335e-02
3.18850911e-02
4.21915246e-02
5.55768279e-02
7.18002829e-02
9.06750705e-02
1.11988590e-01
1.35476767e-01
1.60830570e-01
1.87713411e-01
2.15778786e-01
2.44684397e-01
2.74101973e-01
3.03723362e-01
3.33263610e-01
3.62461902e-01
3.91080972e-01
4.18905588e-01
4.45740470e-01
4.71408009e-01
4.95745966e-01
5.18605358e-01
5.39848598e-01
5.59347993e-01
5.76984601e-01
5.92647481e-01
6.06233311e-01
6.17646379e-01
6.26798893e-01
6.33611603e-01
6.38014683e-01
6.39948860e-01
6.39366733e-01
6.36234272e-01
6.30532433e-01
6.22258890e-01
6.11429816e-01
5.98081689e-01
5.82273090e-01
5.64086420e-01
5.43629529e-01
5.21037155e-01
4.96472151e-01
4.70126406e-01
4.42221390e-01
4.13008228e-01
3.82767185e-01
3.51806414e-01
3.20459807e-01
2.89083641e-01
2.58051711e-01
2.27748341e-01
1.98558473e-01
1.70853369e-01
1.44969680e-01
1.21177787e-01
9.96324103e-02
8.02928517e-02
6.27915873e-02
4.62206049e-02
2.88186658e-02
7.68731900e-03
-5.00442756e-03
3.07131882e-02
3.85550080e-02
4.95499804e-02
6.10737661e-02
7.39065397e-02
8.83985978e-02
1.04695617e-01
1.22809282e-01
1.42649323e-01
1.64048467e-01
1.86785411e-01
2.10605141e-01
2.35235633e-01
2.60400721e-01
2.85829415e-01
3.11262222e-01
3.36455070e-01
3.61181381e-01
3.85232806e-01
4.08419006e-01
4.30566825e-01
4.51519111e-01
4.71133392e-01
4.89280557e-01
5.05843653e-01
5.20716880e-01
5.33804814e-01
5.45021905e-01
5.54292233e-01
5.61549529e-01
5.66737436e-01
5.69809990e-01
5.70732285e-01
5.69481298e-01
5.66046831e-01
5.60432543e-01
5.52657024e-01
5.42754896e-01
5.30777876e-01
5.16795790e-01
5.00897473e-01
4.83191542e-01
4.63806969e-01
4.42893430e-01
4.20621355e-01
3.97181631e-01
3.72784857e-01
3.47660069e-01
3.22052774e-01
2.96222113e-01
2.70436872e-01
2.44969938e-01
2.20090600e-01
1.96053820e-01
1.73085092e-01
1.51358858e-01
1.30967402e-01
1.11875745e-01
9.38567019e-02
7.64008060e-02
5.86050422e-02
3.90812575e-02
1.60287968e-02
2.35139059e-03
4.44065133e-02
5.36074783e-02
6.67820296e-02
7.87507341e-02
9.07059338e-02
1.03348241e-01
1.17078803e-01
1.32099658e-01
1.48470047e-01
1.66143775e-01
1.84997808e-01
2.04855580e-01
2.25506061e-01
2.46719015e-01
2.68256843e-01
2.89883441e-01
3.11370544e-01
3.32502006e-01
3.53076450e-01
3.72908649e-01
3.91829987e-01
4.09688267e-01
4.26347099e-01
4.41685065e-01
4.55594792e-01
4.67982067e-01
4.78765049e-01
4.87873648e-01
4.95249084e-01
5.00843646e-01
5.04620645e-01
5.06554529e-01
5.06631166e-01
5.04848220e-01
5.01215637e-01
4.95756154e-01
4.88505842e-01
4.79514602e-01
4.68846614e-01
4.56580680e-01
4.42810437e-01
4.27644397e-01
4.11205790e-01
3.93632154e-01
3.75074652e-01
3.55697030e-01
3.35674187e-01
3.15190235e-01
2.94435930e-01
2.73605309e-01
2.52891241e-01
2.32479554e-01
2.12541162e-01
1.93221460e-01
1.74625884e-01
1.56800232e-01
1.39703946e-01
1.23174453e-01
1.06881549e-01
9.02742827e-02
7.25329253e-02
5.25612751e-02
2.90897082e-02
1.51148761e-02
6.27546016e-02
7.20238998e-02
8.53935121e-02
9.66711435e-02
1.07109470e-01
1.17556029e-01
1.28562448e-01
1.40463512e-01
1.53431471e-01
1.67515118e-01
1.82670060e-01
1.98783396e-01
2.15694192e-01
2.33210352e-01
2.51122283e-01
2.69213676e-01
2.87269755e-01
3.05083345e-01
3.22459105e-01
3.39216262e-01
3.55190172e-01
3.70232968e-01
3.84213570e-01
3.97017256e-01
4.08544974e-01
4.18712548e-01
4.27449865e-01
4.34700143e-01
4.40419307e-01
4.44575510e-01
4.47148809e-01
4.48130968e-01
4.47525389e-01
4.45347126e-01
4.41622961e-01
4.36391488e-01
4.29703189e-01
4.21620443e-01
4.12217449e-01
4.01580017e-01
3.89805199e-01
3.77000731e-01
3.63284257e-01
3.48782291e-01
3.33628906e-01
3.17964093e-01
3.01931732e-01
2.85677116e-01
2.69343913e-01
2.53070409e-01
2.36984823e-01
2.21199383e-01
2.05802735e-01
1.90850128e-01
1.76350658e-01
1.62250760e-01
1.48413217e-01
1.34591428e-01
1.20400085e-01
1.05286532e-01
8.85132236e-02
6.91711684e-02
4.62504745e-02
3.25494266e-02
8.60820106e-02
9.44647975e-02
1.06352671e-01
1.15792423e-01
1.23966172e-01
1.31750695e-01
1.39765840e-01
1.48424281e-01
1.57973467e-01
1.68529769e-01
1.80106864e-01
1.92639901e-01
2.06006232e-01
2.20043094e-01
2.34562434e-01
2.49363067e-01
2.64240367e-01
2.78993742e-01
2.93432149e-01
3.07377943e-01
3.20669333e-01
3.33161747e-01
3.44728340e-01
3.55259894e-01
3.64664323e-01
3.72865918e-01
3.79804509e-01
3.85434598e-01
3.89724569e-01
3.92655990e-01
3.94223029e-01
3.94431990e-01
3.93300938e-01
3.90859395e-01
3.87148079e-01
3.82218622e-01
3.76133269e-01
3.68964473e-01
3.60794394e-01
3.51714232e-01
3.41823387e-01
3.31228406e-01
3.20041697e-01
3.08379984e-01
2.96362477e-01
2.84108730e-01
2.71736134e-01
2.59357012e-01
2.47075214e-01
2.34982113e-01
2.23151826e-01
2.11635462e-01
2.00454080e-01
1.89590026e-01
1.78976244e-01
1.68483231e-01
1.57903559e-01
1.46934476e-01
1.35160266e-01
1.22038006e-01
1.06893255e-01
8.89354840e-02
6.73025992e-02
5.43084212e-02
1.14286278e-01
1.21063004e-01
1.30119818e-01
1.36692801e-01
1.41862511e-01
1.46479977e-01
1.51181475e-01
1.56415787e-01
1.62473169e-01
1.69512467e-01
1.77585837e-01
1.86661138e-01
1.96642056e-01
2.07385921e-01
2.18719151e-01
2.30450322e-01
2.42380918e-01
2.54313876e-01
2.66060113e-01
2.77443257e-01
2.88302834e-01
2.98496188e-01
3.07899388e-01
3.16407377e-01
3.23933587e-01
3.30409213e-01
3.35782290e-01
3.40016708e-01
3.43091243e-01
3.44998650e-01
3.45744855e-01
3.45348236e-01
3.43838997e-01
3.41258588e-01
3.37659156e-01
3.33102970e-01
3.27661799e-01
3.21416184e-01
3.14454583e-01
3.06872338e-01
2.98770456e-01
2.90254159e-01
2.81431187e-01
2.72409840e-01
2.63296732e-01
2.54194235e-01
2.45197600e-01
2.36391697e-01
2.27847339e-01
2.19617115e-01
2.11730624e-01
2.04188982e-01
1.96958446e-01
1.89962971e-01
1.83075560e-01
1.76108390e-01
1.68801950e-01
1.60813962e-01
1.51709597e-01
1.40955493e-01
1.27921336e-01
1.11893998e-01
9.21090104e-02
8.01259829e-02
1.47106510e-01
1.51722303e-01
1.56867916e-01
1.59690936e-01
1.61177461e-01
1.62133129e-01
1.63182438e-01
1.64782238e-01
1.67240788e-01
1.70738458e-01
1.75348538e-01
1.81057417e-01
1.87783648e-01
1.95395473e-01
2.03726504e-01
2.12589361e-01
2.21787166e-01
2.31122884e-01
2.40406627e-01
2.49461066e-01
2.58125183e-01
2.66256607e-01
2.73732818e-01
2.80451449e-01
2.86329964e-01
2.91304892e-01
2.95330816e-01
2.98379236e-01
3.00437427e-01
3.01507328e-01
3.01604528e-01
3.00757321e-01
2.99005862e-01
2.96401347e-01
2.93005235e-01
2.88888425e-01
2.84130378e-01
2.78818130e-01
2.73045153e-01
2.66910043e-01
2.60514990e-01
2.53964020e-01
2.47360972e-01
2.40807212e-01
2.34399048e-01
2.28224853e-01
2.22361865e-01
2.16872653e-01
2.11801223e-01
2.07168725e-01
2.02968724e-01
1.99161983e-01
1.95670701e-01
1.92372171e-01
1.89091901e-01
1.85596333e-01
1.81585574e-01
1.76686877e-01
1.70450052e-01
1.62346432e-01
1.51773544e-01
1.38068530e-01
1.20534308e-01
1.09757596e-01
1.84237529e-01
1.86253696e-01
1.86613514e-01
1.84938504e-01
1.82138869e-01
1.78972468e-01
1.76038843e-01
1.73785650e-01
1.72521446e-01
1.72431651e-01
1.73596092e-01
1.76007140e-01
1.79587636e-01
1.84207959e-01
1.89701737e-01
1.95879815e-01
2.02542264e-01
2.09488316e-01
2.16524237e-01
2.23469256e-01
2.30159723e-01
2.36451751e-01
2.42222595e-01
2.47371040e-01
2.51817067e-01
2.55501012e-01
2.58382422e-01
2.60438764e-01
2.61664089e-01
2.62067739e-01
2.61673124e-01
2.60516590e-01
2.58646368e-01
2.56121571e-01
2.53011208e-01
2.49393172e-01
2.45353159e-01
2.40983470e-01
2.36381666e-01
2.31649023e-01
2.26888776e-01
2.22204119e-01
2.17695932e-01
2.13460229e-01
2.09585321e-01
2.06148658e-01
2.03213379e-01
2.00824532e-01
1.99004986e-01
1.97751013e-01
1.97027562e-01
1.96763234e-01
1.96844991e-01
1.97112675e-01
1.97353489e-01
1.97296694e-01
1.96608967e-01
1.94891090e-01
1.91676850e-01
1.86435180e-01
1.78576869e-01
1.67468074e-01
1.52454611e-01
1.42992963e-01
2.25379850e-01
2.24439700e-01
2.19292226e-01
2.12484233e-01
2.04869841e-01
1.97164109e-01
1.89936960e-01
1.83616952e-01
1.78500818e-01
1.74766497e-01
1.72488438e-01
1.71654176e-01
1.72181330e-01
1.73934255e-01
1.76739698e-01
1.80400990e-01
1.84710422e-01
1.89459603e-01
1.94447765e-01
1.99488052e-01
2.04411965e-01
2.09072183e-01
2.13344035e-01
2.17125887e-01
2.20338735e-01
2.22925246e-01
2.24848452e-01
2.26090273e-01
2.26650002e-01
2.26542805e-01
2.25798326e-01
2.24459367e-01
2.22580668e-01
2.20227738e-01
2.17475712e-01
2.14408177e-01
2.11115938e-01
2.07695663e-01
2.04248370e-01
2.00877725e-01
1.97688111e-01
1.94782447e-01
1.92259729e-01
1.90212281e-01
1.88722705e-01
1.87860516e-01
1.87678453e-01
1.88208491e-01
1.89457536e-01
1.91402851e-01
1.93987245e-01
1.97114098e-01
2.00642322e-01
2.04381428e-01
2.08086912e-01
2.11456314e-01
2.14126393e-01
2.15672027e-01
2.15607492e-01
2.13390823e-01
2.08432093e-01
2.00107495e-01
1.87783047e-01
1.79682340e-01
2.70260455e-01
2.66065675e-01
2.54801998e-01
2.42315993e-01
2.29423353e-01
2.16803760e-01
2.04997225e-01
1.94407877e-01
1.85312450e-01
1.77871980e-01
1.72145896e-01
1.68107679e-01
1.65661292e-01
1.64657570e-01
1.64909882e-01
1.66208500e-01
1.68333262e-01
1.71064259e-01
1.74190441e-01
1.77516156e-01
1.80865768e-01
1.84086564e-01
1.87050216e-01
1.89653111e-01
1.91815802e-01
1.93481889e-01
1.94616515e-01
1.95204696e-01
1.95249597e-01
1.94770851e-01
1.93802975e-01
1.92393893e-01
1.90603558e-01
1.88502648e-01
1.86171287e-01
1.83697755e-01
1.81177129e-01
1.78709812e-01
1.76399909e-01
1.74353406e-01
1.72676124e-01
1.71471409e-01
1.70837548e-01
1.70864877e-01
1.71632567e-01
1.73205086e-01
1.75628315e-01
1.78925327e-01
1.83091865e-01
1.88091520e-01
1.93850723e-01
2.00253627e-01
2.07137053e-01
2.14285732e-01
2.21428138e-01
2.28233310e-01
2.34309162e-01
2.39202831e-01
2.42403619e-01
2.43349001e-01
2.41434285e-01
2.36027510e-01
2.26493109e-01
2.19758008e-01
3.18641726e-01
3.10934816e-01
2.93027762e-01
2.74387700e-01
2.55806700e-01
2.37936708e-01
2.21289481e-01
2.06241990e-01
1.93045374e-01
1.81836565e-01
1.72652104e-01
1.65443536e-01
1.60093684e-01
1.56433024e-01
1.54255463e-01
1.53332924e-01
1.53428259e-01
1.54306202e-01
1.55742187e-01
1.57529054e-01
1.59481736e-01
1.61440163e-01
1.63270649e-01
1.64866076e-01
1.66145167e-01
1.67051149e-01
1.67550033e-01
1.67628718e-01
1.67293055e-01
1.66565979e-01
1.65485745e-01
1.64104297e-01
1.62485754e-01
1.60704988e-01
1.58846234e-01
1.57001705e-01
1.55270147e-01
1.53755290e-01
1.52564145e-01
1.51805113e-01
1.51585874e-01
1.52011000e-01
1.53179302e-01
1.55180842e-01
1.58093613e-01
1.61979865e-01
1.66882038e-01
1.72818325e-01
1.79777868e-01
1.87715622e-01
1.96546985e-01
2.06142312e-01
2.16321547e-01
2.26849223e-01
2.37430243e-01
2.47706900e-01
2.57257682e-01
2.65598463e-01
2.72186581e-01
2.76428175e-01
2.77689188e-01
2.75311335e-01
2.68636159e-01
2.63250689e-01
3.70323296e-01
3.58874954e-01
3.33855230e-01
3.08636090e-01
2.83998145e-01
2.60572554e-01
2.38845101e-01
2.19164173e-01
2.01751243e-01
1.86713401e-01
1.74057695e-01
1.63706866e-01
1.55515895e-01
1.49288626e-01
1.44793830e-01
1.41780054e-01
1.39988810e-01
1.39165739e-01
1.39069603e-01
1.39479058e-01
1.40197351e-01
1.41055136e-01
1.41911716e-01
1.42655014e-01
1.43200624e-01
1.43490206e-01
1.43489525e-01
1.43186303e-01
1.42588067e-01
1.41720075e-01
1.40623385e-01
1.39353074e-01
1.37976595e-01
1.36572251e-01
1.35227718e-01
1.34038582e-01
1.33106837e-01
1.32539283e-01
1.32445788e-01
1.32937367e-01
1.34124048e-01
1.36112472e-01
1.39003213e-01
1.42887765e-01
1.47845169e-01
1.53938239e-01
1.61209352e-01
1.69675792e-01
1.79324627e-01
1.90107158e-01
2.01933029e-01
2.14664124e-01
2.28108520e-01
2.42014809e-01
2.56067275e-01
2.69882491e-01
2.83007995e-01
2.94923741e-01
3.05046878e-01
3.12740225e-01
3.17324741e-01
3.18096981e-01
3.14354156e-01
3.10300505e-01
4.25141626e-01
4.09740584e-01
3.77178084e-01
3.44990746e-01
3.13957805e-01
2.84695620e-01
2.57666198e-01
2.33188383e-01
2.11450664e-01
1.92525386e-01
1.76384298e-01
1.62915178e-01
1.51939039e-01
1.43227298e-01
1.36518260e-01
1.31532343e-01
1.27985550e-01
1.25600843e-01
1.24117247e-01
1.23296651e-01
1.22928431e-01
1.22832119e-01
1.22858428e-01
1.22888967e-01
1.22834997e-01
1.22635546e-01
1.22255148e-01
1.21681444e-01
1.20922784e-01
1.20005952e-01
1.18974054e-01
1.17884590e-01
1.16807701e-01
1.15824532e-01
1.15025689e-01
1.14509717e-01
1.14381555e-01
1.14750914e-01
1.15730534e-01
1.17434278e-01
1.19975020e-01
1.23462289e-01
1.27999631e-01
1.33681631e-01
1.40590555e-01
1.48792546e-01
1.58333318e-01
1.69233289e-01
1.81482126e-01
1.95032699e-01
2.09794492e-01
2.25626631e-01
2.42330760e-01
2.59644183e-01
2.77233806e-01
2.94691600e-01
3.11532419e-01
3.27195046e-01
3.41047218e-01
3.52395095e-01
3.60497434e-01
3.64585220e-01
3.63888705e-01
3.61166219e-01
4.82966902e-01
4.63412316e-01
4.22900999e-01
3.83379514e-01
3.45634285e-01
3.10271892e-01
2.77732291e-01
2.48303737e-01
2.22138586e-01
1.99269859e-01
1.79628605e-01
1.63061894e-01
1.49351055e-01
1.38229624e-01
1.29400423e-01
1.22551236e-01
1.17368594e-01
1.13549348e-01
1.10809861e-01
1.08892775e-01
1.07571513e-01
1.06652733e-01
1.05977082e-01
1.05418597e-01
1.04883127e-01
1.04306115e-01
1.03650026e-01
1.02901654e-01
1.02069475e-01
1.01181152e-01
1.00281242e-01
9.94291223e-02
9.86971083e-02
9.81687370e-02
9.79371463e-02
9.81035124e-02
9.87754801e-02
1.00065545e-01
1.02089336e-01
1.04963763e-01
1.08804985e-01
1.13726157e-01
1.19834905e-01
1.27230474e-01
1.36000471e-01
1.46217113e-01
1.57932904e-01
1.71175617e-01
1.85942520e-01
2.02193772e-01
2.19845010e-01
2.38759225e-01
2.58738170e-01
2.79513731e-01
3.00739894e-01
3.21986205e-01
3.42733786e-01
3.62375108e-01
3.80218613e-01
3.95498939e-01
4.07393147e-01
4.15043475e-01
4.17587903e-01
4.16232445e-01
5.43699656e-01
5.19794392e-01
4.70939769e-01
4.23730564e-01
3.78968029e-01
3.37253129e-01
2.99004772e-01
2.64479055e-01
2.33788742e-01
2.06922844e-01
1.83766359e-01
1.64120079e-01
1.47720164e-01
1.34257089e-01
1.23393440e-01
1.14780100e-01
1.08070375e-01
1.02931760e-01
9.90551793e-02
9.61616862e-02
9.40067834e-02
9.23826180e-02
9.11184049e-02
9.00794650e-02
8.91652713e-02
8.83068592e-02
8.74639094e-02
8.66217423e-02
8.57883990e-02
8.49919124e-02
8.42778252e-02
8.37069580e-02
8.33534096e-02
8.33027400e-02
8.36502905e-02
8.44995789e-02
8.59607248e-02
8.81488512e-02
9.11824283e-02
9.51815146e-02
1.00265862e-01
1.06552836e-01
1.14155095e-01
1.23177957e-01
1.33716360e-01
1.45851295e-01
1.59645572e-01
1.75138768e-01
1.92341198e-01
2.11226770e-01
2.31724657e-01
2.53709793e-01
2.76992408e-01
3.01306987e-01
3.26301398e-01
3.51527228e-01
3.76432738e-01
4.00360097e-01
4.22548538e-01
4.42144817e-01
4.58221754e-01
4.69805386e-01
4.75911274e-01
4.76017458e-01
6.07265744e-01
5.78811000e-01
5.21219177e-01
4.65971708e-01
4.13891922e-01
3.65578541e-01
3.21429443e-01
2.81666030e-01
2.46357235e-01
2.15442850e-01
1.88756224e-01
1.66046257e-01
1.46998585e-01
1.31255651e-01
1.18435301e-01
1.08147507e-01
1.00008834e-01
9.36543795e-02
8.87470292e-02
8.49840560e-02
8.21012135e-02
7.98746210e-02
7.81208119e-02
7.66953638e-02
7.54905248e-02
7.44322179e-02
7.34767457e-02
7.26074477e-02
7.18314860e-02
7.11768697e-02
7.06897650e-02
7.04320999e-02
7.04794297e-02
7.09190254e-02
7.18481225e-02
7.33722853e-02
7.56038291e-02
7.86602673e-02
8.26627387e-02
8.77343921e-02
9.39986828e-02
1.01577547e-01
1.10589381e-01
1.21146757e-01
1.33353737e-01
1.47302650e-01
1.63070134e-01
1.80712217e-01
2.00258194e-01
2.21703050e-01
2.44998227e-01
2.70040617e-01
2.96659856e-01
3.24604238e-01
3.53525994e-01
3.82967123e-01
4.12347571e-01
4.40958012e-01
4.67959781e-01
4.92394349e-01
5.13204081e-01
5.29265223e-01
5.39433083e-01
5.41180362e-01
6.73611365e-01
6.40401219e-01
5.73668678e-01
5.10027054e-01
4.50329200e-01
3.95174114e-01
3.44937219e-01
2.99801130e-01
2.59785363e-01
2.24774336e-01
1.94543597e-01
1.68784366e-01
1.47126461e-01
1.29159546e-01
1.14452513e-01
1.02570718e-01
9.30907470e-02
8.56125004e-02
7.97684361e-02
7.52300242e-02
7.17115836e-02
6.89718155e-02
6.68134385e-02
6.50813684e-02
6.36598878e-02
6.24692078e-02
6.14617657e-02
6.06185143e-02
5.99453927e-02
5.94700798e-02
5.92390837e-02
5.93151617e-02
5.97750453e-02
6.07074163e-02
6.22110853e-02
6.43933165e-02
6.73682600e-02
7.12554513e-02
7.61783578e-02
8.22629405e-02
8.96362111e-02
9.84247362e-02
1.08753035e-01
1.20741769e-01
1.34505593e-01
1.50150480e-01
1.67770270e-01
1.87442155e-01
2.09220725e-01
2.33130215e-01
2.59154544e-01
2.87224844e-01
3.17204315e-01
3.48870534e-01
3.81895832e-01
4.15826983e-01
4.50066312e-01
4.83857248e-01
5.16278073e-01
5.46247947e-01
5.72548775e-01
5.93865244e-01
6.08842973e-01
6.12529015e-01
7.42696544e-01
7.04512660e-01
6.28215480e-01
5.55810510e-01
4.88188291e-01
4.25949370e-01
3.69442986e-01
3.18806369e-01
2.74001920e-01
2.34851055e-01
2.01064580e-01
1.72269984e-01
1.48036089e-01
1.27895357e-01
1.11363925e-01
9.79592290e-02
8.72150104e-02
7.86934754e-02
7.19945034e-02
6.67619300e-02
6.26871028e-02
5.95100379e-02
5.70186104e-02
5.50462523e-02
5.34686299e-02
5.21997328e-02
5.11877289e-02
5.04108623e-02
4.98735783e-02
4.96029875e-02
4.96457080e-02
5.00650876e-02
5.09387650e-02
5.23565255e-02
5.44183918e-02
5.72329106e-02
6.09155887e-02
6.55874635e-02
7.13737830e-02
7.84027918e-02
8.68045980e-02
9.67100985e-02
1.08249897e-01
1.21553127e-01
1.36746027e-01
1.53950051e-01
1.73279233e-01
1.94836425e-01
2.18707925e-01
2.44955979e-01
2.73608513e-01
3.04645522e-01
3.37981585e-01
3.73444278e-01
4.10748733e-01
4.49469402e-01
4.89011271e-01
5.28584253e-01
5.67186054e-01
6.03600076e-01
6.36415163e-01
6.64072652e-01
6.84942324e-01
6.91026249e-01
8.14488192e-01
7.71092920e-01
6.84773763e-01
6.03214809e-01
5.27353547e-01
4.57790993e-01
3.94842462e-01
3.38589116e-01
2.88925300e-01
2.45599720e-01
2.08250497e-01
1.76435156e-01
1.49656673e-01
1.27386465e-01
1.09084750e-01
9.42183492e-02
8.22757864e-02
7.27794710e-02
6.52948402e-02
5.94364702e-02
5.48713476e-02
5.13196439e-02
4.85534461e-02
4.63939505e-02
4.47076229e-02
4.34017818e-02
4.24199838e-02
4.17374964e-02
4.13570537e-02
4.13049992e-02
4.16278629e-02
4.23893563e-02
4.36677552e-02
4.55536107e-02
4.81477448e-02
5.15594798e-02
5.59050839e-02
6.13064081e-02
6.78897247e-02
7.57847587e-02
8.51239222e-02
9.60417252e-02
1.08674327e-01
1.23159133e-01
1.39634288e-01
1.58237851e-01
1.79106313e-01
2.02372031e-01
2.28159003e-01
2.56576270e-01
2.87708082e-01
3.21599871e-01
3.58239044e-01
3.97529736e-01
4.39261114e-01
4.83069658e-01
5.28397317e-01
5.74449632e-01
6.20160665e-01
6.64174595e-01
7.04855968e-01
7.40340402e-01
7.68632539e-01
7.77793705e-01
8.88950587e-01
8.40077594e-01
7.43227546e-01
6.52093481e-01
5.67669948e-01
4.90552271e-01
4.21006836e-01
3.59041289e-01
3.04466083e-01
2.56944719e-01
2.16033664e-01
1.81214404e-01
1.51920036e-01
1.27558148e-01
1.07530934e-01
9.12528067e-02
7.81654077e-02
6.77497545e-02
5.95353239e-02
5.31060256e-02
4.81032273e-02
4.42261723e-02
4.12302604e-02
3.89237328e-02
3.71632955e-02
3.58491740e-02
3.49199975e-02
3.43478185e-02
3.41334650e-02
3.43023385e-02
3.49006914e-02
3.59923762e-02
3.76560198e-02
3.99825750e-02
4.30731946e-02
4.70373989e-02
5.19915109e-02
5.80573674e-02
6.53613115e-02
7.40334964e-02
8.42075104e-02
9.60203354e-02
1.09612606e-01
1.25129106e-01
1.42719369e-01
1.62538166e-01
1.84745550e-01
2.09506004e-01
2.36986029e-01
2.67349341e-01
3.00748561e-01
3.37312047e-01
3.77124296e-01
4.20198205e-01
4.66437691e-01
5.15589807e-01
5.67187047e-01
6.20483279e-01
6.74391024e-01
7.27433455e-01
7.77730530e-01
8.23042337e-01
8.60889007e-01
8.74107677e-01
9.66032531e-01
9.11371361e-01
8.03402014e-01
7.02230954e-01
6.08918462e-01
5.24036855e-01
4.47775111e-01
3.80038761e-01
3.20531340e-01
2.68815233e-01
2.24355629e-01
1.86552909e-01
1.54768013e-01
1.28343831e-01
1.06624132e-01
8.89704938e-02
7.47770047e-02
6.34823610e-02
5.45789636e-02
4.76188641e-02
4.22166452e-02
3.80495574e-02
3.48553977e-02
3.24287015e-02
3.06158281e-02
2.93094647e-02
2.84429843e-02
2.79849779e-02
2.79341734e-02
2.83148522e-02
2.91728018e-02
3.05717859e-02
3.25904891e-02
3.53198798e-02
3.88609486e-02
4.33227873e-02
4.88210078e-02
5.54765061e-02
6.34146113e-02
7.27646514e-02
8.36599852e-02
9.62385215e-02
1.10643737e-01
1.27026148e-01
1.45545150e-01
1.66371040e-01
1.89686929e-01
2.15690115e-01
2.44592250e-01
2.76617394e-01
3.11996680e-01
3.50957886e-01
3.93707709e-01
4.40404044e-01
4.91115222e-01
5.45763264e-01
6.04049257e-01
6.65361773e-01
7.28674736e-01
7.92450248e-01
8.54574356e-01
9.12366607e-01
9.62708629e-01
9.81379902e-01
1.04564502e+00
9.84815000e-01
8.65013189e-01
7.53292075e-01
6.50776806e-01
5.57974905e-01
4.74944664e-01
4.01442840e-01
3.37033024e-01
2.81157056e-01
2.33179873e-01
1.92418439e-01
1.58162703e-01
1.29693251e-01
1.06297748e-01
8.72865262e-02
7.20068346e-02
5.98549645e-02
5.02855771e-02
4.28178530e-02
3.70384348e-02
3.26014365e-02
2.92260183e-02
2.66921381e-02
2.48351106e-02
2.35395521e-02
2.27331830e-02
2.23808410e-02
2.24789269e-02
2.30504083e-02
2.41404101e-02
2.58123785e-02
2.81447649e-02
3.12281801e-02
3.51629676e-02
4.00571806e-02
4.60249546e-02
5.31853123e-02
6.16614375e-02
7.15804882e-02
8.30740026e-02
9.62789658e-02
1.11339566e-01
1.28409660e-01
1.47655896e-01
1.69261401e-01
1.93429811e-01
2.20389311e-01
2.50396103e-01
2.83736462e-01
3.20726072e-01
3.61704749e-01
4.07023891e-01
4.57022941e-01
5.11990089e-01
5.72101395e-01
6.37332226e-01
7.07336414e-01
7.81293838e-01
8.57738963e-01
9.34403988e-01
1.00814015e+00
1.07500873e+00
1.10110535e+00
1.12761796e+00
1.06012124e+00
9.27575493e-01
8.04735691e-01
6.92757755e-01
5.91990104e-01
5.02262341e-01
4.23107871e-01
3.53904823e-01
2.93953128e-01
2.42512280e-01
1.98819576e-01
1.62101375e-01
1.31583754e-01
1.06504737e-01
8.61279287e-02
6.97563082e-02
5.67447208e-02
4.65098812e-02
3.85371667e-02
3.23839841e-02
2.76799214e-02
2.41241928e-02
2.14810443e-02
1.95738244e-02
1.82783645e-02
1.75162011e-02
1.72480281e-02
1.74676316e-02
1.81964348e-02
1.94786936e-02
2.13773177e-02
2.39702692e-02
2.73474770e-02
3.16082285e-02
3.68590120e-02
4.32118263e-02
5.07829861e-02
5.96924912e-02
7.00640289e-02
8.20257032e-02
9.57115669e-02
1.11264046e-01
1.28837305e-01
1.48601605e-01
1.70748631e-01
1.95497729e-01
2.23102862e-01
2.53859940e-01
2.88113869e-01
3.26264262e-01
3.68768031e-01
4.16136088e-01
4.68919882e-01
5.27681480e-01
5.92938295e-01
6.65070786e-01
7.44179488e-01
8.29879371e-01
9.21029917e-01
1.01542704e+00
1.10953730e+00
1.19843346e+00
1.23474317e+00
1.21160310e+00
1.13673996e+00
9.90226425e-01
8.55666195e-01
7.34115046e-01
6.25558614e-01
5.29422667e-01
4.44903195e-01
3.71135381e-01
3.07259475e-01
2.52434685e-01
2.05834210e-01
1.66638899e-01
1.34036584e-01
1.07228266e-01
8.54394097e-02
6.79337123e-02
5.40267303e-02
4.30974003e-02
3.45962271e-02
2.80496781e-02
2.30609077e-02
1.93073501e-02
1.65359338e-02
1.45567253e-02
1.32357484e-02
1.24875928e-02
1.22682592e-02
1.25685270e-02
1.34079942e-02
1.48298308e-02
1.68962236e-02
1.96844556e-02
2.32835599e-02
2.77914988e-02
3.33128546e-02
3.99570373e-02
4.78370589e-02
5.70689358e-02
6.77718163e-02
8.00689247e-02
9.40894451e-02
1.09971446e-01
1.27865979e-01
1.47942454e-01
1.70395428e-01
1.95452880e-01
2.23386060e-01
2.54520846e-01
2.89250412e-01
3.28048607e-01
3.71482882e-01
4.20224512e-01
4.75052160e-01
5.36842080e-01
6.06534010e-01
6.85055712e-01
7.73181238e-01
8.71290229e-01
9.78994315e-01
1.09461766e+00
1.21459109e+00
1.33297842e+00
1.38345345e+00
1.29684282e+00
1.21355738e+00
1.05138760e+00
9.04582278e-01
7.73708955e-01
6.57969712e-01
5.56089066e-01
4.66765511e-01
3.88831662e-01
3.21267585e-01
2.63159935e-01
2.13654553e-01
1.71922045e-01
1.37141043e-01
1.08496876e-01
8.51909310e-02
6.64556006e-02
5.15705619e-02
3.98772533e-02
3.07896889e-02
2.38008212e-02
1.84845017e-02
1.44936386e-02
1.15554451e-02
9.46474647e-03
8.07624114e-03
7.29644838e-03
7.07587705e-03
7.40175585e-03
8.29150034e-03
9.78697111e-03
1.19494972e-02
1.48556047e-02
1.85933794e-02
2.32594150e-02
2.89563195e-02
3.57907949e-02
4.38723265e-02
5.33125599e-02
6.42254495e-02
7.67283003e-02
9.09438167e-02
1.07003318e-01
1.25051274e-01
1.45251377e-01
1.67794376e-01
1.92907979e-01
2.20869151e-01
2.52019176e-01
2.86781832e-01
3.25684889e-01
3.69384810e-01
4.18693797e-01
4.74606874e-01
5.38323992e-01
6.11257127e-01
6.95003569e-01
7.91251800e-01
9.01563623e-01
1.02694719e+00
1.16711575e+00
1.31936777e+00
1.47724347e+00
1.54751863e+00
1.38159913e+00
1.28819891e+00
1.10810903e+00
9.48971035e-01
8.09840949e-01
6.88320312e-01
5.81972522e-01
4.88810879e-01
4.07335443e-01
3.36410776e-01
2.75121695e-01
2.22658361e-01
1.78242551e-01
1.41091026e-01
1.10406752e-01
8.53881427e-02
6.52477719e-02
4.92339068e-02
3.66503055e-02
2.68715704e-02
1.93529136e-02
1.36343340e-02
9.33994190e-03
6.17355521e-03
3.91178153e-03
2.39570773e-03
1.52210742e-03
1.23482756e-03
1.51677385e-03
2.38271230e-03
3.87295591e-03
6.04791140e-03
8.98341408e-03
1.27667721e-02
1.74934541e-02
2.32643898e-02
3.01838801e-02
3.83581585e-02
4.78946589e-02
5.89020881e-02
7.14914014e-02
8.57778248e-02
1.01884073e-01
1.19944982e-01
1.40113804e-01
1.62570536e-01
1.87532731e-01
2.15269420e-01
2.46118916e-01
2.80511496e-01
3.18998126e-01
3.62286540e-01
4.11285951e-01
4.67161208e-01
5.31395804e-01
6.05859561e-01
6.92868654e-01
7.95207867e-01
9.16048671e-01
1.05862800e+00
1.22544114e+00
1.41657877e+00
1.62689662e+00
1.72505200e+00
1.46174322e+00
1.35537721e+00
1.15483464e+00
9.84722489e-01
8.40127400e-01
7.15625700e-01
6.07034812e-01
5.11555993e-01
4.27429286e-01
3.53541730e-01
2.89119514e-01
2.33521723e-01
1.86119873e-01
1.46241175e-01
1.13155232e-01
8.60873767e-02
6.42456387e-02
4.68518038e-02
3.31701874e-02
2.25304411e-02
1.43428557e-02
8.10617907e-03
3.40895590e-03
-7.41182045e-05
-2.58921988e-03
-4.31233836e-03
-5.35895409e-03
-5.79360926e-03
-5.63883408e-03
-4.88315295e-03
-3.48807848e-03
-1.39412327e-03
1.47408805e-03
5.20350268e-03
9.88904169e-03
1.56306602e-02
2.25310596e-02
3.06940586e-02
4.02236867e-02
5.12240556e-02
6.38001262e-02
7.80594720e-02
9.41152251e-02
1.12090396e-01
1.32123895e-01
1.54378653e-01
1.79052460e-01
2.06392322e-01
2.36713495e-01
2.70424726e-01
3.08061798e-01
3.50332167e-01
3.98174394e-01
4.52837211e-01
5.15984287e-01
5.89831611e-01
6.77322922e-01
7.82339719e-01
9.09911635e-01
1.06630591e+00
1.25865652e+00
1.49332320e+00
1.77142056e+00
1.90909457e+00
1.52738223e+00
1.40296729e+00
1.18126375e+00
1.00551887e+00
8.61644379e-01
7.39223918e-01
6.31932265e-01
5.36324745e-01
4.50685868e-01
3.74222279e-01
3.06551414e-01
2.47398206e-01
1.96431744e-01
1.53194708e-01
1.17092508e-01
8.74179560e-02
6.33935899e-02
4.42187717e-02
2.91129992e-02
1.73505443e-02
8.28445120e-03
1.36005771e-03
-3.88048440e-03
-7.80058136e-03
-1.06762398e-02
-1.27057989e-02
-1.40207647e-02
-1.46966378e-02
-1.47630187e-02
-1.42126488e-02
-1.30092501e-02
-1.10942213e-02
-8.39227445e-03
-4.81616997e-03
-2.70636670e-04
5.34441314e-03
1.21313594e-02
2.01930060e-02
2.96314217e-02
4.05475128e-02
5.30414276e-02
6.72138719e-02
8.31684996e-02
1.01015565e-01
1.20877155e-01
1.42894420e-01
1.67237474e-01
1.94118860e-01
2.23811932e-01
2.56676039e-01
2.93191206e-01
3.34006194e-01
3.80005554e-01
4.32404083e-01
4.92881411e-01
5.63776557e-01
6.48373414e-01
7.51324009e-01
8.79271881e-01
1.04172300e+00
1.25204724e+00
1.52778558e+00
1.88711211e+00
2.08121770e+00
1.55555164e+00
1.40291455e+00
1.16944925e+00
1.00299300e+00
8.71922118e-01
7.59788498e-01
6.58865581e-01
5.65940801e-01
4.80035631e-01
4.01187957e-01
3.29786504e-01
2.66206419e-01
2.10623731e-01
1.62943836e-01
1.22803390e-01
8.96164880e-02
6.26425600e-02
4.10592307e-02
2.40285760e-02
1.07502341e-02
4.98829356e-04
-7.35381417e-03
-1.33293705e-02
-1.78435175e-02
-2.12130209e-02
-2.36666404e-02
-2.53576110e-02
-2.63762521e-02
-2.67616819e-02
-2.65122710e-02
-2.55945730e-02
-2.39509175e-02
-2.15056715e-02
-1.81705068e-02
-1.38486652e-02
-8.43852891e-03
-1.83638293e-03
6.06138478e-03
1.53568536e-02
2.61497080e-02
3.85372164e-02
5.26148884e-02
6.84781566e-02
8.62250178e-02
1.05960124e-01
1.27800499e-01
1.51883696e-01
1.78379084e-01
2.07503764e-01
2.39544880e-01
2.74891256e-01
3.14078447e-01
3.57853493e-01
4.07269194e-01
4.63823784e-01
5.29673533e-01
6.07967926e-01
7.03402595e-01
8.23177445e-01
9.78733263e-01
1.18896550e+00
1.48590394e+00
1.92223133e+00
2.19867069e+00
1.49865980e+00
1.29183543e+00
1.09332769e+00
9.70154821e-01
8.71873352e-01
7.81339321e-01
6.92994359e-01
6.05812883e-01
5.20655214e-01
4.39088099e-01
3.62769073e-01
2.93101431e-01
2.31054167e-01
1.77100333e-01
1.31240323e-01
9.30812177e-02
6.19442411e-02
3.69780402e-02
1.72609472e-02
1.88296975e-03
-9.99610184e-03
-1.91113926e-02
-2.60766607e-02
-3.13823842e-02
-3.54031407e-02
-3.84105622e-02
-4.05882827e-02
-4.20473290e-02
-4.28400501e-02
-4.29727108e-02
-4.24157782e-02
-4.11128788e-02
-3.89877036e-02
-3.59501246e-02
-3.19006965e-02
-2.67348390e-02
-2.03456860e-02
-1.26268627e-02
-3.47404053e-03
7.21351551e-03
1.95326098e-02
3.35758566e-02
4.94326939e-02
6.71907157e-02
8.69385109e-02
1.08769407e-01
1.32787392e-01
1.59115276e-01
1.87906715e-01
2.19363366e-01
2.53759778e-01
2.91479549e-01
3.33067902e-01
3.79309172e-01
4.31341918e-01
4.90835206e-01
5.60268648e-01
6.43407667e-01
7.46182277e-01
8.78506008e-01
1.05854986e+00
1.32420276e+00
1.76784633e+00
2.17606005e+00
9.07962677e-01
9.15362724e-01
9.01618119e-01
8.68255658e-01
8.19188353e-01
7.57702079e-01
6.86983262e-01
6.10284145e-01
5.30864748e-01
4.51822527e-01
3.75891480e-01
3.05270487e-01
2.41518287e-01
1.85529390e-01
1.37584834e-01
9.74578615e-02
6.45487039e-02
3.80239021e-02
1.69414627e-02
3.50824410e-04
-1.26362299e-02
-2.28022023e-02
-3.08033479e-02
-3.71660280e-02
-4.22941088e-02
-4.64825038e-02
-4.99331640e-02
-5.27710668e-02
-5.50587456e-02
-5.68087034e-02
-5.79935325e-02
-5.85539011e-02
-5.84046855e-02
-5.74396051e-02
-5.55346860e-02
-5.25508691e-02
-4.83360286e-02
-4.27266520e-02
-3.55494120e-02
-2.66228499e-02
-1.57593854e-02
-2.76783214e-03
1.25434323e-02
3.03626014e-02
5.08699506e-02
7.42330242e-02
1.00602043e-01
1.30106458e-01
1.62854006e-01
1.98934129e-01
2.38428239e-01
2.81429910e-01
3.28078765e-01
3.78612437e-01
4.33441677e-01
4.93254241e-01
5.59154023e-01
6.32842969e-01
7.16855688e-01
8.14862119e-01
9.32066714e-01
1.07575433e+00
1.25597321e+00
1.36682521e+00
3.24764334e-01
5.30678290e-01
6.83887820e-01
7.27907251e-01
7.19630453e-01
6.82307168e-01
6.27546747e-01
5.62460135e-01
4.92156012e-01
4.20624831e-01
3.51024232e-01
2.85750403e-01
2.26459866e-01
1.74109933e-01
1.29039809e-01
9.10869382e-02
5.97226604e-02
3.41877542e-02
1.36128780e-02
-2.88569847e-03
-1.61380748e-02
-2.68788492e-02
-3.57269380e-02
-4.31812414e-02
-4.96268594e-02
-5.53468004e-02
-6.05361099e-02
-6.53155086e-02
-6.97437851e-02
-7.38275934e-02
-7.75293044e-02
-8.07722256e-02
-8.34444533e-02
-8.54007763e-02
-8.64641132e-02
-8.64258202e-02
-8.50464480e-02
-8.20562271e-02
-7.71569364e-02
-7.00244409e-02
-6.03135810e-02
-4.76646995e-02
-3.17133457e-02
-1.21023151e-02
1.15029092e-02
3.93965464e-02
7.18126098e-02
1.08904661e-01
1.50726477e-01
1.97216492e-01
2.48188656e-01
3.03332841e-01
3.62227364e-01
4.24363889e-01
4.89181157e-01
5.56093110e-01
6.24476988e-01
6.93536276e-01
7.61832966e-01
8.25946786e-01
8.76713359e-01
8.88167932e-01
7.82466557e-01
5.70929760e-01
2.95227460e-01
4.17631958e-01
5.69044372e-01
6.31038930e-01
6.38751633e-01
6.13321237e-01
5.67558613e-01
5.09789202e-01
4.45863728e-01
3.80118656e-01
3.15809812e-01
2.55306604e-01
2.00197553e-01
1.51380611e-01
1.09167437e-01
7.34050648e-02
4.36059111e-02
1.90730567e-02
-9.90415820e-04
-1.73950122e-02
-3.09034928e-02
-4.21929275e-02
-5.18360588e-02
-6.02968533e-02
-6.79353134e-02
-7.50172525e-02
-8.17259265e-02
-8.81732696e-02
-9.44095933e-02
-1.00431045e-01
-1.06184873e-01
-1.11572541e-01
-1.16451232e-01
-1.20634019e-01
-1.23889389e-01
-1.25940432e-01
-1.26464454e-01
-1.25093354e-01
-1.21415589e-01
-1.14980150e-01
-1.05303418e-01
-9.18793548e-02
-7.41938431e-02
-5.17434667e-02
-2.40591865e-02
9.26532309e-03
4.85410933e-02
9.39483455e-02
1.45499905e-01
2.03006349e-01
2.66046224e-01
3.33944828e-01
4.05764012e-01
4.80302148e-01
5.56096221e-01
6.31403066e-01
7.04108072e-01
7.71452291e-01
8.29354161e-01
8.70870057e-01
8.82906154e-01
8.39753113e-01
6.93106179e-01
5.67490119e-01
3.72780793e-01
4.42011219e-01
5.44777990e-01
5.90427218e-01
5.94060853e-01
5.68968872e-01
5.25202201e-01
4.70161531e-01
4.09351829e-01
3.46909546e-01
2.85913344e-01
2.28563107e-01
1.76299772e-01
1.29910813e-01
8.96415496e-02
5.53152226e-02
2.64552641e-02
2.40000135e-03
-1.75987673e-02
-3.42985297e-02
-4.84115090e-02
-6.05710162e-02
-7.13149261e-02
-8.10816811e-02
-9.02143481e-02
-9.89689141e-02
-1.07523952e-01
-1.15989704e-01
-1.24415455e-01
-1.32794699e-01
-1.41068017e-01
-1.49123910e-01
-1.56797962e-01
-1.63870818e-01
-1.70065530e-01
-1.75044807e-01
-1.78408841e-01
-1.79694317e-01
-1.78375401e-01
-1.73867479e-01
-1.65534566e-01
-1.52701335e-01
-1.34670749e-01
-1.10748225e-01
-8.02731132e-02
-4.26579143e-02
2.56484811e-03
5.56890407e-02
1.16776588e-01
1.85597683e-01
2.61574035e-01
3.43730496e-01
4.30659949e-01
5.20503515e-01
6.10941065e-01
6.99173109e-01
7.81850936e-01
8.54873314e-01
9.12914255e-01
9.48496443e-01
9.50484106e-01
9.02444160e-01
7.83683285e-01
7.03375257e-01
5.01958699e-01
5.32309747e-01
5.79595513e-01
5.94440871e-01
5.81532178e-01
5.47738000e-01
4.99654913e-01
4.42874707e-01
3.81904918e-01
3.20267733e-01
2.60615579e-01
2.04830377e-01
1.54114091e-01
1.09083027e-01
6.98716396e-02
3.62436476e-02
7.70330727e-03
-1.64017354e-02
-3.67930842e-02
-5.41938019e-02
-6.92810032e-02
-8.26569899e-02
-9.48354248e-02
-1.06238381e-01
-1.17200230e-01
-1.27974955e-01
-1.38744299e-01
-1.49625003e-01
-1.60674143e-01
-1.71892094e-01
-1.83223122e-01
-1.94553804e-01
-2.05709691e-01
-2.16450680e-01
-2.26465665e-01
-2.35367060e-01
-2.42685870e-01
-2.47868053e-01
-2.50273068e-01
-2.49175601e-01
-2.43771656e-01
-2.33190365e-01
-2.16513010e-01
-1.92800847e-01
-1.61133274e-01
-1.20657628e-01
-7.06513243e-02
-1.05960544e-02
5.97377522e-02
1.40199981e-01
2.30169538e-01
3.28471058e-01
4.33309303e-01
5.42230046e-01
6.52111507e-01
7.59179995e-01
8.59026613e-01
9.46581155e-01
1.01598714e+00
1.06035552e+00
1.07154973e+00
1.04067119e+00
9.61026649e-01
9.08800268e-01
6.54596070e-01
6.54579258e-01
6.50554991e-01
6.30403683e-01
5.94599224e-01
5.46149607e-01
4.88880608e-01
4.26547634e-01
3.62447296e-01
2.99275372e-01
2.39094615e-01
1.83353431e-01
1.32934394e-01
8.82251012e-02
4.92057392e-02
1.55459772e-02
-1.32976087e-02
-3.79919553e-02
-5.92521092e-02
-7.77833998e-02
-9.42416708e-02
-1.09209740e-01
-1.23186854e-01
-1.36587362e-01
-1.49744991e-01
-1.62919659e-01
-1.76304514e-01
-1.90031675e-01
-2.04175746e-01
-2.18754754e-01
-2.33728471e-01
-2.48994363e-01
-2.64381516e-01
-2.79643037e-01
-2.94447433e-01
-3.08369598e-01
-3.20882090e-01
-3.31347518e-01
-3.39013025e-01
-3.43008087e-01
-3.42347105e-01
-3.35938608e-01
-3.22603186e-01
-3.01102583e-01
-2.70182514e-01
-2.28631721e-01
-1.75359231e-01
-1.09490711e-01
-3.04828676e-02
6.17480109e-02
1.66691028e-01
2.83111169e-01
4.08941335e-01
5.41214390e-01
6.76052479e-01
8.08724401e-01
9.33769464e-01
1.04517208e+00
1.13656799e+00
1.20149900e+00
1.23385635e+00
1.22890922e+00
1.18562124e+00
1.15259547e+00
8.17998157e-01
7.93071749e-01
7.43512164e-01
6.88356036e-01
6.26905421e-01
5.60234442e-01
4.90319602e-01
4.19411151e-01
3.49649070e-01
2.82852635e-01
2.20419421e-01
1.63293261e-01
1.11978596e-01
6.65874555e-02
2.69082616e-02
-7.51390245e-03
-3.72953791e-02
-6.31386885e-02
-8.57697746e-02
-1.05890693e-01
-1.24148003e-01
-1.41115092e-01
-1.57285466e-01
-1.73073598e-01
-1.88820094e-01
-2.04798467e-01
-2.21221479e-01
-2.38245685e-01
-2.55973395e-01
-2.74451737e-01
-2.93668790e-01
-3.13547007e-01
-3.33934252e-01
-3.54592879e-01
-3.75187343e-01
-3.95270907e-01
-4.14272142e-01
-4.31482039e-01
-4.46042829e-01
-4.56939867e-01
-4.62998388e-01
-4.62887380e-01
-4.55133410e-01
-4.38147758e-01
-4.10270703e-01
-3.69837015e-01
-3.15266437e-01
-2.45181931e-01
-1.58556267e-01
-5.48839244e-02
6.56300564e-02
2.01879485e-01
3.51687647e-01
5.11689006e-01
6.77295643e-01
8.42779611e-01
1.00149191e+00
1.14622162e+00
1.26968377e+00
1.36512976e+00
1.42712070e+00
1.45258954e+00
1.44233946e+00
1.42414720e+00
9.86865759e-01
9.40557693e-01
8.50260871e-01
7.61351105e-01
6.73270098e-01
5.86317925e-01
5.01369362e-01
4.19561869e-01
3.42044137e-01
2.69802711e-01
2.03558208e-01
1.43717798e-01
9.03717226e-02
4.33228465e-02
2.13855490e-03
-3.37855068e-02
-6.51594743e-02
-9.27388559e-02
-1.17274918e-01
-1.39478350e-01
-1.59996299e-01
-1.79401048e-01
-1.98187646e-01
-2.16777415e-01
-2.35524476e-01
-2.54722916e-01
-2.74612790e-01
-2.95383814e-01
-3.17176029e-01
-3.40077190e-01
-3.64116833e-01
-3.89257207e-01
-4.15381337e-01
-4.42278581e-01
-4.69628083e-01
-4.96980640e-01
-5.23739588e-01
-5.49141557e-01
-5.72238138e-01
-5.91880008e-01
-6.06705472e-01
-6.15136129e-01
-6.15383095e-01
-6.05468160e-01
-5.83265042e-01
-5.46566687e-01
-4.93184683e-01
-4.21086328e-01
-3.28572785e-01
-2.14497754e-01
-7.85194241e-02
7.86311326e-02
2.54893993e-01
4.46678802e-01
6.48770174e-01
8.54396370e-01
1.05550891e+00
1.24329729e+00
1.40892804e+00
1.54446319e+00
1.64389660e+00
1.70424619e+00
1.72660498e+00
1.72189368e+00
1.15930687e+00
1.09384410e+00
9.66180519e-01
8.44795088e-01
7.29783509e-01
6.21301381e-01
5.19629236e-01
4.25121551e-01
3.38116559e-01
2.58849141e-01
1.87386484e-01
1.23593643e-01
6.71289769e-02
1.74649864e-02
-2.60726382e-02
-6.42562076e-02
-9.79055666e-02
-1.27842578e-01
-1.54854891e-01
-1.79670933e-01
-2.02945960e-01
-2.25257520e-01
-2.47107832e-01
-2.68930372e-01
-2.91098175e-01
-3.13931751e-01
-3.37705132e-01
-3.62649010e-01
-3.88950405e-01
-4.16748615e-01
-4.46127415e-01
-4.77103629e-01
-5.09612280e-01
-5.43488569e-01
-5.78447014e-01
-6.14058134e-01
-6.49723213e-01
-6.84647859e-01
-7.17815430e-01
-7.47961777e-01
-7.73553465e-01
-7.92772361e-01
-8.03510586e-01
-8.03380987e-01
-7.89749681e-01
-7.59798511e-01
-7.10626270e-01
-6.39397754e-01
-5.43548432e-01
-4.21048740e-01
-2.70724716e-01
-9.26197549e-02
1.11634595e-01
3.38491497e-01
5.82278839e-01
8.35193802e-01
1.08758716e+00
1.32859483e+00
1.54711811e+00
1.73307812e+00
1.87879565e+00
1.98029506e+00
2.03829630e+00
2.04796182e+00
1.33503285e+00
1.25172846e+00
1.08875241e+00
9.35728684e-01
7.93591554e-01
6.62674514e-01
5.42976622e-01
4.34306375e-01
3.36343142e-01
2.48652761e-01
1.70685084e-01
1.01771757e-01
4.11338920e-02
-1.20976811e-02
-5.88518208e-02
-1.00081049e-01
-1.36725721e-01
-1.69683164e-01
-1.99784921e-01
-2.27783280e-01
-2.54346636e-01
-2.80062032e-01
-3.05442625e-01
-3.30937690e-01
-3.56943003e-01
-3.83809863e-01
-4.11851483e-01
-4.41345898e-01
-4.72534936e-01
-5.05619028e-01
-5.40747810e-01
-5.78006585e-01
-6.17398766e-01
-6.58824450e-01
-7.02055320e-01
-7.46706139e-01
-7.92203219e-01
-8.37750455e-01
-8.82293804e-01
-9.24485618e-01
-9.62650841e-01
-9.94758079e-01
-1.01839970e+00
-1.03078669e+00
-1.02876590e+00
-1.00886925e+00
-9.67406590e-01
-9.00615527e-01
-8.04881664e-01
-6.77040344e-01
-5.14764342e-01
-3.17028750e-01
-8.46231435e-02
1.79348342e-01
4.69072802e-01
7.75864962e-01
1.08837171e+00
1.39325918e+00
1.67642367e+00
1.92464673e+00
2.12747428e+00
2.27898589e+00
2.37907790e+00
2.40587446e+00
1.51456403e+00
1.41405492e+00
1.21669759e+00
1.03227361e+00
8.62622066e-01
7.08413915e-01
5.69545195e-01
4.45429692e-01
3.35195257e-01
2.37804161e-01
1.52122603e-01
7.69618304e-02
1.11070202e-02
-4.66569891e-02
-9.75199382e-02
-1.42621046e-01
-1.83026975e-01
-2.19715374e-01
-2.53565595e-01
-2.85356891e-01
-3.15773267e-01
-3.45413301e-01
-3.74802905e-01
-4.04408968e-01
-4.34652076e-01
-4.65916890e-01
-4.98559157e-01
-5.32908692e-01
-5.69267968e-01
-6.07906116e-01
-6.49048288e-01
-6.92860378e-01
-7.39429134e-01
-7.88737705e-01
-8.40636675e-01
-8.94810712e-01
-9.50741021e-01
-1.00766399e+00
-1.06452672e+00
-1.11994051e+00
-1.17213418e+00
-1.21890981e+00
-1.25760509e+00
-1.28506797e+00
-1.29765171e+00
-1.29124123e+00
-1.26132499e+00
-1.20312982e+00
-1.11183898e+00
-9.82914029e-01
-8.12536829e-01
-5.98176000e-01
-3.39258346e-01
-3.78876917e-02
3.00497750e-01
6.66694336e-01
1.04773472e+00
1.42752602e+00
1.78824992e+00
2.11248346e+00
2.38577112e+00
2.59916810e+00
2.75118114e+00
2.79957060e+00
1.69888947e+00
1.58127461e+00
1.34948859e+00
1.13324932e+00
9.35339605e-01
7.56846015e-01
5.97652494e-01
4.56859928e-01
3.33106383e-01
2.24790799e-01
1.30218372e-01
4.76905878e-02
-2.44397002e-02
-8.77334760e-02
-1.43642497e-01
-1.93494010e-01
-2.38482082e-01
-2.79665436e-01
-3.17971669e-01
-3.54207200e-01
-3.89071671e-01
-4.23175125e-01
-4.57056150e-01
-4.91199258e-01
-5.26050090e-01
-5.62027314e-01
-5.99530488e-01
-6.38943381e-01
-6.80632490e-01
-7.24940606e-01
-7.72175354e-01
-8.22592649e-01
-8.76375007e-01
-9.33604658e-01
-9.94231363e-01
-1.05803491e+00
-1.12458226e+00
-1.19317957e+00
-1.26281937e+00
-1.33212372e+00
-1.39928461e+00
-1.46200380e+00
-1.51743563e+00
-1.56213778e+00
-1.59203809e+00
-1.60242834e+00
-1.58800092e+00
-1.54294941e+00
-1.46116009e+00
-1.33652599e+00
-1.16341608e+00
-9.37324266e-01
-6.55700536e-01
-3.18922392e-01
6.87043921e-02
4.98115900e-01
9.55118753e-01
1.42080842e+00
1.87305011e+00
2.28909087e+00
2.64903138e+00
2.93951709e+00
3.15678879e+00
3.23295470e+00
1.88933680e+00
1.75424655e+00
1.48707413e+00
1.23791463e+00
1.01054447e+00
8.06504893e-01
6.25700728e-01
4.66946398e-01
3.28409260e-01
2.07937166e-01
1.03281509e-01
1.22382580e-02
-6.72690340e-02
-1.37144363e-01
-1.99098485e-01
-2.54643472e-01
-3.05097576e-01
-3.51597556e-01
-3.95116523e-01
-4.36485662e-01
-4.76418149e-01
-5.15533623e-01
-5.54381637e-01
-5.93462761e-01
-6.33246265e-01
-6.74183637e-01
-7.16717430e-01
-7.61285149e-01
-8.08317990e-01
-8.58234357e-01
-9.11428036e-01
-9.68250944e-01
-1.02899031e+00
-1.09384012e+00
-1.16286657e+00
-1.23596750e+00
-1.31282531e+00
-1.39285365e+00
-1.47513758e+00
-1.55836771e+00
-1.64076887e+00
-1.72002480e+00
-1.79320108e+00
-1.85667044e+00
-1.90604678e+00
-1.93613827e+00
-1.94093492e+00
-1.91365396e+00
-1.84687525e+00
-1.73280965e+00
-1.56375178e+00
-1.33276958e+00
-1.03466820e+00
-6.67221865e-01
-2.32583793e-01
2.61342662e-01
7.99941099e-01
1.36182180e+00
1.92016579e+00
2.44576354e+00
2.91157153e+00
3.29799873e+00
3.59766930e+00
3.70965190e+00
2.08755004e+00
1.93416191e+00
1.62972305e+00
1.34578821e+00
1.08720508e+00
8.55989396e-01
6.52057173e-01
4.73915833e-01
3.19240996e-01
1.85312897e-01
6.93187918e-02
-3.14550963e-02
-1.19513719e-01
-1.97099714e-01
-2.66176413e-01
-3.28433502e-01
-3.85306374e-01
-4.38003499e-01
-4.87538136e-01
-5.34761805e-01
-5.80397573e-01
-6.25071575e-01
-6.69341554e-01
-7.13721479e-01
-7.58701604e-01
-8.04763562e-01
-8.52390263e-01
-9.02070489e-01
-9.54298137e-01
-1.00956603e+00
-1.06835422e+00
-1.13111265e+00
-1.19823791e+00
-1.27004396e+00
-1.34672627e+00
-1.42831941e+00
-1.51464731e+00
-1.60526625e+00
-1.69939996e+00
-1.79586692e+00
-1.89299959e+00
-1.98855608e+00
-2.07962503e+00
-2.16252601e+00
-2.23270943e+00
-2.28466354e+00
-2.31184214e+00
-2.30663483e+00
-2.26041516e+00
-2.16371798e+00
-2.00661652e+00
-1.77938438e+00
-1.47352831e+00
-1.08324531e+00
-6.07270232e-01
-5.09182020e-02
5.72106041e-01
1.23881032e+00
1.91774953e+00
2.57226663e+00
3.16623459e+00
3.67144852e+00
4.07491244e+00
4.23284248e+00
2.29553235e+00
2.12253930e+00
1.77793346e+00
1.45651056e+00
1.16430355e+00
9.03809591e-01
6.74907727e-01
4.75732638e-01
3.03407212e-01
1.54597961e-01
2.58991538e-02
-8.59262943e-02
-1.83813863e-01
-2.70339390e-01
-3.47709387e-01
-4.17780475e-01
-4.82094959e-01
-5.41924178e-01
-5.98314395e-01
-6.52131937e-01
-7.04105502e-01
-7.54864320e-01
-8.04971343e-01
-8.54951029e-01
-9.05311499e-01
-9.56561048e-01
-1.00921905e+00
-1.06382136e+00
-1.12092023e+00
-1.18107877e+00
-1.24485986e+00
-1.31280928e+00
-1.38543293e+00
-1.46316764e+00
-1.54634536e+00
-1.63515013e+00
-1.72956751e+00
-1.82932580e+00
-1.93382855e+00
-2.04207777e+00
-2.15258694e+00
-2.26328322e+00
-2.37139812e+00
-2.47334633e+00
-2.56459368e+00
-2.63951776e+00
-2.69126967e+00
-2.71165480e+00
-2.69106529e+00
-2.61851927e+00
-2.48189180e+00
-2.26845595e+00
-1.96587763e+00
-1.56380298e+00
-1.05610539e+00
-4.43679639e-01
2.62644130e-01
1.03991178e+00
1.85280133e+00
2.65659075e+00
3.40399751e+00
4.05519638e+00
4.58870295e+00
4.80512572e+00
2.51574056e+00
2.32126754e+00
1.93237318e+00
1.56971558e+00
1.24066870e+00
9.48202137e-01
6.92065635e-01
4.69905251e-01
2.78186766e-01
1.12885523e-01
-3.00452270e-02
-1.54388798e-01
-2.63515949e-01
-3.60329220e-01
-4.47266288e-01
-5.26337236e-01
-5.99178851e-01
-6.67115171e-01
-7.31217880e-01
-7.92362848e-01
-8.51280919e-01
-9.08602033e-01
-9.64892446e-01
-1.02068511e+00
-1.07650352e+00
-1.13287935e+00
-1.19036421e+00
-1.24953586e+00
-1.31099891e+00
-1.37538025e+00
-1.44331894e+00
-1.51545047e+00
-1.59238509e+00
-1.67467984e+00
-1.76280377e+00
-1.85709595e+00
-1.95771562e+00
-2.06458399e+00
-2.17731663e+00
-2.29514580e+00
-2.41683112e+00
-2.54055702e+00
-2.66381451e+00
-2.78326472e+00
-2.89458105e+00
-2.99226850e+00
-3.06946125e+00
-3.11770822e+00
-3.12677049e+00
-3.08448118e+00
-2.97675778e+00
-2.78791083e+00
-2.50145190e+00
-2.10164398e+00
-1.57601198e+00
-9.18868218e-01
-1.35533658e-01
7.53674205e-01
1.71133294e+00
2.68477744e+00
3.61359821e+00
4.44269290e+00
5.13810281e+00
5.42839816e+00
2.75122990e+00
2.53268623e+00
2.09382515e+00
1.68487869e+00
1.31476287e+00
9.86881839e-01
7.00703563e-01
4.53206806e-01
2.40045016e-01
5.63902942e-02
-1.02512978e-01
-2.41026198e-01
-3.62962328e-01
-4.71543004e-01
-5.69422985e-01
-6.58750717e-01
-7.41244436e-01
-8.18271277e-01
-8.90922309e-01
-9.60079961e-01
-1.02647642e+00
-1.09074279e+00
-1.15344947e+00
-1.21513838e+00
-1.27634794e+00
-1.33763140e+00
-1.39956926e+00
-1.46277613e+00
-1.52790236e+00
-1.59563059e+00
-1.66666697e+00
-1.74172711e+00
-1.82151624e+00
-1.90670327e+00
-1.99788825e+00
-2.09556275e+00
-2.20006250e+00
-2.31151172e+00
-2.42975807e+00
-2.55429731e+00
-2.68418574e+00
-2.81793802e+00
-2.95340677e+00
-3.08763884e+00
-3.21670168e+00
-3.33547215e+00
-3.43738034e+00
-3.51410595e+00
-3.55523628e+00
-3.54792085e+00
-3.47660328e+00
-3.32298285e+00
-3.06645547e+00
-2.68538647e+00
-2.15962496e+00
-1.47458062e+00
-6.26811187e-01
3.69713558e-01
1.47866060e+00
2.64080026e+00
3.78114467e+00
4.82509429e+00
5.72082333e+00
6.10374178e+00
3.00585781e+00
2.75969856e+00
2.26310777e+00
1.80109771e+00
1.38437261e+00
1.01667751e+00
6.96956335e-01
4.21257267e-01
1.84203066e-01
-1.99890252e-02
-1.96872011e-01
-3.51425485e-01
-4.87913242e-01
-6.09867672e-01
-7.20145893e-01
-8.21020186e-01
-9.14279353e-01
-1.00132753e+00
-1.08327366e+00
-1.16100881e+00
-1.23527101e+00
-1.30669816e+00
-1.37587043e+00
-1.44334355e+00
-1.50967410e+00
-1.57543814e+00
-1.64124392e+00
-1.70773930e+00
-1.77561427e+00
-1.84559872e+00
-1.91845541e+00
-1.99496792e+00
-2.07592332e+00
-2.16208901e+00
-2.25418342e+00
-2.35284001e+00
-2.45856384e+00
-2.57168031e+00
-2.69227506e+00
-2.82012386e+00
-2.95461066e+00
-3.09463102e+00
-3.23847633e+00
-3.38369228e+00
-3.52690159e+00
-3.66357801e+00
-3.78775502e+00
-3.89165228e+00
-3.96520872e+00
-3.99553044e+00
-3.96630635e+00
-3.85732609e+00
-3.64436658e+00
-3.29988924e+00
-2.79516584e+00
-2.10451214e+00
-1.21204464e+00
-1.20518545e-01
1.13981456e+00
2.50647597e+00
3.88965197e+00
5.19074686e+00
6.33296283e+00
6.83132364e+00
3.28455742e+00
3.00590975e+00
2.44092436e+00
1.91673808e+00
1.44612342e+00
1.03296716e+00
6.75307612e-01
3.67880453e-01
1.03978479e-01
-1.23333786e-01
-3.20517084e-01
-4.93217376e-01
-6.46160114e-01
-7.83181367e-01
-9.07328548e-01
-1.02098808e+00
-1.12601518e+00
-1.22385301e+00
-1.31563564e+00
-1.40227382e+00
-1.48452448e+00
-1.56304594e+00
-1.63844108e+00
-1.71129054e+00
-1.78217780e+00
-1.85170747e+00
-1.92051804e+00
-1.98928965e+00
-2.05874753e+00
-2.12966107e+00
-2.20283877e+00
-2.27911855e+00
-2.35935338e+00
-2.44439162e+00
-2.53505175e+00
-2.63209088e+00
-2.73616663e+00
-2.84779178e+00
-2.96728086e+00
-3.09468784e+00
-3.22973304e+00
-3.37171659e+00
-3.51941371e+00
-3.67094436e+00
-3.82360549e+00
-3.97364860e+00
-4.11597797e+00
-4.24373848e+00
-4.34775820e+00
-4.41581890e+00
-4.43176005e+00
-4.37450038e+00
-4.21721185e+00
-3.92712438e+00
-3.46675898e+00
-2.79767698e+00
-1.88783469e+00
-7.22902904e-01
6.80047761e-01
2.26136910e+00
3.91842370e+00
5.52447204e+00
6.96866476e+00
7.61029832e+00
3.59369453e+00
3.27577176e+00
2.62755895e+00
2.02882327e+00
1.49468230e+00
1.02876935e+00
6.27616065e-01
2.84094604e-01
-1.02368188e-02
-2.63719298e-01
-4.83856032e-01
-6.77017383e-01
-8.48407085e-01
-1.00216472e+00
-1.14152575e+00
-1.26899354e+00
-1.38649989e+00
-1.49554395e+00
-1.59730694e+00
-1.69274413e+00
-1.78265702e+00
-1.86774910e+00
-1.94866847e+00
-2.02604014e+00
-2.10049007e+00
-2.17266288e+00
-2.24323433e+00
-2.31291943e+00
-2.38247675e+00
-2.45270905e+00
-2.52446017e+00
-2.59860821e+00
-2.67605439e+00
-2.75770739e+00
-2.84446272e+00
-2.93717653e+00
-3.03663367e+00
-3.14350927e+00
-3.25832355e+00
-3.38138897e+00
-3.51274832e+00
-3.65210163e+00
-3.79871745e+00
-3.95132143e+00
-4.10794999e+00
-4.26574951e+00
-4.42069160e+00
-4.56716102e+00
-4.69735949e+00
-4.80045911e+00
-4.86144942e+00
-4.85967780e+00
-4.76722612e+00
-4.54754986e+00
-4.15526327e+00
-3.53853376e+00
-2.64599476e+00
-1.43980747e+00
8.54311707e-02
1.88265060e+00
3.84215403e+00
5.80648196e+00
7.61960109e+00
8.43868279e+00
3.94150732e+00
3.57468261e+00
2.82225817e+00
2.13195431e+00
1.52140806e+00
9.93244065e-01
5.41538580e-01
1.56506806e-01
-1.72570622e-01
-4.55761235e-01
-7.01776655e-01
-9.17787546e-01
-1.10950921e+00
-1.28140459e+00
-1.43691851e+00
-1.57869977e+00
-1.70879278e+00
-1.82879422e+00
-1.93997678e+00
-2.04338467e+00
-2.13990630e+00
-2.23032900e+00
-2.31538012e+00
-2.39575765e+00
-2.47215309e+00
-2.54526838e+00
-2.61582820e+00
-2.68458853e+00
-2.75234198e+00
-2.81992010e+00
-2.88819264e+00
-2.95806362e+00
-3.03046383e+00
-3.10633953e+00
-3.18663677e+00
-3.27228113e+00
-3.36415235e+00
-3.46305373e+00
-3.56967578e+00
-3.68455388e+00
-3.80801902e+00
-3.94013999e+00
-4.08065394e+00
-4.22887909e+00
-4.38359870e+00
-4.54289743e+00
-4.70391858e+00
-4.86249279e+00
-5.01256403e+00
-5.14531114e+00
-5.24784227e+00
-5.30135280e+00
-5.27873619e+00
-5.14190734e+00
-4.83964215e+00
-4.30760957e+00
-3.47331724e+00
-2.26927592e+00
-6.56453228e-01
1.34488645e+00
3.62957695e+00
6.01063277e+00
8.27408584e+00
9.31310659e+00
4.33858870e+00
3.90890463e+00
3.02197726e+00
2.21635058e+00
1.51201421e+00
9.09171800e-01
3.97943085e-01
-3.52558504e-02
-4.04150513e-01
-7.20947229e-01
-9.95783239e-01
-1.23674628e+00
-1.45013909e+00
-1.64081407e+00
-1.81249439e+00
-1.96804875e+00
-2.10971211e+00
-2.23925674e+00
-2.35812160e+00
-2.46750897e+00
-2.56845597e+00
-2.66188745e+00
-2.74865517e+00
-2.82956704e+00
-2.90540906e+00
-2.97696191e+00
-3.04501363e+00
-3.11036906e+00
-3.17385663e+00
-3.23633270e+00
-3.29868343e+00
-3.36182412e+00
-3.42669549e+00
-3.49425698e+00
-3.56547626e+00
-3.64131508e+00
-3.72271082e+00
-3.81055387e+00
-3.90566049e+00
-4.00874129e+00
-4.12036493e+00
-4.24091635e+00
-4.37054761e+00
-4.50911725e+00
-4.65610946e+00
-4.81051749e+00
-4.97066198e+00
-5.13389511e+00
-5.29610868e+00
-5.45092006e+00
-5.58835543e+00
-5.69280573e+00
-5.74004720e+00
-5.69330215e+00
-5.49884024e+00
-5.08269298e+00
-4.35174201e+00
-3.20429209e+00
-1.55566748e+00
6.19784381e-01
3.24144045e+00
6.10151709e+00
8.91541441e+00
1.02281888e+01
4.79823715e+00
4.28496082e+00
3.21882206e+00
2.26422207e+00
1.44244163e+00
7.48652307e-01
1.66635672e-01
-3.22642197e-01
-7.36905397e-01
-1.09105705e+00
-1.39698132e+00
-1.66389550e+00
-1.89886086e+00
-2.10727742e+00
-2.29330004e+00
-2.46016474e+00
-2.61043514e+00
-2.74618446e+00
-2.86912853e+00
-2.98072268e+00
-3.08223232e+00
-3.17478487e+00
-3.25940837e+00
-3.33706064e+00
-3.40865173e+00
-3.47506156e+00
-3.53715398e+00
-3.59578810e+00
-3.65182729e+00
-3.70614614e+00
-3.75963540e+00
-3.81320478e+00
-3.86778331e+00
-3.92431724e+00
-3.98376491e+00
-4.04708858e+00
-4.11524295e+00
-4.18916036e+00
-4.26973277e+00
-4.35779076e+00
-4.45407977e+00
-4.55923383e+00
-4.67374608e+00
-4.79793431e+00
-4.93189616e+00
-5.07544280e+00
-5.22798838e+00
-5.38835232e+00
-5.55439670e+00
-5.72236571e+00
-5.88571144e+00
-6.03308619e+00
-6.14508898e+00
-6.18937513e+00
-6.11409185e+00
-5.84065595e+00
-5.25905613e+00
-4.23217707e+00
-2.61880701e+00
-3.23958777e-01
2.62756325e+00
6.02955500e+00
9.51858815e+00
1.11749150e+01
5.33613022e+00
4.70764505e+00
3.39475608e+00
2.24290163e+00
1.27143845e+00
4.65700119e-01
-2.00673183e-01
-7.54590727e-01
-1.21919070e+00
-1.61290867e+00
-1.94992491e+00
-2.24100512e+00
-2.49432541e+00
-2.71615024e+00
-2.91134773e+00
-3.08376694e+00
-3.23650921e+00
-3.37212220e+00
-3.49273912e+00
-3.60017924e+00
-3.69602163e+00
-3.78165997e+00
-3.85834425e+00
-3.92721313e+00
-3.98931969e+00
-4.04565237e+00
-4.09715232e+00
-4.14472802e+00
-4.18926758e+00
-4.23164915e+00
-4.27274937e+00
-4.31344996e+00
-4.35464231e+00
-4.39722989e+00
-4.44212837e+00
-4.49026320e+00
-4.54256477e+00
-4.59996103e+00
-4.66336805e+00
-4.73367877e+00
-4.81175093e+00
-4.89839472e+00
-4.99436118e+00
-5.10033127e+00
-5.21690397e+00
-5.34457767e+00
-5.48371031e+00
-5.63442716e+00
-5.79641311e+00
-5.96846881e+00
-6.14761301e+00
-6.32736171e+00
-6.49461227e+00
-6.62436892e+00
-6.67157026e+00
-6.55998616e+00
-6.17033208e+00
-5.33425361e+00
-3.84746348e+00
-1.52035648e+00
1.72280983e+00
5.72269794e+00
1.00436460e+01
1.21364736e+01
5.96770911e+00
5.17441274e+00
3.51039915e+00
2.09153912e+00
9.27037004e-01
-1.64862192e-02
-7.81710486e-01
-1.40713634e+00
-1.92351758e+00
-2.35423561e+00
-2.71678748e+00
-3.02429234e+00
-3.28670004e+00
-3.51167880e+00
-3.70524409e+00
-3.87219893e+00
-4.01644292e+00
-4.14119133e+00
-4.24913277e+00
-4.34254473e+00
-4.42337986e+00
-4.49333186e+00
-4.55388664e+00
-4.60636318e+00
-4.65194653e+00
-4.69171517e+00
-4.72666396e+00
-4.75772375e+00
-4.78577817e+00
-4.81167817e+00
-4.83625448e+00
-4.86032813e+00
-4.88471916e+00
-4.91025338e+00
-4.93776729e+00
-4.96811097e+00
-5.00214921e+00
-5.04076096e+00
-5.08483748e+00
-5.13527996e+00
-5.19299759e+00
-5.25890737e+00
-5.33393756e+00
-5.41903639e+00
-5.51518752e+00
-5.62343153e+00
-5.74488795e+00
-5.88076054e+00
-6.03228428e+00
-6.20052301e+00
-6.38583171e+00
-6.58662723e+00
-6.79682996e+00
-7.00094084e+00
-7.16531252e+00
-7.22418310e+00
-7.06048824e+00
-6.48613576e+00
-5.23614468e+00
-3.00469400e+00
4.42154279e-01
5.07256538e+00
1.04217885e+01
1.30777612e+01
6.69865388e+00
5.66018046e+00
3.48063227e+00
1.69476626e+00
2.81820272e-01
-8.26939768e-01
-1.70095019e+00
-2.39643439e+00
-2.95554278e+00
-3.40915547e+00
-3.77993476e+00
-4.08472927e+00
-4.33628247e+00
-4.54440580e+00
-4.71678053e+00
-4.85951131e+00
-4.97751468e+00
-5.07479708e+00
-5.15465768e+00
-5.21983937e+00
-5.27264305e+00
-5.31501589e+00
-5.34862040e+00
-5.37488955e+00
-5.39507135e+00
-5.41026541e+00
-5.42145342e+00
-5.42952494e+00
-5.43529926e+00
-5.43954439e+00
-5.44299340e+00
-5.44635866e+00
-5.45034414e+00
-5.45565595e+00
-5.46301131e+00
-5.47314599e+00
-5.48682050e+00
-5.50482533e+00
-5.52798569e+00
-5.55716663e+00
-5.59327969e+00
-5.63729276e+00
-5.69024553e+00
-5.75327344e+00
-5.82764374e+00
-5.91480713e+00
-6.01646707e+00
-6.13466296e+00
-6.27184914e+00
-6.43091696e+00
-6.61503185e+00
-6.82700243e+00
-7.06759898e+00
-7.33171237e+00
-7.60044237e+00
-7.82631083e+00
-7.90868688e+00
-7.65951996e+00
-6.76987524e+00
-4.80986245e+00
-1.32409201e+00
3.91192934e+00
1.05260691e+01
1.39194444e+01
7.49520623e+00
6.07591278e+00
3.11979082e+00
8.29940502e-01
-8.91391979e-01
-2.18061470e+00
-3.15267723e+00
-3.89241848e+00
-4.46009726e+00
-4.89843557e+00
-5.23810885e+00
-5.50152696e+00
-5.70535170e+00
-5.86217372e+00
-5.98164568e+00
-6.07126249e+00
-6.13690908e+00
-6.18325216e+00
-6.21402530e+00
-6.23223962e+00
-6.24034187e+00
-6.24033485e+00
-6.23387019e+00
-6.22232099e+00
-6.20683943e+00
-6.18840302e+00
-6.16785232e+00
-6.14592212e+00
-6.12326758e+00
-6.10048649e+00
-6.07813842e+00
-6.05676146e+00
-6.03688699e+00
-6.01905277e+00
-6.00381484e+00
-5.99175826e+00
-5.98350722e+00
-5.97973482e+00
-5.98117306e+00
-5.98862406e+00
-6.00297357e+00
-6.02520880e+00
-6.05644287e+00
-6.09794974e+00
-6.15121422e+00
-6.21800340e+00
-6.30046673e+00
-6.40127186e+00
-6.52377825e+00
-6.67223406e+00
-6.85193574e+00
-7.06917923e+00
-7.33058182e+00
-7.64083102e+00
-7.99691632e+00
-8.37523160e+00
-8.70583427e+00
-8.82742225e+00
-8.42282852e+00
-6.95924196e+00
-3.71184532e+00
1.98023766e+00
1.01091453e+01
1.44756470e+01
8.19617529e+00
6.15263482e+00
2.01541623e+00
-9.36919608e-01
-2.99282890e+00
-4.42231964e+00
-5.42101053e+00
-6.12133028e+00
-6.61204781e+00
-6.95330551e+00
-7.18654773e+00
-7.34084578e+00
-7.43693546e+00
-7.48983292e+00
-7.51056074e+00
-7.50730752e+00
-7.48622065e+00
-7.45195697e+00
-7.40807140e+00
-7.35729519e+00
-7.30173808e+00
-7.24303726e+00
-7.18246864e+00
-7.12103117e+00
-7.05951162e+00
-6.99853510e+00
-6.93860517e+00
-6.88013614e+00
-6.82347962e+00
-6.76894686e+00
-6.71682783e+00
-6.66740807e+00
-6.62098367e+00
-6.57787519e+00
-6.53844066e+00
-6.50308816e+00
-6.47228835e+00
-6.44658740e+00
-6.42662088e+00
-6.41312950e+00
-6.40697793e+00
-6.40917841e+00
-6.42092175e+00
-6.44361931e+00
-6.47896128e+00
-6.52899865e+00
-6.59625907e+00
-6.68391025e+00
-6.79598732e+00
-6.93769912e+00
-7.11581345e+00
-7.33906733e+00
-7.61839567e+00
-7.96638644e+00
-8.39447137e+00
-8.90444283e+00
-9.46727009e+00
-9.97680709e+00
-1.01623578e+01
-9.45637716e+00
-6.87519261e+00
-1.12313611e+00
8.67239565e+00
1.43119655e+01
8.25580707e+00
5.10452661e+00
-7.61723360e-01
-4.43830271e+00
-6.68893441e+00
-8.05173126e+00
-8.86210486e+00
-9.32453856e+00
-9.56480899e+00
-9.66166768e+00
-9.66537387e+00
-9.60858724e+00
-9.51287804e+00
-9.39269393e+00
-9.25782382e+00
-9.11495682e+00
-8.96868640e+00
-8.82216867e+00
-8.67756134e+00
-8.53632120e+00
-8.39940910e+00
-8.26743342e+00
-8.14075202e+00
-8.01954587e+00
-7.90387316e+00
-7.79370978e+00
-7.68898033e+00
-7.58958240e+00
-7.49540633e+00
-7.40635169e+00
-7.32234172e+00
-7.24333647e+00
-7.16934512e+00
-7.10043816e+00
-7.03675956e+00
-6.97853951e+00
-6.92610788e+00
-6.87990894e+00
-6.84051788e+00
-6.80865969e+00
-6.78523179e+00
-6.77133168e+00
-6.76829210e+00
-6.77772704e+00
-6.80159372e+00
-6.84227799e+00
-6.90271438e+00
-6.98655724e+00
-7.09842693e+00
-7.24426428e+00
-7.43183502e+00
-7.67142296e+00
-7.97670428e+00
-8.36561666e+00
-8.86049458e+00
-9.48527092e+00
-1.02538871e+01
-1.11358757e+01
-1.19699275e+01
-1.22790513e+01
-1.09594180e+01
-5.98609550e+00
5.19967016e+00
1.24530787e+01
6.00009663e+00
6.25381938e-01
-7.26298834e+00
-1.11376596e+01
-1.29167862e+01
-1.36155649e+01
-1.37548125e+01
-1.36051852e+01
-1.33102343e+01
-1.29474418e+01
-1.25590979e+01
-1.21683316e+01
-1.17876409e+01
-1.14235330e+01
-1.10790999e+01
-1.07554754e+01
-1.04526725e+01
-1.01700726e+01
-9.90671525e+00
-9.66147063e+00
-9.43314358e+00
-9.22053613e+00
-9.02248518e+00
-8.83788488e+00
-8.66570009e+00
-8.50497440e+00
-8.35483519e+00
-8.21449743e+00
-8.08326689e+00
-7.96054382e+00
-7.84582724e+00
-7.73872040e+00
-7.63893745e+00
-7.54631163e+00
-7.46080504e+00
-7.38252021e+00
-7.31171356e+00
-7.24881104e+00
-7.19442634e+00
-7.14938209e+00
-7.11473502e+00
-7.09180629e+00
-7.08221900e+00
-7.08794578e+00
-7.11137137e+00
-7.15537687e+00
-7.22345709e+00
-7.31988773e+00
-7.44996921e+00
-7.62038850e+00
-7.83976244e+00
-8.11945699e+00
-8.47481078e+00
-8.92690144e+00
-9.50487560e+00
-1.02482807e+01
-1.12067555e+01
-1.24278651e+01
-1.39050465e+01
-1.54109930e+01
-1.60572549e+01
-1.33904286e+01
-2.35399390e+00
6.89673557e+00
-3.35641376e+00
-1.39700269e+01
-2.14319885e+01
-2.29179157e+01
-2.23641115e+01
-2.11666738e+01
-1.98384548e+01
-1.85646155e+01
-1.74043216e+01
-1.63682393e+01
-1.54492851e+01
-1.46349133e+01
-1.39119100e+01
-1.32681159e+01
-1.26929062e+01
-1.21771896e+01
-1.17132436e+01
-1.12945121e+01
-1.09154150e+01
-1.05711834e+01
-1.02577233e+01
-9.97150463e+00
-9.70947205e+00
-9.46897338e+00
-9.24770258e+00
-9.04365471e+00
-8.85509066e+00
-8.68051019e+00
-8.51863180e+00
-8.36837869e+00
-8.22886993e+00
-8.09941625e+00
-7.97952000e+00
-7.86887895e+00
-7.76739356e+00
-7.67517755e+00
-7.59257162e+00
-7.52016024e+00
-7.45879152e+00
-7.40960057e+00
-7.37403663e+00
-7.35389523e+00
-7.35135683e+00
-7.36903478e+00
-7.41003693e+00
-7.47804791e+00
-7.57744299e+00
-7.71345110e+00
-7.89239504e+00
-8.12205388e+00
-8.41222192e+00
-8.77558528e+00
-9.22911781e+00
-9.79632641e+00
-1.05108733e+01
-1.14223424e+01
-1.26049398e+01
-1.41683745e+01
-1.62611478e+01
-1.90167458e+01
-2.22440523e+01
-2.42115664e+01
-1.80160416e+01
-5.77586655e+00
-9.66534073e+00
-2.33264165e+01
-2.90227122e+01
-2.89511500e+01
-2.70949575e+01
-2.48742108e+01
-2.27666579e+01
-2.09047996e+01
-1.92993758e+01
-1.79230036e+01
-1.67405962e+01
-1.57195275e+01
-1.48322681e+01
-1.40563997e+01
-1.33738630e+01
-1.27701025e+01
-1.22333185e+01
-1.17538666e+01
-1.13237942e+01
-1.09364861e+01
-1.05863945e+01
-1.02688328e+01
-9.97981770e+00
-9.71594691e+00
-9.47430498e+00
-9.25239025e+00
-9.04805890e+00
-8.85948211e+00
-8.68511438e+00
-8.52367075e+00
-8.37411170e+00
-8.23563450e+00
-8.10767035e+00
-7.98988643e+00
-7.88219245e+00
-7.78475127e+00
-7.69799309e+00
-7.62263321e+00
-7.55969295e+00
-7.51052406e+00
-7.47683652e+00
-7.46073111e+00
-7.46473726e+00
-7.49185969e+00
-7.54563671e+00
-7.63021788e+00
-7.75047014e+00
-7.91213037e+00
-8.12202931e+00
-8.38843094e+00
-8.72155537e+00
-9.13440223e+00
-9.64406666e+00
-1.02738799e+01
-1.10569358e+01
-1.20419492e+01
-1.33029004e+01
-1.49540114e+01
-1.71677111e+01
-2.01670603e+01
-2.40362510e+01
-2.77199276e+01
-2.55670308e+01
-1.20955944e+01
