# vtk DataFile Version 3.0
Lid-Driven Cavity Re=100 Step=1000
ASCII
DATASET STRUCTURED_POINTS
DIMENSIONS 64 64 1
ORIGIN 0.007812 0.007812 0.0
SPACING 0.015625 0.015625 1.0
POINT_DATA 4096
VECTORS velocity double
2.48234869e-04 2.10039935e-04 0.0
4.58425408e-04 2.67237958e-04 0.0
3.72745432e-04 2.76844441e-04 0.0
2.64867285e-04 2.89469406e-04 0.0
1.26592679e-04 3.07262005e-04 0.0
-4.88080709e-05 3.26616923e-04 0.0
-2.61873073e-04 3.44943996e-04 0.0
-5.09302467e-04 3.61002408e-04 0.0
-7.86085801e-04 3.74316511e-04 0.0
-1.08671701e-03 3.84872307e-04 0.0
-1.40581965e-03 3.92807520e-04 0.0
-1.73842453e-03 3.98397311e-04 0.0
-2.08008291e-03 4.01881353e-04 0.0
-2.42687340e-03 4.03552707e-04 0.0
-2.77537232e-03 4.03610765e-04 0.0
-3.12258798e-03 4.02293118e-04 0.0
-3.46589646e-03 3.99725117e-04 0.0
-3.80296508e-03 3.96077235e-04 0.0
-4.13169013e-03 3.91403564e-04 0.0
-4.45013158e-03 3.85817803e-04 0.0
-4.75646590e-03 3.79318816e-04 0.0
-5.04893957e-03 3.71981396e-04 0.0
-5.32584078e-03 3.63769035e-04 0.0
-5.58547303e-03 3.54736683e-04 0.0
-5.82614510e-03 3.44831812e-04 0.0
-6.04616305e-03 3.34106864e-04 0.0
-6.24383603e-03 3.22510219e-04 0.0
-6.41748382e-03 3.10106228e-04 0.0
-6.56545526e-03 2.96858007e-04 0.0
-6.68614824e-03 2.82853017e-04 0.0
-6.77803751e-03 2.68079763e-04 0.0
-6.83970401e-03 2.52656878e-04 0.0
-6.86986906e-03 2.36605860e-04 0.0
-6.86742994e-03 2.20081565e-04 0.0
-6.83149751e-03 2.03143119e-04 0.0
-6.76143512e-03 1.85983652e-04 0.0
-6.65689654e-03 1.68701497e-04 0.0
-6.51786506e-03 1.51526965e-04 0.0
-6.34468854e-03 1.34595891e-04 0.0
-6.13811517e-03 1.18171248e-04 0.0
-5.89932204e-03 1.02421062e-04 0.0
-5.62994389e-03 8.76327183e-05 0.0
-5.33209133e-03 7.39972436e-05 0.0
-5.00836856e-03 6.18142508e-05 0.0
-4.66187734e-03 5.12846029e-05 0.0
-4.29621979e-03 4.27041237e-05 0.0
-3.91548449e-03 3.62666933e-05 0.0
-3.52423108e-03 3.22451224e-05 0.0
-3.12745592e-03 3.08068314e-05 0.0
-2.73055665e-03 3.21806413e-05 0.0
-2.33927672e-03 3.64873537e-05 0.0
-1.95965078e-03 4.38916748e-05 0.0
-1.59793075e-03 5.44502834e-05 0.0
-1.26051707e-03 6.82488256e-05 0.0
-9.53875035e-04 8.52709014e-05 0.0
-6.84465860e-04 1.05522249e-04 0.0
-4.58677151e-04 1.28928209e-04 0.0
-2.82795401e-04 1.55455482e-04 0.0
-1.63018570e-04 1.85053807e-04 0.0
-1.05531322e-04 2.17753008e-04 0.0
-1.16335234e-04 2.53345005e-04 0.0
-1.99007047e-04 2.89604532e-04 0.0
-3.40760524e-04 3.12395430e-04 0.0
-2.11522800e-04 2.48585519e-04 0.0
3.02011563e-04 3.47262590e-04 0.0
5.99048679e-04 5.39447704e-04 0.0
5.10406891e-04 6.37361873e-04 0.0
2.74976198e-04 7.30696869e-04 0.0
-9.04560903e-05 8.28202305e-04 0.0
-5.74463980e-04 9.23564918e-04 0.0
-1.16572701e-03 1.01082505e-03 0.0
-1.85126702e-03 1.08661035e-03 0.0
-2.61687190e-03 1.14963844e-03 0.0
-3.44802458e-03 1.19989554e-03 0.0
-4.33064699e-03 1.23809355e-03 0.0
-5.25158459e-03 1.26525844e-03 0.0
-6.19883001e-03 1.28255219e-03 0.0
-7.16159928e-03 1.29109093e-03 0.0
-8.13027869e-03 1.29192409e-03 0.0
-9.09632685e-03 1.28593852e-03 0.0
-1.00521239e-02 1.27390439e-03 0.0
-1.09908266e-02 1.25641057e-03 0.0
-1.19062074e-02 1.23394188e-03 0.0
-1.27925220e-02 1.20682386e-03 0.0
-1.36443778e-02 1.17531570e-03 0.0
-1.44566385e-02 1.13955453e-03 0.0
-1.52243371e-02 1.09965591e-03 0.0
-1.59426251e-02 1.05565326e-03 0.0
-1.66067316e-02 1.00760155e-03 0.0
-1.72119555e-02 9.55510066e-04 0.0
-1.77536668e-02 8.99446906e-04 0.0
-1.82273349e-02 8.39464899e-04 0.0
-1.86285653e-02 7.75705615e-04 0.0
-1.89531566e-02 7.08319007e-04 0.0
-1.91971645e-02 6.37566048e-04 0.0
-1.93569789e-02 5.63733052e-04 0.0
-1.94294070e-02 4.87232147e-04 0.0
-1.94117640e-02 4.08511234e-04 0.0
-1.93019659e-02 3.28151418e-04 0.0
-1.90986256e-02 2.46773425e-04 0.0
-1.88011486e-02 1.65130974e-04 0.0
-1.84098254e-02 8.40143108e-05 0.0
-1.79259218e-02 4.33837869e-06 0.0
-1.73517585e-02 -7.29559590e-05 0.0
-1.66907877e-02 -1.46820137e-04 0.0
-1.59476504e-02 -2.16198401e-04 0.0
-1.51282292e-02 -2.79953496e-04 0.0
-1.42396737e-02 -3.36968208e-04 0.0
-1.32904197e-02 -3.86079327e-04 0.0
-1.22901734e-02 -4.26179211e-04 0.0
-1.12498862e-02 -4.56158349e-04 0.0
-1.01816891e-02 -4.75005438e-04 0.0
-9.09881438e-03 -4.81758222e-04 0.0
-8.01547219e-03 -4.75599977e-04 0.0
-6.94671233e-03 -4.55817681e-04 0.0
-5.90823578e-03 -4.21892528e-04 0.0
-4.91618945e-03 -3.73464656e-04 0.0
-3.98690245e-03 -3.10416658e-04 0.0
-3.13659473e-03 -2.32847406e-04 0.0
-2.38099907e-03 -1.41155399e-04 0.0
-1.73489701e-03 -3.60426134e-05 0.0
-1.21142807e-03 8.13466638e-05 0.0
-8.20980371e-04 2.09226248e-04 0.0
-5.69038352e-04 3.44449949e-04 0.0
-4.51665479e-04 4.80374122e-04 0.0
-4.45811665e-04 5.99674671e-04 0.0
-4.92002013e-04 6.50515394e-04 0.0
-2.58861386e-04 4.68412320e-04 0.0
2.69839975e-04 2.33811985e-04 0.0
5.10621064e-04 5.73484029e-04 0.0
3.45618390e-04 8.56972689e-04 0.0
-3.32251854e-05 1.12536596e-03 0.0
-6.17823752e-04 1.38356950e-03 0.0
-1.39007337e-03 1.62446358e-03 0.0
-2.32940674e-03 1.84053095e-03 0.0
-3.41408544e-03 2.02713413e-03 0.0
-4.62185601e-03 2.18250090e-03 0.0
-5.93064100e-03 2.30698425e-03 0.0
-7.31920686e-03 2.40220643e-03 0.0
-8.76761754e-03 2.47050973e-03 0.0
-1.02575199e-02 2.51446435e-03 0.0
-1.17722217e-02 2.53666804e-03 0.0
-1.32966734e-02 2.53949603e-03 0.0
-1.48173308e-02 2.52509233e-03 0.0
-1.63219976e-02 2.49523456e-03 0.0
-1.77996149e-02 2.45142250e-03 0.0
-1.92400743e-02 2.39479211e-03 0.0
-2.06340155e-02 2.32625329e-03 0.0
-2.19726699e-02 2.24642015e-03 0.0
-2.32477063e-02 2.15577241e-03 0.0
-2.44511295e-02 2.05458496e-03 0.0
-2.55751896e-02 1.94309869e-03 0.0
-2.66123417e-02 1.82144109e-03 0.0
-2.75552185e-02 1.68979870e-03 0.0
-2.83966469e-02 1.54832538e-03 0.0
-2.91296765e-02 1.39731228e-03 0.0
-2.97476430e-02 1.23708330e-03 0.0
-3.02442421e-02 1.06816045e-03 0.0
-3.06136284e-02 8.91147349e-04 0.0
-3.08505222e-02 7.06888723e-04 0.0
-3.09503320e-02 5.16343373e-04 0.0
-3.09092829e-02 3.20736524e-04 0.0
-3.07245497e-02 1.21423676e-04 0.0
-3.03943949e-02 -7.99656117e-05 0.0
-2.99183014e-02 -2.81671933e-04 0.0
-2.92971071e-02 -4.81672500e-04 0.0
-2.85331251e-02 -6.77832611e-04 0.0
-2.76302621e-02 -8.67784274e-04 0.0
-2.65941135e-02 -1.04908426e-03 0.0
-2.54320525e-02 -1.21910677e-03 0.0
-2.41532856e-02 -1.37520734e-03 0.0
-2.27688998e-02 -1.51463124e-03 0.0
-2.12918634e-02 -1.63468210e-03 0.0
-1.97370162e-02 -1.73264712e-03 0.0
-1.81210020e-02 -1.80596880e-03 0.0
-1.64621859e-02 -1.85218725e-03 0.0
-1.47805031e-02 -1.86911264e-03 0.0
-1.30972875e-02 -1.85478432e-03 0.0
-1.14350195e-02 -1.80764202e-03 0.0
-9.81704445e-03 -1.72650295e-03 0.0
-8.26719371e-03 -1.61073427e-03 0.0
-6.80935382e-03 -1.46025940e-03 0.0
-5.46689635e-03 -1.27575514e-03 0.0
-4.26198632e-03 -1.05874130e-03 0.0
-3.21461652e-03 -8.11916321e-04 0.0
-2.34127354e-03 -5.39582070e-04 0.0
-1.65287001e-03 -2.48686578e-04 0.0
-1.15152717e-03 4.90847173e-05 0.0
-8.25562261e-04 3.32408573e-04 0.0
-6.43066160e-04 5.59294368e-04 0.0
-5.49211361e-04 6.43235516e-04 0.0
-2.58105466e-04 4.11668242e-04 0.0
2.26929411e-04 1.95467244e-04 0.0
3.63627455e-04 6.92774637e-04 0.0
5.82073553e-05 1.20811050e-03 0.0
-5.03913336e-04 1.71519842e-03 0.0
-1.32307822e-03 2.19750996e-03 0.0
-2.38138227e-03 2.64108660e-03 0.0
-3.65386824e-03 3.03574047e-03 0.0
-5.11291579e-03 3.37566438e-03 0.0
-6.73011847e-03 3.65896070e-03 0.0
-8.47739524e-03 3.88660333e-03 0.0
-1.03277067e-02 4.06148498e-03 0.0
-1.22555763e-02 4.18753198e-03 0.0
-1.42373577e-02 4.26914937e-03 0.0
-1.62513722e-02 4.31072318e-03 0.0
-1.82778658e-02 4.31641271e-03 0.0
-2.02989109e-02 4.28990496e-03 0.0
-2.22982060e-02 4.23441324e-03 0.0
-2.42608810e-02 4.15256572e-03 0.0
-2.61732567e-02 4.04651585e-03 0.0
-2.80226474e-02 3.91789362e-03 0.0
-2.97971509e-02 3.76797181e-03 0.0
-3.14854985e-02 3.59763911e-03 0.0
-3.30769106e-02 3.40758957e-03 0.0
-3.45610150e-02 3.19829473e-03 0.0
-3.59277780e-02 2.97019768e-03 0.0
-3.71674939e-02 2.72367251e-03 0.0
-3.82707881e-02 2.45921303e-03 0.0
-3.92286697e-02 2.17737468e-03 0.0
-4.00325956e-02 1.87895305e-03 0.0
-4.06745733e-02 1.56490719e-03 0.0
-4.11472721e-02 1.23652587e-03 0.0
-4.14441610e-02 8.95333024e-04 0.0
-4.15596523e-02 5.43240562e-04 0.0
-4.14892592e-02 1.82437351e-04 0.0
-4.12297570e-02 -1.84472571e-04 0.0
-4.07793449e-02 -5.54596322e-04 0.0
-4.01378102e-02 -9.24630012e-04 0.0
-3.93066800e-02 -1.29099966e-03 0.0
-3.82893722e-02 -1.64975696e-03 0.0
-3.70913224e-02 -1.99673438e-03 0.0
-3.57201072e-02 -2.32746101e-03 0.0
-3.41855297e-02 -2.63733174e-03 0.0
-3.24996984e-02 -2.92154517e-03 0.0
-3.06770559e-02 -3.17528664e-03 0.0
-2.87343956e-02 -3.39369012e-03 0.0
-2.66908146e-02 -3.57203435e-03 0.0
-2.45676494e-02 -3.70572998e-03 0.0
-2.23883332e-02 -3.79052784e-03 0.0
-2.01782273e-02 -3.82253239e-03 0.0
-1.79643577e-02 -3.79842171e-03 0.0
-1.57751144e-02 -3.71549059e-03 0.0
-1.36398311e-02 -3.57188766e-03 0.0
-1.15883059e-02 -3.36670334e-03 0.0
-9.65016076e-03 -3.10025342e-03 0.0
-7.85408799e-03 -2.77427249e-03 0.0
-6.22684338e-03 -2.39236004e-03 0.0
-4.79198961e-03 -1.96050580e-03 0.0
-3.56817616e-03 -1.48813401e-03 0.0
-2.56689692e-03 -9.89805717e-04 0.0
-1.78955095e-03 -4.88473614e-04 0.0
-1.22424029e-03 -2.13007487e-05 0.0
-8.43891698e-04 3.50166556e-04 0.0
-6.10476168e-04 5.25097065e-04 0.0
-2.62667307e-04 3.51136868e-04 0.0
1.87109051e-04 2.39857311e-04 0.0
2.08982146e-04 9.48246023e-04 0.0
-2.67868465e-04 1.73491526e-03 0.0
-1.04261613e-03 2.52527148e-03 0.0
-2.11404842e-03 3.27804444e-03 0.0
-3.46336446e-03 3.96818653e-03 0.0
-5.06292866e-03 4.58070592e-03 0.0
-6.88113492e-03 5.10797178e-03 0.0
-8.88506691e-03 5.54780785e-03 0.0
-1.10419674e-02 5.90195706e-03 0.0
-1.33201877e-02 6.17468747e-03 0.0
-1.56897311e-02 6.37177029e-03 0.0
-1.81226065e-02 6.49959657e-03 0.0
-2.05929394e-02 6.56465529e-03 0.0
-2.30769922e-02 6.57305965e-03 0.0
-2.55530303e-02 6.53037693e-03 0.0
-2.80011694e-02 6.44141184e-03 0.0
-3.04031371e-02 6.31024902e-03 0.0
-3.27420667e-02 6.14017758e-03 0.0
-3.50022522e-02 5.93385035e-03 0.0
-3.71689653e-02 5.69327435e-03 0.0
-3.92282619e-02 5.42002574e-03 0.0
-4.11668617e-02 5.11526014e-03 0.0
-4.29720321e-02 4.77994613e-03 0.0
-4.46315444e-02 4.41486904e-03 0.0
-4.61336400e-02 4.02086159e-03 0.0
-4.74670603e-02 3.59878773e-03 0.0
-4.86210878e-02 3.14975935e-03 0.0
-4.95856378e-02 2.67509478e-03 0.0
-5.03513600e-02 2.17651648e-03 0.0
-5.09097766e-02 1.65608327e-03 0.0
-5.12534275e-02 1.11636698e-03 0.0
-5.13760374e-02 5.60359418e-04 0.0
-5.12726873e-02 -8.37309543e-06 0.0
-5.09399937e-02 -5.85806591e-04 0.0
-5.03762890e-02 -1.16732809e-03 0.0
-4.95817959e-02 -1.74787527e-03 0.0
-4.85588007e-02 -2.32182991e-03 0.0
-4.73118058e-02 -2.88317978e-03 0.0
-4.58476795e-02 -3.42543912e-03 0.0
-4.41757701e-02 -3.94183278e-03 0.0
-4.23080149e-02 -4.42524622e-03 0.0
-4.02589985e-02 -4.86843232e-03 0.0
-3.80460027e-02 -5.26399372e-03 0.0
-3.56889896e-02 -5.60461284e-03 0.0
-3.32105715e-02 -5.88306943e-03 0.0
-3.06358964e-02 -6.09249451e-03 0.0
-2.79925114e-02 -6.22642640e-03 0.0
-2.53101231e-02 -6.27909053e-03 0.0
-2.26203222e-02 -6.24549949e-03 0.0
-1.99561783e-02 -6.12176612e-03 0.0
-1.73517794e-02 -5.90526365e-03 0.0
-1.48416028e-02 -5.59499922e-03 0.0
-1.24597923e-02 -5.19188659e-03 0.0
-1.02392062e-02 -4.69927235e-03 0.0
-8.21030114e-03 -4.12348772e-03 0.0
-6.39969346e-03 -3.47481824e-03 0.0
-4.82847308e-03 -2.76883782e-03 0.0
-3.51017637e-03 -2.02866115e-03 0.0
-2.44874686e-03 -1.28838088e-03 0.0
-1.63702406e-03 -5.98415035e-04 0.0
-1.05735062e-03 -3.27332780e-05 0.0
-6.86416761e-04 3.03654511e-04 0.0
-2.75057421e-04 2.73667958e-04 0.0
1.51779030e-04 3.59395098e-04 0.0
6.09379298e-05 1.35610359e-03 0.0
-5.96882922e-04 2.46173750e-03 0.0
-1.59851193e-03 3.57483572e-03 0.0
-2.93342757e-03 4.63484244e-03 0.0
-4.57832223e-03 5.60561497e-03 0.0
-6.50204016e-03 6.46657976e-03 0.0
-8.66943808e-03 7.20772367e-03 0.0
-1.10438686e-02 7.82644422e-03 0.0
-1.35888107e-02 8.32519047e-03 0.0
-1.62688398e-02 8.70973468e-03 0.0
-1.90502812e-02 8.98774037e-03 0.0
-2.19015277e-02 9.16778471e-03 0.0
-2.47932244e-02 9.25853430e-03 0.0
-2.76982444e-02 9.26829453e-03 0.0
-3.05916197e-02 9.20459761e-03 0.0
-3.34503429e-02 9.07409906e-03 0.0
-3.62531861e-02 8.88241921e-03 0.0
-3.89804477e-02 8.63424812e-03 0.0
-4.16137571e-02 8.33332508e-03 0.0
-4.41358465e-02 7.98265501e-03 0.0
-4.65303995e-02 7.58454851e-03 0.0
-4.87818925e-02 7.14088609e-03 0.0
-5.08755155e-02 6.65317028e-03 0.0
-5.27970982e-02 6.12279838e-03 0.0
-5.45331103e-02 5.55109895e-03 0.0
-5.60706702e-02 4.93959100e-03 0.0
-5.73976168e-02 4.28999104e-03 0.0
-5.85025898e-02 3.60444786e-03 0.0
-5.93751573e-02 2.88551508e-03 0.0
-6.00059503e-02 2.13635689e-03 0.0
-6.03868290e-02 1.36068573e-03 0.0
-6.05110530e-02 5.62937340e-04 0.0
-6.03734663e-02 -2.51824963e-04 0.0
-5.99706855e-02 -1.07776672e-03 0.0
-5.93012859e-02 -1.90840993e-03 0.0
-5.83659891e-02 -2.73652186e-03 0.0
-5.71678329e-02 -3.55427355e-03 0.0
-5.57123412e-02 -4.35316278e-03 0.0
-5.40076608e-02 -5.12420317e-03 0.0
-5.20646972e-02 -5.85788390e-03 0.0
-4.98972000e-02 -6.54439011e-03 0.0
-4.75218469e-02 -7.17360275e-03 0.0
-4.49582596e-02 -7.73535186e-03 0.0
-4.22290144e-02 -8.21946088e-03 0.0
-3.93595670e-02 -8.61603554e-03 0.0
-3.63781639e-02 -8.91555812e-03 0.0
-3.33156477e-02 -9.10921647e-03 0.0
-3.02052354e-02 -9.18905661e-03 0.0
-2.70821654e-02 -9.14836102e-03 0.0
-2.39832979e-02 -8.98187598e-03 0.0
-2.09465490e-02 -8.68626289e-03 0.0
-1.80102492e-02 -8.26044127e-03 0.0
-1.52122913e-02 -7.70617920e-03 0.0
-1.25891635e-02 -7.02866368e-03 0.0
-1.01747260e-02 -6.23741049e-03 0.0
-7.99885259e-03 -5.34735214e-03 0.0
-6.08584264e-03 -4.38051123e-03 0.0
-4.45286429e-03 -3.36824412e-03 0.0
-3.10859611e-03 -2.35447833e-03 0.0
-2.05279496e-03 -1.39982873e-03 0.0
-1.27751083e-03 -5.86265804e-04 0.0
-7.70776416e-04 -2.04744360e-05 0.0
-2.91472400e-04 1.67406347e-04 0.0
1.20236531e-04 5.45793488e-04 0.0
-7.72738545e-05 1.91647573e-03 0.0
-9.14749217e-04 3.39666972e-03 0.0
-2.14636308e-03 4.87315957e-03 0.0
-3.74846896e-03 6.27355530e-03 0.0
-5.69005640e-03 7.55340437e-03 0.0
-7.93484976e-03 8.68732375e-03 0.0
-1.04436101e-02 9.66316489e-03 0.0
-1.31760858e-02 1.04779379e-02 0.0
-1.60923421e-02 1.11349286e-02 0.0
-1.91537262e-02 1.16414451e-02 0.0
-2.23234135e-02 1.20071984e-02 0.0
-2.55667796e-02 1.22429806e-02 0.0
-2.88515078e-02 1.23598088e-02 0.0
-3.21476293e-02 1.23682087e-02 0.0
-3.54273921e-02 1.22778724e-02 0.0
-3.86651302e-02 1.20973380e-02 0.0
-4.18370283e-02 1.18339773e-02 0.0
-4.49209341e-02 1.14939146e-02 0.0
-4.78961134e-02 1.10822075e-02 0.0
-5.07430812e-02 1.06028911e-02 0.0
-5.34434072e-02 1.00592556e-02 0.0
-5.59796078e-02 9.45393773e-03 0.0
-5.83350315e-02 8.78923268e-03 0.0
-6.04938285e-02 8.06718389e-03 0.0
-6.24409228e-02 7.28988979e-03 0.0
-6.41620581e-02 6.45956598e-03 0.0
-6.56438490e-02 5.57882546e-03 0.0
-6.68738906e-02 4.65070043e-03 0.0
-6.78408738e-02 3.67888636e-03 0.0
-6.85347412e-02 2.66771955e-03 0.0
-6.89468471e-02 1.62238158e-03 0.0
-6.90701408e-02 5.48833064e-04 0.0
-6.88993520e-02 -5.46022398e-04 0.0
-6.84311822e-02 -1.65444630e-03 0.0
-6.76644971e-02 -2.76774203e-03 0.0
-6.66005080e-02 -3.87640296e-03 0.0
-6.52429542e-02 -4.97003090e-03 0.0
-6.35982571e-02 -6.03752321e-03 0.0
-6.16756759e-02 -7.06703485e-03 0.0
-5.94874181e-02 -8.04620490e-03 0.0
-5.70487520e-02 -8.96216567e-03 0.0
-5.43780560e-02 -9.80181057e-03 0.0
-5.14968685e-02 -1.05518555e-02 0.0
-4.84298567e-02 -1.11991521e-02 0.0
-4.52047801e-02 -1.17308090e-02 0.0
-4.18523519e-02 -1.21345578e-02 0.0
-3.84060854e-02 -1.23989447e-02 0.0
-3.49020122e-02 -1.25137604e-02 0.0
-3.13783689e-02 -1.24703208e-02 0.0
-2.78751218e-02 -1.22619825e-02 0.0
-2.44334381e-02 -1.18845447e-02 0.0
-2.10949565e-02 -1.13368982e-02 0.0
-1.79009767e-02 -1.06216216e-02 0.0
-1.48914179e-02 -9.74587128e-03 0.0
-1.21036906e-02 -8.72233566e-03 0.0
-9.57136115e-03 -7.57059956e-03 0.0
-7.32283736e-03 -6.31877207e-03 0.0
-5.38007666e-03 -5.00569877e-03 0.0
-3.75775764e-03 -3.68359220e-03 0.0
-2.46315430e-03 -2.42110267e-03 0.0
-1.49729940e-03 -1.30611922e-03 0.0
-8.57333954e-04 -4.47311211e-04 0.0
-3.09163380e-04 2.70592361e-05 0.0
9.17147008e-05 7.92243270e-04 0.0
-2.05696096e-04 2.62335073e-03 0.0
-1.21668769e-03 4.53827265e-03 0.0
-2.67478654e-03 6.42128289e-03 0.0
-4.54196477e-03 8.19473514e-03 0.0
-6.77764407e-03 9.80951282e-03 0.0
-9.33891626e-03 1.12373078e-02 0.0
-1.21816661e-02 1.24647204e-02 0.0
-1.52616862e-02 1.34889127e-02 0.0
-1.85356923e-02 1.43142532e-02 0.0
-2.19619848e-02 1.49498390e-02 0.0
-2.55009586e-02 1.54075095e-02 0.0
-2.91153212e-02 1.57004471e-02 0.0
-3.27702389e-02 1.58420389e-02 0.0
-3.64332748e-02 1.58451913e-02 0.0
-4.00743221e-02 1.57217571e-02 0.0
-4.36653981e-02 1.54823286e-02 0.0
-4.71804811e-02 1.51360308e-02 0.0
-5.05952625e-02 1.46906149e-02 0.0
-5.38869734e-02 1.41524656e-02 0.0
-5.70341643e-02 1.35268631e-02 0.0
-6.00165755e-02 1.28180935e-02 0.0
-6.28149863e-02 1.20297866e-02 0.0
-6.54111559e-02 1.11650537e-02 0.0
-6.77877572e-02 1.02268401e-02 0.0
-6.99283954e-02 9.21804587e-03 0.0
-7.18176249e-02 8.14185621e-03 0.0
-7.34410369e-02 7.00182024e-03 0.0
-7.47853475e-02 5.80214126e-03 0.0
-7.58385386e-02 4.54770359e-03 0.0
-7.65899992e-02 3.24431477e-03 0.0
-7.70307006e-02 1.89867837e-03 0.0
-7.71533719e-02 5.18586142e-04 0.0
-7.69526899e-02 -8.87161493e-04 0.0
-7.64254695e-02 -2.30861315e-03 0.0
-7.55708500e-02 -3.73479574e-03 0.0
-7.43904835e-02 -5.15362172e-03 0.0
-7.28887009e-02 -6.55206599e-03 0.0
-7.10726815e-02 -7.91612364e-03 0.0
-6.89525831e-02 -9.23103377e-03 0.0
-6.65416782e-02 -1.04812903e-02 0.0
-6.38564327e-02 -1.16509146e-02 0.0
-6.09165912e-02 -1.27235244e-02 0.0
-5.77451874e-02 -1.36826594e-02 0.0
-5.43685590e-02 -1.45119178e-02 0.0
-5.08162666e-02 -1.51953432e-02 0.0
-4.71210116e-02 -1.57176412e-02 0.0
-4.33184325e-02 -1.60646429e-02 0.0
-3.94468874e-02 -1.62236204e-02 0.0
-3.55470841e-02 -1.61838492e-02 0.0
-3.16616772e-02 -1.59370540e-02 0.0
-2.78346763e-02 -1.54781057e-02 0.0
-2.41107983e-02 -1.48056492e-02 0.0
-2.05346008e-02 -1.39230025e-02 0.0
-1.71495517e-02 -1.28390578e-02 0.0
-1.39968857e-02 -1.15695041e-02 0.0
-1.11144593e-02 -1.01381538e-02 0.0
-8.53551503e-03 -8.57865515e-03 0.0
-6.28768309e-03 -6.93638284e-03 0.0
-4.39225030e-03 -5.27063692e-03 0.0
-2.86413706e-03 -3.65675696e-03 0.0
-1.71258008e-03 -2.18786179e-03 0.0
-9.42648925e-04 -9.75455770e-04 0.0
-3.26752981e-04 -1.48544423e-04 0.0
6.55822685e-05 1.09332871e-03 0.0
-3.25260807e-04 3.46890766e-03 0.0
-1.50191227e-03 5.88036955e-03 0.0
-3.17956482e-03 8.21495418e-03 0.0
-5.30602208e-03 1.03947192e-02 0.0
-7.83025460e-03 1.23694663e-02 0.0
-1.07017971e-02 1.41101977e-02 0.0
-1.38708713e-02 1.56036892e-02 0.0
-1.72889328e-02 1.68480630e-02 0.0
-2.09091372e-02 1.78493564e-02 0.0
-2.46868109e-02 1.86187478e-02 0.0
-2.85796801e-02 1.91704948e-02 0.0
-3.25480640e-02 1.95202620e-02 0.0
-3.65548524e-02 1.96839886e-02 0.0
-4.05654854e-02 1.96769716e-02 0.0
-4.45477733e-02 1.95133776e-02 0.0
-4.84717600e-02 1.92058386e-02 0.0
-5.23094772e-02 1.87653930e-02 0.0
-5.60347742e-02 1.82014052e-02 0.0
-5.96230800e-02 1.75217696e-02 0.0
-6.30512588e-02 1.67330081e-02 0.0
-6.62974274e-02 1.58406110e-02 0.0
-6.93408718e-02 1.48492086e-02 0.0
-7.21619440e-02 1.37629603e-02 0.0
-7.47420526e-02 1.25857315e-02 0.0
-7.70636440e-02 1.13214744e-02 0.0
-7.91102649e-02 9.97436931e-03 0.0
-8.08666188e-02 8.54916597e-03 0.0
-8.23186876e-02 7.05126852e-03 0.0
-8.34538487e-02 5.48702310e-03 0.0
-8.42610369e-02 3.86373908e-03 0.0
-8.47309038e-02 2.18991780e-03 0.0
-8.48560009e-02 4.75210604e-04 0.0
-8.46309617e-02 -1.26941178e-03 0.0
-8.40526887e-02 -3.03176117e-03 0.0
-8.31205407e-02 -4.79832078e-03 0.0
-8.18365063e-02 -6.55440369e-03 0.0
-8.02053811e-02 -8.28409922e-03 0.0
-7.82349133e-02 -9.97048593e-03 0.0
-7.59359567e-02 -1.15956366e-02 0.0
-7.33225739e-02 -1.31408863e-02 0.0
-7.04121517e-02 -1.45869000e-02 0.0
-6.72254477e-02 -1.59139996e-02 0.0
-6.37866507e-02 -1.71023030e-02 0.0
-6.01233540e-02 -1.81321191e-02 0.0
-5.62665388e-02 -1.89841726e-02 0.0
-5.22504485e-02 -1.96400823e-02 0.0
-4.81124643e-02 -2.00826940e-02 0.0
-4.38928436e-02 -2.02966662e-02 0.0
-3.96344444e-02 -2.02689413e-02 0.0
-3.53822769e-02 -1.99894740e-02 0.0
-3.11830227e-02 -1.94518835e-02 0.0
-2.70843445e-02 -1.86543728e-02 0.0
-2.31341508e-02 -1.76006204e-02 0.0
-1.93796373e-02 -1.63009554e-02 0.0
-1.58663082e-02 -1.47735600e-02 0.0
-1.26368286e-02 -1.30459651e-02 0.0
-9.72998405e-03 -1.11565995e-02 0.0
-7.17966282e-03 -9.15656145e-03 0.0
-5.01422160e-03 -7.11130794e-03 0.0
-3.25618158e-03 -5.10221787e-03 0.0
-1.92256634e-03 -3.22755775e-03 0.0
-1.02562535e-03 -1.60261970e-03 0.0
-3.43800627e-04 -3.58750932e-04 0.0
4.14028834e-05 1.44470881e-03 0.0
-4.37100171e-04 4.44524261e-03 0.0
-1.77126069e-03 7.41486007e-03 0.0
-3.66013353e-03 1.02470062e-02 0.0
-6.03805197e-03 1.28670665e-02 0.0
-8.84346151e-03 1.52267883e-02 0.0
-1.20178026e-02 1.72987927e-02 0.0
-1.55051845e-02 1.90715873e-02 0.0
-1.92522970e-02 2.05453819e-02 0.0
-2.32085735e-02 2.17285647e-02 0.0
-2.73262478e-02 2.26349395e-02 0.0
-3.15604723e-02 2.32814522e-02 0.0
-3.58692561e-02 2.36865330e-02 0.0
-4.02134396e-02 2.38687533e-02 0.0
-4.45565090e-02 2.38459781e-02 0.0
-4.88644665e-02 2.36346883e-02 0.0
-5.31055791e-02 2.32497037e-02 0.0
-5.72502088e-02 2.27039536e-02 0.0
-6.12705567e-02 2.20085726e-02 0.0
-6.51405076e-02 2.11729442e-02 0.0
-6.88354183e-02 2.02050120e-02 0.0
-7.23320128e-02 1.91114613e-02 0.0
-7.56082438e-02 1.78981279e-02 0.0
-7.86432568e-02 1.65702219e-02 0.0
-8.14173342e-02 1.51327544e-02 0.0
-8.39119316e-02 1.35907402e-02 0.0
-8.61097002e-02 1.19495949e-02 0.0
-8.79945859e-02 1.02152826e-02 0.0
-8.95519172e-02 8.39465614e-03 0.0
-9.07685510e-02 6.49553510e-03 0.0
-9.16330095e-02 4.52697941e-03 0.0
-9.21356535e-02 2.49929421e-03 0.0
-9.22688506e-02 4.24234265e-04 0.0
-9.20271577e-02 -1.68506164e-03 0.0
-9.14075030e-02 -3.81393359e-03 0.0
-9.04093621e-02 -5.94633226e-03 0.0
-8.90349379e-02 -8.06474695e-03 0.0
-8.72893164e-02 -1.01503996e-02 0.0
-8.51806314e-02 -1.21832370e-02 0.0
-8.27201875e-02 -1.41421859e-02 0.0
-7.99225976e-02 -1.60052118e-02 0.0
-7.68058612e-02 -1.77496368e-02 0.0
-7.33914616e-02 -1.93522729e-02 0.0
-6.97043865e-02 -2.07898102e-02 0.0
-6.57731687e-02 -2.20390383e-02 0.0
-6.16298292e-02 -2.30773219e-02 0.0
-5.73098389e-02 -2.38829316e-02 0.0
-5.28519552e-02 -2.44356327e-02 0.0
-4.82980691e-02 -2.47171590e-02 0.0
-4.36928942e-02 -2.47119500e-02 0.0
-3.90836488e-02 -2.44078104e-02 0.0
-3.45195441e-02 -2.37968410e-02 0.0
-3.00512463e-02 -2.28763316e-02 0.0
-2.57301143e-02 -2.16499307e-02 0.0
-2.16074104e-02 -2.01288115e-02 0.0
-1.77332928e-02 -1.83331029e-02 0.0
-1.41558349e-02 -1.62933180e-02 0.0
-1.09199151e-02 -1.40519727e-02 0.0
-8.06628637e-03 -1.16651061e-02 0.0
-5.63070549e-03 -9.20375683e-03 0.0
-3.64345868e-03 -6.75503364e-03 0.0
-2.12911836e-03 -4.42267897e-03 0.0
-1.10678168e-03 -2.32676408e-03 0.0
-3.60327417e-04 -6.02492819e-04 0.0
1.87978669e-05 1.84285282e-03 0.0
-5.42283731e-04 5.54503504e-03 0.0
-2.02622765e-03 9.13318540e-03 0.0
-4.11765408e-03 1.25090004e-02 0.0
-6.73841887e-03 1.56037799e-02 0.0
-9.81665065e-03 1.83737474e-02 0.0
-1.32856456e-02 2.07952048e-02 0.0
-1.70830909e-02 2.28600443e-02 0.0
-2.11507211e-02 2.45717135e-02 0.0
-2.54340125e-02 2.59418531e-02 0.0
-2.98820712e-02 2.69874399e-02 0.0
-3.44474120e-02 2.77285790e-02 0.0
-3.90858427e-02 2.81866860e-02 0.0
-4.37562089e-02 2.83832212e-02 0.0
-4.84202313e-02 2.83386762e-02 0.0
-5.30422184e-02 2.80720144e-02 0.0
-5.75888803e-02 2.76002348e-02 0.0
-6.20290457e-02 2.69383049e-02 0.0
-6.63334896e-02 2.60991033e-02 0.0
-7.04746917e-02 2.50936609e-02 0.0
-7.44267100e-02 2.39313210e-02 0.0
-7.81650064e-02 2.26201437e-02 0.0
-8.16663859e-02 2.11671585e-02 0.0
-8.49089026e-02 1.95788267e-02 0.0
-8.78718690e-02 1.78613008e-02 0.0
-9.05358422e-02 1.60208742e-02 0.0
-9.28826974e-02 1.40641960e-02 0.0
-9.48956849e-02 1.19986678e-02 0.0
-9.65595546e-02 9.83258596e-03 0.0
-9.78606675e-02 7.57546705e-03 0.0
-9.87871546e-02 5.23810866e-03 0.0
-9.93290665e-02 2.83283695e-03 0.0
-9.94785483e-02 3.73486626e-04 0.0
-9.92300109e-02 -2.12442827e-03 0.0
-9.85803061e-02 -4.64381061e-03 0.0
-9.75289047e-02 -7.16588271e-03 0.0
-9.60780579e-02 -9.67035329e-03 0.0
-9.42329693e-02 -1.21353906e-02 0.0
-9.20019324e-02 -1.45378562e-02 0.0
-8.93964847e-02 -1.68533488e-02 0.0
-8.64315109e-02 -1.90565046e-02 0.0
-8.31253703e-02 -2.11211161e-02 0.0
-7.94999547e-02 -2.30205055e-02 0.0
-7.55807775e-02 -2.47277301e-02 0.0
-7.13969736e-02 -2.62160424e-02 0.0
-6.69813335e-02 -2.74592037e-02 0.0
-6.23702262e-02 -2.84320564e-02 0.0
-5.76035517e-02 -2.91109795e-02 0.0
-5.27245555e-02 -2.94746109e-02 0.0
-4.77796602e-02 -2.95044897e-02 0.0
-4.28181240e-02 -2.91859769e-02 0.0
-3.78916972e-02 -2.85091360e-02 0.0
-3.30540663e-02 -2.74698988e-02 0.0
-2.83602777e-02 -2.60712233e-02 0.0
-2.38659221e-02 -2.43245212e-02 0.0
-1.96263041e-02 -2.22510780e-02 0.0
-1.56953867e-02 -1.98836711e-02 0.0
-1.21247857e-02 -1.72680998e-02 0.0
-8.96262859e-03 -1.44647284e-02 0.0
-6.25259793e-03 -1.15497162e-02 0.0
-4.03298449e-03 -8.61590873e-03 0.0
-2.33607115e-03 -5.77303867e-03 0.0
-1.18763861e-03 -3.14715890e-03 0.0
-3.76683220e-04 -8.79067667e-04 0.0
-2.48310673e-06 2.28486574e-03 0.0
-6.41790408e-04 6.76174342e-03 0.0
-2.26843433e-03 1.10270807e-02 0.0
-4.55407363e-03 1.49921914e-02 0.0
-7.40894686e-03 1.85962549e-02 0.0
-1.07513986e-02 2.18019885e-02 0.0
-1.45066570e-02 2.45912567e-02 0.0
-1.86060148e-02 2.69608394e-02 0.0
-2.29860857e-02 2.89186704e-02 0.0
-2.75883494e-02 3.04805067e-02 0.0
-3.23586561e-02 3.16672137e-02 0.0
-3.72469177e-02 3.25024737e-02 0.0
-4.22067012e-02 3.30110777e-02 0.0
-4.71949663e-02 3.32175370e-02 0.0
-5.21716960e-02 3.31451944e-02 0.0
-5.70996585e-02 3.28155312e-02 0.0
-6.19440741e-02 3.22478861e-02 0.0
-6.66724111e-02 3.14592501e-02 0.0
-7.12541051e-02 3.04643949e-02 0.0
-7.56604055e-02 2.92759736e-02 0.0
-7.98641636e-02 2.79048906e-02 0.0
-8.38397439e-02 2.63605592e-02 0.0
-8.75628906e-02 2.46513815e-02 0.0
-9.10107096e-02 2.27850537e-02 0.0
-9.41616149e-02 2.07690627e-02 0.0
-9.69953760e-02 1.86109653e-02 0.0
-9.94931389e-02 1.63188441e-02 0.0
-1.01637527e-01 1.39015180e-02 0.0
-1.03412724e-01 1.13689263e-02 0.0
-1.04804613e-01 8.73225314e-03 0.0
-1.05800904e-01 6.00422602e-03 0.0
-1.06391297e-01 3.19915062e-03 0.0
-1.06567639e-01 3.33123347e-04 0.0
-1.06324095e-01 -2.57602047e-03 0.0
-1.05657317e-01 -5.50857611e-03 0.0
-1.04566609e-01 -8.44310110e-03 0.0
-1.03054105e-01 -1.13563624e-02 0.0
-1.01124910e-01 -1.42235417e-02 0.0
-9.87872740e-02 -1.70182578e-02 0.0
-9.60527068e-02 -1.97128428e-02 0.0
-9.29361340e-02 -2.22784406e-02 0.0
-8.94559832e-02 -2.46853567e-02 0.0
-8.56343105e-02 -2.69032418e-02 0.0
-8.14968470e-02 -2.89015254e-02 0.0
-7.70730899e-02 -3.06497028e-02 0.0
-7.23962952e-02 -3.21178755e-02 0.0
-6.75035168e-02 -3.32771723e-02 0.0
-6.24355252e-02 -3.41004348e-02 0.0
-5.72367678e-02 -3.45628195e-02 0.0
-5.19551776e-02 -3.46426801e-02 0.0
-4.66420103e-02 -3.43224092e-02 0.0
-4.13514886e-02 -3.35895750e-02 0.0
-3.61404510e-02 -3.24380574e-02 0.0
-3.10677626e-02 -3.08694746e-02 0.0
-2.61937051e-02 -2.88946221e-02 0.0
-2.15790948e-02 -2.65351490e-02 0.0
-1.72843751e-02 -2.38251875e-02 0.0
-1.33684440e-02 -2.08130701e-02 0.0
-9.88750385e-03 -1.75628170e-02 0.0
-6.89371326e-03 -1.41554151e-02 0.0
-4.43396956e-03 -1.06895405e-02 0.0
-2.54861180e-03 -7.28165611e-03 0.0
-1.27040090e-03 -4.06517037e-03 0.0
-3.93327071e-04 -1.18858769e-03 0.0
-2.26920954e-05 2.76835041e-03 0.0
-7.36441620e-04 8.08963292e-03 0.0
-2.49947392e-03 1.30888832e-02 0.0
-4.97151903e-03 1.76880969e-02 0.0
-8.05211757e-03 2.18358498e-02 0.0
-1.16503084e-02 2.55030725e-02 0.0
-1.56836215e-02 2.86787856e-02 0.0
-2.00770135e-02 3.13661093e-02 0.0
-2.47620766e-02 3.35785881e-02 0.0
-2.96762145e-02 3.53370515e-02 0.0
-3.47620647e-02 3.66668913e-02 0.0
-3.99668583e-02 3.75959235e-02 0.0
-4.52419846e-02 3.81526143e-02 0.0
-5.05424763e-02 3.83648403e-02 0.0
-5.58266723e-02 3.82589038e-02 0.0
-6.10557958e-02 3.78590009e-02 0.0
-6.61936947e-02 3.71868276e-02 0.0
-7.12065014e-02 3.62615545e-02 0.0
-7.60624431e-02 3.50998316e-02 0.0
-8.07315831e-02 3.37160875e-02 0.0
-8.51857003e-02 3.21227653e-02 0.0
-8.93981137e-02 3.03307955e-02 0.0
-9.33436323e-02 2.83499305e-02 0.0
-9.69984609e-02 2.61892757e-02 0.0
-1.00340218e-01 2.38576281e-02 0.0
-1.03347915e-01 2.13639868e-02 0.0
-1.06002035e-01 1.87178359e-02 0.0
-1.08284578e-01 1.59295888e-02 0.0
-1.10179176e-01 1.30107841e-02 0.0
-1.11671199e-01 9.97444212e-03 0.0
-1.12747900e-01 6.83516288e-03 0.0
-1.13398546e-01 3.60938898e-03 0.0
-1.13614590e-01 3.15407336e-04 0.0
-1.13389824e-01 -3.02647925e-03 0.0
-1.12720544e-01 -6.39403980e-03 0.0
-1.11605726e-01 -9.76302908e-03 0.0
-1.10047174e-01 -1.31073571e-02 0.0
-1.08049700e-01 -1.63990835e-02 0.0
-1.05621259e-01 -1.96086630e-02 0.0
-1.02773117e-01 -2.27050190e-02 0.0
-9.95199645e-02 -2.56558636e-02 0.0
-9.58800718e-02 -2.84278543e-02 0.0
-9.18753721e-02 -3.09869960e-02 0.0
-8.75315961e-02 -3.32988939e-02 0.0
-8.28783191e-02 -3.53292545e-02 0.0
-7.79490663e-02 -3.70442618e-02 0.0
-7.27813128e-02 -3.84112115e-02 0.0
-6.74165445e-02 -3.93990542e-02 0.0
-6.19001901e-02 -3.99792143e-02 0.0
-5.62816088e-02 -4.01263647e-02 0.0
-5.06139142e-02 -3.98194982e-02 0.0
-4.49538349e-02 -3.90430050e-02 0.0
-3.93613610e-02 -3.77880613e-02 0.0
-3.38993915e-02 -3.60540574e-02 0.0
-2.86331059e-02 -3.38503158e-02 0.0
-2.36292887e-02 -3.11978232e-02 0.0
-1.89553197e-02 -2.81311471e-02 0.0
-1.46780856e-02 -2.47002282e-02 0.0
-1.08625333e-02 -2.09721087e-02 0.0
-7.57016651e-03 -1.70322456e-02 0.0
-4.85723462e-03 -1.29853556e-02 0.0
-2.77297540e-03 -8.95543577e-03 0.0
-1.35770378e-03 -5.08485619e-03 0.0
-4.10879741e-04 -1.53223941e-03 0.0
-4.19722355e-05 3.29131133e-03 0.0
-8.26945302e-04 9.52369691e-03 0.0
-2.72072159e-03 1.53116459e-02 0.0
-5.37205375e-03 2.05887352e-02 0.0
-8.67046407e-03 2.53142523e-02 0.0
-1.25163397e-02 2.94687740e-02 0.0
-1.68198352e-02 3.30499380e-02 0.0
-2.14998970e-02 3.60684616e-02 0.0
-2.64831665e-02 3.85446268e-02 0.0
-3.17031175e-02 4.05051656e-02 0.0
-3.70991357e-02 4.19807167e-02 0.0
-4.26158466e-02 4.30036786e-02 0.0
-4.82023921e-02 4.36066140e-02 0.0
-5.38119362e-02 4.38209641e-02 0.0
-5.94011094e-02 4.36762433e-02 0.0
-6.49296556e-02 4.31994296e-02 0.0
-7.03600086e-02 4.24147551e-02 0.0
-7.56570465e-02 4.13435798e-02 0.0
-8.07877743e-02 4.00045895e-02 0.0
-8.57211647e-02 3.84139771e-02 0.0
-9.04279331e-02 3.65858831e-02 0.0
-9.48804532e-02 3.45327360e-02 0.0
-9.90526170e-02 3.22658012e-02 0.0
-1.02919819e-01 2.97955669e-02 0.0
-1.06458894e-01 2.71323030e-02 0.0
-1.09648160e-01 2.42864126e-02 0.0
-1.12467429e-01 2.12689387e-02 0.0
-1.14898095e-01 1.80918352e-02 0.0
-1.16923203e-01 1.47683867e-02 0.0
-1.18527575e-01 1.13133784e-02 0.0
-1.19697920e-01 7.74341663e-03 0.0
-1.20422988e-01 4.07699385e-03 0.0
-1.20693705e-01 3.34709604e-04 0.0
-1.20503344e-01 -3.46076393e-03 0.0
-1.19847679e-01 -7.28455480e-03 0.0
-1.18725152e-01 -1.11097164e-02 0.0
-1.17137044e-01 -1.49071874e-02 0.0
-1.15087630e-01 -1.86459997e-02 0.0
-1.12584357e-01 -2.22933212e-02 0.0
-1.09637982e-01 -2.58147416e-02 0.0
-1.06262742e-01 -2.91743986e-02 0.0
-1.02476478e-01 -3.23353438e-02 0.0
-9.83007966e-02 -3.52597597e-02 0.0
-9.37611597e-02 -3.79094176e-02 0.0
-8.88870409e-02 -4.02460054e-02 0.0
-8.37119838e-02 -4.22317029e-02 0.0
-7.82737365e-02 -4.38296585e-02 0.0
-7.26142743e-02 -4.50047286e-02 0.0
-6.67799020e-02 -4.57241632e-02 0.0
-6.08212188e-02 -4.59585809e-02 0.0
-5.47931564e-02 -4.56829459e-02 0.0
-4.87548380e-02 -4.48778664e-02 0.0
-4.27694798e-02 -4.35309500e-02 0.0
-3.69040465e-02 -4.16384942e-02 0.0
-3.12288862e-02 -3.92072549e-02 0.0
-2.58170225e-02 -3.62565000e-02 0.0
-2.07433371e-02 -3.28200673e-02 0.0
-1.60833032e-02 -2.89485238e-02 0.0
-1.19115307e-02 -2.47110937e-02 0.0
-8.29980156e-03 -2.01973178e-02 0.0
-5.31492359e-03 -1.55180625e-02 0.0
-3.01614408e-03 -1.08057425e-02 0.0
-1.45255330e-03 -6.21339502e-03 0.0
-4.29975241e-04 -1.91246961e-03 0.0
-6.04941352e-05 3.85206261e-03 0.0
-9.13839184e-04 1.10595573e-02 0.0
-2.93334834e-03 1.76890889e-02 0.0
-5.75741182e-03 2.36867144e-02 0.0
-9.26629032e-03 2.90235945e-02 0.0
-1.33522217e-02 3.36912798e-02 0.0
-1.79185316e-02 3.76972846e-02 0.0
-2.28784241e-02 4.10611247e-02 0.0
-2.81539087e-02 4.38107788e-02 0.0
-3.36746051e-02 4.59797299e-02 0.0
-3.93768044e-02 4.76044441e-02 0.0
-4.52024843e-02 4.87224239e-02 0.0
-5.10986039e-02 4.93706209e-02 0.0
-5.70163621e-02 4.95843537e-02 0.0
-6.29107096e-02 4.93964733e-02 0.0
-6.87398087e-02 4.88369504e-02 0.0
-7.44647094e-02 4.79325979e-02 0.0
-8.00489573e-02 4.67071386e-02 0.0
-8.54583844e-02 4.51813055e-02 0.0
-9.06608282e-02 4.33732205e-02 0.0
-9.56260080e-02 4.12987165e-02 0.0
-1.00325334e-01 3.89718817e-02 0.0
-1.04731854e-01 3.64054755e-02 0.0
-1.08820143e-01 3.36115239e-02 0.0
-1.12566312e-01 3.06017323e-02 0.0
-1.15947968e-01 2.73880515e-02 0.0
-1.18944276e-01 2.39830241e-02 0.0
-1.21535982e-01 2.04002722e-02 0.0
-1.23705518e-01 1.66547445e-02 0.0
-1.25437075e-01 1.27631025e-02 0.0
-1.26716741e-01 8.74385731e-03 0.0
-1.27532616e-01 4.61764878e-03 0.0
-1.27874963e-01 4.07274330e-04 0.0
-1.27736365e-01 -3.86213434e-03 0.0
-1.27111878e-01 -8.16318255e-03 0.0
-1.25999211e-01 -1.24661307e-02 0.0
-1.24398884e-01 -1.67390563e-02 0.0
-1.22314419e-01 -2.09478600e-02 0.0
-1.19752493e-01 -2.50565115e-02 0.0
-1.16723134e-01 -2.90271409e-02 0.0
-1.13239864e-01 -3.28203659e-02 0.0
-1.09319893e-01 -3.63954717e-02 0.0
-1.04984245e-01 -3.97108251e-02 0.0
-1.00257947e-01 -4.27241548e-02 0.0
-9.51701346e-02 -4.53930697e-02 0.0
-8.97542381e-02 -4.76754678e-02 0.0
-8.40480642e-02 -4.95301940e-02 0.0
-7.80939767e-02 -5.09176277e-02 0.0
-7.19389585e-02 -5.18005439e-02 0.0
-6.56347761e-02 -5.21449612e-02 0.0
-5.92380019e-02 -5.19213022e-02 0.0
-5.28101260e-02 -5.11056112e-02 0.0
-4.64174726e-02 -4.96811288e-02 0.0
-4.01311537e-02 -4.76399868e-02 0.0
-3.40267270e-02 -4.49852739e-02 0.0
-2.81837801e-02 -4.17332239e-02 0.0
-2.26850618e-02 -3.79156849e-02 0.0
-1.76153803e-02 -3.35825674e-02 0.0
-1.30598704e-02 -2.88042843e-02 0.0
-9.10189049e-03 -2.36737963e-02 0.0
-5.82020155e-03 -1.83081171e-02 0.0
-3.28580598e-03 -1.28488376e-02 0.0
-1.55822491e-03 -7.46145250e-03 0.0
-4.51382017e-04 -2.33312240e-03 0.0
-7.83193418e-05 4.44915666e-03 0.0
-9.97544330e-04 1.26933206e-02 0.0
-3.13818714e-03 2.02154979e-02 0.0
-6.12894000e-03 2.69751487e-02 0.0
-9.84133487e-03 3.29564694e-02 0.0
-1.41601415e-02 3.81631852e-02 0.0
-1.89822976e-02 4.26138961e-02 0.0
-2.42157804e-02 4.63379458e-02 0.0
-2.97782119e-02 4.93719393e-02 0.0
-3.55956614e-02 5.17567869e-02 0.0
-4.16013734e-02 5.35353781e-02 0.0
-4.77348033e-02 5.47506852e-02 0.0
-5.39406392e-02 5.54444081e-02 0.0
-6.01681331e-02 5.56559170e-02 0.0
-6.63704080e-02 5.54216379e-02 0.0
-7.25040278e-02 5.47746153e-02 0.0
-7.85285134e-02 5.37444364e-02 0.0
-8.44060731e-02 5.23572292e-02 0.0
-9.01012583e-02 5.06359545e-02 0.0
-9.55807961e-02 4.86006846e-02 0.0
-1.00813345e-01 4.62691173e-02 0.0
-1.05769399e-01 4.36570012e-02 0.0
-1.10421127e-01 4.07787485e-02 0.0
-1.14742336e-01 3.76478969e-02 0.0
-1.18708383e-01 3.42777264e-02 0.0
-1.22296194e-01 3.06816781e-02 0.0
-1.25484242e-01 2.68739095e-02 0.0
-1.28252614e-01 2.28696228e-02 0.0
-1.30583047e-01 1.86855228e-02 0.0
-1.32459037e-01 1.43400329e-02 0.0
-1.33865924e-01 9.85364214e-03 0.0
-1.34791030e-01 5.24900649e-03 0.0
-1.35223787e-01 5.51184749e-04 0.0
-1.35155899e-01 -4.21236859e-03 0.0
-1.34581502e-01 -9.01167053e-03 0.0
-1.33497334e-01 -1.38143160e-02 0.0
-1.31902932e-01 -1.85854404e-02 0.0
-1.29800798e-01 -2.32879166e-02 0.0
-1.27196616e-01 -2.78824076e-02 0.0
-1.24099416e-01 -3.23276492e-02 0.0
-1.20521801e-01 -3.65805924e-02 0.0
-1.16480097e-01 -4.05967717e-02 0.0
-1.11994583e-01 -4.43305434e-02 0.0
-1.07089629e-01 -4.77355489e-02 0.0
-1.01793915e-01 -5.07650649e-02 0.0
-9.61405672e-02 -5.33725852e-02 0.0
-9.01673730e-02 -5.55123181e-02 0.0
-8.39169084e-02 -5.71399335e-02 0.0
-7.74367738e-02 -5.82132747e-02 0.0
-7.07797178e-02 -5.86933574e-02 0.0
-6.40038884e-02 -5.85454050e-02 0.0
-5.71729410e-02 -5.77402323e-02 0.0
-5.03562537e-02 -5.62557564e-02 0.0
-4.36289240e-02 -5.40789214e-02 0.0
-3.70717818e-02 -5.12078295e-02 0.0
-3.07710262e-02 -4.76542981e-02 0.0
-2.48176861e-02 -4.34466046e-02 0.0
-1.93064495e-02 -3.86325074e-02 0.0
-1.43340508e-02 -3.32822032e-02 0.0
-9.99675116e-03 -2.74911136e-02 0.0
-6.38718372e-03 -2.13820215e-02 0.0
-3.59021618e-03 -1.51062683e-02 0.0
-1.67831306e-03 -8.84348702e-03 0.0
-4.75865183e-04 -2.79958068e-03 0.0
-9.55496396e-05 5.08130554e-03 0.0
-1.07829767e-03 1.44214340e-02 0.0
-3.33578331e-03 2.28855330e-02 0.0
-6.48740239e-03 3.04475149e-02 0.0
-1.03966419e-02 3.71057740e-02 0.0
-1.49413361e-02 4.28774270e-02 0.0
-2.00127205e-02 4.77932471e-02 0.0
-2.55139775e-02 5.18933959e-02 0.0
-3.13588398e-02 5.52238508e-02 0.0
-3.74700274e-02 5.78335889e-02 0.0
-4.37779857e-02 5.97723292e-02 0.0
-5.02196203e-02 6.10888892e-02 0.0
-5.67373950e-02 6.18299115e-02 0.0
-6.32784454e-02 6.20390623e-02 0.0
-6.97940132e-02 6.17564452e-02 0.0
-7.62388528e-02 6.10183843e-02 0.0
-8.25708911e-02 5.98573134e-02 0.0
-8.87508176e-02 5.83019668e-02 0.0
-9.47418729e-02 5.63775905e-02 0.0
-1.00509550e-01 5.41064024e-02 0.0
-1.06021459e-01 5.15080002e-02 0.0
-1.11247108e-01 4.85999693e-02 0.0
-1.16157823e-01 4.53983742e-02 0.0
-1.20726598e-01 4.19184111e-02 0.0
-1.24928072e-01 3.81748910e-02 0.0
-1.28738442e-01 3.41828568e-02 0.0
-1.32135494e-01 2.99579944e-02 0.0
-1.35098582e-01 2.55171635e-02 0.0
-1.37608700e-01 2.08787017e-02 0.0
-1.39648532e-01 1.60628451e-02 0.0
-1.41202558e-01 1.10919129e-02 0.0
-1.42257158e-01 5.99061200e-03 0.0
-1.42800755e-01 7.86105594e-04 0.0
-1.42823968e-01 -4.49179348e-03 0.0
-1.42319778e-01 -9.81066257e-03 0.0
-1.41283722e-01 -1.51353784e-02 0.0
-1.39714079e-01 -2.04282557e-02 0.0
-1.37612094e-01 -2.56490535e-02 0.0
-1.34982177e-01 -3.07552060e-02 0.0
-1.31832143e-01 -3.57019224e-02 0.0
-1.28173411e-01 -4.04425086e-02 0.0
-1.24021252e-01 -4.49285626e-02 0.0
-1.19394978e-01 -4.91103893e-02 0.0
-1.14318188e-01 -5.29372997e-02 0.0
-1.08818942e-01 -5.63581301e-02 0.0
-1.02930007e-01 -5.93216647e-02 0.0
-9.66890193e-02 -6.17772872e-02 0.0
-9.01387504e-02 -6.36755702e-02 0.0
-8.33272793e-02 -6.49691207e-02 0.0
-7.63083062e-02 -6.56134244e-02 0.0
-6.91413601e-02 -6.55680027e-02 0.0
-6.18921716e-02 -6.47976671e-02 0.0
-5.46329053e-02 -6.32741774e-02 0.0
-4.74425190e-02 -6.09781265e-02 0.0
-4.04068721e-02 -5.79013298e-02 0.0
-3.36188027e-02 -5.40495476e-02 0.0
-2.71776980e-02 -4.94457311e-02 0.0
-2.11887103e-02 -4.41335449e-02 0.0
-1.57610553e-02 -3.81811660e-02 0.0
-1.10055330e-02 -3.16849284e-02 0.0
-7.03073936e-03 -2.47725304e-02 0.0
-3.93827659e-03 -1.76051615e-02 0.0
-1.81668892e-03 -1.03780634e-02 0.0
-5.04344052e-04 -3.31890717e-03 0.0
-1.12170750e-04 5.74731456e-03 0.0
-1.15620808e-03 1.62405065e-02 0.0
-3.52625545e-03 2.56940155e-02 0.0
-6.83295949e-03 3.40973850e-02 0.0
-1.09322696e-02 4.14644926e-02 0.0
-1.56958678e-02 4.78270473e-02 0.0
-2.10098884e-02 5.32290876e-02 0.0
-2.67734396e-02 5.77224267e-02 0.0
-3.28967773e-02 6.13630918e-02 0.0
-3.92997098e-02 6.42085468e-02 0.0
-4.59099829e-02 6.63156903e-02 0.0
-5.26620799e-02 6.77393537e-02 0.0
-5.94960855e-02 6.85313294e-02 0.0
-6.63569481e-02 6.87396655e-02 0.0
-7.31937563e-02 6.84083338e-02 0.0
-7.99593231e-02 6.75770237e-02 0.0
-8.66097137e-02 6.62812314e-02 0.0
-9.31039977e-02 6.45523929e-02 0.0
-9.94039054e-02 6.24182674e-02 0.0
-1.05473659e-01 5.99033008e-02 0.0
-1.11279699e-01 5.70292014e-02 0.0
-1.16790562e-01 5.38154340e-02 0.0
-1.21976665e-01 5.02798863e-02 0.0
-1.26810228e-01 4.64393993e-02 0.0
-1.31265122e-01 4.23104358e-02 0.0
-1.35316838e-01 3.79095674e-02 0.0
-1.38942410e-01 3.32540794e-02 0.0
-1.42120435e-01 2.83623644e-02 0.0
-1.44831064e-01 2.32544238e-02 0.0
-1.47056076e-01 1.79521442e-02 0.0
-1.48778939e-01 1.24796813e-02 0.0
-1.49984932e-01 6.86361400e-03 0.0
-1.50661262e-01 1.13321077e-03 0.0
-1.50797237e-01 -4.67953171e-03 0.0
-1.50384440e-01 -1.05397331e-02 0.0
-1.49416929e-01 -1.64096980e-02 0.0
-1.47891468e-01 -2.22488648e-02 0.0
-1.45807749e-01 -2.80139747e-02 0.0
-1.43168657e-01 -3.36591214e-02 0.0
-1.39980511e-01 -3.91360181e-02 0.0
-1.36253343e-01 -4.43941479e-02 0.0
-1.32001133e-01 -4.93811296e-02 0.0
-1.27242099e-01 -5.40429727e-02 0.0
-1.21998906e-01 -5.83245442e-02 0.0
-1.16298951e-01 -6.21699368e-02 0.0
-1.10174551e-01 -6.55230476e-02 0.0
-1.03663226e-01 -6.83280785e-02 0.0
-9.68078815e-02 -7.05302578e-02 0.0
-8.96571325e-02 -7.20765254e-02 0.0
-8.22655270e-02 -7.29164761e-02 0.0
-7.46939612e-02 -7.30033478e-02 0.0
-6.70100079e-02 -7.22953547e-02 0.0
-5.92884583e-02 -7.07572044e-02 0.0
-5.16117430e-02 -6.83621062e-02 0.0
-4.40704981e-02 -6.50941554e-02 0.0
-3.67638352e-02 -6.09513743e-02 0.0
-2.97994905e-02 -5.59492828e-02 0.0
-2.32932534e-02 -5.01251541e-02 0.0
-1.73677344e-02 -4.35426760e-02 0.0
-1.21497589e-02 -3.62968686e-02 0.0
-7.76645330e-03 -2.85186513e-02 0.0
-4.33944469e-03 -2.03784813e-02 0.0
-1.97760159e-03 -1.20881533e-02 0.0
-5.37751387e-04 -3.90002166e-03 0.0
-1.28216946e-04 6.44600579e-03 0.0
-1.23117948e-03 1.81471287e-02 0.0
-3.70935162e-03 2.86356349e-02 0.0
-7.16495790e-03 3.79181079e-02 0.0
-1.14471628e-02 4.60253245e-02 0.0
-1.64221985e-02 5.30048988e-02 0.0
-2.19720397e-02 5.89151549e-02 0.0
-2.79923955e-02 6.38203331e-02 0.0
-3.43907534e-02 6.77869550e-02 0.0
-4.10843237e-02 7.08812695e-02 0.0
-4.79984371e-02 7.31674443e-02 0.0
-5.50650696e-02 7.47064281e-02 0.0
-6.22218711e-02 7.55551677e-02 0.0
-6.94112815e-02 7.57662139e-02 0.0
-7.65800330e-02 7.53874650e-02 0.0
-8.36786272e-02 7.44621809e-02 0.0
-9.06610731e-02 7.30290438e-02 0.0
-9.74845220e-02 7.11224532e-02 0.0
-1.04109084e-01 6.87728223e-02 0.0
-1.10497521e-01 6.60070873e-02 0.0
-1.16615083e-01 6.28491726e-02 0.0
-1.22429235e-01 5.93206391e-02 0.0
-1.27909520e-01 5.54412348e-02 0.0
-1.33027331e-01 5.12295940e-02 0.0
-1.37755812e-01 4.67037881e-02 0.0
-1.42069701e-01 4.18819958e-02 0.0
-1.45945285e-01 3.67829858e-02 0.0
-1.49360323e-01 3.14267021e-02 0.0
-1.52294064e-01 2.58346391e-02 0.0
-1.54727252e-01 2.00303132e-02 0.0
-1.56642205e-01 1.40395143e-02 0.0
-1.58022902e-01 7.89065694e-03 0.0
-1.58855127e-01 1.61491003e-03 0.0
-1.59126627e-01 -4.75357006e-03 0.0
-1.58827309e-01 -1.11776244e-02 0.0
-1.57949472e-01 -1.76169701e-02 0.0
-1.56488049e-01 -2.40282937e-02 0.0
-1.54440894e-01 -3.03652388e-02 0.0
-1.51809058e-01 -3.65786063e-02 0.0
-1.48597110e-01 -4.26164518e-02 0.0
-1.44813425e-01 -4.84243940e-02 0.0
-1.40470525e-01 -5.39458254e-02 0.0
-1.35585340e-01 -5.91223305e-02 0.0
-1.30179547e-01 -6.38940119e-02 0.0
-1.24279795e-01 -6.82000188e-02 0.0
-1.17918019e-01 -7.19789914e-02 0.0
-1.11131629e-01 -7.51697041e-02 0.0
-1.03963823e-01 -7.77116429e-02 0.0
-9.64637844e-02 -7.95457945e-02 0.0
-8.86870530e-02 -8.06154173e-02 0.0
-8.06958255e-02 -8.08670794e-02 0.0
-7.25594994e-02 -8.02517897e-02 0.0
-6.43551803e-02 -7.87265316e-02 0.0
-5.61684768e-02 -7.62560998e-02 0.0
-4.80942135e-02 -7.28155790e-02 0.0
-4.02373172e-02 -6.83934278e-02 0.0
-3.27133351e-02 -6.29954811e-02 0.0
-2.56486669e-02 -5.66497955e-02 0.0
-1.91797204e-02 -4.94124419e-02 0.0
-1.34508766e-02 -4.13738734e-02 0.0
-8.61033672e-03 -3.26654513e-02 0.0
-4.80383240e-03 -2.34651633e-02 0.0
-2.16565951e-03 -1.40014643e-02 0.0
-5.77219686e-04 -4.55390536e-03 0.0
-1.43600791e-04 7.17615336e-03 0.0
-1.30297504e-03 2.01376561e-02 0.0
-3.88429233e-03 3.17046207e-02 0.0
-7.48188598e-03 4.19023541e-02 0.0
-1.19387899e-02 5.07802293e-02 0.0
-1.71168853e-02 5.84031755e-02 0.0
-2.28949545e-02 6.48448488e-02 0.0
-2.91663809e-02 7.01824896e-02 0.0
-3.58365325e-02 7.44933857e-02 0.0
-4.28205792e-02 7.78525411e-02 0.0
-5.00415130e-02 8.03313143e-02 0.0
-5.74288211e-02 8.19966002e-02 0.0
-6.49173735e-02 8.29104599e-02 0.0
-7.24468259e-02 8.31299016e-02 0.0
-7.99610626e-02 8.27068904e-02 0.0
-8.74079568e-02 8.16883752e-02 0.0
-9.47390291e-02 8.01165066e-02 0.0
-1.01909296e-01 7.80288508e-02 0.0
-1.08876961e-01 7.54588027e-02 0.0
-1.15603241e-01 7.24359799e-02 0.0
-1.22052048e-01 6.89868114e-02 0.0
-1.28189798e-01 6.51350683e-02 0.0
-1.33985096e-01 6.09025609e-02 0.0
-1.39408569e-01 5.63097269e-02 0.0
-1.44432604e-01 5.13763510e-02 0.0
-1.49031228e-01 4.61221278e-02 0.0
-1.53179933e-01 4.05673281e-02 0.0
-1.56855624e-01 3.47332762e-02 0.0
-1.60036543e-01 2.86429159e-02 0.0
-1.62702299e-01 2.23211709e-02 0.0
-1.64833888e-01 1.57953908e-02 0.0
-1.66413803e-01 9.09558653e-03 0.0
-1.67426158e-01 2.25475447e-03 0.0
-1.67856870e-01 -4.69100982e-03 0.0
-1.67693876e-01 -1.17023050e-02 0.0
-1.66927384e-01 -1.87364267e-02 0.0
-1.65550178e-01 -2.57472764e-02 0.0
-1.63557920e-01 -3.26854800e-02 0.0
-1.60949520e-01 -3.94984162e-02 0.0
-1.57727473e-01 -4.61304542e-02 0.0
-1.53898261e-01 -5.25231090e-02 0.0
-1.49472693e-01 -5.86154036e-02 0.0
-1.44466305e-01 -6.43441548e-02 0.0
-1.38899658e-01 -6.96444603e-02 0.0
-1.32798707e-01 -7.44501109e-02 0.0
-1.26195033e-01 -7.86941931e-02 0.0
-1.19126157e-01 -8.23096172e-02 0.0
-1.11635723e-01 -8.52298250e-02 0.0
-1.03773799e-01 -8.73894363e-02 0.0
-9.55970875e-02 -8.87250867e-02 0.0
-8.71693379e-02 -8.91762627e-02 0.0
-7.85617437e-02 -8.86864088e-02 0.0
-6.98536736e-02 -8.72041922e-02 0.0
-6.11334554e-02 -8.46852584e-02 0.0
-5.24995709e-02 -8.10944745e-02 0.0
-4.40618475e-02 -7.64090659e-02 0.0
-3.59428600e-02 -7.06227356e-02 0.0
-2.82788503e-02 -6.37511499e-02 0.0
-2.12200499e-02 -5.58387750e-02 0.0
-1.49293047e-02 -4.69670780e-02 0.0
-9.57856993e-03 -3.72634802e-02 0.0
-5.34205440e-03 -2.69101212e-02 0.0
-2.38595659e-03 -1.61507542e-02 0.0
-6.23938254e-04 -5.29386622e-03 0.0
-1.58298139e-04 7.93641697e-03 0.0
-1.37114417e-03 2.22079880e-02 0.0
-4.04982510e-03 3.48943107e-02 0.0
-7.78109207e-03 4.60415589e-02 0.0
-1.24028932e-02 5.57197723e-02 0.0
-1.77739604e-02 6.40128482e-02 0.0
-2.37714031e-02 7.10107493e-02 0.0
-3.02874272e-02 7.68041110e-02 0.0
-3.72262951e-02 8.14808633e-02 0.0
-4.45015325e-02 8.51244367e-02 0.0
-5.20339947e-02 8.78129116e-02 0.0
-5.97503698e-02 8.96187919e-02 0.0
-6.75824138e-02 9.06089780e-02 0.0
-7.54663666e-02 9.08449105e-02 0.0
-8.33427848e-02 9.03826651e-02 0.0
-9.11562986e-02 8.92731450e-02 0.0
-9.88555683e-02 8.75622217e-02 0.0
-1.06393045e-01 8.52910294e-02 0.0
-1.13724844e-01 8.24962431e-02 0.0
-1.20810414e-01 7.92105518e-02 0.0
-1.27612314e-01 7.54631141e-02 0.0
-1.34095827e-01 7.12802006e-02 0.0
-1.40228702e-01 6.66857787e-02 0.0
-1.45980787e-01 6.17022483e-02 0.0
-1.51323802e-01 5.63510649e-02 0.0
-1.56231050e-01 5.06534754e-02 0.0
-1.60677269e-01 4.46310955e-02 0.0
-1.64638448e-01 3.83065730e-02 0.0
-1.68091778e-01 3.17040649e-02 0.0
-1.71015593e-01 2.48497907e-02 0.0
-1.73389419e-01 1.77723854e-02 0.0
-1.75194042e-01 1.05033299e-02 0.0
-1.76411655e-01 3.07717905e-03 0.0
-1.77026046e-01 -4.46813155e-03 0.0
-1.77022846e-01 -1.20911790e-02 0.0
-1.76389825e-01 -1.97468676e-02 0.0
-1.75117225e-01 -2.73864449e-02 0.0
-1.73198158e-01 -3.49574428e-02 0.0
-1.70628995e-01 -4.24038240e-02 0.0
-1.67409838e-01 -4.96660620e-02 0.0
-1.63544936e-01 -5.66814293e-02 0.0
-1.59043178e-01 -6.33842286e-02 0.0
-1.53918488e-01 -6.97062311e-02 0.0
-1.48190286e-01 -7.55770602e-02 0.0
-1.41883809e-01 -8.09247710e-02 0.0
-1.35030486e-01 -8.56763685e-02 0.0
-1.27668149e-01 -8.97584981e-02 0.0
-1.19841317e-01 -9.30980613e-02 0.0
-1.11601318e-01 -9.56229787e-02 0.0
-1.03006559e-01 -9.72628794e-02 0.0
-9.41227027e-02 -9.79499470e-02 0.0
-8.50231371e-02 -9.76197631e-02 0.0
-7.57895019e-02 -9.62124293e-02 0.0
-6.65127073e-02 -9.36739289e-02 0.0
-5.72941738e-02 -8.99581243e-02 0.0
-4.82476877e-02 -8.50295373e-02 0.0
-3.95014048e-02 -7.88674542e-02 0.0
-3.12001193e-02 -7.14716562e-02 0.0
-2.35068349e-02 -6.28702913e-02 0.0
-1.66031457e-02 -5.31299438e-02 0.0
-1.06867608e-02 -4.23676904e-02 0.0
-5.96519662e-03 -3.07639575e-02 0.0
-2.64405163e-03 -1.85741362e-02 0.0
-6.79370457e-04 -6.13586206e-03 0.0
-1.72176939e-04 8.72530469e-03 0.0
-1.43511585e-03 2.43533070e-02 0.0
-4.20404168e-03 3.81966237e-02 0.0
-8.05863121e-03 5.03251366e-02 0.0
-1.28328819e-02 6.08322912e-02 0.0
-1.83843094e-02 6.98228778e-02 0.0
-2.45901763e-02 7.74040934e-02 0.0
-3.13432554e-02 8.36799428e-02 0.0
-3.85476910e-02 8.87484177e-02 0.0
-4.61159584e-02 9.27004781e-02 0.0
-5.39666274e-02 9.56201020e-02 0.0
-6.20232435e-02 9.75847011e-02 0.0
-7.02136683e-02 9.86656550e-02 0.0
-7.84700359e-02 9.89286787e-02 0.0
-8.67287124e-02 9.84341248e-02 0.0
-9.49304848e-02 9.72371116e-02 0.0
-1.03020512e-01 9.53876994e-02 0.0
-1.10948342e-01 9.29310131e-02 0.0
-1.18667655e-01 8.99075323e-02 0.0
-1.26136051e-01 8.63533947e-02 0.0
-1.33314616e-01 8.23009090e-02 0.0
-1.40167587e-01 7.77790677e-02 0.0
-1.46661864e-01 7.28142461e-02 0.0
-1.52766657e-01 6.74308456e-02 0.0
-1.58453057e-01 6.16520738e-02 0.0
-1.63693756e-01 5.55006082e-02 0.0
-1.68462732e-01 4.89993548e-02 0.0
-1.72735085e-01 4.21720460e-02 0.0
-1.76486870e-01 3.50439094e-02 0.0
-1.79695058e-01 2.76421535e-02 0.0
-1.82337521e-01 1.99965174e-02 0.0
-1.84393124e-01 1.21396296e-02 0.0
-1.85841858e-01 4.10743227e-03 0.0
-1.86665060e-01 -4.06058602e-03 0.0
-1.86845688e-01 -1.23210913e-02 0.0
-1.86368662e-01 -2.06267983e-02 0.0
-1.85221271e-01 -2.89263023e-02 0.0
-1.83393614e-01 -3.71641101e-02 0.0
-1.80879117e-01 -4.52806191e-02 0.0
-1.77675041e-01 -5.32123048e-02 0.0
-1.73783069e-01 -6.08918699e-02 0.0
-1.69209819e-01 -6.82486088e-02 0.0
-1.63967435e-01 -7.52087432e-02 0.0
-1.58074038e-01 -8.16959688e-02 0.0
-1.51554234e-01 -8.76319713e-02 0.0
-1.44439429e-01 -9.29371290e-02 0.0
-1.36768181e-01 -9.75311619e-02 0.0
-1.28586333e-01 -1.01333923e-01 0.0
-1.19947207e-01 -1.04266095e-01 0.0
-1.10911606e-01 -1.06249983e-01 0.0
-1.01547983e-01 -1.07210190e-01 0.0
-9.19325587e-02 -1.07074385e-01 0.0
-8.21498396e-02 -1.05774045e-01 0.0
-7.22933549e-02 -1.03245483e-01 0.0
-6.24671444e-02 -9.94312144e-02 0.0
-5.27877732e-02 -9.42822128e-02 0.0
-4.33873251e-02 -8.77614278e-02 0.0
-3.44168219e-02 -7.98493977e-02 0.0
-2.60499787e-02 -7.05526141e-02 0.0
-1.84858211e-02 -5.99154132e-02 0.0
-1.19488969e-02 -4.80354860e-02 0.0
-6.68436566e-03 -3.50822222e-02 0.0
-2.94607949e-03 -2.13152782e-02 0.0
-7.45118715e-04 -7.09892167e-03 0.0
-1.85221498e-04 9.54117422e-03 0.0
-1.49416321e-03 2.65678002e-02 0.0
-4.34439805e-03 4.16013164e-02 0.0
-8.30874792e-03 5.47394194e-02 0.0
-1.32191641e-02 6.61027207e-02 0.0
-1.89344943e-02 7.58192619e-02 0.0
-2.53349825e-02 8.40141294e-02 0.0
-3.23159933e-02 9.08040720e-02 0.0
-3.97829228e-02 9.62957379e-02 0.0
-4.76474677e-02 1.00586064e-01 0.0
-5.58256870e-02 1.03763507e-01 0.0
-6.42370764e-02 1.05909414e-01 0.0
-7.28046543e-02 1.07099065e-01 0.0
-8.14552512e-02 1.07402362e-01 0.0
-9.01201123e-02 1.06884115e-01 0.0
-9.87352297e-02 1.05604156e-01 0.0
-1.07241681e-01 1.03617284e-01 0.0
-1.15585572e-01 1.00973309e-01 0.0
-1.23717948e-01 9.77170911e-02 0.0
-1.31594372e-01 9.38888263e-02 0.0
-1.39174532e-01 8.95243794e-02 0.0
-1.46421641e-01 8.46558611e-02 0.0
-1.53301947e-01 7.93122222e-02 0.0
-1.59784122e-01 7.35200303e-02 0.0
-1.65838827e-01 6.73041895e-02 0.0
-1.71438215e-01 6.06887797e-02 0.0
-1.76555626e-01 5.36977723e-02 0.0
-1.81165260e-01 4.63558217e-02 0.0
-1.85242028e-01 3.86888946e-02 0.0
-1.88761416e-01 3.07249540e-02 0.0
-1.91699492e-01 2.24944664e-02 0.0
-1.94032957e-01 1.40309598e-02 0.0
-1.95739310e-01 5.37140135e-03 0.0
-1.96797080e-01 -3.44337213e-03 0.0
-1.97186140e-01 -1.23684058e-02 0.0
-1.96888112e-01 -2.13543281e-02 0.0
-1.95886826e-01 -3.03472416e-02 0.0
-1.94168875e-01 -3.92885737e-02 0.0
-1.91724194e-01 -4.81151309e-02 0.0
-1.88546732e-01 -5.67591312e-02 0.0
-1.84635095e-01 -6.51484557e-02 0.0
-1.79993278e-01 -7.32068983e-02 0.0
-1.74631286e-01 -8.08546429e-02 0.0
-1.68565821e-01 -8.80087484e-02 0.0
-1.61820789e-01 -9.45838496e-02 0.0
-1.54427823e-01 -1.00492852e-01 0.0
-1.46426548e-01 -1.05647796e-01 0.0
-1.37864858e-01 -1.09960668e-01 0.0
-1.28798883e-01 -1.13344298e-01 0.0
-1.19293003e-01 -1.15713118e-01 0.0
-1.09419626e-01 -1.16983919e-01 0.0
-9.92591728e-02 -1.17076405e-01 0.0
-8.89000703e-02 -1.15913726e-01 0.0
-7.84393372e-02 -1.13422909e-01 0.0
-6.79836685e-02 -1.09535564e-01 0.0
-5.76517237e-02 -1.04189085e-01 0.0
-4.75775028e-02 -9.73291391e-02 0.0
-3.79153553e-02 -8.89142624e-02 0.0
-2.88459273e-02 -7.89239550e-02 0.0
-2.05824995e-02 -6.73716024e-02 0.0
-1.33751896e-02 -5.43234847e-02 0.0
-7.51009705e-03 -3.99238119e-02 0.0
-3.29865353e-03 -2.44233923e-02 0.0
-8.23186040e-04 -8.20567802e-03 0.0
-1.97398926e-04 1.03823384e-02 0.0
-1.54756602e-03 2.88442983e-02 0.0
-4.46739585e-03 4.50949094e-02 0.0
-8.52325456e-03 5.92660711e-02 0.0
-1.35477427e-02 7.15110204e-02 0.0
-1.94052115e-02 8.19838178e-02 0.0
-2.59826148e-02 9.08275326e-02 0.0
-3.31807435e-02 9.81698849e-02 0.0
-4.09074500e-02 1.04123648e-01 0.0
-4.90738295e-02 1.08789175e-01 0.0
-5.75924903e-02 1.12257382e-01 0.0
-6.63776342e-02 1.14612186e-01 0.0
-7.53457930e-02 1.15932153e-01 0.0
-8.44170916e-02 1.16291301e-01 0.0
-9.35162502e-02 1.15759336e-01 0.0
-1.02573516e-01 1.14401465e-01 0.0
-1.11525046e-01 1.12278112e-01 0.0
-1.20313113e-01 1.09444601e-01 0.0
-1.28885815e-01 1.05951046e-01 0.0
-1.37196707e-01 1.01842362e-01 0.0
-1.45204106e-01 9.71585851e-02 0.0
-1.52870459e-01 9.19353046e-02 0.0
-1.60161532e-01 8.62043496e-02 0.0
-1.67045766e-01 7.99945090e-02 0.0
-1.73493566e-01 7.33324153e-02 0.0
-1.79476783e-01 6.62433649e-02 0.0
-1.84968209e-01 5.87522308e-02 0.0
-1.89941246e-01 5.08842449e-02 0.0
-1.94369625e-01 4.26658319e-02 0.0
-1.98227288e-01 3.41252819e-02 0.0
-2.01488320e-01 2.52934619e-02 0.0
-2.04127031e-01 1.62043572e-02 0.0
-2.06118109e-01 6.89565221e-03 0.0
-2.07436886e-01 -2.59085988e-03 0.0
-2.08059700e-01 -1.22088278e-02 0.0
-2.07964350e-01 -2.19070693e-02 0.0
-2.07130655e-01 -3.16292688e-02 0.0
-2.05541076e-01 -4.13138652e-02 0.0
-2.03181457e-01 -5.08939319e-02 0.0
-2.00041775e-01 -6.02972708e-02 0.0
-1.96117000e-01 -6.94465261e-02 0.0
-1.91407912e-01 -7.82595363e-02 0.0
-1.85921986e-01 -8.66497316e-02 0.0
-1.79674144e-01 -9.45267792e-02 0.0
-1.72687535e-01 -1.01797278e-01 0.0
-1.64994070e-01 -1.08365680e-01 0.0
-1.56634923e-01 -1.14135220e-01 0.0
-1.47660691e-01 -1.19009003e-01 0.0
-1.38131479e-01 -1.22890995e-01 0.0
-1.28116603e-01 -1.25687029e-01 0.0
-1.17694268e-01 -1.27305579e-01 0.0
-1.06950977e-01 -1.27658357e-01 0.0
-9.59811808e-02 -1.26660550e-01 0.0
-8.48870671e-02 -1.24230817e-01 0.0
-7.37792453e-02 -1.20291041e-01 0.0
-6.27784326e-02 -1.14766269e-01 0.0
-5.20191429e-02 -1.07585380e-01 0.0
-4.16555186e-02 -9.86837164e-02 0.0
-3.18700178e-02 -8.80093632e-02 0.0
-2.28839915e-02 -7.55355910e-02 0.0
-1.49685482e-02 -6.12822029e-02 0.0
-8.45079040e-03 -4.53479073e-02 0.0
-3.70879624e-03 -2.79527088e-02 0.0
-9.15875009e-04 -9.48307572e-03 0.0
-2.08984098e-04 1.12473492e-02 0.0
-1.59463084e-03 3.11737405e-02 0.0
-4.56822368e-03 4.86589163e-02 0.0
-8.68997663e-03 6.38797134e-02 0.0
-1.37980660e-02 7.70300032e-02 0.0
-1.97685528e-02 8.82928489e-02 0.0
-2.65005850e-02 9.78280052e-02 0.0
-3.39035090e-02 1.05770544e-01 0.0
-4.18888110e-02 1.12235086e-01 0.0
-5.03662531e-02 1.17321657e-01 0.0
-5.92434473e-02 1.21120863e-01 0.0
-6.84270714e-02 1.23717591e-01 0.0
-7.78251005e-02 1.25193062e-01 0.0
-8.73488942e-02 1.25625619e-01 0.0
-9.69151426e-02 1.25090568e-01 0.0
-1.06447062e-01 1.23659569e-01 0.0
-1.15875188e-01 1.21399822e-01 0.0
-1.25137442e-01 1.18373378e-01 0.0
-1.34178917e-01 1.14636619e-01 0.0
-1.42951169e-01 1.10240113e-01 0.0
-1.51411457e-01 1.05228707e-01 0.0
-1.59521719e-01 9.96419880e-02 0.0
-1.67247674e-01 9.35148905e-02 0.0
-1.74557836e-01 8.68785651e-02 0.0
-1.81422735e-01 7.97612630e-02 0.0
-1.87814149e-01 7.21893578e-02 0.0
-1.93704558e-01 6.41882842e-02 0.0
-1.99066650e-01 5.57835358e-02 0.0
-2.03873036e-01 4.70015239e-02 0.0
-2.08096027e-01 3.78704634e-02 0.0
-2.11707594e-01 2.84210998e-02 0.0
-2.14679403e-01 1.86874611e-02 0.0
-2.16983003e-01 8.70744756e-03 0.0
-2.18590111e-01 -1.47654966e-03 0.0
-2.19473021e-01 -1.18171928e-02 0.0
-2.19605137e-01 -2.22617193e-02 0.0
-2.18961596e-01 -3.27516373e-02 0.0
-2.17520037e-01 -4.32224196e-02 0.0
-2.15261423e-01 -5.36033979e-02 0.0
-2.12171012e-01 -6.38176901e-02 0.0
-2.08239324e-01 -7.37823638e-02 0.0
-2.03463236e-01 -8.34086736e-02 0.0
-1.97846992e-01 -9.26025688e-02 0.0
-1.91403280e-01 -1.01265305e-01 0.0
-1.84154121e-01 -1.09294334e-01 0.0
-1.76131734e-01 -1.16584296e-01 0.0
-1.67379068e-01 -1.23028244e-01 0.0
-1.57950217e-01 -1.28518897e-01 0.0
-1.47910373e-01 -1.32949998e-01 0.0
-1.37335591e-01 -1.36217535e-01 0.0
-1.26312033e-01 -1.38220824e-01 0.0
-1.14935108e-01 -1.38863194e-01 0.0
-1.03308266e-01 -1.38052224e-01 0.0
-9.15421005e-02 -1.35699306e-01 0.0
-7.97537831e-02 -1.31718584e-01 0.0
-6.80679118e-02 -1.26025313e-01 0.0
-5.66192445e-02 -1.18534204e-01 0.0
-4.55589031e-02 -1.09158779e-01 0.0
-3.50647632e-02 -9.78138727e-02 0.0
-2.53571075e-02 -8.44247055e-02 0.0
-1.67179734e-02 -6.89476177e-02 0.0
-9.50992693e-03 -5.14082597e-02 0.0
-4.18337884e-03 -3.19608717e-02 0.0
-1.02612604e-03 -1.09633036e-02 0.0
-2.20560443e-04 1.21356197e-02 0.0
-1.63478565e-03 3.35440782e-02 0.0
-4.63932249e-03 5.22667357e-02 0.0
-8.78986282e-03 6.85442250e-02 0.0
-1.39387977e-02 8.26225649e-02 0.0
-1.99839018e-02 9.47159371e-02 0.0
-2.68435141e-02 1.04996632e-01 0.0
-3.44389679e-02 1.13600375e-01 0.0
-4.26853936e-02 1.20637073e-01 0.0
-5.14894179e-02 1.26201236e-01 0.0
-6.07506348e-02 1.30379805e-01 0.0
-7.03651641e-02 1.33256921e-01 0.0
-8.02294114e-02 1.34916136e-01 0.0
-9.02436505e-02 1.35440714e-01 0.0
-1.00314599e-01 1.34912815e-01 0.0
-1.10357273e-01 1.33412068e-01 0.0
-1.20295759e-01 1.31014098e-01 0.0
-1.30063413e-01 1.27789179e-01 0.0
-1.39602283e-01 1.23801337e-01 0.0
-1.48862287e-01 1.19107833e-01 0.0
-1.57799990e-01 1.13759166e-01 0.0
-1.66377408e-01 1.07799404e-01 0.0
-1.74560684e-01 1.01266906e-01 0.0
-1.82318973e-01 9.41952038e-02 0.0
-1.89623326e-01 8.66140865e-02 0.0
-1.96445861e-01 7.85506953e-02 0.0
-2.02758982e-01 7.00306928e-02 0.0
-2.08534874e-01 6.10793297e-02 0.0
-2.13745068e-01 5.17225322e-02 0.0
-2.18360241e-01 4.19878421e-02 0.0
-2.22350091e-01 3.19053629e-02 0.0
-2.25683411e-01 2.15085530e-02 0.0
-2.28328261e-01 1.08350309e-02 0.0
-2.30252292e-01 -7.27687845e-05 0.0
-2.31423207e-01 -1.11669243e-02 0.0
-2.31809344e-01 -2.23935108e-02 0.0
-2.31380427e-01 -3.36920829e-02 0.0
-2.30108404e-01 -4.49953369e-02 0.0
-2.27968476e-01 -5.62288070e-02 0.0
-2.24940172e-01 -6.73107825e-02 0.0
-2.21008609e-01 -7.81523134e-02 0.0
-2.16165728e-01 -8.86574882e-02 0.0
-2.10411671e-01 -9.87238567e-02 0.0
-2.03756035e-01 -1.08243170e-01 0.0
-1.96219172e-01 -1.17102301e-01 0.0
-1.87833219e-01 -1.25184486e-01 0.0
-1.78643037e-01 -1.32370728e-01 0.0
-1.68706692e-01 -1.38541441e-01 0.0
-1.58095694e-01 -1.43578134e-01 0.0
-1.46894599e-01 -1.47365123e-01 0.0
-1.35200244e-01 -1.49791003e-01 0.0
-1.23120287e-01 -1.50749759e-01 0.0
-1.10771473e-01 -1.50141186e-01 0.0
-9.82774539e-02 -1.47870410e-01 0.0
-8.57669771e-02 -1.43846165e-01 0.0
-7.33727274e-02 -1.37977753e-01 0.0
-6.12323947e-02 -1.30170675e-01 0.0
-4.94932399e-02 -1.20321725e-01 0.0
-3.83229237e-02 -1.08315314e-01 0.0
-2.79287040e-02 -9.40250804e-02 0.0
-1.85869799e-02 -7.73280527e-02 0.0
-1.06800008e-02 -5.81428120e-02 0.0
-4.72790190e-03 -3.65049394e-02 0.0
-1.15747478e-03 -1.26850347e-02 0.0
-2.33524108e-04 1.30485395e-02 0.0
-1.66690229e-03 3.59376086e-02 0.0
-4.66696808e-03 5.58778354e-02 0.0
-8.79042579e-03 7.32071622e-02 0.0
-1.39204054e-02 8.82385914e-02 0.0
-1.99911352e-02 1.01215805e-01 0.0
-2.69485932e-02 1.12313905e-01 0.0
-3.47280272e-02 1.21658071e-01 0.0
-4.32462536e-02 1.29344120e-01 0.0
-5.24025569e-02 1.35454618e-01 0.0
-6.20839957e-02 1.40069189e-01 0.0
-7.21716912e-02 1.43269882e-01 0.0
-8.25469650e-02 1.45142826e-01 0.0
-9.30961273e-02 1.45777565e-01 0.0
-1.03714092e-01 1.45265025e-01 0.0
-1.14306408e-01 1.43695005e-01 0.0
-1.24790268e-01 1.41153673e-01 0.0
-1.35094340e-01 1.37721503e-01 0.0
-1.45158040e-01 1.33471761e-01 0.0
-1.54930143e-01 1.28469703e-01 0.0
-1.64367297e-01 1.22772344e-01 0.0
-1.73432283e-01 1.16428827e-01 0.0
-1.82092469e-01 1.09481149e-01 0.0
-1.90318262e-01 1.01965251e-01 0.0
-1.98081875e-01 9.39122178e-02 0.0
-2.05356186e-01 8.53496263e-02 0.0
-2.12113926e-01 7.63028423e-02 0.0
-2.18326973e-01 6.67963417e-02 0.0
-2.23965932e-01 5.68548982e-02 0.0
-2.28999814e-01 4.65047574e-02 0.0
-2.33395950e-01 3.57746616e-02 0.0
-2.37120010e-01 2.46968638e-02 0.0
-2.40136212e-01 1.33080012e-02 0.0
-2.42407663e-01 1.64997168e-03 0.0
-2.43896860e-01 -1.02293250e-02 0.0
-2.44566360e-01 -2.22752457e-02 0.0
-2.44379588e-01 -3.44258123e-02 0.0
-2.43301848e-01 -4.66111485e-02 0.0
-2.41301444e-01 -5.87531078e-02 0.0
-2.38351027e-01 -7.07649862e-02 0.0
-2.34428997e-01 -8.25514902e-02 0.0
-2.29521116e-01 -9.40088658e-02 0.0
-2.23622094e-01 -1.05025356e-01 0.0
-2.16737308e-01 -1.15481895e-01 0.0
-2.08884365e-01 -1.25253190e-01 0.0
-2.00094652e-01 -1.34209078e-01 0.0
-1.90414527e-01 -1.42216265e-01 0.0
-1.79906305e-01 -1.49140298e-01 0.0
-1.68648623e-01 -1.54847791e-01 0.0
-1.56736364e-01 -1.59208664e-01 0.0
-1.44279711e-01 -1.62098322e-01 0.0
-1.31402582e-01 -1.63399386e-01 0.0
-1.18240079e-01 -1.63002746e-01 0.0
-1.04935413e-01 -1.60807415e-01 0.0
-9.16361868e-02 -1.56718751e-01 0.0
-7.84910654e-02 -1.50644437e-01 0.0
-6.56475151e-02 -1.42487782e-01 0.0
-5.32530866e-02 -1.32138120e-01 0.0
-4.14631171e-02 -1.19459133e-01 0.0
-3.04603556e-02 -1.04278182e-01 0.0
-2.04922313e-02 -8.63847500e-02 0.0
-1.19302262e-02 -6.55550606e-02 0.0
-5.34289195e-03 -4.16320960e-02 0.0
-1.31433854e-03 -1.46949009e-02 0.0
-2.49974327e-04 1.39909946e-02 0.0
-1.68639585e-03 3.83239207e-02 0.0
-4.62164988e-03 5.94268713e-02 0.0
-8.63208679e-03 7.77920598e-02 0.0
-1.36614799e-02 9.38131167e-02 0.0
-1.97006976e-02 1.07751288e-01 0.0
-2.67300690e-02 1.19765323e-01 0.0
-3.46967738e-02 1.29952874e-01 0.0
-4.35129422e-02 1.38383805e-01 0.0
-5.30633946e-02 1.45121791e-01 0.0
-6.32159015e-02 1.50236074e-01 0.0
-7.38312845e-02 1.53806198e-01 0.0
-8.47716075e-02 1.55922239e-01 0.0
-9.59065196e-02 1.56682367e-01 0.0
-1.07117319e-01 1.56189137e-01 0.0
-1.18299373e-01 1.54545420e-01 0.0
-1.29362781e-01 1.51850692e-01 0.0
-1.40232021e-01 1.48197969e-01 0.0
-1.50844549e-01 1.43671702e-01 0.0
-1.61149036e-01 1.38346540e-01 0.0
-1.71103181e-01 1.32287000e-01 0.0
-1.80671631e-01 1.25547807e-01 0.0
-1.89823877e-01 1.18174806e-01 0.0
-1.98532491e-01 1.10206211e-01 0.0
-2.06771505e-01 1.01674100e-01 0.0
-2.14515188e-01 9.26059569e-02 0.0
-2.21736982e-01 8.30262680e-02 0.0
-2.28408795e-01 7.29580021e-02 0.0
-2.34500431e-01 6.24240602e-02 0.0
-2.39979295e-01 5.14485719e-02 0.0
-2.44810231e-01 4.00581502e-02 0.0
-2.48955569e-01 2.82830052e-02 0.0
-2.52375315e-01 1.61580395e-02 0.0
-2.55027521e-01 3.72382281e-03 0.0
-2.56868832e-01 -8.97243733e-03 0.0
-2.57855192e-01 -2.18760440e-02 0.0
-2.57942773e-01 -3.49239767e-02 0.0
-2.57089065e-01 -4.80442074e-02 0.0
-2.55254210e-01 -6.11550841e-02 0.0
-2.52402488e-01 -7.41649301e-02 0.0
-2.48504055e-01 -8.69717942e-02 0.0
-2.43536775e-01 -9.94635120e-02 0.0
-2.37488280e-01 -1.11518022e-01 0.0
-2.30357998e-01 -1.23004096e-01 0.0
-2.22159309e-01 -1.33782427e-01 0.0
-2.12921479e-01 -1.43707196e-01 0.0
-2.02691518e-01 -1.52628051e-01 0.0
-1.91535538e-01 -1.60392539e-01 0.0
-1.79539750e-01 -1.66848855e-01 0.0
-1.66810601e-01 -1.71848849e-01 0.0
-1.53474229e-01 -1.75251014e-01 0.0
-1.39674686e-01 -1.76923224e-01 0.0
-1.25571215e-01 -1.76744750e-01 0.0
-1.11334098e-01 -1.74607072e-01 0.0
-9.71395830e-02 -1.70412722e-01 0.0
-8.31637705e-02 -1.64071296e-01 0.0
-6.95766942e-02 -1.55491456e-01 0.0
-5.65378653e-02 -1.44567620e-01 0.0
-4.41972894e-02 -1.31160107e-01 0.0
-3.27083437e-02 -1.15068855e-01 0.0
-2.22649954e-02 -9.60054999e-02 0.0
-1.31797404e-02 -7.35815317e-02 0.0
-6.01429037e-03 -4.73583814e-02 0.0
-1.50110412e-03 -1.70483517e-02 0.0
-2.71330363e-04 1.49713869e-02 0.0
-1.67370258e-03 4.06414214e-02 0.0
-4.43352785e-03 6.28044780e-02 0.0
-8.19935870e-03 8.21907605e-02 0.0
-1.30257297e-02 9.92702307e-02 0.0
-1.89800597e-02 1.14287784e-01 0.0
-2.60752638e-02 1.27353475e-01 0.0
-3.42591331e-02 1.38515379e-01 0.0
-4.34265478e-02 1.47804976e-01 0.0
-5.34368548e-02 1.55261484e-01 0.0
-6.41303810e-02 1.60942529e-01 0.0
-7.53417134e-02 1.64926582e-01 0.0
-8.69099700e-02 1.67310567e-01 0.0
-9.86858264e-02 1.68204950e-01 0.0
-1.10536095e-01 1.67727773e-01 0.0
-1.22345820e-01 1.65998722e-01 0.0
-1.34018729e-01 1.63133874e-01 0.0
-1.45476100e-01 1.59241573e-01 0.0
-1.56654856e-01 1.54419565e-01 0.0
-1.67504929e-01 1.48753427e-01 0.0
-1.77986576e-01 1.42316101e-01 0.0
-1.88067578e-01 1.35168361e-01 0.0
-1.97720801e-01 1.27359929e-01 0.0
-2.06921936e-01 1.18931051e-01 0.0
-2.15647726e-01 1.09914282e-01 0.0
-2.23874433e-01 1.00336386e-01 0.0
-2.31576750e-01 9.02201753e-02 0.0
-2.38726912e-01 7.95862977e-02 0.0
-2.45294147e-01 6.84548654e-02 0.0
-2.51244283e-01 5.68469996e-02 0.0
-2.56539611e-01 4.47862206e-02 0.0
-2.61138886e-01 3.22997822e-02 0.0
-2.64997533e-01 1.94198898e-02 0.0
-2.68068019e-01 6.18489988e-03 0.0
-2.70300417e-01 -7.35957304e-03 0.0
-2.71643176e-01 -2.11595576e-02 0.0
-2.72044097e-01 -3.51517301e-02 0.0
-2.71451572e-01 -4.92624591e-02 0.0
-2.69816025e-01 -6.34070093e-02 0.0
-2.67091666e-01 -7.74888639e-02 0.0
-2.63238436e-01 -9.13993062e-02 0.0
-2.58224263e-01 -1.05017240e-01 0.0
-2.52027440e-01 -1.18209404e-01 0.0
-2.44639264e-01 -1.30830970e-01 0.0
-2.36066633e-01 -1.42726676e-01 0.0
-2.26334751e-01 -1.53732470e-01 0.0
-2.15489522e-01 -1.63677785e-01 0.0
-2.03599769e-01 -1.72388363e-01 0.0
-1.90758759e-01 -1.79689662e-01 0.0
-1.77085146e-01 -1.85410644e-01 0.0
-1.62722751e-01 -1.89387836e-01 0.0
-1.47839302e-01 -1.91469253e-01 0.0
-1.32623529e-01 -1.91517832e-01 0.0
-1.17280826e-01 -1.89413686e-01 0.0
-1.02026925e-01 -1.85054410e-01 0.0
-8.70799828e-02 -1.78352259e-01 0.0
-7.26508270e-02 -1.69226632e-01 0.0
-5.89325618e-02 -1.57589456e-01 0.0
-4.60912985e-02 -1.43320038e-01 0.0
-3.42645395e-02 -1.26224567e-01 0.0
-2.35816827e-02 -1.05975942e-01 0.0
-1.42394561e-02 -8.20385318e-02 0.0
-6.68572576e-03 -5.36205331e-02 0.0
-1.71782257e-03 -1.98052902e-02 0.0
-2.87849332e-04 1.59897965e-02 0.0
-1.55495794e-03 4.27517337e-02 0.0
-3.93049994e-03 6.58295616e-02 0.0
-7.26470742e-03 8.62657549e-02 0.0
-1.17867177e-02 1.04543669e-01 0.0
-1.76406693e-02 1.20822689e-01 0.0
-2.48474038e-02 1.35120582e-01 0.0
-3.33294336e-02 1.47414255e-01 0.0
-4.29443431e-02 1.57688519e-01 0.0
-5.35128227e-02 1.65956833e-01 0.0
-6.48394598e-02 1.72267458e-01 0.0
-7.67281038e-02 1.76701754e-01 0.0
-8.89925973e-02 1.79368280e-01 0.0
-1.01464163e-01 1.80394804e-01 0.0
-1.13995555e-01 1.79919733e-01 0.0
-1.26462877e-01 1.78083971e-01 0.0
-1.38765154e-01 1.75023982e-01 0.0
-1.50822566e-01 1.70866426e-01 0.0
-1.62573493e-01 1.65724580e-01 0.0
-1.73971217e-01 1.59696401e-01 0.0
-1.84980320e-01 1.52864075e-01 0.0
-1.95573404e-01 1.45294677e-01 0.0
-2.05728016e-01 1.37041658e-01 0.0
-2.15424150e-01 1.28146806e-01 0.0
-2.24642097e-01 1.18642482e-01 0.0
-2.33360853e-01 1.08553871e-01 0.0
-2.41556820e-01 9.79012013e-02 0.0
-2.49202942e-01 8.67017856e-02 0.0
-2.56268039e-01 7.49719409e-02 0.0
-2.62716446e-01 6.27287012e-02 0.0
-2.68507804e-01 4.99914414e-02 0.0
-2.73597079e-01 3.67833469e-02 0.0
-2.77934723e-01 2.31328537e-02 0.0
-2.81467056e-01 9.07499118e-03 0.0
-2.84136823e-01 -5.34726438e-03 0.0
-2.85883985e-01 -2.00817118e-02 0.0
-2.86646764e-01 -3.50656428e-02 0.0
-2.86362942e-01 -5.02246637e-02 0.0
-2.84971491e-01 -6.54715755e-02 0.0
-2.82414479e-01 -8.07054455e-02 0.0
-2.78639357e-01 -9.58108575e-02 0.0
-2.73601506e-01 -1.10657498e-01 0.0
-2.67267174e-01 -1.25100092e-01 0.0
-2.59616562e-01 -1.38978866e-01 0.0
-2.50647216e-01 -1.52120559e-01 0.0
-2.40377352e-01 -1.64340141e-01 0.0
-2.28849246e-01 -1.75443263e-01 0.0
-2.16132193e-01 -1.85229514e-01 0.0
-2.02325118e-01 -1.93496427e-01 0.0
-1.87558247e-01 -2.00044202e-01 0.0
-1.71993878e-01 -2.04680889e-01 0.0
-1.55825607e-01 -2.07227776e-01 0.0
-1.39276081e-01 -2.07524473e-01 0.0
-1.22592629e-01 -2.05433075e-01 0.0
-1.06040922e-01 -2.00840513e-01 0.0
-8.98960082e-02 -1.93657908e-01 0.0
-7.44308347e-02 -1.83815218e-01 0.0
-5.99013993e-02 -1.71248486e-01 0.0
-4.65286643e-02 -1.55874933e-01 0.0
-3.44780126e-02 -1.37547020e-01 0.0
-2.38454475e-02 -1.15968859e-01 0.0
-1.46845257e-02 -9.05487228e-02 0.0
-7.17781322e-03 -6.01707565e-02 0.0
-1.93882940e-03 -2.30000348e-02 0.0
-2.30757016e-04 1.69677894e-02 0.0
-1.07302786e-03 4.43425184e-02 0.0
-2.69300160e-03 6.82343213e-02 0.0
-5.39095406e-03 8.98931954e-02 0.0
-9.58771663e-03 1.09635052e-01 0.0
-1.54382816e-02 1.27435885e-01 0.0
-2.29085818e-02 1.43184494e-01 0.0
-3.18546730e-02 1.56778548e-01 0.0
-4.20742946e-02 1.68158852e-01 0.0
-5.33383292e-02 1.77319119e-01 0.0
-6.54113812e-02 1.84304977e-01 0.0
-7.80657692e-02 1.89207394e-01 0.0
-9.10915313e-02 1.92153032e-01 0.0
-1.04302815e-01 1.93293046e-01 0.0
-1.17541507e-01 1.92791727e-01 0.0
-1.30678026e-01 1.90815980e-01 0.0
-1.43610165e-01 1.87526558e-01 0.0
-1.56260134e-01 1.83071408e-01 0.0
-1.68570797e-01 1.77581374e-01 0.0
-1.80501278e-01 1.71168005e-01 0.0
-1.92022739e-01 1.63923234e-01 0.0
-2.03114319e-01 1.55920387e-01 0.0
-2.13759735e-01 1.47216185e-01 0.0
-2.23944330e-01 1.37853223e-01 0.0
-2.33652834e-01 1.27862737e-01 0.0
-2.42867544e-01 1.17267307e-01 0.0
-2.51567054e-01 1.06083471e-01 0.0
-2.59725266e-01 9.43240815e-02 0.0
-2.67310777e-01 8.20004867e-02 0.0
-2.74286435e-01 6.91244555e-02 0.0
-2.80609147e-01 5.57099947e-02 0.0
-2.86229831e-01 4.17749899e-02 0.0
-2.91093568e-01 2.73428307e-02 0.0
-2.95139927e-01 1.24439434e-02 0.0
-2.98303504e-01 -2.88263544e-03 0.0
-3.00514712e-01 -1.85877366e-02 0.0
-3.01700821e-01 -3.46104958e-02 0.0
-3.01787359e-01 -5.08768642e-02 0.0
-3.00699809e-01 -6.72981468e-02 0.0
-2.98365765e-01 -8.37697059e-02 0.0
-2.94717428e-01 -1.00169836e-01 0.0
-2.89694613e-01 -1.16358969e-01 0.0
-2.83248086e-01 -1.32179269e-01 0.0
-2.75343389e-01 -1.47454792e-01 0.0
-2.65964870e-01 -1.61992300e-01 0.0
-2.55120030e-01 -1.75582911e-01 0.0
-2.42843783e-01 -1.88004661e-01 0.0
-2.29202673e-01 -1.99026101e-01 0.0
-2.14298481e-01 -2.08410936e-01 0.0
-1.98271225e-01 -2.15923659e-01 0.0
-1.81300851e-01 -2.21336022e-01 0.0
-1.63607616e-01 -2.24434005e-01 0.0
-1.45450444e-01 -2.25024807e-01 0.0
-1.27123352e-01 -2.22943159e-01 0.0
-1.08949348e-01 -2.18056023e-01 0.0
-9.12720430e-02 -2.10264511e-01 0.0
-7.44443162e-02 -1.99501420e-01 0.0
-5.88138121e-02 -1.85722139e-01 0.0
-4.47028591e-02 -1.68884894e-01 0.0
-3.23787758e-02 -1.48911731e-01 0.0
-2.20066215e-02 -1.25608816e-01 0.0
-1.35857553e-02 -9.84905143e-02 0.0
-6.94888201e-03 -6.63725221e-02 0.0
-2.02362974e-03 -2.65007872e-02 0.0
2.32368804e-04 1.74257491e-02 0.0
6.17577000e-04 4.48012043e-02 0.0
2.47880933e-04 6.97653340e-02 0.0
-1.80723104e-03 9.31152873e-02 0.0
-5.93446469e-03 1.14737008e-01 0.0
-1.21203533e-02 1.34370445e-01 0.0
-2.01854729e-02 1.51785428e-01 0.0
-2.98826126e-02 1.66820930e-01 0.0
-4.09381195e-02 1.79391694e-01 0.0
-5.30730845e-02 1.89485383e-01 0.0
-6.60167992e-02 1.97155596e-01 0.0
-7.95169911e-02 2.02511480e-01 0.0
-9.33472940e-02 2.05705146e-01 0.0
-1.07312390e-01 2.06917457e-01 0.0
-1.21250276e-01 2.06344048e-01 0.0
-1.35032189e-01 2.04182255e-01 0.0
-1.48560174e-01 2.00620579e-01 0.0
-1.61763258e-01 1.95830619e-01 0.0
-1.74592512e-01 1.89962267e-01 0.0
-1.87015978e-01 1.83141253e-01 0.0
-1.99013597e-01 1.75469266e-01 0.0
-2.10572791e-01 1.67025335e-01 0.0
-2.21684576e-01 1.57868650e-01 0.0
-2.32340535e-01 1.48041528e-01 0.0
-2.42530348e-01 1.37572970e-01 0.0
-2.52240030e-01 1.26481691e-01 0.0
-2.61450552e-01 1.14779348e-01 0.0
-2.70136934e-01 1.02473031e-01 0.0
-2.78267548e-01 8.95678959e-02 0.0
-2.85803710e-01 7.60691025e-02 0.0
-2.92699407e-01 6.19839950e-02 0.0
-2.98901224e-01 4.73237288e-02 0.0
-3.04348403e-01 3.21052474e-02 0.0
-3.08973115e-01 1.63528365e-02 0.0
-3.12700927e-01 1.00098084e-04 0.0
-3.15451526e-01 -1.66084275e-02 0.0
-3.17139767e-01 -3.37152204e-02 0.0
-3.17677047e-01 -5.11480902e-02 0.0
-3.16973138e-01 -6.88181502e-02 0.0
-3.14938437e-01 -8.66182215e-02 0.0
-3.11486793e-01 -1.04421080e-01 0.0
-3.06538808e-01 -1.22078307e-01 0.0
-3.00025794e-01 -1.39419261e-01 0.0
-2.91894166e-01 -1.56250918e-01 0.0
-2.82110444e-01 -1.72358215e-01 0.0
-2.70666499e-01 -1.87505587e-01 0.0
-2.57585140e-01 -2.01439405e-01 0.0
-2.42925509e-01 -2.13891921e-01 0.0
-2.26788261e-01 -2.24586385e-01 0.0
-2.09319829e-01 -2.33243736e-01 0.0
-1.90715645e-01 -2.39590349e-01 0.0
-1.71221532e-01 -2.43366880e-01 0.0
-1.51133187e-01 -2.44337315e-01 0.0
-1.30793051e-01 -2.42297752e-01 0.0
-1.10584850e-01 -2.37083520e-01 0.0
-9.09254887e-02 -2.28573575e-01 0.0
-7.22551881e-02 -2.16690288e-01 0.0
-5.50259688e-02 -2.01392910e-01 0.0
-3.96890245e-02 -1.82661947e-01 0.0
-2.66775979e-02 -1.60470126e-01 0.0
-1.63722731e-02 -1.34727849e-01 0.0
-9.00337691e-03 -1.05161203e-01 0.0
-4.38966386e-03 -7.09523909e-02 0.0
-1.35570301e-03 -2.94188053e-02 0.0
2.53118439e-03 7.50037608e-03 0.0
6.16794383e-03 2.29491944e-02 0.0
6.85224127e-03 3.80979482e-02 0.0
4.59355600e-03 5.24832982e-02 0.0
-3.30049055e-04 6.57980630e-02 0.0
-7.57854297e-03 7.78308196e-02 0.0
-1.68088838e-02 8.84388777e-02 0.0
-2.76840430e-02 9.75358370e-02 0.0
-3.98778548e-02 1.05085186e-01 0.0
-5.30803506e-02 1.11095649e-01 0.0
-6.70040473e-02 1.15616036e-01 0.0
-8.13897848e-02 1.18728633e-01 0.0
-9.60117258e-02 1.20541066e-01 0.0
-1.10680238e-01 1.21177203e-01 0.0
-1.25242763e-01 1.20767977e-01 0.0
-1.39582172e-01 1.19443032e-01 0.0
-1.53613418e-01 1.17323913e-01 0.0
-1.67278612e-01 1.14519191e-01 0.0
-1.80541595e-01 1.11121595e-01 0.0
-1.93382184e-01 1.07206942e-01 0.0
-2.05790962e-01 1.02834512e-01 0.0
-2.17764524e-01 9.80484237e-02 0.0
-2.29301680e-01 9.28796176e-02 0.0
-2.40400279e-01 8.73480914e-02 0.0
-2.51054913e-01 8.14651562e-02 0.0
-2.61255086e-01 7.52355492e-02 0.0
-2.70983979e-01 6.86593316e-02 0.0
-2.80217467e-01 6.17335500e-02 0.0
-2.88923495e-01 5.44536871e-02 0.0
-2.97061562e-01 4.68149410e-02 0.0
-3.04582432e-01 3.88133909e-02 0.0
-3.11427928e-01 3.04470981e-02 0.0
-3.17530914e-01 2.17171960e-02 0.0
-3.22815424e-01 1.26290047e-02 0.0
-3.27197019e-01 3.19320386e-03 0.0
-3.30583413e-01 -6.57291953e-03 0.0
-3.32875412e-01 -1.66441405e-02 0.0
-3.33968290e-01 -2.69858898e-02 0.0
-3.33753593e-01 -3.75527912e-02 0.0
-3.32121558e-01 -4.82871815e-02 0.0
-3.28964086e-01 -5.91176684e-02 0.0
-3.24178487e-01 -6.99578041e-02 0.0
-3.17671861e-01 -8.07049758e-02 0.0
-3.09366326e-01 -9.12396399e-02 0.0
-2.99204830e-01 -1.01425046e-01 0.0
-2.87157704e-01 -1.11107623e-01 0.0
-2.73229483e-01 -1.20118197e-01 0.0
-2.57466049e-01 -1.28274221e-01 0.0
-2.39961355e-01 -1.35383146e-01 0.0
-2.20863621e-01 -1.41247011e-01 0.0
-2.00380029e-01 -1.45668231e-01 0.0
-1.78779694e-01 -1.48456395e-01 0.0
-1.56393883e-01 -1.49435722e-01 0.0
-1.33613419e-01 -1.48452551e-01 0.0
-1.10882571e-01 -1.45382032e-01 0.0
-8.86901035e-02 -1.40132881e-01 0.0
-6.75577798e-02 -1.32648848e-01 0.0
-4.80286169e-02 -1.22905305e-01 0.0
-3.06575040e-02 -1.10899099e-01 0.0
-1.60103368e-02 -9.66294363e-02 0.0
-4.68090557e-03 -8.00665363e-02 0.0
2.66028992e-03 -6.11023145e-02 0.0
5.20691986e-03 -3.94705045e-02 0.0
2.58535038e-03 -1.46069449e-02 0.0
-1.10531129e-04 -2.07630426e-03 0.0
-6.46255953e-04 1.69120912e-03 0.0
-2.23099087e-03 7.09403526e-03 0.0
-5.53415621e-03 1.24997106e-02 0.0
-1.08098910e-02 1.74449952e-02 0.0
-1.79703614e-02 2.17877558e-02 0.0
-2.67976093e-02 2.54874653e-02 0.0
-3.70325423e-02 2.85438374e-02 0.0
-4.84104484e-02 3.09779769e-02 0.0
-6.06769161e-02 3.28259214e-02 0.0
-7.35959983e-02 3.41353253e-02 0.0
-8.69553073e-02 3.49628067e-02 0.0
-1.00568927e-01 3.53706747e-02 0.0
-1.14278983e-01 3.54235164e-02 0.0
-1.27955545e-01 3.51844570e-02 0.0
-1.41495417e-01 3.47121031e-02 0.0
-1.54819610e-01 3.40579005e-02 0.0
-1.67870181e-01 3.32647478e-02 0.0
-1.80606388e-01 3.23661759e-02 0.0
-1.93000853e-01 3.13866866e-02 0.0
-2.05035652e-01 3.03422797e-02 0.0
-2.16698875e-01 2.92417199e-02 0.0
-2.27981443e-01 2.80875320e-02 0.0
-2.38874541e-01 2.68773948e-02 0.0
-2.49367380e-01 2.56049936e-02 0.0
-2.59445485e-01 2.42611401e-02 0.0
-2.69089246e-01 2.28342871e-02 0.0
-2.78272849e-01 2.13113308e-02 0.0
-2.86963363e-01 1.96778590e-02 0.0
-2.95120096e-01 1.79187642e-02 0.0
-3.02694066e-01 1.60183878e-02 0.0
-3.09627673e-01 1.39611037e-02 0.0
-3.15854514e-01 1.17315149e-02 0.0
-3.21299407e-01 9.31514188e-03 0.0
-3.25878630e-01 6.69879286e-03 0.0
-3.29500434e-01 3.87145357e-03 0.0
-3.32065895e-01 8.24914587e-04 0.0
-3.33470136e-01 -2.44507810e-03 0.0
-3.33604064e-01 -5.93789941e-03 0.0
-3.32356588e-01 -9.64662923e-03 0.0
-3.29617534e-01 -1.35568651e-02 0.0
-3.25281175e-01 -1.76451319e-02 0.0
-3.19250600e-01 -2.18775914e-02 0.0
-3.11442760e-01 -2.62085307e-02 0.0
-3.01794402e-01 -3.05793290e-02 0.0
-2.90268570e-01 -3.49175074e-02 0.0
-2.76861806e-01 -3.91365613e-02 0.0
-2.61611497e-01 -4.31362929e-02 0.0
-2.44603327e-01 -4.68043045e-02 0.0
-2.25978032e-01 -5.00184078e-02 0.0
-2.05937191e-01 -5.26504605e-02 0.0
-1.84747031e-01 -5.45712615e-02 0.0
-1.62739926e-01 -5.56566785e-02 0.0
-1.40312573e-01 -5.57942972e-02 0.0
-1.17920833e-01 -5.48902384e-02 0.0
-9.60706997e-02 -5.28749506e-02 0.0
-7.53060985e-02 -4.97070853e-02 0.0
-5.61935436e-02 -4.53739580e-02 0.0
-3.93040171e-02 -3.98877807e-02 0.0
-2.51880378e-02 -3.32778421e-02 0.0
-1.43285776e-02 -2.55854972e-02 0.0
-7.01920830e-03 -1.68961923e-02 0.0
-3.04235645e-03 -7.56659893e-03 0.0
-9.06676177e-04 6.42103937e-04 0.0
-7.11550826e-04 -7.94909077e-04 0.0
-2.94273959e-03 3.63605208e-03 0.0
-6.52205156e-03 1.03132680e-02 0.0
-1.13107639e-02 1.73723956e-02 0.0
-1.74870567e-02 2.40243892e-02 0.0
-2.50690352e-02 2.99508732e-02 0.0
-3.39509365e-02 3.50335708e-02 0.0
-4.39628975e-02 3.92447102e-02 0.0
-5.49108057e-02 4.26030133e-02 0.0
-6.65985301e-02 4.51551824e-02 0.0
-7.88401127e-02 4.69668449e-02 0.0
-9.14660509e-02 4.81166599e-02 0.0
-1.04326618e-01 4.86911440e-02 0.0
-1.17293004e-01 4.87796335e-02 0.0
-1.30257374e-01 4.84694254e-02 0.0
-1.43131766e-01 4.78415601e-02 0.0
-1.55846483e-01 4.69675246e-02 0.0
-1.68347784e-01 4.59071735e-02 0.0
-1.80595421e-01 4.47077799e-02 0.0
-1.92559841e-01 4.34041595e-02 0.0
-2.04219539e-01 4.20195037e-02 0.0
-2.15558358e-01 4.05667421e-02 0.0
-2.26563130e-01 3.90500608e-02 0.0
-2.37221432e-01 3.74664830e-02 0.0
-2.47519733e-01 3.58072655e-02 0.0
-2.57441689e-01 3.40591535e-02 0.0
-2.66966792e-01 3.22053661e-02 0.0
-2.76069148e-01 3.02264421e-02 0.0
-2.84716533e-01 2.81008802e-02 0.0
-2.92869554e-01 2.58057325e-02 0.0
-3.00481029e-01 2.33171011e-02 0.0
-3.07495486e-01 2.06106922e-02 0.0
-3.13848858e-01 1.76623771e-02 0.0
-3.19468343e-01 1.44488950e-02 0.0
-3.24272490e-01 1.09486476e-02 0.0
-3.28171548e-01 7.14269680e-03 0.0
-3.31068101e-01 3.01591844e-03 0.0
-3.32858107e-01 -1.44160333e-03 0.0
-3.33432336e-01 -6.23298958e-03 0.0
-3.32678387e-01 -1.13527398e-02 0.0
-3.30483245e-01 -1.67847292e-02 0.0
-3.26736617e-01 -2.25000388e-02 0.0
-3.21334941e-01 -2.84547252e-02 0.0
-3.14186348e-01 -3.45876243e-02 0.0
-3.05216372e-01 -4.08183714e-02 0.0
-2.94374630e-01 -4.70458456e-02 0.0
-2.81642117e-01 -5.31473143e-02 0.0
-2.67039195e-01 -5.89785938e-02 0.0
-2.50633641e-01 -6.43755569e-02 0.0
-2.32548612e-01 -6.91573172e-02 0.0
-2.12969528e-01 -7.31313230e-02 0.0
-1.92149470e-01 -7.61004719e-02 0.0
-1.70411821e-01 -7.78720864e-02 0.0
-1.48149627e-01 -7.82683113e-02 0.0
-1.25820387e-01 -7.71370887e-02 0.0
-1.03935945e-01 -7.43625696e-02 0.0
-8.30462780e-02 -6.98736397e-02 0.0
-6.37165121e-02 -6.36496400e-02 0.0
-4.64940618e-02 -5.57240020e-02 0.0
-3.18600591e-02 -4.61915402e-02 0.0
-2.01521477e-02 -3.52391193e-02 0.0
-1.14469559e-02 -2.32570911e-02 0.0
-5.44992388e-03 -1.11795553e-02 0.0
-1.53297996e-03 -1.33675735e-03 0.0
-8.08908060e-04 1.18460755e-03 0.0
-3.67032193e-03 7.20820749e-03 0.0
-8.42384680e-03 1.50739778e-02 0.0
-1.43993184e-02 2.33759097e-02 0.0
-2.15048293e-02 3.13027298e-02 0.0
-2.96927609e-02 3.84425050e-02 0.0
-3.88782181e-02 4.46093704e-02 0.0
-4.89384893e-02 4.97412269e-02 0.0
-5.97299852e-02 5.38459952e-02 0.0
-7.11038758e-02 5.69739206e-02 0.0
-8.29164095e-02 5.92023379e-02 0.0
-9.50351254e-02 6.06259459e-02 0.0
-1.07341838e-01 6.13492719e-02 0.0
-1.19733937e-01 6.14801342e-02 0.0
-1.32124279e-01 6.11237903e-02 0.0
-1.44440556e-01 6.03780252e-02 0.0
-1.56623976e-01 5.93293662e-02 0.0
-1.68627831e-01 5.80506643e-02 0.0
-1.80415662e-01 5.65999413e-02 0.0
-1.91959476e-01 5.50204241e-02 0.0
-2.03237734e-01 5.33413936e-02 0.0
-2.14233503e-01 5.15796433e-02 0.0
-2.24932517e-01 4.97411554e-02 0.0
-2.35321486e-01 4.78228740e-02 0.0
-2.45386400e-01 4.58143092e-02 0.0
-2.55111111e-01 4.36989999e-02 0.0
-2.64475955e-01 4.14556926e-02 0.0
-2.73456623e-01 3.90593697e-02 0.0
-2.82023104e-01 3.64820508e-02 0.0
-2.90138829e-01 3.36935419e-02 0.0
-2.97759903e-01 3.06620763e-02 0.0
-3.04834517e-01 2.73550246e-02 0.0
-3.11302476e-01 2.37396129e-02 0.0
-3.17094915e-01 1.97838193e-02 0.0
-3.22134188e-01 1.54573786e-02 0.0
-3.26333981e-01 1.07330519e-02 0.0
-3.29599719e-01 5.58808605e-03 0.0
-3.31829258e-01 6.00373924e-06 0.0
-3.32914035e-01 -6.02136433e-03 0.0
-3.32740636e-01 -1.24914900e-02 0.0
-3.31193016e-01 -1.93885202e-02 0.0
-3.28155327e-01 -2.66803507e-02 0.0
-3.23515623e-01 -3.43155842e-02 0.0
-3.17170366e-01 -4.22204110e-02 0.0
-3.09030023e-01 -5.02957057e-02 0.0
-2.99025557e-01 -5.84145274e-02 0.0
-2.87116051e-01 -6.64204667e-02 0.0
-2.73297045e-01 -7.41271926e-02 0.0
-2.57609621e-01 -8.13197664e-02 0.0
-2.40149449e-01 -8.77581483e-02 0.0
-2.21075465e-01 -9.31834068e-02 0.0
-2.00616927e-01 -9.73268403e-02 0.0
-1.79078088e-01 -9.99220716e-02 0.0
-1.56838824e-01 -1.00719659e-01 0.0
-1.34350255e-01 -9.95034345e-02 0.0
-1.12123537e-01 -9.61072788e-02 0.0
-9.07109182e-02 -9.04311219e-02 0.0
-7.06771413e-02 -8.24556168e-02 0.0
-5.25600105e-02 -7.22575329e-02 0.0
-3.68183269e-02 -6.00336335e-02 0.0
-2.37708293e-02 -4.61523839e-02 0.0
-1.35491351e-02 -3.12706729e-02 0.0
-6.15185971e-03 -1.65602523e-02 0.0
-1.57755775e-03 -3.98626107e-03 0.0
-7.90818776e-04 3.24323983e-03 0.0
-3.85530496e-03 1.15343917e-02 0.0
-9.20887750e-03 2.08549195e-02 0.0
-1.59654780e-02 3.03270796e-02 0.0
-2.38144888e-02 3.93061324e-02 0.0
-3.25882178e-02 4.74008246e-02 0.0
-4.21602113e-02 5.44085741e-02 0.0
-5.24092902e-02 6.02514563e-02 0.0
-6.32132230e-02 6.49312884e-02 0.0
-7.44517126e-02 6.85011116e-02 0.0
-8.60110095e-02 7.10470917e-02 0.0
-9.77871046e-02 7.26761269e-02 0.0
-1.09687608e-01 7.35064404e-02 0.0
-1.21632182e-01 7.36597802e-02 0.0
-1.33552388e-01 7.32548445e-02 0.0
-1.45390860e-01 7.24018801e-02 0.0
-1.57100415e-01 7.11986545e-02 0.0
-1.68642822e-01 6.97278134e-02 0.0
-1.79987663e-01 6.80556463e-02 0.0
-1.91110937e-01 6.62319971e-02 0.0
-2.01993784e-01 6.42911226e-02 0.0
-2.12621007e-01 6.22531076e-02 0.0
-2.22979727e-01 6.01256340e-02 0.0
-2.33057929e-01 5.79057784e-02 0.0
-2.42843160e-01 5.55817681e-02 0.0
-2.52321192e-01 5.31345050e-02 0.0
-2.61474856e-01 5.05389202e-02 0.0
-2.70282889e-01 4.77650706e-02 0.0
-2.78718945e-01 4.47791174e-02 0.0
-2.86750652e-01 4.15441397e-02 0.0
-2.94338819e-01 3.80209530e-02 0.0
-3.01436711e-01 3.41688886e-02 0.0
-3.07989474e-01 2.99467060e-02 0.0
-3.13933663e-01 2.53135883e-02 0.0
-3.19196933e-01 2.02303859e-02 0.0
-3.23697914e-01 1.46610513e-02 0.0
-3.27346283e-01 8.57442307e-03 0.0
-3.30043143e-01 1.94629369e-03 0.0
-3.31681701e-01 -5.23809413e-03 0.0
-3.32148429e-01 -1.29812098e-02 0.0
-3.31324687e-01 -2.12699448e-02 0.0
-3.29089080e-01 -3.00720093e-02 0.0
-3.25320519e-01 -3.93319829e-02 0.0
-3.19902320e-01 -4.89672665e-02 0.0
-3.12727269e-01 -5.88640480e-02 0.0
-3.03704020e-01 -6.88737099e-02 0.0
-2.92764614e-01 -7.88100126e-02 0.0
-2.79873383e-01 -8.84477079e-02 0.0
-2.65036739e-01 -9.75231513e-02 0.0
-2.48313790e-01 -1.05737725e-01 0.0
-2.29826761e-01 -1.12764691e-01 0.0
-2.09770601e-01 -1.18260111e-01 0.0
-1.88420073e-01 -1.21878036e-01 0.0
-1.66133087e-01 -1.23289821e-01 0.0
-1.43348068e-01 -1.22206746e-01 0.0
-1.20573940e-01 -1.18404709e-01 0.0
-9.83707104e-02 -1.11749446e-01 0.0
-7.73202266e-02 -1.02221470e-01 0.0
-5.79871570e-02 -8.99418077e-02 0.0
-4.08745653e-02 -7.52035722e-02 0.0
-2.63853325e-02 -5.85191251e-02 0.0
-1.48185267e-02 -4.06923920e-02 0.0
-6.45478961e-03 -2.28995175e-02 0.0
-1.55612848e-03 -6.65874977e-03 0.0
-7.53004217e-04 5.24589025e-03 0.0
-3.85592871e-03 1.61579910e-02 0.0
-9.48799551e-03 2.72169873e-02 0.0
-1.67118058e-02 3.79454618e-02 0.0
-2.50885484e-02 4.79135534e-02 0.0
-3.43436730e-02 5.68223184e-02 0.0
-4.42878790e-02 6.45033514e-02 0.0
-5.47738182e-02 7.08917796e-02 0.0
-6.56764545e-02 7.59976268e-02 0.0
-7.68859062e-02 7.98828176e-02 0.0
-8.83050956e-02 8.26439846e-02 0.0
-9.98491682e-02 8.43995243e-02 0.0
-1.11444835e-01 8.52793451e-02 0.0
-1.23029719e-01 8.54164742e-02 0.0
-1.34551288e-01 8.49400757e-02 0.0
-1.45965914e-01 8.39699053e-02 0.0
-1.57237731e-01 8.26121677e-02 0.0
-1.68337732e-01 8.09568825e-02 0.0
-1.79242710e-01 7.90765760e-02 0.0
-1.89934381e-01 7.70262006e-02 0.0
-2.00398325e-01 7.48439047e-02 0.0
-2.10623041e-01 7.25524642e-02 0.0
-2.20598818e-01 7.01609807e-02 0.0
-2.30316710e-01 6.76667364e-02 0.0
-2.39767374e-01 6.50569201e-02 0.0
-2.48940023e-01 6.23102529e-02 0.0
-2.57821310e-01 5.93983460e-02 0.0
-2.66394334e-01 5.62869266e-02 0.0
-2.74637624e-01 5.29368359e-02 0.0
-2.82524252e-01 4.93049856e-02 0.0
-2.90020949e-01 4.53452020e-02 0.0
-2.97087344e-01 4.10091597e-02 0.0
-3.03675248e-01 3.62473330e-02 0.0
-3.09728035e-01 3.10101695e-02 0.0
-3.15180136e-01 2.52494073e-02 0.0
-3.19956636e-01 1.89197405e-02 0.0
-3.23973056e-01 1.19807509e-02 0.0
-3.27135311e-01 4.39930608e-03 0.0
-3.29339972e-01 -3.84766488e-03 0.0
-3.30474830e-01 -1.27698343e-02 0.0
-3.30419984e-01 -2.23596933e-02 0.0
-3.29049448e-01 -3.25881933e-02 0.0
-3.26233599e-01 -4.34000023e-02 0.0
-3.21842478e-01 -5.47083678e-02 0.0
-3.15750344e-01 -6.63899368e-02 0.0
-3.07841474e-01 -7.82797528e-02 0.0
-2.98017618e-01 -9.01670499e-02 0.0
-2.86206951e-01 -1.01792395e-01 0.0
-2.72374761e-01 -1.12847133e-01 0.0
-2.56535293e-01 -1.22976003e-01 0.0
-2.38764508e-01 -1.31784077e-01 0.0
-2.19212395e-01 -1.38848856e-01 0.0
-1.98113772e-01 -1.43738310e-01 0.0
-1.75795280e-01 -1.46034903e-01 0.0
-1.52676753e-01 -1.45365097e-01 0.0
-1.29264309e-01 -1.41432828e-01 0.0
-1.06133828e-01 -1.34054945e-01 0.0
-8.39038386e-02 -1.23196362e-01 0.0
-6.32001861e-02 -1.09003566e-01 0.0
-4.46180477e-02 -9.18364832e-02 0.0
-2.86943478e-02 -7.22990965e-02 0.0
-1.59106791e-02 -5.12628562e-02 0.0
-6.74988608e-03 -2.98535552e-02 0.0
-1.56918509e-03 -9.32273653e-03 0.0
-7.17937676e-04 7.17563821e-03 0.0
-3.80052539e-03 2.08725719e-02 0.0
-9.54791127e-03 3.38818869e-02 0.0
-1.70366567e-02 4.59931563e-02 0.0
-2.57658953e-02 5.69718897e-02 0.0
-3.53850256e-02 6.66382969e-02 0.0
-4.56449535e-02 7.48915779e-02 0.0
-5.63614047e-02 8.17060246e-02 0.0
-6.73922472e-02 8.71169524e-02 0.0
-7.86243295e-02 9.12051274e-02 0.0
-8.99661904e-02 9.40828368e-02 0.0
-1.01343413e-01 9.58820879e-02 0.0
-1.12695582e-01 9.67447478e-02 0.0
-1.23973723e-01 9.68142357e-02 0.0
-1.35138394e-01 9.62287018e-02 0.0
-1.46157922e-01 9.51155887e-02 0.0
-1.57007155e-01 9.35876993e-02 0.0
-1.67666278e-01 9.17406460e-02 0.0
-1.78119991e-01 8.96516820e-02 0.0
-1.88356636e-01 8.73795963e-02 0.0
-1.98367525e-01 8.49655335e-02 0.0
-2.08146105e-01 8.24343285e-02 0.0
-2.17687235e-01 7.97962271e-02 0.0
-2.26986284e-01 7.70486388e-02 0.0
-2.36038300e-01 7.41779101e-02 0.0
-2.44837048e-01 7.11608763e-02 0.0
-2.53374123e-01 6.79663043e-02 0.0
-2.61637982e-01 6.45560733e-02 0.0
-2.69613061e-01 6.08862830e-02 0.0
-2.77278850e-01 5.69081818e-02 0.0
-2.84609054e-01 5.25691349e-02 0.0
-2.91570740e-01 4.78135378e-02 0.0
-2.98123557e-01 4.25839038e-02 0.0
-3.04218973e-01 3.68220316e-02 0.0
-3.09799582e-01 3.04704836e-02 0.0
-3.14798474e-01 2.34742826e-02 0.0
-3.19138682e-01 1.57830615e-02 0.0
-3.22732785e-01 7.35357601e-03 0.0
-3.25482654e-01 -1.84718533e-03 0.0
-3.27279505e-01 -1.18383890e-02 0.0
-3.28004248e-01 -2.26210294e-02 0.0
-3.27528413e-01 -3.41730199e-02 0.0
-3.25715669e-01 -4.64435650e-02 0.0
-3.22424338e-01 -5.93470598e-02 0.0
-3.17510966e-01 -7.27565588e-02 0.0
-3.10835477e-01 -8.64973050e-02 0.0
-3.02267951e-01 -1.00340701e-01 0.0
-2.91697575e-01 -1.13999616e-01 0.0
-2.79043605e-01 -1.27125908e-01 0.0
-2.64268617e-01 -1.39311528e-01 0.0
-2.47393284e-01 -1.50094523e-01 0.0
-2.28512184e-01 -1.58971484e-01 0.0
-2.07808779e-01 -1.65417578e-01 0.0
-1.85567874e-01 -1.68914911e-01 0.0
-1.62182528e-01 -1.68988852e-01 0.0
-1.38153059e-01 -1.65250883e-01 0.0
-1.14075398e-01 -1.57444940e-01 0.0
-9.06183624e-02 -1.45493310e-01 0.0
-6.84912099e-02 -1.29537352e-01 0.0
-4.84076811e-02 -1.09968304e-01 0.0
-3.10562999e-02 -8.74423079e-02 0.0
-1.70902386e-02 -6.28693359e-02 0.0
-7.14356482e-03 -3.73545149e-02 0.0
-1.62705478e-03 -1.20575381e-02 0.0
-6.90137636e-04 9.04253980e-03 0.0
-3.73746694e-03 2.55944250e-02 0.0
-9.52529052e-03 4.06952702e-02 0.0
-1.71625622e-02 5.43058284e-02 0.0
-2.61230471e-02 6.63489894e-02 0.0
-3.60072201e-02 7.67645600e-02 0.0
-4.65173280e-02 8.55354200e-02 0.0
-5.74319868e-02 9.26933727e-02 0.0
-6.85856208e-02 9.83141707e-02 0.0
-7.98537823e-02 1.02508253e-01 0.0
-9.11426240e-02 1.05410523e-01 0.0
-1.02381563e-01 1.07170683e-01 0.0
-1.13517659e-01 1.07944546e-01 0.0
-1.24511516e-01 1.07886573e-01 0.0
-1.35333947e-01 1.07143611e-01 0.0
-1.45963605e-01 1.05850019e-01 0.0
-1.56385039e-01 1.04124098e-01 0.0
-1.66587426e-01 1.02065927e-01 0.0
-1.76563487e-01 9.97563506e-02 0.0
-1.86308796e-01 9.72570652e-02 0.0
-1.95821071e-01 9.46114158e-02 0.0
-2.05099645e-01 9.18457947e-02 0.0
-2.14144804e-01 8.89712500e-02 0.0
-2.22957201e-01 8.59852660e-02 0.0
-2.31537104e-01 8.28734118e-02 0.0
-2.39883708e-01 7.96109391e-02 0.0
-2.47994296e-01 7.61641212e-02 0.0
-2.55863472e-01 7.24915095e-02 0.0
-2.63482285e-01 6.85449596e-02 0.0
-2.70837422e-01 6.42706544e-02 0.0
-2.77910331e-01 5.96100002e-02 0.0
-2.84676391e-01 5.45006447e-02 0.0
-2.91104048e-01 4.88774962e-02 0.0
-2.97153970e-01 4.26740028e-02 0.0
-3.02778197e-01 3.58235734e-02 0.0
-3.07919297e-01 2.82614074e-02 0.0
-3.12509556e-01 1.99266242e-02 0.0
-3.16470189e-01 1.07649686e-02 0.0
-3.19710676e-01 7.31994305e-04 0.0
-3.22128186e-01 -1.02029951e-02 0.0
-3.23607309e-01 -2.20523483e-02 0.0
-3.24020078e-01 -3.48045617e-02 0.0
-3.23226627e-01 -4.84180179e-02 0.0
-3.21076543e-01 -6.28138282e-02 0.0
-3.17411424e-01 -7.78680922e-02 0.0
-3.12068802e-01 -9.34037005e-02 0.0
-3.04888097e-01 -1.09182359e-01 0.0
-2.95718795e-01 -1.24897468e-01 0.0
-2.84431516e-01 -1.40169142e-01 0.0
-2.70931920e-01 -1.54542725e-01 0.0
-2.55177647e-01 -1.67492785e-01 0.0
-2.37197372e-01 -1.78434461e-01 0.0
-2.17110974e-01 -1.86744276e-01 0.0
-1.95148291e-01 -1.91791683e-01 0.0
-1.71663838e-01 -1.92981769e-01 0.0
-1.47143581e-01 -1.89807593e-01 0.0
-1.22200828e-01 -1.81908555e-01 0.0
-9.75587478e-02 -1.69128732e-01 0.0
-7.40204588e-02 -1.51567302e-01 0.0
-5.24304200e-02 -1.29611863e-01 0.0
-3.36354274e-02 -1.03945074e-01 0.0
-1.84537785e-02 -7.55142426e-02 0.0
-7.65716104e-03 -4.54528721e-02 0.0
-1.72412438e-03 -1.49471776e-02 0.0
-6.70254308e-04 1.08618116e-02 0.0
-3.68658612e-03 3.02977043e-02 0.0
-9.48848611e-03 4.75817415e-02 0.0
-1.72158683e-02 6.27840480e-02 0.0
-2.63337577e-02 7.59491922e-02 0.0
-3.64112781e-02 8.71261086e-02 0.0
-4.71133488e-02 9.63861187e-02 0.0
-5.81853565e-02 1.03829419e-01 0.0
-6.94373119e-02 1.09583803e-01 0.0
-8.07296123e-02 1.13799181e-01 0.0
-9.19615124e-02 1.16640445e-01 0.0
-1.03061688e-01 1.18279992e-01 0.0
-1.13980958e-01 1.18890728e-01 0.0
-1.24686394e-01 1.18639818e-01 0.0
-1.35156955e-01 1.17683502e-01 0.0
-1.45380028e-01 1.16163010e-01 0.0
-1.55349065e-01 1.14201735e-01 0.0
-1.65061745e-01 1.11903522e-01 0.0
-1.74518855e-01 1.09352098e-01 0.0
-1.83723364e-01 1.06611315e-01 0.0
-1.92679884e-01 1.03726146e-01 0.0
-2.01394096e-01 1.00724042e-01 0.0
-2.09872347e-01 9.76166092e-02 0.0
-2.18121101e-01 9.44012582e-02 0.0
-2.26146462e-01 9.10628893e-02 0.0
-2.33953535e-01 8.75753475e-02 0.0
-2.41545832e-01 8.39028106e-02 0.0
-2.48924538e-01 8.00009165e-02 0.0
-2.56087815e-01 7.58178596e-02 0.0
-2.63030000e-01 7.12952962e-02 0.0
-2.69740834e-01 6.63693221e-02 0.0
-2.76204603e-01 6.09713735e-02 0.0
-2.82399285e-01 5.50293278e-02 0.0
-2.88295633e-01 4.84686622e-02 0.0
-2.93856225e-01 4.12139544e-02 0.0
-2.99034475e-01 3.31905944e-02 0.0
-3.03773569e-01 2.43270080e-02 0.0
-3.08005412e-01 1.45572767e-02 0.0
-3.11649501e-01 3.82447426e-03 0.0
-3.14611883e-01 -7.91537423e-03 0.0
-3.16784141e-01 -2.06883838e-02 0.0
-3.18042654e-01 -3.44970427e-02 0.0
-3.18248150e-01 -4.93132953e-02 0.0
-3.17245957e-01 -6.50706370e-02 0.0
-3.14867096e-01 -8.16550789e-02 0.0
-3.10930870e-01 -9.88953824e-02 0.0
-3.05249266e-01 -1.16552813e-01 0.0
-2.97634057e-01 -1.34311359e-01 0.0
-2.87907009e-01 -1.51769419e-01 0.0
-2.75914073e-01 -1.68434830e-01 0.0
-2.61543590e-01 -1.83725292e-01 0.0
-2.44748666e-01 -1.96977016e-01 0.0
-2.25572373e-01 -2.07464286e-01 0.0
-2.04174070e-01 -2.14432542e-01 0.0
-1.80853164e-01 -2.17146160e-01 0.0
-1.56066327e-01 -2.14950198e-01 0.0
-1.30432945e-01 -2.07341996e-01 0.0
-1.04725194e-01 -1.94045043e-01 0.0
-7.98405425e-02 -1.75073863e-01 0.0
-5.67591601e-02 -1.50776664e-01 0.0
-3.64919020e-02 -1.21842476e-01 0.0
-2.00278850e-02 -8.92624691e-02 0.0
-8.28801279e-03 -5.42411088e-02 0.0
-1.85433850e-03 -1.80640114e-02 0.0
-6.58230145e-04 1.26492523e-02 0.0
-3.65749193e-03 3.49848246e-02 0.0
-9.47472099e-03 5.45137761e-02 0.0
-1.72720698e-02 7.13767813e-02 0.0
-2.65100877e-02 8.57124128e-02 0.0
-3.67358343e-02 9.76662123e-02 0.0
-4.75848432e-02 1.07397161e-01 0.0
-5.87740940e-02 1.15079712e-01 0.0
-7.00905220e-02 1.20901979e-01 0.0
-8.13786963e-02 1.25061575e-01 0.0
-9.25289078e-02 1.27760267e-01 0.0
-1.03466864e-01 1.29198416e-01 0.0
-1.14144808e-01 1.29569642e-01 0.0
-1.24534488e-01 1.29056152e-01 0.0
-1.34621447e-01 1.27824827e-01 0.0
-1.44400859e-01 1.26024319e-01 0.0
-1.53874323e-01 1.23783082e-01 0.0
-1.63047759e-01 1.21208454e-01 0.0
-1.71929839e-01 1.18386526e-01 0.0
-1.80531088e-01 1.15382820e-01 0.0
-1.88863149e-01 1.12243403e-01 0.0
-1.96938394e-01 1.08996430e-01 0.0
-2.04769482e-01 1.05653752e-01 0.0
-2.12369052e-01 1.02212636e-01 0.0
-2.19749280e-01 9.86573010e-02 0.0
-2.26921488e-01 9.49604214e-02 0.0
-2.33895598e-01 9.10843521e-02 0.0
-2.40679617e-01 8.69823108e-02 0.0
-2.47278983e-01 8.25993194e-02 0.0
-2.53695920e-01 7.78731746e-02 0.0
-2.59928698e-01 7.27352717e-02 0.0
-2.65970859e-01 6.71115702e-02 0.0
-2.71810362e-01 6.09235324e-02 0.0
-2.77428673e-01 5.40893336e-02 0.0
-2.82799766e-01 4.65251847e-02 0.0
-2.87889021e-01 3.81470819e-02 0.0
-2.92652033e-01 2.88728400e-02 0.0
-2.97033284e-01 1.86247499e-02 0.0
-3.00964734e-01 7.33274753e-03 0.0
-3.04364256e-01 -5.06153850e-03 0.0
-3.07134082e-01 -1.85999358e-02 0.0
-3.09159174e-01 -3.33016886e-02 0.0
-3.10305840e-01 -4.91562952e-02 0.0
-3.10420606e-01 -6.61148769e-02 0.0
-3.09329892e-01 -8.40802329e-02 0.0
-3.06840726e-01 -1.02895445e-01 0.0
-3.02743378e-01 -1.22331533e-01 0.0
-2.96816468e-01 -1.42074595e-01 0.0
-2.88835777e-01 -1.61713767e-01 0.0
-2.78587474e-01 -1.80731575e-01 0.0
-2.65886955e-01 -1.98499410e-01 0.0
-2.50603405e-01 -2.14281241e-01 0.0
-2.32690044e-01 -2.27249593e-01 0.0
-2.12217999e-01 -2.36517470e-01 0.0
-1.89410790e-01 -2.41189240e-01 0.0
-1.64673852e-01 -2.40430798e-01 0.0
-1.38612937e-01 -2.33555606e-01 0.0
-1.12034326e-01 -2.20117718e-01 0.0
-8.59224256e-02 -1.99997673e-01 0.0
-6.13935007e-02 -1.73463104e-01 0.0
-3.96307151e-02 -1.41186032e-01 0.0
-2.18097779e-02 -1.04203831e-01 0.0
-9.02764935e-03 -6.38217212e-02 0.0
-2.01318146e-03 -2.14698250e-02 0.0
-6.54311314e-04 1.44208443e-02 0.0
-3.65631796e-03 3.96735610e-02 0.0
-9.50759004e-03 6.14935667e-02 0.0
-1.73806395e-02 8.00674242e-02 0.0
-2.67290212e-02 9.56082156e-02 0.0
-3.70803583e-02 1.08347549e-01 0.0
-4.80452953e-02 1.18529837e-01 0.0
-5.93160533e-02 1.26407120e-01 0.0
-7.06589467e-02 1.32233977e-01 0.0
-8.19035905e-02 1.36262489e-01 0.0
-9.29314464e-02 1.38737524e-01 0.0
-1.03664645e-01 1.39892424e-01 0.0
-1.14056245e-01 1.39945299e-01 0.0
-1.24081864e-01 1.39095922e-01 0.0
-1.33733118e-01 1.37523408e-01 0.0
-1.43012428e-01 1.35384603e-01 0.0
-1.51929332e-01 1.32813318e-01 0.0
-1.60497753e-01 1.29920234e-01 0.0
-1.68734291e-01 1.26793530e-01 0.0
-1.76656987e-01 1.23499932e-01 0.0
-1.84284683e-01 1.20086224e-01 0.0
-1.91636492e-01 1.16580846e-01 0.0
-1.98731557e-01 1.12995677e-01 0.0
-2.05588731e-01 1.09327647e-01 0.0
-2.12226370e-01 1.05560353e-01 0.0
-2.18661985e-01 1.01665392e-01 0.0
-2.24911933e-01 9.76036431e-02 0.0
-2.30990958e-01 9.33262694e-02 0.0
-2.36911741e-01 8.87757167e-02 0.0
-2.42684319e-01 8.38865032e-02 0.0
-2.48315488e-01 7.85861009e-02 0.0
-2.53808086e-01 7.27957109e-02 0.0
-2.59160226e-01 6.64312459e-02 0.0
-2.64364411e-01 5.94043283e-02 0.0
-2.69406547e-01 5.16236300e-02 0.0
-2.74264823e-01 4.29963762e-02 0.0
-2.78908418e-01 3.34303607e-02 0.0
-2.83296056e-01 2.28363252e-02 0.0
-2.87374316e-01 1.11310847e-02 0.0
-2.91075767e-01 -1.75870238e-03 0.0
-2.94316827e-01 -1.58916906e-02 0.0
-2.96995502e-01 -3.13059742e-02 0.0
-2.98988940e-01 -4.80117187e-02 0.0
-3.00151134e-01 -6.59823108e-02 0.0
-3.00310870e-01 -8.51435996e-02 0.0
-2.99270588e-01 -1.05361356e-01 0.0
-2.96806584e-01 -1.26426808e-01 0.0
-2.92671763e-01 -1.48040892e-01 0.0
-2.86601846e-01 -1.69797927e-01 0.0
-2.78326788e-01 -1.91170631e-01 0.0
-2.67588574e-01 -2.11498950e-01 0.0
-2.54166975e-01 -2.29986721e-01 0.0
-2.37913432e-01 -2.45710898e-01 0.0
-2.18792495e-01 -2.57649035e-01 0.0
-1.96927394e-01 -2.64729881e-01 0.0
-1.72644401e-01 -2.65909995e-01 0.0
-1.46507277e-01 -2.60274365e-01 0.0
-1.19332439e-01 -2.47152332e-01 0.0
-9.21755489e-02 -2.26231786e-01 0.0
-6.62852620e-02 -1.97648148e-01 0.0
-4.30263680e-02 -1.62022623e-01 0.0
-2.37840393e-02 -1.20430470e-01 0.0
-9.86676452e-03 -7.42944602e-02 0.0
-2.19765053e-03 -2.52188926e-02 0.0
-6.59043298e-04 1.61933526e-02 0.0
-3.68866696e-03 4.43918475e-02 0.0
-9.60547232e-03 6.85433821e-02 0.0
-1.75791194e-02 8.88643403e-02 0.0
-2.70490524e-02 1.05629658e-01 0.0
-3.75216837e-02 1.19150129e-01 0.0
-4.85837748e-02 1.29754348e-01 0.0
-5.99052225e-02 1.37774888e-01 0.0
-7.12340256e-02 1.43537988e-01 0.0
-8.23869617e-02 1.47356150e-01 0.0
-9.32380465e-02 1.49522904e-01 0.0
-1.03706964e-01 1.50309270e-01 0.0
-1.13748181e-01 1.49961387e-01 0.0
-1.23341730e-01 1.48699127e-01 0.0
-1.32485523e-01 1.46715384e-01 0.0
-1.41189530e-01 1.44176085e-01 0.0
-1.49471315e-01 1.41220672e-01 0.0
-1.57353014e-01 1.37963156e-01 0.0
-1.64859182e-01 1.34493473e-01 0.0
-1.72015536e-01 1.30879207e-01 0.0
-1.78848098e-01 1.27167379e-01 0.0
-1.85382805e-01 1.23386386e-01 0.0
-1.91645200e-01 1.19547779e-01 0.0
-1.97660325e-01 1.15648031e-01 0.0
-2.03452540e-01 1.11670013e-01 0.0
-2.09045405e-01 1.07584407e-01 0.0
-2.14461440e-01 1.03350808e-01 0.0
-2.19721887e-01 9.89187771e-02 0.0
-2.24846344e-01 9.42286512e-02 0.0
-2.29852378e-01 8.92123852e-02 0.0
-2.34755011e-01 8.37942259e-02 0.0
-2.39566157e-01 7.78915359e-02 0.0
-2.44293936e-01 7.14155450e-02 0.0
-2.48941885e-01 6.42723701e-02 0.0
-2.53508042e-01 5.63640861e-02 0.0
-2.57983845e-01 4.75902025e-02 0.0
-2.62352866e-01 3.78493532e-02 0.0
-2.66589278e-01 2.70415831e-02 0.0
-2.70656075e-01 1.50710816e-02 0.0
-2.74502925e-01 1.84979617e-03 0.0
-2.78063712e-01 -1.26981512e-02 0.0
-2.81253625e-01 -2.86307391e-02 0.0
-2.83965959e-01 -4.59809988e-02 0.0
-2.86068556e-01 -6.47480623e-02 0.0
-2.87400271e-01 -8.48862251e-02 0.0
-2.87767647e-01 -1.06291470e-01 0.0
-2.86942678e-01 -1.28785505e-01 0.0
-2.84662366e-01 -1.52097174e-01 0.0
-2.80631745e-01 -1.75842035e-01 0.0
-2.74531884e-01 -1.99501301e-01 0.0
-2.66035314e-01 -2.22402931e-01 0.0
-2.54830745e-01 -2.43708782e-01 0.0
-2.40659114e-01 -2.62413893e-01 0.0
-2.23360939e-01 -2.77365044e-01 0.0
-2.02933246e-01 -2.87306565e-01 0.0
-1.79590049e-01 -2.90959410e-01 0.0
-1.53817025e-01 -2.87135014e-01 0.0
-1.26406890e-01 -2.74876582e-01 0.0
-9.84619367e-02 -2.53609315e-01 0.0
-7.13531553e-02 -2.23269633e-01 0.0
-4.66352896e-02 -1.84377852e-01 0.0
-2.59292472e-02 -1.38023578e-01 0.0
-1.07965728e-02 -8.57512766e-02 0.0
-2.40560534e-03 -2.93603472e-02 0.0
-6.73574469e-04 1.79852328e-02 0.0
-3.76098823e-03 4.91762759e-02 0.0
-9.78632705e-03 7.57011224e-02 0.0
-1.79012886e-02 9.77952419e-02 0.0
-2.75210383e-02 1.15788483e-01 0.0
-3.81252776e-02 1.30068227e-01 0.0
-4.92754652e-02 1.41048591e-01 0.0
-6.06200252e-02 1.49146723e-01 0.0
-7.18910042e-02 1.54766015e-01 0.0
-8.28949535e-02 1.58285097e-01 0.0
-9.35012159e-02 1.60051402e-01 0.0
-1.03629307e-01 1.60377886e-01 0.0
-1.13237181e-01 1.59541975e-01 0.0
-1.22310788e-01 1.57785816e-01 0.0
-1.30855655e-01 1.55317483e-01 0.0
-1.38890144e-01 1.52312618e-01 0.0
-1.46440595e-01 1.48916518e-01 0.0
-1.53537755e-01 1.45246318e-01 0.0
-1.60214511e-01 1.41393391e-01 0.0
-1.66504363e-01 1.37425656e-01 0.0
-1.72440639e-01 1.33389935e-01 0.0
-1.78056003e-01 1.29314074e-01 0.0
-1.83382329e-01 1.25208990e-01 0.0
-1.88450594e-01 1.21070392e-01 0.0
-1.93290922e-01 1.16880380e-01 0.0
-1.97932528e-01 1.12608701e-01 0.0
-2.02403712e-01 1.08213925e-01 0.0
-2.06731711e-01 1.03644300e-01 0.0
-2.10942554e-01 9.88386251e-02 0.0
-2.15060782e-01 9.37268713e-02 0.0
-2.19109126e-01 8.82309155e-02 0.0
-2.23108058e-01 8.22651243e-02 0.0
-2.27075265e-01 7.57371422e-02 0.0
-2.31024981e-01 6.85486386e-02 0.0
-2.34967178e-01 6.05963703e-02 0.0
-2.38906585e-01 5.17733261e-02 0.0
-2.42841471e-01 4.19703329e-02 0.0
-2.46762180e-01 3.10779186e-02 0.0
-2.50649298e-01 1.89888527e-02 0.0
-2.54471455e-01 5.60122134e-03 0.0
-2.58182589e-01 -9.17746940e-03 0.0
-2.61718718e-01 -2.54251982e-02 0.0
-2.64994015e-01 -4.31987314e-02 0.0
-2.67896369e-01 -6.25252052e-02 0.0
-2.70282328e-01 -8.33912419e-02 0.0
-2.71971894e-01 -1.05729349e-01 0.0
-2.72743487e-01 -1.29400845e-01 0.0
-2.72330242e-01 -1.54175242e-01 0.0
-2.70418790e-01 -1.79705897e-01 0.0
-2.66652907e-01 -2.05503046e-01 0.0
-2.60644413e-01 -2.30906122e-01 0.0
-2.51994829e-01 -2.55059622e-01 0.0
-2.40330600e-01 -2.76898801e-01 0.0
-2.25354342e-01 -2.95154464e-01 0.0
-2.06911420e-01 -3.08387662e-01 0.0
-1.85067613e-01 -3.15065229e-01 0.0
-1.60187161e-01 -3.13682592e-01 0.0
-1.32995324e-01 -3.02930905e-01 0.0
-1.04605175e-01 -2.81890033e-01 0.0
-7.64912219e-02 -2.50211597e-01 0.0
-5.04018265e-02 -2.08243107e-01 0.0
-2.82209673e-02 -1.57045190e-01 0.0
-1.18090159e-02 -9.82742663e-02 0.0
-2.63568887e-03 -3.39398323e-02 0.0
-6.99577984e-04 1.98177535e-02 0.0
-3.88168286e-03 5.40726524e-02 0.0
-1.00706203e-02 8.30190451e-02 0.0
-1.83827385e-02 1.06904432e-01 0.0
-2.81953943e-02 1.26111740e-01 0.0
-3.89533603e-02 1.41107227e-01 0.0
-5.01890587e-02 1.52395536e-01 0.0
-6.15294989e-02 1.60484847e-01 0.0
-7.26929291e-02 1.65862377e-01 0.0
-8.34792262e-02 1.68979067e-01 0.0
-9.37567918e-02 1.70241353e-01 0.0
-1.03448755e-01 1.70008093e-01 0.0
-1.12519723e-01 1.68590719e-01 0.0
-1.20964363e-01 1.66255438e-01 0.0
-1.28797882e-01 1.63226371e-01 0.0
-1.36048753e-01 1.59689223e-01 0.0
-1.42753209e-01 1.55794959e-01 0.0
-1.48951501e-01 1.51663474e-01 0.0
-1.54685306e-01 1.47386949e-01 0.0
-1.59996254e-01 1.43033055e-01 0.0
-1.64925009e-01 1.38647728e-01 0.0
-1.69510953e-01 1.34257755e-01 0.0
-1.73792037e-01 1.29872890e-01 0.0
-1.77804907e-01 1.25487802e-01 0.0
-1.81584993e-01 1.21083562e-01 0.0
-1.85166704e-01 1.16629018e-01 0.0
-1.88583503e-01 1.12081775e-01 0.0
-1.91868006e-01 1.07389139e-01 0.0
-1.95051946e-01 1.02488759e-01 0.0
-1.98166113e-01 9.73093247e-02 0.0
-2.01240169e-01 9.17710544e-02 0.0
-2.04302392e-01 8.57863339e-02 0.0
-2.07379296e-01 7.92602368e-02 0.0
-2.10495134e-01 7.20912911e-02 0.0
-2.13671251e-01 6.41722240e-02 0.0
-2.16925241e-01 5.53910608e-02 0.0
-2.20269892e-01 4.56323257e-02 0.0
-2.23711817e-01 3.47787470e-02 0.0
-2.27249744e-01 2.27132549e-02 0.0
-2.30872316e-01 9.32173041e-03 0.0
-2.34555361e-01 -5.50361943e-03 0.0
-2.38258412e-01 -2.18596939e-02 0.0
-2.41920478e-01 -3.98267009e-02 0.0
-2.45454816e-01 -5.94603759e-02 0.0
-2.48742838e-01 -8.07819290e-02 0.0
-2.51627057e-01 -1.03764721e-01 0.0
-2.53903650e-01 -1.28317136e-01 0.0
-2.55315113e-01 -1.54260589e-01 0.0
-2.55544631e-01 -1.81302345e-01 0.0
-2.54213998e-01 -2.09002982e-01 0.0
-2.50888509e-01 -2.36740045e-01 0.0
-2.45092582e-01 -2.63671093e-01 0.0
-2.36341148e-01 -2.88702882e-01 0.0
-2.24190843e-01 -3.10476844e-01 0.0
-2.08313667e-01 -3.27385285e-01 0.0
-1.88590545e-01 -3.37634450e-01 0.0
-1.65215629e-01 -3.39368661e-01 0.0
-1.38792477e-01 -3.30859758e-01 0.0
-1.10396204e-01 -3.10747542e-01 0.0
-8.15733349e-02 -2.78290858e-01 0.0
-5.42615225e-02 -2.33565011e-01 0.0
-3.06330781e-02 -1.77532557e-01 0.0
-1.28970218e-02 -1.11934883e-01 0.0
-2.88701742e-03 -3.90007520e-02 0.0
-7.39626022e-04 2.17164270e-02 0.0
-4.06202244e-03 5.91379577e-02 0.0
-1.04839700e-02 9.05646479e-02 0.0
-1.90649882e-02 1.16251997e-01 0.0
-2.91276573e-02 1.36639541e-01 0.0
-4.00706001e-02 1.52280383e-01 0.0
-5.13920475e-02 1.63779584e-01 0.0
-6.26969670e-02 1.71746225e-01 0.0
-7.36926138e-02 1.76760151e-01 0.0
-8.41766062e-02 1.79351665e-01 0.0
-9.40216963e-02 1.79991502e-01 0.0
-1.03159648e-01 1.79087957e-01 0.0
-1.11566391e-01 1.76988671e-01 0.0
-1.19249071e-01 1.73984920e-01 0.0
-1.26235717e-01 1.70317174e-01 0.0
-1.32567161e-01 1.66180861e-01 0.0
-1.38291286e-01 1.61732035e-01 0.0
-1.43458930e-01 1.57092471e-01 0.0
-1.48121346e-01 1.52354319e-01 0.0
-1.52328607e-01 1.47584044e-01 0.0
-1.56128881e-01 1.42825925e-01 0.0
-1.59568104e-01 1.38104886e-01 0.0
-1.62690083e-01 1.33428987e-01 0.0
-1.65536665e-01 1.28791326e-01 0.0
-1.68148096e-01 1.24171728e-01 0.0
-1.70563297e-01 1.19537942e-01 0.0
-1.72820205e-01 1.14846737e-01 0.0
-1.74955975e-01 1.10044631e-01 0.0
-1.77007198e-01 1.05068612e-01 0.0
-1.79009967e-01 9.98465930e-02 0.0
-1.80999917e-01 9.42979771e-02 0.0
-1.83012124e-01 8.83340276e-02 0.0
-1.85080931e-01 8.18584402e-02 0.0
-1.87239628e-01 7.47678088e-02 0.0
-1.89519991e-01 6.69523716e-02 0.0
-1.91951644e-01 5.82967413e-02 0.0
-1.94561179e-01 4.86810147e-02 0.0
-1.97371003e-01 3.79819873e-02 0.0
-2.00397782e-01 2.60748997e-02 0.0
-2.03650446e-01 1.28354979e-02 0.0
-2.07127524e-01 -1.85709157e-03 0.0
-2.10813761e-01 -1.81167646e-02 0.0
-2.14675702e-01 -3.60454584e-02 0.0
-2.18656187e-01 -5.57266331e-02 0.0
-2.22667429e-01 -7.72162537e-02 0.0
-2.26582741e-01 -1.00530713e-01 0.0
-2.30226839e-01 -1.25630307e-01 0.0
-2.33365369e-01 -1.52397285e-01 0.0
-2.35694470e-01 -1.80606896e-01 0.0
-2.36832620e-01 -2.09890786e-01 0.0
-2.36317674e-01 -2.39692556e-01 0.0
-2.33614145e-01 -2.69217925e-01 0.0
-2.28136581e-01 -2.97384943e-01 0.0
-2.19296289e-01 -3.22785281e-01 0.0
-2.06576947e-01 -3.43673275e-01 0.0
-1.89641195e-01 -3.58005252e-01 0.0
-1.68461284e-01 -3.63552612e-01 0.0
-1.43455318e-01 -3.58104858e-01 0.0
-1.15596532e-01 -3.39757444e-01 0.0
-8.64558020e-02 -3.07244506e-01 0.0
-5.81428974e-02 -2.60236041e-01 0.0
-3.31390102e-02 -1.99493828e-01 0.0
-1.40548105e-02 -1.26793847e-01 0.0
-3.15941183e-03 -4.45854551e-02 0.0
-7.97280776e-04 2.37128915e-02 0.0
-4.31743951e-03 6.44436158e-02 0.0
-1.10596498e-02 9.84231687e-02 0.0
-1.99994832e-02 1.25914358e-01 0.0
-3.03829097e-02 1.47423313e-01 0.0
-4.15484838e-02 1.63605175e-01 0.0
-5.29537376e-02 1.75181547e-01 0.0
-6.41814207e-02 1.82876928e-01 0.0
-7.49315882e-02 1.87375333e-01 0.0
-8.50058712e-02 1.89294838e-01 0.0
-9.42882705e-02 1.89175905e-01 0.0
-1.02726074e-01 1.87479405e-01 0.0
-1.10312485e-01 1.84590478e-01 0.0
-1.17072219e-01 1.80825637e-01 0.0
-1.23049996e-01 1.76440994e-01 0.0
-1.28302043e-01 1.71640654e-01 0.0
-1.32889931e-01 1.66584384e-01 0.0
-1.36876555e-01 1.61394525e-01 0.0
-1.40323532e-01 1.56161798e-01 0.0
-1.43289851e-01 1.50950290e-01 0.0
-1.45831204e-01 1.45801455e-01 0.0
-1.47999956e-01 1.40737486e-01 0.0
-1.49845333e-01 1.35763900e-01 0.0
-1.51413890e-01 1.30871715e-01 0.0
-1.52749977e-01 1.26039022e-01 0.0
-1.53896287e-01 1.21232330e-01 0.0
-1.54894322e-01 1.16407463e-01 0.0
-1.55784853e-01 1.11510383e-01 0.0
-1.56608272e-01 1.06477677e-01 0.0
-1.57404898e-01 1.01237100e-01 0.0
-1.58215169e-01 9.57078695e-02 0.0
-1.59079770e-01 8.98011216e-02 0.0
-1.60039626e-01 8.34201887e-02 0.0
-1.61135802e-01 7.64611124e-02 0.0
-1.62409248e-01 6.88130555e-02 0.0
-1.63900371e-01 6.03590106e-02 0.0
-1.65648401e-01 5.09764860e-02 0.0
-1.67690461e-01 4.05385735e-02 0.0
-1.70060304e-01 2.89151067e-02 0.0
-1.72786533e-01 1.59743534e-02 0.0
-1.75890262e-01 1.58502562e-03 0.0
-1.79381898e-01 -1.43808465e-02 0.0
-1.83256961e-01 -3.20442145e-02 0.0
-1.87490500e-01 -5.15136979e-02 0.0
-1.92029977e-01 -7.28783206e-02 0.0
-1.96786135e-01 -9.61970312e-02 0.0
-2.01621868e-01 -1.21484018e-01 0.0
-2.06338942e-01 -1.48687838e-01 0.0
-2.10663411e-01 -1.77662645e-01 0.0
-2.14230981e-01 -2.08129197e-01 0.0
-2.16575541e-01 -2.39624415e-01 0.0
-2.17125524e-01 -2.71439504e-01 0.0
-2.15215657e-01 -3.02550692e-01 0.0
-2.10123241e-01 -3.31552146e-01 0.0
-2.01139339e-01 -3.56609566e-01 0.0
-1.87681940e-01 -3.75462033e-01 0.0
-1.69450564e-01 -3.85507047e-01 0.0
-1.46606009e-01 -3.84000879e-01 0.0
-1.19939668e-01 -3.68386494e-01 0.0
-9.09783438e-02 -3.36717464e-01 0.0
-6.19689332e-02 -2.88085359e-01 0.0
-3.57129716e-02 -2.22904329e-01 0.0
-1.52787468e-02 -1.42901748e-01 0.0
-3.45341243e-03 -5.07366509e-02 0.0
-8.77692693e-04 2.58474977e-02 0.0
-4.66909779e-03 7.00802133e-02 0.0
-1.18418579e-02 1.06701563e-01 0.0
-2.12516242e-02 1.35985592e-01 0.0
-3.20399595e-02 1.58523878e-01 0.0
-4.34681229e-02 1.75098392e-01 0.0
-5.49461505e-02 1.86571666e-01 0.0
-6.60355246e-02 1.93803927e-01 0.0
-7.64353547e-02 1.97598401e-01 0.0
-8.59599391e-02 1.98670713e-01 0.0
-9.45140332e-02 1.97636607e-01 0.0
-1.02069231e-01 1.95011795e-01 0.0
-1.08643749e-01 1.91219115e-01 0.0
-1.14286009e-01 1.86599097e-01 0.0
-1.19062265e-01 1.81421679e-01 0.0
-1.23047553e-01 1.75897420e-01 0.0
-1.26319600e-01 1.70187675e-01 0.0
-1.28954831e-01 1.64413217e-01 0.0
-1.31026141e-01 1.58661527e-01 0.0
-1.32601720e-01 1.52992598e-01 0.0
-1.33744796e-01 1.47443719e-01 0.0
-1.34513777e-01 1.42033102e-01 0.0
-1.34962811e-01 1.36762847e-01 0.0
-1.35142410e-01 1.31621080e-01 0.0
-1.35100225e-01 1.26583717e-01 0.0
-1.34881746e-01 1.21615628e-01 0.0
-1.34531041e-01 1.16671658e-01 0.0
-1.34091362e-01 1.11697206e-01 0.0
-1.33605741e-01 1.06628819e-01 0.0
-1.33117453e-01 1.01394465e-01 0.0
-1.32670438e-01 9.59139314e-02 0.0
-1.32309595e-01 9.00989885e-02 0.0
-1.32080999e-01 8.38537531e-02 0.0
-1.32031993e-01 7.70748894e-02 0.0
-1.32211156e-01 6.96520577e-02 0.0
-1.32668112e-01 6.14682568e-02 0.0
-1.33453136e-01 5.24004615e-02 0.0
-1.34616520e-01 4.23202082e-02 0.0
-1.36207584e-01 3.10945422e-02 0.0
-1.38273286e-01 1.85870117e-02 0.0
-1.40856202e-01 4.65917008e-03 0.0
-1.43991774e-01 -1.08276279e-02 0.0
-1.47704460e-01 -2.80095324e-02 0.0
-1.52002587e-01 -4.70165659e-02 0.0
-1.56871331e-01 -6.79670887e-02 0.0
-1.62263546e-01 -9.09597516e-02 0.0
-1.68087765e-01 -1.16061213e-01 0.0
-1.74193236e-01 -1.43287969e-01 0.0
-1.80351775e-01 -1.72579382e-01 0.0
-1.86237501e-01 -2.03759047e-01 0.0
-1.91406424e-01 -2.36480972e-01 0.0
-1.95280693e-01 -2.70158590e-01 0.0
-1.97144946e-01 -3.03877124e-01 0.0
-1.96166433e-01 -3.36296553e-01 0.0
-1.91453080e-01 -3.65562333e-01 0.0
-1.82164199e-01 -3.89255470e-01 0.0
-1.67681507e-01 -4.04427611e-01 0.0
-1.47832404e-01 -4.07773912e-01 0.0
-1.23129940e-01 -3.95982215e-01 0.0
-9.49637849e-02 -3.66249176e-01 0.0
-6.56580604e-02 -3.16868745e-01 0.0
-3.83319131e-02 -2.47703022e-01 0.0
-1.65686212e-02 -1.60300551e-01 0.0
-3.77086531e-03 -5.74994408e-02 0.0
-9.88066063e-04 2.81729431e-02 0.0
-5.14630499e-03 7.61641076e-02 0.0
-1.28897238e-02 1.15533866e-01 0.0
-2.29055887e-02 1.46578948e-01 0.0
-3.41949245e-02 1.70008228e-01 0.0
-4.59214640e-02 1.86768788e-01 0.0
-5.74414319e-02 1.97899315e-01 0.0
-6.82991329e-02 2.04423411e-01 0.0
-7.82026670e-02 2.07282345e-01 0.0
-8.69916458e-02 2.07300404e-01 0.0
-9.46041766e-02 2.05173619e-01 0.0
-1.01047629e-01 2.01473518e-01 0.0
-1.06374608e-01 1.96658982e-01 0.0
-1.10664691e-01 1.91091672e-01 0.0
-1.14011054e-01 1.85051828e-01 0.0
-1.16511414e-01 1.78753028e-01 0.0
-1.18262073e-01 1.72354888e-01 0.0
-1.19354496e-01 1.65973780e-01 0.0
-1.19873469e-01 1.59691374e-01 0.0
-1.19896546e-01 1.53561538e-01 0.0
-1.19494125e-01 1.47615571e-01 0.0
-1.18730112e-01 1.41866359e-01 0.0
-1.17662723e-01 1.36311379e-01 0.0
-1.16345510e-01 1.30935082e-01 0.0
-1.14828328e-01 1.25710498e-01 0.0
-1.13158350e-01 1.20600545e-01 0.0
-1.11380963e-01 1.15558806e-01 0.0
-1.09540646e-01 1.10530220e-01 0.0
-1.07681712e-01 1.05451408e-01 0.0
-1.05849009e-01 1.00251047e-01 0.0
-1.04088500e-01 9.48499885e-02 0.0
-1.02447773e-01 8.91615252e-02 0.0
-1.00976443e-01 8.30914529e-02 0.0
-9.97264504e-02 7.65383537e-02 0.0
-9.87522472e-02 6.93937152e-02 0.0
-9.81108328e-02 6.15423024e-02 0.0
-9.78616290e-02 5.28623956e-02 0.0
-9.80661143e-02 4.32263009e-02 0.0
-9.87871989e-02 3.25007543e-02 0.0
-1.00088178e-01 2.05476347e-02 0.0
-1.02031210e-01 7.22464634e-03 0.0
-1.04675038e-01 -7.61355739e-03 0.0
-1.08071796e-01 -2.41140135e-02 0.0
-1.12262431e-01 -4.24231831e-02 0.0
-1.17270400e-01 -6.26836223e-02 0.0
-1.23092892e-01 -8.50283800e-02 0.0
-1.29689024e-01 -1.09572105e-01 0.0
-1.36964060e-01 -1.36396450e-01 0.0
-1.44749224e-01 -1.65527081e-01 0.0
-1.52776812e-01 -1.96897923e-01 0.0
-1.60651943e-01 -2.30297937e-01 0.0
-1.67824137e-01 -2.65295063e-01 0.0
-1.73566138e-01 -3.01134306e-01 0.0
-1.76972029e-01 -3.36611907e-01 0.0
-1.76993081e-01 -3.69939199e-01 0.0
-1.72533165e-01 -3.98627328e-01 0.0
-1.62623878e-01 -4.19447666e-01 0.0
-1.46684148e-01 -4.28542632e-01 0.0
-1.24837746e-01 -4.21762310e-01 0.0
-9.82151092e-02 -3.95257831e-01 0.0
-6.91246970e-02 -3.46256191e-01 0.0
-4.09779202e-02 -2.73788473e-01 0.0
-1.79298806e-02 -1.79026411e-01 0.0
-4.11545226e-03 -6.49244496e-02 0.0
-1.13880831e-03 3.07595384e-02 0.0
-5.78987010e-03 8.28465401e-02 0.0
-1.42829424e-02 1.25087944e-01 0.0
-2.50697095e-02 1.57827527e-01 0.0
-3.69640975e-02 1.81943407e-01 0.0
-4.90091706e-02 1.98605262e-01 0.0
-6.05039844e-02 2.09077671e-01 0.0
-7.09851182e-02 2.14583944e-01 0.0
-8.01859113e-02 2.16226202e-01 0.0
-8.79892391e-02 2.14948922e-01 0.0
-9.43835752e-02 2.11532044e-01 0.0
-9.94263439e-02 2.06601395e-01 0.0
-1.03215923e-01 2.00647752e-01 0.0
-1.05871345e-01 1.94048501e-01 0.0
-1.07518613e-01 1.87088730e-01 0.0
-1.08281850e-01 1.79979828e-01 0.0
-1.08278207e-01 1.72875216e-01 0.0
-1.07615175e-01 1.65882958e-01 0.0
-1.06389697e-01 1.59075813e-01 0.0
-1.04688253e-01 1.52498855e-01 0.0
-1.02587692e-01 1.46175401e-01 0.0
-1.00156328e-01 1.40111284e-01 0.0
-9.74552890e-02 1.34298162e-01 0.0
-9.45398188e-02 1.28715755e-01 0.0
-9.14606374e-02 1.23333603e-01 0.0
-8.82651535e-02 1.18112123e-01 0.0
-8.49986552e-02 1.13003491e-01 0.0
-8.17053447e-02 1.07952057e-01 0.0
-7.84293264e-02 1.02894769e-01 0.0
-7.52154551e-02 9.77612634e-02 0.0
-7.21101276e-02 9.24740886e-02 0.0
-6.91619534e-02 8.69486787e-02 0.0
-6.64223534e-02 8.10935233e-02 0.0
-6.39460486e-02 7.48101399e-02 0.0
-6.17914465e-02 6.79932771e-02 0.0
-6.00209074e-02 6.05309397e-02 0.0
-5.87008529e-02 5.23046513e-02 0.0
-5.79017080e-02 4.31895356e-02 0.0
-5.76975773e-02 3.30546210e-02 0.0
-5.81656379e-02 2.17629531e-02 0.0
-5.93850564e-02 9.17192155e-03 0.0
-6.14353560e-02 -4.86656512e-03 0.0
-6.43938849e-02 -2.05055823e-02 0.0
-6.83321666e-02 -3.79025646e-02 0.0
-7.33105056e-02 -5.72178041e-02 0.0
-7.93703352e-02 -7.86117513e-02 0.0
-8.65232495e-02 -1.02239567e-01 0.0
-9.47357958e-02 -1.28241290e-01 0.0
-1.03908602e-01 -1.56724161e-01 0.0
-1.13848967e-01 -1.87732784e-01 0.0
-1.24236406e-01 -2.21200408e-01 0.0
-1.34583011e-01 -2.56873697e-01 0.0
-1.44193836e-01 -2.94202759e-01 0.0
-1.52139165e-01 -3.32192153e-01 0.0
-1.57258629e-01 -3.69218363e-01 0.0
-1.58226672e-01 -4.02839968e-01 0.0
-1.53712855e-01 -4.29658070e-01 0.0
-1.42662302e-01 -4.45322456e-01 0.0
-1.24688297e-01 -4.44802845e-01 0.0
-1.00508168e-01 -4.23020021e-01 0.0
-7.22778635e-02 -3.75814684e-01 0.0
-4.36413665e-02 -3.01013227e-01 0.0
-1.93768345e-02 -1.99114211e-01 0.0
-4.49400092e-03 -7.30728147e-02 0.0
-1.34492699e-03 3.37030023e-02 0.0
-6.65727380e-03 9.03262217e-02 0.0
-1.61291650e-02 1.35573243e-01 0.0
-2.78825373e-02 1.69882393e-01 0.0
-4.04841881e-02 1.94384610e-01 0.0
-5.28325980e-02 2.10557580e-01 0.0
-6.41727934e-02 2.19960406e-01 0.0
-7.40528422e-02 2.24062444e-01 0.0
-8.22567636e-02 2.24152475e-01 0.0
-8.87363367e-02 2.21305615e-01 0.0
-9.35525476e-02 2.16385968e-01 0.0
-9.68305487e-02 2.10068318e-01 0.0
-9.87273755e-02 2.02867317e-01 0.0
-9.94104939e-02 1.95167565e-01 0.0
-9.90443226e-02 1.87250855e-01 0.0
-9.77826492e-02 1.79319365e-01 0.0
-9.57648248e-02 1.71514315e-01 0.0
-9.31145883e-02 1.63930700e-01 0.0
-8.99403194e-02 1.56628437e-01 0.0
-8.63362786e-02 1.49640863e-01 0.0
-8.23841976e-02 1.42980872e-01 0.0
-7.81551489e-02 1.36645527e-01 0.0
-7.37113476e-02 1.30619208e-01 0.0
-6.91079676e-02 1.24875992e-01 0.0
-6.43947684e-02 1.19381121e-01 0.0
-5.96176589e-02 1.14092149e-01 0.0
-5.48200647e-02 1.08959511e-01 0.0
-5.00442224e-02 1.03927025e-01 0.0
-4.53323062e-02 9.89320089e-02 0.0
-4.07274874e-02 9.39054772e-02 0.0
-3.62748587e-02 8.87720631e-02 0.0
-3.20222922e-02 8.34501086e-02 0.0
-2.80211868e-02 7.78515333e-02 0.0
-2.43271377e-02 7.18819210e-02 0.0
-2.10005053e-02 6.54404060e-02 0.0
-1.81068769e-02 5.84197871e-02 0.0
-1.57174174e-02 5.07064326e-02 0.0
-1.39090533e-02 4.21803860e-02 0.0
-1.27644947e-02 3.27152206e-02 0.0
-1.23719772e-02 2.21780335e-02 0.0
-1.28247065e-02 1.04291238e-02 0.0
-1.42197838e-02 -2.67825902e-03 0.0
-1.66565120e-02 -1.72985024e-02 0.0
-2.02336620e-02 -3.35940880e-02 0.0
-2.50453778e-02 -5.17361041e-02 0.0
-3.11749077e-02 -7.19039745e-02 0.0
-3.86853662e-02 -9.42838576e-02 0.0
-4.76060336e-02 -1.19063677e-01 0.0
-5.79126692e-02 -1.46422227e-01 0.0
-6.94996550e-02 -1.76507268e-01 0.0
-8.21423500e-02 -2.09395696e-01 0.0
-9.54487956e-02 -2.45025269e-01 0.0
-1.08803539e-01 -2.83085536e-01 0.0
-1.21312268e-01 -3.22855242e-01 0.0
-1.31767059e-01 -3.62980948e-01 0.0
-1.38665841e-01 -4.01210494e-01 0.0
-1.40334045e-01 -4.34133098e-01 0.0
-1.35198660e-01 -4.57033315e-01 0.0
-1.22240113e-01 -4.64024493e-01 0.0
-1.01575880e-01 -4.48642700e-01 0.0
-7.50159203e-02 -4.04982237e-01 0.0
-4.63239307e-02 -3.29174137e-01 0.0
-2.09375327e-02 -2.20604214e-01 0.0
-4.91817871e-03 -8.20241595e-02 0.0
-1.62869475e-03 3.71363374e-02 0.0
-7.83033644e-03 9.88665937e-02 0.0
-1.85740658e-02 1.47248509e-01 0.0
-3.15180727e-02 1.82904528e-01 0.0
-4.49067347e-02 2.07352818e-01 0.0
-5.74736078e-02 2.22504691e-01 0.0
-6.84266217e-02 2.30306547e-01 0.0
-7.73602548e-02 2.32530032e-01 0.0
-8.41484751e-02 2.30677083e-01 0.0
-8.88473118e-02 2.25959477e-01 0.0
-9.16186141e-02 2.19319686e-01 0.0
-9.26758175e-02 2.11469875e-01 0.0
-9.22485376e-02 2.02935384e-01 0.0
-9.05610808e-02 1.94095241e-01 0.0
-8.78208246e-02 1.85216839e-01 0.0
-8.42128381e-02 1.76483813e-01 0.0
-7.98985309e-02 1.68017833e-01 0.0
-7.50164506e-02 1.59894966e-01 0.0
-6.96843739e-02 1.52157932e-01 0.0
-6.40018293e-02 1.44824893e-01 0.0
-5.80528568e-02 1.37895904e-01 0.0
-5.19086090e-02 1.31357316e-01 0.0
-4.56298595e-02 1.25184988e-01 0.0
-3.92692157e-02 1.19346310e-01 0.0
-3.28731783e-02 1.13801692e-01 0.0
-2.64839241e-02 1.08505342e-01 0.0
-2.01409570e-02 1.03405887e-01 0.0
-1.38825395e-02 9.84465216e-02 0.0
-7.74702496e-03 9.35652155e-02 0.0
-1.77402632e-03 8.86945875e-02 0.0
3.99449249e-03 8.37619406e-02 0.0
9.51324655e-03 7.86890462e-02 0.0
1.47327306e-02 7.33921422e-02 0.0
1.95984146e-02 6.77817146e-02 0.0
2.40500192e-02 6.17625105e-02 0.0
2.80208751e-02 5.52333328e-02 0.0
3.14373904e-02 4.80870454e-02 0.0
3.42186121e-02 4.02103194e-02 0.0
3.62759508e-02 3.14835199e-02 0.0
3.75130516e-02 2.17802443e-02 0.0
3.78259429e-02 1.09668766e-02 0.0
3.71034771e-02 -1.09834534e-03 0.0
3.52283129e-02 -1.45664038e-02 0.0
3.20785699e-02 -2.95991761e-02 0.0
2.75306597e-02 -4.63712769e-02 0.0
2.14637545e-02 -6.50722562e-02 0.0
1.37669534e-02 -8.59082109e-02 0.0
4.35036491e-03 -1.09101966e-01 0.0
-6.83775221e-03 -1.34889089e-01 0.0
-1.97853033e-02 -1.63505776e-01 0.0
-3.43787175e-02 -1.95160992e-01 0.0
-5.03504591e-02 -2.29981704e-01 0.0
-6.72102545e-02 -2.67914486e-01 0.0
-8.41644159e-02 -3.08563328e-01 0.0
-1.00038345e-01 -3.50944076e-01 0.0
-1.13236352e-01 -3.93150517e-01 0.0
-1.21796709e-01 -4.31964460e-01 0.0
-1.23620607e-01 -4.62513390e-01 0.0
-1.16946796e-01 -4.78176733e-01 0.0
-1.01077836e-01 -4.71023617e-01 0.0
-7.72125612e-02 -4.33026525e-01 0.0
-4.90404948e-02 -3.57993882e-01 0.0
-2.26606428e-02 -2.43550703e-01 0.0
-5.40766049e-03 -9.18894486e-02 0.0
-2.02371398e-03 4.12484159e-02 0.0
-9.42712128e-03 1.08819241e-01 0.0
-2.18138936e-02 1.60426377e-01 0.0
-3.61871164e-02 1.97043911e-01 0.0
-5.03785943e-02 2.20793601e-01 0.0
-6.29510603e-02 2.34203280e-01 0.0
-7.31178998e-02 2.39727850e-01 0.0
-8.05802172e-02 2.39504726e-01 0.0
-8.53600887e-02 2.35270531e-01 0.0
-8.76651836e-02 2.28370017e-01 0.0
-8.77923644e-02 2.19807690e-01 0.0
-8.60657647e-02 2.10312543e-01 0.0
-8.28005063e-02 2.00400250e-01 0.0
-7.82840146e-02 1.90426505e-01 0.0
-7.27682127e-02 1.80629599e-01 0.0
-6.64682507e-02 1.71163192e-01 0.0
-5.95645789e-02 1.62120566e-01 0.0
-5.22067401e-02 1.53552409e-01 0.0
-4.45176218e-02 1.45479391e-01 0.0
-3.65977822e-02 1.37901151e-01 0.0
-2.85293890e-02 1.30802384e-01 0.0
-2.03798286e-02 1.24157136e-01 0.0
-1.22048077e-02 1.17931509e-01 0.0
-4.05112088e-03 1.12085573e-01 0.0
4.04100417e-03 1.06574382e-01 0.0
1.20358072e-02 1.01348714e-01 0.0
1.99002047e-02 9.63552717e-02 0.0
2.76021616e-02 9.15368851e-02 0.0
3.51092768e-02 8.68323460e-02 0.0
4.23874751e-02 8.21763850e-02 0.0
4.93998457e-02 7.74993793e-02 0.0
5.61055563e-02 7.27272689e-02 0.0
6.24588705e-02 6.77812475e-02 0.0
6.84082306e-02 6.25776912e-02 0.0
7.38954173e-02 5.70278684e-02 0.0
7.88547820e-02 5.10378790e-02 0.0
8.32125438e-02 4.45083462e-02 0.0
8.68861808e-02 3.73342823e-02 0.0
8.97838925e-02 2.94046277e-02 0.0
9.18042030e-02 2.06018440e-02 0.0
9.28356777e-02 1.08010281e-02 0.0
9.27568878e-02 -1.31127013e-04 0.0
9.14366331e-02 -1.23380912e-02 0.0
8.87346912e-02 -2.59756952e-02 0.0
8.45032601e-02 -4.12153106e-02 0.0
7.85896924e-02 -5.82476479e-02 0.0
7.08411626e-02 -7.72873896e-02 0.0
6.11126764e-02 -9.85776186e-02 0.0
4.92802492e-02 -1.22392801e-01 0.0
3.52624070e-02 -1.49036585e-01 0.0
1.90540332e-02 -1.78828313e-01 0.0
7.78025884e-04 -2.12066558e-01 0.0
-1.92401533e-02 -2.48951585e-01 0.0
-4.03726124e-02 -2.89439542e-01 0.0
-6.15712810e-02 -3.32995202e-01 0.0
-8.12593845e-02 -3.78213226e-01 0.0
-9.72931360e-02 -4.22307591e-01 0.0
-1.07095802e-01 -4.60543651e-01 0.0
-1.08093520e-01 -4.85822527e-01 0.0
-9.85442538e-02 -4.88796018e-01 0.0
-7.86857359e-02 -4.58977889e-01 0.0
-5.18161768e-02 -3.87084123e-01 0.0
-2.46252627e-02 -2.68031212e-01 0.0
-5.99503535e-03 -1.02831897e-01 0.0
-2.58230533e-03 4.63140398e-02 0.0
-1.16201107e-02 1.20654439e-01 0.0
-2.61094978e-02 1.75467354e-01 0.0
-4.21256844e-02 2.12392363e-01 0.0
-5.69923027e-02 2.34503271e-01 0.0
-6.91315470e-02 2.45205350e-01 0.0
-7.78509446e-02 2.47612053e-01 0.0
-8.30562531e-02 2.44288188e-01 0.0
-8.50004656e-02 2.37211199e-01 0.0
-8.41024905e-02 2.27836519e-01 0.0
-8.08321029e-02 2.17198038e-01 0.0
-7.56447619e-02 2.06008315e-01 0.0
-6.89497720e-02 1.94744296e-01 0.0
-6.10984511e-02 1.83714716e-01 0.0
-5.23835278e-02 1.73110738e-01 0.0
-4.30439334e-02 1.63042575e-01 0.0
-3.32719011e-02 1.53565562e-01 0.0
-2.32204042e-02 1.44698164e-01 0.0
-1.30102427e-02 1.36434448e-01 0.0
-2.73624473e-03 1.28752351e-01 0.0
7.52733737e-03 1.21619307e-01 0.0
1.77223454e-02 1.14995745e-01 0.0
2.78028970e-02 1.08837431e-01 0.0
3.77322501e-02 1.03096717e-01 0.0
4.74801084e-02 9.77233638e-02 0.0
5.70203869e-02 9.26647602e-02 0.0
6.63292459e-02 8.78660802e-02 0.0
7.53834211e-02 8.32700573e-02 0.0
8.41587118e-02 7.88168821e-02 0.0
9.26286576e-02 7.44438197e-02 0.0
1.00763310e-01 7.00850376e-02 0.0
1.08528123e-01 6.56712029e-02 0.0
1.15882911e-01 6.11293277e-02 0.0
1.22780880e-01 5.63823972e-02 0.0
1.29167722e-01 5.13492494e-02 0.0
1.34980750e-01 4.59442207e-02 0.0
1.40148100e-01 4.00770067e-02 0.0
1.44587967e-01 3.36522313e-02 0.0
1.48207907e-01 2.65691374e-02 0.0
1.50904179e-01 1.87208624e-02 0.0
1.52561169e-01 9.99365205e-03 0.0
1.53050886e-01 2.65428229e-04 0.0
1.52232618e-01 -1.05960219e-02 0.0
1.49952783e-01 -2.27358861e-02 0.0
1.46045211e-01 -3.63160199e-02 0.0
1.40332097e-01 -5.15201626e-02 0.0
1.32626287e-01 -6.85604449e-02 0.0
1.22735792e-01 -8.76854947e-02 0.0
1.10472405e-01 -1.09189028e-01 0.0
9.56671508e-02 -1.33417182e-01 0.0
7.81972935e-02 -1.60769410e-01 0.0
5.80314483e-02 -1.91683537e-01 0.0
3.53017866e-02 -2.26586700e-01 0.0
1.04122909e-02 -2.65782411e-01 0.0
-1.58127487e-02 -3.09228569e-01 0.0
-4.19534073e-02 -3.56151044e-01 0.0
-6.58425537e-02 -4.04446829e-01 0.0
-8.45512071e-02 -4.49893051e-01 0.0
-9.46956164e-02 -4.85330965e-01 0.0
-9.32769945e-02 -5.00255437e-01 0.0
-7.91325804e-02 -4.81521378e-01 0.0
-5.46706691e-02 -4.15872084e-01 0.0
-2.69537999e-02 -2.94151020e-01 0.0
-6.73458819e-03 -1.15101589e-01 0.0
-3.38829689e-03 5.27441572e-02 0.0
-1.46638482e-02 1.34997200e-01 0.0
-3.17950392e-02 1.92745183e-01 0.0
-4.95491550e-02 2.28884855e-01 0.0
-6.46710755e-02 2.47999340e-01 0.0
-7.55524074e-02 2.54729886e-01 0.0
-8.17609738e-02 2.53015514e-01 0.0
-8.35584288e-02 2.45887529e-01 0.0
-8.15386019e-02 2.35536285e-01 0.0
-7.63995170e-02 2.23474421e-01 0.0
-6.88183999e-02 2.10708682e-01 0.0
-5.93939887e-02 1.97885974e-01 0.0
-4.86277315e-02 1.85405449e-01 0.0
-3.69253331e-02 1.73499909e-01 0.0
-2.46072691e-02 1.62292625e-01 0.0
-1.19223183e-02 1.51836215e-01 0.0
9.39120155e-04 1.42138527e-01 0.0
1.38330719e-02 1.33179830e-01 0.0
2.66519619e-02 1.24923812e-01 0.0
3.93163246e-02 1.17324712e-01 0.0
5.17681794e-02 1.10331597e-01 0.0
6.39656578e-02 1.03891060e-01 0.0
7.58787512e-02 9.79485643e-02 0.0
8.74858283e-02 9.24492499e-02 0.0
9.87708471e-02 8.73380514e-02 0.0
1.09721005e-01 8.25597363e-02 0.0
1.20324807e-01 7.80585448e-02 0.0
1.30570370e-01 7.37779575e-02 0.0
1.40443979e-01 6.96601858e-02 0.0
1.49928768e-01 6.56458859e-02 0.0
1.59003547e-01 6.16736455e-02 0.0
1.67641701e-01 5.76797341e-02 0.0
1.75810173e-01 5.35976430e-02 0.0
1.83468494e-01 4.93578969e-02 0.0
1.90567861e-01 4.48876467e-02 0.0
1.97050249e-01 4.01105125e-02 0.0
2.02847548e-01 3.49461692e-02 0.0
2.07880735e-01 2.93101178e-02 0.0
2.12059037e-01 2.31131108e-02 0.0
2.15279125e-01 1.62606286e-02 0.0
2.17424288e-01 8.65183121e-03 0.0
2.18363612e-01 1.78304590e-04 0.0
2.17951126e-01 -9.27805078e-03 0.0
2.16024994e-01 -1.98477980e-02 0.0
2.12406725e-01 -3.16781785e-02 0.0
2.06900662e-01 -4.49387420e-02 0.0
1.99293952e-01 -5.98292623e-02 0.0
1.89357793e-01 -7.65899443e-02 0.0
1.76851109e-01 -9.55144314e-02 0.0
1.61529170e-01 -1.16964514e-01 0.0
1.43161216e-01 -1.41384198e-01 0.0
1.21564297e-01 -1.69305921e-01 0.0
9.66641074e-02 -2.01334404e-01 0.0
6.85980424e-02 -2.38079091e-01 0.0
3.78765945e-02 -2.79985350e-01 0.0
5.61063438e-03 -3.26987598e-01 0.0
-2.62208869e-02 -3.77889564e-01 0.0
-5.45612736e-02 -4.29401239e-01 0.0
-7.53435330e-02 -4.74896075e-01 0.0
-8.41789815e-02 -5.03273473e-01 0.0
-7.79987534e-02 -4.98827960e-01 0.0
-5.75699431e-02 -4.43456206e-01 0.0
-2.98262290e-02 -3.22027468e-01 0.0
-7.71720060e-03 -1.29093758e-01 0.0
-4.58049524e-03 6.11723620e-02 0.0
-1.89336535e-02 1.52657121e-01 0.0
-3.92594308e-02 2.12542243e-01 0.0
-5.85192177e-02 2.46101713e-01 0.0
-7.29152405e-02 2.60300447e-01 0.0
-8.10771872e-02 2.61472082e-01 0.0
-8.31206115e-02 2.54525338e-01 0.0
-7.98785726e-02 2.42933154e-01 0.0
-7.24155918e-02 2.29007892e-01 0.0
-6.17700406e-02 2.14218220e-01 0.0
-4.88426396e-02 1.99456412e-01 0.0
-3.43653934e-02 1.85236637e-01 0.0
-1.89093396e-02 1.71832530e-01 0.0
-2.90744361e-03 1.59368590e-01 0.0
1.33190731e-02 1.47879425e-01 0.0
2.95364295e-02 1.37347173e-01 0.0
4.55777129e-02 1.27724916e-01 0.0
6.13264299e-02 1.18950843e-01 0.0
7.67035961e-02 1.10956818e-01 0.0
9.16578636e-02 1.03673153e-01 0.0
1.06157915e-01 9.70313300e-02 0.0
1.20186705e-01 9.09651415e-02 0.0
1.33736977e-01 8.54112023e-02 0.0
1.46807838e-01 8.03087598e-02 0.0
1.59402009e-01 7.55994404e-02 0.0
1.71523659e-01 7.12266294e-02 0.0
1.83176588e-01 6.71350132e-02 0.0
1.94362729e-01 6.32698767e-02 0.0
2.05080827e-01 5.95766533e-02 0.0
2.15325280e-01 5.60002715e-02 0.0
2.25085069e-01 5.24847869e-02 0.0
2.34342783e-01 4.89728205e-02 0.0
2.43073674e-01 4.54052894e-02 0.0
2.51244763e-01 4.17209353e-02 0.0
2.58813968e-01 3.78561318e-02 0.0
2.65729240e-01 3.37444624e-02 0.0
2.71927717e-01 2.93165360e-02 0.0
2.77334862e-01 2.44995115e-02 0.0
2.81863599e-01 1.92167706e-02 0.0
2.85413392e-01 1.33871772e-02 0.0
2.87869297e-01 6.92430348e-03 0.0
2.89100888e-01 -2.64995868e-04 0.0
2.88961098e-01 -8.28239003e-03 0.0
2.87284843e-01 -1.72409886e-02 0.0
2.83887490e-01 -2.72692871e-02 0.0
2.78563066e-01 -3.85170692e-02 0.0
2.71082391e-01 -5.11634758e-02 0.0
2.61191312e-01 -6.54284208e-02 0.0
2.48609872e-01 -8.15877630e-02 0.0
2.33033855e-01 -9.99931609e-02 0.0
2.14142057e-01 -1.21095738e-01 0.0
1.91615281e-01 -1.45470627e-01 0.0
1.65178246e-01 -1.73832419e-01 0.0
1.34682456e-01 -2.07019170e-01 0.0
1.00256722e-01 -2.45898043e-01 0.0
6.25553914e-02 -2.91107572e-01 0.0
2.31188080e-02 -3.42501448e-01 0.0
-1.52045824e-02 -3.98125543e-01 0.0
-4.79757654e-02 -4.52618299e-01 0.0
-6.94685730e-02 -4.95222966e-01 0.0
-7.42213022e-02 -5.08305945e-01 0.0
-6.02987377e-02 -4.68329579e-01 0.0
-3.34844656e-02 -3.51712071e-01 0.0
-9.09584211e-03 -1.45447483e-01 0.0
-6.39407928e-03 7.26062350e-02 0.0
-2.49663452e-02 1.74607976e-01 0.0
-4.88307658e-02 2.34781595e-01 0.0
-6.85964546e-02 2.62887851e-01 0.0
-8.02568442e-02 2.69570739e-01 0.0
-8.32381807e-02 2.63345097e-01 0.0
-7.86557811e-02 2.50113374e-01 0.0
-6.81823982e-02 2.33629728e-01 0.0
-5.34693950e-02 2.16135367e-01 0.0
-3.59149156e-02 1.98890752e-01 0.0
-1.66114738e-02 1.82553077e-01 0.0
3.62838902e-03 1.67422908e-01 0.0
2.42211083e-02 1.53597534e-01 0.0
4.47594230e-02 1.41063428e-01 0.0
6.49671421e-02 1.29750406e-01 0.0
8.46632745e-02 1.19562761e-01 0.0
1.03734933e-01 1.10396445e-01 0.0
1.22117276e-01 1.02148319e-01 0.0
1.39778953e-01 9.47205652e-02 0.0
1.56711528e-01 8.80226321e-02 0.0
1.72921879e-01 8.19715184e-02 0.0
1.88426634e-01 7.64914819e-02 0.0
2.03248141e-01 7.15131575e-02 0.0
2.17411434e-01 6.69727279e-02 0.0
2.30941974e-01 6.28108391e-02 0.0
2.43863864e-01 5.89717714e-02 0.0
2.56198445e-01 5.54024426e-02 0.0
2.67963108e-01 5.20517254e-02 0.0
2.79170290e-01 4.88696075e-02 0.0
2.89826562e-01 4.58066771e-02 0.0
2.99931797e-01 4.28134411e-02 0.0
3.09478371e-01 3.98399633e-02 0.0
3.18450394e-01 3.68353176e-02 0.0
3.26822949e-01 3.37473476e-02 0.0
3.34561330e-01 3.05222171e-02 0.0
3.41620283e-01 2.71042368e-02 0.0
3.47943210e-01 2.34354411e-02 0.0
3.53461371e-01 1.94553819e-02 0.0
3.58093022e-01 1.51005937e-02 0.0
3.61742504e-01 1.03041587e-02 0.0
3.64299212e-01 4.99478827e-03 0.0
3.65636442e-01 -9.04225403e-04 0.0
3.65609995e-01 -7.47684735e-03 0.0
3.64056509e-01 -1.48167179e-02 0.0
3.60791346e-01 -2.30309700e-02 0.0
3.55605960e-01 -3.22455081e-02 0.0
3.48264552e-01 -4.26128871e-02 0.0
3.38500014e-01 -5.43233299e-02 0.0
3.26009196e-01 -6.76205346e-02 0.0
3.10448231e-01 -8.28233504e-02 0.0
2.91429587e-01 -1.00355051e-01 0.0
2.68525148e-01 -1.20780049e-01 0.0
2.41284102e-01 -1.44844865e-01 0.0
2.09283152e-01 -1.73509940e-01 0.0
1.72239948e-01 -2.07938293e-01 0.0
1.30238285e-01 -2.49364292e-01 0.0
8.41240541e-02 -2.98693879e-01 0.0
3.61027638e-02 -3.55588402e-01 0.0
-9.56634478e-03 -4.16715122e-01 0.0
-4.62169773e-02 -4.72982682e-01 0.0
-6.57334263e-02 -5.06277032e-01 0.0
-6.21428541e-02 -4.87871615e-01 0.0
-3.81839731e-02 -3.82943177e-01 0.0
-1.11228230e-02 -1.65207105e-01 0.0
-9.22607659e-03 8.86855799e-02 0.0
-3.34403347e-02 2.01774346e-01 0.0
-6.03549057e-02 2.58394226e-01 0.0
-7.79726418e-02 2.76658657e-01 0.0
-8.31125179e-02 2.72600215e-01 0.0
-7.70160103e-02 2.57200468e-01 0.0
-6.24061393e-02 2.37065756e-01 0.0
-4.20346202e-02 2.15832469e-01 0.0
-1.81541209e-02 1.95339153e-01 0.0
7.56898300e-03 1.76409415e-01 0.0
3.39754814e-02 1.59324512e-01 0.0
6.02948605e-02 1.44092270e-01 0.0
8.60362942e-02 1.30594061e-01 0.0
1.10902874e-01 1.18662051e-01 0.0
1.34728788e-01 1.08118198e-01 0.0
1.57435192e-01 9.87924824e-02 0.0
1.78999816e-01 9.05304942e-02 0.0
1.99436389e-01 8.31954092e-02 0.0
2.18780722e-01 7.66675236e-02 0.0
2.37081406e-01 7.08424740e-02 0.0
2.54393520e-01 6.56292731e-02 0.0
2.70774426e-01 6.09481291e-02 0.0
2.86280873e-01 5.67286226e-02 0.0
3.00967035e-01 5.29078753e-02 0.0
3.14883094e-01 4.94291605e-02 0.0
3.28074234e-01 4.62404890e-02 0.0
3.40579834e-01 4.32936151e-02 0.0
3.52432832e-01 4.05429641e-02 0.0
3.63659147e-01 3.79449441e-02 0.0
3.74277158e-01 3.54571312e-02 0.0
3.84297174e-01 3.30378093e-02 0.0
3.93720921e-01 3.06453479e-02 0.0
4.02540995e-01 2.82379097e-02 0.0
4.10740303e-01 2.57729667e-02 0.0
4.18291472e-01 2.32071204e-02 0.0
4.25156229e-01 2.04956980e-02 0.0
4.31284742e-01 1.75926126e-02 0.0
4.36614913e-01 1.44499494e-02 0.0
4.41071615e-01 1.10177430e-02 0.0
4.44565825e-01 7.24338713e-03 0.0
4.46993650e-01 3.07109539e-03 0.0
4.48235145e-01 -1.55918976e-03 0.0
4.48152889e-01 -6.71311442e-03 0.0
4.46590144e-01 -1.24641561e-02 0.0
4.43368489e-01 -1.88966519e-02 0.0
4.38284640e-01 -2.61105312e-02 0.0
4.31106232e-01 -3.42279906e-02 0.0
4.21566114e-01 -4.34035153e-02 0.0
4.09354870e-01 -5.38382348e-02 0.0
3.94111188e-01 -6.58009529e-02 0.0
3.75410432e-01 -7.96580008e-02 0.0
3.52752936e-01 -9.59151197e-02 0.0
3.25557191e-01 -1.15272962e-01 0.0
2.93170273e-01 -1.38693936e-01 0.0
2.54923020e-01 -1.67463805e-01 0.0
2.10283700e-01 -2.03197764e-01 0.0
1.59202532e-01 -2.47664979e-01 0.0
1.02770346e-01 -3.02163799e-01 0.0
4.42656988e-02 -3.65965946e-01 0.0
-9.63825929e-03 -4.33177247e-01 0.0
-4.85365383e-02 -4.87667724e-01 0.0
-6.11265404e-02 -4.97481480e-01 0.0
-4.39460805e-02 -4.14472645e-01 0.0
-1.41774673e-02 -1.90048596e-01 0.0
-1.36885245e-02 1.12059271e-01 0.0
-4.48113879e-02 2.34196871e-01 0.0
-7.18501177e-02 2.79925009e-01 0.0
-8.13667637e-02 2.82262268e-01 0.0
-7.34463198e-02 2.64216050e-01 0.0
-5.26898067e-02 2.38731630e-01 0.0
-2.39758317e-02 2.12210766e-01 0.0
8.89681762e-03 1.87443313e-01 0.0
4.33387031e-02 1.65405949e-01 0.0
7.77222013e-02 1.46236046e-01 0.0
1.11091373e-01 1.29722240e-01 0.0
1.42928682e-01 1.15537887e-01 0.0
1.72990870e-01 1.03344858e-01 0.0
2.01200624e-01 9.28349601e-02 0.0
2.27577675e-01 8.37423636e-02 0.0
2.52195884e-01 7.58437472e-02 0.0
2.75156988e-01 6.89535447e-02 0.0
2.96574711e-01 6.29181109e-02 0.0
3.16565345e-01 5.76099038e-02 0.0
3.35242234e-01 5.29225717e-02 0.0
3.52712683e-01 4.87666641e-02 0.0
3.69076259e-01 4.50663110e-02 0.0
3.84423969e-01 4.17563389e-02 0.0
3.98837884e-01 3.87801397e-02 0.0
4.12391039e-01 3.60877400e-02 0.0
4.25147423e-01 3.36344445e-02 0.0
4.37162031e-01 3.13795119e-02 0.0
4.48480870e-01 2.92852910e-02 0.0
4.59140950e-01 2.73162836e-02 0.0
4.69170193e-01 2.54386006e-02 0.0
4.78587299e-01 2.36192803e-02 0.0
4.87401533e-01 2.18259588e-02 0.0
4.95612459e-01 2.00263614e-02 0.0
5.03209612e-01 1.81881174e-02 0.0
5.10172111e-01 1.62783641e-02 0.0
5.16468226e-01 1.42636450e-02 0.0
5.22054878e-01 1.21095621e-02 0.0
5.26877090e-01 9.78067777e-03 0.0
5.30867345e-01 7.24011755e-03 0.0
5.33944866e-01 4.44934003e-03 0.0
5.36014736e-01 1.36750697e-03 0.0
5.36966832e-01 -2.04913587e-03 0.0
5.36674459e-01 -5.84848291e-03 0.0
5.34992565e-01 -1.00840954e-02 0.0
5.31755324e-01 -1.48177637e-02 0.0
5.26772833e-01 -2.01230288e-02 0.0
5.19826481e-01 -2.60906840e-02 0.0
5.10662504e-01 -3.28366798e-02 0.0
4.98982874e-01 -4.05141506e-02 0.0
4.84432670e-01 -4.93311097e-02 0.0
4.66582723e-01 -5.95770994e-02 0.0
4.44906798e-01 -7.16625626e-02 0.0
4.18753771e-01 -8.61767111e-02 0.0
3.87319763e-01 -1.03969227e-01 0.0
3.49636167e-01 -1.26257634e-01 0.0
3.04615525e-01 -1.54743947e-01 0.0
2.51249595e-01 -1.91671672e-01 0.0
1.89143205e-01 -2.39618509e-01 0.0
1.19662619e-01 -3.00525984e-01 0.0
4.79046122e-02 -3.72955228e-01 0.0
-1.50415043e-02 -4.46045333e-01 0.0
-5.22430179e-02 -4.89312346e-01 0.0
-4.96495493e-02 -4.42415699e-01 0.0
-1.86488195e-02 -2.22416284e-01 0.0
-2.03449825e-02 1.46551796e-01 0.0
-5.74412274e-02 2.68382473e-01 0.0
-7.54522880e-02 2.90789204e-01 0.0
-6.51135968e-02 2.70576036e-01 0.0
-3.43081999e-02 2.37176453e-01 0.0
7.55338863e-03 2.03153138e-01 0.0
5.37036544e-02 1.72925034e-01 0.0
1.00100147e-01 1.47459920e-01 0.0
1.44606325e-01 1.26441300e-01 0.0
1.86241117e-01 1.09182425e-01 0.0
2.24670187e-01 9.49776446e-02 0.0
2.59898722e-01 8.32166642e-02 0.0
2.92096799e-01 7.34058460e-02 0.0
3.21504140e-01 6.51569084e-02 0.0
3.48380039e-01 5.81674988e-02 0.0
3.72978305e-01 5.22021712e-02 0.0
3.95535662e-01 4.70766976e-02 0.0
4.16267280e-01 4.26456550e-02 0.0
4.35365894e-01 3.87931526e-02 0.0
4.53002669e-01 3.54257000e-02 0.0
4.69328770e-01 3.24670289e-02 0.0
4.84477170e-01 2.98540151e-02 0.0
4.98564369e-01 2.75337721e-02 0.0
5.11691974e-01 2.54612326e-02 0.0
5.23948036e-01 2.35974791e-02 0.0
5.35408171e-01 2.19082343e-02 0.0
5.46136453e-01 2.03628814e-02 0.0
5.56186117e-01 1.89334684e-02 0.0
5.65600063e-01 1.75941308e-02 0.0
5.74411222e-01 1.63204020e-02 0.0
5.82642764e-01 1.50888822e-02 0.0
5.90308198e-01 1.38767410e-02 0.0
5.97411357e-01 1.26615455e-02 0.0
6.03946304e-01 1.14208864e-02 0.0
6.09897145e-01 1.01323054e-02 0.0
6.15237790e-01 8.77299569e-03 0.0
6.19931626e-01 7.31977323e-03 0.0
6.23931140e-01 5.74879155e-03 0.0
6.27177454e-01 4.03548312e-03 0.0
6.29599764e-01 2.15419204e-03 0.0
6.31114645e-01 7.79523818e-05 0.0
6.31625156e-01 -2.22214213e-03 0.0
6.31019680e-01 -4.77758120e-03 0.0
6.29170318e-01 -7.62369725e-03 0.0
6.25930702e-01 -1.08012625e-02 0.0
6.21132863e-01 -1.43591570e-02 0.0
6.14582785e-01 -1.83580863e-02 0.0
6.06053951e-01 -2.28764262e-02 0.0
5.95278003e-01 -2.80187903e-02 0.0
5.81931091e-01 -3.39293192e-02 0.0
5.65614030e-01 -4.08118481e-02 0.0
5.45823533e-01 -4.89613600e-02 0.0
5.21911370e-01 -5.88126961e-02 0.0
4.93028509e-01 -7.10163448e-02 0.0
4.58055493e-01 -8.65538796e-02 0.0
4.15534662e-01 -1.06906205e-01 0.0
3.63661956e-01 -1.34270758e-01 0.0
3.00500104e-01 -1.71751162e-01 0.0
2.24791473e-01 -2.23204099e-01 0.0
1.38058839e-01 -2.91786457e-01 0.0
4.86570832e-02 -3.74866222e-01 0.0
-2.35332954e-02 -4.51099556e-01 0.0
-5.00848174e-02 -4.56670430e-01 0.0
-2.40909961e-02 -2.64697659e-01 0.0
-2.73645129e-02 1.94720268e-01 0.0
-5.96267050e-02 2.90031419e-01 0.0
-4.57819471e-02 2.73306565e-01 0.0
3.40164385e-03 2.28536400e-01 0.0
6.74711395e-02 1.84341204e-01 0.0
1.33637041e-01 1.47960908e-01 0.0
1.95912415e-01 1.19691636e-01 0.0
2.52152498e-01 9.80567580e-02 0.0
3.02039398e-01 8.14514014e-02 0.0
3.46010934e-01 6.85660143e-02 0.0
3.84751258e-01 5.84246802e-02 0.0
4.18968769e-01 5.03236045e-02 0.0
4.49310340e-01 4.37592809e-02 0.0
4.76336438e-01 3.83700590e-02 0.0
5.00521556e-01 3.38933562e-02 0.0
5.22263718e-01 3.01359137e-02 0.0
5.41896145e-01 2.69532003e-02 0.0
5.59698261e-01 2.42354484e-02 0.0
5.75905184e-01 2.18978535e-02 0.0
5.90715516e-01 1.98739257e-02 0.0
6.04297641e-01 1.81106095e-02 0.0
6.16794725e-01 1.65649863e-02 0.0
6.28328688e-01 1.52016737e-02 0.0
6.39003333e-01 1.39911179e-02 0.0
6.48906806e-01 1.29080965e-02 0.0
6.58113519e-01 1.19308067e-02 0.0
6.66685652e-01 1.10399316e-02 0.0
6.74674293e-01 1.02181526e-02 0.0
6.82120311e-01 9.44952192e-03 0.0
6.89054988e-01 8.71921506e-03 0.0
6.95500473e-01 8.01308222e-03 0.0
7.01470075e-01 7.31754529e-03 0.0
7.06968437e-01 6.61925979e-03 0.0
7.11991601e-01 5.90510236e-03 0.0
7.16526987e-01 5.16190174e-03 0.0
7.20553304e-01 4.37647806e-03 0.0
7.24040390e-01 3.53540809e-03 0.0
7.26948996e-01 2.62507582e-03 0.0
7.29230493e-01 1.63142639e-03 0.0
7.30826503e-01 5.39966477e-04 0.0
7.31668410e-01 -6.64572333e-04 0.0
7.31676713e-01 -1.99839557e-03 0.0
7.30760125e-01 -3.47922739e-03 0.0
7.28814328e-01 -5.12685815e-03 0.0
7.25720167e-01 -6.96429080e-03 0.0
7.21341058e-01 -9.01914861e-03 0.0
7.15519170e-01 -1.13260962e-02 0.0
7.08069817e-01 -1.39301990e-02 0.0
6.98773103e-01 -1.68923263e-02 0.0
6.87361457e-01 -2.02971994e-02 0.0
6.73500825e-01 -2.42662470e-02 0.0
6.56762173e-01 -2.89777889e-02 0.0
6.36578029e-01 -3.46999371e-02 0.0
6.12176260e-01 -4.18444531e-02 0.0
5.82480174e-01 -5.10566488e-02 0.0
5.45963139e-01 -6.33655523e-02 0.0
5.00456416e-01 -8.04319647e-02 0.0
4.42963419e-01 -1.04935093e-01 0.0
3.69723803e-01 -1.41071907e-01 0.0
2.77303776e-01 -1.94765977e-01 0.0
1.66564733e-01 -2.71745894e-01 0.0
5.19992160e-02 -3.67463981e-01 0.0
-2.70568151e-02 -4.34698446e-01 0.0
-2.54658120e-02 -3.13796144e-01 0.0
-1.66946040e-02 2.39238346e-01 0.0
2.08039881e-03 2.59459491e-01 0.0
9.02985199e-02 2.01815618e-01 0.0
1.94028513e-01 1.47113767e-01 0.0
2.88592358e-01 1.07130503e-01 0.0
3.67994038e-01 7.96040362e-02 0.0
4.33029317e-01 6.07378644e-02 0.0
4.86209410e-01 4.75903625e-02 0.0
5.30043562e-01 3.81967575e-02 0.0
5.66592617e-01 3.13000791e-02 0.0
5.97441776e-01 2.61011470e-02 0.0
6.23784978e-01 2.20864393e-02 0.0
6.46520136e-01 1.89197345e-02 0.0
6.66327903e-01 1.63757572e-02 0.0
6.83730602e-01 1.42998590e-02 0.0
6.99134677e-01 1.25831933e-02 0.0
7.12860842e-01 1.11473497e-02 0.0
7.25165537e-01 9.93450937e-03 0.0
7.36256255e-01 8.90117441e-03 0.0
7.46302642e-01 8.01390917e-03 0.0
7.55444590e-01 7.24657700e-03 0.0
7.63798240e-01 6.57831049e-03 0.0
7.71460444e-01 5.99220748e-03 0.0
7.78512147e-01 5.47426207e-03 0.0
7.85020935e-01 5.01271868e-03 0.0
7.91042983e-01 4.59745044e-03 0.0
7.96624531e-01 4.21963447e-03 0.0
8.01803012e-01 3.87135485e-03 0.0
8.06607895e-01 3.54544736e-03 0.0
8.11061312e-01 3.23522395e-03 0.0
8.15178516e-01 2.93441376e-03 0.0
8.18968198e-01 2.63695857e-03 0.0
8.22432699e-01 2.33701184e-03 0.0
8.25568136e-01 2.02877806e-03 0.0
8.28364458e-01 1.70654695e-03 0.0
8.30805444e-01 1.36455869e-03 0.0
8.32868658e-01 9.97054738e-04 0.0
8.34525359e-01 5.98150892e-04 0.0
8.35740359e-01 1.61881685e-04 0.0
8.36471834e-01 -3.17945869e-04 0.0
8.36671045e-01 -8.47752397e-04 0.0
8.36281955e-01 -1.43440190e-03 0.0
8.35240665e-01 -2.08531837e-03 0.0
8.33474592e-01 -2.80887119e-03 0.0
8.30901254e-01 -3.61475498e-03 0.0
8.27426461e-01 -4.51475883e-03 0.0
8.22941618e-01 -5.52373326e-03 0.0
8.17319673e-01 -6.66124065e-03 0.0
8.10409019e-01 -7.95389725e-03 0.0
8.02024238e-01 -9.43918172e-03 0.0
7.91931907e-01 -1.11712834e-02 0.0
7.79828544e-01 -1.32307191e-02 0.0
7.65305815e-01 -1.57401187e-02 0.0
7.47794628e-01 -1.88912994e-02 0.0
7.26473649e-01 -2.29927240e-02 0.0
7.00117045e-01 -2.85558246e-02 0.0
6.66838839e-01 -3.64567531e-02 0.0
6.23669267e-01 -4.82477245e-02 0.0
5.65906419e-01 -6.67568034e-02 0.0
4.86407479e-01 -9.71621053e-02 0.0
3.76128677e-01 -1.48331916e-01 0.0
2.31011700e-01 -2.31195459e-01 0.0
7.62904770e-02 -3.37189711e-01 0.0
1.32827707e-03 -3.37475446e-01 0.0
1.18293581e-01 1.28081213e-01 0.0
3.39851977e-01 1.11994944e-01 0.0
5.11917131e-01 7.45335500e-02 0.0
6.25167769e-01 4.80661477e-02 0.0
6.99079619e-01 3.17740646e-02 0.0
7.48911497e-01 2.18923676e-02 0.0
7.84011194e-01 1.57609443e-02 0.0
8.09837870e-01 1.18131254e-02 0.0
8.29594662e-01 9.16336008e-03 0.0
8.45208976e-01 7.31053392e-03 0.0
8.57881192e-01 5.96550193e-03 0.0
8.68387835e-01 4.95669401e-03 0.0
8.77250722e-01 4.17881647e-03 0.0
8.84833324e-01 3.56505002e-03 0.0
8.91397179e-01 3.07141131e-03 0.0
8.97135925e-01 2.66808200e-03 0.0
9.02196494e-01 2.33411032e-03 0.0
9.06692720e-01 2.05447664e-03 0.0
9.10714346e-01 1.81801014e-03 0.0
9.14333130e-01 1.61634346e-03 0.0
9.17607116e-01 1.44292992e-03 0.0
9.20583646e-01 1.29269460e-03 0.0
9.23301558e-01 1.16146714e-03 0.0
9.25792788e-01 1.04592151e-03 0.0
9.28083561e-01 9.43179905e-04 0.0
9.30195282e-01 8.50886500e-04 0.0
9.32145205e-01 7.66887244e-04 0.0
9.33946928e-01 6.89372456e-04 0.0
9.35610775e-01 6.16592731e-04 0.0
9.37144062e-01 5.47040080e-04 0.0
9.38551306e-01 4.79182622e-04 0.0
9.39834363e-01 4.11668539e-04 0.0
9.40992530e-01 3.43071921e-04 0.0
9.42022602e-01 2.72110122e-04 0.0
9.42918916e-01 1.97397294e-04 0.0
9.43673364e-01 1.17668181e-04 0.0
9.44275391e-01 3.15370353e-05 0.0
9.44711985e-01 -6.22790439e-05 0.0
9.44967643e-01 -1.65199169e-04 0.0
9.45024320e-01 -2.78564911e-04 0.0
9.44861344e-01 -4.03884398e-04 0.0
9.44455292e-01 -5.42642820e-04 0.0
9.43779785e-01 -6.96566909e-04 0.0
9.42805175e-01 -8.67486421e-04 0.0
9.41498061e-01 -1.05765243e-03 0.0
9.39820553e-01 -1.26970387e-03 0.0
9.37729138e-01 -1.50711594e-03 0.0
9.35172973e-01 -1.77439430e-03 0.0
9.32091276e-01 -2.07784325e-03 0.0
9.28409347e-01 -2.42630232e-03 0.0
9.24032412e-01 -2.83276045e-03 0.0
9.18835972e-01 -3.31655616e-03 0.0
9.12650320e-01 -3.90749458e-03 0.0
9.05235069e-01 -4.65261859e-03 0.0
8.96235738e-01 -5.62889995e-03 0.0
8.85106776e-01 -6.96707076e-03 0.0
8.70968010e-01 -8.90011197e-03 0.0
8.52320765e-01 -1.18673395e-02 0.0
8.26448217e-01 -1.67534980e-02 0.0
7.88073515e-01 -2.54564852e-02 0.0
7.26332887e-01 -4.21511222e-02 0.0
6.18962383e-01 -7.50540770e-02 0.0
4.29135155e-01 -1.31777896e-01 0.0
1.54064281e-01 -1.67959035e-01 0.0
SCALARS velocity_magnitude double 1
LOOKUP_TABLE default
3.25172761e-04
5.30631681e-04
4.64308089e-04
3.92361078e-04
3.32318591e-04
3.30243610e-04
4.33086443e-04
6.24268966e-04
8.70657071e-04
1.15285756e-03
1.45966662e-03
1.78349104e-03
2.11854986e-03
2.46019700e-03
2.80456649e-03
3.14839570e-03
3.48887065e-03
3.82353508e-03
4.15018796e-03
4.46682510e-03
4.77156689e-03
5.06262392e-03
5.33824952e-03
5.59672646e-03
5.83634095e-03
6.05538728e-03
6.25215973e-03
6.42497195e-03
6.57216308e-03
6.69212851e-03
6.78333688e-03
6.84436896e-03
6.87394234e-03
6.87095553e-03
6.83451720e-03
6.76399252e-03
6.65903384e-03
6.51962617e-03
6.34611604e-03
6.13925259e-03
5.90021107e-03
5.63062587e-03
5.33260476e-03
5.00875001e-03
4.66215942e-03
4.29643203e-03
3.91565244e-03
3.52437859e-03
3.12760765e-03
2.73074627e-03
2.33956127e-03
1.96014226e-03
1.59885819e-03
1.26236333e-03
9.57678813e-04
6.92552134e-04
4.76452738e-04
3.22706749e-04
2.46617042e-04
2.41977752e-04
2.78778726e-04
3.51389513e-04
4.62286317e-04
3.26399533e-04
4.60219828e-04
8.06140896e-04
8.16544764e-04
7.80723911e-04
8.33127458e-04
1.08764931e-03
1.54294742e-03
2.14660468e-03
2.85826645e-03
3.65083864e-03
4.50415131e-03
5.40185335e-03
6.33012113e-03
7.27704749e-03
8.23228397e-03
9.18677310e-03
1.01325233e-02
1.10624065e-02
1.19699786e-02
1.28493208e-02
1.36949047e-02
1.45014821e-02
1.52639996e-02
1.59775373e-02
1.66372712e-02
1.72384573e-02
1.77764363e-02
1.82466555e-02
1.86447087e-02
1.89663877e-02
1.92077488e-02
1.93651859e-02
1.94355152e-02
1.94160619e-02
1.93047551e-02
1.91002198e-02
1.88018738e-02
1.84100171e-02
1.79259223e-02
1.73519119e-02
1.66914334e-02
1.59491159e-02
1.51308193e-02
1.42436601e-02
1.32960262e-02
1.22975604e-02
1.12591305e-02
1.01927633e-02
9.11155937e-03
8.02956972e-03
6.96165081e-03
5.92327978e-03
4.93035440e-03
3.99896858e-03
3.14522566e-03
2.38517953e-03
1.73527136e-03
1.21415619e-03
8.47221572e-04
6.65169462e-04
6.59364089e-04
7.47233398e-04
8.15620168e-04
5.35181575e-04
3.57045734e-04
7.67865745e-04
9.24042348e-04
1.12585633e-03
1.51524610e-03
2.13803318e-03
2.96878594e-03
3.97054809e-03
5.11124869e-03
6.36354296e-03
7.70333596e-03
9.10903594e-03
1.05612142e-02
1.20424204e-02
1.35370072e-02
1.50309475e-02
1.65116263e-02
1.79676310e-02
1.93885401e-02
2.07647309e-02
2.20872051e-02
2.33474454e-02
2.45372992e-02
2.56488977e-02
2.66746017e-02
2.76069825e-02
2.84388267e-02
2.91631708e-02
2.97733545e-02
3.02630988e-02
3.06265961e-02
3.08586197e-02
3.09546388e-02
3.09109469e-02
3.07247896e-02
3.03945001e-02
2.99196273e-02
2.93010664e-02
2.85411753e-02
2.76438860e-02
2.66147976e-02
2.54612552e-02
2.41924038e-02
2.28192223e-02
2.13545226e-02
1.98129219e-02
1.82107726e-02
1.65660545e-02
1.48982165e-02
1.32279691e-02
1.15770135e-02
9.96770656e-03
8.42264547e-03
6.96416951e-03
5.61377831e-03
4.39152144e-03
3.31556443e-03
2.40264658e-03
1.67147369e-03
1.15257283e-03
8.89971070e-04
8.52258339e-04
8.45804380e-04
4.85890083e-04
2.99506929e-04
7.82407582e-04
1.20951191e-03
1.78768964e-03
2.56507037e-03
3.55616647e-03
4.75041823e-03
6.12674611e-03
7.66044960e-03
9.32587344e-03
1.10976208e-02
1.29512383e-02
1.48636466e-02
1.68133707e-02
1.87806229e-02
2.07472665e-02
2.26967012e-02
2.46136984e-02
2.64842152e-02
2.82952056e-02
3.00344438e-02
3.16903712e-02
3.32519726e-02
3.47086855e-02
3.60503441e-02
3.72671570e-02
3.83497191e-02
3.92890505e-02
4.00766663e-02
4.07046662e-02
4.11658475e-02
4.14538310e-02
4.15632026e-02
4.14896604e-02
4.12301697e-02
4.07831160e-02
4.01484589e-02
3.93278753e-02
3.83248968e-02
3.71450286e-02
3.57958536e-02
3.42871107e-02
3.26307497e-02
3.08409502e-02
2.89341083e-02
2.69287767e-02
2.48455596e-02
2.27069497e-02
2.05371033e-02
1.83615402e-02
1.62067611e-02
1.40997651e-02
1.20674573e-02
1.01359348e-02
8.32966302e-03
6.67060455e-03
5.17752329e-03
3.86606051e-03
2.75112253e-03
1.85501996e-03
1.22442559e-03
9.13657383e-04
8.05237902e-04
4.38510221e-04
3.04206059e-04
9.71001574e-04
1.75547272e-03
2.73204034e-03
3.90061227e-03
5.26701031e-03
6.82759938e-03
8.56979542e-03
1.04748549e-02
1.25203092e-02
1.46817631e-02
1.69341997e-02
1.92528861e-02
2.16139735e-02
2.39948470e-02
2.63742901e-02
2.87325125e-02
3.10510868e-02
3.33128311e-02
3.55016653e-02
3.76024647e-02
3.96009244e-02
4.14834472e-02
4.32370609e-02
4.48493682e-02
4.63085313e-02
4.76032887e-02
4.87230045e-02
4.96577447e-02
5.03983797e-02
5.09367055e-02
5.12655840e-02
5.13790932e-02
5.12726880e-02
5.09433619e-02
5.03898120e-02
4.96125947e-02
4.86142779e-02
4.73995748e-02
4.59754647e-02
4.43512876e-02
4.25388168e-02
4.05522946e-02
3.84084359e-02
3.61263846e-02
3.37276232e-02
3.12358229e-02
2.86766295e-02
2.60773716e-02
2.34666836e-02
2.08740286e-02
1.83291131e-02
1.58611850e-02
1.34982262e-02
1.12660776e-02
9.18761100e-03
7.28220009e-03
5.56602328e-03
4.05423288e-03
2.76699954e-03
1.74297112e-03
1.05785718e-03
7.50582462e-04
3.88008680e-04
3.90130376e-04
1.35747205e-03
2.53306549e-03
3.91595337e-03
5.48514009e-03
7.23767599e-03
9.17023337e-03
1.12743265e-02
1.35358879e-02
1.59362659e-02
1.84535803e-02
2.10640141e-02
2.37428977e-02
2.64655329e-02
2.92077734e-02
3.19463896e-02
3.46592660e-02
3.73254721e-02
3.99252495e-02
4.24399469e-02
4.48519311e-02
4.71444955e-02
4.93017777e-02
5.13087005e-02
5.31509383e-02
5.48149142e-02
5.62878283e-02
5.75577140e-02
5.86135229e-02
5.94452311e-02
6.00439680e-02
6.04021571e-02
6.05136715e-02
6.03739915e-02
5.99803693e-02
5.93319858e-02
5.84301056e-02
5.72782155e-02
5.58821526e-02
5.42502063e-02
5.23932008e-02
5.03245429e-02
4.80602383e-02
4.56188642e-02
4.30214968e-02
4.02915820e-02
3.74547459e-02
3.45385322e-02
3.15720605e-02
2.85855941e-02
2.56100112e-02
2.26761786e-02
1.98142365e-02
1.70528298e-02
1.44183616e-02
1.19344182e-02
9.62163280e-03
7.49842379e-03
5.58328477e-03
3.89960742e-03
2.48465040e-03
1.40561072e-03
7.71048303e-04
3.36126532e-04
5.58880447e-04
1.91803297e-03
3.51768835e-03
5.32489988e-03
7.30811300e-03
9.45677849e-03
1.17656889e-02
1.42283431e-02
1.68343821e-02
1.95691111e-02
2.24140240e-02
2.53477337e-02
2.83469715e-02
3.13874875e-02
3.44447769e-02
3.74946164e-02
4.05134284e-02
4.34784999e-02
4.63680967e-02
4.91614992e-02
5.18389968e-02
5.43818572e-02
5.67722946e-02
5.89934446e-02
6.10293597e-02
6.28650247e-02
6.44863993e-02
6.58804842e-02
6.70354105e-02
6.79405502e-02
6.85866421e-02
6.89659325e-02
6.90723213e-02
6.89015156e-02
6.84511789e-02
6.77210792e-02
6.67132233e-02
6.54319821e-02
6.38841921e-02
6.20792395e-02
6.00291123e-02
5.77484244e-02
5.52543977e-02
5.25668063e-02
4.97078669e-02
4.67020773e-02
4.35759894e-02
4.03579140e-02
3.70775493e-02
3.37655288e-02
3.04528919e-02
2.71704858e-02
2.39483287e-02
2.08149901e-02
1.77970878e-02
1.49190638e-02
1.22034803e-02
9.67216767e-03
7.34862198e-03
5.26209027e-03
3.45381922e-03
1.98692046e-03
9.67010253e-04
3.10345288e-04
7.97534316e-04
2.63140266e-03
4.69853675e-03
6.95610214e-03
9.36926507e-03
1.19232127e-02
1.46113806e-02
1.74287763e-02
2.03683537e-02
2.34194307e-02
2.65673948e-02
2.97941309e-02
3.30787843e-02
3.63986092e-02
3.97297571e-02
4.30479377e-02
4.63289272e-02
4.95489377e-02
5.26848627e-02
5.57144343e-02
5.86163110e-02
6.13701300e-02
6.39565342e-02
6.63571981e-02
6.85548560e-02
7.05333457e-02
7.22776665e-02
7.37740564e-02
7.50100863e-02
7.59747691e-02
7.66586822e-02
7.70540967e-02
7.71551147e-02
7.69578037e-02
7.64603301e-02
7.56630826e-02
7.45687861e-02
7.31825956e-02
7.15121742e-02
6.95677418e-02
6.73620991e-02
6.49106140e-02
6.22311751e-02
5.93440969e-02
5.62719820e-02
5.30395268e-02
4.96732723e-02
4.62012916e-02
4.26528168e-02
3.90578054e-02
3.54464596e-02
3.18487199e-02
2.82937775e-02
2.48096721e-02
2.14230840e-02
1.81594668e-02
1.50437152e-02
1.21015842e-02
9.36207058e-03
6.86086556e-03
4.64490609e-03
2.77842936e-03
1.35650321e-03
3.58933080e-04
1.09529389e-03
3.48412327e-03
6.06914216e-03
8.80880836e-03
1.16706494e-02
1.46395555e-02
1.77094929e-02
2.08776480e-02
2.41405142e-02
2.74916632e-02
3.09208085e-02
3.44137471e-02
3.79528273e-02
4.15176666e-02
4.50859381e-02
4.86341034e-02
5.21380452e-02
5.55735673e-02
5.89167809e-02
6.21443809e-02
6.52338470e-02
6.81635814e-02
7.09130136e-02
7.34626792e-02
7.57942944e-02
7.78908276e-02
7.97365792e-02
8.13172692e-02
8.26201350e-02
8.36340378e-02
8.43495751e-02
8.47591989e-02
8.48573315e-02
8.46404813e-02
8.41073484e-02
8.32589224e-02
8.20985625e-02
8.06320622e-02
7.88676883e-02
7.68161982e-02
7.44908232e-02
7.19072233e-02
6.90834003e-02
6.60395758e-02
6.27980210e-02
5.93828443e-02
5.58197295e-02
5.21356291e-02
4.83584158e-02
4.45165044e-02
4.06384620e-02
3.67526417e-02
3.28868870e-02
2.90683809e-02
2.53237337e-02
2.16794329e-02
1.81627818e-02
1.48034557e-02
1.16357284e-02
8.70132857e-03
6.05271391e-03
3.75677925e-03
1.90270788e-03
4.96891439e-04
1.44530195e-03
4.46668092e-03
7.62348439e-03
1.08810713e-02
1.42133554e-02
1.76085744e-02
2.10636133e-02
2.45791820e-02
2.81560590e-02
3.17925842e-02
3.54832961e-02
3.92184833e-02
4.29843620e-02
4.67636409e-02
5.05362559e-02
5.42801490e-02
5.79719868e-02
6.15877903e-02
6.51034438e-02
6.84951042e-02
7.17395102e-02
7.48142234e-02
7.76978089e-02
8.03699825e-02
8.28117296e-02
8.50054144e-02
8.69348796e-02
8.85855471e-02
8.99445170e-02
9.10006694e-02
9.17447654e-02
9.21695455e-02
9.22698258e-02
9.20425835e-02
9.14870356e-02
9.06046997e-02
8.93994424e-02
8.78775020e-02
8.60474940e-02
8.39203840e-02
8.15094376e-02
7.88301333e-02
7.59000468e-02
7.27386947e-02
6.93673477e-02
6.58088036e-02
6.20871328e-02
5.82273932e-02
5.42553355e-02
5.01971062e-02
4.60789845e-02
4.19271817e-02
3.77677634e-02
3.36267495e-02
2.95304798e-02
2.55063196e-02
2.15837873e-02
1.77961368e-02
1.41823720e-02
1.07895312e-02
7.67497692e-03
4.90848595e-03
2.57658627e-03
7.02020972e-04
1.84294869e-03
5.57148860e-03
9.35524847e-03
1.31692887e-02
1.69965949e-02
2.08317360e-02
2.46768904e-02
2.85379329e-02
3.24210134e-02
3.63299977e-02
4.02648742e-02
4.42210164e-02
4.81891312e-02
5.21556619e-02
5.61034702e-02
6.00126230e-02
6.38611940e-02
6.76259919e-02
7.12832031e-02
7.48089166e-02
7.81795580e-02
8.13722257e-02
8.43649642e-02
8.71369738e-02
8.96687874e-02
9.19424120e-02
9.39414556e-02
9.56512365e-02
9.70588859e-02
9.81534408e-02
9.89259304e-02
9.93694541e-02
9.94792494e-02
9.92527493e-02
9.86896233e-02
9.77918050e-02
9.65634969e-02
9.50111584e-02
9.31434637e-02
9.09712418e-02
8.85073807e-02
8.57667111e-02
8.27658533e-02
7.95230442e-02
7.60579300e-02
7.23913455e-02
6.85450723e-02
6.45416013e-02
6.04039025e-02
5.61552388e-02
5.18190408e-02
4.74188945e-02
4.29786766e-02
3.85229027e-02
3.40773322e-02
2.96698885e-02
2.53319076e-02
2.10997085e-02
1.70163768e-02
1.31335801e-02
9.51308820e-03
6.22777680e-03
3.36379170e-03
9.56373469e-04
2.28486709e-03
6.79213287e-03
1.12579885e-02
1.56686116e-02
2.00178218e-02
2.43088312e-02
2.85512348e-02
3.27577571e-02
3.69411645e-02
4.11117782e-02
4.52757667e-02
4.94342358e-02
5.35829905e-02
5.77128202e-02
6.18101106e-02
6.58576502e-02
6.98354815e-02
7.37217392e-02
7.74933987e-02
8.11269351e-02
8.45988626e-02
8.78861862e-02
9.09667545e-02
9.38195498e-02
9.64249121e-02
9.87647255e-02
1.00822564e-01
1.02583815e-01
1.04035782e-01
1.05167767e-01
1.05971137e-01
1.06439385e-01
1.06568160e-01
1.06355296e-01
1.05800817e-01
1.04906919e-01
1.03677941e-01
1.02120305e-01
1.00242439e-01
9.80546718e-02
9.55691054e-02
9.27994600e-02
8.97609021e-02
8.64698459e-02
8.29437489e-02
7.92008932e-02
7.52601819e-02
7.11409478e-02
6.68628153e-02
6.24456224e-02
5.79094543e-02
5.32748080e-02
4.85629464e-02
4.37964649e-02
3.90001202e-02
3.42019219e-02
2.94344896e-02
2.47365960e-02
2.01547829e-02
1.57448105e-02
1.15726558e-02
7.71478696e-03
4.25905254e-03
1.25197719e-03
2.76844341e-03
8.12308483e-03
1.33253980e-02
1.83734801e-02
2.32731806e-02
2.80381239e-02
3.26871339e-02
3.72413652e-02
4.17214815e-02
4.61452588e-02
5.05258554e-02
5.48707866e-02
5.91815778e-02
6.34539430e-02
6.76783648e-02
7.18408947e-02
7.59240763e-02
7.99078605e-02
8.37704807e-02
8.74892168e-02
9.10410654e-02
9.44032833e-02
9.75538428e-02
1.00471785e-01
1.03137509e-01
1.05532988e-01
1.07641948e-01
1.09449996e-01
1.10944722e-01
1.12115772e-01
1.12954895e-01
1.13455973e-01
1.13615028e-01
1.13430206e-01
1.12901749e-01
1.12031936e-01
1.10825012e-01
1.09287088e-01
1.07426021e-01
1.05251278e-01
1.02773765e-01
1.00005655e-01
9.69601873e-02
9.36514637e-02
9.00942395e-02
8.63037327e-02
8.22954474e-02
7.80850558e-02
7.36883376e-02
6.91212314e-02
6.44000059e-02
5.95416116e-02
5.45642219e-02
4.94880168e-02
4.43362000e-02
3.91362678e-02
3.39214619e-02
2.87323419e-02
2.36182974e-02
1.86387986e-02
1.38640610e-02
9.37492520e-03
5.26299554e-03
1.58637315e-03
3.29157894e-03
9.55953144e-03
1.55514895e-02
2.12780399e-02
2.67579580e-02
3.20166738e-02
3.70837601e-02
4.19902310e-02
4.67658675e-02
5.14369138e-02
5.60243380e-02
6.05427680e-02
6.50000568e-02
6.93974162e-02
7.37299534e-02
7.79875048e-02
8.21555979e-02
8.62164734e-02
9.01500508e-02
9.39348270e-02
9.75486439e-02
1.00969353e-01
1.04175347e-01
1.07145998e-01
1.09861995e-01
1.12305605e-01
1.14460868e-01
1.16313743e-01
1.17852198e-01
1.19066278e-01
1.19948125e-01
1.20491982e-01
1.20694170e-01
1.20553029e-01
1.20068859e-01
1.19243815e-01
1.18081799e-01
1.16588318e-01
1.14770335e-01
1.12636086e-01
1.10194900e-01
1.07456982e-01
1.04433219e-01
1.01134954e-01
9.75738028e-02
9.37614684e-02
8.97096248e-02
8.54298451e-02
8.09336420e-02
7.62326165e-02
7.13387800e-02
6.62650521e-02
6.10259946e-02
5.56387711e-02
5.01243670e-02
4.45090153e-02
3.88258013e-02
3.31163053e-02
2.74321474e-02
2.18361707e-02
1.64030082e-02
1.12187876e-02
6.38092382e-03
1.96020884e-03
3.85253759e-03
1.10972479e-02
1.79306553e-02
2.43763868e-02
3.04669194e-02
3.62406424e-02
4.17391788e-02
4.70046620e-02
5.20771247e-02
5.69922328e-02
6.17795745e-02
6.64615617e-02
7.10529769e-02
7.55610593e-02
7.99860547e-02
8.43220554e-02
8.85580425e-02
9.26789747e-02
9.66668808e-02
1.00501851e-01
1.04162937e-01
1.07628900e-01
1.10878852e-01
1.13892748e-01
1.16651792e-01
1.19138729e-01
1.21338066e-01
1.23236221e-01
1.24821616e-01
1.26084720e-01
1.27018060e-01
1.27616185e-01
1.27875612e-01
1.27794738e-01
1.27373730e-01
1.26614397e-01
1.25520032e-01
1.24095246e-01
1.22345774e-01
1.20278281e-01
1.17900141e-01
1.15219223e-01
1.12243669e-01
1.08981692e-01
1.05441383e-01
1.01630574e-01
9.75567385e-02
9.32270026e-02
8.86482380e-02
8.38273273e-02
7.87715843e-02
7.34894068e-02
6.79911488e-02
6.22902708e-02
5.64047251e-02
5.03585885e-02
4.41838341e-02
3.79221631e-02
3.16266819e-02
2.53632222e-02
1.92109837e-02
1.32623207e-02
7.62242338e-03
2.37638504e-03
4.44984594e-03
1.27324578e-02
2.04576287e-02
2.76626562e-02
3.43944872e-02
4.07055072e-02
4.66505280e-02
5.22839291e-02
5.76570056e-02
6.28157313e-02
6.77990485e-02
7.26377930e-02
7.73542174e-02
8.19620970e-02
8.64672713e-02
9.08685453e-02
9.51587719e-02
9.93260521e-02
1.03354906e-01
1.07227399e-01
1.10924126e-01
1.14425083e-01
1.17710372e-01
1.20760788e-01
1.23558256e-01
1.26086179e-01
1.28329661e-01
1.30275679e-01
1.31913157e-01
1.33233003e-01
1.34228089e-01
1.34893194e-01
1.35224911e-01
1.35221526e-01
1.34882878e-01
1.34210185e-01
1.33205863e-01
1.31873327e-01
1.30216772e-01
1.28240953e-01
1.25950960e-01
1.23351980e-01
1.20449092e-01
1.17247052e-01
1.13750134e-01
1.09962000e-01
1.05885658e-01
1.01523492e-01
9.68774447e-02
9.19493265e-02
8.67413522e-02
8.12568742e-02
7.55014067e-02
6.94839028e-02
6.32183424e-02
5.67255514e-02
5.00352375e-02
4.31880726e-02
3.62376884e-02
2.92522881e-02
2.23156215e-02
1.55270407e-02
9.00133310e-03
2.83973584e-03
5.08220382e-03
1.44616902e-02
2.31273662e-02
3.11309741e-02
3.85347716e-02
4.54061370e-02
5.18141240e-02
5.78263572e-02
6.35063030e-02
6.89110075e-02
7.40894283e-02
7.90813672e-02
8.39170421e-02
8.86171931e-02
9.31936843e-02
9.76504270e-02
1.01984558e-01
1.06187697e-01
1.10247246e-01
1.14147591e-01
1.17871218e-01
1.21399655e-01
1.24714282e-01
1.27796967e-01
1.30630568e-01
1.33199303e-01
1.35489004e-01
1.37487281e-01
1.39183600e-01
1.40569298e-01
1.41637541e-01
1.42383237e-01
1.42802919e-01
1.42894584e-01
1.42657521e-01
1.42092117e-01
1.41199637e-01
1.39982007e-01
1.38441579e-01
1.36580897e-01
1.34402454e-01
1.31908479e-01
1.29100701e-01
1.25980181e-01
1.22547138e-01
1.18800868e-01
1.14739704e-01
1.10361101e-01
1.05661829e-01
1.00638358e-01
9.52874108e-02
8.96067998e-02
8.35965063e-02
7.72601095e-02
7.06065103e-02
6.36520030e-02
5.64225805e-02
4.89564218e-02
4.13063227e-02
3.35418610e-02
2.57509137e-02
1.80402809e-02
1.05358701e-02
3.35700875e-03
5.74840908e-03
1.62816114e-02
2.59348590e-02
3.47752930e-02
4.28814490e-02
5.03367333e-02
5.72254416e-02
6.36293613e-02
6.96249021e-02
7.52808386e-02
8.06566631e-02
8.58016008e-02
9.07542137e-02
9.55425883e-02
1.00184959e-01
1.04690723e-01
1.09061653e-01
1.13293273e-01
1.17376218e-01
1.21297561e-01
1.25041998e-01
1.28592909e-01
1.31933218e-01
1.35046110e-01
1.37915573e-01
1.40526802e-01
1.42866466e-01
1.44922882e-01
1.46686077e-01
1.48147794e-01
1.49301424e-01
1.50141896e-01
1.50665524e-01
1.50869827e-01
1.50753328e-01
1.50315325e-01
1.49555670e-01
1.48474517e-01
1.47072094e-01
1.45348448e-01
1.43303223e-01
1.40935429e-01
1.38243244e-01
1.35223835e-01
1.31873224e-01
1.28186199e-01
1.24156316e-01
1.19775971e-01
1.15036633e-01
1.09929202e-01
1.04444610e-01
9.85746391e-02
9.23130720e-02
8.56571631e-02
7.86095279e-02
7.11804019e-02
6.33903138e-02
5.52730199e-02
4.68785967e-02
3.82763545e-02
2.95572541e-02
2.08353853e-02
1.22488513e-02
3.93692082e-03
6.44728084e-03
1.81888450e-02
2.88748831e-02
3.85891115e-02
4.74275029e-02
5.54906109e-02
6.28789791e-02
6.96893759e-02
7.60118096e-02
8.19272605e-02
8.75061419e-02
9.28073935e-02
9.78782131e-02
1.02754295e-01
1.07460557e-01
1.12012183e-01
1.16415941e-01
1.20671601e-01
1.24773405e-01
1.28711451e-01
1.32473001e-01
1.36043581e-01
1.39407948e-01
1.42550841e-01
1.45457580e-01
1.48114488e-01
1.50509183e-01
1.52630743e-01
1.54469773e-01
1.56018383e-01
1.57270112e-01
1.58219784e-01
1.58863336e-01
1.59197613e-01
1.59220141e-01
1.58928894e-01
1.58322040e-01
1.57397705e-01
1.56153721e-01
1.54587396e-01
1.52695285e-01
1.50472989e-01
1.47914956e-01
1.45014341e-01
1.41762865e-01
1.38150767e-01
1.34166775e-01
1.29798213e-01
1.25031177e-01
1.19850903e-01
1.14242290e-01
1.08190715e-01
1.01683116e-01
9.47095061e-02
8.72648951e-02
7.93517653e-02
7.09830468e-02
6.21856370e-02
5.30042554e-02
4.35054420e-02
3.37812020e-02
2.39518412e-02
1.41679598e-02
4.59034167e-03
7.17759000e-03
2.01797656e-02
3.19416765e-02
4.25650784e-02
5.21648003e-02
6.08598280e-02
6.87679675e-02
7.60017080e-02
8.26651170e-02
8.88516750e-02
9.46428713e-02
1.00107502e-01
1.05301518e-01
1.10268414e-01
1.15039999e-01
1.19637542e-01
1.24073117e-01
1.28351105e-01
1.32469708e-01
1.36422434e-01
1.40199439e-01
1.43788739e-01
1.47177199e-01
1.50351370e-01
1.53298097e-01
1.56004992e-01
1.58460721e-01
1.60655181e-01
1.62579555e-01
1.64226285e-01
1.65588964e-01
1.66662184e-01
1.67441340e-01
1.67922406e-01
1.68101695e-01
1.67975609e-01
1.67540394e-01
1.66791888e-01
1.65725294e-01
1.64334946e-01
1.62614119e-01
1.60554824e-01
1.58147663e-01
1.55381678e-01
1.52244263e-01
1.48721089e-01
1.44796113e-01
1.40451620e-01
1.35668401e-01
1.30426010e-01
1.24703245e-01
1.18478803e-01
1.11732300e-01
1.04445643e-01
9.66049623e-02
8.82031278e-02
7.92430437e-02
6.97416840e-02
5.97349086e-02
4.92827612e-02
3.84748743e-02
2.74352359e-02
1.63260421e-02
5.33050828e-03
7.93799550e-03
2.22502757e-02
3.51285354e-02
4.66944380e-02
5.70834896e-02
6.64346175e-02
7.48839510e-02
8.25602792e-02
8.95819632e-02
9.60549640e-02
1.02071759e-01
1.07710884e-01
1.13037027e-01
1.18101525e-01
1.22943263e-01
1.27589832e-01
1.32058949e-01
1.36359964e-01
1.40495446e-01
1.44462686e-01
1.48255132e-01
1.51863616e-01
1.55277435e-01
1.58485197e-01
1.61475495e-01
1.64237376e-01
1.66760665e-01
1.69036126e-01
1.71055528e-01
1.72811589e-01
1.74297873e-01
1.75508611e-01
1.76438491e-01
1.77082425e-01
1.77435297e-01
1.77491716e-01
1.77245761e-01
1.76690760e-01
1.75819050e-01
1.74621796e-01
1.73088794e-01
1.71208332e-01
1.68967037e-01
1.66349791e-01
1.63339627e-01
1.59917705e-01
1.56063270e-01
1.51753716e-01
1.46964650e-01
1.41670106e-01
1.35842833e-01
1.29454826e-01
1.22478080e-01
1.14885792e-01
1.06654050e-01
9.77643165e-02
8.82067815e-02
7.79849029e-02
6.71211205e-02
5.56637708e-02
4.36947142e-02
3.13369534e-02
1.87613844e-02
6.17335787e-03
8.72700332e-03
2.43955553e-02
3.84272824e-02
5.09662723e-02
6.21711389e-02
7.22026114e-02
8.12161957e-02
8.93573303e-02
9.67584939e-02
1.03537724e-01
1.09798000e-01
1.15627231e-01
1.21098599e-01
1.26271256e-01
1.31191259e-01
1.35892799e-01
1.40399569e-01
1.44726320e-01
1.48880411e-01
1.52863377e-01
1.56672354e-01
1.60301391e-01
1.63742532e-01
1.66986737e-01
1.70024556e-01
1.72846646e-01
1.75444090e-01
1.77808580e-01
1.79932462e-01
1.81808698e-01
1.83430729e-01
1.84792302e-01
1.85887243e-01
1.86709220e-01
1.87251490e-01
1.87506648e-01
1.87466398e-01
1.87121321e-01
1.86460691e-01
1.85472288e-01
1.84142268e-01
1.82455023e-01
1.80393112e-01
1.77937160e-01
1.75065840e-01
1.71755811e-01
1.67981734e-01
1.63716245e-01
1.58930019e-01
1.53591807e-01
1.47668608e-01
1.41125898e-01
1.33928133e-01
1.26039513e-01
1.17425340e-01
1.08054082e-01
9.79006036e-02
8.69508134e-02
7.52081960e-02
6.27023311e-02
4.94993338e-02
3.57133457e-02
2.15179105e-02
7.13791922e-03
9.54297189e-03
2.66097826e-02
4.18275426e-02
5.53664097e-02
6.74115419e-02
7.81477802e-02
8.77509845e-02
9.63831050e-02
1.04189971e-01
1.11300663e-01
1.17827724e-01
1.23867695e-01
1.29501843e-01
1.34796978e-01
1.39806469e-01
1.44571378e-01
1.49121828e-01
1.53478446e-01
1.57653927e-01
1.61654540e-01
1.65481615e-01
1.69132823e-01
1.72603347e-01
1.75886783e-01
1.78975893e-01
1.81863107e-01
1.84540889e-01
1.87001908e-01
1.89239107e-01
1.91245640e-01
1.93014756e-01
1.94539600e-01
1.95812996e-01
1.96827202e-01
1.97573660e-01
1.98042763e-01
1.98223621e-01
1.98103872e-01
1.97669503e-01
1.96904721e-01
1.95791828e-01
1.94311168e-01
1.92441054e-01
1.90157765e-01
1.87435516e-01
1.84246481e-01
1.80560768e-01
1.76346442e-01
1.71569467e-01
1.66193700e-01
1.60180809e-01
1.53490287e-01
1.46079479e-01
1.37903901e-01
1.28917877e-01
1.19075971e-01
1.08335498e-01
9.66608516e-02
8.40302219e-02
7.04455258e-02
5.59458371e-02
4.06240362e-02
2.46451457e-02
8.24686528e-03
1.03842147e-02
2.88857838e-02
4.53156538e-02
5.98758136e-02
7.27830157e-02
8.42490867e-02
9.44708259e-02
1.03625711e-01
1.11871147e-01
1.19345403e-01
1.26168993e-01
1.32446002e-01
1.38265153e-01
1.43700773e-01
1.48813686e-01
1.53652274e-01
1.58253627e-01
1.62644908e-01
1.66844770e-01
1.70864867e-01
1.74711257e-01
1.78385755e-01
1.81887070e-01
1.85211796e-01
1.88355144e-01
1.91311524e-01
1.94074890e-01
1.96638967e-01
1.98997298e-01
2.01143214e-01
2.03069698e-01
2.04769202e-01
2.06233423e-01
2.07453065e-01
2.08417596e-01
2.09115017e-01
2.09531665e-01
2.09652020e-01
2.09458581e-01
2.08931741e-01
2.08049748e-01
2.06788645e-01
2.05122307e-01
2.03022437e-01
2.00458651e-01
1.97398490e-01
1.93807502e-01
1.89649209e-01
1.84885105e-01
1.79474492e-01
1.73374310e-01
1.66538787e-01
1.58919105e-01
1.50462986e-01
1.41114534e-01
1.30814480e-01
1.19501486e-01
1.07115163e-01
9.36020622e-02
7.89259309e-02
6.30838000e-02
4.61286089e-02
2.81976790e-02
9.52720065e-03
1.12492906e-02
3.12144989e-02
4.88728841e-02
6.44680811e-02
7.82560414e-02
9.04788531e-02
1.01353834e-01
1.11071400e-01
1.19797275e-01
1.27675881e-01
1.34833414e-01
1.41380007e-01
1.47411156e-01
1.53008580e-01
1.58240940e-01
1.63164536e-01
1.67824242e-01
1.72254567e-01
1.76480979e-01
1.80521243e-01
1.84386849e-01
1.88084302e-01
1.91616333e-01
1.94982879e-01
1.98181906e-01
2.01209985e-01
2.04062715e-01
2.06734936e-01
2.09220835e-01
2.11513897e-01
2.13606799e-01
2.15491224e-01
2.17157646e-01
2.18595098e-01
2.19790930e-01
2.20730606e-01
2.21397494e-01
2.21772731e-01
2.21835084e-01
2.21560908e-01
2.20924090e-01
2.19896101e-01
2.18446030e-01
2.16540706e-01
2.14144792e-01
2.11220941e-01
2.07729876e-01
2.03630493e-01
1.98879814e-01
1.93432885e-01
1.87242425e-01
1.80258330e-01
1.72426838e-01
1.63689516e-01
1.53981984e-01
1.43232748e-01
1.31362462e-01
1.18284626e-01
1.03909053e-01
8.81505178e-02
7.09455046e-02
5.22804731e-02
3.22334916e-02
1.10112197e-02
1.21376239e-02
3.35838906e-02
5.24722305e-02
6.91055170e-02
8.37900848e-02
9.68011625e-02
1.08373737e-01
1.18705887e-01
1.27966192e-01
1.36300814e-01
1.43838566e-01
1.50693939e-01
1.56968539e-01
1.62751662e-01
1.68120452e-01
1.73140139e-01
1.77864453e-01
1.82336408e-01
1.86589304e-01
1.90647991e-01
1.94530164e-01
1.98247707e-01
2.01807876e-01
2.05214386e-01
2.08468237e-01
2.11568400e-01
2.14512244e-01
2.17295831e-01
2.19914016e-01
2.22360459e-01
2.24627503e-01
2.26706021e-01
2.28585198e-01
2.30252304e-01
2.31692470e-01
2.32888474e-01
2.33820569e-01
2.34466326e-01
2.34800563e-01
2.34795278e-01
2.34419687e-01
2.33640263e-01
2.32420892e-01
2.30723006e-01
2.28505826e-01
2.25726547e-01
2.22340604e-01
2.18301806e-01
2.13562471e-01
2.08073311e-01
2.01783177e-01
1.94638370e-01
1.86581604e-01
1.77550320e-01
1.67474456e-01
1.56273534e-01
1.43853435e-01
1.30103414e-01
1.14894968e-01
9.80853111e-02
7.95305197e-02
5.91155564e-02
3.68098310e-02
1.27377335e-02
1.30506290e-02
3.59762460e-02
5.60723914e-02
7.37330332e-02
8.93298757e-02
1.03171143e-01
1.15501688e-01
1.26517675e-01
1.36382330e-01
1.45237672e-01
1.53211620e-01
1.60421358e-01
1.66974374e-01
1.72968169e-01
1.78489608e-01
1.83614295e-01
1.88406397e-01
1.92918877e-01
1.97194238e-01
2.01265531e-01
2.05157639e-01
2.08888555e-01
2.12470678e-01
2.15911911e-01
2.19216637e-01
2.22386425e-01
2.25420588e-01
2.28316488e-01
2.31069726e-01
2.33674148e-01
2.36121782e-01
2.38402673e-01
2.40504685e-01
2.42413278e-01
2.44111281e-01
2.45578686e-01
2.46792463e-01
2.47726438e-01
2.48351192e-01
2.48634059e-01
2.48539138e-01
2.48027437e-01
2.47057010e-01
2.45583242e-01
2.43559109e-01
2.40935565e-01
2.37661856e-01
2.33685916e-01
2.28954573e-01
2.23413712e-01
2.17008067e-01
2.09680704e-01
2.01371824e-01
1.92016837e-01
1.81543267e-01
1.69866399e-01
1.56883282e-01
1.42465343e-01
1.26450285e-01
1.08635963e-01
8.87820735e-02
6.66317963e-02
4.19735382e-02
1.47535622e-02
1.39932275e-02
3.83610066e-02
5.96063141e-02
7.82695183e-02
9.48026208e-02
1.09537471e-01
1.22711977e-01
1.34505076e-01
1.45063619e-01
1.54518796e-01
1.62994258e-01
1.70608924e-01
1.77476675e-01
1.83704722e-01
1.89391569e-01
1.94625355e-01
1.99482735e-01
2.04028571e-01
2.08316192e-01
2.12388269e-01
2.16277944e-01
2.20010205e-01
2.23603196e-01
2.27069503e-01
2.30417182e-01
2.33650656e-01
2.36771304e-01
2.39777913e-01
2.42666881e-01
2.45432308e-01
2.48065928e-01
2.50556987e-01
2.52892036e-01
2.55054707e-01
2.57025488e-01
2.58781493e-01
2.60296289e-01
2.61539735e-01
2.62477916e-01
2.63073094e-01
2.63283798e-01
2.63064918e-01
2.62367971e-01
2.61141370e-01
2.59330863e-01
2.56879962e-01
2.53730514e-01
2.49823196e-01
2.45098066e-01
2.39494893e-01
2.32953336e-01
2.25412611e-01
2.16810600e-01
2.07081894e-01
1.96154516e-01
1.83944565e-01
1.70348200e-01
1.55229917e-01
1.38406553e-01
1.19627242e-01
9.85534678e-02
7.47525742e-02
4.77387471e-02
1.71143101e-02
1.49738454e-02
4.06758701e-02
6.29607706e-02
8.25987324e-02
1.00121168e-01
1.15853097e-01
1.29995489e-01
1.42689167e-01
1.54052511e-01
1.64199957e-01
1.73248964e-01
1.81320576e-01
1.88536916e-01
1.95017429e-01
2.00875171e-01
2.06213664e-01
2.11124799e-01
2.15687678e-01
2.19968511e-01
2.24021167e-01
2.27888336e-01
2.31602893e-01
2.35189427e-01
2.38665629e-01
2.42043573e-01
2.45330700e-01
2.48530625e-01
2.51643632e-01
2.54667012e-01
2.57595169e-01
2.60419618e-01
2.63128854e-01
2.65708157e-01
2.68139359e-01
2.70400589e-01
2.72466038e-01
2.74305732e-01
2.75885385e-01
2.77166260e-01
2.78105164e-01
2.78654459e-01
2.78762248e-01
2.78372581e-01
2.77425868e-01
2.75859311e-01
2.73607551e-01
2.70603310e-01
2.66778211e-01
2.62063501e-01
2.56390827e-01
2.49692703e-01
2.41902736e-01
2.32955104e-01
2.22783160e-01
2.11316417e-01
1.98475318e-01
1.84162416e-01
1.68248279e-01
1.50549131e-01
1.30792584e-01
1.08567933e-01
8.32651356e-02
5.40357336e-02
1.98796488e-02
1.59923872e-02
4.27800026e-02
6.59467969e-02
8.65711063e-02
1.05206014e-01
1.22103708e-01
1.37386189e-01
1.51135085e-01
1.63431593e-01
1.74371135e-01
1.84065838e-01
1.92641407e-01
2.00231522e-01
2.06971645e-01
2.12993185e-01
2.18418772e-01
2.23358819e-01
2.27909592e-01
2.32152487e-01
2.36154451e-01
2.39969049e-01
2.43638050e-01
2.47193108e-01
2.50657472e-01
2.54047457e-01
2.57373718e-01
2.60642173e-01
2.63854706e-01
2.67009550e-01
2.70101501e-01
2.73121924e-01
2.76058646e-01
2.78895750e-01
2.81613315e-01
2.84187135e-01
2.86588429e-01
2.88783598e-01
2.90733987e-01
2.92395756e-01
2.93719776e-01
2.94651678e-01
2.95131947e-01
2.95096214e-01
2.94475610e-01
2.93197359e-01
2.91185428e-01
2.88361433e-01
2.84645565e-01
2.79957712e-01
2.74218487e-01
2.67350258e-01
2.59277787e-01
2.49928457e-01
2.39231480e-01
2.27115805e-01
2.13505685e-01
1.98312843e-01
1.81422770e-01
1.62671175e-01
1.41802384e-01
1.18395024e-01
9.17317094e-02
6.05973675e-02
2.30816087e-02
1.69693584e-02
4.43554994e-02
6.82874429e-02
9.00546998e-02
1.10053483e-01
1.28367617e-01
1.45005526e-01
1.59981978e-01
1.73342568e-01
1.85167620e-01
1.95568334e-01
2.04679511e-01
2.12651016e-01
2.19638974e-01
2.25797821e-01
2.31273614e-01
2.36199258e-01
2.40691442e-01
2.44849460e-01
2.48755296e-01
2.52474868e-01
2.56059747e-01
2.59549282e-01
2.62972572e-01
2.66350383e-01
2.69696617e-01
2.73019569e-01
2.76322721e-01
2.79605314e-01
2.82862579e-01
2.86085821e-01
2.89262279e-01
2.92374924e-01
2.95402147e-01
2.98317432e-01
3.01089016e-01
3.03679554e-01
3.06045855e-01
3.08138630e-01
3.09902393e-01
3.11275374e-01
3.12189651e-01
3.12571331e-01
3.12340996e-01
3.11414221e-01
3.09702419e-01
3.07113750e-01
3.03554368e-01
2.98929686e-01
2.93145877e-01
2.86111225e-01
2.77737420e-01
2.67940283e-01
2.56639823e-01
2.43758876e-01
2.29219873e-01
2.12938425e-01
1.94812159e-01
1.74701039e-01
1.52391236e-01
1.27522022e-01
9.94231067e-02
6.67352879e-02
2.65779382e-02
1.74272983e-02
4.48054607e-02
6.97657744e-02
9.31328235e-02
1.14890378e-01
1.34915972e-01
1.53121747e-01
1.69476232e-01
1.84003558e-01
1.96777699e-01
2.07914758e-01
2.17563443e-01
2.25894498e-01
2.33089646e-01
2.39331351e-01
2.44793965e-01
2.49637221e-01
2.54001935e-01
2.58008155e-01
2.61755028e-01
2.65322210e-01
2.68771953e-01
2.72151725e-01
2.75496675e-01
2.78832013e-01
2.82174859e-01
2.85535794e-01
2.88919860e-01
2.92327275e-01
2.95753730e-01
2.99190505e-01
3.02624316e-01
3.06037085e-01
3.09405561e-01
3.12700943e-01
3.15888438e-01
3.18926869e-01
3.21768291e-01
3.24357686e-01
3.26632723e-01
3.28523644e-01
3.29953261e-01
3.30837131e-01
3.31083908e-01
3.30595912e-01
3.29269948e-01
3.26998376e-01
3.23670444e-01
3.19173871e-01
3.13396603e-01
3.06228661e-01
2.97563861e-01
2.87301173e-01
2.75345279e-01
2.61605818e-01
2.45994560e-01
2.28419555e-01
2.08774906e-01
1.86924063e-01
1.62672541e-01
1.35718992e-01
1.05545911e-01
7.10880505e-02
2.94500261e-02
7.91596714e-03
2.37636078e-02
3.87092607e-02
5.26839382e-02
6.57988907e-02
7.81989181e-02
9.00220732e-02
1.01388588e-01
1.12397241e-01
1.23125005e-01
1.33628627e-01
1.43947161e-01
1.54105159e-01
1.64115903e-01
1.73984638e-01
1.83711242e-01
1.93292480e-01
2.02723406e-01
2.11998293e-01
2.21110826e-01
2.30054030e-01
2.38819768e-01
2.47398229e-01
2.55777214e-01
2.63941548e-01
2.71872411e-01
2.79546813e-01
2.86937031e-01
2.94010187e-01
3.00727801e-01
3.07045497e-01
3.12912736e-01
3.18272710e-01
3.23062362e-01
3.27212600e-01
3.30648750e-01
3.33291265e-01
3.35056797e-01
3.35859603e-01
3.35613441e-01
3.34233853e-01
3.31641050e-01
3.27763183e-01
3.22540223e-01
3.15928110e-01
3.07903314e-01
2.98467304e-01
2.87650904e-01
2.75517782e-01
2.62166851e-01
2.47732496e-01
2.32382186e-01
2.16310152e-01
1.99726577e-01
1.82841133e-01
1.65840763e-01
1.48861582e-01
1.31956288e-01
1.15058649e-01
9.79468164e-02
8.02032488e-02
6.11601993e-02
3.98124696e-02
1.48339771e-02
2.07924422e-03
1.81047923e-03
7.43657559e-03
1.36700274e-02
2.05227094e-02
2.82425246e-02
3.69827358e-02
4.67563883e-02
5.74735292e-02
6.89871673e-02
8.11270079e-02
9.37209866e-02
1.06607663e-01
1.19643268e-01
1.32704813e-01
1.45691053e-01
1.58521457e-01
1.71134278e-01
1.83483615e-01
1.95536322e-01
2.07268600e-01
2.18662938e-01
2.29705132e-01
2.40381865e-01
2.50678491e-01
2.60577364e-01
2.70056340e-01
2.79087712e-01
2.87637254e-01
2.95663581e-01
3.03117611e-01
3.09942266e-01
3.16072305e-01
3.21434411e-01
3.25947473e-01
3.29523177e-01
3.32066919e-01
3.33479100e-01
3.33656905e-01
3.32496555e-01
3.29896207e-01
3.25759411e-01
3.19999336e-01
3.12543565e-01
3.03339671e-01
2.92361207e-01
2.79614253e-01
2.65143951e-01
2.49041021e-01
2.31447428e-01
2.12561044e-01
1.92638231e-01
1.71994039e-01
1.50998747e-01
1.30070216e-01
1.09660110e-01
9.02319389e-02
7.22254139e-02
5.59985786e-02
4.17355007e-02
2.93244915e-02
1.82961909e-02
8.15532661e-03
1.11101717e-03
1.06685754e-03
4.67766940e-03
1.22024855e-02
2.07300147e-02
2.97147847e-02
3.90577947e-02
4.87854197e-02
5.89311772e-02
6.94997362e-02
8.04633750e-02
9.17695368e-02
1.03350140e-01
1.15129799e-01
1.27031891e-01
1.38982980e-01
1.50915597e-01
1.62770006e-01
1.74494828e-01
1.86047014e-01
1.97391017e-01
2.08497623e-01
2.19342349e-01
2.29903804e-01
2.40161914e-01
2.50096339e-01
2.59684904e-01
2.68902313e-01
2.77718945e-01
2.86099919e-01
2.94004271e-01
3.01384366e-01
3.08185455e-01
3.14345455e-01
3.19794923e-01
3.24457271e-01
3.28249270e-01
3.31081838e-01
3.32861229e-01
3.33490588e-01
3.32872038e-01
3.30909206e-01
3.27510410e-01
3.22592336e-01
3.16084427e-01
3.07933715e-01
2.98110272e-01
2.86612838e-01
2.73474690e-01
2.58769075e-01
2.42614079e-01
2.25175954e-01
2.06670512e-01
1.87361284e-01
1.67553695e-01
1.47583537e-01
1.27798562e-01
1.08531147e-01
9.00614822e-02
7.25731506e-02
5.61134721e-02
4.05943911e-02
2.59215178e-02
1.24372074e-02
2.03394881e-03
1.43444320e-03
8.08885148e-03
1.72680631e-02
2.74549362e-02
3.79778696e-02
4.85745432e-02
5.91735732e-02
6.97794052e-02
8.04180473e-02
9.11141525e-02
1.01882519e-01
1.12726130e-01
1.23636578e-01
1.34595774e-01
1.45577961e-01
1.56552164e-01
1.67484458e-01
1.78340195e-01
1.89085601e-01
1.99688977e-01
2.10121110e-01
2.20355289e-01
2.30366707e-01
2.40131691e-01
2.49626594e-01
2.58826741e-01
2.67705258e-01
2.76232074e-01
2.84372944e-01
2.92088676e-01
2.99334466e-01
3.06059439e-01
3.12206344e-01
3.17711481e-01
3.22504830e-01
3.26510437e-01
3.29647086e-01
3.31829258e-01
3.32968484e-01
3.32975026e-01
3.31760047e-01
3.29238150e-01
3.25330474e-01
3.19968130e-01
3.13096172e-01
3.04677765e-01
2.94698669e-01
2.83171531e-01
2.70140003e-01
2.55681932e-01
2.39911460e-01
2.22979069e-01
2.05069213e-01
1.86394384e-01
1.67185300e-01
1.47676324e-01
1.28086918e-01
1.08601045e-01
8.93515851e-02
7.04246147e-02
5.19143030e-02
3.40798187e-02
1.76659937e-02
4.28706960e-03
3.33826286e-03
1.21616433e-02
2.27976115e-02
3.42728499e-02
4.59576100e-02
5.75224313e-02
6.88315070e-02
7.98559433e-02
9.06199965e-02
1.01170449e-01
1.11559773e-01
1.21836519e-01
1.32040025e-01
1.42197577e-01
1.52323710e-01
1.62420856e-01
1.72481271e-01
1.82489368e-01
1.92424348e-01
2.02262373e-01
2.11978389e-01
2.21547155e-01
2.30943826e-01
2.40143868e-01
2.49122728e-01
2.57855114e-01
2.66314256e-01
2.74471022e-01
2.82293145e-01
2.89744460e-01
2.96784321e-01
3.03367111e-01
3.09441952e-01
3.14952572e-01
3.19837382e-01
3.24029761e-01
3.27458562e-01
3.30048881e-01
3.31723060e-01
3.32402002e-01
3.32006715e-01
3.30460207e-01
3.27689556e-01
3.23628317e-01
3.18218982e-01
3.11415670e-01
3.03186638e-01
2.93516792e-01
2.82409699e-01
2.69889245e-01
2.56000421e-01
2.40809383e-01
2.24402272e-01
2.06883016e-01
1.88369736e-01
1.68990385e-01
1.48878257e-01
1.28170380e-01
1.07014201e-01
8.55938512e-02
6.41924745e-02
4.33065757e-02
2.37918518e-02
6.83816381e-03
5.29965847e-03
1.66117085e-02
2.88233665e-02
4.14625436e-02
5.40845991e-02
6.63947569e-02
7.82438405e-02
8.95869163e-02
1.00444193e-01
1.10872481e-01
1.20945517e-01
1.30740721e-01
1.40330032e-01
1.49774116e-01
1.59119030e-01
1.68395347e-01
1.77618902e-01
1.86792958e-01
1.95910832e-01
2.04958788e-01
2.13918439e-01
2.22768771e-01
2.31487369e-01
2.40051191e-01
2.48436705e-01
2.56619763e-01
2.64575115e-01
2.72275888e-01
2.79692927e-01
2.86794237e-01
2.93544440e-01
2.99904387e-01
3.05830877e-01
3.11276543e-01
3.16189897e-01
3.20515531e-01
3.24194509e-01
3.27164891e-01
3.29362447e-01
3.30721456e-01
3.31175666e-01
3.30659234e-01
3.29107766e-01
3.26459165e-01
3.22654465e-01
3.17638305e-01
3.11359274e-01
3.03769832e-01
2.94826196e-01
2.84488056e-01
2.72718781e-01
2.59486182e-01
2.44764721e-01
2.28539216e-01
2.10810821e-01
1.91605079e-01
1.70982800e-01
1.49054345e-01
1.26000162e-01
1.02101468e-01
7.77851203e-02
5.36752283e-02
3.06071188e-02
9.45387530e-03
7.21146436e-03
2.12157548e-02
3.52014896e-02
4.90471008e-02
6.25274146e-02
7.54503986e-02
8.77052463e-02
9.92596715e-02
1.10141175e-01
1.20416612e-01
1.30174865e-01
1.39512946e-01
1.48525555e-01
1.57297426e-01
1.65898609e-01
1.74382090e-01
1.82783764e-01
1.91123852e-01
1.99409517e-01
2.07637705e-01
2.15798093e-01
2.23875455e-01
2.31851612e-01
2.39706624e-01
2.47419566e-01
2.54968725e-01
2.62331594e-01
2.69484546e-01
2.76402500e-01
2.83058477e-01
2.89423267e-01
2.95465110e-01
3.01149537e-01
3.06439302e-01
3.11294445e-01
3.15672491e-01
3.19528720e-01
3.22816551e-01
3.25487895e-01
3.27493544e-01
3.28783359e-01
3.29306327e-01
3.29010185e-01
3.27840704e-01
3.25740281e-01
3.22646056e-01
3.18487316e-01
3.13182674e-01
3.06637131e-01
2.98740027e-01
2.89364481e-01
2.78369810e-01
2.65607726e-01
2.50933623e-01
2.34222981e-01
2.15392948e-01
1.94427636e-01
1.71405924e-01
1.46529763e-01
1.20151285e-01
9.27935934e-02
6.51508224e-02
3.80314383e-02
1.21668210e-02
9.06883763e-03
2.58658704e-02
4.17951693e-02
5.69532838e-02
7.13063951e-02
8.47898436e-02
9.73661639e-02
1.09043544e-01
1.19873531e-01
1.29940635e-01
1.39349762e-01
1.48214506e-01
1.56647004e-01
1.64750206e-01
1.72612371e-01
1.80304189e-01
1.87877908e-01
1.95368432e-01
2.02795450e-01
2.10166373e-01
2.17479221e-01
2.24725420e-01
2.31891958e-01
2.38963134e-01
2.45921599e-01
2.52749075e-01
2.59426568e-01
2.65934456e-01
2.72252320e-01
2.78358808e-01
2.84231427e-01
2.89846456e-01
2.95178889e-01
3.00202519e-01
3.04890087e-01
3.09213519e-01
3.13144204e-01
3.16653225e-01
3.19711514e-01
3.22289729e-01
3.24357822e-01
3.25883980e-01
3.26832919e-01
3.27163145e-01
3.26823273e-01
3.25747123e-01
3.23848019e-01
3.21012434e-01
3.17094112e-01
3.11909537e-01
3.05236735e-01
2.96818884e-01
2.86374929e-01
2.73618174e-01
2.58283636e-01
2.40162769e-01
2.19143251e-01
1.95249167e-01
1.68676244e-01
1.39814820e-01
1.09251638e-01
7.77363671e-02
4.60933368e-02
1.50462861e-02
1.08824718e-02
3.05211698e-02
4.85185891e-02
6.51016344e-02
8.03849899e-02
9.44284913e-02
1.07284442e-01
1.19021359e-01
1.29731068e-01
1.39526069e-01
1.48532532e-01
1.56881701e-01
1.64701743e-01
1.72110729e-01
1.79211632e-01
1.86089219e-01
1.92809150e-01
1.99418600e-01
2.05948324e-01
2.12415270e-01
2.18825618e-01
2.25177518e-01
2.31463614e-01
2.37672910e-01
2.43792272e-01
2.49807322e-01
2.55703091e-01
2.61464285e-01
2.67075489e-01
2.72521192e-01
2.77785897e-01
2.82854187e-01
2.87710937e-01
2.92341552e-01
2.96732323e-01
3.00870790e-01
3.04746099e-01
3.08349231e-01
3.11672967e-01
3.14711440e-01
3.17458975e-01
3.19908074e-01
3.22046093e-01
3.23850560e-01
3.25282708e-01
3.26279485e-01
3.26744047e-01
3.26535715e-01
3.25460293e-01
3.23262846e-01
3.19624831e-01
3.14168513e-01
3.06470758e-01
2.96088442e-01
2.82595686e-01
2.65631862e-01
2.44956029e-01
2.20501349e-01
1.92419775e-01
1.61106191e-01
1.27189810e-01
9.14817171e-02
5.48706574e-02
1.81589393e-02
1.26663669e-02
3.51754915e-02
5.53310231e-02
7.34368388e-02
8.97184622e-02
1.04346589e-01
1.17466879e-01
1.29219713e-01
1.39749669e-01
1.49207540e-01
1.57747534e-01
1.65522272e-01
1.72676951e-01
1.79344164e-01
1.85639760e-01
1.91660473e-01
1.97483059e-01
2.03165108e-01
2.08746831e-01
2.14253749e-01
2.19699500e-01
2.25088767e-01
2.30419739e-01
2.35686311e-01
2.40879657e-01
2.45989519e-01
2.51005000e-01
2.55915222e-01
2.60709691e-01
2.65378694e-01
2.69913594e-01
2.74307238e-01
2.78554393e-01
2.82652304e-01
2.86601292e-01
2.90405386e-01
2.94072870e-01
2.97616621e-01
3.01054049e-01
3.04406340e-01
3.07696769e-01
3.10947580e-01
3.14175199e-01
3.17383253e-01
3.20553377e-01
3.23633595e-01
3.26524971e-01
3.29067176e-01
3.31024846e-01
3.32076622e-01
3.31810019e-01
3.29724911e-01
3.25249188e-01
3.17768772e-01
3.06673600e-01
2.91417992e-01
2.71591176e-01
2.46988866e-01
2.17673454e-01
1.84007094e-01
1.46642726e-01
1.06461753e-01
6.44570443e-02
2.15640044e-02
1.44356806e-02
3.98416880e-02
6.22242156e-02
8.19321612e-02
9.92742235e-02
1.14517004e-01
1.27897117e-01
1.39632210e-01
1.49928355e-01
1.58983219e-01
1.66986090e-01
1.74115619e-01
1.80536738e-01
1.86397383e-01
1.91826053e-01
1.96930305e-01
2.01796678e-01
2.06491637e-01
2.11063640e-01
2.15545644e-01
2.19958054e-01
2.24311477e-01
2.28609394e-01
2.32850297e-01
2.37029576e-01
2.41140862e-01
2.45177178e-01
2.49131723e-01
2.52998618e-01
2.56773488e-01
2.60454136e-01
2.64041209e-01
2.67539031e-01
2.70956483e-01
2.74308014e-01
2.77614627e-01
2.80904778e-01
2.84214977e-01
2.87589810e-01
2.91081080e-01
2.94745552e-01
2.98640909e-01
3.02819272e-01
3.07318025e-01
3.12147483e-01
3.17275747e-01
3.22611045e-01
3.27983028e-01
3.33124532e-01
3.37656647e-01
3.41079831e-01
3.42775062e-01
3.42018488e-01
3.38013581e-01
3.29942887e-01
3.17039768e-01
2.98675622e-01
2.74453103e-01
2.44289076e-01
2.08467087e-01
1.67638297e-01
1.22756583e-01
7.49467801e-02
2.53144665e-02
1.62067580e-02
4.45448357e-02
6.92131514e-02
9.05864031e-02
1.09037956e-01
1.24918493e-01
1.38551701e-01
1.50235001e-01
1.60241818e-01
1.68823714e-01
1.76211328e-01
1.82614378e-01
1.88220791e-01
1.93195788e-01
1.97681101e-01
2.01795012e-01
2.05633052e-01
2.09269691e-01
2.12760532e-01
2.16145116e-01
2.19449731e-01
2.22690334e-01
2.25875085e-01
2.29006706e-01
2.32084311e-01
2.35105053e-01
2.38065324e-01
2.40961889e-01
2.43792775e-01
2.46558240e-01
2.49261685e-01
2.51910768e-01
2.54518579e-01
2.57105037e-01
2.59698359e-01
2.62336600e-01
2.65069047e-01
2.67957255e-01
2.71075356e-01
2.74509158e-01
2.78353500e-01
2.82707129e-01
2.87664594e-01
2.93304501e-01
2.99674134e-01
3.06770428e-01
3.14518373e-01
3.22747910e-01
3.31171553e-01
3.39364884e-01
3.46753301e-01
3.52608394e-01
3.56058788e-01
3.56120031e-01
3.51748439e-01
3.41920991e-01
3.25739457e-01
3.02548901e-01
2.72052270e-01
2.34394117e-01
1.90184233e-01
1.40438007e-01
8.64282791e-02
2.94587326e-02
1.79978416e-02
4.93198859e-02
7.63310692e-02
9.94201462e-02
1.19014202e-01
1.35540697e-01
1.49408087e-01
1.60995443e-01
1.70648281e-01
1.78677769e-01
1.85361616e-01
1.90945280e-01
1.95643300e-01
1.99640409e-01
2.03092892e-01
2.06130070e-01
2.08856356e-01
2.11353578e-01
2.13683834e-01
2.15892366e-01
2.18010662e-01
2.20059241e-01
2.22050377e-01
2.23990326e-01
2.25881393e-01
2.27723528e-01
2.29515830e-01
2.31257738e-01
2.32950284e-01
2.34597243e-01
2.36206485e-01
2.37791413e-01
2.39372703e-01
2.40980202e-01
2.42655094e-01
2.44452109e-01
2.46441654e-01
2.48711500e-01
2.51367553e-01
2.54533092e-01
2.58345651e-01
2.62950809e-01
2.68492008e-01
2.75096103e-01
2.82854443e-01
2.91800285e-01
3.01883403e-01
3.12943710e-01
3.24685280e-01
3.36653048e-01
3.48214226e-01
3.58548190e-01
3.66649346e-01
3.71349885e-01
3.71369474e-01
3.65398576e-01
3.52216829e-01
3.30839673e-01
3.00672967e-01
2.61642409e-01
2.14255771e-01
1.59560693e-01
9.89812319e-02
3.40420192e-02
1.98300974e-02
5.42117994e-02
8.36276225e-02
1.08473419e-01
1.29225195e-01
1.46385155e-01
1.60447316e-01
1.71875727e-01
1.81092767e-01
1.88474683e-01
1.94351368e-01
1.99008534e-01
2.02690697e-01
2.05604591e-01
2.07922443e-01
2.09785393e-01
2.11306762e-01
2.12575537e-01
2.13659675e-01
2.14609544e-01
2.15461020e-01
2.16238544e-01
2.16957691e-01
2.17627602e-01
2.18252924e-01
2.18835638e-01
2.19376530e-01
2.19876690e-01
2.20338846e-01
2.20768913e-01
2.21177603e-01
2.21582406e-01
2.22009814e-01
2.22497990e-01
2.23099703e-01
2.23885528e-01
2.24946960e-01
2.26399068e-01
2.28382001e-01
2.31060427e-01
2.34619921e-01
2.39259100e-01
2.45176842e-01
2.52554159e-01
2.61531488e-01
2.72182463e-01
2.84486117e-01
2.98298737e-01
3.13326665e-01
3.29100294e-01
3.44950566e-01
3.59990026e-01
3.73103863e-01
3.82958751e-01
3.88040860e-01
3.86734296e-01
3.77448396e-01
3.58791765e-01
3.29774706e-01
2.90000018e-01
2.39785169e-01
1.80156028e-01
1.12675424e-01
3.91074612e-02
2.17290186e-02
5.92772981e-02
9.11694525e-02
1.17804925e-01
1.39709644e-01
1.57464180e-01
1.71653414e-01
1.82832370e-01
1.91506534e-01
1.98122994e-01
2.03069004e-01
2.06674646e-01
2.09217708e-01
2.10929119e-01
2.11998575e-01
2.12579704e-01
2.12795045e-01
2.12740473e-01
2.12489463e-01
2.12096804e-01
2.11602155e-01
2.11033030e-01
2.10407599e-01
2.09736962e-01
2.09027271e-01
2.08281439e-01
2.07500834e-01
2.06686754e-01
2.05842079e-01
2.04972951e-01
2.04090858e-01
2.03215004e-01
2.02375283e-01
2.01615732e-01
2.00998624e-01
2.00608933e-01
2.00558953e-01
2.00992398e-01
2.02087039e-01
2.04054537e-01
2.07135849e-01
2.11590782e-01
2.17680803e-01
2.25645709e-01
2.35675908e-01
2.47883365e-01
2.62273468e-01
2.78719084e-01
2.96935573e-01
3.16455103e-01
3.36598521e-01
3.56446152e-01
3.74812091e-01
3.90232239e-01
4.00980492e-01
4.05131514e-01
4.00686543e-01
3.85770032e-01
3.58883935e-01
3.19176741e-01
2.66652195e-01
2.02227548e-01
1.27570440e-01
4.46972560e-02
2.37262909e-02
6.45880786e-02
9.90425968e-02
1.27492764e-01
1.50521608e-01
1.68798489e-01
1.83010035e-01
1.93812346e-01
2.01802523e-01
2.07505503e-01
2.11371240e-01
2.13778328e-01
2.15040668e-01
2.15415448e-01
2.15110962e-01
2.14294023e-01
2.13096435e-01
2.11620850e-01
2.09945709e-01
2.08129699e-01
2.06215432e-01
2.04232777e-01
2.02201534e-01
2.00133885e-01
1.98036336e-01
1.95911574e-01
1.93760027e-01
1.91581539e-01
1.89376996e-01
1.87150346e-01
1.84910887e-01
1.82676256e-01
1.80476064e-01
1.78356521e-01
1.76385942e-01
1.74661220e-01
1.73314728e-01
1.72520917e-01
1.72500986e-01
1.73523388e-01
1.75897403e-01
1.79957423e-01
1.86037484e-01
1.94438547e-01
2.05394162e-01
2.19040297e-01
2.35392744e-01
2.54330163e-01
2.75577735e-01
2.98684910e-01
3.22993537e-01
3.47595883e-01
3.71287894e-01
3.92528473e-01
4.09423273e-01
4.19757369e-01
4.21104710e-01
4.11035275e-01
3.87419841e-01
3.48791785e-01
2.94674944e-01
2.25747107e-01
1.43716212e-01
5.08540441e-02
2.58623951e-02
7.02355805e-02
1.07356663e-01
1.37636161e-01
1.61729338e-01
1.80413205e-01
1.94494385e-01
2.04745336e-01
2.11866683e-01
2.16469775e-01
2.19073346e-01
2.20108446e-01
2.19927748e-01
2.18816166e-01
2.17001495e-01
2.14663929e-01
2.11944535e-01
2.08952278e-01
2.05770089e-01
2.02459752e-01
1.99066122e-01
1.95620444e-01
1.92143271e-01
1.88646706e-01
1.85136458e-01
1.81613453e-01
1.78075481e-01
1.74518650e-01
1.70939167e-01
1.67335274e-01
1.63709888e-01
1.60073910e-01
1.56450766e-01
1.52882261e-01
1.49436270e-01
1.46216191e-01
1.43372061e-01
1.41112038e-01
1.39711762e-01
1.39516948e-01
1.40933238e-01
1.44398298e-01
1.50336760e-01
1.59107963e-01
1.70962393e-01
1.86019178e-01
2.04263805e-01
2.25554263e-01
2.49620524e-01
2.76047380e-01
3.04236206e-01
3.33346986e-01
3.62225670e-01
3.89328449e-01
4.12662211e-01
4.29771586e-01
4.37811352e-01
4.33744144e-01
4.14684092e-01
3.78360383e-01
3.23599725e-01
2.50651397e-01
1.61154540e-01
5.76229565e-02
2.81902642e-02
7.63377740e-02
1.16250674e-01
1.48357857e-01
1.73413063e-01
1.92331383e-01
2.06067118e-01
2.15531210e-01
2.21543738e-01
2.24813265e-01
2.25933982e-01
2.25393438e-01
2.23585135e-01
2.20822782e-01
2.17353858e-01
2.13371870e-01
2.09026614e-01
2.04432853e-01
1.99677199e-01
1.94823837e-01
1.89918937e-01
1.84994333e-01
1.80070287e-01
1.75157853e-01
1.70260606e-01
1.65376249e-01
1.60497840e-01
1.55615176e-01
1.50716125e-01
1.45788494e-01
1.40822356e-01
1.35813563e-01
1.30768619e-01
1.25711911e-01
1.20695874e-01
1.15815329e-01
1.11226487e-01
1.07170312e-01
1.03996200e-01
1.02175577e-01
1.02286672e-01
1.04951559e-01
1.10729394e-01
1.20010749e-01
1.32972114e-01
1.49605098e-01
1.69780120e-01
1.93295487e-01
2.19889864e-01
2.49217869e-01
2.80795631e-01
3.13921027e-01
3.47573121e-01
3.80298140e-01
4.10099454e-01
4.34363258e-01
4.49869837e-01
4.52951462e-01
4.39849871e-01
4.07277498e-01
3.53088620e-01
2.76838072e-01
1.79922029e-01
6.50547547e-02
3.07806122e-02
8.30486111e-02
1.25900740e-01
1.59806191e-01
1.85660302e-01
2.04562824e-01
2.17656161e-01
2.26020256e-01
2.30615591e-01
2.32260942e-01
2.31633471e-01
2.29280907e-01
2.25639197e-01
2.21051040e-01
2.15783329e-01
2.10042132e-01
2.03985319e-01
1.97732602e-01
1.91373671e-01
1.84974407e-01
1.78581865e-01
1.72227936e-01
1.65932304e-01
1.59704487e-01
1.53545517e-01
1.47449011e-01
1.41402123e-01
1.35386152e-01
1.29377327e-01
1.23347595e-01
1.17266055e-01
1.11101073e-01
1.04824084e-01
9.84157211e-02
9.18763766e-02
8.52437915e-02
7.86229399e-02
7.22353361e-02
6.64952509e-02
6.21036839e-02
6.00891760e-02
6.16278056e-02
6.75799624e-02
7.81401907e-02
9.29962759e-02
1.11711493e-01
1.33937305e-01
1.59438701e-01
1.88041113e-01
2.19556794e-01
2.53701212e-01
2.89994282e-01
3.27638712e-01
3.65373715e-01
4.01313439e-01
4.32799861e-01
4.56326307e-01
4.67615892e-01
4.61948853e-01
4.34796309e-01
3.82701929e-01
3.04160372e-01
2.00054820e-01
7.32108755e-02
3.37298265e-02
9.05712185e-02
1.36529316e-01
1.72155346e-01
1.98555650e-01
2.17084725e-01
2.29130373e-01
2.35982631e-01
2.38768731e-01
2.38433036e-01
2.35743433e-01
2.31311161e-01
2.25615254e-01
2.19026996e-01
2.11831680e-01
2.04247108e-01
1.96438443e-01
1.88530106e-01
1.80614862e-01
1.72760936e-01
1.65017229e-01
1.57417366e-01
1.49982466e-01
1.42723244e-01
1.35641211e-01
1.28729498e-01
1.21973007e-01
1.15348389e-01
1.08823529e-01
1.02357056e-01
9.58975732e-02
8.93831518e-02
8.27408493e-02
7.58868908e-02
6.87274905e-02
6.11615117e-02
5.30865286e-02
4.44144878e-02
3.51172035e-02
2.53954915e-02
1.65299643e-02
1.44698073e-02
2.40141120e-02
3.92168819e-02
5.74795217e-02
7.83712729e-02
1.01911743e-01
1.28228287e-01
1.57459029e-01
1.89697174e-01
2.24930930e-01
2.62959798e-01
3.03274843e-01
3.44894438e-01
3.86157645e-01
4.24497439e-01
4.56251237e-01
4.76611087e-01
4.79855577e-01
4.59997751e-01
4.11871340e-01
3.32417687e-01
2.21595576e-01
8.21714745e-02
3.71720352e-02
9.91761943e-02
1.48415360e-01
1.85600257e-01
2.12159859e-01
2.29807644e-01
2.40256755e-01
2.45060859e-01
2.45546090e-01
2.42799361e-01
2.37686969e-01
2.30885936e-01
2.22918288e-01
2.14182801e-01
2.04982377e-01
1.95546256e-01
1.86047756e-01
1.76617859e-01
1.67355753e-01
1.58336615e-01
1.49617561e-01
1.41241807e-01
1.33241755e-01
1.25640810e-01
1.18454510e-01
1.11690678e-01
1.05349113e-01
9.94205337e-02
9.38853873e-02
8.87123273e-02
8.38571324e-02
7.92620202e-02
7.48562615e-02
7.05581937e-02
6.62797943e-02
6.19345662e-02
5.74514878e-02
5.27994622e-02
4.80328703e-02
4.33775067e-02
3.93836811e-02
3.71197303e-02
3.81210460e-02
4.36479767e-02
5.39280312e-02
6.85207362e-02
8.70043085e-02
1.09188665e-01
1.35062286e-01
1.64698504e-01
1.98165862e-01
2.35428870e-01
2.76216202e-01
3.19835859e-01
3.64923848e-01
4.09132986e-01
4.48807011e-01
4.78749090e-01
4.92269785e-01
4.81746798e-01
4.39856512e-01
3.61337224e-01
2.44602636e-01
9.20484305e-02
4.12980294e-02
1.09226819e-01
1.61902651e-01
2.00339238e-01
2.26468137e-01
2.42516005e-01
2.50630543e-01
2.52696824e-01
2.50276981e-01
2.44618170e-01
2.36691613e-01
2.27241461e-01
2.16832156e-01
2.05889875e-01
1.94736398e-01
1.83616085e-01
1.72716580e-01
1.62184729e-01
1.52138332e-01
1.42674893e-01
1.33877518e-01
1.25818647e-01
1.18561369e-01
1.12158760e-01
1.06650967e-01
1.02060876e-01
9.83888029e-02
9.56079529e-02
9.36617191e-02
9.24643515e-02
9.19048341e-02
9.18536286e-02
9.21705377e-02
9.27127470e-02
9.33419009e-02
9.39305155e-02
9.43680048e-02
9.45677379e-02
9.44763435e-02
9.40874470e-02
9.34618920e-02
9.27569804e-02
9.22653043e-02
9.24585429e-02
9.40186300e-02
9.78219210e-02
1.04841838e-01
1.15984077e-01
1.31941429e-01
1.53151367e-01
1.79840545e-01
2.12067985e-01
2.49693963e-01
2.92241675e-01
3.38639672e-01
3.86844066e-01
4.33370114e-01
4.72831857e-01
4.97702458e-01
4.98630642e-01
4.65673864e-01
3.90536854e-01
2.69160053e-01
1.03006502e-01
4.63859740e-02
1.21212708e-01
1.77399262e-01
2.16529650e-01
2.41329457e-01
2.54764273e-01
2.59562128e-01
2.58021433e-01
2.51980619e-01
2.42863559e-01
2.31751627e-01
2.19457412e-01
2.06589961e-01
1.93608155e-01
1.80862825e-01
1.68628768e-01
1.57128614e-01
1.46549465e-01
1.37053366e-01
1.28781423e-01
1.21852028e-01
1.16353353e-01
1.12332486e-01
1.09784588e-01
1.08647211e-01
1.08802952e-01
1.10090948e-01
1.12323473e-01
1.15303034e-01
1.18835813e-01
1.22740202e-01
1.26850543e-01
1.31017723e-01
1.35107806e-01
1.39000165e-01
1.42585674e-01
1.45765759e-01
1.48452527e-01
1.50570591e-01
1.52060981e-01
1.52888140e-01
1.53051116e-01
1.52600936e-01
1.51666600e-01
1.50492714e-01
1.49490550e-01
1.49299252e-01
1.50840381e-01
1.55326740e-01
1.64171704e-01
1.78778131e-01
2.00275378e-01
2.29320188e-01
2.65986289e-01
3.09632607e-01
3.58613517e-01
4.09771253e-01
4.57769226e-01
4.94482967e-01
5.08877293e-01
4.87980330e-01
4.19450203e-01
2.95383361e-01
1.15298441e-01
5.28528777e-02
1.35791283e-01
1.95350019e-01
2.34186668e-01
2.56292842e-01
2.65698101e-01
2.65897926e-01
2.59697301e-01
2.49250647e-01
2.36173036e-01
2.21662178e-01
2.06607127e-01
1.91676385e-01
1.77385734e-01
1.64147537e-01
1.52303571e-01
1.42141629e-01
1.33896307e-01
1.27735218e-01
1.23737066e-01
1.21872908e-01
1.22003925e-01
1.23901195e-01
1.27281711e-01
1.31846939e-01
1.37312815e-01
1.43426621e-01
1.49972693e-01
1.56770701e-01
1.63670455e-01
1.70545497e-01
1.77287032e-01
1.83798597e-01
1.89991816e-01
1.95783070e-01
2.01091158e-01
2.05835766e-01
2.09936855e-01
2.13314910e-01
2.15892357e-01
2.17596358e-01
2.18363685e-01
2.18148517e-01
2.16934859e-01
2.14755964e-01
2.11724762e-01
2.08080802e-01
2.04260602e-01
2.00995824e-01
1.99430114e-01
2.01207916e-01
2.08428340e-01
2.23337171e-01
2.47764697e-01
2.82535719e-01
3.27035730e-01
3.78798176e-01
4.32853736e-01
4.80835658e-01
5.10264921e-01
5.04889235e-01
4.47177487e-01
3.23405773e-01
1.29324219e-01
6.13436126e-02
1.53826785e-01
2.16137706e-01
2.52963539e-01
2.70320097e-01
2.73753831e-01
2.67753961e-01
2.55728574e-01
2.40184580e-01
2.22946145e-01
2.05349613e-01
1.88397431e-01
1.72869840e-01
1.59395109e-01
1.48478019e-01
1.40487175e-01
1.35613355e-01
1.33829123e-01
1.34888313e-01
1.38380947e-01
1.43821355e-01
1.50729894e-01
1.58684128e-01
1.67338096e-01
1.76420736e-01
1.85724523e-01
1.95091702e-01
2.04401438e-01
2.13559180e-01
2.22488216e-01
2.31123216e-01
2.39405257e-01
2.47278084e-01
2.54685232e-01
2.61567882e-01
2.67863244e-01
2.73503460e-01
2.78414892e-01
2.82517916e-01
2.85727179e-01
2.87952562e-01
2.89101010e-01
2.89079771e-01
2.87801724e-01
2.85194181e-01
2.81213347e-01
2.75868382e-01
2.69261545e-01
2.61655177e-01
2.53581170e-01
2.46010159e-01
2.40578718e-01
2.39794834e-01
2.46974291e-01
2.65550857e-01
2.97752910e-01
3.43280820e-01
3.98415772e-01
4.55153819e-01
5.00071664e-01
5.13696151e-01
4.72195439e-01
3.53302406e-01
1.45731619e-01
7.28872390e-02
1.76383853e-01
2.39805840e-01
2.71690073e-01
2.81264189e-01
2.76186956e-01
2.62189686e-01
2.43375613e-01
2.22651012e-01
2.02107428e-01
1.83307303e-01
1.67462220e-01
1.55495545e-01
1.47994245e-01
1.45106503e-01
1.46502983e-01
1.51487001e-01
1.59207123e-01
1.68849463e-01
1.79740053e-01
1.91366941e-01
2.03360624e-01
2.15462151e-01
2.27493028e-01
2.39331145e-01
2.50892913e-01
2.62120342e-01
2.72971810e-01
2.83415400e-01
2.93424075e-01
3.02972067e-01
3.12032186e-01
3.20573695e-01
3.28560684e-01
3.35950725e-01
3.42693824e-01
3.48731554e-01
3.53996402e-01
3.58411273e-01
3.61889231e-01
3.64333452e-01
3.65637560e-01
3.65686439e-01
3.64357897e-01
3.61525685e-01
3.57064940e-01
3.50861876e-01
3.42831276e-01
3.32948243e-01
3.21306414e-01
3.08224497e-01
2.94437728e-01
2.81421486e-01
2.71854992e-01
2.70009136e-01
2.81326432e-01
3.10314179e-01
3.57416454e-01
4.16824912e-01
4.75235338e-01
5.10526509e-01
4.91813427e-01
3.84842166e-01
1.65581113e-01
8.91641888e-02
2.04526631e-01
2.65349375e-01
2.87436507e-01
2.84988716e-01
2.68483792e-01
2.45142201e-01
2.19887617e-01
1.96180929e-01
1.76571717e-01
1.62906824e-01
1.56198760e-01
1.56387508e-01
1.62419610e-01
1.72746609e-01
1.85864989e-01
2.00590889e-01
2.16093381e-01
2.31825178e-01
2.47439384e-01
2.62722790e-01
2.77549031e-01
2.91847349e-01
3.05582066e-01
3.18739086e-01
3.31316897e-01
3.43320492e-01
3.54757147e-01
3.65633415e-01
3.75952921e-01
3.85714680e-01
3.94911763e-01
4.03530212e-01
4.11548104e-01
4.18934752e-01
4.25649965e-01
4.31643404e-01
4.36853961e-01
4.41209203e-01
4.44624830e-01
4.47004200e-01
4.48237856e-01
4.48203165e-01
4.46764045e-01
4.43771000e-01
4.39061710e-01
4.32462875e-01
4.23794589e-01
4.12880085e-01
3.99566508e-01
3.83768667e-01
3.65560316e-01
3.45362622e-01
3.24322088e-01
3.05007987e-01
2.92418478e-01
2.94420427e-01
3.19162507e-01
3.68633322e-01
4.33284460e-01
4.90077142e-01
5.01222782e-01
4.16795911e-01
1.90576676e-01
1.12892231e-01
2.38445455e-01
2.88999048e-01
2.93755916e-01
2.74234357e-01
2.44477007e-01
2.13560881e-01
1.87654334e-01
1.70989389e-01
1.65607130e-01
1.70789791e-01
1.83786864e-01
2.01509307e-01
2.21585245e-01
2.42496147e-01
2.63353447e-01
2.83665225e-01
3.03175276e-01
3.21764695e-01
3.39393804e-01
3.56068005e-01
3.71817505e-01
3.86685117e-01
4.00718800e-01
4.13967020e-01
4.26475799e-01
4.38286795e-01
4.49436001e-01
4.59952814e-01
4.69859333e-01
4.79169775e-01
4.87889974e-01
4.96016900e-01
5.03538202e-01
5.10431746e-01
5.16665152e-01
5.22195306e-01
5.26967864e-01
5.30916714e-01
5.33963404e-01
5.36016480e-01
5.36970742e-01
5.36706325e-01
5.35087595e-01
5.31961738e-01
5.27157048e-01
5.20480830e-01
5.11717148e-01
5.00624914e-01
4.86937953e-01
4.70370990e-01
4.50641300e-01
4.27529118e-01
4.01031419e-01
3.71734367e-01
3.41666953e-01
3.16013273e-01
3.05273945e-01
3.23473352e-01
3.76019220e-01
4.46298875e-01
4.92093390e-01
4.45192912e-01
2.23196733e-01
1.47957248e-01
2.74460647e-01
3.00418722e-01
2.78300506e-01
2.39644992e-01
2.03293510e-01
1.81072223e-01
1.78225889e-01
1.92089541e-01
2.15885516e-01
2.43920983e-01
2.72896242e-01
3.01179279e-01
3.28040142e-01
3.53202647e-01
3.76613705e-01
3.98327347e-01
4.18446054e-01
4.37090803e-01
4.54385737e-01
4.70450425e-01
4.85396117e-01
4.99324081e-01
5.12325044e-01
5.24479156e-01
5.35856212e-01
5.46515940e-01
5.56508287e-01
5.65873647e-01
5.74643026e-01
5.82838112e-01
5.90471280e-01
5.97545517e-01
6.04054281e-01
6.09981304e-01
6.15300336e-01
6.19974838e-01
6.23957623e-01
6.27190437e-01
6.29603450e-01
6.31114650e-01
6.31629065e-01
6.31037765e-01
6.29216505e-01
6.26023891e-01
6.21298817e-01
6.14856909e-01
6.06485550e-01
5.95937038e-01
5.82919372e-01
5.67084506e-01
5.48015095e-01
5.25214634e-01
4.98116886e-01
4.66161355e-01
4.29066419e-01
3.87657909e-01
3.46119596e-01
3.16782695e-01
3.22799597e-01
3.78010841e-01
4.51712990e-01
4.59408719e-01
2.65791699e-01
1.96633668e-01
2.96097227e-01
2.77114534e-01
2.28561714e-01
1.96300877e-01
1.99377253e-01
2.29581711e-01
2.70547611e-01
3.12829232e-01
3.52739088e-01
3.89161886e-01
4.21980206e-01
4.51436215e-01
4.77879340e-01
5.01667806e-01
5.23132454e-01
5.42566039e-01
5.60222724e-01
5.76321348e-01
5.91049738e-01
6.04568965e-01
6.17017124e-01
6.28512555e-01
6.39156484e-01
6.49035177e-01
6.58221656e-01
6.66777053e-01
6.74751667e-01
6.82185761e-01
6.89110152e-01
6.95546632e-01
7.01508241e-01
7.06999424e-01
7.12016089e-01
7.16545580e-01
7.20566595e-01
7.24049022e-01
7.26953736e-01
7.29232318e-01
7.30826702e-01
7.31668712e-01
7.31679442e-01
7.30768408e-01
7.28832361e-01
7.25753583e-01
7.21397441e-01
7.15608806e-01
7.08206831e-01
6.98977253e-01
6.87661072e-01
6.73937840e-01
6.57401144e-01
6.37523076e-01
6.13604703e-01
5.84713549e-01
5.49628003e-01
5.06878610e-01
4.55222983e-01
3.95723354e-01
3.38867482e-01
3.18731300e-01
3.71124906e-01
4.35539677e-01
3.14827775e-01
2.39820133e-01
2.59467831e-01
2.21095831e-01
2.43494403e-01
3.07835173e-01
3.76505530e-01
4.37268198e-01
4.88532939e-01
5.31418074e-01
5.67456508e-01
5.98011660e-01
6.24175864e-01
6.46796909e-01
6.66529099e-01
6.83880123e-01
6.99247905e-01
7.12947995e-01
7.25233584e-01
7.36310060e-01
7.46345668e-01
7.55479346e-01
7.63826567e-01
7.71483715e-01
7.78531393e-01
7.85036939e-01
7.91056342e-01
7.96635706e-01
8.01812358e-01
8.06615687e-01
8.11067765e-01
8.15183798e-01
8.18972443e-01
8.22436019e-01
8.25570629e-01
8.28366216e-01
8.30806564e-01
8.32869255e-01
8.34525573e-01
8.35740375e-01
8.36471894e-01
8.36671475e-01
8.36283185e-01
8.35243269e-01
8.33479325e-01
8.30909116e-01
8.27438778e-01
8.22960156e-01
8.17346817e-01
8.10448051e-01
8.02079782e-01
7.92010696e-01
7.79940773e-01
7.65467662e-01
7.48033212e-01
7.26837415e-01
7.00699160e-01
6.67834659e-01
6.25532731e-01
5.69830279e-01
4.96016845e-01
4.04320589e-01
3.26829843e-01
3.45712508e-01
3.37478060e-01
1.74350706e-01
3.57829895e-01
5.17314603e-01
6.27012834e-01
6.99801333e-01
7.49231410e-01
7.84169598e-01
8.09924025e-01
8.29645268e-01
8.45240591e-01
8.57901934e-01
8.68401982e-01
8.77260675e-01
8.84840506e-01
8.91402471e-01
8.97139892e-01
9.02199513e-01
9.06695048e-01
9.10716160e-01
9.14334559e-01
9.17608251e-01
9.20584554e-01
9.23302289e-01
9.25793379e-01
9.28084040e-01
9.30195671e-01
9.32145520e-01
9.33947183e-01
9.35610978e-01
9.37144221e-01
9.38551428e-01
9.39834454e-01
9.40992592e-01
9.42022641e-01
9.42918937e-01
9.43673371e-01
9.44275392e-01
9.44711988e-01
9.44967658e-01
9.45024361e-01
9.44861430e-01
9.44455448e-01
9.43780042e-01
9.42805574e-01
9.41498655e-01
9.39821411e-01
9.37730349e-01
9.35174656e-01
9.32093592e-01
9.28412518e-01
9.24036754e-01
9.18841957e-01
9.12658685e-01
9.05247025e-01
8.96253415e-01
8.85134196e-01
8.71013482e-01
8.52403378e-01
8.26618011e-01
7.88484558e-01
7.27554933e-01
6.23496228e-01
4.48912458e-01
2.27916740e-01
SCALARS pressure double 1
LOOKUP_TABLE default
-1.87553937e+00
-1.87647554e+00
-1.87691757e+00
-1.87728724e+00
-1.87762617e+00
-1.87794066e+00
-1.87822572e+00
-1.87847402e+00
-1.87867930e+00
-1.87883682e+00
-1.87894367e+00
-1.87899813e+00
-1.87899970e+00
-1.87894836e+00
-1.87884487e+00
-1.87868998e+00
-1.87848494e+00
-1.87823074e+00
-1.87792877e+00
-1.87758006e+00
-1.87718604e+00
-1.87674783e+00
-1.87626698e+00
-1.87574480e+00
-1.87518319e+00
-1.87458384e+00
-1.87394915e+00
-1.87328143e+00
-1.87258377e+00
-1.87185923e+00
-1.87111171e+00
-1.87034515e+00
-1.86956433e+00
-1.86877405e+00
-1.86797993e+00
-1.86718757e+00
-1.86640331e+00
-1.86563333e+00
-1.86488443e+00
-1.86416310e+00
-1.86347625e+00
-1.86283026e+00
-1.86223169e+00
-1.86168631e+00
-1.86119979e+00
-1.86077676e+00
-1.86042140e+00
-1.86013657e+00
-1.85992439e+00
-1.85978540e+00
-1.85971903e+00
-1.85972293e+00
-1.85979336e+00
-1.85992450e+00
-1.86010881e+00
-1.86033634e+00
-1.86059480e+00
-1.86086863e+00
-1.86113828e+00
-1.86137786e+00
-1.86155096e+00
-1.86160080e+00
-1.86143003e+00
-1.86057015e+00
-1.87636877e+00
-1.87687619e+00
-1.87716496e+00
-1.87746079e+00
-1.87774784e+00
-1.87801797e+00
-1.87826340e+00
-1.87847708e+00
-1.87865294e+00
-1.87878659e+00
-1.87887477e+00
-1.87891570e+00
-1.87890819e+00
-1.87885214e+00
-1.87874754e+00
-1.87859512e+00
-1.87839541e+00
-1.87814953e+00
-1.87785820e+00
-1.87752273e+00
-1.87714395e+00
-1.87672333e+00
-1.87626188e+00
-1.87576133e+00
-1.87522303e+00
-1.87464914e+00
-1.87404149e+00
-1.87340284e+00
-1.87273567e+00
-1.87204348e+00
-1.87132950e+00
-1.87059805e+00
-1.86985316e+00
-1.86909996e+00
-1.86834327e+00
-1.86758892e+00
-1.86684237e+00
-1.86610997e+00
-1.86539760e+00
-1.86471184e+00
-1.86405862e+00
-1.86344437e+00
-1.86287464e+00
-1.86235521e+00
-1.86189078e+00
-1.86148595e+00
-1.86114398e+00
-1.86086775e+00
-1.86065855e+00
-1.86051696e+00
-1.86044179e+00
-1.86043085e+00
-1.86047994e+00
-1.86058361e+00
-1.86073422e+00
-1.86092246e+00
-1.86113649e+00
-1.86136217e+00
-1.86158190e+00
-1.86177433e+00
-1.86191303e+00
-1.86196750e+00
-1.86191252e+00
-1.86148289e+00
-1.87650836e+00
-1.87690904e+00
-1.87711215e+00
-1.87734994e+00
-1.87759352e+00
-1.87782704e+00
-1.87804026e+00
-1.87822535e+00
-1.87837663e+00
-1.87848956e+00
-1.87856133e+00
-1.87858968e+00
-1.87857373e+00
-1.87851265e+00
-1.87840669e+00
-1.87825579e+00
-1.87806080e+00
-1.87782200e+00
-1.87754054e+00
-1.87721689e+00
-1.87685242e+00
-1.87644775e+00
-1.87600452e+00
-1.87552362e+00
-1.87500704e+00
-1.87445611e+00
-1.87387334e+00
-1.87326061e+00
-1.87262109e+00
-1.87195733e+00
-1.87127327e+00
-1.87057220e+00
-1.86985885e+00
-1.86913727e+00
-1.86841289e+00
-1.86769046e+00
-1.86697600e+00
-1.86627473e+00
-1.86559303e+00
-1.86493633e+00
-1.86431101e+00
-1.86372236e+00
-1.86317633e+00
-1.86267759e+00
-1.86223119e+00
-1.86184069e+00
-1.86150970e+00
-1.86124012e+00
-1.86103363e+00
-1.86088999e+00
-1.86080841e+00
-1.86078610e+00
-1.86081941e+00
-1.86090258e+00
-1.86102879e+00
-1.86118897e+00
-1.86137273e+00
-1.86156734e+00
-1.86175854e+00
-1.86192997e+00
-1.86206490e+00
-1.86214915e+00
-1.86218093e+00
-1.86189623e+00
-1.87644021e+00
-1.87684624e+00
-1.87702460e+00
-1.87723368e+00
-1.87744975e+00
-1.87765760e+00
-1.87784666e+00
-1.87800970e+00
-1.87814104e+00
-1.87823703e+00
-1.87829458e+00
-1.87831218e+00
-1.87828834e+00
-1.87822286e+00
-1.87811514e+00
-1.87796573e+00
-1.87777451e+00
-1.87754243e+00
-1.87726956e+00
-1.87695715e+00
-1.87660543e+00
-1.87621588e+00
-1.87578897e+00
-1.87532651e+00
-1.87482933e+00
-1.87429969e+00
-1.87373889e+00
-1.87314981e+00
-1.87253435e+00
-1.87189609e+00
-1.87123764e+00
-1.87056332e+00
-1.86987649e+00
-1.86918222e+00
-1.86848456e+00
-1.86778921e+00
-1.86710080e+00
-1.86642549e+00
-1.86576825e+00
-1.86513542e+00
-1.86453200e+00
-1.86396410e+00
-1.86343637e+00
-1.86295425e+00
-1.86252155e+00
-1.86214257e+00
-1.86181975e+00
-1.86155575e+00
-1.86135119e+00
-1.86120658e+00
-1.86112028e+00
-1.86109029e+00
-1.86111238e+00
-1.86118177e+00
-1.86129146e+00
-1.86143377e+00
-1.86159897e+00
-1.86177667e+00
-1.86195500e+00
-1.86212222e+00
-1.86226729e+00
-1.86238330e+00
-1.86247141e+00
-1.86225126e+00
-1.87626880e+00
-1.87671775e+00
-1.87690648e+00
-1.87711076e+00
-1.87731543e+00
-1.87750865e+00
-1.87768206e+00
-1.87782916e+00
-1.87794570e+00
-1.87802808e+00
-1.87807439e+00
-1.87808270e+00
-1.87805251e+00
-1.87798283e+00
-1.87787401e+00
-1.87772554e+00
-1.87753822e+00
-1.87731179e+00
-1.87704733e+00
-1.87674471e+00
-1.87640525e+00
-1.87602901e+00
-1.87561761e+00
-1.87517137e+00
-1.87469234e+00
-1.87418125e+00
-1.87364068e+00
-1.87307191e+00
-1.87247817e+00
-1.87186142e+00
-1.87122560e+00
-1.87057339e+00
-1.86990950e+00
-1.86923731e+00
-1.86856223e+00
-1.86788828e+00
-1.86722143e+00
-1.86656616e+00
-1.86592876e+00
-1.86531391e+00
-1.86472790e+00
-1.86417526e+00
-1.86366184e+00
-1.86319161e+00
-1.86276953e+00
-1.86239852e+00
-1.86208214e+00
-1.86182177e+00
-1.86161912e+00
-1.86147361e+00
-1.86138469e+00
-1.86134947e+00
-1.86136489e+00
-1.86142562e+00
-1.86152604e+00
-1.86165849e+00
-1.86181508e+00
-1.86198642e+00
-1.86216341e+00
-1.86233672e+00
-1.86249895e+00
-1.86264529e+00
-1.86277589e+00
-1.86260078e+00
-1.87605298e+00
-1.87655637e+00
-1.87677296e+00
-1.87698849e+00
-1.87719418e+00
-1.87738268e+00
-1.87754774e+00
-1.87768513e+00
-1.87779116e+00
-1.87786388e+00
-1.87790122e+00
-1.87790264e+00
-1.87786696e+00
-1.87779447e+00
-1.87768444e+00
-1.87753760e+00
-1.87735342e+00
-1.87713289e+00
-1.87687556e+00
-1.87658262e+00
-1.87625374e+00
-1.87589036e+00
-1.87549234e+00
-1.87506149e+00
-1.87459800e+00
-1.87410417e+00
-1.87358066e+00
-1.87303039e+00
-1.87245464e+00
-1.87185700e+00
-1.87123948e+00
-1.87060643e+00
-1.86996057e+00
-1.86930701e+00
-1.86864915e+00
-1.86799274e+00
-1.86734178e+00
-1.86670246e+00
-1.86607915e+00
-1.86547820e+00
-1.86490405e+00
-1.86436287e+00
-1.86385875e+00
-1.86339723e+00
-1.86298163e+00
-1.86261638e+00
-1.86230353e+00
-1.86204592e+00
-1.86184390e+00
-1.86169829e+00
-1.86160740e+00
-1.86156973e+00
-1.86158135e+00
-1.86163838e+00
-1.86173475e+00
-1.86186442e+00
-1.86201968e+00
-1.86219317e+00
-1.86237670e+00
-1.86256332e+00
-1.86274676e+00
-1.86292338e+00
-1.86309172e+00
-1.86295816e+00
-1.87582880e+00
-1.87638867e+00
-1.87664133e+00
-1.87687741e+00
-1.87709316e+00
-1.87728426e+00
-1.87744756e+00
-1.87758003e+00
-1.87768012e+00
-1.87774606e+00
-1.87777753e+00
-1.87777350e+00
-1.87773436e+00
-1.87765942e+00
-1.87754944e+00
-1.87740381e+00
-1.87722348e+00
-1.87700782e+00
-1.87675791e+00
-1.87647313e+00
-1.87615475e+00
-1.87580222e+00
-1.87541714e+00
-1.87499918e+00
-1.87455036e+00
-1.87407078e+00
-1.87356300e+00
-1.87302766e+00
-1.87246803e+00
-1.87188541e+00
-1.87128380e+00
-1.87066527e+00
-1.87003458e+00
-1.86939454e+00
-1.86875063e+00
-1.86810633e+00
-1.86746771e+00
-1.86683875e+00
-1.86622586e+00
-1.86563328e+00
-1.86506745e+00
-1.86453252e+00
-1.86403453e+00
-1.86357713e+00
-1.86316552e+00
-1.86280236e+00
-1.86249153e+00
-1.86223426e+00
-1.86203265e+00
-1.86188610e+00
-1.86179460e+00
-1.86175547e+00
-1.86176642e+00
-1.86182272e+00
-1.86191995e+00
-1.86205167e+00
-1.86221191e+00
-1.86239338e+00
-1.86258975e+00
-1.86279442e+00
-1.86300253e+00
-1.86321011e+00
-1.86341533e+00
-1.86332289e+00
-1.87562031e+00
-1.87623557e+00
-1.87652734e+00
-1.87678940e+00
-1.87702068e+00
-1.87722015e+00
-1.87738623e+00
-1.87751841e+00
-1.87761568e+00
-1.87767833e+00
-1.87770576e+00
-1.87769880e+00
-1.87765698e+00
-1.87758134e+00
-1.87747135e+00
-1.87732809e+00
-1.87715085e+00
-1.87694076e+00
-1.87669695e+00
-1.87642062e+00
-1.87611088e+00
-1.87576913e+00
-1.87539461e+00
-1.87498907e+00
-1.87455204e+00
-1.87408578e+00
-1.87359032e+00
-1.87306854e+00
-1.87252109e+00
-1.87195162e+00
-1.87136150e+00
-1.87075516e+00
-1.87013476e+00
-1.86950552e+00
-1.86887033e+00
-1.86823509e+00
-1.86760336e+00
-1.86698153e+00
-1.86637358e+00
-1.86578613e+00
-1.86522329e+00
-1.86469156e+00
-1.86419477e+00
-1.86373886e+00
-1.86332697e+00
-1.86296397e+00
-1.86265184e+00
-1.86239393e+00
-1.86219064e+00
-1.86204337e+00
-1.86195065e+00
-1.86191172e+00
-1.86192308e+00
-1.86198184e+00
-1.86208269e+00
-1.86222096e+00
-1.86239019e+00
-1.86258476e+00
-1.86279810e+00
-1.86302498e+00
-1.86326018e+00
-1.86350023e+00
-1.86374237e+00
-1.86369096e+00
-1.87544522e+00
-1.87611346e+00
-1.87644522e+00
-1.87673562e+00
-1.87698618e+00
-1.87719738e+00
-1.87737025e+00
-1.87750500e+00
-1.87760292e+00
-1.87766422e+00
-1.87769040e+00
-1.87768154e+00
-1.87763918e+00
-1.87756308e+00
-1.87745464e+00
-1.87731326e+00
-1.87714022e+00
-1.87693458e+00
-1.87669754e+00
-1.87642798e+00
-1.87612717e+00
-1.87579398e+00
-1.87542991e+00
-1.87503402e+00
-1.87460825e+00
-1.87415206e+00
-1.87366795e+00
-1.87315595e+00
-1.87261929e+00
-1.87205871e+00
-1.87147824e+00
-1.87087940e+00
-1.87026707e+00
-1.86964356e+00
-1.86901454e+00
-1.86838305e+00
-1.86775542e+00
-1.86713528e+00
-1.86652937e+00
-1.86594165e+00
-1.86537895e+00
-1.86484525e+00
-1.86434705e+00
-1.86388790e+00
-1.86347353e+00
-1.86310663e+00
-1.86279167e+00
-1.86252999e+00
-1.86232437e+00
-1.86217445e+00
-1.86208099e+00
-1.86204171e+00
-1.86205522e+00
-1.86211738e+00
-1.86222483e+00
-1.86237197e+00
-1.86255405e+00
-1.86276476e+00
-1.86299894e+00
-1.86325070e+00
-1.86351561e+00
-1.86378933e+00
-1.86406910e+00
-1.86405835e+00
-1.87531723e+00
-1.87603598e+00
-1.87640705e+00
-1.87672704e+00
-1.87699849e+00
-1.87722420e+00
-1.87740593e+00
-1.87754626e+00
-1.87764655e+00
-1.87770926e+00
-1.87773529e+00
-1.87772689e+00
-1.87768440e+00
-1.87760971e+00
-1.87750257e+00
-1.87736453e+00
-1.87719479e+00
-1.87699464e+00
-1.87676288e+00
-1.87650073e+00
-1.87620678e+00
-1.87588238e+00
-1.87552616e+00
-1.87513978e+00
-1.87472215e+00
-1.87427544e+00
-1.87379906e+00
-1.87329585e+00
-1.87276588e+00
-1.87221280e+00
-1.87163744e+00
-1.87104434e+00
-1.87043516e+00
-1.86981530e+00
-1.86918725e+00
-1.86855716e+00
-1.86792826e+00
-1.86730729e+00
-1.86669799e+00
-1.86610741e+00
-1.86553952e+00
-1.86500132e+00
-1.86449662e+00
-1.86403193e+00
-1.86361047e+00
-1.86323777e+00
-1.86291601e+00
-1.86264926e+00
-1.86243825e+00
-1.86228519e+00
-1.86218904e+00
-1.86214993e+00
-1.86216493e+00
-1.86223212e+00
-1.86234685e+00
-1.86250546e+00
-1.86270214e+00
-1.86293214e+00
-1.86318934e+00
-1.86346885e+00
-1.86376522e+00
-1.86407437e+00
-1.86439238e+00
-1.86442232e+00
-1.87524782e+00
-1.87601445e+00
-1.87642395e+00
-1.87677335e+00
-1.87706694e+00
-1.87730813e+00
-1.87750093e+00
-1.87764805e+00
-1.87775315e+00
-1.87781822e+00
-1.87784644e+00
-1.87783896e+00
-1.87779839e+00
-1.87772503e+00
-1.87762091e+00
-1.87748551e+00
-1.87732042e+00
-1.87712447e+00
-1.87689896e+00
-1.87664234e+00
-1.87635585e+00
-1.87603781e+00
-1.87568963e+00
-1.87530978e+00
-1.87490008e+00
-1.87445938e+00
-1.87399013e+00
-1.87349175e+00
-1.87296749e+00
-1.87241751e+00
-1.87184594e+00
-1.87125380e+00
-1.87064613e+00
-1.87002484e+00
-1.86939583e+00
-1.86876185e+00
-1.86812954e+00
-1.86750231e+00
-1.86688733e+00
-1.86628846e+00
-1.86571303e+00
-1.86516502e+00
-1.86465153e+00
-1.86417623e+00
-1.86374557e+00
-1.86336244e+00
-1.86303211e+00
-1.86275629e+00
-1.86253864e+00
-1.86237929e+00
-1.86227993e+00
-1.86223890e+00
-1.86225579e+00
-1.86232712e+00
-1.86245048e+00
-1.86262088e+00
-1.86283432e+00
-1.86308487e+00
-1.86336765e+00
-1.86367655e+00
-1.86400667e+00
-1.86435260e+00
-1.86471024e+00
-1.86478124e+00
-1.87524676e+00
-1.87605907e+00
-1.87650549e+00
-1.87688414e+00
-1.87719974e+00
-1.87745763e+00
-1.87766199e+00
-1.87781779e+00
-1.87792831e+00
-1.87799786e+00
-1.87802864e+00
-1.87802417e+00
-1.87798551e+00
-1.87791537e+00
-1.87781373e+00
-1.87768260e+00
-1.87752105e+00
-1.87733058e+00
-1.87710965e+00
-1.87685949e+00
-1.87657820e+00
-1.87626705e+00
-1.87592411e+00
-1.87555095e+00
-1.87514585e+00
-1.87471094e+00
-1.87424501e+00
-1.87375088e+00
-1.87322807e+00
-1.87268028e+00
-1.87210786e+00
-1.87151545e+00
-1.87090433e+00
-1.87028010e+00
-1.86964493e+00
-1.86900529e+00
-1.86836419e+00
-1.86772876e+00
-1.86710263e+00
-1.86649336e+00
-1.86590492e+00
-1.86534490e+00
-1.86481725e+00
-1.86432916e+00
-1.86388414e+00
-1.86348850e+00
-1.86314484e+00
-1.86285814e+00
-1.86262967e+00
-1.86246265e+00
-1.86235671e+00
-1.86231304e+00
-1.86232945e+00
-1.86240503e+00
-1.86253584e+00
-1.86271904e+00
-1.86294925e+00
-1.86322213e+00
-1.86353145e+00
-1.86387200e+00
-1.86423738e+00
-1.86462230e+00
-1.86502109e+00
-1.86513465e+00
-1.87532298e+00
-1.87617873e+00
-1.87666091e+00
-1.87706779e+00
-1.87740564e+00
-1.87768000e+00
-1.87789713e+00
-1.87806175e+00
-1.87817943e+00
-1.87825363e+00
-1.87828895e+00
-1.87828744e+00
-1.87825267e+00
-1.87818531e+00
-1.87808798e+00
-1.87796017e+00
-1.87780374e+00
-1.87761728e+00
-1.87740217e+00
-1.87715640e+00
-1.87688121e+00
-1.87657434e+00
-1.87623716e+00
-1.87586752e+00
-1.87546719e+00
-1.87503440e+00
-1.87457159e+00
-1.87407761e+00
-1.87355573e+00
-1.87300563e+00
-1.87243152e+00
-1.87183402e+00
-1.87121835e+00
-1.87058607e+00
-1.86994339e+00
-1.86929279e+00
-1.86864130e+00
-1.86799220e+00
-1.86735313e+00
-1.86672790e+00
-1.86612446e+00
-1.86554685e+00
-1.86500289e+00
-1.86449648e+00
-1.86403487e+00
-1.86362136e+00
-1.86326216e+00
-1.86295953e+00
-1.86271819e+00
-1.86253898e+00
-1.86242477e+00
-1.86237471e+00
-1.86238956e+00
-1.86246666e+00
-1.86260466e+00
-1.86279915e+00
-1.86304683e+00
-1.86334186e+00
-1.86367936e+00
-1.86405257e+00
-1.86445561e+00
-1.86488146e+00
-1.86532405e+00
-1.86548248e+00
-1.87548449e+00
-1.87638199e+00
-1.87689832e+00
-1.87733289e+00
-1.87769215e+00
-1.87798350e+00
-1.87821306e+00
-1.87838778e+00
-1.87851251e+00
-1.87859310e+00
-1.87863281e+00
-1.87863622e+00
-1.87860495e+00
-1.87854234e+00
-1.87844853e+00
-1.87832587e+00
-1.87817327e+00
-1.87799237e+00
-1.87778124e+00
-1.87754111e+00
-1.87726959e+00
-1.87696789e+00
-1.87663350e+00
-1.87626792e+00
-1.87586886e+00
-1.87543839e+00
-1.87497475e+00
-1.87448079e+00
-1.87395550e+00
-1.87340266e+00
-1.87282219e+00
-1.87221890e+00
-1.87159370e+00
-1.87095244e+00
-1.87029703e+00
-1.86963427e+00
-1.86896699e+00
-1.86830277e+00
-1.86764518e+00
-1.86700228e+00
-1.86637813e+00
-1.86578096e+00
-1.86521490e+00
-1.86468794e+00
-1.86420393e+00
-1.86377011e+00
-1.86338962e+00
-1.86306852e+00
-1.86280880e+00
-1.86261493e+00
-1.86248741e+00
-1.86242877e+00
-1.86243778e+00
-1.86251482e+00
-1.86265683e+00
-1.86286196e+00
-1.86312535e+00
-1.86344307e+00
-1.86380866e+00
-1.86421639e+00
-1.86465865e+00
-1.86512848e+00
-1.86561792e+00
-1.86582507e+00
-1.87573913e+00
-1.87667651e+00
-1.87722594e+00
-1.87768691e+00
-1.87806749e+00
-1.87837504e+00
-1.87861782e+00
-1.87880221e+00
-1.87893542e+00
-1.87902212e+00
-1.87906808e+00
-1.87907605e+00
-1.87905030e+00
-1.87899180e+00
-1.87890354e+00
-1.87878495e+00
-1.87863805e+00
-1.87846111e+00
-1.87825553e+00
-1.87801888e+00
-1.87775230e+00
-1.87745303e+00
-1.87712234e+00
-1.87675754e+00
-1.87636034e+00
-1.87592843e+00
-1.87546424e+00
-1.87496612e+00
-1.87443739e+00
-1.87387730e+00
-1.87329018e+00
-1.87267628e+00
-1.87204103e+00
-1.87138570e+00
-1.87071678e+00
-1.87003656e+00
-1.86935243e+00
-1.86866758e+00
-1.86799009e+00
-1.86732381e+00
-1.86667723e+00
-1.86605456e+00
-1.86546430e+00
-1.86491067e+00
-1.86440176e+00
-1.86394137e+00
-1.86353675e+00
-1.86319087e+00
-1.86290968e+00
-1.86269497e+00
-1.86255100e+00
-1.86247803e+00
-1.86247833e+00
-1.86255039e+00
-1.86269421e+00
-1.86290636e+00
-1.86318446e+00
-1.86352305e+00
-1.86391737e+00
-1.86436003e+00
-1.86484409e+00
-1.86536071e+00
-1.86590146e+00
-1.86616226e+00
-1.87609411e+00
-1.87707005e+00
-1.87765103e+00
-1.87813783e+00
-1.87853858e+00
-1.87886264e+00
-1.87911791e+00
-1.87931305e+00
-1.87945431e+00
-1.87954882e+00
-1.87960066e+00
-1.87961524e+00
-1.87959454e+00
-1.87954234e+00
-1.87945879e+00
-1.87934642e+00
-1.87920388e+00
-1.87903284e+00
-1.87883096e+00
-1.87859941e+00
-1.87833531e+00
-1.87803978e+00
-1.87770978e+00
-1.87734674e+00
-1.87694786e+00
-1.87651519e+00
-1.87604647e+00
-1.87554458e+00
-1.87500809e+00
-1.87444087e+00
-1.87384247e+00
-1.87321786e+00
-1.87256765e+00
-1.87189791e+00
-1.87121033e+00
-1.87051203e+00
-1.86980566e+00
-1.86909921e+00
-1.86839618e+00
-1.86770515e+00
-1.86703020e+00
-1.86638019e+00
-1.86575947e+00
-1.86517677e+00
-1.86463636e+00
-1.86414644e+00
-1.86371077e+00
-1.86333661e+00
-1.86302685e+00
-1.86278738e+00
-1.86261989e+00
-1.86252854e+00
-1.86251347e+00
-1.86257676e+00
-1.86271672e+00
-1.86293302e+00
-1.86322183e+00
-1.86358010e+00
-1.86400160e+00
-1.86448038e+00
-1.86500780e+00
-1.86557522e+00
-1.86617215e+00
-1.86649339e+00
-1.87655679e+00
-1.87756964e+00
-1.87818122e+00
-1.87869245e+00
-1.87911323e+00
-1.87945279e+00
-1.87972126e+00
-1.87992655e+00
-1.88007734e+00
-1.88017929e+00
-1.88023909e+00
-1.88025994e+00
-1.88024664e+00
-1.88020019e+00
-1.88012379e+00
-1.88001664e+00
-1.87988078e+00
-1.87971412e+00
-1.87951796e+00
-1.87928941e+00
-1.87902951e+00
-1.87873501e+00
-1.87840709e+00
-1.87804256e+00
-1.87764310e+00
-1.87720593e+00
-1.87673350e+00
-1.87622374e+00
-1.87568005e+00
-1.87510129e+00
-1.87449194e+00
-1.87385193e+00
-1.87318687e+00
-1.87249778e+00
-1.87179139e+00
-1.87106979e+00
-1.87034070e+00
-1.86960716e+00
-1.86887767e+00
-1.86815604e+00
-1.86745126e+00
-1.86676764e+00
-1.86611433e+00
-1.86549582e+00
-1.86492103e+00
-1.86439429e+00
-1.86392390e+00
-1.86351366e+00
-1.86317088e+00
-1.86289849e+00
-1.86270243e+00
-1.86258446e+00
-1.86254874e+00
-1.86259548e+00
-1.86272671e+00
-1.86294064e+00
-1.86323661e+00
-1.86361034e+00
-1.86405792e+00
-1.86457206e+00
-1.86514522e+00
-1.86576699e+00
-1.86642651e+00
-1.86681621e+00
-1.87713407e+00
-1.87818262e+00
-1.87882323e+00
-1.87935829e+00
-1.87979782e+00
-1.88015319e+00
-1.88043404e+00
-1.88065073e+00
-1.88081067e+00
-1.88092210e+00
-1.88098967e+00
-1.88101936e+00
-1.88101323e+00
-1.88097528e+00
-1.88090545e+00
-1.88080625e+00
-1.88067598e+00
-1.88051618e+00
-1.88032406e+00
-1.88010067e+00
-1.87984265e+00
-1.87955101e+00
-1.87922226e+00
-1.87885776e+00
-1.87845429e+00
-1.87801388e+00
-1.87753390e+00
-1.87701727e+00
-1.87646220e+00
-1.87587270e+00
-1.87524796e+00
-1.87459313e+00
-1.87390853e+00
-1.87320044e+00
-1.87247029e+00
-1.87172544e+00
-1.87096837e+00
-1.87020735e+00
-1.86944577e+00
-1.86869257e+00
-1.86795184e+00
-1.86723291e+00
-1.86654029e+00
-1.86588337e+00
-1.86526678e+00
-1.86469960e+00
-1.86418627e+00
-1.86373525e+00
-1.86335048e+00
-1.86303942e+00
-1.86280523e+00
-1.86265406e+00
-1.86258796e+00
-1.86261134e+00
-1.86272467e+00
-1.86293008e+00
-1.86322581e+00
-1.86361087e+00
-1.86408042e+00
-1.86462942e+00
-1.86524908e+00
-1.86592974e+00
-1.86665857e+00
-1.86712685e+00
-1.87783311e+00
-1.87891568e+00
-1.87958429e+00
-1.88014162e+00
-1.88059971e+00
-1.88096980e+00
-1.88126394e+00
-1.88149157e+00
-1.88166263e+00
-1.88178354e+00
-1.88186164e+00
-1.88190030e+00
-1.88190448e+00
-1.88187497e+00
-1.88181492e+00
-1.88172312e+00
-1.88160145e+00
-1.88144734e+00
-1.88126194e+00
-1.88104187e+00
-1.88078805e+00
-1.88049678e+00
-1.88016917e+00
-1.87980164e+00
-1.87939585e+00
-1.87894867e+00
-1.87846259e+00
-1.87793522e+00
-1.87737005e+00
-1.87676563e+00
-1.87612660e+00
-1.87545256e+00
-1.87474930e+00
-1.87401756e+00
-1.87326426e+00
-1.87249123e+00
-1.87170639e+00
-1.87091257e+00
-1.87011853e+00
-1.86932795e+00
-1.86855014e+00
-1.86778940e+00
-1.86705537e+00
-1.86635269e+00
-1.86569099e+00
-1.86507504e+00
-1.86451412e+00
-1.86401287e+00
-1.86357999e+00
-1.86321973e+00
-1.86293993e+00
-1.86274421e+00
-1.86263920e+00
-1.86262757e+00
-1.86271424e+00
-1.86290031e+00
-1.86318817e+00
-1.86357630e+00
-1.86406333e+00
-1.86464370e+00
-1.86531081e+00
-1.86605380e+00
-1.86686004e+00
-1.86741836e+00
-1.87866073e+00
-1.87977590e+00
-1.88047066e+00
-1.88104947e+00
-1.88152464e+00
-1.88190983e+00
-1.88221660e+00
-1.88245692e+00
-1.88263925e+00
-1.88277256e+00
-1.88286178e+00
-1.88291300e+00
-1.88292806e+00
-1.88291080e+00
-1.88286067e+00
-1.88277993e+00
-1.88266634e+00
-1.88252123e+00
-1.88234129e+00
-1.88212742e+00
-1.88187580e+00
-1.88158739e+00
-1.88125829e+00
-1.88088989e+00
-1.88047862e+00
-1.88002660e+00
-1.87953087e+00
-1.87899449e+00
-1.87841538e+00
-1.87779766e+00
-1.87714026e+00
-1.87644844e+00
-1.87572225e+00
-1.87496809e+00
-1.87418710e+00
-1.87338675e+00
-1.87256925e+00
-1.87174298e+00
-1.87091109e+00
-1.87008270e+00
-1.86926171e+00
-1.86845774e+00
-1.86767527e+00
-1.86692412e+00
-1.86620912e+00
-1.86554010e+00
-1.86492204e+00
-1.86436448e+00
-1.86387244e+00
-1.86345501e+00
-1.86311704e+00
-1.86286699e+00
-1.86270937e+00
-1.86265167e+00
-1.86269765e+00
-1.86285319e+00
-1.86312040e+00
-1.86350233e+00
-1.86399785e+00
-1.86460519e+00
-1.86531778e+00
-1.86612678e+00
-1.86701831e+00
-1.86768039e+00
-1.87962406e+00
-1.88076975e+00
-1.88148918e+00
-1.88208743e+00
-1.88257927e+00
-1.88297842e+00
-1.88329913e+00
-1.88355227e+00
-1.88374885e+00
-1.88389562e+00
-1.88400006e+00
-1.88406520e+00
-1.88409570e+00
-1.88409172e+00
-1.88405598e+00
-1.88398664e+00
-1.88388522e+00
-1.88374858e+00
-1.88357765e+00
-1.88336860e+00
-1.88312226e+00
-1.88283456e+00
-1.88250665e+00
-1.88213464e+00
-1.88172030e+00
-1.88126024e+00
-1.88075710e+00
-1.88020823e+00
-1.87961729e+00
-1.87898256e+00
-1.87830879e+00
-1.87759534e+00
-1.87684806e+00
-1.87606739e+00
-1.87526029e+00
-1.87442825e+00
-1.87357920e+00
-1.87271564e+00
-1.87184633e+00
-1.87097461e+00
-1.87010988e+00
-1.86925621e+00
-1.86842339e+00
-1.86761604e+00
-1.86684416e+00
-1.86611277e+00
-1.86543192e+00
-1.86480693e+00
-1.86424776e+00
-1.86375998e+00
-1.86335341e+00
-1.86303387e+00
-1.86281089e+00
-1.86269039e+00
-1.86268134e+00
-1.86278922e+00
-1.86302157e+00
-1.86338215e+00
-1.86387515e+00
-1.86450012e+00
-1.86525476e+00
-1.86613088e+00
-1.86711626e+00
-1.86789710e+00
-1.88073001e+00
-1.88190420e+00
-1.88264560e+00
-1.88326177e+00
-1.88376824e+00
-1.88418175e+00
-1.88451612e+00
-1.88478489e+00
-1.88499714e+00
-1.88516201e+00
-1.88528395e+00
-1.88536851e+00
-1.88541663e+00
-1.88543146e+00
-1.88541158e+00
-1.88535870e+00
-1.88526988e+00
-1.88514611e+00
-1.88498360e+00
-1.88478312e+00
-1.88454052e+00
-1.88425678e+00
-1.88392780e+00
-1.88355507e+00
-1.88313488e+00
-1.88266950e+00
-1.88215582e+00
-1.88159707e+00
-1.88099098e+00
-1.88034181e+00
-1.87964824e+00
-1.87891563e+00
-1.87814370e+00
-1.87733884e+00
-1.87650183e+00
-1.87564008e+00
-1.87475532e+00
-1.87385585e+00
-1.87294432e+00
-1.87202974e+00
-1.87111557e+00
-1.87021134e+00
-1.86932120e+00
-1.86845506e+00
-1.86761764e+00
-1.86681911e+00
-1.86606473e+00
-1.86536487e+00
-1.86472536e+00
-1.86415680e+00
-1.86366572e+00
-1.86326304e+00
-1.86295609e+00
-1.86275615e+00
-1.86267135e+00
-1.86271299e+00
-1.86288934e+00
-1.86321056e+00
-1.86368307e+00
-1.86431294e+00
-1.86510073e+00
-1.86604323e+00
-1.86712939e+00
-1.86804605e+00
-1.88198607e+00
-1.88318570e+00
-1.88394629e+00
-1.88457695e+00
-1.88509680e+00
-1.88552330e+00
-1.88587336e+00
-1.88615921e+00
-1.88639215e+00
-1.88657839e+00
-1.88672447e+00
-1.88683210e+00
-1.88690477e+00
-1.88694138e+00
-1.88694374e+00
-1.88690905e+00
-1.88683832e+00
-1.88672783e+00
-1.88657832e+00
-1.88638563e+00
-1.88615065e+00
-1.88586916e+00
-1.88554251e+00
-1.88516673e+00
-1.88474384e+00
-1.88427040e+00
-1.88374927e+00
-1.88317772e+00
-1.88255957e+00
-1.88189295e+00
-1.88118270e+00
-1.88042788e+00
-1.87963436e+00
-1.87880216e+00
-1.87793812e+00
-1.87704322e+00
-1.87612519e+00
-1.87518589e+00
-1.87423380e+00
-1.87327163e+00
-1.87230845e+00
-1.87134771e+00
-1.87039898e+00
-1.86946639e+00
-1.86855990e+00
-1.86768434e+00
-1.86685007e+00
-1.86606271e+00
-1.86533310e+00
-1.86466788e+00
-1.86407862e+00
-1.86357329e+00
-1.86316454e+00
-1.86286202e+00
-1.86267969e+00
-1.86262905e+00
-1.86272513e+00
-1.86298052e+00
-1.86340965e+00
-1.86402316e+00
-1.86483011e+00
-1.86583233e+00
-1.86702460e+00
-1.86809476e+00
-1.88340004e+00
-1.88462169e+00
-1.88539645e+00
-1.88603776e+00
-1.88656735e+00
-1.88700694e+00
-1.88737334e+00
-1.88768117e+00
-1.88793899e+00
-1.88815453e+00
-1.88833025e+00
-1.88846973e+00
-1.88857195e+00
-1.88863850e+00
-1.88866658e+00
-1.88865703e+00
-1.88860613e+00
-1.88851456e+00
-1.88837821e+00
-1.88819792e+00
-1.88796950e+00
-1.88769420e+00
-1.88736799e+00
-1.88699274e+00
-1.88656480e+00
-1.88608679e+00
-1.88555564e+00
-1.88497485e+00
-1.88434207e+00
-1.88366170e+00
-1.88293223e+00
-1.88215901e+00
-1.88134139e+00
-1.88048563e+00
-1.87959196e+00
-1.87866746e+00
-1.87771321e+00
-1.87673704e+00
-1.87574081e+00
-1.87473297e+00
-1.87371611e+00
-1.87269921e+00
-1.87168560e+00
-1.87068469e+00
-1.86970059e+00
-1.86874323e+00
-1.86781760e+00
-1.86693430e+00
-1.86609951e+00
-1.86532479e+00
-1.86461799e+00
-1.86399215e+00
-1.86345737e+00
-1.86302888e+00
-1.86271979e+00
-1.86254815e+00
-1.86253063e+00
-1.86268815e+00
-1.86304013e+00
-1.86360804e+00
-1.86440930e+00
-1.86545756e+00
-1.86675569e+00
-1.86799763e+00
-1.88498161e+00
-1.88621993e+00
-1.88700194e+00
-1.88764633e+00
-1.88818177e+00
-1.88863254e+00
-1.88901888e+00
-1.88935322e+00
-1.88964509e+00
-1.88989766e+00
-1.89011422e+00
-1.89029328e+00
-1.89043570e+00
-1.89053813e+00
-1.89060088e+00
-1.89062002e+00
-1.89059601e+00
-1.89052475e+00
-1.89040707e+00
-1.89023889e+00
-1.89002151e+00
-1.88975098e+00
-1.88942918e+00
-1.88905243e+00
-1.88862326e+00
-1.88813842e+00
-1.88760121e+00
-1.88700895e+00
-1.88636572e+00
-1.88566955e+00
-1.88492533e+00
-1.88413184e+00
-1.88329479e+00
-1.88241370e+00
-1.88149506e+00
-1.88053910e+00
-1.87955299e+00
-1.87853767e+00
-1.87750088e+00
-1.87644423e+00
-1.87537593e+00
-1.87429829e+00
-1.87321997e+00
-1.87214402e+00
-1.87107964e+00
-1.87003079e+00
-1.86900737e+00
-1.86801461e+00
-1.86706350e+00
-1.86616104e+00
-1.86531990e+00
-1.86454963e+00
-1.86386544e+00
-1.86328052e+00
-1.86281384e+00
-1.86248364e+00
-1.86231414e+00
-1.86233004e+00
-1.86256172e+00
-1.86303992e+00
-1.86379797e+00
-1.86486445e+00
-1.86625971e+00
-1.86768917e+00
-1.88674366e+00
-1.88799094e+00
-1.88876740e+00
-1.88940373e+00
-1.88993706e+00
-1.89039855e+00
-1.89080811e+00
-1.89117882e+00
-1.89151490e+00
-1.89181881e+00
-1.89208766e+00
-1.89232046e+00
-1.89251245e+00
-1.89266258e+00
-1.89276614e+00
-1.89282300e+00
-1.89282890e+00
-1.89278462e+00
-1.89268625e+00
-1.89253526e+00
-1.89232799e+00
-1.89206649e+00
-1.89174731e+00
-1.89137307e+00
-1.89094059e+00
-1.89045311e+00
-1.88990783e+00
-1.88930866e+00
-1.88865330e+00
-1.88794635e+00
-1.88718609e+00
-1.88637780e+00
-1.88552037e+00
-1.88461972e+00
-1.88367534e+00
-1.88269369e+00
-1.88167486e+00
-1.88062575e+00
-1.87954699e+00
-1.87844590e+00
-1.87732363e+00
-1.87618786e+00
-1.87504040e+00
-1.87388938e+00
-1.87273743e+00
-1.87159335e+00
-1.87046098e+00
-1.86935019e+00
-1.86826660e+00
-1.86722178e+00
-1.86622394e+00
-1.86528731e+00
-1.86442386e+00
-1.86365184e+00
-1.86298872e+00
-1.86245893e+00
-1.86208811e+00
-1.86191001e+00
-1.86196205e+00
-1.86229059e+00
-1.86294605e+00
-1.86398298e+00
-1.86544880e+00
-1.86707540e+00
-1.88870746e+00
-1.88994902e+00
-1.89069775e+00
-1.89130552e+00
-1.89182631e+00
-1.89229660e+00
-1.89273796e+00
-1.89315732e+00
-1.89355575e+00
-1.89392746e+00
-1.89426775e+00
-1.89456863e+00
-1.89482620e+00
-1.89503386e+00
-1.89519008e+00
-1.89528999e+00
-1.89533405e+00
-1.89531856e+00
-1.89524526e+00
-1.89511100e+00
-1.89491827e+00
-1.89466412e+00
-1.89435156e+00
-1.89397775e+00
-1.89354614e+00
-1.89305406e+00
-1.89250543e+00
-1.89189786e+00
-1.89123579e+00
-1.89051719e+00
-1.88974702e+00
-1.88892370e+00
-1.88805267e+00
-1.88713276e+00
-1.88616982e+00
-1.88516310e+00
-1.88411874e+00
-1.88303635e+00
-1.88192232e+00
-1.88077658e+00
-1.87960573e+00
-1.87841015e+00
-1.87719668e+00
-1.87596635e+00
-1.87472653e+00
-1.87347925e+00
-1.87223283e+00
-1.87099095e+00
-1.86976354e+00
-1.86855678e+00
-1.86738315e+00
-1.86625251e+00
-1.86518125e+00
-1.86418453e+00
-1.86328471e+00
-1.86250504e+00
-1.86187754e+00
-1.86143869e+00
-1.86123715e+00
-1.86133165e+00
-1.86179740e+00
-1.86272214e+00
-1.86420124e+00
-1.86601717e+00
-1.89091173e+00
-1.89211719e+00
-1.89279455e+00
-1.89334044e+00
-1.89383191e+00
-1.89431302e+00
-1.89479882e+00
-1.89528924e+00
-1.89577318e+00
-1.89623902e+00
-1.89667230e+00
-1.89706351e+00
-1.89740199e+00
-1.89768322e+00
-1.89790075e+00
-1.89805418e+00
-1.89813980e+00
-1.89815969e+00
-1.89811145e+00
-1.89799835e+00
-1.89781835e+00
-1.89757523e+00
-1.89726690e+00
-1.89689736e+00
-1.89646442e+00
-1.89597229e+00
-1.89541876e+00
-1.89480832e+00
-1.89413887e+00
-1.89341522e+00
-1.89263548e+00
-1.89180476e+00
-1.89092138e+00
-1.88999071e+00
-1.88901126e+00
-1.88798850e+00
-1.88692111e+00
-1.88581456e+00
-1.88466761e+00
-1.88348571e+00
-1.88226775e+00
-1.88101915e+00
-1.87973916e+00
-1.87843340e+00
-1.87710183e+00
-1.87575074e+00
-1.87438146e+00
-1.87300167e+00
-1.87161495e+00
-1.87023141e+00
-1.86885806e+00
-1.86750867e+00
-1.86619523e+00
-1.86493688e+00
-1.86375274e+00
-1.86267024e+00
-1.86171994e+00
-1.86094406e+00
-1.86039486e+00
-1.86014530e+00
-1.86029269e+00
-1.86097039e+00
-1.86234585e+00
-1.86430293e+00
-1.89343521e+00
-1.89453057e+00
-1.89505208e+00
-1.89547995e+00
-1.89592323e+00
-1.89642238e+00
-1.89697879e+00
-1.89757231e+00
-1.89817852e+00
-1.89877070e+00
-1.89932869e+00
-1.89983377e+00
-1.90027554e+00
-1.90064399e+00
-1.90093661e+00
-1.90114921e+00
-1.90128406e+00
-1.90133977e+00
-1.90132080e+00
-1.90122659e+00
-1.90106223e+00
-1.90082698e+00
-1.90052587e+00
-1.90015771e+00
-1.89972735e+00
-1.89923317e+00
-1.89867998e+00
-1.89806591e+00
-1.89739581e+00
-1.89666773e+00
-1.89588663e+00
-1.89505053e+00
-1.89416444e+00
-1.89322635e+00
-1.89224119e+00
-1.89120684e+00
-1.89012800e+00
-1.88900236e+00
-1.88783424e+00
-1.88662114e+00
-1.88536699e+00
-1.88406919e+00
-1.88273146e+00
-1.88135143e+00
-1.87993306e+00
-1.87847488e+00
-1.87698182e+00
-1.87545430e+00
-1.87389934e+00
-1.87232051e+00
-1.87072826e+00
-1.86913082e+00
-1.86754356e+00
-1.86598101e+00
-1.86446536e+00
-1.86301994e+00
-1.86167740e+00
-1.86047621e+00
-1.85947096e+00
-1.85873642e+00
-1.85838749e+00
-1.85860055e+00
-1.85964624e+00
-1.86159575e+00
-1.89644267e+00
-1.89723765e+00
-1.89743796e+00
-1.89766598e+00
-1.89804578e+00
-1.89858973e+00
-1.89926071e+00
-1.90000964e+00
-1.90078647e+00
-1.90155115e+00
-1.90226986e+00
-1.90292099e+00
-1.90348727e+00
-1.90396180e+00
-1.90433855e+00
-1.90461955e+00
-1.90480458e+00
-1.90489979e+00
-1.90490685e+00
-1.90483298e+00
-1.90467963e+00
-1.90445366e+00
-1.90415551e+00
-1.90379133e+00
-1.90336054e+00
-1.90286871e+00
-1.90231453e+00
-1.90170321e+00
-1.90103302e+00
-1.90030896e+00
-1.89952900e+00
-1.89869799e+00
-1.89781364e+00
-1.89688049e+00
-1.89589588e+00
-1.89486391e+00
-1.89378139e+00
-1.89265173e+00
-1.89147114e+00
-1.89024219e+00
-1.88896048e+00
-1.88762783e+00
-1.88623945e+00
-1.88479675e+00
-1.88329516e+00
-1.88173644e+00
-1.88011726e+00
-1.87844092e+00
-1.87670678e+00
-1.87492122e+00
-1.87308800e+00
-1.87121822e+00
-1.86932161e+00
-1.86741542e+00
-1.86551665e+00
-1.86364983e+00
-1.86184088e+00
-1.86012491e+00
-1.85854448e+00
-1.85716389e+00
-1.85608641e+00
-1.85550514e+00
-1.85579214e+00
-1.85733522e+00
-1.90027975e+00
-1.90026751e+00
-1.89984976e+00
-1.89978402e+00
-1.90011812e+00
-1.90076908e+00
-1.90163221e+00
-1.90261031e+00
-1.90362621e+00
-1.90461842e+00
-1.90554500e+00
-1.90637497e+00
-1.90709259e+00
-1.90768745e+00
-1.90816006e+00
-1.90851119e+00
-1.90874919e+00
-1.90887899e+00
-1.90891112e+00
-1.90885046e+00
-1.90870687e+00
-1.90848351e+00
-1.90818866e+00
-1.90782358e+00
-1.90739513e+00
-1.90690310e+00
-1.90635338e+00
-1.90574480e+00
-1.90508269e+00
-1.90436522e+00
-1.90359731e+00
-1.90277661e+00
-1.90190755e+00
-1.90098719e+00
-1.90001926e+00
-1.89900001e+00
-1.89793217e+00
-1.89681095e+00
-1.89563782e+00
-1.89440680e+00
-1.89311797e+00
-1.89176423e+00
-1.89034444e+00
-1.88885081e+00
-1.88728163e+00
-1.88562943e+00
-1.88389313e+00
-1.88206715e+00
-1.88015286e+00
-1.87814861e+00
-1.87606029e+00
-1.87389225e+00
-1.87165668e+00
-1.86936520e+00
-1.86703670e+00
-1.86468945e+00
-1.86234712e+00
-1.86003160e+00
-1.85776819e+00
-1.85558322e+00
-1.85352234e+00
-1.85169829e+00
-1.85046038e+00
-1.85055661e+00
-1.90562112e+00
-1.90346726e+00
-1.90201242e+00
-1.90163941e+00
-1.90203381e+00
-1.90292012e+00
-1.90409287e+00
-1.90540370e+00
-1.90674220e+00
-1.90803144e+00
-1.90921611e+00
-1.91026410e+00
-1.91115560e+00
-1.91188678e+00
-1.91245839e+00
-1.91288128e+00
-1.91316480e+00
-1.91332448e+00
-1.91337055e+00
-1.91331761e+00
-1.91317323e+00
-1.91294917e+00
-1.91264966e+00
-1.91228373e+00
-1.91185294e+00
-1.91136438e+00
-1.91081785e+00
-1.91021927e+00
-1.90956736e+00
-1.90886729e+00
-1.90811698e+00
-1.90732094e+00
-1.90647626e+00
-1.90558660e+00
-1.90464799e+00
-1.90366283e+00
-1.90262574e+00
-1.90153744e+00
-1.90039081e+00
-1.89918452e+00
-1.89790950e+00
-1.89656230e+00
-1.89513209e+00
-1.89361369e+00
-1.89199528e+00
-1.89027104e+00
-1.88842973e+00
-1.88646685e+00
-1.88437413e+00
-1.88215101e+00
-1.87979509e+00
-1.87731244e+00
-1.87470887e+00
-1.87199851e+00
-1.86919529e+00
-1.86631905e+00
-1.86338608e+00
-1.86041095e+00
-1.85739315e+00
-1.85430903e+00
-1.85108611e+00
-1.84758462e+00
-1.84366046e+00
-1.83963373e+00
-1.92310481e+00
-1.93128418e+00
-1.94274812e+00
-1.95508877e+00
-1.96715804e+00
-1.97839735e+00
-1.98851322e+00
-1.99735062e+00
-2.00484454e+00
-2.01098722e+00
-2.01581722e+00
-2.01940015e+00
-2.02182587e+00
-2.02319155e+00
-2.02360277e+00
-2.02315783e+00
-2.02195284e+00
-2.02006771e+00
-2.01757517e+00
-2.01452835e+00
-2.01097304e+00
-2.00693602e+00
-2.00243931e+00
-1.99748847e+00
-1.99208785e+00
-1.98622818e+00
-1.97990237e+00
-1.97309224e+00
-1.96578457e+00
-1.95795727e+00
-1.94959570e+00
-1.94067849e+00
-1.93119429e+00
-1.92112767e+00
-1.91047623e+00
-1.89923701e+00
-1.88742399e+00
-1.87505514e+00
-1.86217023e+00
-1.84881857e+00
-1.83507678e+00
-1.82103695e+00
-1.80682368e+00
-1.79258200e+00
-1.77849242e+00
-1.76475763e+00
-1.75161392e+00
-1.73931519e+00
-1.72813933e+00
-1.71836836e+00
-1.71028905e+00
-1.70416969e+00
-1.70025617e+00
-1.69874825e+00
-1.69979523e+00
-1.70347699e+00
-1.70980458e+00
-1.71871027e+00
-1.73005293e+00
-1.74360615e+00
-1.75902811e+00
-1.77572284e+00
-1.79238032e+00
-1.80514070e+00
-1.90453972e+00
-1.90233519e+00
-1.90008614e+00
-1.89832398e+00
-1.89689481e+00
-1.89569187e+00
-1.89467495e+00
-1.89384669e+00
-1.89322485e+00
-1.89283231e+00
-1.89268275e+00
-1.89278276e+00
-1.89312402e+00
-1.89369184e+00
-1.89445956e+00
-1.89539987e+00
-1.89647842e+00
-1.89766561e+00
-1.89892802e+00
-1.90023989e+00
-1.90157239e+00
-1.90290490e+00
-1.90421284e+00
-1.90547917e+00
-1.90668135e+00
-1.90780343e+00
-1.90882245e+00
-1.90972120e+00
-1.91047430e+00
-1.91106163e+00
-1.91145428e+00
-1.91162846e+00
-1.91155163e+00
-1.91119685e+00
-1.91052927e+00
-1.90952102e+00
-1.90813826e+00
-1.90635657e+00
-1.90414892e+00
-1.90150144e+00
-1.89840235e+00
-1.89485787e+00
-1.89088186e+00
-1.88651126e+00
-1.88179575e+00
-1.87681138e+00
-1.87164920e+00
-1.86642543e+00
-1.86126744e+00
-1.85631902e+00
-1.85172277e+00
-1.84762000e+00
-1.84413039e+00
-1.84134846e+00
-1.83932375e+00
-1.83805791e+00
-1.83748966e+00
-1.83749531e+00
-1.83787801e+00
-1.83836508e+00
-1.83858753e+00
-1.83806294e+00
-1.83625120e+00
-1.83300143e+00
-1.89907225e+00
-1.89946244e+00
-1.89878182e+00
-1.89791436e+00
-1.89704164e+00
-1.89622259e+00
-1.89549300e+00
-1.89488500e+00
-1.89443240e+00
-1.89416174e+00
-1.89409424e+00
-1.89423763e+00
-1.89459264e+00
-1.89514674e+00
-1.89588395e+00
-1.89677863e+00
-1.89780679e+00
-1.89893835e+00
-1.90014868e+00
-1.90140897e+00
-1.90269766e+00
-1.90398909e+00
-1.90526507e+00
-1.90650237e+00
-1.90768466e+00
-1.90878927e+00
-1.90979966e+00
-1.91069170e+00
-1.91144676e+00
-1.91203772e+00
-1.91244261e+00
-1.91263056e+00
-1.91257592e+00
-1.91224450e+00
-1.91160808e+00
-1.91063118e+00
-1.90928605e+00
-1.90754022e+00
-1.90537197e+00
-1.90275885e+00
-1.89969344e+00
-1.89617288e+00
-1.89221457e+00
-1.88784616e+00
-1.88312036e+00
-1.87810449e+00
-1.87289287e+00
-1.86759458e+00
-1.86234156e+00
-1.85727319e+00
-1.85253886e+00
-1.84827882e+00
-1.84462185e+00
-1.84166441e+00
-1.83946660e+00
-1.83803448e+00
-1.83731962e+00
-1.83720998e+00
-1.83753805e+00
-1.83808578e+00
-1.83861366e+00
-1.83892159e+00
-1.83903194e+00
-1.83935965e+00
-1.89592273e+00
-1.89736791e+00
-1.89765556e+00
-1.89751058e+00
-1.89716295e+00
-1.89673812e+00
-1.89631318e+00
-1.89594642e+00
-1.89568176e+00
-1.89555547e+00
-1.89559047e+00
-1.89580228e+00
-1.89619275e+00
-1.89675857e+00
-1.89748503e+00
-1.89835647e+00
-1.89934909e+00
-1.90044217e+00
-1.90160936e+00
-1.90283002e+00
-1.90407888e+00
-1.90533748e+00
-1.90658248e+00
-1.90779737e+00
-1.90895981e+00
-1.91005380e+00
-1.91105637e+00
-1.91195022e+00
-1.91271008e+00
-1.91331584e+00
-1.91373869e+00
-1.91395478e+00
-1.91393142e+00
-1.91364116e+00
-1.91304838e+00
-1.91212381e+00
-1.91083171e+00
-1.90914499e+00
-1.90703318e+00
-1.90447803e+00
-1.90146258e+00
-1.89798693e+00
-1.89405821e+00
-1.88970604e+00
-1.88497277e+00
-1.87992744e+00
-1.87465513e+00
-1.86926773e+00
-1.86389080e+00
-1.85866933e+00
-1.85375078e+00
-1.84928512e+00
-1.84540445e+00
-1.84221900e+00
-1.83979708e+00
-1.83816214e+00
-1.83727977e+00
-1.83706351e+00
-1.83737742e+00
-1.83806076e+00
-1.83896140e+00
-1.84000645e+00
-1.84131001e+00
-1.84301817e+00
-1.89428852e+00
-1.89616332e+00
-1.89699839e+00
-1.89735675e+00
-1.89743235e+00
-1.89735495e+00
-1.89721678e+00
-1.89708458e+00
-1.89701157e+00
-1.89703567e+00
-1.89718633e+00
-1.89747909e+00
-1.89792327e+00
-1.89851588e+00
-1.89925103e+00
-1.90011317e+00
-1.90108763e+00
-1.90215267e+00
-1.90329052e+00
-1.90447789e+00
-1.90569732e+00
-1.90692622e+00
-1.90814848e+00
-1.90934238e+00
-1.91049261e+00
-1.91157732e+00
-1.91258056e+00
-1.91347884e+00
-1.91425401e+00
-1.91487950e+00
-1.91533365e+00
-1.91558589e+00
-1.91561049e+00
-1.91537288e+00
-1.91484390e+00
-1.91398657e+00
-1.91277076e+00
-1.91116077e+00
-1.90913052e+00
-1.90665208e+00
-1.90371130e+00
-1.90029746e+00
-1.89641897e+00
-1.89209383e+00
-1.88736464e+00
-1.88228908e+00
-1.87695285e+00
-1.87145862e+00
-1.86593511e+00
-1.86052275e+00
-1.85537706e+00
-1.85065028e+00
-1.84648891e+00
-1.84301290e+00
-1.84031093e+00
-1.83842273e+00
-1.83733962e+00
-1.83699905e+00
-1.83729988e+00
-1.83811863e+00
-1.83934768e+00
-1.84093712e+00
-1.84294463e+00
-1.84525029e+00
-1.89369395e+00
-1.89574417e+00
-1.89688223e+00
-1.89757252e+00
-1.89796231e+00
-1.89816768e+00
-1.89827609e+00
-1.89835701e+00
-1.89846243e+00
-1.89863425e+00
-1.89890034e+00
-1.89928158e+00
-1.89978626e+00
-1.90041851e+00
-1.90117186e+00
-1.90203899e+00
-1.90300429e+00
-1.90405444e+00
-1.90516965e+00
-1.90633471e+00
-1.90752884e+00
-1.90873707e+00
-1.90993888e+00
-1.91111990e+00
-1.91225961e+00
-1.91334342e+00
-1.91434968e+00
-1.91526220e+00
-1.91605679e+00
-1.91671421e+00
-1.91720646e+00
-1.91751014e+00
-1.91759280e+00
-1.91742666e+00
-1.91697523e+00
-1.91620750e+00
-1.91508518e+00
-1.91357729e+00
-1.91164836e+00
-1.90927351e+00
-1.90642772e+00
-1.90310137e+00
-1.89929056e+00
-1.89501260e+00
-1.89029704e+00
-1.88520014e+00
-1.87979546e+00
-1.87418574e+00
-1.86849131e+00
-1.86285724e+00
-1.85743790e+00
-1.85239776e+00
-1.84789177e+00
-1.84406094e+00
-1.84101170e+00
-1.83881184e+00
-1.83747677e+00
-1.83697509e+00
-1.83723141e+00
-1.83814883e+00
-1.83963013e+00
-1.84160869e+00
-1.84406265e+00
-1.84670958e+00
-1.89386715e+00
-1.89598746e+00
-1.89729566e+00
-1.89820040e+00
-1.89881582e+00
-1.89923860e+00
-1.89954924e+00
-1.89981068e+00
-1.90007492e+00
-1.90037995e+00
-1.90075635e+00
-1.90122234e+00
-1.90179126e+00
-1.90246554e+00
-1.90324555e+00
-1.90412256e+00
-1.90508871e+00
-1.90612884e+00
-1.90723105e+00
-1.90837739e+00
-1.90955483e+00
-1.91074465e+00
-1.91193387e+00
-1.91310357e+00
-1.91424066e+00
-1.91532540e+00
-1.91634359e+00
-1.91727348e+00
-1.91809834e+00
-1.91879304e+00
-1.91933696e+00
-1.91970043e+00
-1.91985806e+00
-1.91977527e+00
-1.91942197e+00
-1.91875952e+00
-1.91775489e+00
-1.91636830e+00
-1.91456783e+00
-1.91231819e+00
-1.90959578e+00
-1.90637865e+00
-1.90266198e+00
-1.89844910e+00
-1.89376679e+00
-1.88865685e+00
-1.88318995e+00
-1.87745648e+00
-1.87157701e+00
-1.86569035e+00
-1.85995848e+00
-1.85454995e+00
-1.84963817e+00
-1.84538063e+00
-1.84191294e+00
-1.83932909e+00
-1.83767874e+00
-1.83695798e+00
-1.83711917e+00
-1.83807859e+00
-1.83973841e+00
-1.84200089e+00
-1.84478078e+00
-1.84770281e+00
-1.89464770e+00
-1.89679548e+00
-1.89820198e+00
-1.89924687e+00
-1.90002063e+00
-1.90060674e+00
-1.90107482e+00
-1.90148400e+00
-1.90188000e+00
-1.90230092e+00
-1.90277300e+00
-1.90331732e+00
-1.90394425e+00
-1.90466133e+00
-1.90546676e+00
-1.90635845e+00
-1.90732647e+00
-1.90836300e+00
-1.90945365e+00
-1.91058802e+00
-1.91174981e+00
-1.91292786e+00
-1.91410519e+00
-1.91527038e+00
-1.91640574e+00
-1.91749904e+00
-1.91853103e+00
-1.91948749e+00
-1.92034629e+00
-1.92108979e+00
-1.92169160e+00
-1.92212935e+00
-1.92237140e+00
-1.92238993e+00
-1.92214791e+00
-1.92161251e+00
-1.92074262e+00
-1.91950277e+00
-1.91785140e+00
-1.91575536e+00
-1.91317935e+00
-1.91010094e+00
-1.90650131e+00
-1.90238062e+00
-1.89774991e+00
-1.89264608e+00
-1.88712420e+00
-1.88127071e+00
-1.87519441e+00
-1.86903567e+00
-1.86295380e+00
-1.85712981e+00
-1.85174840e+00
-1.84699357e+00
-1.84302677e+00
-1.83997929e+00
-1.83793355e+00
-1.83692145e+00
-1.83691847e+00
-1.83785513e+00
-1.83962532e+00
-1.84210414e+00
-1.84515729e+00
-1.84835655e+00
-1.89593719e+00
-1.89809673e+00
-1.89956427e+00
-1.90070200e+00
-1.90158733e+00
-1.90229189e+00
-1.90287959e+00
-1.90340216e+00
-1.90390364e+00
-1.90441667e+00
-1.90496854e+00
-1.90557623e+00
-1.90625352e+00
-1.90700494e+00
-1.90783396e+00
-1.90873596e+00
-1.90970750e+00
-1.91073820e+00
-1.91182075e+00
-1.91294174e+00
-1.91409223e+00
-1.91525746e+00
-1.91642788e+00
-1.91758794e+00
-1.91872742e+00
-1.91982953e+00
-1.92088254e+00
-1.92186728e+00
-1.92276918e+00
-1.92356530e+00
-1.92423669e+00
-1.92475528e+00
-1.92509650e+00
-1.92522623e+00
-1.92511376e+00
-1.92471902e+00
-1.92400596e+00
-1.92293044e+00
-1.92145403e+00
-1.91953290e+00
-1.91713224e+00
-1.91421643e+00
-1.91076401e+00
-1.90675934e+00
-1.90220789e+00
-1.89712909e+00
-1.89157115e+00
-1.88560411e+00
-1.87933246e+00
-1.87288639e+00
-1.86642951e+00
-1.86014551e+00
-1.85423829e+00
-1.84891224e+00
-1.84436458e+00
-1.84076190e+00
-1.83823027e+00
-1.83683689e+00
-1.83658848e+00
-1.83742764e+00
-1.83924531e+00
-1.84189178e+00
-1.84519780e+00
-1.84869878e+00
-1.89767246e+00
-1.89984188e+00
-1.90135119e+00
-1.90255346e+00
-1.90351617e+00
-1.90430543e+00
-1.90497822e+00
-1.90558416e+00
-1.90616181e+00
-1.90674390e+00
-1.90735315e+00
-1.90800863e+00
-1.90872045e+00
-1.90949712e+00
-1.91033906e+00
-1.91124714e+00
-1.91221509e+00
-1.91323893e+00
-1.91430840e+00
-1.91541702e+00
-1.91655249e+00
-1.91770726e+00
-1.91886800e+00
-1.92002648e+00
-1.92116830e+00
-1.92228412e+00
-1.92335764e+00
-1.92437726e+00
-1.92532347e+00
-1.92618088e+00
-1.92692528e+00
-1.92753589e+00
-1.92798241e+00
-1.92823749e+00
-1.92826390e+00
-1.92802737e+00
-1.92748416e+00
-1.92659426e+00
-1.92530983e+00
-1.92358880e+00
-1.92138451e+00
-1.91865993e+00
-1.91537883e+00
-1.91152058e+00
-1.90707298e+00
-1.90204746e+00
-1.89647314e+00
-1.89041151e+00
-1.88395048e+00
-1.87721640e+00
-1.87036553e+00
-1.86359018e+00
-1.85710413e+00
-1.85113955e+00
-1.84592457e+00
-1.84167128e+00
-1.83854934e+00
-1.83667292e+00
-1.83608195e+00
-1.83674108e+00
-1.83854050e+00
-1.84131461e+00
-1.84486453e+00
-1.84869819e+00
-1.89981312e+00
-1.90199739e+00
-1.90354090e+00
-1.90478957e+00
-1.90580637e+00
-1.90665182e+00
-1.90738137e+00
-1.90804023e+00
-1.90866717e+00
-1.90929078e+00
-1.90993531e+00
-1.91061608e+00
-1.91134624e+00
-1.91213093e+00
-1.91297508e+00
-1.91387647e+00
-1.91483443e+00
-1.91584196e+00
-1.91689511e+00
-1.91798417e+00
-1.91910364e+00
-1.92024240e+00
-1.92139418e+00
-1.92254686e+00
-1.92369330e+00
-1.92481991e+00
-1.92591781e+00
-1.92697083e+00
-1.92796695e+00
-1.92888589e+00
-1.92971084e+00
-1.93041575e+00
-1.93097736e+00
-1.93136248e+00
-1.93154019e+00
-1.93146946e+00
-1.93111159e+00
-1.93041840e+00
-1.92934509e+00
-1.92783933e+00
-1.92585466e+00
-1.92334097e+00
-1.92025857e+00
-1.91657038e+00
-1.91225682e+00
-1.90730974e+00
-1.90174794e+00
-1.89561241e+00
-1.88898122e+00
-1.88196460e+00
-1.87471648e+00
-1.86742603e+00
-1.86032168e+00
-1.85365461e+00
-1.84769100e+00
-1.84268539e+00
-1.83886242e+00
-1.83638624e+00
-1.83534374e+00
-1.83572709e+00
-1.83743740e+00
-1.84029719e+00
-1.84408475e+00
-1.84828088e+00
-1.90233388e+00
-1.90454338e+00
-1.90611959e+00
-1.90740457e+00
-1.90845679e+00
-1.90933592e+00
-1.91009452e+00
-1.91077889e+00
-1.91142503e+00
-1.91206347e+00
-1.91271538e+00
-1.91339882e+00
-1.91412375e+00
-1.91489910e+00
-1.91572667e+00
-1.91660903e+00
-1.91754242e+00
-1.91852544e+00
-1.91955096e+00
-1.92061549e+00
-1.92171010e+00
-1.92283031e+00
-1.92396615e+00
-1.92511244e+00
-1.92625804e+00
-1.92739649e+00
-1.92851466e+00
-1.92960366e+00
-1.93064692e+00
-1.93163146e+00
-1.93253559e+00
-1.93334039e+00
-1.93401729e+00
-1.93453972e+00
-1.93487079e+00
-1.93497515e+00
-1.93480707e+00
-1.93432252e+00
-1.93346795e+00
-1.93219287e+00
-1.93043967e+00
-1.92815681e+00
-1.92529020e+00
-1.92179725e+00
-1.91764019e+00
-1.91280111e+00
-1.90727741e+00
-1.90109750e+00
-1.89431787e+00
-1.88703805e+00
-1.87939711e+00
-1.87158449e+00
-1.86383132e+00
-1.85641134e+00
-1.84962092e+00
-1.84376464e+00
-1.83912199e+00
-1.83592090e+00
-1.83430244e+00
-1.83430242e+00
-1.83584075e+00
-1.83873862e+00
-1.84275295e+00
-1.84733826e+00
-1.90522184e+00
-1.90747063e+00
-1.90908341e+00
-1.91039784e+00
-1.91147138e+00
-1.91236197e+00
-1.91312431e+00
-1.91380386e+00
-1.91443974e+00
-1.91506098e+00
-1.91569205e+00
-1.91634868e+00
-1.91704446e+00
-1.91778550e+00
-1.91857783e+00
-1.91942098e+00
-1.92031614e+00
-1.92125872e+00
-1.92224715e+00
-1.92327458e+00
-1.92433816e+00
-1.92542984e+00
-1.92654610e+00
-1.92767794e+00
-1.92882098e+00
-1.92996470e+00
-1.93110293e+00
-1.93222246e+00
-1.93331379e+00
-1.93435939e+00
-1.93534455e+00
-1.93624548e+00
-1.93704030e+00
-1.93769706e+00
-1.93818496e+00
-1.93846249e+00
-1.93848886e+00
-1.93821265e+00
-1.93758351e+00
-1.93654163e+00
-1.93502995e+00
-1.93298489e+00
-1.93034927e+00
-1.92706482e+00
-1.92308620e+00
-1.91837567e+00
-1.91291845e+00
-1.90671988e+00
-1.89982172e+00
-1.89230110e+00
-1.88428605e+00
-1.87595329e+00
-1.86753817e+00
-1.85932485e+00
-1.85164255e+00
-1.84483967e+00
-1.83925974e+00
-1.83519866e+00
-1.83286893e+00
-1.83236156e+00
-1.83363244e+00
-1.83650888e+00
-1.84073236e+00
-1.84572809e+00
-1.90847437e+00
-1.91078124e+00
-1.91243732e+00
-1.91377767e+00
-1.91485804e+00
-1.91573895e+00
-1.91647618e+00
-1.91711999e+00
-1.91771039e+00
-1.91828117e+00
-1.91885621e+00
-1.91945552e+00
-1.92009075e+00
-1.92077217e+00
-1.92150309e+00
-1.92228749e+00
-1.92312341e+00
-1.92401120e+00
-1.92494594e+00
-1.92592622e+00
-1.92694562e+00
-1.92800200e+00
-1.92908808e+00
-1.93020112e+00
-1.93133278e+00
-1.93247909e+00
-1.93362971e+00
-1.93477812e+00
-1.93591047e+00
-1.93701595e+00
-1.93807525e+00
-1.93907115e+00
-1.93997682e+00
-1.94076650e+00
-1.94140387e+00
-1.94185286e+00
-1.94206629e+00
-1.94199689e+00
-1.94158653e+00
-1.94077759e+00
-1.93950314e+00
-1.93769889e+00
-1.93529477e+00
-1.93222784e+00
-1.92843585e+00
-1.92387149e+00
-1.91849854e+00
-1.91230784e+00
-1.90531636e+00
-1.89758455e+00
-1.88921746e+00
-1.88038102e+00
-1.87130108e+00
-1.86227177e+00
-1.85364301e+00
-1.84580950e+00
-1.83917539e+00
-1.83411687e+00
-1.83092760e+00
-1.82977487e+00
-1.83066518e+00
-1.83344749e+00
-1.83785176e+00
-1.84327383e+00
-1.91209989e+00
-1.91448821e+00
-1.91619797e+00
-1.91756054e+00
-1.91863319e+00
-1.91947873e+00
-1.92015947e+00
-1.92072955e+00
-1.92123615e+00
-1.92171526e+00
-1.92219667e+00
-1.92270023e+00
-1.92324232e+00
-1.92383133e+00
-1.92447481e+00
-1.92517387e+00
-1.92593093e+00
-1.92674298e+00
-1.92760987e+00
-1.92852657e+00
-1.92949192e+00
-1.93049996e+00
-1.93154909e+00
-1.93263262e+00
-1.93374820e+00
-1.93488775e+00
-1.93604715e+00
-1.93721562e+00
-1.93838566e+00
-1.93954196e+00
-1.94067155e+00
-1.94175248e+00
-1.94276400e+00
-1.94367526e+00
-1.94445552e+00
-1.94506301e+00
-1.94545527e+00
-1.94557837e+00
-1.94537752e+00
-1.94478696e+00
-1.94374096e+00
-1.94216482e+00
-1.93998661e+00
-1.93712973e+00
-1.93352575e+00
-1.92910936e+00
-1.92383278e+00
-1.91766388e+00
-1.91060274e+00
-1.90268334e+00
-1.89399208e+00
-1.88467169e+00
-1.87493825e+00
-1.86508121e+00
-1.85546885e+00
-1.84653054e+00
-1.83873451e+00
-1.83253823e+00
-1.82833365e+00
-1.82638039e+00
-1.82675974e+00
-1.82935741e+00
-1.83390264e+00
-1.83976034e+00
-1.91611859e+00
-1.91861838e+00
-1.92039430e+00
-1.92177546e+00
-1.92282080e+00
-1.92360067e+00
-1.92418448e+00
-1.92463691e+00
-1.92501138e+00
-1.92535276e+00
-1.92569367e+00
-1.92606026e+00
-1.92646860e+00
-1.92693168e+00
-1.92745478e+00
-1.92804299e+00
-1.92869546e+00
-1.92941326e+00
-1.93019252e+00
-1.93103269e+00
-1.93192868e+00
-1.93287948e+00
-1.93387945e+00
-1.93492721e+00
-1.93601630e+00
-1.93714424e+00
-1.93830268e+00
-1.93948665e+00
-1.94068422e+00
-1.94188600e+00
-1.94307439e+00
-1.94423324e+00
-1.94533693e+00
-1.94636008e+00
-1.94726667e+00
-1.94801986e+00
-1.94857126e+00
-1.94887092e+00
-1.94885712e+00
-1.94846660e+00
-1.94762518e+00
-1.94625843e+00
-1.94428361e+00
-1.94162113e+00
-1.93818830e+00
-1.93391218e+00
-1.92872601e+00
-1.92258406e+00
-1.91546188e+00
-1.90737402e+00
-1.89837866e+00
-1.88859791e+00
-1.87822491e+00
-1.86754166e+00
-1.85691911e+00
-1.84681743e+00
-1.83775886e+00
-1.83028832e+00
-1.82490361e+00
-1.82198030e+00
-1.82169674e+00
-1.82400053e+00
-1.82863210e+00
-1.83492894e+00
-1.92056588e+00
-1.92321488e+00
-1.92507249e+00
-1.92646486e+00
-1.92745726e+00
-1.92812982e+00
-1.92856661e+00
-1.92884414e+00
-1.92902955e+00
-1.92917528e+00
-1.92932334e+00
-1.92950233e+00
-1.92973412e+00
-1.93003053e+00
-1.93040078e+00
-1.93084693e+00
-1.93137150e+00
-1.93197172e+00
-1.93264730e+00
-1.93339356e+00
-1.93420945e+00
-1.93508975e+00
-1.93603331e+00
-1.93703451e+00
-1.93809177e+00
-1.93919831e+00
-1.94035094e+00
-1.94154027e+00
-1.94275971e+00
-1.94399528e+00
-1.94523472e+00
-1.94645711e+00
-1.94764201e+00
-1.94875896e+00
-1.94977679e+00
-1.95065312e+00
-1.95134380e+00
-1.95179270e+00
-1.95194134e+00
-1.95171928e+00
-1.95105404e+00
-1.94986249e+00
-1.94806130e+00
-1.94555975e+00
-1.94227113e+00
-1.93810773e+00
-1.93299374e+00
-1.92686340e+00
-1.91967660e+00
-1.91142151e+00
-1.90213410e+00
-1.89190626e+00
-1.88090875e+00
-1.86940175e+00
-1.85775339e+00
-1.84643801e+00
-1.83602729e+00
-1.82714698e+00
-1.82041232e+00
-1.81633152e+00
-1.81521133e+00
-1.81708822e+00
-1.82173581e+00
-1.82846891e+00
-1.92549662e+00
-1.92834355e+00
-1.93029964e+00
-1.93169067e+00
-1.93259156e+00
-1.93310120e+00
-1.93332282e+00
-1.93335411e+00
-1.93327726e+00
-1.93315966e+00
-1.93305042e+00
-1.93298651e+00
-1.93299068e+00
-1.93307913e+00
-1.93325852e+00
-1.93353366e+00
-1.93390304e+00
-1.93436642e+00
-1.93491902e+00
-1.93555912e+00
-1.93628110e+00
-1.93708326e+00
-1.93795995e+00
-1.93890957e+00
-1.93992605e+00
-1.94100704e+00
-1.94214481e+00
-1.94333465e+00
-1.94456535e+00
-1.94582770e+00
-1.94710468e+00
-1.94838009e+00
-1.94962849e+00
-1.95082398e+00
-1.95193006e+00
-1.95290850e+00
-1.95370939e+00
-1.95428010e+00
-1.95455574e+00
-1.95446835e+00
-1.95393810e+00
-1.95288276e+00
-1.95121012e+00
-1.94882803e+00
-1.94563843e+00
-1.94154854e+00
-1.93646726e+00
-1.93031828e+00
-1.92304022e+00
-1.91460316e+00
-1.90501444e+00
-1.89434050e+00
-1.88271963e+00
-1.87038836e+00
-1.85769596e+00
-1.84512265e+00
-1.83327263e+00
-1.82284907e+00
-1.81458457e+00
-1.80914099e+00
-1.80698228e+00
-1.80827246e+00
-1.81284578e+00
-1.82000740e+00
-1.93099338e+00
-1.93410050e+00
-1.93617292e+00
-1.93753815e+00
-1.93829101e+00
-1.93855792e+00
-1.93847428e+00
-1.93816466e+00
-1.93773585e+00
-1.93727036e+00
-1.93683064e+00
-1.93645814e+00
-1.93618133e+00
-1.93601473e+00
-1.93596721e+00
-1.93603924e+00
-1.93623062e+00
-1.93653599e+00
-1.93695217e+00
-1.93747227e+00
-1.93809301e+00
-1.93880769e+00
-1.93961366e+00
-1.94050452e+00
-1.94147775e+00
-1.94252627e+00
-1.94364625e+00
-1.94482828e+00
-1.94606524e+00
-1.94734311e+00
-1.94864904e+00
-1.94996184e+00
-1.95126017e+00
-1.95251291e+00
-1.95368738e+00
-1.95473986e+00
-1.95562380e+00
-1.95628066e+00
-1.95664824e+00
-1.95665204e+00
-1.95621389e+00
-1.95524409e+00
-1.95365051e+00
-1.95133197e+00
-1.94818811e+00
-1.94411448e+00
-1.93901379e+00
-1.93279367e+00
-1.92538034e+00
-1.91672090e+00
-1.90680150e+00
-1.89565694e+00
-1.88339619e+00
-1.87022096e+00
-1.85645684e+00
-1.84257192e+00
-1.82919215e+00
-1.81708263e+00
-1.80709481e+00
-1.80005601e+00
-1.79662313e+00
-1.79713066e+00
-1.80151576e+00
-1.80909353e+00
-1.93717805e+00
-1.94062620e+00
-1.94282949e+00
-1.94412560e+00
-1.94464283e+00
-1.94455439e+00
-1.94404101e+00
-1.94326861e+00
-1.94237310e+00
-1.94145974e+00
-1.94060197e+00
-1.93984993e+00
-1.93923204e+00
-1.93876467e+00
-1.93845183e+00
-1.93829372e+00
-1.93828395e+00
-1.93841698e+00
-1.93868350e+00
-1.93907736e+00
-1.93958954e+00
-1.94021506e+00
-1.94094595e+00
-1.94177832e+00
-1.94270458e+00
-1.94372072e+00
-1.94481800e+00
-1.94599036e+00
-1.94722579e+00
-1.94851380e+00
-1.94983655e+00
-1.95117637e+00
-1.95250676e+00
-1.95379997e+00
-1.95501797e+00
-1.95612010e+00
-1.95705418e+00
-1.95776423e+00
-1.95818202e+00
-1.95823494e+00
-1.95783813e+00
-1.95690275e+00
-1.95532901e+00
-1.95301497e+00
-1.94985093e+00
-1.94572909e+00
-1.94053990e+00
-1.93418329e+00
-1.92656811e+00
-1.91762646e+00
-1.90731879e+00
-1.89565446e+00
-1.88270650e+00
-1.86864262e+00
-1.85375174e+00
-1.83848122e+00
-1.82345882e+00
-1.80949998e+00
-1.79756504e+00
-1.78866020e+00
-1.78366746e+00
-1.78314822e+00
-1.78719774e+00
-1.79517654e+00
-1.94423214e+00
-1.94812521e+00
-1.95046464e+00
-1.95161314e+00
-1.95176050e+00
-1.95115265e+00
-1.95004048e+00
-1.94864417e+00
-1.94714041e+00
-1.94565754e+00
-1.94428389e+00
-1.94307262e+00
-1.94205392e+00
-1.94123848e+00
-1.94062784e+00
-1.94021416e+00
-1.93998840e+00
-1.93993723e+00
-1.94004994e+00
-1.94031345e+00
-1.94071876e+00
-1.94125479e+00
-1.94191479e+00
-1.94268934e+00
-1.94357289e+00
-1.94455623e+00
-1.94563319e+00
-1.94679268e+00
-1.94802551e+00
-1.94931617e+00
-1.95064973e+00
-1.95200342e+00
-1.95335360e+00
-1.95466726e+00
-1.95590904e+00
-1.95703280e+00
-1.95798869e+00
-1.95871499e+00
-1.95914530e+00
-1.95920081e+00
-1.95879779e+00
-1.95784051e+00
-1.95622915e+00
-1.95385381e+00
-1.95060293e+00
-1.94635879e+00
-1.94100698e+00
-1.93443398e+00
-1.92653852e+00
-1.91723295e+00
-1.90645865e+00
-1.89419472e+00
-1.88048246e+00
-1.86544748e+00
-1.84933911e+00
-1.83256793e+00
-1.81575073e+00
-1.79973262e+00
-1.78557500e+00
-1.77446745e+00
-1.76755512e+00
-1.76569104e+00
-1.76920900e+00
-1.77757057e+00
-1.95242871e+00
-1.95689981e+00
-1.95935557e+00
-1.96021811e+00
-1.95978490e+00
-1.95842041e+00
-1.95647601e+00
-1.95424779e+00
-1.95195912e+00
-1.94976605e+00
-1.94776593e+00
-1.94601434e+00
-1.94453439e+00
-1.94333091e+00
-1.94239425e+00
-1.94171018e+00
-1.94125906e+00
-1.94102311e+00
-1.94098272e+00
-1.94112257e+00
-1.94142634e+00
-1.94188251e+00
-1.94247811e+00
-1.94320451e+00
-1.94405064e+00
-1.94500890e+00
-1.94606794e+00
-1.94721873e+00
-1.94844704e+00
-1.94973966e+00
-1.95107659e+00
-1.95243740e+00
-1.95379331e+00
-1.95511352e+00
-1.95635739e+00
-1.95748077e+00
-1.95842831e+00
-1.95913995e+00
-1.95954344e+00
-1.95956111e+00
-1.95910287e+00
-1.95807328e+00
-1.95636536e+00
-1.95386808e+00
-1.95046132e+00
-1.94602396e+00
-1.94043046e+00
-1.93356004e+00
-1.92529562e+00
-1.91553545e+00
-1.90419660e+00
-1.89123239e+00
-1.87664604e+00
-1.86052158e+00
-1.84305713e+00
-1.82461765e+00
-1.80578805e+00
-1.78742664e+00
-1.77067931e+00
-1.75692622e+00
-1.74761303e+00
-1.74396923e+00
-1.74667868e+00
-1.75539918e+00
-1.96218840e+00
-1.96740259e+00
-1.96989939e+00
-1.97023006e+00
-1.96888578e+00
-1.96641756e+00
-1.96332334e+00
-1.95999429e+00
-1.95670867e+00
-1.95364401e+00
-1.95090236e+00
-1.94852973e+00
-1.94653784e+00
-1.94491469e+00
-1.94363819e+00
-1.94267874e+00
-1.94200759e+00
-1.94159485e+00
-1.94141549e+00
-1.94144494e+00
-1.94166428e+00
-1.94205472e+00
-1.94260262e+00
-1.94329330e+00
-1.94411626e+00
-1.94505849e+00
-1.94610995e+00
-1.94725653e+00
-1.94848568e+00
-1.94977921e+00
-1.95111895e+00
-1.95247946e+00
-1.95383378e+00
-1.95514603e+00
-1.95637724e+00
-1.95747801e+00
-1.95839445e+00
-1.95906099e+00
-1.95940644e+00
-1.95934727e+00
-1.95879378e+00
-1.95764403e+00
-1.95579034e+00
-1.95311402e+00
-1.94949238e+00
-1.94479462e+00
-1.93888944e+00
-1.93164262e+00
-1.92292588e+00
-1.91261717e+00
-1.90061264e+00
-1.88683295e+00
-1.87124395e+00
-1.85387786e+00
-1.83487513e+00
-1.81453582e+00
-1.79339419e+00
-1.77229413e+00
-1.75244985e+00
-1.73543332e+00
-1.72303955e+00
-1.71698251e+00
-1.71846409e+00
-1.72750025e+00
-1.97417759e+00
-1.98032567e+00
-1.98266563e+00
-1.98202836e+00
-1.97924924e+00
-1.97517337e+00
-1.97049898e+00
-1.96573248e+00
-1.96120109e+00
-1.95709321e+00
-1.95349683e+00
-1.95043674e+00
-1.94789737e+00
-1.94584389e+00
-1.94423043e+00
-1.94301087e+00
-1.94213905e+00
-1.94157494e+00
-1.94128124e+00
-1.94122789e+00
-1.94138716e+00
-1.94173778e+00
-1.94225932e+00
-1.94293652e+00
-1.94375321e+00
-1.94469689e+00
-1.94575243e+00
-1.94690680e+00
-1.94814263e+00
-1.94944308e+00
-1.95078521e+00
-1.95214503e+00
-1.95349077e+00
-1.95478794e+00
-1.95599265e+00
-1.95705678e+00
-1.95792133e+00
-1.95852172e+00
-1.95878141e+00
-1.95861736e+00
-1.95793405e+00
-1.95662915e+00
-1.95458822e+00
-1.95169068e+00
-1.94780534e+00
-1.94279677e+00
-1.93652199e+00
-1.92883742e+00
-1.91959720e+00
-1.90866156e+00
-1.89589823e+00
-1.88119515e+00
-1.86447030e+00
-1.84569791e+00
-1.82494188e+00
-1.80241714e+00
-1.77857188e+00
-1.75419969e+00
-1.73054822e+00
-1.70937998e+00
-1.69289551e+00
-1.68344684e+00
-1.68301133e+00
-1.69225899e+00
-1.98949288e+00
-1.99674953e+00
-1.99847068e+00
-1.99608625e+00
-1.99104358e+00
-1.98463290e+00
-1.97781142e+00
-1.97119973e+00
-1.96515184e+00
-1.95983356e+00
-1.95529263e+00
-1.95150616e+00
-1.94841676e+00
-1.94595060e+00
-1.94403281e+00
-1.94259091e+00
-1.94156145e+00
-1.94088742e+00
-1.94052210e+00
-1.94042431e+00
-1.94056167e+00
-1.94090514e+00
-1.94143246e+00
-1.94212239e+00
-1.94295848e+00
-1.94392321e+00
-1.94500200e+00
-1.94617724e+00
-1.94743252e+00
-1.94874656e+00
-1.95009759e+00
-1.95145721e+00
-1.95279479e+00
-1.95407140e+00
-1.95524426e+00
-1.95626065e+00
-1.95706252e+00
-1.95758056e+00
-1.95773884e+00
-1.95744922e+00
-1.95661617e+00
-1.95513159e+00
-1.95287984e+00
-1.94973316e+00
-1.94555691e+00
-1.94020579e+00
-1.93352931e+00
-1.92536886e+00
-1.91556375e+00
-1.90394958e+00
-1.89036576e+00
-1.87465760e+00
-1.85668974e+00
-1.83636082e+00
-1.81363897e+00
-1.78861625e+00
-1.76160591e+00
-1.73328159e+00
-1.70485790e+00
-1.67825259e+00
-1.65613189e+00
-1.64169923e+00
-1.63812580e+00
-1.64729694e+00
-2.01002291e+00
-2.01839738e+00
-2.01846332e+00
-2.01293630e+00
-2.00432575e+00
-1.99455735e+00
-1.98487196e+00
-1.97595978e+00
-1.96813442e+00
-1.96148106e+00
-1.95595754e+00
-1.95146198e+00
-1.94786920e+00
-1.94505445e+00
-1.94290125e+00
-1.94130856e+00
-1.94018870e+00
-1.93946980e+00
-1.93909087e+00
-1.93900346e+00
-1.93916626e+00
-1.93954708e+00
-1.94011746e+00
-1.94085522e+00
-1.94173906e+00
-1.94275164e+00
-1.94387416e+00
-1.94508976e+00
-1.94637807e+00
-1.94771881e+00
-1.94908631e+00
-1.95045322e+00
-1.95178504e+00
-1.95304386e+00
-1.95418296e+00
-1.95515058e+00
-1.95588464e+00
-1.95631657e+00
-1.95636621e+00
-1.95594580e+00
-1.95495511e+00
-1.95328559e+00
-1.95081587e+00
-1.94741608e+00
-1.94294378e+00
-1.93724828e+00
-1.93016710e+00
-1.92153017e+00
-1.91115664e+00
-1.89885906e+00
-1.88444102e+00
-1.86770233e+00
-1.84844073e+00
-1.82646533e+00
-1.80161732e+00
-1.77382100e+00
-1.74317538e+00
-1.71012154e+00
-1.67569536e+00
-1.64184751e+00
-1.61171026e+00
-1.58961104e+00
-1.58059395e+00
-1.58887012e+00
-2.03920324e+00
-2.04805592e+00
-2.04417676e+00
-2.03301458e+00
-2.01883035e+00
-2.00433250e+00
-1.99095690e+00
-1.97931130e+00
-1.96953366e+00
-1.96152418e+00
-1.95508366e+00
-1.94998532e+00
-1.94601281e+00
-1.94297321e+00
-1.94070368e+00
-1.93906807e+00
-1.93795652e+00
-1.93727889e+00
-1.93696406e+00
-1.93695354e+00
-1.93720179e+00
-1.93767048e+00
-1.93832980e+00
-1.93915323e+00
-1.94011954e+00
-1.94120782e+00
-1.94240000e+00
-1.94367596e+00
-1.94501633e+00
-1.94639765e+00
-1.94779536e+00
-1.94917892e+00
-1.95051495e+00
-1.95176231e+00
-1.95287536e+00
-1.95379909e+00
-1.95447239e+00
-1.95482337e+00
-1.95477265e+00
-1.95422889e+00
-1.95309213e+00
-1.95124964e+00
-1.94857927e+00
-1.94494550e+00
-1.94020281e+00
-1.93419188e+00
-1.92674255e+00
-1.91766992e+00
-1.90677644e+00
-1.89384740e+00
-1.87865160e+00
-1.86093598e+00
-1.84042584e+00
-1.81682245e+00
-1.78981335e+00
-1.75909832e+00
-1.72446422e+00
-1.68594436e+00
-1.64413033e+00
-1.60067702e+00
-1.55895682e+00
-1.52461515e+00
-1.50560206e+00
-1.51066112e+00
-2.08367661e+00
-2.09020846e+00
-2.07736071e+00
-2.05619998e+00
-2.03351799e+00
-2.01264098e+00
-1.99480574e+00
-1.98018953e+00
-1.96850875e+00
-1.95932885e+00
-1.95220596e+00
-1.94674552e+00
-1.94261672e+00
-1.93955257e+00
-1.93733977e+00
-1.93581115e+00
-1.93483449e+00
-1.93430723e+00
-1.93414787e+00
-1.93429348e+00
-1.93469317e+00
-1.93530760e+00
-1.93610369e+00
-1.93705538e+00
-1.93813894e+00
-1.93933455e+00
-1.94062187e+00
-1.94198208e+00
-1.94339356e+00
-1.94483420e+00
-1.94627712e+00
-1.94769315e+00
-1.94904651e+00
-1.95029742e+00
-1.95139782e+00
-1.95229400e+00
-1.95292245e+00
-1.95321248e+00
-1.95308223e+00
-1.95244136e+00
-1.95118718e+00
-1.94920732e+00
-1.94637611e+00
-1.94255706e+00
-1.93759926e+00
-1.93133944e+00
-1.92359801e+00
-1.91418000e+00
-1.90286988e+00
-1.88943022e+00
-1.87359365e+00
-1.85505711e+00
-1.83346893e+00
-1.80841727e+00
-1.77941430e+00
-1.74589127e+00
-1.70721886e+00
-1.66280938e+00
-1.61239698e+00
-1.55666827e+00
-1.49841415e+00
-1.44419167e+00
-1.40600480e+00
-1.40133071e+00
-2.15711481e+00
-2.15165313e+00
-2.11900689e+00
-2.08063210e+00
-2.04571133e+00
-2.01697018e+00
-1.99440875e+00
-1.97711531e+00
-1.96402723e+00
-1.95419996e+00
-1.94687323e+00
-1.94145973e+00
-1.93751509e+00
-1.93470409e+00
-1.93277505e+00
-1.93153714e+00
-1.93084635e+00
-1.93059204e+00
-1.93069023e+00
-1.93107518e+00
-1.93169675e+00
-1.93251446e+00
-1.93349699e+00
-1.93461751e+00
-1.93585430e+00
-1.93718669e+00
-1.93859631e+00
-1.94006330e+00
-1.94156789e+00
-1.94308676e+00
-1.94459477e+00
-1.94606138e+00
-1.94745251e+00
-1.94872695e+00
-1.94983830e+00
-1.95073145e+00
-1.95134450e+00
-1.95160541e+00
-1.95143390e+00
-1.95073820e+00
-1.94941698e+00
-1.94735619e+00
-1.94443086e+00
-1.94050192e+00
-1.93541763e+00
-1.92900996e+00
-1.92109508e+00
-1.91146843e+00
-1.89990293e+00
-1.88614093e+00
-1.86988730e+00
-1.85079438e+00
-1.82844418e+00
-1.80231848e+00
-1.77176023e+00
-1.73591888e+00
-1.69369114e+00
-1.64368228e+00
-1.58429116e+00
-1.51417103e+00
-1.43361385e+00
-1.34771633e+00
-1.27207806e+00
-1.23967971e+00
-2.28917769e+00
-2.24043000e+00
-2.16587358e+00
-2.10007085e+00
-2.04972696e+00
-2.01313206e+00
-1.98698098e+00
-1.96834989e+00
-1.95505391e+00
-1.94555284e+00
-1.93877897e+00
-1.93399200e+00
-1.93067288e+00
-1.92845359e+00
-1.92706862e+00
-1.92632476e+00
-1.92607871e+00
-1.92622415e+00
-1.92668033e+00
-1.92738657e+00
-1.92829560e+00
-1.92937138e+00
-1.93058458e+00
-1.93191208e+00
-1.93333332e+00
-1.93483074e+00
-1.93638650e+00
-1.93798339e+00
-1.93960174e+00
-1.94122056e+00
-1.94281455e+00
-1.94435531e+00
-1.94580845e+00
-1.94713482e+00
-1.94828769e+00
-1.94921398e+00
-1.94985155e+00
-1.95013040e+00
-1.94997007e+00
-1.94928086e+00
-1.94796125e+00
-1.94589912e+00
-1.94296908e+00
-1.93903344e+00
-1.93393927e+00
-1.92751857e+00
-1.91958433e+00
-1.90992895e+00
-1.89831765e+00
-1.88448269e+00
-1.86811069e+00
-1.84882694e+00
-1.82616783e+00
-1.79954129e+00
-1.76816175e+00
-1.73095043e+00
-1.68637662e+00
-1.63222048e+00
-1.56525464e+00
-1.48098511e+00
-1.37408941e+00
-1.24165769e+00
-1.09460085e+00
-9.85794881e-01
-2.54511995e+00
-2.35491829e+00
-2.20042046e+00
-2.09928056e+00
-2.03572269e+00
-1.99552988e+00
-1.96958150e+00
-1.95245741e+00
-1.94096332e+00
-1.93318217e+00
-1.92792969e+00
-1.92444915e+00
-1.92224121e+00
-1.92096576e+00
-1.92038551e+00
-1.92033072e+00
-1.92067850e+00
-1.92133795e+00
-1.92224191e+00
-1.92333944e+00
-1.92459239e+00
-1.92597094e+00
-1.92745214e+00
-1.92901685e+00
-1.93064926e+00
-1.93233437e+00
-1.93405806e+00
-1.93580484e+00
-1.93755812e+00
-1.93929809e+00
-1.94100218e+00
-1.94264289e+00
-1.94418838e+00
-1.94560029e+00
-1.94683435e+00
-1.94783832e+00
-1.94855254e+00
-1.94890793e+00
-1.94882662e+00
-1.94821993e+00
-1.94698904e+00
-1.94502296e+00
-1.94219902e+00
-1.93838073e+00
-1.93341772e+00
-1.92714304e+00
-1.91937186e+00
-1.90989701e+00
-1.89848488e+00
-1.88486670e+00
-1.86872760e+00
-1.84968750e+00
-1.82727316e+00
-1.80087126e+00
-1.76965313e+00
-1.73244449e+00
-1.68749733e+00
-1.63207017e+00
-1.56163898e+00
-1.46841601e+00
-1.33883847e+00
-1.15100954e+00
-8.81499012e-01
-5.66980170e-01
-3.06292337e+00
-2.43803981e+00
-2.17600330e+00
-2.05548182e+00
-1.99468201e+00
-1.96142795e+00
-1.94200823e+00
-1.93011842e+00
-1.92264318e+00
-1.91793095e+00
-1.91504380e+00
-1.91341406e+00
-1.91267807e+00
-1.91259221e+00
-1.91298707e+00
-1.91374210e+00
-1.91476962e+00
-1.91600546e+00
-1.91740189e+00
-1.91892367e+00
-1.92054408e+00
-1.92224320e+00
-1.92400524e+00
-1.92581779e+00
-1.92766974e+00
-1.92955104e+00
-1.93145086e+00
-1.93335758e+00
-1.93525709e+00
-1.93713288e+00
-1.93896439e+00
-1.94072709e+00
-1.94239092e+00
-1.94392037e+00
-1.94527290e+00
-1.94639907e+00
-1.94724100e+00
-1.94773248e+00
-1.94779751e+00
-1.94735044e+00
-1.94629449e+00
-1.94452191e+00
-1.94191242e+00
-1.93833312e+00
-1.93363667e+00
-1.92766049e+00
-1.92022399e+00
-1.91112616e+00
-1.90014031e+00
-1.88700781e+00
-1.87142686e+00
-1.85303685e+00
-1.83139198e+00
-1.80592028e+00
-1.77585361e+00
-1.74010621e+00
-1.69704786e+00
-1.64405113e+00
-1.57650145e+00
-1.48542195e+00
-1.35129500e+00
-1.12768972e+00
-7.03158936e-01
1.55959682e-01
SCALARS vorticity double 1
LOOKUP_TABLE default
2.18965083e-04
-6.86214513e-03
-8.09892711e-03
3.26391579e-04
1.50798418e-02
3.48478019e-02
5.89469877e-02
8.68256521e-02
1.17934147e-01
1.51715397e-01
1.87621750e-01
2.25132606e-01
2.63764787e-01
3.03077798e-01
3.42673700e-01
3.82194947e-01
4.21319648e-01
4.59756848e-01
4.97240806e-01
5.33526278e-01
5.68383599e-01
6.01595140e-01
6.32951935e-01
6.62251738e-01
6.89297380e-01
7.13896424e-01
7.35861147e-01
7.55009595e-01
7.71166937e-01
7.84167634e-01
7.93857851e-01
8.00098425e-01
8.02768020e-01
8.01766569e-01
7.97018844e-01
7.88478056e-01
7.76129520e-01
7.59994082e-01
7.40131544e-01
7.16643578e-01
6.89676569e-01
6.59423657e-01
6.26126630e-01
5.90076724e-01
5.51615185e-01
5.11132458e-01
4.69067022e-01
4.25902597e-01
3.82164878e-01
3.38416372e-01
2.95250632e-01
2.53284253e-01
2.13147985e-01
1.75474924e-01
1.40886810e-01
1.09975159e-01
8.32759342e-02
6.12285101e-02
4.41030761e-02
3.18497682e-02
2.37603845e-02
1.76851092e-02
8.36684688e-03
-1.05416475e-03
1.16084839e-02
7.61291607e-03
6.98803861e-03
1.56458529e-02
2.99931033e-02
4.87644176e-02
7.13785315e-02
9.73950835e-02
1.26369773e-01
1.57836131e-01
1.91320004e-01
2.26356853e-01
2.62504623e-01
2.99351047e-01
3.36516757e-01
3.73655139e-01
4.10450343e-01
4.46613995e-01
4.81881518e-01
5.16008249e-01
5.48765910e-01
5.79939423e-01
6.09324399e-01
6.36725191e-01
6.61953708e-01
6.84828824e-01
7.05176502e-01
7.22830443e-01
7.37633339e-01
7.49438537e-01
7.58112157e-01
7.63535496e-01
7.65607717e-01
7.64248711e-01
7.59402060e-01
7.51038058e-01
7.39156664e-01
7.23790383e-01
7.05006921e-01
6.82911631e-01
6.57649569e-01
6.29407207e-01
5.98413584e-01
5.64940972e-01
5.29304803e-01
4.91862956e-01
4.53014122e-01
4.13195357e-01
3.72878486e-01
3.32565486e-01
2.92782408e-01
2.54071894e-01
2.16983642e-01
1.82062528e-01
1.49833042e-01
1.20778408e-01
9.53101259e-02
7.37199040e-02
5.60945513e-02
4.21485992e-02
3.08624559e-02
1.96544123e-02
2.47003156e-03
-1.01639514e-02
2.41416397e-02
2.74746217e-02
3.21306071e-02
4.17755631e-02
5.54150316e-02
7.24441516e-02
9.25059771e-02
1.15315799e-01
1.40579094e-01
1.67970438e-01
1.97138728e-01
2.27719988e-01
2.59349953e-01
2.91673748e-01
3.24352365e-01
3.57066323e-01
3.89517192e-01
4.21427581e-01
4.52540161e-01
4.82616108e-01
5.11433349e-01
5.38784794e-01
5.64476793e-01
5.88327875e-01
6.10167886e-01
6.29837526e-01
6.47188318e-01
6.62082968e-01
6.74396113e-01
6.84015382e-01
6.90842749e-01
6.94796101e-01
6.95810979e-01
6.93842419e-01
6.88866846e-01
6.80883960e-01
6.69918551e-01
6.56022205e-01
6.39274835e-01
6.19785993e-01
5.97695904e-01
5.73176197e-01
5.46430233e-01
5.17693040e-01
4.87230722e-01
4.55339343e-01
4.22343139e-01
3.88592008e-01
3.54458107e-01
3.20331398e-01
2.86613871e-01
2.53712099e-01
2.22027519e-01
1.91943598e-01
1.63808363e-01
1.37909860e-01
1.14440059e-01
9.34392904e-02
7.47066669e-02
5.76514479e-02
4.10491029e-02
2.26850232e-02
-9.32863065e-04
-1.46985161e-02
3.44750628e-02
4.20570294e-02
5.23491403e-02
6.39612932e-02
7.75076112e-02
9.31686909e-02
1.10979190e-01
1.30888631e-01
1.52772795e-01
1.76443223e-01
2.01661105e-01
2.28152894e-01
2.55624892e-01
2.83775393e-01
3.12304018e-01
3.40918400e-01
3.69338640e-01
3.97299995e-01
4.24554250e-01
4.50870165e-01
4.76033307e-01
4.99845548e-01
5.22124410e-01
5.42702421e-01
5.61426577e-01
5.78157981e-01
5.92771700e-01
6.05156845e-01
6.15216875e-01
6.22870103e-01
6.28050369e-01
6.30707841e-01
6.30809909e-01
6.28342122e-01
6.23309130e-01
6.15735575e-01
6.05666916e-01
5.93170132e-01
5.78334272e-01
5.61270827e-01
5.42113897e-01
5.21020106e-01
4.98168255e-01
4.73758654e-01
4.48012110e-01
4.21168496e-01
3.93484826e-01
3.65232740e-01
3.36695235e-01
3.08162446e-01
2.79926170e-01
2.52272709e-01
2.25473386e-01
1.99771818e-01
1.75366504e-01
1.52386609e-01
1.30857695e-01
1.10652788e-01
9.14229361e-02
7.25031890e-02
5.28032630e-02
3.07418329e-02
4.42162278e-03
-1.05909900e-02
4.77416898e-02
5.75279192e-02
7.14277034e-02
8.44072888e-02
9.77044608e-02
1.11987246e-01
1.27614630e-01
1.44755975e-01
1.63447532e-01
1.83625441e-01
2.05150280e-01
2.27827648e-01
2.51425758e-01
2.75690088e-01
3.00355208e-01
3.25153950e-01
3.49824289e-01
3.74114267e-01
3.97785357e-01
4.20614608e-01
4.42395871e-01
4.62940376e-01
4.82076872e-01
4.99651500e-01
5.15527542e-01
5.29585124e-01
5.41720955e-01
5.51848135e-01
5.59896043e-01
5.65810319e-01
5.69552918e-01
5.71102215e-01
5.70453139e-01
5.67617313e-01
5.62623152e-01
5.55515914e-01
5.46357666e-01
5.35227148e-01
5.22219513e-01
5.07445933e-01
4.91033052e-01
4.73122267e-01
4.53868831e-01
4.33440740e-01
4.12017377e-01
3.89787863e-01
3.66949041e-01
3.43702991e-01
3.20253920e-01
2.96804224e-01
2.73549419e-01
2.50671512e-01
2.28330253e-01
2.06651436e-01
1.85711180e-01
1.65514774e-01
1.45968412e-01
1.26842355e-01
1.07725578e-01
8.79773210e-02
6.66944725e-02
4.27420376e-02
1.49344475e-02
-9.97376404e-04
6.59292639e-02
7.64351490e-02
9.16996123e-02
1.04859260e-01
1.17286394e-01
1.29869736e-01
1.43168953e-01
1.57514869e-01
1.73071541e-01
1.89877283e-01
2.07874828e-01
2.26935438e-01
2.46878945e-01
2.67490502e-01
2.88534414e-01
3.09765323e-01
3.30937037e-01
3.51809287e-01
3.72152743e-01
3.91752577e-01
4.10410858e-01
4.27948042e-01
4.44203772e-01
4.59037172e-01
4.72326809e-01
4.83970412e-01
4.93884476e-01
5.02003775e-01
5.08280858e-01
5.12685529e-01
5.15204328e-01
5.15840002e-01
5.14610968e-01
5.11550740e-01
5.06707314e-01
5.00142494e-01
4.91931152e-01
4.82160403e-01
4.70928695e-01
4.58344807e-01
4.44526753e-01
4.29600583e-01
4.13699064e-01
3.96960248e-01
3.79525871e-01
3.61539563e-01
3.43144786e-01
3.24482416e-01
3.05687827e-01
2.86887275e-01
2.68193331e-01
2.49698990e-01
2.31469995e-01
2.13534785e-01
1.95871371e-01
1.78390431e-01
1.60914143e-01
1.43151113e-01
1.24669862e-01
1.04877638e-01
8.30189686e-02
5.82176985e-02
2.95868590e-02
1.31157608e-02
8.96457222e-02
9.97603282e-02
1.14447636e-01
1.26501126e-01
1.37241024e-01
1.47618890e-01
1.58292372e-01
1.69690950e-01
1.82066602e-01
1.95532440e-01
2.10093276e-01
2.25670813e-01
2.42124926e-01
2.59271761e-01
2.76899010e-01
2.94778617e-01
3.12677124e-01
3.30363891e-01
3.47617440e-01
3.64230170e-01
3.80011706e-01
3.94791125e-01
4.08418271e-01
4.20764370e-01
4.31722114e-01
4.41205350e-01
4.49148492e-01
4.55505745e-01
4.60250195e-01
4.63372814e-01
4.64881410e-01
4.64799522e-01
4.63165278e-01
4.60030217e-01
4.55458060e-01
4.49523438e-01
4.42310577e-01
4.33911930e-01
4.24426764e-01
4.13959699e-01
4.02619208e-01
3.90516065e-01
3.77761746e-01
3.64466763e-01
3.50738913e-01
3.36681403e-01
3.22390785e-01
3.07954633e-01
2.93448827e-01
2.78934292e-01
2.64452973e-01
2.50022771e-01
2.35631111e-01
2.21226768e-01
2.06709573e-01
1.91917808e-01
1.76613450e-01
1.60466341e-01
1.43039957e-01
1.23784009e-01
1.02042083e-01
7.70835426e-02
4.81616308e-02
3.14886872e-02
1.18939814e-01
1.27808523e-01
1.40323046e-01
1.50069255e-01
1.58265058e-01
1.65848666e-01
1.73508957e-01
1.81723716e-01
1.90796154e-01
2.00887088e-01
2.12042912e-01
2.24219989e-01
2.37306043e-01
2.51138844e-01
2.65522375e-01
2.80240595e-01
2.95068914e-01
3.09783528e-01
3.24168798e-01
3.38022874e-01
3.51161779e-01
3.63422198e-01
3.74663171e-01
3.84766910e-01
3.93638922e-01
4.01207597e-01
4.07423397e-01
4.12257756e-01
4.15701771e-01
4.17764749e-01
4.18472657e-01
4.17866499e-01
4.16000646e-01
4.12941130e-01
4.08763911e-01
4.03553121e-01
3.97399296e-01
3.90397598e-01
3.82646030e-01
3.74243651e-01
3.65288798e-01
3.55877301e-01
3.46100700e-01
3.36044440e-01
3.25786030e-01
3.15393129e-01
3.04921503e-01
2.94412794e-01
2.83892000e-01
2.73364540e-01
2.62812756e-01
2.52191660e-01
2.41423721e-01
2.30392495e-01
2.18934970e-01
2.06832692e-01
1.93802126e-01
1.79485364e-01
1.63443340e-01
1.45154875e-01
1.24025677e-01
9.94101800e-02
7.06434804e-02
5.40307181e-02
1.53647031e-01
1.60590237e-01
1.69619825e-01
1.75990294e-01
1.80819180e-01
1.85001468e-01
1.89219492e-01
1.93964279e-01
1.99560897e-01
2.06194111e-01
2.13932844e-01
2.22752896e-01
2.32557717e-01
2.43197131e-01
2.54483942e-01
2.66208363e-01
2.78150283e-01
2.90089421e-01
3.01813467e-01
3.13124389e-01
3.23843053e-01
3.33812407e-01
3.42899416e-01
3.50995960e-01
3.58018915e-01
3.63909567e-01
3.68632540e-01
3.72174342e-01
3.74541659e-01
3.75759455e-01
3.75868961e-01
3.74925582e-01
3.72996770e-01
3.70159870e-01
3.66499983e-01
3.62107825e-01
3.57077628e-01
3.51505062e-01
3.45485200e-01
3.39110528e-01
3.32468993e-01
3.25642085e-01
3.18702958e-01
3.11714546e-01
3.04727687e-01
2.97779183e-01
2.90889788e-01
2.84062042e-01
2.77277903e-01
2.70496074e-01
2.63648940e-01
2.56639009e-01
2.49334754e-01
2.41565789e-01
2.33117412e-01
2.23724716e-01
2.13066755e-01
2.00761719e-01
1.86364635e-01
1.69369561e-01
1.49218298e-01
1.25316366e-01
9.70540663e-02
8.06819831e-02
1.93531264e-01
1.97989574e-01
2.02434527e-01
2.04489462e-01
2.05189724e-01
2.05379911e-01
2.05716723e-01
2.06681880e-01
2.08600499e-01
2.11661849e-01
2.15940730e-01
2.21418413e-01
2.28002553e-01
2.35545649e-01
2.43861790e-01
2.52741462e-01
2.61964340e-01
2.71309997e-01
2.80566592e-01
2.89537638e-01
2.98046984e-01
3.05942237e-01
3.13096792e-01
3.19410722e-01
3.24810709e-01
3.29249238e-01
3.32703199e-01
3.35172076e-01
3.36675823e-01
3.37252547e-01
3.36956057e-01
3.35853360e-01
3.34022130e-01
3.31548203e-01
3.28523100e-01
3.25041620e-01
3.21199498e-01
3.17091142e-01
3.12807448e-01
3.08433702e-01
3.04047552e-01
2.99717040e-01
2.95498680e-01
2.91435563e-01
2.87555453e-01
2.83868843e-01
2.80366940e-01
2.77019519e-01
2.73772628e-01
2.70546061e-01
2.67230593e-01
2.63684906e-01
2.59732230e-01
2.55156703e-01
2.49699599e-01
2.43055663e-01
2.34870026e-01
2.24736433e-01
2.12197813e-01
1.96750362e-01
1.77852184e-01
1.54936780e-01
1.27430381e-01
1.11405604e-01
2.38344013e-01
2.39840730e-01
2.38756448e-01
2.35665108e-01
2.31540541e-01
2.27179584e-01
2.23204842e-01
2.20074849e-01
2.18099120e-01
2.17456073e-01
2.18212295e-01
2.20342127e-01
2.23746793e-01
2.28272541e-01
2.33727364e-01
2.39896022e-01
2.46553136e-01
2.53474265e-01
2.60444938e-01
2.67267700e-01
2.73767301e-01
2.79794195e-01
2.85226557e-01
2.89971041e-01
2.93962500e-01
2.97162870e-01
2.99559433e-01
3.01162603e-01
3.02003399e-01
3.02130709e-01
3.01608449e-01
3.00512680e-01
2.98928748e-01
2.96948485e-01
2.94667492e-01
2.92182541e-01
2.89589089e-01
2.86978918e-01
2.84437900e-01
2.82043872e-01
2.79864611e-01
2.77955877e-01
2.76359513e-01
2.75101555e-01
2.74190326e-01
2.73614464e-01
2.73340866e-01
2.73312494e-01
2.73446029e-01
2.73629359e-01
2.73718889e-01
2.73536722e-01
2.72867757e-01
2.71456829e-01
2.69006081e-01
2.65172866e-01
2.59568590e-01
2.51759091e-01
2.41267232e-01
2.27578478e-01
2.10150030e-01
1.88423785e-01
1.61842887e-01
1.46213828e-01
2.87847850e-01
2.85963932e-01
2.78518214e-01
2.69537251e-01
2.59951866e-01
2.50517107e-01
2.41818459e-01
2.34282763e-01
2.28192728e-01
2.23703851e-01
2.20862737e-01
2.19625929e-01
2.19878567e-01
2.21452290e-01
2.24141927e-01
2.27720612e-01
2.31953064e-01
2.36606861e-01
2.41461664e-01
2.46316385e-01
2.50994428e-01
2.55347144e-01
2.59255709e-01
2.62631664e-01
2.65416327e-01
2.67579335e-01
2.69116501e-01
2.70047197e-01
2.70411410e-01
2.70266614e-01
2.69684556e-01
2.68748054e-01
2.67547859e-01
2.66179626e-01
2.64741044e-01
2.63329114e-01
2.62037615e-01
2.60954726e-01
2.60160819e-01
2.59726384e-01
2.59710072e-01
2.60156811e-01
2.61095957e-01
2.62539442e-01
2.64479855e-01
2.66888428e-01
2.69712875e-01
2.72875056e-01
2.76268456e-01
2.79755485e-01
2.83164650e-01
2.86287663e-01
2.88876642e-01
2.90641571e-01
2.91248303e-01
2.90317417e-01
2.87424378e-01
2.82101451e-01
2.73841912e-01
2.62107043e-01
2.46336291e-01
2.25960780e-01
2.00420275e-01
1.85195580e-01
3.41825733e-01
3.36182005e-01
3.21624039e-01
3.06078296e-01
2.90447769e-01
2.75452060e-01
2.61638879e-01
2.49397912e-01
2.38976737e-01
2.30498284e-01
2.23979249e-01
2.19348862e-01
2.16467449e-01
2.15144300e-01
2.15154370e-01
2.16253467e-01
2.18191622e-01
2.20724461e-01
2.23622470e-01
2.26678172e-01
2.29711277e-01
2.32571983e-01
2.35142611e-01
2.37337822e-01
2.39103674e-01
2.40415738e-01
2.41276543e-01
2.41712516e-01
2.41770632e-01
2.41514904e-01
2.41022834e-01
2.40381928e-01
2.39686336e-01
2.39033667e-01
2.38522016e-01
2.38247214e-01
2.38300306e-01
2.38765234e-01
2.39716735e-01
2.41218377e-01
2.43320732e-01
2.46059606e-01
2.49454288e-01
2.53505735e-01
2.58194656e-01
2.63479407e-01
2.69293674e-01
2.75543883e-01
2.82106359e-01
2.88824232e-01
2.95504184e-01
3.01913162e-01
3.07775243e-01
3.12768942e-01
3.16525288e-01
3.18627086e-01
3.18609826e-01
3.15964721e-01
3.10144301e-01
3.00570927e-01
2.86648444e-01
2.67777013e-01
2.43371160e-01
2.28540215e-01
4.00082343e-01
3.90327428e-01
3.67965208e-01
3.45231973e-01
3.23014769e-01
3.02003170e-01
2.82707129e-01
2.65475177e-01
2.50513152e-01
2.37903379e-01
2.27624087e-01
2.19568747e-01
2.13564956e-01
2.09392483e-01
2.06800088e-01
2.05520790e-01
2.05285278e-01
2.05833291e-01
2.06922836e-01
2.08337242e-01
2.09890127e-01
2.11428423e-01
2.12833679e-01
2.14021885e-01
2.14942086e-01
2.15574047e-01
2.15925228e-01
2.16027290e-01
2.15932326e-01
2.15708989e-01
2.15438638e-01
2.15211613e-01
2.15123701e-01
2.15272858e-01
2.15756198e-01
2.16667279e-01
2.18093662e-01
2.20114732e-01
2.22799751e-01
2.26206078e-01
2.30377522e-01
2.35342731e-01
2.41113566e-01
2.47683356e-01
2.55024968e-01
2.63088598e-01
2.71799225e-01
2.81053681e-01
2.90717318e-01
3.00620307e-01
3.10553666e-01
3.20265181e-01
3.29455483e-01
3.37774635e-01
3.44819689e-01
3.50133727e-01
3.53206986e-01
3.53480587e-01
3.50353381e-01
3.43192164e-01
3.31345353e-01
3.14159938e-01
2.91001408e-01
2.76555299e-01
4.62442770e-01
4.48244011e-01
4.17427925e-01
3.86924540e-01
3.57613959e-01
3.30159741e-01
3.05033830e-01
2.82540081e-01
2.62836824e-01
2.45958693e-01
2.31837815e-01
2.20324268e-01
2.11205659e-01
2.04225580e-01
1.99100651e-01
1.95535896e-01
1.93238173e-01
1.91927494e-01
1.91346111e-01
1.91265357e-01
1.91490330e-01
1.91862556e-01
1.92260869e-01
1.92600772e-01
1.92832548e-01
1.92938429e-01
1.92929081e-01
1.92839646e-01
1.92725573e-01
1.92658394e-01
1.92721595e-01
1.93006687e-01
1.93609557e-01
1.94627138e-01
1.96154432e-01
1.98281883e-01
2.01093088e-01
2.04662816e-01
2.09055273e-01
2.14322568e-01
2.20503290e-01
2.27621112e-01
2.35683322e-01
2.44679176e-01
2.54577965e-01
2.65326690e-01
2.76847256e-01
2.89033097e-01
3.01745225e-01
3.14807700e-01
3.28002621e-01
3.41064847e-01
3.53676748e-01
3.65463436e-01
3.75989074e-01
3.84754963e-01
3.91200176e-01
3.94705502e-01
3.94601317e-01
3.90179740e-01
3.80711001e-01
3.65463573e-01
3.43727200e-01
3.29681604e-01
5.28748267e-01
5.09785590e-01
4.69896418e-01
4.31070788e-01
3.94188421e-01
3.59889315e-01
3.28606383e-01
3.00595094e-01
2.75960712e-01
2.54683551e-01
2.36642546e-01
2.21637312e-01
2.09408733e-01
1.99658016e-01
1.92064060e-01
1.86298965e-01
1.82041459e-01
1.78988109e-01
1.76862204e-01
1.75420310e-01
1.74456579e-01
1.73804979e-01
1.73339675e-01
1.72973857e-01
1.72657310e-01
1.72373033e-01
1.72133214e-01
1.71974807e-01
1.71954954e-01
1.72146434e-01
1.72633281e-01
1.73506700e-01
1.74861333e-01
1.76791937e-01
1.79390490e-01
1.82743717e-01
1.86930999e-01
1.92022645e-01
1.98078436e-01
2.05146380e-01
2.13261572e-01
2.22445060e-01
2.32702579e-01
2.44023049e-01
2.56376675e-01
2.69712518e-01
2.83955418e-01
2.99002144e-01
3.14716702e-01
3.30924791e-01
3.47407467e-01
3.63894216e-01
3.80055795e-01
3.95497350e-01
4.09752589e-01
4.22279922e-01
4.32461664e-01
4.39607404e-01
4.42962516e-01
4.41722373e-01
4.35052261e-01
4.22112164e-01
4.02084851e-01
3.88504791e-01
5.98851466e-01
5.74812518e-01
5.25252773e-01
4.77576336e-01
4.32667101e-01
3.91142379e-01
3.53393911e-01
3.19624413e-01
2.89880264e-01
2.64080861e-01
2.42045115e-01
2.23515486e-01
2.08179823e-01
1.95691155e-01
1.85685446e-01
1.77797236e-01
1.71673051e-01
1.66982449e-01
1.63426649e-01
1.60744726e-01
1.58717485e-01
1.57169186e-01
1.55967369e-01
1.55021091e-01
1.54277907e-01
1.53719916e-01
1.53359198e-01
1.53232917e-01
1.53398347e-01
1.53928001e-01
1.54905036e-01
1.56419030e-01
1.58562221e-01
1.61426234e-01
1.65099315e-01
1.69664053e-01
1.75195554e-01
1.81760002e-01
1.89413536e-01
1.98201344e-01
2.08156862e-01
2.19300951e-01
2.31640910e-01
2.45169165e-01
2.59861473e-01
2.75674461e-01
2.92542314e-01
3.10372468e-01
3.29040146e-01
3.48381672e-01
3.68186564e-01
3.88188547e-01
4.08055846e-01
4.27381336e-01
4.45673445e-01
4.62349047e-01
4.76729827e-01
4.88043807e-01
4.95433605e-01
4.97972587e-01
4.94689167e-01
4.84598255e-01
4.66737371e-01
4.53766357e-01
6.72609640e-01
6.43186649e-01
5.83374297e-01
5.26337042e-01
4.72965864e-01
4.23854636e-01
3.79350355e-01
3.39597510e-01
3.04577077e-01
2.74140636e-01
2.48040266e-01
2.25954830e-01
2.07513213e-01
1.92314896e-01
1.79948093e-01
1.70005502e-01
1.62097640e-01
1.55863692e-01
1.50979819e-01
1.47164959e-01
1.44184205e-01
1.41849971e-01
1.40021214e-01
1.38601046e-01
1.37533077e-01
1.36796865e-01
1.36402801e-01
1.36386736e-01
1.36804606e-01
1.37727275e-01
1.39235730e-01
1.41416773e-01
1.44359251e-01
1.48150882e-01
1.52875651e-01
1.58611778e-01
1.65430186e-01
1.73393399e-01
1.82554796e-01
1.92958084e-01
2.04636892e-01
2.17614324e-01
2.31902315e-01
2.47500613e-01
2.64395184e-01
2.82555832e-01
3.01932786e-01
3.22452036e-01
3.44009179e-01
3.66461582e-01
3.89618774e-01
4.13231079e-01
4.36976753e-01
4.60448215e-01
4.83138348e-01
5.04428388e-01
5.23579435e-01
5.39730027e-01
5.51902420e-01
5.59019787e-01
5.59935509e-01
5.53473721e-01
5.38477767e-01
5.26372447e-01
7.49877628e-01
7.14764673e-01
6.44128515e-01
5.77235716e-01
5.14985957e-01
4.57947134e-01
4.06416012e-01
3.60471722e-01
3.20022132e-01
2.84843475e-01
2.54614041e-01
2.28942866e-01
2.07394361e-01
1.89509605e-01
1.74824749e-01
1.62886799e-01
1.53266806e-01
1.45570460e-01
1.39446051e-01
1.34589822e-01
1.30748830e-01
1.27721525e-01
1.25356331e-01
1.23548595e-01
1.22236283e-01
1.21394803e-01
1.21031328e-01
1.21178947e-01
1.21890901e-01
1.23235137e-01
1.25289341e-01
1.28136548e-01
1.31861414e-01
1.36547149e-01
1.42273130e-01
1.49113129e-01
1.57134107e-01
1.66395484e-01
1.76948793e-01
1.88837579e-01
2.02097428e-01
2.16755959e-01
2.32832613e-01
2.50338037e-01
2.69272843e-01
2.89625485e-01
3.11368959e-01
3.34456020e-01
3.58812559e-01
3.84328818e-01
4.10848136e-01
4.38153076e-01
4.65948964e-01
4.93845277e-01
5.21335838e-01
5.47779524e-01
5.72384056e-01
5.94196355e-01
6.12103602e-01
6.24849166e-01
6.31066455e-01
6.29331094e-01
6.18227615e-01
6.07401751e-01
8.30498776e-01
7.89389824e-01
7.07365488e-01
6.30135770e-01
5.58609653e-01
4.93324203e-01
4.34517682e-01
3.82194197e-01
3.36178980e-01
2.96164396e-01
2.61747736e-01
2.32462265e-01
2.07803012e-01
1.87248502e-01
1.70279212e-01
1.56393203e-01
1.45119067e-01
1.36026209e-01
1.28732435e-01
1.22908857e-01
1.18282227e-01
1.14634922e-01
1.11802875e-01
1.09671855e-01
1.08172488e-01
1.07274452e-01
1.06980237e-01
1.07318806e-01
1.08339457e-01
1.10106110e-01
1.12692174e-01
1.16176122e-01
1.20637797e-01
1.26155510e-01
1.32803851e-01
1.40652218e-01
1.49763943e-01
1.60195949e-01
1.71998814e-01
1.85217122e-01
1.99889966e-01
2.16051436e-01
2.33730928e-01
2.52953065e-01
2.73736991e-01
2.96094751e-01
3.20028425e-01
3.45525601e-01
3.72552715e-01
4.01045755e-01
4.30897763e-01
4.61942664e-01
4.93935102e-01
5.26526341e-01
5.59236888e-01
5.91427501e-01
6.22271539e-01
6.50733218e-01
6.75557964e-01
6.95282043e-01
7.08268186e-01
7.12770885e-01
7.07028708e-01
6.98109657e-01
9.14294984e-01
8.66881104e-01
7.72906246e-01
6.84870619e-01
6.03692203e-01
5.29868836e-01
4.63567509e-01
4.04703632e-01
3.53007497e-01
3.08077680e-01
2.69423029e-01
2.36495642e-01
2.08717227e-01
1.85500705e-01
1.66268294e-01
1.50466711e-01
1.37579742e-01
1.27138160e-01
1.18726948e-01
1.11989791e-01
1.06630920e-01
1.02414534e-01
9.91621025e-02
9.67479809e-02
9.50937673e-02
9.41618659e-02
9.39486765e-02
9.44777793e-02
9.57934242e-02
9.79545540e-02
1.01029533e-01
1.05091676e-01
1.10215631e-01
1.16474612e-01
1.23938453e-01
1.32672402e-01
1.42736593e-01
1.54186071e-01
1.67071272e-01
1.81438820e-01
1.97332518e-01
2.14794384e-01
2.33865557e-01
2.54586890e-01
2.76998989e-01
3.01141402e-01
3.27050581e-01
3.54756152e-01
3.84274879e-01
4.15601615e-01
4.48696375e-01
4.83466643e-01
5.19744008e-01
5.57254544e-01
5.95582881e-01
6.34131071e-01
6.72075081e-01
7.08324304e-01
7.41492517e-01
7.69891753e-01
7.91562025e-01
8.04347693e-01
8.06022986e-01
7.99927323e-01
1.00105370e+00
9.47018818e-01
8.40524882e-01
7.41226347e-01
6.50048386e-01
5.67434752e-01
4.93460624e-01
4.27932496e-01
3.70469215e-01
3.20563824e-01
2.77629292e-01
2.41032304e-01
2.10118979e-01
1.84235341e-01
1.62744330e-01
1.45040182e-01
1.30560442e-01
1.18795506e-01
1.09295550e-01
1.01674701e-01
9.56125018e-02
9.08528482e-02
8.72007313e-02
8.45172245e-02
8.27132010e-02
8.17422762e-02
8.15934340e-02
8.22837383e-02
8.38514489e-02
8.63497926e-02
8.98415456e-02
9.43945322e-02
1.00078066e-01
1.06960328e-01
1.15106624e-01
1.24578449e-01
1.35433257e-01
1.47724832e-01
1.61504145e-01
1.76820572e-01
1.93723369e-01
2.12263261e-01
2.32494012e-01
2.54473809e-01
2.78266249e-01
3.03940663e-01
3.31571383e-01
3.61235459e-01
3.93008129e-01
4.26955128e-01
4.63120684e-01
5.01509774e-01
5.42063041e-01
5.84622747e-01
6.28888480e-01
6.74362324e-01
7.20285217e-01
7.65569590e-01
8.08738462e-01
8.47887423e-01
8.80691835e-01
9.04483461e-01
9.16412877e-01
9.14448920e-01
1.09051116e+00
1.02952295e+00
9.09919148e-01
7.98912885e-01
6.97430508e-01
6.05833943e-01
5.24071955e-01
4.51811091e-01
3.88536044e-01
3.33620478e-01
2.86374797e-01
2.46078362e-01
2.12002338e-01
1.83427397e-01
1.59658597e-01
1.40038409e-01
1.23958003e-01
1.10866483e-01
1.00277677e-01
9.17742168e-02
8.50088118e-02
7.97028707e-02
7.56428010e-02
7.26744543e-02
7.06962508e-02
6.96515272e-02
6.95206121e-02
7.03130622e-02
7.20604082e-02
7.48096602e-02
7.86177438e-02
8.35469468e-02
8.96614069e-02
9.70246017e-02
1.05697784e-01
1.15739258e-01
1.27204407e-01
1.40146339e-01
1.54617062e-01
1.70669069e-01
1.88357243e-01
2.07740980e-01
2.28886437e-01
2.51868787e-01
2.76774331e-01
3.03702242e-01
3.32765625e-01
3.64091404e-01
3.97818319e-01
4.34092032e-01
4.73055904e-01
5.14835560e-01
5.59514797e-01
6.07099955e-01
6.57469586e-01
7.10306705e-01
7.65012507e-01
8.20604184e-01
8.75606370e-01
9.27956503e-01
9.74958137e-01
1.01332855e+00
1.03938722e+00
1.04339791e+00
1.18232584e+00
1.11401724e+00
9.80659150e-01
8.57514872e-01
7.45492755e-01
6.44818260e-01
5.55253428e-01
4.76276191e-01
4.07205696e-01
3.47280631e-01
2.95704685e-01
2.51672511e-01
2.14385961e-01
1.83066442e-01
1.56966215e-01
1.35379434e-01
1.17652606e-01
1.03193731e-01
9.14793250e-02
8.20587779e-02
7.45557884e-02
6.86669507e-02
6.41578158e-02
6.08569329e-02
5.86484632e-02
5.74639755e-02
5.72739833e-02
5.80797062e-02
5.99054269e-02
6.27917165e-02
6.67896913e-02
7.19563837e-02
7.83512293e-02
8.60336292e-02
9.50614954e-02
1.05490682e-01
1.17375178e-01
1.30767953e-01
1.45722352e-01
1.62293956e-01
1.80542823e-01
2.00536085e-01
2.22350822e-01
2.46077206e-01
2.71821816e-01
2.99711027e-01
3.29894256e-01
3.62546685e-01
3.97870852e-01
4.36096125e-01
4.77474548e-01
5.22270860e-01
5.70743547e-01
6.23112687e-01
6.79509198e-01
7.39899204e-01
8.03977427e-01
8.71026049e-01
9.39742763e-01
1.00805659e+00
1.07297496e+00
1.13053837e+00
1.17598582e+00
1.18855060e+00
1.27603021e+00
1.19996118e+00
1.05209279e+00
9.16406245e-01
7.93734095e-01
6.84054153e-01
5.86835011e-01
5.01289762e-01
4.26529812e-01
3.61643683e-01
3.05730506e-01
2.57911328e-01
2.17332710e-01
1.83170073e-01
1.54633542e-01
1.30976368e-01
1.11504691e-01
9.55870860e-02
8.26624758e-02
7.22454202e-02
6.39282796e-02
5.73802135e-02
5.23433265e-02
4.86265188e-02
4.60977142e-02
4.46751605e-02
4.43184448e-02
4.50197616e-02
4.67958526e-02
4.96809063e-02
5.37205906e-02
5.89672866e-02
6.54765196e-02
7.33045150e-02
8.25067836e-02
9.31376062e-02
1.05250302e-01
1.18898155e-01
1.34135922e-01
1.51021824e-01
1.69620027e-01
1.90003556e-01
2.12257715e-01
2.36484010e-01
2.62804651e-01
2.91367640e-01
3.22352418e-01
3.55975890e-01
3.92498480e-01
4.32229436e-01
4.75530127e-01
5.22813137e-01
5.74533779e-01
6.31168859e-01
6.93175195e-01
7.60917582e-01
8.34553142e-01
9.13857694e-01
9.97983341e-01
1.08515096e+00
1.17231608e+00
1.25491061e+00
1.32684998e+00
1.35157555e+00
1.37092662e+00
1.28650840e+00
1.12316452e+00
9.74600906e-01
8.41409643e-01
7.23092777e-01
6.18638264e-01
5.26878708e-01
4.46665714e-01
3.76929134e-01
3.16679470e-01
2.64990441e-01
2.20981068e-01
1.83805174e-01
1.52649705e-01
1.26740137e-01
1.05350116e-01
8.78124161e-02
7.35288749e-02
6.19776722e-02
5.27171164e-02
4.53857432e-02
3.96990373e-02
3.54434066e-02
3.24682008e-02
3.06765934e-02
3.00160794e-02
3.04692151e-02
3.20450782e-02
3.47717693e-02
3.86901364e-02
4.38487915e-02
5.03003908e-02
5.80990982e-02
6.72991025e-02
7.79540584e-02
9.01173062e-02
1.03842767e-01
1.19186412e-01
1.36208270e-01
1.54974954e-01
1.75562765e-01
1.98061438e-01
2.22578683e-01
2.49245679e-01
2.78223711e-01
3.09712139e-01
3.43957846e-01
3.81266150e-01
4.22012950e-01
4.66657360e-01
5.15753307e-01
5.69957205e-01
6.30026673e-01
6.96801942e-01
7.71156607e-01
8.53897552e-01
9.45585428e-01
1.04623995e+00
1.15489629e+00
1.26900884e+00
1.38378920e+00
1.49175329e+00
1.53369670e+00
1.46584167e+00
1.37218899e+00
1.19206019e+00
1.03049536e+00
8.87402396e-01
7.61347500e-01
6.50522261e-01
5.53216685e-01
4.67971058e-01
3.93569465e-01
3.28976987e-01
2.73272228e-01
2.25596145e-01
1.85122160e-01
1.51045112e-01
1.22583960e-01
9.89926423e-02
7.95742724e-02
6.36949344e-02
5.07946322e-02
4.03940720e-02
3.20969074e-02
2.55877637e-02
2.06267935e-02
1.70417296e-02
1.47184377e-02
1.35908825e-02
1.36312656e-02
1.48408980e-02
1.72421818e-02
2.08719069e-02
2.57759252e-02
3.20051687e-02
3.96128992e-02
4.86530523e-02
5.91795111e-02
7.12461723e-02
8.49076722e-02
1.00220703e-01
1.17245869e-01
1.36050118e-01
1.56709802e-01
1.79314552e-01
2.03972121e-01
2.30814546e-01
2.60005935e-01
2.91752353e-01
3.26314264e-01
3.64022056e-01
4.05295080e-01
4.50664430e-01
5.00799180e-01
5.56534788e-01
6.18900449e-01
6.89138693e-01
7.68704384e-01
8.59219722e-01
9.62344772e-01
1.07949771e+00
1.21132873e+00
1.35683638e+00
1.51207660e+00
1.66868954e+00
1.73497662e+00
1.55851707e+00
1.45416566e+00
1.25551037e+00
1.08144571e+00
9.30065678e-01
7.98116189e-01
6.82504199e-01
5.80786812e-01
4.91174786e-01
4.12370149e-01
3.43385329e-01
2.83397987e-01
2.31653587e-01
1.87411081e-01
1.49921800e-01
1.18430941e-01
9.21922939e-02
7.04886457e-02
5.26523856e-02
3.80827048e-02
2.62574808e-02
1.67392451e-02
9.17559011e-03
3.29496426e-03
-1.10091056e-03
-4.14671958e-03
-5.92417250e-03
-6.47260861e-03
-5.79888953e-03
-3.88612336e-03
-7.00978251e-04
3.80048872e-03
9.66843508e-03
1.69561438e-02
2.57180676e-02
3.60088351e-02
4.78830480e-02
6.13957463e-02
7.66034470e-02
9.35657359e-02
1.12347429e-01
1.33021423e-01
1.55672395e-01
1.80401635e-01
2.07333385e-01
2.36623186e-01
2.68468882e-01
3.03125134e-01
3.40922438e-01
3.82291921e-01
4.27797298e-01
4.78175499e-01
5.34387249e-01
5.97678111e-01
6.69648435e-01
7.52325855e-01
8.48223618e-01
9.60346393e-01
1.09206230e+00
1.24668130e+00
1.42645678e+00
1.63060315e+00
1.85203244e+00
1.95275339e+00
1.64409421e+00
1.52645290e+00
1.30746205e+00
1.12314794e+00
9.67112350e-01
8.32742922e-01
7.15037766e-01
6.10693149e-01
5.17680183e-01
4.34783382e-01
3.61237019e-01
2.96475445e-01
2.39979449e-01
1.91195180e-01
1.49504259e-01
1.14227375e-01
8.46471613e-02
6.00395191e-02
3.97055410e-02
2.29989558e-02
9.34634512e-03
-1.74076433e-03
-1.06614918e-02
-1.77276134e-02
-2.31703347e-02
-2.71501145e-02
-2.97679963e-02
-3.10772024e-02
-3.10940801e-02
-2.98078186e-02
-2.71886276e-02
-2.31942918e-02
-1.77751563e-02
-1.08777049e-02
-2.44692072e-03
7.57235200e-03
1.92348727e-02
3.25951286e-02
4.77080415e-02
6.46301919e-02
8.34216173e-02
1.04148254e-01
1.26885245e-01
1.51721367e-01
1.78765037e-01
2.08152452e-01
2.40058696e-01
2.74712879e-01
3.12418806e-01
3.53583091e-01
3.98753316e-01
4.48669594e-01
5.04333882e-01
5.67102511e-01
6.38808507e-01
7.21920502e-01
8.19742205e-01
9.36644093e-01
1.07828045e+00
1.25164046e+00
1.46452758e+00
1.72352622e+00
2.02869646e+00
2.17818275e+00
1.71146563e+00
1.57565089e+00
1.33675184e+00
1.14898248e+00
9.95805478e-01
8.65124310e-01
7.49596295e-01
6.45231266e-01
5.50090376e-01
4.63373247e-01
3.84829490e-01
3.14396086e-01
2.51987543e-01
1.97390106e-01
1.50226510e-01
1.09966584e-01
7.59645545e-02
4.75082522e-02
2.38692967e-02
4.34701180e-03
-1.16979549e-02
-2.48216627e-02
-3.54859863e-02
-4.40570222e-02
-5.08104511e-02
-5.59414548e-02
-5.95770328e-02
-6.17890149e-02
-6.26065220e-02
-6.20271115e-02
-6.00261849e-02
-5.65645603e-02
-5.15942593e-02
-4.50627266e-02
-3.69156922e-02
-2.70989575e-02
-1.55592959e-02
-2.24467975e-03
1.28960740e-02
2.99141448e-02
4.88620728e-02
6.97956948e-02
9.27768456e-02
1.17877068e-01
1.45182768e-01
1.74802381e-01
2.06876437e-01
2.41591690e-01
2.79201057e-01
3.20051722e-01
3.64624812e-01
4.13591400e-01
4.67891716e-01
5.28847565e-01
5.98322912e-01
6.78955348e-01
7.74493149e-01
8.90289146e-01
1.03401684e+00
1.21664990e+00
1.45354355e+00
1.76462087e+00
2.16997902e+00
2.38871202e+00
1.73533568e+00
1.57100790e+00
1.32391348e+00
1.15018415e+00
1.01409396e+00
8.96932033e-01
7.89783442e-01
6.88881177e-01
5.93099118e-01
5.02604362e-01
4.18099642e-01
3.40382151e-01
2.70091179e-01
2.07581503e-01
1.52884941e-01
1.05732587e-01
6.56143596e-02
3.18562660e-02
3.69969445e-03
-1.96281381e-02
-3.88588965e-02
-5.46452113e-02
-6.75393768e-02
-7.79860288e-02
-8.63252863e-02
-9.28028368e-02
-9.75837664e-02
-1.00767749e-01
-1.02403750e-01
-1.02503297e-01
-1.01051607e-01
-9.80166059e-02
-9.33557369e-02
-8.70210170e-02
-7.89624303e-02
-6.91302016e-02
-5.74759865e-02
-4.39534647e-02
-2.85182309e-02
-1.11273674e-02
8.26155756e-03
2.96918045e-02
5.32095028e-02
7.88663347e-02
1.06723490e-01
1.36857148e-01
1.69366511e-01
2.04385323e-01
2.42098740e-01
2.82767845e-01
3.26765466e-01
3.74628489e-01
4.27134463e-01
4.85414601e-01
5.51122401e-01
6.26690681e-01
7.15735205e-01
8.23715063e-01
9.59064567e-01
1.13522122e+00
1.37433737e+00
1.71376465e+00
2.21445049e+00
2.53313099e+00
1.66364701e+00
1.44315562e+00
1.24060288e+00
1.11958926e+00
1.02391968e+00
9.34037785e-01
8.43225194e-01
7.49940353e-01
6.54976411e-01
5.60189549e-01
4.67800435e-01
3.79954092e-01
2.98437473e-01
2.24522422e-01
1.58913740e-01
1.01781660e-01
5.28517253e-02
1.15253017e-02
-2.29941902e-02
-5.15870627e-02
-7.51262405e-02
-9.44131581e-02
-1.10139589e-01
-1.22871383e-01
-1.33048267e-01
-1.40994571e-01
-1.46935514e-01
-1.51016024e-01
-1.53318770e-01
-1.53880772e-01
-1.52706849e-01
-1.49780834e-01
-1.45073504e-01
-1.38548886e-01
-1.30167979e-01
-1.19891751e-01
-1.07682292e-01
-9.35039419e-02
-7.73231007e-02
-5.91083789e-02
-3.88296971e-02
-1.64578006e-02
8.03724784e-03
3.46874163e-02
6.35293354e-02
9.46075220e-02
1.27979742e-01
1.63724675e-01
2.01953892e-01
2.42829832e-01
2.86593086e-01
3.33603568e-01
3.84402148e-01
4.39803597e-01
5.01036796e-01
5.69961343e-01
6.49412122e-01
7.43780674e-01
8.60077725e-01
1.01010106e+00
1.21546261e+00
1.52094122e+00
2.03477107e+00
2.51066211e+00
9.99697171e-01
1.01956496e+00
1.02441522e+00
1.00566528e+00
9.67134329e-01
9.11706329e-01
8.42148918e-01
7.61479631e-01
6.73028509e-01
5.80309790e-01
4.86789847e-01
3.95627081e-01
3.09446534e-01
2.30192163e-01
1.59075148e-01
9.66132276e-02
4.27390261e-02
-3.05264083e-03
-4.15479314e-02
-7.36706906e-02
-1.00366830e-01
-1.22521924e-01
-1.40910882e-01
-1.56174554e-01
-1.68816331e-01
-1.79211844e-01
-1.87625779e-01
-1.94231363e-01
-1.99129400e-01
-2.02365110e-01
-2.03941890e-01
-2.03831867e-01
-2.01983455e-01
-1.98326435e-01
-1.92775082e-01
-1.85229968e-01
-1.75578964e-01
-1.63697954e-01
-1.49451701e-01
-1.32695255e-01
-1.13276216e-01
-9.10380981e-02
-6.58249518e-02
-3.74872384e-02
-5.88881305e-03
2.90854577e-02
6.75221721e-02
1.09473236e-01
1.54952799e-01
2.03939781e-01
2.56389174e-01
3.12256243e-01
3.71538677e-01
4.34342783e-01
5.00980914e-01
5.72108624e-01
6.48911563e-01
7.33354362e-01
8.28507550e-01
9.38976088e-01
1.07146964e+00
1.23557962e+00
1.44473799e+00
1.57689895e+00
3.44888383e-01
5.84992734e-01
7.73849417e-01
8.40168957e-01
8.46241694e-01
8.17054793e-01
7.64740297e-01
6.96619717e-01
6.18081120e-01
5.33616896e-01
4.47134425e-01
3.61971694e-01
2.80819256e-01
2.05649544e-01
1.37702327e-01
7.75372151e-02
2.51427385e-02
-1.99216954e-02
-5.83755412e-02
-9.10796475e-02
-1.18924441e-01
-1.42749260e-01
-1.63292016e-01
-1.81164321e-01
-1.96845895e-01
-2.10691297e-01
-2.22943865e-01
-2.33751894e-01
-2.43184895e-01
-2.51247331e-01
-2.57890032e-01
-2.63018068e-01
-2.66496563e-01
-2.68153702e-01
-2.67782951e-01
-2.65143764e-01
-2.59962950e-01
-2.51935905e-01
-2.40729877e-01
-2.25988400e-01
-2.07338980e-01
-1.84403079e-01
-1.56810198e-01
-1.24214897e-01
-8.63179253e-02
-4.28898039e-02
6.20314791e-03
6.09728690e-02
1.21285472e-01
1.86842710e-01
2.57172655e-01
3.31633849e-01
4.09436885e-01
4.89684751e-01
5.71429200e-01
6.53727831e-01
7.35663704e-01
8.16230394e-01
8.93845563e-01
9.64864185e-01
1.01929254e+00
1.02803661e+00
9.02244480e-01
6.57143555e-01
3.05929576e-01
4.52231776e-01
6.37734382e-01
7.22441072e-01
7.44749308e-01
7.27410594e-01
6.83982269e-01
6.23212466e-01
5.51360289e-01
4.73305321e-01
3.93020434e-01
3.13731749e-01
2.37948290e-01
1.67463502e-01
1.03381140e-01
4.61836365e-02
-4.16065169e-03
-4.80670336e-02
-8.61996955e-02
-1.19348890e-01
-1.48330727e-01
-1.73914069e-01
-1.96773907e-01
-2.17467228e-01
-2.36425885e-01
-2.53960724e-01
-2.70272090e-01
-2.85462785e-01
-2.99550999e-01
-3.12481488e-01
-3.24134505e-01
-3.34332158e-01
-3.42842700e-01
-3.49383062e-01
-3.53620500e-01
-3.55173827e-01
-3.53615236e-01
-3.48473170e-01
-3.39237312e-01
-3.25366145e-01
-3.06298142e-01
-2.81467027e-01
-2.50322019e-01
-2.12353305e-01
-1.67123198e-01
-1.14302593e-01
-5.37121119e-02
1.46337968e-02
9.04822879e-02
1.73300831e-01
2.62243837e-01
3.56132251e-01
4.53450312e-01
5.52359971e-01
6.50725248e-01
7.46121163e-01
8.35767979e-01
9.16263534e-01
9.82850979e-01
1.02768550e+00
1.03605443e+00
9.78863704e-01
8.00954785e-01
6.51407281e-01
3.88046970e-01
4.73661940e-01
6.03344900e-01
6.68270914e-01
6.84608877e-01
6.66426341e-01
6.24255891e-01
5.65856559e-01
4.97123548e-01
4.22704805e-01
3.46333511e-01
2.70975607e-01
1.98885712e-01
1.31638277e-01
7.01729460e-02
1.48694461e-02
-3.43497262e-02
-7.79003554e-02
-1.16415938e-01
-1.50638461e-01
-1.81329154e-01
-2.09202861e-01
-2.34885495e-01
-2.58891175e-01
-2.81614300e-01
-3.03331640e-01
-3.24210107e-01
-3.44316842e-01
-3.63629316e-01
-3.82044037e-01
-3.99383267e-01
-4.15399621e-01
-4.29778848e-01
-4.42141251e-01
-4.52042378e-01
-4.58973657e-01
-4.62363733e-01
-4.61581273e-01
-4.55940110e-01
-4.44707629e-01
-4.27117419e-01
-4.02387237e-01
-3.69743419e-01
-3.28452794e-01
-2.77863025e-01
-2.17451887e-01
-1.46885388e-01
-6.60835709e-02
2.47085457e-02
1.24849183e-01
2.33233302e-01
3.48238934e-01
4.67693839e-01
5.88867095e-01
7.08481978e-01
8.22729830e-01
9.27235019e-01
1.01687371e+00
1.08528251e+00
1.12382897e+00
1.11987666e+00
1.05483848e+00
9.05256881e-01
8.05476191e-01
5.28844798e-01
5.69513165e-01
6.35418769e-01
6.64438410e-01
6.61038850e-01
6.32107323e-01
5.84329366e-01
5.23457379e-01
4.54275984e-01
3.80730678e-01
3.06038447e-01
2.32748532e-01
1.62772815e-01
9.74139657e-02
3.74114922e-02
-1.69866263e-02
-6.59299772e-02
-1.09859420e-01
-1.49400583e-01
-1.85267802e-01
-2.18185557e-01
-2.48830412e-01
-2.77792908e-01
-3.05556524e-01
-3.32489594e-01
-3.58845951e-01
-3.84770518e-01
-4.10306929e-01
-4.35405126e-01
-4.59927722e-01
-4.83654570e-01
-5.06285423e-01
-5.27440936e-01
-5.46662407e-01
-5.63410830e-01
-5.77065860e-01
-5.86925438e-01
-5.92206839e-01
-5.92050119e-01
-5.85525012e-01
-5.71642616e-01
-5.49373356e-01
-5.17672981e-01
-4.75518491e-01
-4.21955902e-01
-3.56161524e-01
-2.77517787e-01
-1.85703448e-01
-8.07960933e-02
3.66177729e-02
1.65333037e-01
3.03427919e-01
4.48191182e-01
5.96087855e-01
7.42771504e-01
8.83138319e-01
1.01139677e+00
1.12109874e+00
1.20505835e+00
1.25511691e+00
1.26191036e+00
1.21539685e+00
1.10821339e+00
1.03914121e+00
6.96042253e-01
7.01322160e-01
7.08048146e-01
6.96567831e-01
6.66504419e-01
6.20371387e-01
5.61734512e-01
4.94284476e-01
4.21441990e-01
3.46207194e-01
2.71100402e-01
1.98133395e-01
1.28797555e-01
6.40727051e-02
4.46197469e-03
-4.99470979e-02
-9.94010540e-02
-1.44388360e-01
-1.85547315e-01
-2.23583092e-01
-2.59199856e-01
-2.93050432e-01
-3.25703040e-01
-3.57622583e-01
-3.89162993e-01
-4.20566973e-01
-4.51969898e-01
-4.83405338e-01
-5.14810418e-01
-5.46029966e-01
-5.76818918e-01
-6.06842884e-01
-6.35677042e-01
-6.62803696e-01
-6.87608955e-01
-7.09379081e-01
-7.27297139e-01
-7.40440767e-01
-7.47782007e-01
-7.48190492e-01
-7.40441544e-01
-7.23231229e-01
-6.95200777e-01
-6.54973304e-01
-6.01205990e-01
-5.32660982e-01
-4.48297759e-01
-3.47388509e-01
-2.29655745e-01
-9.54277537e-02
5.41974701e-02
2.17195194e-01
3.90485094e-01
5.69856003e-01
7.49969110e-01
9.24456687e-01
1.08611692e+00
1.22718448e+00
1.33964581e+00
1.41560273e+00
1.44782702e+00
1.43095210e+00
1.36412464e+00
1.31624204e+00
8.74592027e-01
8.50809183e-01
8.05052140e-01
7.53304293e-01
6.93748459e-01
6.26663530e-01
5.53509651e-01
4.76273380e-01
3.97064610e-01
3.17880335e-01
2.40463645e-01
1.66217792e-01
9.61590963e-02
3.09040318e-02
-2.93116128e-02
-8.45859568e-02
-1.35284318e-01
-1.81962346e-01
-2.25288730e-01
-2.65975459e-01
-3.04720710e-01
-3.42166480e-01
-3.78870525e-01
-4.15290458e-01
-4.51777030e-01
-4.88573472e-01
-5.25818139e-01
-5.63548279e-01
-6.01703397e-01
-6.40127305e-01
-6.78568378e-01
-7.16677894e-01
-7.54006570e-01
-7.89999524e-01
-8.23990011e-01
-8.55192353e-01
-8.82694628e-01
-9.05451806e-01
-9.22280356e-01
-9.31855616e-01
-9.32713788e-01
-9.23260968e-01
-9.01792382e-01
-8.66525728e-01
-8.15653306e-01
-7.47418050e-01
-6.60218613e-01
-5.52747636e-01
-4.24165023e-01
-2.74303642e-01
-1.03898145e-01
8.51814861e-02
2.89720819e-01
5.05015573e-01
7.24835606e-01
9.41541884e-01
1.14638634e+00
1.32999992e+00
1.48304893e+00
1.59703733e+00
1.66528152e+00
1.68418856e+00
1.65501033e+00
1.62396457e+00
1.05779479e+00
1.00924132e+00
9.16863302e-01
8.26653786e-01
7.36851009e-01
6.46805861e-01
5.56710652e-01
4.67286480e-01
3.79518249e-01
2.94452319e-01
2.13048040e-01
1.36073538e-01
6.40405377e-02
-2.82444100e-03
-6.45757780e-02
-1.21517020e-01
-1.74149837e-01
-2.23112958e-01
-2.69119922e-01
-3.12902639e-01
-3.55165180e-01
-3.96549583e-01
-4.37613328e-01
-4.78816668e-01
-5.20517295e-01
-5.62969724e-01
-6.06327069e-01
-6.50643376e-01
-6.95875238e-01
-7.41881884e-01
-7.88423338e-01
-8.35156511e-01
-8.81629237e-01
-9.27272421e-01
-9.71390476e-01
-1.01315037e+00
-1.05156964e+00
-1.08550407e+00
-1.11363571e+00
-1.13446285e+00
-1.14629356e+00
-1.14724573e+00
-1.13525715e+00
-1.10811057e+00
-1.06347978e+00
-9.99003977e-01
-9.12398499e-01
-8.01609590e-01
-6.65019307e-01
-5.01701980e-01
-3.11725734e-01
-9.64802956e-02
1.41003883e-01
3.95798464e-01
6.60951225e-01
9.27567447e-01
1.18516506e+00
1.42233870e+00
1.62771847e+00
1.79115862e+00
1.90506310e+00
1.96575514e+00
1.97476841e+00
1.95963752e+00
1.24287609e+00
1.17247856e+00
1.03794477e+00
9.11262667e-01
7.91331240e-01
6.77297301e-01
5.68666416e-01
4.65273317e-01
3.67189230e-01
2.74609797e-01
1.87747031e-01
1.06738694e-01
3.15832032e-02
-3.78961241e-02
-1.02057842e-01
-1.61424419e-01
-2.16646531e-01
-2.68457759e-01
-3.17627360e-01
-3.64917145e-01
-4.11046227e-01
-4.56665193e-01
-5.02339380e-01
-5.48539787e-01
-5.95639511e-01
-6.43913563e-01
-6.93540126e-01
-7.44601762e-01
-7.97085518e-01
-8.50881238e-01
-9.05777766e-01
-9.61456850e-01
-1.01748473e+00
-1.07330145e+00
-1.12820796e+00
-1.18135113e+00
-1.23170691e+00
-1.27806204e+00
-1.31899498e+00
-1.35285720e+00
-1.37775665e+00
-1.39154609e+00
-1.39182022e+00
-1.37592706e+00
-1.34100087e+00
-1.28402593e+00
-1.20194227e+00
-1.09180582e+00
-9.51014728e-01
-7.77610203e-01
-5.70652109e-01
-3.30654756e-01
-6.00465851e-02
2.36410682e-01
5.51337456e-01
8.74701940e-01
1.19415245e+00
1.49579875e+00
1.76545108e+00
1.99022298e+00
2.16030344e+00
2.27063572e+00
2.32220627e+00
2.32458406e+00
1.42896645e+00
1.33869618e+00
1.16515394e+00
1.00362905e+00
8.53910225e-01
7.15322518e-01
5.87054276e-01
4.68336472e-01
3.58511946e-01
2.57032514e-01
1.63416781e-01
7.71946069e-02
-2.14323468e-03
-7.51790396e-02
-1.42581448e-01
-2.05099065e-01
-2.63539132e-01
-3.18737525e-01
-3.71526345e-01
-4.22703993e-01
-4.73010897e-01
-5.23112129e-01
-5.73586693e-01
-6.24922283e-01
-6.77513810e-01
-7.31663972e-01
-7.87584316e-01
-8.45395617e-01
-9.05126719e-01
-9.66711322e-01
-1.02998242e+00
-1.09466421e+00
-1.16036147e+00
-1.22654623e+00
-1.29254177e+00
-1.35750390e+00
-1.42039947e+00
-1.47998235e+00
-1.53476715e+00
-1.58300158e+00
-1.62263883e+00
-1.65131236e+00
-1.66631675e+00
-1.66460036e+00
-1.64277740e+00
-1.59717063e+00
-1.52389859e+00
-1.41902490e+00
-1.27878857e+00
-1.09993368e+00
-8.80149833e-01
-6.18619984e-01
-3.16645429e-01
2.17208756e-02
3.89148834e-01
7.74774691e-01
1.16439718e+00
1.54128566e+00
1.88766785e+00
2.18680779e+00
2.42539966e+00
2.59585488e+00
2.69800824e+00
2.72150734e+00
1.61619989e+00
1.50732472e+00
1.29678766e+00
1.10149435e+00
9.22210850e-01
7.58639056e-01
6.09872098e-01
4.74728619e-01
3.51963917e-01
2.40377995e-01
1.38850368e-01
4.63320204e-02
-3.81801474e-02
-1.15668781e-01
-1.87111799e-01
-2.53485420e-01
-3.15756054e-01
-3.74865045e-01
-4.31710710e-01
-4.87131456e-01
-5.41892379e-01
-5.96676350e-01
-6.52079429e-01
-7.08609645e-01
-7.66687859e-01
-8.26649355e-01
-8.88744990e-01
-9.53141018e-01
-1.01991695e+00
-1.08906105e+00
-1.16046334e+00
-1.23390581e+00
-1.30904988e+00
-1.38542092e+00
-1.46238965e+00
-1.53915024e+00
-1.61469496e+00
-1.68778503e+00
-1.75691796e+00
-1.82029140e+00
-1.87576452e+00
-1.92081847e+00
-1.95251894e+00
-1.96748576e+00
-1.96187733e+00
-1.93140120e+00
-1.87136754e+00
-1.77680705e+00
-1.64268068e+00
-1.46421164e+00
-1.23736739e+00
-9.59507440e-01
-6.30183843e-01
-2.52033397e-01
1.68367892e-01
6.19894832e-01
1.08677606e+00
1.54928457e+00
1.98539823e+00
2.37340217e+00
2.69511207e+00
2.93912422e+00
3.10337603e+00
3.15339388e+00
1.80532010e+00
1.67855039e+00
1.43203936e+00
1.20342161e+00
9.94489782e-01
8.05427483e-01
6.35357732e-01
4.82803579e-01
3.46026226e-01
2.23240925e-01
1.12732466e-01
1.29006815e-02
-7.77346517e-02
-1.60546521e-01
-2.36816157e-01
-3.07743866e-01
-3.74453286e-01
-4.37990323e-01
-4.99319329e-01
-5.59318994e-01
-6.18779669e-01
-6.78402841e-01
-7.38802678e-01
-8.00508931e-01
-8.63970281e-01
-9.29557161e-01
-9.97563235e-01
-1.06820491e+00
-1.14161851e+00
-1.21785479e+00
-1.29687077e+00
-1.37851869e+00
-1.46253203e+00
-1.54850842e+00
-1.63588916e+00
-1.72393506e+00
-1.81169812e+00
-1.89798873e+00
-1.98133778e+00
-2.05995345e+00
-2.13167273e+00
-2.19390823e+00
-2.24359196e+00
-2.27711970e+00
-2.29030238e+00
-2.27833518e+00
-2.23580164e+00
-2.15673762e+00
-2.03478987e+00
-1.86351291e+00
-1.63685254e+00
-1.34985945e+00
-9.99651017e-01
-5.86586378e-01
-1.15530860e-01
4.03032392e-01
9.52406790e-01
1.51003469e+00
2.04917038e+00
2.54199754e+00
2.96388845e+00
3.29803210e+00
3.53937542e+00
3.62303671e+00
1.99752387e+00
1.85308497e+00
1.57069165e+00
1.30851135e+00
1.06941846e+00
8.54137104e-01
6.61880973e-01
4.90934415e-01
3.39112856e-01
2.04084851e-01
8.35691248e-02
-2.45643555e-02
-1.22256905e-01
-2.11259477e-01
-2.93146858e-01
-3.69335744e-01
-4.41100990e-01
-5.09588486e-01
-5.75825205e-01
-6.40727608e-01
-7.05109454e-01
-7.69689492e-01
-8.35099028e-01
-9.01888943e-01
-9.70535591e-01
-1.04144499e+00
-1.11495479e+00
-1.19133377e+00
-1.27077848e+00
-1.35340719e+00
-1.43925085e+00
-1.52824123e+00
-1.62019602e+00
-1.71480076e+00
-1.81158733e+00
-1.90990853e+00
-2.00890820e+00
-2.10748612e+00
-2.20425690e+00
-2.29750180e+00
-2.38511267e+00
-2.46452721e+00
-2.53265563e+00
-2.58580002e+00
-2.61957045e+00
-2.62880618e+00
-2.60751749e+00
-2.54887374e+00
-2.44527740e+00
-2.28857956e+00
-2.07050817e+00
-1.78338692e+00
-1.42120984e+00
-9.81086629e-01
-4.64970990e-01
1.18578129e-01
7.53053677e-01
1.41370068e+00
2.06891441e+00
2.68374737e+00
3.22536446e+00
3.66952548e+00
4.00658582e+00
4.13280897e+00
2.19442718e+00
2.03207442e+00
1.71294152e+00
1.41620461e+00
1.14590124e+00
9.03331811e-01
6.87814490e-01
4.97401049e-01
3.29466535e-01
1.81140122e-01
4.95842014e-02
-6.78493977e-02
-1.73550216e-01
-2.69634084e-01
-3.57956914e-01
-4.40140643e-01
-5.17601862e-01
-5.91578715e-01
-6.63154684e-01
-7.33279248e-01
-8.02785859e-01
-8.72407561e-01
-9.42790360e-01
-1.01450423e+00
-1.08805152e+00
-1.16387258e+00
-1.24234838e+00
-1.32380006e+00
-1.40848546e+00
-1.49659263e+00
-1.58823040e+00
-1.68341606e+00
-1.78206008e+00
-1.88394772e+00
-1.98871736e+00
-2.09583485e+00
-2.20456337e+00
-2.31392793e+00
-2.42267303e+00
-2.52921225e+00
-2.63156767e+00
-2.72729722e+00
-2.81340784e+00
-2.88625312e+00
-2.94141582e+00
-2.97357952e+00
-2.97640052e+00
-2.94240262e+00
-2.86293481e+00
-2.72825558e+00
-2.52783519e+00
-2.25099270e+00
-1.88799263e+00
-1.43169460e+00
-8.79746567e-01
-2.37113395e-01
4.81562100e-01
1.25059561e+00
2.03392823e+00
2.78870756e+00
3.47197989e+00
4.04954147e+00
4.50488320e+00
4.68454352e+00
2.39810445e+00
2.21708728e+00
1.85929818e+00
1.52613240e+00
1.22290886e+00
9.51525328e-01
7.11376672e-01
5.00239657e-01
3.15011152e-01
1.52255875e-01
8.56868533e-03
-1.19216393e-01
-2.33928811e-01
-3.38036518e-01
-4.33662206e-01
-5.22619150e-01
-6.06453391e-01
-6.86485166e-01
-7.63846436e-01
-8.39513517e-01
-9.14334809e-01
-9.89053915e-01
-1.06432845e+00
-1.14074479e+00
-1.21882884e+00
-1.29905305e+00
-1.38183974e+00
-1.46756091e+00
-1.55653478e+00
-1.64901920e+00
-1.74520209e+00
-1.84518910e+00
-1.94898843e+00
-2.05649280e+00
-2.16745823e+00
-2.28147925e+00
-2.39795985e+00
-2.51607906e+00
-2.63474975e+00
-2.75256877e+00
-2.86775557e+00
-2.97807618e+00
-3.08074835e+00
-3.17232358e+00
-3.24854209e+00
-3.30415923e+00
-3.33274735e+00
-3.32648834e+00
-3.27599107e+00
-3.17019768e+00
-2.99648340e+00
-2.74110224e+00
-2.39017113e+00
-1.93138987e+00
-1.35661759e+00
-6.65214127e-01
1.32330529e-01
1.01147840e+00
1.93292214e+00
2.84564519e+00
3.69465884e+00
4.43270679e+00
5.03328312e+00
5.27946171e+00
2.61118449e+00
2.41015528e+00
2.01051617e+00
1.63797696e+00
1.29929983e+00
9.96984235e-01
7.30427387e-01
4.97034993e-01
2.93140811e-01
1.14684950e-01
-4.23390644e-02
-1.81627022e-01
-3.06445128e-01
-4.19601495e-01
-5.23469903e-01
-6.20039006e-01
-7.10970086e-01
-7.97653903e-01
-8.81262074e-01
-9.62791333e-01
-1.04310045e+00
-1.12294025e+00
-1.20297736e+00
-1.28381226e+00
-1.36599222e+00
-1.45001953e+00
-1.53635552e+00
-1.62542075e+00
-1.71759170e+00
-1.81319431e+00
-1.91249461e+00
-2.01568670e+00
-2.12287811e+00
-2.23407256e+00
-2.34914997e+00
-2.46784324e+00
-2.58971136e+00
-2.71410760e+00
-2.84014139e+00
-2.96663171e+00
-3.09204870e+00
-3.21443929e+00
-3.33133097e+00
-3.43960660e+00
-3.53534179e+00
-3.61359656e+00
-3.66815619e+00
-3.69122431e+00
-3.67308973e+00
-3.60182042e+00
-3.46308986e+00
-3.24031132e+00
-2.91533687e+00
-2.47003936e+00
-1.88908011e+00
-1.16398326e+00
-2.98195919e-01
6.87924472e-01
1.75413834e+00
2.84189178e+00
3.88250553e+00
4.81204843e+00
5.58980763e+00
5.91813272e+00
2.83699893e+00
2.61385378e+00
2.16753449e+00
1.75130947e+00
1.37359407e+00
1.03746456e+00
7.42183352e-01
4.84622312e-01
2.60411663e-01
6.47673826e-02
-1.06976397e-01
-2.59069998e-01
-3.95218380e-01
-5.18558851e-01
-6.31699806e-01
-7.36788254e-01
-8.35585917e-01
-9.29542662e-01
-1.01986183e+00
-1.10755562e+00
-1.19349041e+00
-1.27842294e+00
-1.36302820e+00
-1.44792033e+00
-1.53366722e+00
-1.62079987e+00
-1.70981697e+00
-1.80118548e+00
-1.89533764e+00
-1.99266484e+00
-2.09350868e+00
-2.19814958e+00
-2.30679302e+00
-2.41955352e+00
-2.53643628e+00
-2.65731630e+00
-2.78191426e+00
-2.90976852e+00
-3.04020165e+00
-3.17227928e+00
-3.30475812e+00
-3.43601800e+00
-3.56397129e+00
-3.68594002e+00
-3.79848842e+00
-3.89719577e+00
-3.97635395e+00
-4.02857764e+00
-4.04432846e+00
-4.01138425e+00
-3.91434054e+00
-3.73432125e+00
-3.44919943e+00
-3.03476548e+00
-2.46736558e+00
-1.72844971e+00
-8.11044090e-01
2.72753106e-01
1.48553004e+00
2.76320754e+00
4.02246136e+00
5.17866055e+00
6.17135089e+00
6.60045634e+00
3.07979023e+00
2.83141426e+00
2.33138958e+00
1.86535831e+00
1.44364730e+00
1.06982830e+00
7.42798638e-01
4.58643969e-01
2.12081580e-01
-2.54164015e-03
-1.90635012e-01
-3.57040763e-01
-5.05909523e-01
-6.40698135e-01
-7.64233468e-01
-8.78804580e-01
-9.86260499e-01
-1.08810143e+00
-1.18555795e+00
-1.27965669e+00
-1.37127307e+00
-1.46117249e+00
-1.55004158e+00
-1.63851113e+00
-1.72717197e+00
-1.81658511e+00
-1.90728674e+00
-1.99978930e+00
-2.09457882e+00
-2.19210933e+00
-2.29279462e+00
-2.39699768e+00
-2.50501815e+00
-2.61707784e+00
-2.73330435e+00
-2.85371278e+00
-2.97818511e+00
-3.10644649e+00
-3.23803752e+00
-3.37228020e+00
-3.50823481e+00
-3.64464248e+00
-3.77984643e+00
-3.91168094e+00
-4.03731272e+00
-4.15301419e+00
-4.25384272e+00
-4.33319731e+00
-4.38222870e+00
-4.38910046e+00
-4.33814904e+00
-4.20908963e+00
-3.97657452e+00
-3.61062918e+00
-3.07871591e+00
-2.35027178e+00
-1.40428658e+00
-2.39511878e-01
1.11498107e+00
2.59361605e+00
4.09885314e+00
5.52125546e+00
6.77351159e+00
7.32566588e+00
3.34498766e+00
3.06685999e+00
2.50305369e+00
1.97863716e+00
1.50614396e+00
1.08945274e+00
7.26721405e-01
4.12871691e-01
1.41410377e-01
-9.43829513e-02
-3.00772993e-01
-4.83243891e-01
-6.46404064e-01
-7.94023024e-01
-9.29132958e-01
-1.05415293e+00
-1.17101176e+00
-1.28125794e+00
-1.38615209e+00
-1.48674171e+00
-1.58391996e+00
-1.67847047e+00
-1.77110094e+00
-1.86246725e+00
-1.95319015e+00
-2.04386571e+00
-2.13507085e+00
-2.22736466e+00
-2.32128638e+00
-2.41735046e+00
-2.51603922e+00
-2.61779349e+00
-2.72300145e+00
-2.83198588e+00
-2.94499015e+00
-3.06216261e+00
-3.18353970e+00
-3.30902692e+00
-3.43837717e+00
-3.57116480e+00
-3.70675270e+00
-3.84424825e+00
-3.98244108e+00
-4.11971169e+00
-4.25389467e+00
-4.38207191e+00
-4.50026230e+00
-4.60296383e+00
-4.68249758e+00
-4.72810893e+00
-4.72481619e+00
-4.65208617e+00
-4.48259374e+00
-4.18161169e+00
-3.70796279e+00
-3.01782497e+00
-2.07271424e+00
-8.52168426e-01
6.30553655e-01
2.31516580e+00
4.09273656e+00
5.82548747e+00
7.39033805e+00
8.09233663e+00
3.63956241e+00
3.32514263e+00
2.68311342e+00
2.08831138e+00
1.55577039e+00
1.08928746e+00
6.85680031e-01
3.38150554e-01
3.85835306e-02
-2.21069893e-01
-4.48072263e-01
-6.48613672e-01
-8.27780421e-01
-9.89655249e-01
-1.13747163e+00
-1.27377765e+00
-1.40058694e+00
-1.51950729e+00
-1.63184513e+00
-1.73868761e+00
-1.84096549e+00
-1.93950029e+00
-2.03503886e+00
-2.12827808e+00
-2.21988165e+00
-2.31049085e+00
-2.40073030e+00
-2.49120984e+00
-2.58252319e+00
-2.67524399e+00
-2.76991964e+00
-2.86706335e+00
-2.96714469e+00
-3.07057890e+00
-3.17771519e+00
-3.28882419e+00
-3.40408462e+00
-3.52356903e+00
-3.64722818e+00
-3.77487316e+00
-3.90615334e+00
-4.04052670e+00
-4.17721686e+00
-4.31514682e+00
-4.45283366e+00
-4.58821898e+00
-4.71839698e+00
-4.83918497e+00
-4.94446210e+00
-5.02518827e+00
-5.06802205e+00
-5.05351653e+00
-4.95403374e+00
-4.73184516e+00
-4.33841713e+00
-3.71655904e+00
-2.80764694e+00
-1.56585887e+00
2.07716563e-02
1.90758154e+00
3.98090434e+00
6.07286887e+00
8.01388113e+00
8.89836056e+00
3.97245759e+00
3.61222460e+00
2.87112522e+00
2.18908442e+00
1.58382620e+00
1.05831015e+00
6.07054319e-01
2.20733130e-01
-1.10951371e-01
-3.97713586e-01
-6.47993108e-01
-8.68770744e-01
-1.06564810e+00
-1.24304078e+00
-1.40440122e+00
-1.55242895e+00
-1.68925098e+00
-1.81656800e+00
-1.93576867e+00
-2.04801678e+00
-2.15431634e+00
-2.25555954e+00
-2.35256146e+00
-2.44608459e+00
-2.53685569e+00
-2.62557667e+00
-2.71293089e+00
-2.79958577e+00
-2.88619255e+00
-2.97338360e+00
-3.06176786e+00
-3.15192470e+00
-3.24439644e+00
-3.33968000e+00
-3.43821774e+00
-3.54038797e+00
-3.64649519e+00
-3.75676031e+00
-3.87131079e+00
-3.99017035e+00
-4.11324716e+00
-4.24031846e+00
-4.37100723e+00
-4.50474324e+00
-4.64069498e+00
-4.77764909e+00
-4.91379963e+00
-5.04638682e+00
-5.17109532e+00
-5.28108688e+00
-5.36551394e+00
-5.40737010e+00
-5.38064032e+00
-5.24701587e+00
-4.95305494e+00
-4.42965890e+00
-3.59692105e+00
-2.37808420e+00
-7.25018257e-01
1.34779464e+00
3.73438564e+00
6.23897819e+00
8.63334922e+00
9.74077967e+00
4.35504837e+00
3.93496754e+00
3.06432327e+00
2.27119473e+00
1.57583798e+00
9.78950014e-01
4.71224575e-01
3.96377405e-02
-3.29046983e-01
-6.46645193e-01
-9.23007537e-01
-1.16603186e+00
-1.38191371e+00
-1.57546498e+00
-1.75041951e+00
-1.90969401e+00
-2.05559718e+00
-2.18999107e+00
-2.31441246e+00
-2.43016293e+00
-2.53837470e+00
-2.64005855e+00
-2.73613821e+00
-2.82747496e+00
-2.91488469e+00
-2.99914949e+00
-3.08102501e+00
-3.16124436e+00
-3.24051958e+00
-3.31954082e+00
-3.39897387e+00
-3.47945626e+00
-3.56159224e+00
-3.64594704e+00
-3.73304050e+00
-3.82334071e+00
-3.91725780e+00
-4.01513834e+00
-4.11726064e+00
-4.22383126e+00
-4.33498232e+00
-4.45076890e+00
-4.57116396e+00
-4.69604582e+00
-4.82516812e+00
-4.95809349e+00
-5.09405774e+00
-5.23170684e+00
-5.36861197e+00
-5.50041491e+00
-5.61939146e+00
-5.71216575e+00
-5.75632083e+00
-5.71585035e+00
-5.53597696e+00
-5.13905067e+00
-4.42510657e+00
-3.28269874e+00
-1.61611351e+00
6.09401496e-01
3.31622126e+00
6.29045924e+00
9.23345226e+00
1.06152178e+01
4.80145220e+00
4.30048131e+00
3.25501024e+00
2.31673459e+00
1.50737499e+00
8.22724139e-01
2.47229176e-01
-2.37524565e-01
-6.48740987e-01
-1.00092250e+00
-1.30566941e+00
-1.57201656e+00
-1.80692396e+00
-2.01575167e+00
-2.20265870e+00
-2.37091546e+00
-2.52313952e+00
-2.66146963e+00
-2.78769270e+00
-2.90333592e+00
-3.00973358e+00
-3.10807560e+00
-3.19944278e+00
-3.28483253e+00
-3.36517758e+00
-3.44135941e+00
-3.51421776e+00
-3.58455700e+00
-3.65315008e+00
-3.72074041e+00
-3.78804219e+00
-3.85573935e+00
-3.92448346e+00
-3.99489094e+00
-4.06753984e+00
-4.14296669e+00
-4.22166381e+00
-4.30407757e+00
-4.39060841e+00
-4.48161305e+00
-4.57740942e+00
-4.67828474e+00
-4.78450583e+00
-4.89632962e+00
-5.01400773e+00
-5.13777264e+00
-5.26777989e+00
-5.40395840e+00
-5.54568153e+00
-5.69110865e+00
-5.83595319e+00
-5.97131393e+00
-6.08010032e+00
-6.13160077e+00
-6.07412827e+00
-5.82682492e+00
-5.27405620e+00
-4.26939725e+00
-2.65959592e+00
-3.37781931e-01
2.67828384e+00
6.17997196e+00
9.79108677e+00
1.15142729e+01
5.32813682e+00
4.71406619e+00
3.42520281e+00
2.29272611e+00
1.33657501e+00
5.42778036e-01
-1.14326073e-01
-6.61021090e-01
-1.11993544e+00
-1.50912169e+00
-1.84249311e+00
-2.13064326e+00
-2.38164794e+00
-2.60172259e+00
-2.79572143e+00
-2.96750278e+00
-3.12019195e+00
-3.25636956e+00
-3.37820663e+00
-3.48756235e+00
-3.58605536e+00
-3.67511656e+00
-3.75602848e+00
-3.82995523e+00
-3.89796527e+00
-3.96104892e+00
-4.02013185e+00
-4.07608536e+00
-4.12973399e+00
-4.18186119e+00
-4.23321315e+00
-4.28450120e+00
-4.33640320e+00
-4.38956412e+00
-4.44459615e+00
-4.50207894e+00
-4.56256037e+00
-4.62655853e+00
-4.69456578e+00
-4.76705577e+00
-4.84449445e+00
-4.92735630e+00
-5.01614663e+00
-5.11143002e+00
-5.21386315e+00
-5.32422570e+00
-5.44343380e+00
-5.57250205e+00
-5.71238518e+00
-5.86356707e+00
-6.02515743e+00
-6.19308924e+00
-6.35678813e+00
-6.49347554e+00
-6.55929528e+00
-6.47721642e+00
-6.12400007e+00
-5.32330031e+00
-3.85894672e+00
-1.52768982e+00
1.75699162e+00
5.83771394e+00
1.02685796e+01
1.24233176e+01
5.95120959e+00
5.17351609e+00
3.53537020e+00
2.13777612e+00
9.90596420e-01
6.11412612e-02
-6.92611869e-01
-1.30859127e+00
-1.81709251e+00
-2.24115459e+00
-2.59803229e+00
-2.90068031e+00
-3.15894036e+00
-3.38041155e+00
-3.57106653e+00
-3.73568326e+00
-3.87814855e+00
-4.00167366e+00
-4.10894980e+00
-4.20226212e+00
-4.28357475e+00
-4.35459533e+00
-4.41682469e+00
-4.47159575e+00
-4.52010423e+00
-4.56343315e+00
-4.60257251e+00
-4.63843512e+00
-4.67186930e+00
-4.70366912e+00
-4.73458242e+00
-4.76531735e+00
-4.79654740e+00
-4.82891559e+00
-4.86303816e+00
-4.89950816e+00
-4.93889959e+00
-4.98177283e+00
-5.02868224e+00
-5.08018708e+00
-5.13686712e+00
-5.19934477e+00
-5.26831557e+00
-5.34458921e+00
-5.42914244e+00
-5.52318355e+00
-5.62822243e+00
-5.74612826e+00
-5.87913046e+00
-6.02966515e+00
-6.19986679e+00
-6.39032104e+00
-6.59739319e+00
-6.80802348e+00
-6.99045617e+00
-7.07939381e+00
-6.95561318e+00
-6.42498842e+00
-5.21198757e+00
-2.99678882e+00
4.68097934e-01
5.15733713e+00
1.05996749e+01
1.33099135e+01
6.67677002e+00
5.65382532e+00
3.50001121e+00
1.73576217e+00
3.40944739e-01
-7.52593341e-01
-1.61375492e+00
-2.29830269e+00
-2.84801429e+00
-3.29348202e+00
-3.65715090e+00
-3.95570552e+00
-4.20176363e+00
-4.40503825e+00
-4.57313219e+00
-4.71208712e+00
-4.82676947e+00
-4.92114685e+00
-4.99848999e+00
-5.06152284e+00
-5.11253615e+00
-5.15347463e+00
-5.18600480e+00
-5.21156847e+00
-5.23142532e+00
-5.24668710e+00
-5.25834536e+00
-5.26729402e+00
-5.27434779e+00
-5.28025742e+00
-5.28572219e+00
-5.29140037e+00
-5.29791799e+00
-5.30587649e+00
-5.31585968e+00
-5.32844047e+00
-5.34418815e+00
-5.36367674e+00
-5.38749567e+00
-5.41626364e+00
-5.45064760e+00
-5.49138855e+00
-5.53933706e+00
-5.59550155e+00
-5.66111324e+00
-5.73771171e+00
-5.82725320e+00
-5.93223838e+00
-6.05584059e+00
-6.20197918e+00
-6.37520238e+00
-6.58007903e+00
-6.81948276e+00
-7.09059985e+00
-7.37666081e+00
-7.63148463e+00
-7.75385070e+00
-7.55187747e+00
-6.70834381e+00
-4.78055118e+00
-1.29835830e+00
3.97317307e+00
1.06600360e+01
1.40977206e+01
7.47110329e+00
6.06571804e+00
3.13291720e+00
8.63241553e-01
-8.40598830e-01
-2.11465068e+00
-3.07353434e+00
-3.80178619e+00
-4.35939688e+00
-4.78885628e+00
-5.12063973e+00
-5.37698380e+00
-5.57439941e+00
-5.72534603e+00
-5.83936323e+00
-5.92385004e+00
-5.98461211e+00
-6.02625299e+00
-6.05245849e+00
-6.06620663e+00
-6.06992478e+00
-6.06560881e+00
-6.05491462e+00
-6.03922920e+00
-6.01972643e+00
-5.99741134e+00
-5.97315554e+00
-5.94772588e+00
-5.92180779e+00
-5.89602453e+00
-5.87095314e+00
-5.84713798e+00
-5.82510229e+00
-5.80535847e+00
-5.78841756e+00
-5.77479842e+00
-5.76503734e+00
-5.75969882e+00
-5.75938831e+00
-5.76476830e+00
-5.77657920e+00
-5.79566719e+00
-5.82302177e+00
-5.85982699e+00
-5.90753132e+00
-5.96794278e+00
-6.04335724e+00
-6.13672748e+00
-6.25187569e+00
-6.39373456e+00
-6.56855369e+00
-6.78389153e+00
-7.04795154e+00
-7.36727856e+00
-7.74080154e+00
-8.14650920e+00
-8.51493042e+00
-8.68292507e+00
-8.32775717e+00
-6.90634777e+00
-3.67987697e+00
2.02544780e+00
1.02047507e+01
1.46039710e+01
8.17261141e+00
6.13973217e+00
2.02120893e+00
-9.14176129e-01
-2.95471858e+00
-4.37038984e+00
-5.35673954e+00
-6.04606672e+00
-6.52696682e+00
-6.85938697e+00
-7.08457168e+00
-7.23139980e+00
-7.32042979e+00
-7.36652035e+00
-7.38055886e+00
-7.37062185e+00
-7.34276741e+00
-7.30158502e+00
-7.25058277e+00
-7.19246409e+00
-7.12932835e+00
-7.06281820e+00
-6.99422934e+00
-6.92459323e+00
-6.85474038e+00
-6.78534927e+00
-6.71698473e+00
-6.65012842e+00
-6.58520340e+00
-6.52259417e+00
-6.46266344e+00
-6.40576628e+00
-6.35226252e+00
-6.30252793e+00
-6.25696466e+00
-6.21601162e+00
-6.18015525e+00
-6.14994148e+00
-6.12598966e+00
-6.10900958e+00
-6.09982306e+00
-6.09939205e+00
-6.10885602e+00
-6.12958257e+00
-6.16323671e+00
-6.21187660e+00
-6.27808654e+00
-6.36516170e+00
-6.47736202e+00
-6.62025127e+00
-6.80112162e+00
-7.02944667e+00
-7.31714699e+00
-7.67805310e+00
-8.12503017e+00
-8.66128000e+00
-9.25868754e+00
-9.81069024e+00
-1.00435998e+01
-9.38292631e+00
-6.83362365e+00
-1.08683555e+00
8.73711356e+00
1.43971955e+01
8.23479495e+00
5.08968718e+00
-7.63987472e-01
-4.42819706e+00
-6.66689142e+00
-8.01850451e+00
-8.81860685e+00
-9.27166126e+00
-9.50330206e+00
-9.59207641e+00
-9.58802068e+00
-9.52358033e+00
-9.42013520e+00
-9.29197316e+00
-9.14875579e+00
-8.99707633e+00
-8.84146153e+00
-8.68502704e+00
-8.52991340e+00
-8.37758096e+00
-8.22901256e+00
-8.08485512e+00
-7.94552006e+00
-7.81125574e+00
-7.68220049e+00
-7.55842220e+00
-7.43994839e+00
-7.32678956e+00
-7.21895768e+00
-7.11648138e+00
-7.01941870e+00
-6.92786811e+00
-6.84197866e+00
-6.76195935e+00
-6.68808855e+00
-6.62072354e+00
-6.56031093e+00
-6.50739830e+00
-6.46264792e+00
-6.42685336e+00
-6.40096028e+00
-6.38609326e+00
-6.38359110e+00
-6.39505422e+00
-6.42240968e+00
-6.46800158e+00
-6.53471865e+00
-6.62617655e+00
-6.74697990e+00
-6.90309904e+00
-7.10240457e+00
-7.35539915e+00
-7.67613576e+00
-8.08312578e+00
-8.59948374e+00
-9.25006374e+00
-1.00496569e+01
-1.09681138e+01
-1.18430873e+01
-1.21939612e+01
-1.09094188e+01
-5.95348616e+00
5.24189318e+00
1.25044011e+01
5.98310154e+00
6.10069472e-01
-7.27186647e+00
-1.11394391e+01
-1.29112336e+01
-1.36028870e+01
-1.37353540e+01
-1.35791839e+01
-1.32776954e+01
-1.29081031e+01
-1.25124479e+01
-1.21136529e+01
-1.17240602e+01
-1.13500700e+01
-1.09947107e+01
-1.06590889e+01
-1.03432207e+01
-1.00465153e+01
-9.76806030e+00
-9.50679096e+00
-9.26159230e+00
-9.03136017e+00
-8.81503819e+00
-8.61164000e+00
-8.42026274e+00
-8.24009525e+00
-8.07042340e+00
-7.91063376e+00
-7.76021662e+00
-7.61876895e+00
-7.48599748e+00
-7.36172230e+00
-7.24588109e+00
-7.13853410e+00
-7.03986997e+00
-6.95021273e+00
-6.87002991e+00
-6.79994243e+00
-6.74073646e+00
-6.69337818e+00
-6.65903240e+00
-6.63908653e+00
-6.63518235e+00
-6.64925878e+00
-6.68361093e+00
-6.74097289e+00
-6.82463628e+00
-6.93862246e+00
-7.08793653e+00
-7.27894615e+00
-7.51995095e+00
-7.82203842e+00
-8.20035549e+00
-8.67593057e+00
-9.27805616e+00
-1.00466464e+01
-1.10318856e+01
-1.22818914e+01
-1.37902666e+01
-1.53287241e+01
-1.60054271e+01
-1.33599215e+01
-2.32663864e+00
6.92433059e+00
-3.36690574e+00
-1.39808451e+01
-2.14414337e+01
-2.29264397e+01
-2.23717827e+01
-2.11733470e+01
-1.98435985e+01
-1.85672473e+01
-1.74030575e+01
-1.63613969e+01
-1.54349944e+01
-1.46112153e+01
-1.38768341e+01
-1.32197364e+01
-1.26293820e+01
-1.20967909e+01
-1.16143691e+01
-1.11757003e+01
-1.07753524e+01
-1.04087108e+01
-1.00718424e+01
-9.76138531e+00
-9.47446139e+00
-9.20860620e+00
-8.96171414e+00
-8.73199512e+00
-8.51794074e+00
-8.31829831e+00
-8.13205102e+00
-7.95840344e+00
-7.79677115e+00
-7.64677409e+00
-7.50823273e+00
-7.38116691e+00
-7.26579675e+00
-7.16254566e+00
-7.07204507e+00
-6.99514119e+00
-6.93290392e+00
-6.88663843e+00
-6.85790047e+00
-6.84851664e+00
-6.86061212e+00
-6.89664905e+00
-6.95948101e+00
-7.05243114e+00
-7.17940639e+00
-7.34506625e+00
-7.55507565e+00
-7.81648883e+00
-8.13833999e+00
-8.53256428e+00
-9.01545188e+00
-9.60996524e+00
-1.03494429e+01
-1.12834453e+01
-1.24865118e+01
-1.40690367e+01
-1.61804415e+01
-1.89550353e+01
-2.22016483e+01
-2.41862708e+01
-1.79991026e+01
-5.76325003e+00
-9.66876509e+00
-2.33309063e+01
-2.90293126e+01
-2.89612159e+01
-2.71087457e+01
-2.48911372e+01
-2.27853759e+01
-2.09233442e+01
-1.93153533e+01
-1.79337784e+01
-1.67434456e+01
-1.57117568e+01
-1.48112902e+01
-1.40197839e+01
-1.33193639e+01
-1.26956735e+01
-1.21371171e+01
-1.16342549e+01
-1.11793380e+01
-1.07659538e+01
-1.03887584e+01
-1.00432728e+01
-9.72572809e+00
-9.43294622e+00
-9.16224919e+00
-8.91138853e+00
-8.67849159e+00
-8.46202006e+00
-8.26073894e+00
-8.07369309e+00
-7.90019044e+00
-7.73979015e+00
-7.59229506e+00
-7.45774743e+00
-7.33642749e+00
-7.22885442e+00
-7.13578920e+00
-7.05823967e+00
-6.99746733e+00
-6.95499704e+00
-6.93262959e+00
-6.93245940e+00
-6.95689864e+00
-7.00871206e+00
-7.09106663e+00
-7.20760473e+00
-7.36255133e+00
-7.56087449e+00
-7.80852548e+00
-8.11280434e+00
-8.48292045e+00
-8.93086689e+00
-9.47280232e+00
-1.01312732e+01
-1.09388362e+01
-1.19440215e+01
-1.32210755e+01
-1.48850042e+01
-1.71095277e+01
-2.01193503e+01
-2.40001924e+01
-2.76969005e+01
-2.55550180e+01
-1.20906972e+01
