# vtk DataFile Version 3.0
Lid-Driven Cavity Re=100 Step=400
ASCII
DATASET STRUCTURED_POINTS
DIMENSIONS 64 64 1
ORIGIN 0.007812 0.007812 0.0
SPACING 0.015625 0.015625 1.0
POINT_DATA 4096
VECTORS velocity double
1.31089488e-04 9.68196605e-05 0.0
2.45049791e-04 1.31213661e-04 0.0
1.91050978e-04 1.50605114e-04 0.0
9.49692568e-05 1.72479696e-04 0.0
-4.60415968e-05 1.94523946e-04 0.0
-2.29741925e-04 2.14065545e-04 0.0
-4.50069306e-04 2.29984161e-04 0.0
-6.99697641e-04 2.42155572e-04 0.0
-9.71432987e-04 2.50835061e-04 0.0
-1.25877634e-03 2.56470811e-04 0.0
-1.55611338e-03 2.59495194e-04 0.0
-1.85872089e-03 2.60374000e-04 0.0
-2.16270772e-03 2.59469151e-04 0.0
-2.46490649e-03 2.57149088e-04 0.0
-2.76276395e-03 2.53655553e-04 0.0
-3.05421986e-03 2.49246114e-04 0.0
-3.33760582e-03 2.44051634e-04 0.0
-3.61154629e-03 2.38240164e-04 0.0
-3.87488510e-03 2.31860129e-04 0.0
-4.12661719e-03 2.25019830e-04 0.0
-4.36584400e-03 2.17715096e-04 0.0
-4.59173271e-03 2.10021002e-04 0.0
-4.80349464e-03 2.01904696e-04 0.0
-5.00036465e-03 1.93427171e-04 0.0
-5.18159459e-03 1.84543105e-04 0.0
-5.34644563e-03 1.75311125e-04 0.0
-5.49419013e-03 1.65683070e-04 0.0
-5.62411124e-03 1.55721329e-04 0.0
-5.73550876e-03 1.45380074e-04 0.0
-5.82770262e-03 1.34728145e-04 0.0
-5.90004017e-03 1.23724741e-04 0.0
-5.95190185e-03 1.12446111e-04 0.0
-5.98270884e-03 1.00858083e-04 0.0
-5.99193028e-03 8.90446549e-05 0.0
-5.97909107e-03 7.69796673e-05 0.0
-5.94378075e-03 6.47553007e-05 0.0
-5.88566183e-03 5.23551672e-05 0.0
-5.80448098e-03 3.98807287e-05 0.0
-5.70007887e-03 2.73280774e-05 0.0
-5.57240497e-03 1.48103464e-05 0.0
-5.42153056e-03 2.34043895e-06 0.0
-5.24766908e-03 -9.95244538e-06 0.0
-5.05119468e-03 -2.20319531e-05 0.0
-4.83267076e-03 -3.37458210e-05 0.0
-4.59287679e-03 -4.50249206e-05 0.0
-4.33284760e-03 -5.56842841e-05 0.0
-4.05391080e-03 -6.56104520e-05 0.0
-3.75773842e-03 -7.45745317e-05 0.0
-3.44639539e-03 -8.24067286e-05 0.0
-3.12240253e-03 -8.88239335e-05 0.0
-2.78879348e-03 -9.35907263e-05 0.0
-2.44918438e-03 -9.63640077e-05 0.0
-2.10783293e-03 -9.68398839e-05 0.0
-1.76970652e-03 -9.46174816e-05 0.0
-1.44053436e-03 -8.93305792e-05 0.0
-1.12686613e-03 -8.05305867e-05 0.0
-8.36114603e-04 -6.77974448e-05 0.0
-5.76611905e-04 -5.06374311e-05 0.0
-3.57640514e-04 -2.85870466e-05 0.0
-1.89352995e-04 -1.24233414e-06 0.0
-8.20996630e-05 3.12080013e-05 0.0
-4.37567631e-05 6.65079457e-05 0.0
-7.06409724e-05 9.54543283e-05 0.0
-4.93866911e-05 8.53164695e-05 0.0
1.46158750e-04 1.61625254e-04 0.0
2.63085324e-04 2.91656828e-04 0.0
1.34784988e-04 4.00284059e-04 0.0
-1.29814574e-04 5.10485480e-04 0.0
-5.21208932e-04 6.14920239e-04 0.0
-1.02515366e-03 7.06204955e-04 0.0
-1.62439030e-03 7.81136210e-04 0.0
-2.30062133e-03 8.39376886e-04 0.0
-3.03605944e-03 8.82048590e-04 0.0
-3.81435926e-03 9.10866661e-04 0.0
-4.62104071e-03 9.27753827e-04 0.0
-5.44362638e-03 9.34574971e-04 0.0
-6.27156879e-03 9.33061641e-04 0.0
-7.09608860e-03 9.24700395e-04 0.0
-7.90993552e-03 9.10764487e-04 0.0
-8.70714965e-03 8.92259673e-04 0.0
-9.48280893e-03 8.70004489e-04 0.0
-1.02328156e-02 8.44593351e-04 0.0
-1.09536940e-02 8.16495674e-04 0.0
-1.16424378e-02 7.86016390e-04 0.0
-1.22963730e-02 7.53399215e-04 0.0
-1.29130669e-02 7.18776057e-04 0.0
-1.34902489e-02 6.82268211e-04 0.0
-1.40257662e-02 6.43922677e-04 0.0
-1.45175470e-02 6.03809954e-04 0.0
-1.49635871e-02 5.61948919e-04 0.0
-1.53619383e-02 5.18402197e-04 0.0
-1.57107136e-02 4.73192614e-04 0.0
-1.60080894e-02 4.26397613e-04 0.0
-1.62523197e-02 3.78060289e-04 0.0
-1.64417465e-02 3.28283880e-04 0.0
-1.65748171e-02 2.77139820e-04 0.0
-1.66500998e-02 2.24762716e-04 0.0
-1.66663027e-02 1.71257297e-04 0.0
-1.66222940e-02 1.16793836e-04 0.0
-1.65171219e-02 6.15155909e-05 0.0
-1.63500400e-02 5.63446068e-06 0.0
-1.61205317e-02 -5.06595176e-05 0.0
-1.58283416e-02 -1.07102428e-04 0.0
-1.54735077e-02 -1.63443281e-04 0.0
-1.50564046e-02 -2.19348254e-04 0.0
-1.45777871e-02 -2.74482186e-04 0.0
-1.40388513e-02 -3.28413008e-04 0.0
-1.34412964e-02 -3.80686756e-04 0.0
-1.27874094e-02 -4.30733051e-04 0.0
-1.20801511e-02 -4.77933514e-04 0.0
-1.13232687e-02 -5.21530492e-04 0.0
-1.05214081e-02 -5.60690458e-04 0.0
-9.68025306e-03 -5.94420010e-04 0.0
-8.80665760e-03 -6.21627821e-04 0.0
-7.90879926e-03 -6.41053702e-04 0.0
-6.99631252e-03 -6.51334311e-04 0.0
-6.08042835e-03 -6.50952478e-04 0.0
-5.17406960e-03 -6.38313630e-04 0.0
-4.29192323e-03 -6.11724710e-04 0.0
-3.45042342e-03 -5.69490954e-04 0.0
-2.66764562e-03 -5.09939818e-04 0.0
-1.96298699e-03 -4.31583034e-04 0.0
-1.35648276e-03 -3.33368142e-04 0.0
-8.67243090e-04 -2.15525763e-04 0.0
-5.10048916e-04 -8.17361705e-05 0.0
-2.88429659e-04 5.55522922e-05 0.0
-1.83347419e-04 1.63289811e-04 0.0
-7.78624251e-05 1.60035262e-04 0.0
1.13606693e-04 1.29913213e-04 0.0
1.48936400e-04 3.99168991e-04 0.0
-1.05123888e-04 6.75135209e-04 0.0
-5.52981834e-04 9.48097500e-04 0.0
-1.18495954e-03 1.20068574e-03 0.0
-1.98094102e-03 1.42037402e-03 0.0
-2.91641277e-03 1.60168370e-03 0.0
-3.96550561e-03 1.74416428e-03 0.0
-5.10292820e-03 1.85013271e-03 0.0
-6.30511607e-03 1.92328376e-03 0.0
-7.55088042e-03 1.96779586e-03 0.0
-8.82164581e-03 1.98789992e-03 0.0
-1.01014655e-02 1.98751458e-03 0.0
-1.13768367e-02 1.97015662e-03 0.0
-1.26364502e-02 1.93878664e-03 0.0
-1.38708634e-02 1.89588509e-03 0.0
-1.50721956e-02 1.84339065e-03 0.0
-1.62338109e-02 1.78285130e-03 0.0
-1.73500613e-02 1.71538849e-03 0.0
-1.84160428e-02 1.64187266e-03 0.0
-1.94274196e-02 1.56287867e-03 0.0
-2.03802646e-02 1.47886069e-03 0.0
-2.12709587e-02 1.39008477e-03 0.0
-2.20961026e-02 1.29679385e-03 0.0
-2.28524724e-02 1.19911572e-03 0.0
-2.35369797e-02 1.09721789e-03 0.0
-2.41466634e-02 9.91195535e-04 0.0
-2.46786803e-02 8.81219453e-04 0.0
-2.51303159e-02 7.67410265e-04 0.0
-2.54989926e-02 6.49983166e-04 0.0
-2.57822902e-02 5.29113914e-04 0.0
-2.59779639e-02 4.05082804e-04 0.0
-2.60839697e-02 2.78136821e-04 0.0
-2.60984889e-02 1.48633989e-04 0.0
-2.60199570e-02 1.69050863e-05 0.0
-2.58470954e-02 -1.16601159e-04 0.0
-2.55789439e-02 -2.51453793e-04 0.0
-2.52149027e-02 -3.87093214e-04 0.0
-2.47547726e-02 -5.22961283e-04 0.0
-2.41988111e-02 -6.58353148e-04 0.0
-2.35477872e-02 -7.92538613e-04 0.0
-2.28030591e-02 -9.24611811e-04 0.0
-2.19666513e-02 -1.05360128e-03 0.0
-2.10413623e-02 -1.17831813e-03 0.0
-2.00308725e-02 -1.29745415e-03 0.0
-1.89398890e-02 -1.40943167e-03 0.0
-1.77742885e-02 -1.51249252e-03 0.0
-1.65412997e-02 -1.60455703e-03 0.0
-1.52496756e-02 -1.68331160e-03 0.0
-1.39098990e-02 -1.74608940e-03 0.0
-1.25343606e-02 -1.78996986e-03 0.0
-1.11375497e-02 -1.81169922e-03 0.0
-9.73618287e-03 -1.80782171e-03 0.0
-8.34930463e-03 -1.77466704e-03 0.0
-6.99826039e-03 -1.70854737e-03 0.0
-5.70655399e-03 -1.60586260e-03 0.0
-4.49944128e-03 -1.46344660e-03 0.0
-3.40318861e-03 -1.27897821e-03 0.0
-2.44367973e-03 -1.05197653e-03 0.0
-1.64402231e-03 -7.85807757e-04 0.0
-1.02055726e-03 -4.92106491e-04 0.0
-5.77352199e-04 -1.98897698e-04 0.0
-3.01674774e-04 3.69843491e-05 0.0
-1.01496043e-04 1.15539885e-04 0.0
7.70621952e-05 1.66746609e-04 0.0
1.03398570e-05 6.21230866e-04 0.0
-3.96830318e-04 1.11430946e-03 0.0
-1.04080129e-03 1.60075818e-03 0.0
-1.90910127e-03 2.04831226e-03 0.0
-2.97790146e-03 2.43753901e-03 0.0
-4.21804719e-03 2.76014944e-03 0.0
-5.59861098e-03 3.01536875e-03 0.0
-7.08907333e-03 3.20683002e-03 0.0
-8.66071617e-03 3.34043434e-03 0.0
-1.02873864e-02 3.42310017e-03 0.0
-1.19458880e-02 3.46188319e-03 0.0
-1.36160304e-02 3.46351710e-03 0.0
-1.52805170e-02 3.43403574e-03 0.0
-1.69246609e-02 3.37869140e-03 0.0
-1.85360736e-02 3.30183321e-03 0.0
-2.01042911e-02 3.20702155e-03 0.0
-2.16204445e-02 3.09701882e-03 0.0
-2.30769261e-02 2.97398484e-03 0.0
-2.44671296e-02 2.83949345e-03 0.0
-2.57852045e-02 2.69474369e-03 0.0
-2.70258876e-02 2.54055798e-03 0.0
-2.81843487e-02 2.37757873e-03 0.0
-2.92561009e-02 2.20623212e-03 0.0
-3.02369181e-02 2.02690188e-03 0.0
-3.11228011e-02 1.83985968e-03 0.0
-3.19099442e-02 1.64541930e-03 0.0
-3.25947347e-02 1.44384190e-03 0.0
-3.31737495e-02 1.23547766e-03 0.0
-3.36437724e-02 1.02065498e-03 0.0
-3.40018087e-02 7.99816000e-04 0.0
-3.42451116e-02 5.73397376e-04 0.0
-3.43712074e-02 3.41963824e-04 0.0
-3.43779273e-02 1.06086153e-04 0.0
-3.42634419e-02 -1.33524615e-04 0.0
-3.40262978e-02 -3.76137450e-04 0.0
-3.36654630e-02 -6.20864731e-04 0.0
-3.31803709e-02 -8.66776460e-04 0.0
-3.25709818e-02 -1.11275927e-03 0.0
-3.18378402e-02 -1.35762027e-03 0.0
-3.09821592e-02 -1.59993975e-03 0.0
-3.00059007e-02 -1.83816074e-03 0.0
-2.89118913e-02 -2.07043454e-03 0.0
-2.77039360e-02 -2.29469438e-03 0.0
-2.63869744e-02 -2.50849636e-03 0.0
-2.49672341e-02 -2.70908055e-03 0.0
-2.34524313e-02 -2.89321637e-03 0.0
-2.18519606e-02 -3.05726238e-03 0.0
-2.01771285e-02 -3.19703448e-03 0.0
-1.84413579e-02 -3.30788600e-03 0.0
-1.66604165e-02 -3.38462793e-03 0.0
-1.48525806e-02 -3.42166326e-03 0.0
-1.30387801e-02 -3.41300298e-03 0.0
-1.12426132e-02 -3.35250933e-03 0.0
-9.49026074e-03 -3.23408310e-03 0.0
-7.81015309e-03 -3.05212259e-03 0.0
-6.23238130e-03 -2.80205594e-03 0.0
-4.78763948e-03 -2.48134854e-03 0.0
-3.50562099e-03 -2.09112203e-03 0.0
-2.41261525e-03 -1.63931421e-03 0.0
-1.52846578e-03 -1.14620675e-03 0.0
-8.63687412e-04 -6.52773413e-04 0.0
-4.19442543e-04 -2.29058219e-04 0.0
-1.26039590e-04 2.36171453e-05 0.0
4.45570076e-05 2.71960598e-04 0.0
-1.21970553e-04 9.76104047e-04 0.0
-6.86297577e-04 1.73093894e-03 0.0
-1.52733274e-03 2.46914434e-03 0.0
-2.62466575e-03 3.14556950e-03 0.0
-3.94953979e-03 3.73397035e-03 0.0
-5.46873334e-03 4.22307263e-03 0.0
-7.14742735e-03 4.61172246e-03 0.0
-8.95129316e-03 4.90482442e-03 0.0
-1.08478392e-02 5.11065248e-03 0.0
-1.28072817e-02 5.23901916e-03 0.0
-1.48029454e-02 5.30015742e-03 0.0
-1.68114131e-02 5.30388181e-03 0.0
-1.88123990e-02 5.25917549e-03 0.0
-2.07885286e-02 5.17385778e-03 0.0
-2.27249828e-02 5.05456960e-03 0.0
-2.46091552e-02 4.90671138e-03 0.0
-2.64302617e-02 4.73462810e-03 0.0
-2.81790202e-02 4.54165547e-03 0.0
-2.98473269e-02 4.33037520e-03 0.0
-3.14280200e-02 4.10267269e-03 0.0
-3.29146541e-02 3.85999108e-03 0.0
-3.43013562e-02 3.60335411e-03 0.0
-3.55826897e-02 3.33358943e-03 0.0
-3.67535848e-02 3.05130427e-03 0.0
-3.78092702e-02 2.75707453e-03 0.0
-3.87452527e-02 2.45137918e-03 0.0
-3.95572934e-02 2.13476341e-03 0.0
-4.02414164e-02 1.80774420e-03 0.0
-4.07939120e-02 1.47095796e-03 0.0
-4.12113609e-02 1.12504933e-03 0.0
-4.14906542e-02 7.70811636e-04 0.0
-4.16290257e-02 4.09068216e-04 0.0
-4.16240842e-02 4.08113414e-05 0.0
-4.14738513e-02 -3.32916953e-04 0.0
-4.11768062e-02 -7.10883626e-04 0.0
-4.07319309e-02 -1.09177830e-03 0.0
-4.01387700e-02 -1.47406622e-03 0.0
-3.93974888e-02 -1.85609053e-03 0.0
-3.85089555e-02 -2.23591585e-03 0.0
-3.74748194e-02 -2.61141351e-03 0.0
-3.62976257e-02 -2.98009316e-03 0.0
-3.49809243e-02 -3.33916725e-03 0.0
-3.35294261e-02 -3.68537159e-03 0.0
-3.19491524e-02 -4.01501124e-03 0.0
-3.02476387e-02 -4.32377872e-03 0.0
-2.84341258e-02 -4.60679363e-03 0.0
-2.65198041e-02 -4.85843988e-03 0.0
-2.45180298e-02 -5.07242624e-03 0.0
-2.24445801e-02 -5.24168034e-03 0.0
-2.03178463e-02 -5.35847533e-03 0.0
-1.81590292e-02 -5.41443845e-03 0.0
-1.59922147e-02 -5.40081317e-03 0.0
-1.38443826e-02 -5.30867194e-03 0.0
-1.17452002e-02 -5.12942987e-03 0.0
-9.72663914e-03 -4.85542267e-03 0.0
-7.82223655e-03 -4.48090918e-03 0.0
-6.06603380e-03 -4.00342253e-03 0.0
-4.49102954e-03 -3.42605430e-03 0.0
-3.12732171e-03 -2.76108288e-03 0.0
-2.00018385e-03 -2.03571366e-03 0.0
-1.12916210e-03 -1.29905881e-03 0.0
-5.29684401e-04 -6.26488488e-04 0.0
-1.49808295e-04 -1.15743834e-04 0.0
1.68220125e-05 4.36723073e-04 0.0
-2.40326711e-04 1.46116083e-03 0.0
-9.53605032e-04 2.52349587e-03 0.0
-1.98308459e-03 3.54711197e-03 0.0
-3.29740278e-03 4.47926743e-03 0.0
-4.86118483e-03 5.28894432e-03 0.0
-6.63660647e-03 5.96273407e-03 0.0
-8.58523077e-03 6.49940094e-03 0.0
-1.06695313e-02 6.90533811e-03 0.0
-1.28540951e-02 7.19127594e-03 0.0
-1.51063535e-02 7.37012783e-03 0.0
-1.73970282e-02 7.45541964e-03 0.0
-1.97002255e-02 7.46032114e-03 0.0
-2.19933825e-02 7.39691659e-03 0.0
-2.42569991e-02 7.27590407e-03 0.0
-2.64743429e-02 7.10636359e-03 0.0
-2.86310507e-02 6.89584310e-03 0.0
-3.07147816e-02 6.65038035e-03 0.0
-3.27148367e-02 6.37476632e-03 0.0
-3.46218670e-02 6.07265170e-03 0.0
-3.64275792e-02 5.74685448e-03 0.0
-3.81245361e-02 5.39945405e-03 0.0
-3.97059614e-02 5.03207441e-03 0.0
-4.11656273e-02 4.64592506e-03 0.0
-4.24977428e-02 4.24203766e-03 0.0
-4.36969063e-02 3.82124891e-03 0.0
-4.47580532e-02 3.38439444e-03 0.0
-4.56764496e-02 2.93224593e-03 0.0
-4.64476788e-02 2.46567550e-03 0.0
-4.70676581e-02 1.98556339e-03 0.0
-4.75326491e-02 1.49294609e-03 0.0
-4.78392869e-02 9.88908527e-04 0.0
-4.79846074e-02 4.74725812e-04 0.0
-4.79660833e-02 -4.82494726e-05 0.0
-4.77816651e-02 -5.78445112e-04 0.0
-4.74298251e-02 -1.11417859e-03 0.0
-4.69096137e-02 -1.65350904e-03 0.0
-4.62207137e-02 -2.19433557e-03 0.0
-4.53635185e-02 -2.73423804e-03 0.0
-4.43392043e-02 -3.27055685e-03 0.0
-4.31498376e-02 -3.80021781e-03 0.0
-4.17984759e-02 -4.31978740e-03 0.0
-4.02893154e-02 -4.82528016e-03 0.0
-3.86278295e-02 -5.31218877e-03 0.0
-3.68209652e-02 -5.77528047e-03 0.0
-3.48773248e-02 -6.20861277e-03 0.0
-3.28074095e-02 -6.60533977e-03 0.0
-3.06238355e-02 -6.95774237e-03 0.0
-2.83416034e-02 -7.25708629e-03 0.0
-2.59783116e-02 -7.49371882e-03 0.0
-2.35543971e-02 -7.65704577e-03 0.0
-2.10932692e-02 -7.73577462e-03 0.0
-1.86214168e-02 -7.71810926e-03 0.0
-1.61683324e-02 -7.59225900e-03 0.0
-1.37663261e-02 -7.34700204e-03 0.0
-1.14500577e-02 -6.97265178e-03 0.0
-9.25586780e-03 -6.46224845e-03 0.0
-7.22075517e-03 -5.81337592e-03 0.0
-5.38117117e-03 -5.03067074e-03 0.0
-3.77166353e-03 -4.12966488e-03 0.0
-2.42392649e-03 -3.14199394e-03 0.0
-1.36685450e-03 -2.12086106e-03 0.0
-6.28569581e-04 -1.14244214e-03 0.0
-1.71339605e-04 -2.99501843e-04 0.0
-6.66267597e-06 6.52020152e-04 0.0
-3.43625166e-04 2.06543650e-03 0.0
-1.19247621e-03 3.48135774e-03 0.0
-2.39624270e-03 4.82250939e-03 0.0
-3.91190941e-03 6.03387017e-03 0.0
-5.69638444e-03 7.08261888e-03 0.0
-7.70661521e-03 7.95473408e-03 0.0
-9.90031771e-03 8.64975475e-03 0.0
-1.22369674e-02 9.17596340e-03 0.0
-1.46785865e-02 9.54686709e-03 0.0
-1.71903695e-02 9.77861348e-03 0.0
-1.97409648e-02 9.88824368e-03 0.0
-2.23025967e-02 9.89236780e-03 0.0
-2.48509222e-02 9.80639796e-03 0.0
-2.73648252e-02 9.64398945e-03 0.0
-2.98260522e-02 9.41689995e-03 0.0
-3.22188751e-02 9.13488984e-03 0.0
-3.45296808e-02 8.80592604e-03 0.0
-3.67466420e-02 8.43629420e-03 0.0
-3.88593657e-02 8.03093800e-03 0.0
-4.08586415e-02 7.59361754e-03 0.0
-4.27361870e-02 7.12725744e-03 0.0
-4.44844896e-02 6.63406395e-03 0.0
-4.60966457e-02 6.11582475e-03 0.0
-4.75662802e-02 5.57395602e-03 0.0
-4.88874594e-02 5.00974308e-03 0.0
-5.00546644e-02 4.42432262e-03 0.0
-5.10627545e-02 3.81887600e-03 0.0
-5.19069727e-02 3.19456498e-03 0.0
-5.25829417e-02 2.55269519e-03 0.0
-5.30866878e-02 1.89462449e-03 0.0
-5.34146579e-02 1.22191162e-03 0.0
-5.35637535e-02 5.36212368e-04 0.0
-5.35313646e-02 -1.60575677e-04 0.0
-5.33154108e-02 -8.66417647e-04 0.0
-5.29143918e-02 -1.57899249e-03 0.0
-5.23274378e-02 -2.29578842e-03 0.0
-5.15543802e-02 -3.01394269e-03 0.0
-5.05958172e-02 -3.73031853e-03 0.0
-4.94532121e-02 -4.44132678e-03 0.0
-4.81289826e-02 -5.14297590e-03 0.0
-4.66266366e-02 -5.83067085e-03 0.0
-4.49508964e-02 -6.49923220e-03 0.0
-4.31078814e-02 -7.14267496e-03 0.0
-4.11052746e-02 -7.75420373e-03 0.0
-3.89525567e-02 -8.32598916e-03 0.0
-3.66612124e-02 -8.84916542e-03 0.0
-3.42450035e-02 -9.31364530e-03 0.0
-3.17201926e-02 -9.70817364e-03 0.0
-2.91058144e-02 -1.00202522e-02 0.0
-2.64238586e-02 -1.02363349e-02 0.0
-2.36994607e-02 -1.03419675e-02 0.0
-2.09609399e-02 -1.03222474e-02 0.0
-1.82397840e-02 -1.01623234e-02 0.0
-1.55704019e-02 -9.84828987e-03 0.0
-1.29897554e-02 -9.36824723e-03 0.0
-1.05367010e-02 -8.71386738e-03 0.0
-8.25121069e-03 -7.88233479e-03 0.0
-6.17339353e-03 -6.87908977e-03 0.0
-4.34267589e-03 -5.72145271e-03 0.0
-2.79733598e-03 -4.44326659e-03 0.0
-1.57506055e-03 -3.09892429e-03 0.0
-7.14739448e-04 -1.76297540e-03 0.0
-1.90047280e-04 -5.22595437e-04 0.0
-2.65114271e-05 9.09991388e-04 0.0
-4.32833500e-04 2.77554956e-03 0.0
-1.40244795e-03 4.58972119e-03 0.0
-2.76412255e-03 6.27960061e-03 0.0
-4.46374430e-03 7.79208650e-03 0.0
-6.45027453e-03 9.09542943e-03 0.0
-8.67497356e-03 1.01768803e-02 0.0
-1.10914844e-02 1.10378513e-02 0.0
-1.36561862e-02 1.16892530e-02 0.0
-1.63287034e-02 1.21477508e-02 0.0
-1.90722124e-02 1.24330638e-02 0.0
-2.18536638e-02 1.25658843e-02 0.0
-2.46437369e-02 1.25664810e-02 0.0
-2.74167263e-02 1.24536506e-02 0.0
-3.01502303e-02 1.22441991e-02 0.0
-3.28248465e-02 1.19525908e-02 0.0
-3.54237536e-02 1.15909904e-02 0.0
-3.79323650e-02 1.11693055e-02 0.0
-4.03379300e-02 1.06955077e-02 0.0
-4.26292413e-02 1.01758276e-02 0.0
-4.47963214e-02 9.61515519e-03 0.0
-4.68302194e-02 9.01723597e-03 0.0
-4.87227978e-02 8.38504180e-03 0.0
-5.04666154e-02 7.72089714e-03 0.0
-5.20548002e-02 7.02678154e-03 0.0
-5.34809972e-02 6.30437334e-03 0.0
-5.47393041e-02 5.55528557e-03 0.0
-5.58242618e-02 4.78104279e-03 0.0
-5.67308317e-02 3.98326933e-03 0.0
-5.74544107e-02 3.16362237e-03 0.0
-5.79908361e-02 2.32395294e-03 0.0
-5.83364145e-02 1.46621599e-03 0.0
-5.84879465e-02 5.92619998e-04 0.0
-5.84427642e-02 -2.94470179e-04 0.0
-5.81987739e-02 -1.19238339e-03 0.0
-5.77545021e-02 -2.09823408e-03 0.0
-5.71091577e-02 -3.00876269e-03 0.0
-5.62626909e-02 -3.92041084e-03 0.0
-5.52158807e-02 -4.82914313e-03 0.0
-5.39704134e-02 -5.73049494e-03 0.0
-5.25290049e-02 -6.61936810e-03 0.0
-5.08955093e-02 -7.49004365e-03 0.0
-4.90750851e-02 -8.33594967e-03 0.0
-4.70743441e-02 -9.14964080e-03 0.0
-4.49015686e-02 -9.92255025e-03 0.0
-4.25669041e-02 -1.06449567e-02 0.0
-4.00826248e-02 -1.13057565e-02 0.0
-3.74633569e-02 -1.18924677e-02 0.0
-3.47263677e-02 -1.23910919e-02 0.0
-3.18917807e-02 -1.27862416e-02 0.0
-2.89828294e-02 -1.30611991e-02 0.0
-2.60259868e-02 -1.31982924e-02 0.0
-2.30510869e-02 -1.31792962e-02 0.0
-2.00912550e-02 -1.29862175e-02 0.0
-1.71827759e-02 -1.26022170e-02 0.0
-1.43647130e-02 -1.20129918e-02 0.0
-1.16784466e-02 -1.12084108e-02 0.0
-9.16698895e-03 -1.01847090e-02 0.0
-6.87434468e-03 -8.94715180e-03 0.0
-4.84491278e-03 -7.51351752e-03 0.0
-3.12339265e-03 -5.91804449e-03 0.0
-1.75533019e-03 -4.21446946e-03 0.0
-7.88656102e-04 -2.47441607e-03 0.0
-2.05927397e-04 -7.79391034e-04 0.0
-4.33600626e-05 1.20402584e-03 0.0
-5.09680924e-04 3.57832711e-03 0.0
-1.58586466e-03 5.83275264e-03 0.0
-3.08904880e-03 7.90144478e-03 0.0
-4.95525298e-03 9.73608822e-03 0.0
-7.12572737e-03 1.13084582e-02 0.0
-9.54599781e-03 1.26088499e-02 0.0
-1.21654151e-02 1.36418445e-02 0.0
-1.49372024e-02 1.44217864e-02 0.0
-1.78185402e-02 1.49691154e-02 0.0
-2.07707323e-02 1.53074461e-02 0.0
-2.37591665e-02 1.54614389e-02 0.0
-2.67532491e-02 1.54551359e-02 0.0
-2.97261268e-02 1.53109216e-02 0.0
-3.26544151e-02 1.50487816e-02 0.0
-3.55177799e-02 1.46860549e-02 0.0
-3.82985829e-02 1.42373043e-02 0.0
-4.09814472e-02 1.37145392e-02 0.0
-4.35529276e-02 1.31273935e-02 0.0
-4.60011438e-02 1.24835469e-02 0.0
-4.83155320e-02 1.17889836e-02 0.0
-5.04865777e-02 1.10484340e-02 0.0
-5.25056593e-02 1.02655880e-02 0.0
-5.43648760e-02 9.44347217e-03 0.0
-5.60569675e-02 8.58457074e-03 0.0
-5.75752159e-02 7.69111967e-03 0.0
-5.89134184e-02 6.76513974e-03 0.0
-6.00658413e-02 5.80866189e-03 0.0
-6.10272241e-02 4.82369621e-03 0.0
-6.17927685e-02 3.81241312e-03 0.0
-6.23581606e-02 2.77707435e-03 0.0
-6.27195843e-02 1.72019174e-03 0.0
-6.28737543e-02 6.44441277e-04 0.0
-6.28179490e-02 -4.47184258e-04 0.0
-6.25500521e-02 -1.55146190e-03 0.0
-6.20686059e-02 -2.66477977e-03 0.0
-6.13728633e-02 -3.78321064e-03 0.0
-6.04628650e-02 -4.90233609e-03 0.0
-5.93395078e-02 -6.01729422e-03 0.0
-5.80046533e-02 -7.12257650e-03 0.0
-5.64612217e-02 -8.21203862e-03 0.0
-5.47133409e-02 -9.27866401e-03 0.0
-5.27664763e-02 -1.03145339e-02 0.0
-5.06276300e-02 -1.13105627e-02 0.0
-4.83055141e-02 -1.22564403e-02 0.0
-4.58108021e-02 -1.31403670e-02 0.0
-4.31563436e-02 -1.39490098e-02 0.0
-4.03574566e-02 -1.46672990e-02 0.0
-3.74321590e-02 -1.52784792e-02 0.0
-3.44014642e-02 -1.57640723e-02 0.0
-3.12895753e-02 -1.61041471e-02 0.0
-2.81241111e-02 -1.62775945e-02 0.0
-2.49361743e-02 -1.62627766e-02 0.0
-2.17604066e-02 -1.60382874e-02 0.0
-1.86348289e-02 -1.55841574e-02 0.0
-1.56006354e-02 -1.48832666e-02 0.0
-1.27017586e-02 -1.39232409e-02 0.0
-9.98443212e-03 -1.26986303e-02 0.0
-7.49663558e-03 -1.12136415e-02 0.0
-5.28776501e-03 -9.48530621e-03 0.0
-3.40852552e-03 -7.54699437e-03 0.0
-1.91146123e-03 -5.45063118e-03 0.0
-8.51952878e-04 -3.26442470e-03 0.0
-2.19371230e-04 -1.06464087e-03 0.0
-5.77632552e-05 1.52871228e-03 0.0
-5.76197961e-04 4.46196305e-03 0.0
-1.74635795e-03 7.19547396e-03 0.0
-3.37607811e-03 9.67164495e-03 0.0
-5.39276552e-03 1.18488033e-02 0.0
-7.73059269e-03 1.37040720e-02 0.0
-1.03294498e-02 1.52323972e-02 0.0
-1.31344166e-02 1.64427184e-02 0.0
-1.60954363e-02 1.73537628e-02 0.0
-1.91672590e-02 1.79903459e-02 0.0
-2.23092868e-02 1.83804877e-02 0.0
-2.54854737e-02 1.85530740e-02 0.0
-2.86640326e-02 1.85362032e-02 0.0
-3.18171678e-02 1.83559311e-02 0.0
-3.49206441e-02 1.80356056e-02 0.0
-3.79534202e-02 1.75954435e-02 0.0
-4.08971779e-02 1.70525528e-02 0.0
-4.37359572e-02 1.64210132e-02 0.0
-4.64557355e-02 1.57122614e-02 0.0
-4.90441340e-02 1.49353791e-02 0.0
-5.14900936e-02 1.40975881e-02 0.0
-5.37836758e-02 1.32045482e-02 0.0
-5.59158419e-02 1.22608156e-02 0.0
-5.78783396e-02 1.12700548e-02 0.0
-5.96635678e-02 1.02354061e-02 0.0
-6.12645267e-02 9.15959119e-03 0.0
-6.26747450e-02 8.04519050e-03 0.0
-6.38882701e-02 6.89466161e-03 0.0
-6.48996384e-02 5.71055140e-03 0.0
-6.57038889e-02 4.49545725e-03 0.0
-6.62965628e-02 3.25220133e-03 0.0
-6.66737306e-02 1.98376167e-03 0.0
-6.68320145e-02 6.93430678e-04 0.0
-6.67686251e-02 -6.15263013e-04 0.0
-6.64814047e-02 -1.93839566e-03 0.0
-6.59688734e-02 -3.27171910e-03 0.0
-6.52302959e-02 -4.61048820e-03 0.0
-6.42657412e-02 -5.94950914e-03 0.0
-6.30761782e-02 -7.28294073e-03 0.0
-6.16635566e-02 -8.60430655e-03 0.0
-6.00309397e-02 -9.90626004e-03 0.0
-5.81826162e-02 -1.11805514e-02 0.0
-5.61242799e-02 -1.24177547e-02 0.0
-5.38631827e-02 -1.36071944e-02 0.0
-5.14083678e-02 -1.47366520e-02 0.0
-4.87708679e-02 -1.57922818e-02 0.0
-4.59639906e-02 -1.67583494e-02 0.0
-4.30035515e-02 -1.76172065e-02 0.0
-3.99081909e-02 -1.83491555e-02 0.0
-3.66996076e-02 -1.89326022e-02 0.0
-3.34028575e-02 -1.93441890e-02 0.0
-3.00465237e-02 -1.95592864e-02 0.0
-2.66629153e-02 -1.95525710e-02 0.0
-2.32880839e-02 -1.92990362e-02 0.0
-1.99618315e-02 -1.87751885e-02 0.0
-1.67274958e-02 -1.79607176e-02 0.0
-1.36317246e-02 -1.68403967e-02 0.0
-1.07240525e-02 -1.54064353e-02 0.0
-8.05656103e-03 -1.36610930e-02 0.0
-5.68350216e-03 -1.16197560e-02 0.0
-3.66125582e-03 -9.31400854e-03 0.0
-2.04851456e-03 -6.79340424e-03 0.0
-9.06909415e-04 -4.12275323e-03 0.0
-2.30892414e-04 -1.37401028e-03 0.0
-7.02743249e-05 1.87974399e-03 0.0
-6.34422849e-04 5.41651574e-03 0.0
-1.88808042e-03 8.66475218e-03 0.0
-3.63149758e-03 1.15755244e-02 0.0
-5.78473222e-03 1.41148704e-02 0.0
-8.27548883e-03 1.62666200e-02 0.0
-1.10383782e-02 1.80316310e-02 0.0
-1.40142325e-02 1.94243478e-02 0.0
-1.71497628e-02 2.04687292e-02 0.0
-2.03972030e-02 2.11946948e-02 0.0
-2.37141011e-02 2.16351207e-02 0.0
-2.70629499e-02 2.18235389e-02 0.0
-3.04108831e-02 2.17922961e-02 0.0
-3.37292021e-02 2.15713636e-02 0.0
-3.69929799e-02 2.11875016e-02 0.0
-4.01805415e-02 2.06639651e-02 0.0
-4.32730576e-02 2.00203877e-02 0.0
-4.62540630e-02 1.92730506e-02 0.0
-4.91091134e-02 1.84351430e-02 0.0
-5.18253987e-02 1.75172757e-02 0.0
-5.43914962e-02 1.65278454e-02 0.0
-5.67970950e-02 1.54735724e-02 0.0
-5.90328448e-02 1.43598098e-02 0.0
-6.10901777e-02 1.31909967e-02 0.0
-6.29612317e-02 1.19708536e-02 0.0
-6.46387469e-02 1.07027273e-02 0.0
-6.61160385e-02 9.38967517e-03 0.0
-6.73869449e-02 8.03472114e-03 0.0
-6.84458307e-02 6.64085950e-03 0.0
-6.92875696e-02 5.21125328e-03 0.0
-6.99075655e-02 3.74919024e-03 0.0
-7.03017615e-02 2.25825221e-03 0.0
-7.04666721e-02 7.42250229e-04 0.0
-7.03994145e-02 -7.94614043e-04 0.0
-7.00977510e-02 -2.34781349e-03 0.0
-6.95601435e-02 -3.91232574e-03 0.0
-6.87858079e-02 -5.48268132e-03 0.0
-6.77747956e-02 -7.05277103e-03 0.0
-6.65280657e-02 -8.61586098e-03 0.0
-6.50476011e-02 -1.01643639e-02 0.0
-6.33365061e-02 -1.16898076e-02 0.0
-6.13991665e-02 -1.31825627e-02 0.0
-5.92413833e-02 -1.46317606e-02 0.0
-5.68705853e-02 -1.60249849e-02 0.0
-5.42960075e-02 -1.73481574e-02 0.0
-5.15289613e-02 -1.85852298e-02 0.0
-4.85830574e-02 -1.97180925e-02 0.0
-4.54745261e-02 -2.07263482e-02 0.0
-4.22224687e-02 -2.15873490e-02 0.0
-3.88491987e-02 -2.22761842e-02 0.0
-3.53804788e-02 -2.27660023e-02 0.0
-3.18458249e-02 -2.30283916e-02 0.0
-2.82786577e-02 -2.30341756e-02 0.0
-2.47164854e-02 -2.27543753e-02 0.0
-2.12008836e-02 -2.21616472e-02 0.0
-1.77774785e-02 -2.12319496e-02 0.0
-1.44957014e-02 -1.99466665e-02 0.0
-1.14085640e-02 -1.82949349e-02 0.0
-8.57225148e-03 -1.62763613e-02 0.0
-6.04584813e-03 -1.39039204e-02 0.0
-3.89104089e-03 -1.12068723e-02 0.0
-2.17212738e-03 -8.23217665e-03 0.0
-9.56011393e-04 -5.04168744e-03 0.0
-2.41098814e-04 -1.70428180e-03 0.0
-8.13368421e-05 2.25381877e-03 0.0
-6.86310652e-04 6.43403165e-03 0.0
-2.01518164e-03 1.02297808e-02 0.0
-3.86199756e-03 1.36007495e-02 0.0
-6.14039389e-03 1.65213042e-02 0.0
-8.77231000e-03 1.89828915e-02 0.0
-1.16873590e-02 2.09933376e-02 0.0
-1.48223425e-02 2.25735233e-02 0.0
-1.81207195e-02 2.37535120e-02 0.0
-2.15322680e-02 2.45689562e-02 0.0
-2.50126115e-02 2.50581629e-02 0.0
-2.85228443e-02 2.52596444e-02 0.0
-3.20289875e-02 2.52103394e-02 0.0
-3.55015393e-02 2.49442674e-02 0.0
-3.89148881e-02 2.44918064e-02 0.0
-4.22468488e-02 2.38792681e-02 0.0
-4.54781096e-02 2.31289524e-02 0.0
-4.85918276e-02 2.22593034e-02 0.0
-5.15731703e-02 2.12853822e-02 0.0
-5.44090129e-02 2.02192660e-02 0.0
-5.70875986e-02 1.90706443e-02 0.0
-5.95983431e-02 1.78472252e-02 0.0
-6.19316053e-02 1.65552810e-02 0.0
-6.40785799e-02 1.51999469e-02 0.0
-6.60311556e-02 1.37856501e-02 0.0
-6.77818682e-02 1.23162772e-02 0.0
-6.93238212e-02 1.07954908e-02 0.0
-7.06506767e-02 9.22678944e-03 0.0
-7.17566185e-02 7.61374235e-03 0.0
-7.26363651e-02 5.95998023e-03 0.0
-7.32851636e-02 4.26938281e-03 0.0
-7.36988160e-02 2.54603357e-03 0.0
-7.38736989e-02 7.94387865e-04 0.0
-7.38067999e-02 -9.80782756e-04 0.0
-7.34957619e-02 -2.77422147e-03 0.0
-7.29389308e-02 -4.58023210e-03 0.0
-7.21354262e-02 -6.39249234e-03 0.0
-7.10852049e-02 -8.20407173e-03 0.0
-6.97891636e-02 -1.00072117e-02 0.0
-6.82492241e-02 -1.17932989e-02 0.0
-6.64684764e-02 -1.35525996e-02 0.0
-6.44512951e-02 -1.52741778e-02 0.0
-6.22035316e-02 -1.69455818e-02 0.0
-5.97326719e-02 -1.85527132e-02 0.0
-5.70480869e-02 -2.00794877e-02 0.0
-5.41612377e-02 -2.15076934e-02 0.0
-5.10859858e-02 -2.28166878e-02 0.0
-4.78388433e-02 -2.39833328e-02 0.0
-4.44393309e-02 -2.49818453e-02 0.0
-4.09102513e-02 -2.57839521e-02 0.0
-3.72780587e-02 -2.63590669e-02 0.0
-3.35731065e-02 -2.66748569e-02 0.0
-2.98299637e-02 -2.66979499e-02 0.0
-2.60875588e-02 -2.63951118e-02 0.0
-2.23893555e-02 -2.57346558e-02 0.0
-1.87833038e-02 -2.46883419e-02 0.0
-1.53217975e-02 -2.32335084e-02 0.0
-1.20613809e-02 -2.13556022e-02 0.0
-9.06247894e-03 -1.90508707e-02 0.0
-6.38892303e-03 -1.63293369e-02 0.0
-4.10759921e-03 -1.32175606e-02 0.0
-2.28798371e-03 -9.75999568e-03 0.0
-1.00176334e-03 -6.01619042e-03 0.0
-2.50533381e-04 -2.05339527e-03 0.0
-9.13968452e-05 2.64851994e-03 0.0
-7.33627289e-04 7.50851013e-03 0.0
-2.13163675e-03 1.18821985e-02 0.0
-4.07409981e-03 1.57376344e-02 0.0
-6.46905161e-03 1.90577963e-02 0.0
-9.23312763e-03 2.18424280e-02 0.0
-1.22913463e-02 2.41071102e-02 0.0
-1.55765882e-02 2.58800252e-02 0.0
-1.90292083e-02 2.71980610e-02 0.0
-2.25964862e-02 2.81032946e-02 0.0
-2.62321880e-02 2.86399354e-02 0.0
-2.98959435e-02 2.88519326e-02 0.0
-3.35527282e-02 2.87810558e-02 0.0
-3.71721919e-02 2.84656497e-02 0.0
-4.07281222e-02 2.79397906e-02 0.0
-4.41978030e-02 2.72330186e-02 0.0
-4.75615347e-02 2.63702914e-02 0.0
-5.08020908e-02 2.53723407e-02 0.0
-5.39043459e-02 2.42560482e-02 0.0
-5.68548614e-02 2.30350684e-02 0.0
-5.96416339e-02 2.17203135e-02 0.0
-6.22538073e-02 2.03205911e-02 0.0
-6.46815240e-02 1.88430140e-02 0.0
-6.69157401e-02 1.72935281e-02 0.0
-6.89481518e-02 1.56771817e-02 0.0
-7.07710841e-02 1.39985186e-02 0.0
-7.23774654e-02 1.22617134e-02 0.0
-7.37607674e-02 1.04708560e-02 0.0
-7.49150078e-02 8.62999074e-03 0.0
-7.58347265e-02 6.74333118e-03 0.0
-7.65150051e-02 4.81524358e-03 0.0
-7.69514720e-02 2.85042732e-03 0.0
-7.71403341e-02 8.53874268e-04 0.0
-7.70784078e-02 -1.16895943e-03 0.0
-7.67631627e-02 -3.21219338e-03 0.0
-7.61927801e-02 -5.26934039e-03 0.0
-7.53662105e-02 -7.33332558e-03 0.0
-7.42832639e-02 -9.39627557e-03 0.0
-7.29446857e-02 -1.14494979e-02 0.0
-7.13522850e-02 -1.34832259e-02 0.0
-6.95090374e-02 -1.54865429e-02 0.0
-6.74192581e-02 -1.74470731e-02 0.0
-6.50887422e-02 -1.93508463e-02 0.0
-6.25249921e-02 -2.11819427e-02 0.0
-5.97374034e-02 -2.29223190e-02 0.0
-5.67375554e-02 -2.45514509e-02 0.0
-5.35394475e-02 -2.60461848e-02 0.0
-5.01598532e-02 -2.73804723e-02 0.0
-4.66186023e-02 -2.85253724e-02 0.0
-4.29389821e-02 -2.94490340e-02 0.0
-3.91480399e-02 -3.01170328e-02 0.0
-3.52769911e-02 -3.04928111e-02 0.0
-3.13614853e-02 -3.05385673e-02 0.0
-2.74419463e-02 -3.02163681e-02 0.0
-2.35637107e-02 -2.94897727e-02 0.0
-1.97771948e-02 -2.83257336e-02 0.0
-1.61377961e-02 -2.66969675e-02 0.0
-1.27057786e-02 -2.45845303e-02 0.0
-9.54585276e-03 -2.19807283e-02 0.0
-6.72674024e-03 -1.88921131e-02 0.0
-4.32046193e-03 -1.53423570e-02 0.0
-2.40165707e-03 -1.13735978e-02 0.0
-1.04654744e-03 -7.04390152e-03 0.0
-2.59763877e-04 -2.42039618e-03 0.0
-1.00784745e-04 3.06221384e-03 0.0
-7.77979519e-04 8.63575951e-03 0.0
-2.24105562e-03 1.36160529e-02 0.0
-4.27394783e-03 1.79791591e-02 0.0
-6.77952583e-03 2.17168334e-02 0.0
-9.66959777e-03 2.48375765e-02 0.0
-1.28647901e-02 2.73654183e-02 0.0
-1.62943117e-02 2.93365316e-02 0.0
-1.98954368e-02 3.07953586e-02 0.0
-2.36130644e-02 3.17909664e-02 0.0
-2.73990486e-02 3.23740209e-02 0.0
-3.12116244e-02 3.25942547e-02 0.0
-3.50146508e-02 3.24986280e-02 0.0
-3.87769911e-02 3.21299695e-02 0.0
-4.24717710e-02 3.15262752e-02 0.0
-4.60758087e-02 3.07203511e-02 0.0
-4.95689714e-02 2.97399578e-02 0.0
-5.29337192e-02 2.86080866e-02 0.0
-5.61546020e-02 2.73435539e-02 0.0
-5.92179388e-02 2.59615321e-02 0.0
-6.21114576e-02 2.44742630e-02 0.0
-6.48240970e-02 2.28915792e-02 0.0
-6.73457667e-02 2.12215410e-02 0.0
-6.96672403e-02 1.94708221e-02 0.0
-7.17800058e-02 1.76451994e-02 0.0
-7.36762184e-02 1.57497822e-02 0.0
-7.53486123e-02 1.37893640e-02 0.0
-7.67904903e-02 1.17685259e-02 0.0
-7.79956785e-02 9.69189175e-03 0.0
-7.89585374e-02 7.56415079e-03 0.0
-7.96739493e-02 5.39025858e-03 0.0
-8.01373445e-02 3.17541879e-03 0.0
-8.03447176e-02 9.25262510e-04 0.0
-8.02926664e-02 -1.35418083e-03 0.0
-7.99784379e-02 -3.65630199e-03 0.0
-7.93999805e-02 -5.97392879e-03 0.0
-7.85560228e-02 -8.29912300e-03 0.0
-7.74461429e-02 -1.06231645e-02 0.0
-7.60708837e-02 -1.29363084e-02 0.0
-7.44318459e-02 -1.52277177e-02 0.0
-7.25318458e-02 -1.74851657e-02 0.0
-7.03750398e-02 -1.96949046e-02 0.0
-6.79671331e-02 -2.18413103e-02 0.0
-6.53155450e-02 -2.39066926e-02 0.0
-6.24296771e-02 -2.58709058e-02 0.0
-5.93211293e-02 -2.77111433e-02 0.0
-5.60040350e-02 -2.94015829e-02 0.0
-5.24953327e-02 -3.09132628e-02 0.0
-4.88151685e-02 -3.22138945e-02 0.0
-4.49872183e-02 -3.32679840e-02 0.0
-4.10391414e-02 -3.40370098e-02 0.0
-3.70029235e-02 -3.44800131e-02 0.0
-3.29153341e-02 -3.45543794e-02 0.0
-2.88182218e-02 -3.42171312e-02 0.0
-2.47588795e-02 -3.34265183e-02 0.0
-2.07901704e-02 -3.21441489e-02 0.0
-1.69706513e-02 -3.03374133e-02 0.0
-1.33643621e-02 -2.79823397e-02 0.0
-1.00405358e-02 -2.50666274e-02 0.0
-7.07290417e-03 -2.15929199e-02 0.0
-4.53890615e-03 -1.75817962e-02 0.0
-2.51847838e-03 -1.30733664e-02 0.0
-1.09265936e-03 -8.12504490e-03 0.0
-2.69263741e-04 -2.80537658e-03 0.0
-1.09851190e-04 3.49394346e-03 0.0
-8.20760470e-04 9.81323634e-03 0.0
-2.34671763e-03 1.54276274e-02 0.0
-4.46709322e-03 2.03208791e-02 0.0
-7.07996318e-03 2.44935941e-02 0.0
-1.00924846e-02 2.79634504e-02 0.0
-1.34211799e-02 3.07634793e-02 0.0
-1.69916579e-02 3.29385257e-02 0.0
-2.07382921e-02 3.45411851e-02 0.0
-2.46035843e-02 3.56281288e-02 0.0
-2.85375811e-02 3.62569142e-02 0.0
-3.24970565e-02 3.64834946e-02 0.0
-3.64448166e-02 3.63602619e-02 0.0
-4.03488541e-02 3.59348078e-02 0.0
-4.41816803e-02 3.52491421e-02 0.0
-4.79195674e-02 3.43395146e-02 0.0
-5.15419957e-02 3.32364953e-02 0.0
-5.50310459e-02 3.19654630e-02 0.0
-5.83709946e-02 3.05471290e-02 0.0
-6.15478689e-02 2.89982932e-02 0.0
-6.45491837e-02 2.73324641e-02 0.0
-6.73636368e-02 2.55606039e-02 0.0
-6.99809585e-02 2.36916440e-02 0.0
-7.23917137e-02 2.17330880e-02 0.0
-7.45872267e-02 1.96913545e-02 0.0
-7.65594589e-02 1.75722173e-02 0.0
-7.83009799e-02 1.53809911e-02 0.0
-7.98048970e-02 1.31228434e-02 0.0
-8.10648538e-02 1.08028700e-02 0.0
-8.20749980e-02 8.42632769e-03 0.0
-8.28299984e-02 5.99864694e-03 0.0
-8.33250456e-02 3.52562613e-03 0.0
-8.35558832e-02 1.01341948e-03 0.0
-8.35188410e-02 -1.53127798e-03 0.0
-8.32108815e-02 -4.10124017e-03 0.0
-8.26296662e-02 -6.68851160e-03 0.0
-8.17736209e-02 -9.28439271e-03 0.0
-8.06420383e-02 -1.18792086e-02 0.0
-7.92351656e-02 -1.44622493e-02 0.0
-7.75543484e-02 -1.70214875e-02 0.0
-7.56021464e-02 -1.95434560e-02 0.0
-7.33825246e-02 -2.20129035e-02 0.0
-7.09010039e-02 -2.44126031e-02 0.0
-6.81649074e-02 -2.67229529e-02 0.0
-6.51835555e-02 -2.89217372e-02 0.0
-6.19685759e-02 -3.09837160e-02 0.0
-5.85341533e-02 -3.28804075e-02 0.0
-5.48974129e-02 -3.45797671e-02 0.0
-5.10787317e-02 -3.60461259e-02 0.0
-4.71021990e-02 -3.72401321e-02 0.0
-4.29959871e-02 -3.81190516e-02 0.0
-3.87928724e-02 -3.86372118e-02 0.0
-3.45306325e-02 -3.87469229e-02 0.0
-3.02525668e-02 -3.83996858e-02 0.0
-2.60078265e-02 -3.75479716e-02 0.0
-2.18517970e-02 -3.61473674e-02 0.0
-1.78461744e-02 -3.41592751e-02 0.0
-1.40589755e-02 -3.15539125e-02 0.0
-1.05640953e-02 -2.83137136e-02 0.0
-7.44067465e-03 -2.44368466e-02 0.0
-4.77191770e-03 -1.99405911e-02 0.0
-2.64366332e-03 -1.48632287e-02 0.0
-1.14228991e-03 -9.26235608e-03 0.0
-2.79552242e-04 -3.20941591e-03 0.0
-1.18832582e-04 3.94334452e-03 0.0
-8.63217995e-04 1.10398540e-02 0.0
-2.45147811e-03 1.73152473e-02 0.0
-4.65851630e-03 2.27606999e-02 0.0
-7.37761946e-03 2.73857823e-02 0.0
-1.05115056e-02 3.12177122e-02 0.0
-1.39726408e-02 3.42990991e-02 0.0
-1.76832423e-02 3.66840427e-02 0.0
-2.15748012e-02 3.84339271e-02 0.0
-2.55875755e-02 3.96135252e-02 0.0
-2.96697655e-02 4.02877845e-02 0.0
-3.37767738e-02 4.05191936e-02 0.0
-3.78702677e-02 4.03659102e-02 0.0
-4.19174147e-02 3.98804426e-02 0.0
-4.58900054e-02 3.91090298e-02 0.0
-4.97637941e-02 3.80914133e-02 0.0
-5.35177738e-02 3.68611218e-02 0.0
-5.71336760e-02 3.54459104e-02 0.0
-6.05954235e-02 3.38685053e-02 0.0
-6.38887916e-02 3.21472908e-02 0.0
-6.70010238e-02 3.02971500e-02 0.0
-6.99206251e-02 2.83301125e-02 0.0
-7.26371063e-02 2.62560826e-02 0.0
-7.51408706e-02 2.40833161e-02 0.0
-7.74230493e-02 2.18189688e-02 0.0
-7.94754480e-02 1.94693870e-02 0.0
-8.12904447e-02 1.70404950e-02 0.0
-8.28609719e-02 1.45379414e-02 0.0
-8.41804602e-02 1.19673764e-02 0.0
-8.52428427e-02 9.33450857e-03 0.0
-8.60425364e-02 6.64532174e-03 0.0
-8.65744646e-02 3.90608861e-03 0.0
-8.68340727e-02 1.12356493e-03 0.0
-8.68173693e-02 -1.69500711e-03 0.0
-8.65209780e-02 -4.54170072e-03 0.0
-8.59421977e-02 -7.40788624e-03 0.0
-8.50790943e-02 -1.02840080e-02 0.0
-8.39305835e-02 -1.31595295e-02 0.0
-8.24965643e-02 -1.60226656e-02 0.0
-8.07780291e-02 -1.88602710e-02 0.0
-7.87772425e-02 -2.16575117e-02 0.0
-7.64978827e-02 -2.43976827e-02 0.0
-7.39452710e-02 -2.70618137e-02 0.0
-7.11265499e-02 -2.96284204e-02 0.0
-6.80509703e-02 -3.20730666e-02 0.0
-6.47301157e-02 -3.43680900e-02 0.0
-6.11782569e-02 -3.64821895e-02 0.0
-5.74126363e-02 -3.83802251e-02 0.0
-5.34539040e-02 -4.00229666e-02 0.0
-4.93264763e-02 -4.13671417e-02 0.0
-4.50590646e-02 -4.23655621e-02 0.0
-4.06851117e-02 -4.29676707e-02 0.0
-3.62433980e-02 -4.31203267e-02 0.0
-3.17785140e-02 -4.27691463e-02 0.0
-2.73414582e-02 -4.18602294e-02 0.0
-2.29900023e-02 -4.03425233e-02 0.0
-1.87890615e-02 -3.81706188e-02 0.0
-1.48106543e-02 -3.53081171e-02 0.0
-1.11336726e-02 -3.17313218e-02 0.0
-7.84302345e-03 -2.74332654e-02 0.0
-5.02840968e-03 -2.24275089e-02 0.0
-2.78234116e-03 -1.67506062e-02 0.0
-1.19764549e-03 -1.04610289e-02 0.0
-2.91074598e-04 -3.63456277e-03 0.0
-1.28006137e-04 4.41056190e-03 0.0
-9.06411423e-04 1.23158154e-02 0.0
-2.55787886e-03 1.92790336e-02 0.0
-4.85253664e-03 2.52986391e-02 0.0
-7.67888765e-03 3.03933338e-02 0.0
-1.09351256e-02 3.46003304e-02 0.0
-1.45298222e-02 3.79723652e-02 0.0
-1.83818173e-02 4.05734345e-02 0.0
-2.24199122e-02 4.24742571e-02 0.0
-2.65821197e-02 4.37482536e-02 0.0
-3.08149286e-02 4.44681379e-02 0.0
-3.50723024e-02 4.47033134e-02 0.0
-3.93148304e-02 4.45179094e-02 0.0
-4.35087352e-02 4.39695998e-02 0.0
-4.76251038e-02 4.31089420e-02 0.0
-5.16390393e-02 4.19793426e-02 0.0
-5.55290560e-02 4.06173111e-02 0.0
-5.92764200e-02 3.90531159e-02 0.0
-6.28647215e-02 3.73114821e-02 0.0
-6.62793984e-02 3.54124978e-02 0.0
-6.95074607e-02 3.33723803e-02 0.0
-7.25371638e-02 3.12043344e-02 0.0
-7.53578466e-02 2.89191759e-02 0.0
-7.79597142e-02 2.65260101e-02 0.0
-8.03337514e-02 2.40326488e-02 0.0
-8.24715810e-02 2.14460967e-02 0.0
-8.43654239e-02 1.87727883e-02 0.0
-8.60080112e-02 1.60189286e-02 0.0
-8.73925740e-02 1.31906076e-02 0.0
-8.85127982e-02 1.02940530e-02 0.0
-8.93628360e-02 7.33567845e-03 0.0
-8.99373007e-02 4.32229502e-03 0.0
-9.02312984e-02 1.26113483e-03 0.0
-9.02404635e-02 -1.83994527e-03 0.0
-8.99610122e-02 -4.97243567e-03 0.0
-8.93898212e-02 -8.12695428e-03 0.0
-8.85245066e-02 -1.12931910e-02 0.0
-8.73635472e-02 -1.44596518e-02 0.0
-8.59063920e-02 -1.76135546e-02 0.0
-8.41536309e-02 -2.07405183e-02 0.0
-8.21071315e-02 -2.38243928e-02 0.0
-7.97702588e-02 -2.68468803e-02 0.0
-7.71480447e-02 -2.97872914e-02 0.0
-7.42474574e-02 -3.26221051e-02 0.0
-7.10776081e-02 -3.53246687e-02 0.0
-6.76500772e-02 -3.78647366e-02 0.0
-6.39791672e-02 -4.02081792e-02 0.0
-6.00823006e-02 -4.23165961e-02 0.0
-5.59803406e-02 -4.41471664e-02 0.0
-5.16980846e-02 -4.56525107e-02 0.0
-4.72646811e-02 -4.67808987e-02 0.0
-4.27142447e-02 -4.74766211e-02 0.0
-3.80863831e-02 -4.76808552e-02 0.0
-3.34269181e-02 -4.73328780e-02 0.0
-2.87884630e-02 -4.63719259e-02 0.0
-2.42311150e-02 -4.47395564e-02 0.0
-1.98228473e-02 -4.23827261e-02 0.0
-1.56398149e-02 -3.92573899e-02 0.0
-1.17660764e-02 -3.53327165e-02 0.0
-8.29292717e-03 -3.05956251e-02 0.0
-5.31734456e-03 -2.50553085e-02 0.0
-2.93980099e-03 -1.87463907e-02 0.0
-1.26097140e-03 -1.17287487e-02 0.0
-3.04370429e-04 -4.08384560e-03 0.0
-1.37540340e-04 4.89619102e-03 0.0
-9.51301001e-04 1.36424424e-02 0.0
-2.66808604e-03 2.13206812e-02 0.0
-5.05292545e-03 2.79365184e-02 0.0
-7.98919859e-03 3.35181180e-02 0.0
-1.13705831e-02 3.81132154e-02 0.0
-1.51016948e-02 4.17853445e-02 0.0
-1.90981928e-02 4.46090114e-02 0.0
-2.32862191e-02 4.66648737e-02 0.0
-2.76017329e-02 4.80354375e-02 0.0
-3.19894820e-02 4.88015996e-02 0.0
-3.64020862e-02 4.90399239e-02 0.0
-4.07989386e-02 4.88207816e-02 0.0
-4.51453301e-02 4.82071325e-02 0.0
-4.94114807e-02 4.72540445e-02 0.0
-5.35718268e-02 4.60086433e-02 0.0
-5.76042472e-02 4.45105760e-02 0.0
-6.14895390e-02 4.27926406e-02 0.0
-6.52108396e-02 4.08816996e-02 0.0
-6.87532718e-02 3.87995341e-02 0.0
-7.21035338e-02 3.65638184e-02 0.0
-7.52496763e-02 3.41888958e-02 0.0
-7.81808207e-02 3.16866003e-02 0.0
-8.08870286e-02 2.90668232e-02 0.0
-8.33591112e-02 2.63381213e-02 0.0
-8.55885581e-02 2.35080692e-02 0.0
-8.75674120e-02 2.05836838e-02 0.0
-8.92882350e-02 1.75716167e-02 0.0
-9.07440336e-02 1.44784561e-02 0.0
-9.19282525e-02 1.13108240e-02 0.0
-9.28347439e-02 8.07561408e-03 0.0
-9.34577859e-02 4.78004416e-03 0.0
-9.37920968e-02 1.43187255e-03 0.0
-9.38328794e-02 -1.96055734e-03 0.0
-9.35758825e-02 -5.38809461e-03 0.0
-9.30174744e-02 -8.84071826e-03 0.0
-9.21547545e-02 -1.23072871e-02 0.0
-9.09856591e-02 -1.57754378e-02 0.0
-8.95091240e-02 -1.92312886e-02 0.0
-8.77252232e-02 -2.26592784e-02 0.0
-8.56353828e-02 -2.60418083e-02 0.0
-8.32425501e-02 -2.93590089e-02 0.0
-8.05514566e-02 -3.25883136e-02 0.0
-7.75688161e-02 -3.57041575e-02 0.0
-7.43036336e-02 -3.86775000e-02 0.0
-7.07674360e-02 -4.14754901e-02 0.0
-6.69746334e-02 -4.40610004e-02 0.0
-6.29427958e-02 -4.63923461e-02 0.0
-5.86930911e-02 -4.84229546e-02 0.0
-5.42506440e-02 -5.01013046e-02 0.0
-4.96450962e-02 -5.13709424e-02 0.0
-4.49110997e-02 -5.21709023e-02 0.0
-4.00890489e-02 -5.24363863e-02 0.0
-3.52257396e-02 -5.21000273e-02 0.0
-3.03752547e-02 -5.10936310e-02 0.0
-2.55996911e-02 -4.93506841e-02 0.0
-2.09699726e-02 -4.68095145e-02 0.0
-1.65662479e-02 -4.34172954e-02 0.0
-1.24780342e-02 -3.91347093e-02 0.0
-8.80350200e-03 -3.39412666e-02 0.0
-5.64804842e-03 -2.78406655e-02 0.0
-3.12157614e-03 -2.08650193e-02 0.0
-1.33471337e-03 -1.30757916e-02 0.0
-3.19945675e-04 -4.56134283e-03 0.0
-1.47669261e-04 5.40122552e-03 0.0
-9.98710683e-04 1.50220450e-02 0.0
-2.78403877e-03 2.34432139e-02 0.0
-5.26285105e-03 3.06776695e-02 0.0
-8.31311782e-03 3.67635467e-02 0.0
-1.18237508e-02 4.17598538e-02 0.0
-1.56955434e-02 4.57416678e-02 0.0
-1.98410139e-02 4.87947235e-02 0.0
-2.41839013e-02 5.10101497e-02 0.0
-2.86581442e-02 5.24800014e-02 0.0
-3.32069038e-02 5.32936348e-02 0.0
-3.77813595e-02 5.35350476e-02 0.0
-4.23397279e-02 5.32809845e-02 0.0
-4.68461779e-02 5.25998850e-02 0.0
-5.12700172e-02 5.15514021e-02 0.0
-5.55848100e-02 5.01865523e-02 0.0
-5.97677598e-02 4.85481705e-02 0.0
-6.37990293e-02 4.66717474e-02 0.0
-6.76613009e-02 4.45863102e-02 0.0
-7.13392749e-02 4.23154809e-02 0.0
-7.48193746e-02 3.98783890e-02 0.0
-7.80893874e-02 3.72906415e-02 0.0
-8.11382781e-02 3.45650546e-02 0.0
-8.39559377e-02 3.17124055e-02 0.0
-8.65330696e-02 2.87419258e-02 0.0
-8.88610168e-02 2.56618346e-02 0.0
-9.09316975e-02 2.24796312e-02 0.0
-9.27374908e-02 1.92024664e-02 0.0
-9.42712075e-02 1.58373041e-02 0.0
-9.55260270e-02 1.23911983e-02 0.0
-9.64954971e-02 8.87138609e-03 0.0
-9.71735211e-02 5.28552373e-03 0.0
-9.75543882e-02 1.64175667e-03 0.0
-9.76328126e-02 -2.05104910e-03 0.0
-9.74039980e-02 -5.78322979e-03 0.0
-9.68637327e-02 -9.54407303e-03 0.0
-9.60084922e-02 -1.33217107e-02 0.0
-9.48355924e-02 -1.71028297e-02 0.0
-9.33433304e-02 -2.08725162e-02 0.0
-9.15311959e-02 -2.46139116e-02 0.0
-8.94000475e-02 -2.83079925e-02 0.0
-8.69523750e-02 -3.19331622e-02 0.0
-8.41925047e-02 -3.54649601e-02 0.0
-8.11269045e-02 -3.88755928e-02 0.0
-7.77644085e-02 -4.21335883e-02 0.0
-7.41165593e-02 -4.52032996e-02 0.0
-7.01978530e-02 -4.80445555e-02 0.0
-6.60261274e-02 -5.06122164e-02 0.0
-6.16228525e-02 -5.28559314e-02 0.0
-5.70136064e-02 -5.47198958e-02 0.0
-5.22284744e-02 -5.61429116e-02 0.0
-4.73026945e-02 -5.70585980e-02 0.0
-4.22772606e-02 -5.73960701e-02 0.0
-3.71998256e-02 -5.70809910e-02 0.0
-3.21255648e-02 -5.60373231e-02 0.0
-2.71183082e-02 -5.41897310e-02 0.0
-2.22514922e-02 -5.14669281e-02 0.0
-1.76091276e-02 -4.78059061e-02 0.0
-1.32861575e-02 -4.31572251e-02 0.0
-9.38825871e-03 -3.74911339e-02 0.0
-6.03033237e-03 -3.08041380e-02 0.0
-3.33373273e-03 -2.31245883e-02 0.0
-1.42156030e-03 -1.45152352e-02 0.0
-3.38465430e-04 -5.07229976e-03 0.0
-1.58531881e-04 5.92703616e-03 0.0
-1.04943768e-03 1.64577995e-02 0.0
-2.90739443e-03 2.56507681e-02 0.0
-5.48500806e-03 3.35265734e-02 0.0
-8.65422853e-03 4.01341724e-02 0.0
-1.22991474e-02 4.55448305e-02 0.0
-1.63167309e-02 4.98461275e-02 0.0
-2.06166805e-02 5.31357522e-02 0.0
-2.51204627e-02 5.55158687e-02 0.0
-2.97602516e-02 5.70883998e-02 0.0
-3.44775821e-02 5.79514213e-02 0.0
-3.92222399e-02 5.81964767e-02 0.0
-4.39510527e-02 5.79068473e-02 0.0
-4.86269850e-02 5.71565218e-02 0.0
-5.32181639e-02 5.60099088e-02 0.0
-5.76971868e-02 5.45219930e-02 0.0
-6.20403538e-02 5.27389856e-02 0.0
-6.62271506e-02 5.06991432e-02 0.0
-7.02396547e-02 4.84338415e-02 0.0
-7.40621635e-02 4.59685888e-02 0.0
-7.76807476e-02 4.33241270e-02 0.0
-8.10829959e-02 4.05173310e-02 0.0
-8.42576882e-02 3.75621197e-02 0.0
-8.71946278e-02 3.44701146e-02 0.0
-8.98844066e-02 3.12513065e-02 0.0
-9.23182994e-02 2.79144759e-02 0.0
-9.44881004e-02 2.44676567e-02 0.0
-9.63860621e-02 2.09183832e-02 0.0
-9.80047914e-02 1.72740228e-02 0.0
-9.93372243e-02 1.35419228e-02 0.0
-1.00376578e-01 9.72967776e-03 0.0
-1.01116363e-01 5.84523311e-03 0.0
-1.01550389e-01 1.89713341e-03 0.0
-1.01672820e-01 -2.10537821e-03 0.0
-1.01478243e-01 -6.15210134e-03 0.0
-1.00961761e-01 -1.02317575e-02 0.0
-1.00119139e-01 -1.43317007e-02 0.0
-9.89469346e-02 -1.84377569e-02 0.0
-9.74427138e-02 -2.25338878e-02 0.0
-9.56052310e-02 -2.66019757e-02 0.0
-9.34346996e-02 -3.06214306e-02 0.0
-9.09330113e-02 -3.45689106e-02 0.0
-8.81040525e-02 -3.84178710e-02 0.0
-8.49539435e-02 -4.21382256e-02 0.0
-8.14913825e-02 -4.56958523e-02 0.0
-7.77278883e-02 -4.90522236e-02 0.0
-7.36781622e-02 -5.21639148e-02 0.0
-6.93603337e-02 -5.49822675e-02 0.0
-6.47963585e-02 -5.74529936e-02 0.0
-6.00123116e-02 -5.95159959e-02 0.0
-5.50388955e-02 -6.11052364e-02 0.0
-4.99118933e-02 -6.21489388e-02 0.0
-4.46729296e-02 -6.25700188e-02 0.0
-3.93702474e-02 -6.22870582e-02 0.0
-3.40598766e-02 -6.12157950e-02 0.0
-2.88068273e-02 -5.92714798e-02 0.0
-2.36866087e-02 -5.63721379e-02 0.0
-1.87865267e-02 -5.24430747e-02 0.0
-1.42068508e-02 -4.74226440e-02 0.0
-1.00610189e-02 -4.12693951e-02 0.0
-6.47473260e-03 -3.39700487e-02 0.0
-3.58294241e-03 -2.55470348e-02 0.0
-1.52463352e-03 -1.60632474e-02 0.0
-3.60620288e-04 -5.62332207e-03 0.0
-1.70368512e-04 6.47536888e-03 0.0
-1.10422617e-03 1.79536731e-02 0.0
-3.03969171e-03 2.79483405e-02 0.0
-5.72151764e-03 3.64884748e-02 0.0
-9.01514188e-03 4.36351586e-02 0.0
-1.27996454e-02 4.94733199e-02 0.0
-1.69685314e-02 5.41041692e-02 0.0
-2.14289614e-02 5.76381617e-02 0.0
-2.61005652e-02 6.01889250e-02 0.0
-3.09138412e-02 6.18684977e-02 0.0
-3.58088187e-02 6.27837286e-02 0.0
-4.07336730e-02 6.30337878e-02 0.0
-4.56437182e-02 6.27085078e-02 0.0
-5.05003617e-02 6.18875592e-02 0.0
-5.52703716e-02 6.06401892e-02 0.0
-5.99250579e-02 5.90255586e-02 0.0
-6.44397062e-02 5.70933784e-02 0.0
-6.87929106e-02 5.48849019e-02 0.0
-7.29661304e-02 5.24339625e-02 0.0
-7.69431524e-02 4.97681608e-02 0.0
-8.07097571e-02 4.69099111e-02 0.0
-8.42533023e-02 4.38775131e-02 0.0
-8.75624842e-02 4.06859887e-02 0.0
-9.06270260e-02 3.73479085e-02 0.0
-9.34375153e-02 3.38739657e-02 0.0
-9.59851782e-02 3.02735610e-02 0.0
-9.82617744e-02 2.65551600e-02 0.0
-1.00259442e-01 2.27267032e-02 0.0
-1.01970639e-01 1.87958246e-02 0.0
-1.03388051e-01 1.47701635e-02 0.0
-1.04504576e-01 1.06575142e-02 0.0
-1.05313295e-01 6.46609918e-03 0.0
-1.05807501e-01 2.20469902e-03 0.0
-1.05980741e-01 -2.11707389e-03 0.0
-1.05826893e-01 -6.48863278e-03 0.0
-1.05340285e-01 -1.08981191e-02 0.0
-1.04515825e-01 -1.53322267e-02 0.0
-1.03349202e-01 -1.97758650e-02 0.0
-1.01837075e-01 -2.42119365e-02 0.0
-9.99773468e-02 -2.86209509e-02 0.0
-9.77694015e-02 -3.29807482e-02 0.0
-9.52144412e-02 -3.72660618e-02 0.0
-9.23157545e-02 -4.14481893e-02 0.0
-8.90790861e-02 -4.54945140e-02 0.0
-8.55129062e-02 -4.93681388e-02 0.0
-8.16287837e-02 -5.30273937e-02 0.0
-7.74416299e-02 -5.64254699e-02 0.0
-7.29700595e-02 -5.95099633e-02 0.0
-6.82366136e-02 -6.22225770e-02 0.0
-6.32681438e-02 -6.44987947e-02 0.0
-5.80960933e-02 -6.62677763e-02 0.0
-5.27570352e-02 -6.74523393e-02 0.0
-4.72932037e-02 -6.79693009e-02 0.0
-4.17534321e-02 -6.77301258e-02 0.0
-3.61942152e-02 -6.66422186e-02 0.0
-3.06813085e-02 -6.46109249e-02 0.0
-2.52914711e-02 -6.15426695e-02 0.0
-2.01146088e-02 -5.73494178e-02 0.0
-1.52556106e-02 -5.19549136e-02 0.0
-1.08357447e-02 -4.53027718e-02 0.0
-6.99241410e-03 -3.73662458e-02 0.0
-3.87673183e-03 -2.81582773e-02 0.0
-1.64754172e-03 -1.77394797e-02 0.0
-3.87346877e-04 -6.22263996e-03 0.0
-1.83358814e-04 7.04839296e-03 0.0
-1.16390613e-03 1.95143599e-02 0.0
-3.18227357e-03 3.03415121e-02 0.0
-5.97395663e-03 3.95688467e-02 0.0
-9.39714838e-03 4.72716478e-02 0.0
-1.33261756e-02 5.35504155e-02 0.0
-1.76515357e-02 5.85213841e-02 0.0
-2.22785940e-02 6.23085080e-02 0.0
-2.71255028e-02 6.50371743e-02 0.0
-3.21213856e-02 6.68294984e-02 0.0
-3.72046002e-02 6.78010209e-02 0.0
-4.23215522e-02 6.80584105e-02 0.0
-4.74255790e-02 6.76980748e-02 0.0
-5.24762250e-02 6.68054069e-02 0.0
-5.74384370e-02 6.54546970e-02 0.0
-6.22820122e-02 6.37094526e-02 0.0
-6.69809057e-02 6.16231742e-02 0.0
-7.15127449e-02 5.92403040e-02 0.0
-7.58582141e-02 5.65974105e-02 0.0
-8.00006388e-02 5.37243262e-02 0.0
-8.39254685e-02 5.06453528e-02 0.0
-8.76199492e-02 4.73802747e-02 0.0
-9.10727153e-02 4.39453578e-02 0.0
-9.42735510e-02 4.03541036e-02 0.0
-9.72130835e-02 3.66179832e-02 0.0
-9.98826185e-02 3.27469355e-02 0.0
-1.02273921e-01 2.87498813e-02 0.0
-1.04379109e-01 2.46350373e-02 0.0
-1.06190511e-01 2.04102910e-02 0.0
-1.07700609e-01 1.60834111e-02 0.0
-1.08901970e-01 1.16623570e-02 0.0
-1.09787238e-01 7.15544856e-03 0.0
-1.10349139e-01 2.57166207e-03 0.0
-1.10580533e-01 -2.07919811e-03 0.0
-1.10474499e-01 -6.78618666e-03 0.0
-1.10024452e-01 -1.15370178e-02 0.0
-1.09224321e-01 -1.63177176e-02 0.0
-1.08068737e-01 -2.11123827e-02 0.0
-1.06553297e-01 -2.59027891e-02 0.0
-1.04674827e-01 -3.06681035e-02 0.0
-1.02431729e-01 -3.53844492e-02 0.0
-9.98242903e-02 -4.00245742e-02 0.0
-9.68550891e-02 -4.45573840e-02 0.0
-9.35293175e-02 -4.89475828e-02 0.0
-8.98552017e-02 -5.31551951e-02 0.0
-8.58442903e-02 -5.71352058e-02 0.0
-8.15118394e-02 -6.08371036e-02 0.0
-7.68770310e-02 -6.42045552e-02 0.0
-7.19633025e-02 -6.71750137e-02 0.0
-6.67985111e-02 -6.96794800e-02 0.0
-6.14152734e-02 -7.16422481e-02 0.0
-5.58512127e-02 -7.29808621e-02 0.0
-5.01495331e-02 -7.36061737e-02 0.0
-4.43596740e-02 -7.34227758e-02 0.0
-3.85385368e-02 -7.23298241e-02 0.0
-3.27520272e-02 -7.02226450e-02 0.0
-2.70773828e-02 -6.69953503e-02 0.0
-2.16058474e-02 -6.25450621e-02 0.0
-1.64458507e-02 -5.67782017e-02 0.0
-1.17256761e-02 -4.96194701e-02 0.0
-7.59500678e-03 -4.10235039e-02 0.0
-4.22342292e-03 -3.09882507e-02 0.0
-1.79458913e-03 -1.95675061e-02 0.0
-4.19700047e-04 -6.88048076e-03 0.0
-1.97853927e-04 7.64880465e-03 0.0
-1.22939434e-03 2.11452459e-02 0.0
-3.33640292e-03 3.28360273e-02 0.0
-6.24301091e-03 4.27726586e-02 0.0
-9.79979542e-03 5.10478576e-02 0.0
-1.38768524e-02 5.77803461e-02 0.0
-1.83628852e-02 6.31029118e-02 0.0
-2.31623506e-02 6.71535797e-02 0.0
-2.81926308e-02 7.00693762e-02 0.0
-3.33814987e-02 7.19821418e-02 0.0
-3.86654946e-02 7.30156909e-02 0.0
-4.39886604e-02 7.32839707e-02 0.0
-4.93018626e-02 7.28898640e-02 0.0
-5.45621021e-02 7.19246325e-02 0.0
-5.97320902e-02 7.04678080e-02 0.0
-6.47796297e-02 6.85876011e-02 0.0
-6.96771596e-02 6.63416007e-02 0.0
-7.44011027e-02 6.37778189e-02 0.0
-7.89313847e-02 6.09358118e-02 0.0
-8.32508115e-02 5.78479480e-02 0.0
-8.73446371e-02 5.45405633e-02 0.0
-9.12000357e-02 5.10351261e-02 0.0
-9.48057606e-02 4.73491846e-02 0.0
-9.81517330e-02 4.34972769e-02 0.0
-1.01228796e-01 3.94916008e-02 0.0
-1.04028409e-01 3.53426660e-02 0.0
-1.06542485e-01 3.10597317e-02 0.0
-1.08763176e-01 2.66512711e-02 0.0
-1.10682772e-01 2.21252618e-02 0.0
-1.12293572e-01 1.74895477e-02 0.0
-1.13587840e-01 1.27520604e-02 0.0
-1.14557762e-01 7.92114541e-03 0.0
-1.15195456e-01 3.00577099e-03 0.0
-1.15493021e-01 -1.98413794e-03 0.0
-1.15442623e-01 -7.03746938e-03 0.0
-1.15036639e-01 -1.21415577e-02 0.0
-1.14267826e-01 -1.72819137e-02 0.0
-1.13129578e-01 -2.24418157e-02 0.0
-1.11616177e-01 -2.76019946e-02 0.0
-1.09723162e-01 -3.27401847e-02 0.0
-1.07447661e-01 -3.78307725e-02 0.0
-1.04788839e-01 -4.28443218e-02 0.0
-1.01748283e-01 -4.77472067e-02 0.0
-9.83304952e-02 -5.25011389e-02 0.0
-9.45432599e-02 -5.70628143e-02 0.0
-9.03981122e-02 -6.13834763e-02 0.0
-8.59106272e-02 -6.54086054e-02 0.0
-8.11007885e-02 -6.90775438e-02 0.0
-7.59931447e-02 -7.23232471e-02 0.0
-7.06170598e-02 -7.50719804e-02 0.0
-6.50067699e-02 -7.72431399e-02 0.0
-5.92016319e-02 -7.87490422e-02 0.0
-5.32463095e-02 -7.94948763e-02 0.0
-4.71913942e-02 -7.93787375e-02 0.0
-4.10942661e-02 -7.82920257e-02 0.0
-3.50208028e-02 -7.61203239e-02 0.0
-2.90477511e-02 -7.27452836e-02 0.0
-2.32663163e-02 -6.80480252e-02 0.0
-1.77864648e-02 -6.19150218e-02 0.0
-1.27418565e-02 -5.42473784e-02 0.0
-8.29374008e-03 -4.49743358e-02 0.0
-4.63212248e-03 -3.40705853e-02 0.0
-1.97082529e-03 -2.15752768e-02 0.0
-4.59117114e-04 -7.60956359e-03 0.0
-2.14242742e-04 8.28004282e-03 0.0
-1.30187711e-03 2.28523339e-02 0.0
-3.50301854e-03 3.54371160e-02 0.0
-6.52800565e-03 4.61032014e-02 0.0
-1.02197030e-02 5.49658441e-02 0.0
-1.44456902e-02 6.21654606e-02 0.0
-1.90947005e-02 6.78529080e-02 0.0
-2.40718464e-02 7.21802717e-02 0.0
-2.92942769e-02 7.52954820e-02 0.0
-3.46884311e-02 7.73391541e-02 0.0
-4.01883154e-02 7.84426649e-02 0.0
-4.57348465e-02 7.87268081e-02 0.0
-5.12754042e-02 7.83009102e-02 0.0
-5.67637212e-02 7.72622746e-02 0.0
-6.21595210e-02 7.56960943e-02 0.0
-6.74282351e-02 7.36757162e-02 0.0
-7.25404111e-02 7.12633471e-02 0.0
-7.74712168e-02 6.85109836e-02 0.0
-8.21997276e-02 6.54616094e-02 0.0
-8.67083782e-02 6.21504034e-02 0.0
-9.09822895e-02 5.86060266e-02 0.0
-9.50087933e-02 5.48517519e-02 0.0
-9.87768816e-02 5.09065642e-02 0.0
-1.02276848e-01 4.67860322e-02 0.0
-1.05499871e-01 4.25031325e-02 0.0
-1.08437768e-01 3.80688489e-02 0.0
-1.11082694e-01 3.34927585e-02 0.0
-1.13426981e-01 2.87834316e-02 0.0
-1.15462938e-01 2.39488665e-02 0.0
-1.17182761e-01 1.89967804e-02 0.0
-1.18578426e-01 1.39349767e-02 0.0
-1.19641660e-01 8.77159992e-03 0.0
-1.20363930e-01 3.51549618e-03 0.0
-1.20736492e-01 -1.82351983e-03 0.0
-1.20750488e-01 -7.23427470e-03 0.0
-1.20397081e-01 -1.27039306e-02 0.0
-1.19667673e-01 -1.82175496e-02 0.0
-1.18554151e-01 -2.37577405e-02 0.0
-1.17049236e-01 -2.93041792e-02 0.0
-1.15146831e-01 -3.48332168e-02 0.0
-1.12842498e-01 -4.03173757e-02 0.0
-1.10133897e-01 -4.57249464e-02 0.0
-1.07021349e-01 -5.10194953e-02 0.0
-1.03508310e-01 -5.61594924e-02 0.0
-9.96019491e-02 -6.10978769e-02 0.0
-9.53135774e-02 -6.57817591e-02 0.0
-9.06591370e-02 -7.01520807e-02 0.0
-8.56594718e-02 -7.41434114e-02 0.0
-8.03406381e-02 -7.76837036e-02 0.0
-7.47339448e-02 -8.06941557e-02 0.0
-6.88760581e-02 -8.30890032e-02 0.0
-6.28088753e-02 -8.47753691e-02 0.0
-5.65796123e-02 -8.56530131e-02 0.0
-5.02408840e-02 -8.56141309e-02 0.0
-4.38513893e-02 -8.45431511e-02 0.0
-3.74771190e-02 -8.23168369e-02 0.0
-3.11938871e-02 -7.88049689e-02 0.0
-2.50911728e-02 -7.38724127e-02 0.0
-1.92779743e-02 -6.73836182e-02 0.0
-1.38900541e-02 -5.92112539e-02 0.0
-9.09788304e-03 -4.92507018e-02 0.0
-5.11209226e-03 -3.74415913e-02 0.0
-2.18221658e-03 -2.37954183e-02 0.0
-5.07327604e-04 -8.42578196e-03 0.0
-2.33266196e-04 8.94667261e-03 0.0
-1.38282363e-03 2.46420281e-02 0.0
-3.68243107e-03 3.81481972e-02 0.0
-6.82548820e-03 4.95602022e-02 0.0
-1.06486050e-02 5.90237051e-02 0.0
-1.50200497e-02 6.67050902e-02 0.0
-1.98318454e-02 7.27741528e-02 0.0
-2.49915123e-02 7.73959189e-02 0.0
-3.04165279e-02 8.07273695e-02 0.0
-3.60312547e-02 8.29162465e-02 0.0
-4.17660446e-02 8.41003545e-02 0.0
-4.75571581e-02 8.44068807e-02 0.0
-5.33472560e-02 8.39516192e-02 0.0
-5.90856056e-02 8.28383673e-02 0.0
-6.47282377e-02 8.11585764e-02 0.0
-7.02376069e-02 7.89914687e-02 0.0
-7.55821959e-02 7.64045182e-02 0.0
-8.07357650e-02 7.34543537e-02 0.0
-8.56766938e-02 7.01878516e-02 0.0
-9.03871375e-02 6.66434349e-02 0.0
-9.48523765e-02 6.28523306e-02 0.0
-9.90600809e-02 5.88398472e-02 0.0
-1.02999793e-01 5.46264653e-02 0.0
-1.06662363e-01 5.02288677e-02 0.0
-1.10039579e-01 4.56607420e-02 0.0
-1.13123765e-01 4.09335313e-02 0.0
-1.15907531e-01 3.60569797e-02 0.0
-1.18383494e-01 3.10396743e-02 0.0
-1.20544124e-01 2.58894273e-02 0.0
-1.22381567e-01 2.06137045e-02 0.0
-1.23887566e-01 1.52199364e-02 0.0
-1.25053385e-01 9.71591359e-03 0.0
-1.25869806e-01 4.11009459e-03 0.0
-1.26327164e-01 -1.58797785e-03 0.0
-1.26415433e-01 -7.36733187e-03 0.0
-1.26124396e-01 -1.32151008e-02 0.0
-1.25443843e-01 -1.91161234e-02 0.0
-1.24363893e-01 -2.50524246e-02 0.0
-1.22875326e-01 -3.10027665e-02 0.0
-1.20970059e-01 -3.69420939e-02 0.0
-1.18641619e-01 -4.28410677e-02 0.0
-1.15885756e-01 -4.86655191e-02 0.0
-1.12701013e-01 -5.43760191e-02 0.0
-1.09089426e-01 -5.99274058e-02 0.0
-1.05057109e-01 -6.52684569e-02 0.0
-1.00614929e-01 -7.03415531e-02 0.0
-9.57789807e-02 -7.50825045e-02 0.0
-9.05710900e-02 -7.94203794e-02 0.0
-8.50190278e-02 -8.32774742e-02 0.0
-7.91567065e-02 -8.65692505e-02 0.0
-7.30240259e-02 -8.92043341e-02 0.0
-6.66667318e-02 -9.10843823e-02 0.0
-6.01359917e-02 -9.21038782e-02 0.0
-5.34882038e-02 -9.21496667e-02 0.0
-4.67848883e-02 -9.11003188e-02 0.0
-4.00934534e-02 -8.88252776e-02 0.0
-3.34889788e-02 -8.51841470e-02 0.0
-2.70581878e-02 -8.00266627e-02 0.0
-2.09059857e-02 -7.31947008e-02 0.0
-1.51655788e-02 -6.45284414e-02 0.0
-1.00112603e-02 -5.38799564e-02 0.0
-5.67154757e-03 -4.11378037e-02 0.0
-2.43552302e-03 -2.62650794e-02 0.0
-5.66706643e-04 -9.34913743e-03 0.0
-2.55986543e-04 9.65506404e-03 0.0
-1.47405054e-03 2.65204072e-02 0.0
-3.87295709e-03 4.09683597e-02 0.0
-7.12651439e-03 5.31366921e-02 0.0
-1.10693060e-02 6.32131729e-02 0.0
-1.55766170e-02 7.13944375e-02 0.0
-2.05482211e-02 7.78682756e-02 0.0
-2.58960796e-02 8.28094015e-02 0.0
-3.15375470e-02 8.63804604e-02 0.0
-3.73933359e-02 8.87337714e-02 0.0
-4.33878133e-02 9.00122071e-02 0.0
-4.94505147e-02 9.03489622e-02 0.0
-5.55174459e-02 8.98666956e-02 0.0
-6.15321512e-02 8.86764828e-02 0.0
-6.74459796e-02 8.68770674e-02 0.0
-7.32180197e-02 8.45545409e-02 0.0
-7.88144334e-02 8.17826106e-02 0.0
-8.42077245e-02 7.86232905e-02 0.0
-8.93757094e-02 7.51280049e-02 0.0
-9.43006427e-02 7.13388412e-02 0.0
-9.89682334e-02 6.72899430e-02 0.0
-1.03366905e-01 6.30088056e-02 0.0
-1.07487024e-01 5.85175372e-02 0.0
-1.11320360e-01 5.38339065e-02 0.0
-1.14859540e-01 4.89723078e-02 0.0
-1.18097680e-01 4.39445043e-02 0.0
-1.21028010e-01 3.87603192e-02 0.0
-1.23643641e-01 3.34281474e-02 0.0
-1.25937307e-01 2.79554708e-02 0.0
-1.27901227e-01 2.23492457e-02 0.0
-1.29526953e-01 1.66163444e-02 0.0
-1.30805314e-01 1.07639101e-02 0.0
-1.31726371e-01 4.79980148e-03 0.0
-1.32279450e-01 -1.26702344e-03 0.0
-1.32453232e-01 -7.42601210e-03 0.0
-1.32235896e-01 -1.36645715e-02 0.0
-1.31615376e-01 -1.99675051e-02 0.0
-1.30579651e-01 -2.63165007e-02 0.0
-1.29117183e-01 -3.26895112e-02 0.0
-1.27217384e-01 -3.90602033e-02 0.0
-1.24871247e-01 -4.53973280e-02 0.0
-1.22071973e-01 -5.16641923e-02 0.0
-1.18815767e-01 -5.78180966e-02 0.0
-1.15102571e-01 -6.38099189e-02 0.0
-1.10936928e-01 -6.95837159e-02 0.0
-1.06328710e-01 -7.50765110e-02 0.0
-1.01293893e-01 -8.02181377e-02 0.0
-9.58550854e-02 -8.49312777e-02 0.0
-9.00420181e-02 -8.91315458e-02 0.0
-8.38916551e-02 -9.27277108e-02 0.0
-7.74481994e-02 -9.56218664e-02 0.0
-7.07626312e-02 -9.77095767e-02 0.0
-6.38921688e-02 -9.88797596e-02 0.0
-5.68993589e-02 -9.90142651e-02 0.0
-4.98514007e-02 -9.79868860e-02 0.0
-4.28196790e-02 -9.56617680e-02 0.0
-3.58805925e-02 -9.18911289e-02 0.0
-2.91182861e-02 -8.65126989e-02 0.0
-2.26312299e-02 -7.93478543e-02 0.0
-1.65439659e-02 -7.02029000e-02 0.0
-1.10257645e-02 -5.88779698e-02 0.0
-6.31440787e-03 -4.51908219e-02 0.0
-2.73792636e-03 -2.90245406e-02 0.0
-6.40281796e-04 -1.04050455e-02 0.0
-2.84242657e-04 1.04144848e-02 0.0
-1.57704716e-03 2.84910581e-02 0.0
-4.06774053e-03 4.38873362e-02 0.0
-7.41047350e-03 5.68140448e-02 0.0
-1.14485406e-02 6.75167284e-02 0.0
-1.60745353e-02 7.62242484e-02 0.0
-2.12017264e-02 8.31373306e-02 0.0
-2.67472347e-02 8.84337951e-02 0.0
-3.26262032e-02 9.22765943e-02 0.0
-3.87520737e-02 9.48193990e-02 0.0
-4.50397383e-02 9.62088331e-02 0.0
-5.14088263e-02 9.65842471e-02 0.0
-5.77865013e-02 9.60761473e-02 0.0
-6.41089638e-02 9.48043385e-02 0.0
-7.03221362e-02 9.28763605e-02 0.0
-7.63813203e-02 9.03866287e-02 0.0
-8.22504951e-02 8.74162754e-02 0.0
-8.79011056e-02 8.40336992e-02 0.0
-9.33109099e-02 8.02955642e-02 0.0
-9.84626651e-02 7.62481561e-02 0.0
-1.03343073e-01 7.19288185e-02 0.0
-1.07941711e-01 6.73674381e-02 0.0
-1.12250259e-01 6.25877733e-02 0.0
-1.16261733e-01 5.76086890e-02 0.0
-1.19969977e-01 5.24451604e-02 0.0
-1.23369143e-01 4.71091741e-02 0.0
-1.26453365e-01 4.16104215e-02 0.0
-1.29216410e-01 3.59569433e-02 0.0
-1.31651468e-01 3.01556234e-02 0.0
-1.33750927e-01 2.42126976e-02 0.0
-1.35506247e-01 1.81341662e-02 0.0
-1.36907842e-01 1.19262717e-02 0.0
-1.37945038e-01 5.59592092e-03 0.0
-1.38606077e-01 -8.48795618e-04 0.0
-1.38878193e-01 -7.39811629e-03 0.0
-1.38747761e-01 -1.40400084e-02 0.0
-1.38200532e-01 -2.07595939e-02 0.0
-1.37221983e-01 -2.75384654e-02 0.0
-1.35797739e-01 -3.43540403e-02 0.0
-1.33914167e-01 -4.11788305e-02 0.0
-1.31559009e-01 -4.79797844e-02 0.0
-1.28722220e-01 -5.47175930e-02 0.0
-1.25396797e-01 -6.13461233e-02 0.0
-1.21579807e-01 -6.78118830e-02 0.0
-1.17273334e-01 -7.40536771e-02 0.0
-1.12485555e-01 -8.00023635e-02 0.0
-1.07231631e-01 -8.55808482e-02 0.0
-1.01534623e-01 -9.07042142e-02 0.0
-9.54260544e-02 -9.52800823e-02 0.0
-8.89463805e-02 -9.92090569e-02 0.0
-8.21449235e-02 -1.02385287e-01 0.0
-7.50795875e-02 -1.04696923e-01 0.0
-6.78159279e-02 -1.06026406e-01 0.0
-6.04259839e-02 -1.06250253e-01 0.0
-5.29865746e-02 -1.05238155e-01 0.0
-4.55777647e-02 -1.02850930e-01 0.0
-3.82816675e-02 -9.89370593e-02 0.0
-3.11831863e-02 -9.33274760e-02 0.0
-2.43742812e-02 -8.58289684e-02 0.0
-1.79654874e-02 -7.62177844e-02 0.0
-1.21084701e-02 -6.42382549e-02 0.0
-7.03325570e-03 -4.96170700e-02 0.0
-3.09521745e-03 -3.21127848e-02 0.0
-7.32162791e-04 -1.16260686e-02 0.0
-3.20517122e-04 1.12385247e-02 0.0
-1.69037264e-03 3.05489692e-02 0.0
-4.24602288e-03 4.68757970e-02 0.0
-7.63247387e-03 6.05548070e-02 0.0
-1.17238373e-02 7.19054471e-02 0.0
-1.64451428e-02 8.11828911e-02 0.0
-2.17274734e-02 8.85882819e-02 0.0
-2.74905421e-02 9.42915034e-02 0.0
-3.36413836e-02 9.84487894e-02 0.0
-4.00801187e-02 1.01211913e-01 0.0
-4.67068098e-02 1.02730789e-01 0.0
-5.34274216e-02 1.03152114e-01 0.0
-6.01576373e-02 1.02616303e-01 0.0
-6.68250147e-02 1.01254164e-01 0.0
-7.33693929e-02 9.91842364e-02 0.0
-7.97424210e-02 9.65111234e-02 0.0
-8.59062114e-02 9.33249125e-02 0.0
-9.18318547e-02 8.97014898e-02 0.0
-9.74976672e-02 8.57035719e-02 0.0
-1.02887695e-01 8.13821189e-02 0.0
-1.07990221e-01 7.67779846e-02 0.0
-1.12796645e-01 7.19235341e-02 0.0
-1.17300418e-01 6.68442033e-02 0.0
-1.21496311e-01 6.15598365e-02 0.0
-1.25379717e-01 5.60858775e-02 0.0
-1.28946193e-01 5.04343187e-02 0.0
-1.32191008e-01 4.46145362e-02 0.0
-1.35108849e-01 3.86339400e-02 0.0
-1.37693520e-01 3.24985827e-02 0.0
-1.39937746e-01 2.62136526e-02 0.0
-1.41832979e-01 1.97839950e-02 0.0
-1.43369284e-01 1.32145737e-02 0.0
-1.44535249e-01 6.51101045e-03 0.0
-1.45317966e-01 -3.19896504e-04 0.0
-1.45703089e-01 -7.26954778e-03 0.0
-1.45674949e-01 -1.43269198e-02 0.0
-1.45216807e-01 -2.14778271e-02 0.0
-1.44311176e-01 -2.87041885e-02 0.0
-1.42940320e-01 -3.59831956e-02 0.0
-1.41086836e-01 -4.32865134e-02 0.0
-1.38734453e-01 -5.05794288e-02 0.0
-1.35868893e-01 -5.78200897e-02 0.0
-1.32478971e-01 -6.49587673e-02 0.0
-1.28557709e-01 -7.19372925e-02 0.0
-1.24103649e-01 -7.86886083e-02 0.0
-1.19122090e-01 -8.51365833e-02 0.0
-1.13626439e-01 -9.11960236e-02 0.0
-1.07639316e-01 -9.67729982e-02 0.0
-1.01193634e-01 -1.01765384e-01 0.0
-9.43332218e-02 -1.06063685e-01 0.0
-8.71132220e-02 -1.09551967e-01 0.0
-7.95997987e-02 -1.12108862e-01 0.0
-7.18694199e-02 -1.13608375e-01 0.0
-6.40072450e-02 -1.13920282e-01 0.0
-5.61049924e-02 -1.12909677e-01 0.0
-4.82579443e-02 -1.10435165e-01 0.0
-4.05618549e-02 -1.06344920e-01 0.0
-3.31101873e-02 -1.00469683e-01 0.0
-2.59941622e-02 -9.26116211e-02 0.0
-1.93093822e-02 -8.25286450e-02 0.0
-1.31773252e-02 -6.99164193e-02 0.0
-7.79275363e-03 -5.43986529e-02 0.0
-3.50629671e-03 -3.55556696e-02 0.0
-8.47146129e-04 -1.30536946e-02 0.0
-3.66815524e-04 1.21452583e-02 0.0
-1.79965292e-03 3.26643412e-02 0.0
-4.35147748e-03 4.98679281e-02 0.0
-7.69721341e-03 6.42949026e-02 0.0
-1.17816277e-02 7.63411799e-02 0.0
-1.65774741e-02 8.62643724e-02 0.0
-2.20309794e-02 9.42427091e-02 0.0
-2.80539262e-02 1.00423175e-01 0.0
-3.45340994e-02 1.04948226e-01 0.0
-4.13489217e-02 1.07966138e-01 0.0
-4.83771809e-02 1.09631628e-01 0.0
-5.55069512e-02 1.10101781e-01 0.0
-6.26403567e-02 1.09530392e-01 0.0
-6.96953962e-02 1.08062635e-01 0.0
-7.66060379e-02 1.05830936e-01 0.0
-8.33208445e-02 1.02952419e-01 0.0
-8.98011116e-02 9.95278428e-02 0.0
-9.60185448e-02 9.56418121e-02 0.0
-1.01953149e-01 9.13638492e-02 0.0
-1.07591138e-01 8.67500483e-02 0.0
-1.12923300e-01 8.18449405e-02 0.0
-1.17943507e-01 7.66834112e-02 0.0
-1.22647653e-01 7.12924537e-02 0.0
-1.27032710e-01 6.56927486e-02 0.0
-1.31096091e-01 5.98999692e-02 0.0
-1.34835063e-01 5.39258968e-02 0.0
-1.38246366e-01 4.77793005e-02 0.0
-1.41325823e-01 4.14667018e-02 0.0
-1.44068089e-01 3.49929869e-02 0.0
-1.46466375e-01 2.83619926e-02 0.0
-1.48512273e-01 2.15770193e-02 0.0
-1.50195572e-01 1.46413866e-02 0.0
-1.51504151e-01 7.55897483e-03 0.0
-1.52423917e-01 3.34856353e-04 0.0
-1.52938811e-01 -7.02405205e-03 0.0
-1.53030913e-01 -1.45082217e-02 0.0
-1.52680639e-01 -2.21047122e-02 0.0
-1.51867089e-01 -2.97962573e-02 0.0
-1.50568514e-01 -3.75603349e-02 0.0
-1.48762993e-01 -4.53681582e-02 0.0
-1.46429242e-01 -5.31837026e-02 0.0
-1.43547679e-01 -6.09627279e-02 0.0
-1.40101596e-01 -6.86519271e-02 0.0
-1.36078612e-01 -7.61881795e-02 0.0
-1.31472149e-01 -8.34980489e-02 0.0
-1.26283153e-01 -9.04975088e-02 0.0
-1.20521697e-01 -9.70920239e-02 0.0
-1.14208692e-01 -1.03176952e-01 0.0
-1.07377284e-01 -1.08638353e-01 0.0
-1.00074143e-01 -1.13354111e-01 0.0
-9.23601546e-02 -1.17195379e-01 0.0
-8.43107395e-02 -1.20028148e-01 0.0
-7.60152518e-02 -1.21714823e-01 0.0
-6.75757011e-02 -1.22115437e-01 0.0
-5.91042147e-02 -1.21088148e-01 0.0
-5.07195160e-02 -1.18488338e-01 0.0
-4.25418846e-02 -1.14165375e-01 0.0
-3.46872144e-02 -1.07955483e-01 0.0
-2.72607145e-02 -9.96682741e-02 0.0
-2.03541345e-02 -8.90632912e-02 0.0
-1.40553446e-02 -7.58125696e-02 0.0
-8.49200447e-03 -5.94503754e-02 0.0
-3.94569741e-03 -3.93366830e-02 0.0
-9.88338797e-04 -1.47373375e-02 0.0
-4.15832815e-04 1.31474600e-02 0.0
-1.84401402e-03 3.47427227e-02 0.0
-4.23843264e-03 5.27358186e-02 0.0
-7.40899678e-03 6.79433522e-02 0.0
-1.14237872e-02 8.07919865e-02 0.0
-1.63025749e-02 9.14882622e-02 0.0
-2.19849115e-02 1.00154735e-01 0.0
-2.83519415e-02 1.06901210e-01 0.0
-3.52547587e-02 1.11853277e-01 0.0
-4.25369818e-02 1.15158238e-01 0.0
-5.00495959e-02 1.16980517e-01 0.0
-5.76598562e-02 1.17493048e-01 0.0
-6.52553687e-02 1.16868178e-01 0.0
-7.27451804e-02 1.15269845e-01 0.0
-8.00585346e-02 1.12847876e-01 0.0
-8.71426040e-02 1.09734516e-01 0.0
-9.39594473e-02 1.06043026e-01 0.0
-1.00483068e-01 1.01867861e-01 0.0
-1.06696494e-01 9.72860147e-02 0.0
-1.12589404e-01 9.23589729e-02 0.0
-1.18156018e-01 8.71349904e-02 0.0
-1.23393568e-01 8.16513225e-02 0.0
-1.28300988e-01 7.59363178e-02 0.0
-1.32878034e-01 7.00112016e-02 0.0
-1.37124522e-01 6.38916043e-02 0.0
-1.41039835e-01 5.75887696e-02 0.0
-1.44622447e-01 5.11105691e-02 0.0
-1.47869615e-01 4.44622885e-02 0.0
-1.50777047e-01 3.76473290e-02 0.0
-1.53338661e-01 3.06677848e-02 0.0
-1.55546334e-01 2.35250333e-02 0.0
-1.57389712e-01 1.62202841e-02 0.0
-1.58856030e-01 8.75521023e-03 0.0
-1.59930005e-01 1.13259715e-03 0.0
-1.60593786e-01 -6.64288355e-03 0.0
-1.60826990e-01 -1.45638498e-02 0.0
-1.60606875e-01 -2.26192427e-02 0.0
-1.59908617e-01 -3.07933062e-02 0.0
-1.58705811e-01 -3.90644425e-02 0.0
-1.56971112e-01 -4.74040480e-02 0.0
-1.54677171e-01 -5.57752878e-02 0.0
-1.51797728e-01 -6.41319352e-02 0.0
-1.48309061e-01 -7.24172614e-02 0.0
-1.44191566e-01 -8.05631228e-02 0.0
-1.39431685e-01 -8.84892529e-02 0.0
-1.34023888e-01 -9.61029080e-02 0.0
-1.27972909e-01 -1.03298877e-01 0.0
-1.21295857e-01 -1.09959981e-01 0.0
-1.14024389e-01 -1.15958032e-01 0.0
-1.06206485e-01 -1.21155318e-01 0.0
-9.79079978e-02 -1.25406497e-01 0.0
-8.92134488e-02 -1.28560852e-01 0.0
-8.02262592e-02 -1.30464664e-01 0.0
-7.10678226e-02 -1.30963460e-01 0.0
-6.18756120e-02 -1.29903708e-01 0.0
-5.27996030e-02 -1.27133381e-01 0.0
-4.39970407e-02 -1.22500432e-01 0.0
-3.56244577e-02 -1.15847596e-01 0.0
-2.78266396e-02 -1.07000407e-01 0.0
-2.07220298e-02 -9.57422869e-02 0.0
-1.43896500e-02 -8.17646933e-02 0.0
-8.87870280e-03 -6.45724996e-02 0.0
-4.31013572e-03 -4.33294049e-02 0.0
-1.14321108e-03 -1.67170267e-02 0.0
-4.10533249e-04 1.41935598e-02 0.0
-1.60639634e-03 3.65404126e-02 0.0
-3.54723135e-03 5.52734110e-02 0.0
-6.38596270e-03 7.14150956e-02 0.0
-1.03287463e-02 8.52778686e-02 0.0
-1.53866568e-02 9.69391410e-02 0.0
-2.14392290e-02 1.06438839e-01 0.0
-2.83019480e-02 1.13846940e-01 0.0
-3.57702096e-02 1.19278721e-01 0.0
-4.36447129e-02 1.22889626e-01 0.0
-5.17456632e-02 1.24862809e-01 0.0
-5.99195438e-02 1.25395023e-01 0.0
-6.80414231e-02 1.24683730e-01 0.0
-7.60139379e-02 1.22916764e-01 0.0
-8.37645934e-02 1.20265121e-01 0.0
-9.12418549e-02 1.16878765e-01 0.0
-9.84111452e-02 1.12885081e-01 0.0
-1.05250816e-01 1.08389276e-01 0.0
-1.11748763e-01 1.03476160e-01 0.0
-1.17899454e-01 9.82126213e-02 0.0
-1.23701716e-01 9.26504173e-02 0.0
-1.29156916e-01 8.68288516e-02 0.0
-1.34267740e-01 8.07772425e-02 0.0
-1.39037183e-01 7.45169819e-02 0.0
-1.43467922e-01 6.80632717e-02 0.0
-1.47561747e-01 6.14264645e-02 0.0
-1.51319205e-01 5.46131717e-02 0.0
-1.54739219e-01 4.76270995e-02 0.0
-1.57818823e-01 4.04697867e-02 0.0
-1.60552848e-01 3.31412016e-02 0.0
-1.62933677e-01 2.56403546e-02 0.0
-1.64950970e-01 1.79658701e-02 0.0
-1.66591447e-01 1.01166571e-02 0.0
-1.67838695e-01 2.09260950e-03 0.0
-1.68673031e-01 -6.10454271e-03 0.0
-1.69071475e-01 -1.44703077e-02 0.0
-1.69007810e-01 -2.29963331e-02 0.0
-1.68452835e-01 -3.16692193e-02 0.0
-1.67374767e-01 -4.04691759e-02 0.0
-1.65739934e-01 -4.93686238e-02 0.0
-1.63513660e-01 -5.83307090e-02 0.0
-1.60661547e-01 -6.73078550e-02 0.0
-1.57150983e-01 -7.62403628e-02 0.0
-1.52953090e-01 -8.50552063e-02 0.0
-1.48044876e-01 -9.36650673e-02 0.0
-1.42411807e-01 -1.01967768e-01 0.0
-1.36050460e-01 -1.09846159e-01 0.0
-1.28971444e-01 -1.17168591e-01 0.0
-1.21202161e-01 -1.23790004e-01 0.0
-1.12789565e-01 -1.29553686e-01 0.0
-1.03802384e-01 -1.34293645e-01 0.0
-9.43329844e-02 -1.37837510e-01 0.0
-8.44982812e-02 -1.40009765e-01 0.0
-7.44399119e-02 -1.40635040e-01 0.0
-6.43230793e-02 -1.39541057e-01 0.0
-5.43342884e-02 -1.36560728e-01 0.0
-4.46771869e-02 -1.31532655e-01 0.0
-3.55661930e-02 -1.24298867e-01 0.0
-2.72156022e-02 -1.14697472e-01 0.0
-1.98206931e-02 -1.02544679e-01 0.0
-1.35237002e-02 -8.75916231e-02 0.0
-8.36297920e-03 -6.94171984e-02 0.0
-4.25469047e-03 -4.71615335e-02 0.0
-1.22313213e-03 -1.89316860e-02 0.0
-6.99186000e-05 1.48939488e-02 0.0
-3.68672187e-04 3.75545889e-02 0.0
-1.44671818e-03 5.72781447e-02 0.0
-3.95209451e-03 7.47545100e-02 0.0
-8.03902145e-03 8.99682166e-02 0.0
-1.35601617e-02 1.02827907e-01 0.0
-2.02608077e-02 1.13303365e-01 0.0
-2.78617974e-02 1.21446207e-01 0.0
-3.60947379e-02 1.27380752e-01 0.0
-4.47186227e-02 1.31286090e-01 0.0
-5.35274559e-02 1.33376246e-01 0.0
-6.23529586e-02 1.33881096e-01 0.0
-7.10635293e-02 1.33030243e-01 0.0
-7.95610421e-02 1.31040424e-01 0.0
-8.77760045e-02 1.28107233e-01 0.0
-9.56623374e-02 1.24400410e-01 0.0
-1.03192013e-01 1.20062573e-01 0.0
-1.10350388e-01 1.15210008e-01 0.0
-1.17132094e-01 1.09935267e-01 0.0
-1.23537910e-01 1.04310214e-01 0.0
-1.29572246e-01 9.83896221e-02 0.0
-1.35241435e-01 9.22142424e-02 0.0
-1.40552406e-01 8.58138573e-02 0.0
-1.45511865e-01 7.92094864e-02 0.0
-1.50125632e-01 7.24154942e-02 0.0
-1.54398237e-01 6.54408968e-02 0.0
-1.58332521e-01 5.82907101e-02 0.0
-1.61929367e-01 5.09666535e-02 0.0
-1.65187366e-01 4.34680699e-02 0.0
-1.68102542e-01 3.57923550e-02 0.0
-1.70668017e-01 2.79357415e-02 0.0
-1.72873712e-01 1.98937095e-02 0.0
-1.74706027e-01 1.16618482e-02 0.0
-1.76147554e-01 3.23643043e-03 0.0
-1.77176842e-01 -5.38450240e-03 0.0
-1.77768232e-01 -1.42002789e-02 0.0
-1.77891827e-01 -2.32061989e-02 0.0
-1.77513598e-01 -3.23923274e-02 0.0
-1.76595737e-01 -4.17417680e-02 0.0
-1.75097233e-01 -5.12291454e-02 0.0
-1.72974822e-01 -6.08186531e-02 0.0
-1.70184236e-01 -7.04623951e-02 0.0
-1.66681949e-01 -8.00984628e-02 0.0
-1.62427269e-01 -8.96494754e-02 0.0
-1.57384975e-01 -9.90211081e-02 0.0
-1.51528258e-01 -1.08101321e-01 0.0
-1.44842151e-01 -1.16759876e-01 0.0
-1.37327066e-01 -1.24848798e-01 0.0
-1.29002593e-01 -1.32203383e-01 0.0
-1.19911053e-01 -1.38644282e-01 0.0
-1.10120915e-01 -1.43980215e-01 0.0
-9.97294819e-02 -1.48011628e-01 0.0
-8.88649965e-02 -1.50534701e-01 0.0
-7.76875882e-02 -1.51345757e-01 0.0
-6.63893637e-02 -1.50245282e-01 0.0
-5.51932384e-02 -1.47041314e-01 0.0
-4.43510761e-02 -1.41551238e-01 0.0
-3.41408126e-02 -1.33601457e-01 0.0
-2.48626342e-02 -1.23023578e-01 0.0
-1.68310545e-02 -1.09645000e-01 0.0
-1.03527969e-02 -9.32665017e-02 0.0
-5.65655756e-03 -7.35992403e-02 0.0
-2.69938253e-03 -5.00449269e-02 0.0
-8.12201934e-04 -2.08157950e-02 0.0
1.82533118e-03 6.79014440e-03 0.0
4.12908770e-03 1.99161998e-02 0.0
3.74028925e-03 3.20744213e-02 0.0
8.65391493e-04 4.29582707e-02 0.0
-4.06757820e-03 5.23931398e-02 0.0
-1.06285968e-02 6.02980427e-02 0.0
-1.84230153e-02 6.66654793e-02 0.0
-2.70964621e-02 7.15472197e-02 0.0
-3.63384876e-02 7.50409736e-02 0.0
-4.58853237e-02 7.72767516e-02 0.0
-5.55210138e-02 7.84033828e-02 0.0
-6.50757985e-02 7.85761918e-02 0.0
-7.44224653e-02 7.79467438e-02 0.0
-8.34707413e-02 7.66552427e-02 0.0
-9.21610195e-02 7.48257076e-02 0.0
-1.00457679e-01 7.25636951e-02 0.0
-1.08343072e-01 6.99560567e-02 0.0
-1.15812113e-01 6.70721422e-02 0.0
-1.22868069e-01 6.39658469e-02 0.0
-1.29519155e-01 6.06780289e-02 0.0
-1.35776224e-01 5.72389235e-02 0.0
-1.41651002e-01 5.36703463e-02 0.0
-1.47155052e-01 4.99875525e-02 0.0
-1.52298970e-01 4.62007416e-02 0.0
-1.57091964e-01 4.23162105e-02 0.0
-1.61541446e-01 3.83372241e-02 0.0
-1.65652806e-01 3.42646496e-02 0.0
-1.69429086e-01 3.00974343e-02 0.0
-1.72870729e-01 2.58329661e-02 0.0
-1.75975222e-01 2.14673849e-02 0.0
-1.78736758e-01 1.69958670e-02 0.0
-1.81145821e-01 1.24129357e-02 0.0
-1.83188789e-01 7.71280992e-03 0.0
-1.84847516e-01 2.88983335e-03 0.0
-1.86098949e-01 -2.06100968e-03 0.0
-1.86914821e-01 -7.14345685e-03 0.0
-1.87261430e-01 -1.23592089e-02 0.0
-1.87099611e-01 -1.77070249e-02 0.0
-1.86384895e-01 -2.31816836e-02 0.0
-1.85068019e-01 -2.87728064e-02 0.0
-1.83095729e-01 -3.44635746e-02 0.0
-1.80412124e-01 -4.02293672e-02 0.0
-1.76960397e-01 -4.60363839e-02 0.0
-1.72685264e-01 -5.18403176e-02 0.0
-1.67535854e-01 -5.75851753e-02 0.0
-1.61469326e-01 -6.32023478e-02 0.0
-1.54454857e-01 -6.86100527e-02 0.0
-1.46478226e-01 -7.37132611e-02 0.0
-1.37546467e-01 -7.84042233e-02 0.0
-1.27692732e-01 -8.25636670e-02 0.0
-1.16980681e-01 -8.60627055e-02 0.0
-1.05508506e-01 -8.87654153e-02 0.0
-9.34118223e-02 -9.05319620e-02 0.0
-8.08656358e-02 -9.12220322e-02 0.0
-6.80847633e-02 -9.06982219e-02 0.0
-5.53232895e-02 -8.88288945e-02 0.0
-4.28729704e-02 -8.54899143e-02 0.0
-3.10620624e-02 -8.05645434e-02 0.0
-2.02558552e-02 -7.39406720e-02 0.0
-1.08628374e-02 -6.55043405e-02 0.0
-3.35211327e-03 -5.51280674e-02 0.0
1.70887545e-03 -4.26513982e-02 0.0
3.61377120e-03 -2.78482869e-02 0.0
1.83959684e-03 -1.03687008e-02 0.0
-2.80986231e-04 -1.10141152e-03 0.0
-1.13681793e-03 2.62935136e-03 0.0
-2.93475853e-03 7.25857039e-03 0.0
-6.16934554e-03 1.15433747e-02 0.0
-1.09270879e-02 1.51742197e-02 0.0
-1.70317430e-02 1.80932747e-02 0.0
-2.42218466e-02 2.03234036e-02 0.0
-3.22250823e-02 2.19208038e-02 0.0
-4.07874940e-02 2.29582720e-02 0.0
-4.96854597e-02 2.35165368e-02 0.0
-5.87299273e-02 2.36778227e-02 0.0
-6.77669880e-02 2.35209200e-02 0.0
-7.66758493e-02 2.31173193e-02 0.0
-8.53655396e-02 2.25289478e-02 0.0
-9.37705634e-02 2.18069738e-02 0.0
-1.01846467e-01 2.09920034e-02 0.0
-1.09565321e-01 2.01148012e-02 0.0
-1.16911795e-01 1.91978014e-02 0.0
-1.23879629e-01 1.82564872e-02 0.0
-1.30468890e-01 1.73010706e-02 0.0
-1.36683678e-01 1.63376504e-02 0.0
-1.42530512e-01 1.53694815e-02 0.0
-1.48016998e-01 1.43976178e-02 0.0
-1.53150968e-01 1.34216927e-02 0.0
-1.57939714e-01 1.24401162e-02 0.0
-1.62389502e-01 1.14505091e-02 0.0
-1.66505065e-01 1.04496311e-02 0.0
-1.70289234e-01 9.43363420e-03 0.0
-1.73742499e-01 8.39787149e-03 0.0
-1.76862643e-01 7.33708871e-03 0.0
-1.79644292e-01 6.24521193e-03 0.0
-1.82078502e-01 5.11555325e-03 0.0
-1.84152308e-01 3.94064537e-03 0.0
-1.85848293e-01 2.71251914e-03 0.0
-1.87144187e-01 1.42264724e-03 0.0
-1.88012525e-01 6.23537831e-05 0.0
-1.88420418e-01 -1.37706541e-03 0.0
-1.88329459e-01 -2.90373606e-03 0.0
-1.87695888e-01 -4.52484215e-03 0.0
-1.86470983e-01 -6.24576872e-03 0.0
-1.84601891e-01 -8.06945737e-03 0.0
-1.82032815e-01 -9.99529340e-03 0.0
-1.78706818e-01 -1.20182147e-02 0.0
-1.74568098e-01 -1.41274367e-02 0.0
-1.69565002e-01 -1.63054754e-02 0.0
-1.63653551e-01 -1.85269508e-02 0.0
-1.56801687e-01 -2.07578455e-02 0.0
-1.48993882e-01 -2.29547879e-02 0.0
-1.40236240e-01 -2.50650036e-02 0.0
-1.30561542e-01 -2.70265588e-02 0.0
-1.20034285e-01 -2.87694523e-02 0.0
-1.08755001e-01 -3.02171563e-02 0.0
-9.68638751e-02 -3.12889787e-02 0.0
-8.45429168e-02 -3.19027193e-02 0.0
-7.20168373e-02 -3.19777055e-02 0.0
-5.95520580e-02 -3.14374635e-02 0.0
-4.74542866e-02 -3.02117934e-02 0.0
-3.60642028e-02 -2.82373459e-02 0.0
-2.57511308e-02 -2.54564640e-02 0.0
-1.69011164e-02 -2.18144841e-02 0.0
-9.88813906e-03 -1.72605068e-02 0.0
-4.99103649e-03 -1.17758236e-02 0.0
-2.16939575e-03 -5.54162665e-03 0.0
-6.21129807e-04 2.54189740e-04 0.0
-7.02943607e-04 1.02384603e-04 0.0
-2.74435462e-03 4.54267562e-03 0.0
-5.88140230e-03 1.02802633e-02 0.0
-1.00081913e-02 1.58830980e-02 0.0
-1.51981686e-02 2.07822678e-02 0.0
-2.13976604e-02 2.47894363e-02 0.0
-2.84611389e-02 2.78808981e-02 0.0
-3.62033161e-02 3.01088068e-02 0.0
-4.44330219e-02 3.15624820e-02 0.0
-5.29712532e-02 3.23486297e-02 0.0
-6.16600628e-02 3.25791232e-02 0.0
-7.03658456e-02 3.23625891e-02 0.0
-7.89797739e-02 3.17985755e-02 0.0
-8.74162045e-02 3.09739574e-02 0.0
-9.56103017e-02 2.99612392e-02 0.0
-1.03514960e-01 2.88184631e-02 0.0
-1.11097817e-01 2.75902217e-02 0.0
-1.18338185e-01 2.63094027e-02 0.0
-1.25224471e-01 2.49991919e-02 0.0
-1.31751763e-01 2.36751110e-02 0.0
-1.37919974e-01 2.23468085e-02 0.0
-1.43732194e-01 2.10195826e-02 0.0
-1.49193502e-01 1.96955223e-02 0.0
-1.54309900e-01 1.83743715e-02 0.0
-1.59087574e-01 1.70540777e-02 0.0
-1.63532181e-01 1.57311680e-02 0.0
-1.67648341e-01 1.44009232e-02 0.0
-1.71439087e-01 1.30574863e-02 0.0
-1.74905428e-01 1.16938601e-02 0.0
-1.78045862e-01 1.03019124e-02 0.0
-1.80855922e-01 8.87233393e-03 0.0
-1.83327695e-01 7.39465178e-03 0.0
-1.85449350e-01 5.85724411e-03 0.0
-1.87204660e-01 4.24745250e-03 0.0
-1.88572561e-01 2.55174516e-03 0.0
-1.89526758e-01 7.56024695e-04 0.0
-1.90035412e-01 -1.15395661e-03 0.0
-1.90061000e-01 -3.19198589e-03 0.0
-1.89560321e-01 -5.37061531e-03 0.0
-1.88484846e-01 -7.70015196e-03 0.0
-1.86781341e-01 -1.01874524e-02 0.0
-1.84393018e-01 -1.28344827e-02 0.0
-1.81261118e-01 -1.56367132e-02 0.0
-1.77327210e-01 -1.85813629e-02 0.0
-1.72536044e-01 -2.16456135e-02 0.0
-1.66839236e-01 -2.47948815e-02 0.0
-1.60199502e-01 -2.79813286e-02 0.0
-1.52595665e-01 -3.11427695e-02 0.0
-1.44027963e-01 -3.42021970e-02 0.0
-1.34523760e-01 -3.70681061e-02 0.0
-1.24142973e-01 -3.96357967e-02 0.0
-1.12983181e-01 -4.17897445e-02 0.0
-1.01183525e-01 -4.34070394e-02 0.0
-8.89272862e-02 -4.43617312e-02 0.0
-7.64421776e-02 -4.45297673e-02 0.0
-6.39982021e-02 -4.37940522e-02 0.0
-5.19019503e-02 -4.20491339e-02 0.0
-4.04866672e-02 -3.92052889e-02 0.0
-3.00952970e-02 -3.51928906e-02 0.0
-2.10520285e-02 -2.99712785e-02 0.0
-1.36127698e-02 -2.35558977e-02 0.0
-7.88673610e-03 -1.61035292e-02 0.0
-3.76398853e-03 -8.15828105e-03 0.0
-1.03722938e-03 -1.25327689e-03 0.0
-7.36101495e-04 1.76110956e-03 0.0
-3.15905246e-03 7.56800421e-03 0.0
-7.06601128e-03 1.42989698e-02 0.0
-1.19594961e-02 2.08847055e-02 0.0
-1.77233647e-02 2.67345575e-02 0.0
-2.42739258e-02 3.15872620e-02 0.0
-3.14992739e-02 3.53719724e-02 0.0
-3.92625085e-02 3.81232288e-02 0.0
-4.74174062e-02 3.99327583e-02 0.0
-5.58218487e-02 4.09211327e-02 0.0
-6.43460606e-02 4.12197571e-02 0.0
-7.28770198e-02 4.09588227e-02 0.0
-8.13198583e-02 4.02592436e-02 0.0
-8.95977311e-02 3.92277371e-02 0.0
-9.76504141e-02 3.79543928e-02 0.0
-1.05432540e-01 3.65122560e-02 0.0
-1.12911377e-01 3.49582914e-02 0.0
-1.20064765e-01 3.33352676e-02 0.0
-1.26878974e-01 3.16740067e-02 0.0
-1.33346921e-01 2.99957267e-02 0.0
-1.39466459e-01 2.83141393e-02 0.0
-1.45239049e-01 2.66372662e-02 0.0
-1.50668518e-01 2.49688258e-02 0.0
-1.55760142e-01 2.33093051e-02 0.0
-1.60519764e-01 2.16566585e-02 0.0
-1.64953147e-01 2.00068008e-02 0.0
-1.69065318e-01 1.83538486e-02 0.0
-1.72860060e-01 1.66902778e-02 0.0
-1.76339353e-01 1.50069349e-02 0.0
-1.79502901e-01 1.32930531e-02 0.0
-1.82347609e-01 1.15361964e-02 0.0
-1.84867084e-01 9.72227364e-03 0.0
-1.87051112e-01 7.83553980e-03 0.0
-1.88885135e-01 5.85872645e-03 0.0
-1.90349751e-01 3.77322254e-03 0.0
-1.91420227e-01 1.55945290e-03 0.0
-1.92066108e-01 -8.02617966e-04 0.0
-1.92250909e-01 -3.33270747e-03 0.0
-1.91932024e-01 -6.04923268e-03 0.0
-1.91060825e-01 -8.96798633e-03 0.0
-1.89583173e-01 -1.21005565e-02 0.0
-1.87440275e-01 -1.54523870e-02 0.0
-1.84570170e-01 -1.90206062e-02 0.0
-1.80909758e-01 -2.27915872e-02 0.0
-1.76397675e-01 -2.67384421e-02 0.0
-1.70977835e-01 -3.08185116e-02 0.0
-1.64603937e-01 -3.49711471e-02 0.0
-1.57244595e-01 -3.91159546e-02 0.0
-1.48889267e-01 -4.31518743e-02 0.0
-1.39554418e-01 -4.69573211e-02 0.0
-1.29289896e-01 -5.03917394e-02 0.0
-1.18184636e-01 -5.32987115e-02 0.0
-1.06371463e-01 -5.55107676e-02 0.0
-9.40298359e-02 -5.68557457e-02 0.0
-8.13860991e-02 -5.71644843e-02 0.0
-6.87099176e-02 -5.62793886e-02 0.0
-5.63062763e-02 -5.40635971e-02 0.0
-4.45013427e-02 -5.04109595e-02 0.0
-3.36210995e-02 -4.52587609e-02 0.0
-2.39609023e-02 -3.86088124e-02 0.0
-1.57483450e-02 -3.05701292e-02 0.0
-9.11547738e-03 -2.14481598e-02 0.0
-4.14209401e-03 -1.19097531e-02 0.0
-1.04007033e-03 -3.17922351e-03 0.0
-6.97175052e-04 3.41396488e-03 0.0
-3.21278595e-03 1.10733006e-02 0.0
-7.50419380e-03 1.89920687e-02 0.0
-1.29269423e-02 2.65078795e-02 0.0
-1.92072232e-02 3.31555841e-02 0.0
-2.61786370e-02 3.86882720e-02 0.0
-3.37060235e-02 4.30237700e-02 0.0
-4.16600503e-02 4.61887760e-02 0.0
-4.99142931e-02 4.82764459e-02 0.0
-5.83487589e-02 4.94164578e-02 0.0
-6.68540941e-02 4.97540937e-02 0.0
-7.53341754e-02 4.94356509e-02 0.0
-8.37074083e-02 4.85986208e-02 0.0
-9.19066145e-02 4.73655818e-02 0.0
-9.98783413e-02 4.58411099e-02 0.0
-1.07581480e-01 4.41109639e-02 0.0
-1.14985840e-01 4.22429487e-02 0.0
-1.22070440e-01 4.02887754e-02 0.0
-1.28822016e-01 3.82864660e-02 0.0
-1.35233433e-01 3.62628216e-02 0.0
-1.41302414e-01 3.42357600e-02 0.0
-1.47030256e-01 3.22162801e-02 0.0
-1.52420844e-01 3.02100771e-02 0.0
-1.57479673e-01 2.82187201e-02 0.0
-1.62213119e-01 2.62405276e-02 0.0
-1.66627687e-01 2.42711042e-02 0.0
-1.70729448e-01 2.23037030e-02 0.0
-1.74523427e-01 2.03293714e-02 0.0
-1.78013100e-01 1.83370375e-02 0.0
-1.81199847e-01 1.63134774e-02 0.0
-1.84082441e-01 1.42433069e-02 0.0
-1.86656497e-01 1.21089277e-02 0.0
-1.88913920e-01 9.89057068e-03 0.0
-1.90842332e-01 7.56636476e-03 0.0
-1.92424482e-01 5.11258231e-03 0.0
-1.93637678e-01 2.50399679e-03 0.0
-1.94453243e-01 -2.85486528e-04 0.0
-1.94836071e-01 -3.28198334e-03 0.0
-1.94744285e-01 -6.51040462e-03 0.0
-1.94129165e-01 -9.99291380e-03 0.0
-1.92935305e-01 -1.37469245e-02 0.0
-1.91101278e-01 -1.77827326e-02 0.0
-1.88560741e-01 -2.21006960e-02 0.0
-1.85244320e-01 -2.66881295e-02 0.0
-1.81082176e-01 -3.15159324e-02 0.0
-1.76007614e-01 -3.65352346e-02 0.0
-1.69961530e-01 -4.16742247e-02 0.0
-1.62897985e-01 -4.68355902e-02 0.0
-1.54790508e-01 -5.18948776e-02 0.0
-1.45639216e-01 -5.67002990e-02 0.0
-1.35478013e-01 -6.10743376e-02 0.0
-1.24381641e-01 -6.48176047e-02 0.0
-1.12471441e-01 -6.77151142e-02 0.0
-9.99192605e-02 -6.95450845e-02 0.0
-8.69480162e-02 -7.00900140e-02 0.0
-7.38282240e-02 -6.91497295e-02 0.0
-6.08690060e-02 -6.65560229e-02 0.0
-4.84032858e-02 -6.21891050e-02 0.0
-3.67668004e-02 -5.59972724e-02 0.0
-2.62736779e-02 -4.80235596e-02 0.0
-1.71958517e-02 -3.84457157e-02 0.0
-9.76636494e-03 -2.76348884e-02 0.0
-4.24358056e-03 -1.62191644e-02 0.0
-9.98055554e-04 -5.06566436e-03 0.0
-6.58650201e-04 4.98935403e-03 0.0
-3.18093345e-03 1.47553812e-02 0.0
-7.66481054e-03 2.40853010e-02 0.0
-1.34397619e-02 3.26123866e-02 0.0
-2.01399231e-02 4.00315693e-02 0.0
-2.75209510e-02 4.61647898e-02 0.0
-3.54026963e-02 5.09564560e-02 0.0
-4.36381320e-02 5.44456355e-02 0.0
-5.20997809e-02 5.67355710e-02 0.0
-6.06752974e-02 5.79674185e-02 0.0
-6.92662869e-02 5.82995708e-02 0.0
-7.77882392e-02 5.78923306e-02 0.0
-8.61701266e-02 5.68971937e-02 0.0
-9.43538699e-02 5.54501001e-02 0.0
-1.02293267e-01 5.36678656e-02 0.0
-1.09952913e-01 5.16471519e-02 0.0
-1.17306809e-01 4.94651825e-02 0.0
-1.24337128e-01 4.71816361e-02 0.0
-1.31032834e-01 4.48410672e-02 0.0
-1.37388531e-01 4.24755229e-02 0.0
-1.43403253e-01 4.01069569e-02 0.0
-1.49079503e-01 3.77493762e-02 0.0
-1.54422261e-01 3.54105327e-02 0.0
-1.59438227e-01 3.30932698e-02 0.0
-1.64135029e-01 3.07964406e-02 0.0
-1.68520630e-01 2.85155787e-02 0.0
-1.72602676e-01 2.62432592e-02 0.0
-1.76387997e-01 2.39693394e-02 0.0
-1.79882028e-01 2.16810023e-02 0.0
-1.83088324e-01 1.93627846e-02 0.0
-1.86007994e-01 1.69964941e-02 0.0
-1.88639161e-01 1.45611949e-02 0.0
-1.90976364e-01 1.20331611e-02 0.0
-1.93009928e-01 9.38598128e-03 0.0
-1.94725307e-01 6.59072420e-03 0.0
-1.96102387e-01 3.61636118e-03 0.0
-1.97114815e-01 4.30368273e-04 0.0
-1.97729317e-01 -3.00028376e-03 0.0
-1.97905166e-01 -6.70781934e-03 0.0
-1.97593745e-01 -1.07218236e-02 0.0
-1.96738442e-01 -1.50669634e-02 0.0
-1.95274857e-01 -1.97600967e-02 0.0
-1.93131617e-01 -2.48069042e-02 0.0
-1.90231793e-01 -3.01979680e-02 0.0
-1.86495291e-01 -3.59045472e-02 0.0
-1.81842151e-01 -4.18741355e-02 0.0
-1.76197148e-01 -4.80262313e-02 0.0
-1.69495483e-01 -5.42486220e-02 0.0
-1.61689824e-01 -6.03948168e-02 0.0
-1.52758195e-01 -6.62831229e-02 0.0
-1.42712657e-01 -7.16981066e-02 0.0
-1.31607785e-01 -7.63949406e-02 0.0
-1.19548437e-01 -8.01071956e-02 0.0
-1.06695282e-01 -8.25582181e-02 0.0
-9.32672109e-02 -8.34760835e-02 0.0
-7.95389282e-02 -8.26116332e-02 0.0
-6.58331356e-02 -7.97590379e-02 0.0
-5.25065937e-02 -7.47782708e-02 0.0
-3.99316709e-02 -6.76194436e-02 0.0
-2.84767088e-02 -5.83494128e-02 0.0
-1.84937491e-02 -4.71805987e-02 0.0
-1.03265229e-02 -3.44966800e-02 0.0
-4.35354943e-03 -2.08531027e-02 0.0
-9.83534920e-04 -6.89530916e-03 0.0
-6.34268047e-04 6.50190400e-03 0.0
-3.15319785e-03 1.85036866e-02 0.0
-7.75536961e-03 2.94230724e-02 0.0
-1.37855636e-02 3.90797992e-02 0.0
-2.08321404e-02 4.73109446e-02 0.0
-2.85927121e-02 5.40270745e-02 0.0
-3.68411500e-02 5.92244259e-02 0.0
-4.54018234e-02 6.29738562e-02 0.0
-5.41336696e-02 6.54009376e-02 0.0
-6.29209470e-02 6.66649477e-02 0.0
-7.16682050e-02 6.69404013e-02 0.0
-8.02970150e-02 6.64023837e-02 0.0
-8.87438391e-02 6.52159830e-02 0.0
-9.69580924e-02 6.35294470e-02 0.0
-1.04900625e-01 6.14705972e-02 0.0
-1.12542135e-01 5.91457331e-02 0.0
-1.19861890e-01 5.66404159e-02 0.0
-1.26846360e-01 5.40213645e-02 0.0
-1.33488141e-01 5.13390043e-02 0.0
-1.39784790e-01 4.86301175e-02 0.0
-1.45737926e-01 4.59204127e-02 0.0
-1.51352268e-01 4.32267094e-02 0.0
-1.56634895e-01 4.05587880e-02 0.0
-1.61594465e-01 3.79207583e-02 0.0
-1.66240618e-01 3.53121199e-02 0.0
-1.70583327e-01 3.27284249e-02 0.0
-1.74632401e-01 3.01617530e-02 0.0
-1.78396921e-01 2.76009082e-02 0.0
-1.81884774e-01 2.50315434e-02 0.0
-1.85102117e-01 2.24361081e-02 0.0
-1.88052866e-01 1.97938168e-02 0.0
-1.90738121e-01 1.70805235e-02 0.0
-1.93155562e-01 1.42687039e-02 0.0
-1.95298765e-01 1.13274335e-02 0.0
-1.97156467e-01 8.22258014e-03 0.0
-1.98711767e-01 4.91711264e-03 0.0
-1.99941264e-01 1.37176518e-03 0.0
-2.00814201e-01 -2.45402034e-03 0.0
-2.01291595e-01 -6.60062127e-03 0.0
-2.01325524e-01 -1.11062996e-02 0.0
-2.00858539e-01 -1.60045636e-02 0.0
-1.99823494e-01 -2.13209202e-02 0.0
-1.98143775e-01 -2.70688382e-02 0.0
-1.95734331e-01 -3.32451053e-02 0.0
-1.92503511e-01 -3.98245423e-02 0.0
-1.88356169e-01 -4.67544387e-02 0.0
-1.83198008e-01 -5.39489145e-02 0.0
-1.76941598e-01 -6.12838446e-02 0.0
-1.69513824e-01 -6.85928641e-02 0.0
-1.60864999e-01 -7.56653744e-02 0.0
-1.50978934e-01 -8.22473116e-02 0.0
-1.39883718e-01 -8.80456860e-02 0.0
-1.27661836e-01 -9.27375519e-02 0.0
-1.14458735e-01 -9.59839981e-02 0.0
-1.00487897e-01 -9.74491026e-02 0.0
-8.60312874e-02 -9.68234056e-02 0.0
-7.14335768e-02 -9.38506784e-02 0.0
-5.70902606e-02 -8.83564078e-02 0.0
-4.34305411e-02 -8.02758791e-02 0.0
-3.08990489e-02 -6.96793718e-02 0.0
-1.99421887e-02 -5.67904108e-02 0.0
-1.10070900e-02 -4.19891545e-02 0.0
-4.55579731e-03 -2.57848673e-02 0.0
-1.00525049e-03 -8.73193356e-03 0.0
-6.24630652e-04 7.98057713e-03 0.0
-3.15803624e-03 2.22971348e-02 0.0
-7.86665914e-03 3.49404460e-02 0.0
-1.41160821e-02 4.58420810e-02 0.0
-2.14718108e-02 5.49510169e-02 0.0
-2.95907592e-02 6.22665822e-02 0.0
-3.82067342e-02 6.78494009e-02 0.0
-4.71135339e-02 7.18164350e-02 0.0
-5.61505142e-02 7.43272755e-02 0.0
-6.51920552e-02 7.55675287e-02 0.0
-7.41397938e-02 7.57329268e-02 0.0
-8.29171764e-02 7.50161705e-02 0.0
-9.14651830e-02 7.35971553e-02 0.0
-9.97392100e-02 7.16366925e-02 0.0
-1.07706411e-01 6.92732309e-02 0.0
-1.15343732e-01 6.66220849e-02 0.0
-1.22636129e-01 6.37763773e-02 0.0
-1.29575254e-01 6.08091682e-02 0.0
-1.36158180e-01 5.77760842e-02 0.0
-1.42386465e-01 5.47181546e-02 0.0
-1.48265181e-01 5.16644165e-02 0.0
-1.53802200e-01 4.86342607e-02 0.0
-1.59007426e-01 4.56392896e-02 0.0
-1.63892225e-01 4.26848313e-02 0.0
-1.68468799e-01 3.97709825e-02 0.0
-1.72749713e-01 3.68933985e-02 0.0
-1.76747364e-01 3.40437197e-02 0.0
-1.80473552e-01 3.12098691e-02 0.0
-1.83938990e-01 2.83760947e-02 0.0
-1.87152853e-01 2.55229849e-02 0.0
-1.90122257e-01 2.26273171e-02 0.0
-1.92851721e-01 1.96619675e-02 0.0
-1.95342535e-01 1.65957392e-02 0.0
-1.97592059e-01 1.33933495e-02 0.0
-1.99592917e-01 1.00154488e-02 0.0
-2.01332085e-01 6.41893477e-03 0.0
-2.02789885e-01 2.55746015e-03 0.0
-2.03938871e-01 -1.61757441e-03 0.0
-2.04742713e-01 -6.15561673e-03 0.0
-2.05155033e-01 -1.11048440e-02 0.0
-2.05118435e-01 -1.65093939e-02 0.0
-2.04563702e-01 -2.24056644e-02 0.0
-2.03409522e-01 -2.88177949e-02 0.0
-2.01562776e-01 -3.57521457e-02 0.0
-1.98919881e-01 -4.31910289e-02 0.0
-1.95369264e-01 -5.10857310e-02 0.0
-1.90795517e-01 -5.93493546e-02 0.0
-1.85085280e-01 -6.78498853e-02 0.0
-1.78135304e-01 -7.64044123e-02 0.0
-1.69862449e-01 -8.47753542e-02 0.0
-1.60215703e-01 -9.26699987e-02 0.0
-1.49189304e-01 -9.97444781e-02 0.0
-1.36836341e-01 -1.05613479e-01 0.0
-1.23280969e-01 -1.09866426e-01 0.0
-1.08727841e-01 -1.12090532e-01 0.0
-9.34663378e-02 -1.11899990e-01 0.0
-7.78683233e-02 -1.08969730e-01 0.0
-6.23781405e-02 -1.03070777e-01 0.0
-4.74959705e-02 -9.41033304e-02 0.0
-3.37568232e-02 -8.21225017e-02 0.0
-2.17101471e-02 -6.73507689e-02 0.0
-1.19041751e-02 -5.01698298e-02 0.0
-4.87598356e-03 -3.10836490e-02 0.0
-1.06124394e-03 -1.06460859e-02 0.0
-6.28319912e-04 9.45351584e-03 0.0
-3.20399920e-03 2.61532793e-02 0.0
-8.03913372e-03 4.06280861e-02 0.0
-1.45114910e-02 5.28762584e-02 0.0
-2.21712497e-02 6.29323752e-02 0.0
-3.06445235e-02 7.08775042e-02 0.0
-3.96313850e-02 7.68413844e-02 0.0
-4.88964726e-02 8.09964174e-02 0.0
-5.82580125e-02 8.35459026e-02 0.0
-6.75772859e-02 8.47098144e-02 0.0
-7.67498429e-02 8.47110450e-02 0.0
-8.56981098e-02 8.37638189e-02 0.0
-9.43656655e-02 8.20651959e-02 0.0
-1.02712533e-01 7.97896810e-02 0.0
-1.10711683e-01 7.70867368e-02 0.0
-1.18346153e-01 7.40805207e-02 0.0
-1.25606985e-01 7.08713306e-02 0.0
-1.32491475e-01 6.75379957e-02 0.0
-1.39001943e-01 6.41408240e-02 0.0
-1.45144608e-01 6.07245451e-02 0.0
-1.50928810e-01 5.73211294e-02 0.0
-1.56366209e-01 5.39521571e-02 0.0
-1.61470235e-01 5.06308412e-02 0.0
-1.66255476e-01 4.73635213e-02 0.0
-1.70737252e-01 4.41508468e-02 0.0
-1.74931110e-01 4.09885151e-02 0.0
-1.78852461e-01 3.78678173e-02 0.0
-1.82516137e-01 3.47758511e-02 0.0
-1.85936023e-01 3.16956535e-02 0.0
-1.89124609e-01 2.86060935e-02 0.0
-1.92092551e-01 2.54817744e-02 0.0
-1.94848133e-01 2.22927776e-02 0.0
-1.97396672e-01 1.90045029e-02 0.0
-1.99739791e-01 1.55774489e-02 0.0
-2.01874572e-01 1.19672086e-02 0.0
-2.03792562e-01 8.12455159e-03 0.0
-2.05478606e-01 3.99590261e-03 0.0
-2.06909546e-01 -4.75875560e-04 0.0
-2.08052762e-01 -5.35004795e-03 0.0
-2.08864667e-01 -1.06859795e-02 0.0
-2.09289168e-01 -1.65401516e-02 0.0
-2.09256331e-01 -2.29622764e-02 0.0
-2.08681308e-01 -2.99901910e-02 0.0
-2.07463954e-01 -3.76436606e-02 0.0
-2.05489249e-01 -4.59169296e-02 0.0
-2.02629147e-01 -5.47703722e-02 0.0
-1.98746020e-01 -6.41214161e-02 0.0
-1.93698402e-01 -7.38355150e-02 0.0
-1.87349120e-01 -8.37178827e-02 0.0
-1.79576357e-01 -9.35073523e-02 0.0
-1.70287275e-01 -1.02873688e-01 0.0
-1.59434142e-01 -1.11420187e-01 0.0
-1.47031623e-01 -1.18693127e-01 0.0
-1.33174057e-01 -1.24199599e-01 0.0
-1.18050134e-01 -1.27434303e-01 0.0
-1.01952806e-01 -1.27914953e-01 0.0
-8.52814173e-02 -1.25224083e-01 0.0
-6.85345761e-02 -1.19053370e-01 0.0
-5.22928607e-02 -1.09244555e-01 0.0
-3.71933763e-02 -9.58198506e-02 0.0
-2.38992392e-02 -7.89941864e-02 0.0
-1.30686101e-02 -5.91629761e-02 0.0
-5.32492772e-03 -3.68623505e-02 0.0
-1.14985540e-03 -1.27047004e-02 0.0
-6.44036712e-04 1.09461378e-02 0.0
-3.29374097e-03 3.01063174e-02 0.0
-8.29207943e-03 4.65085468e-02 0.0
-1.50160809e-02 6.01921934e-02 0.0
-2.29989039e-02 7.12590686e-02 0.0
-3.18394936e-02 7.98647320e-02 0.0
-4.12079094e-02 8.62095009e-02 0.0
-5.08419311e-02 9.05274879e-02 0.0
-6.05389371e-02 9.30734648e-02 0.0
-7.01464454e-02 9.41091308e-02 0.0
-7.95525431e-02 9.38904890e-02 0.0
-8.86774824e-02 9.26576964e-02 0.0
-9.74663487e-02 9.06278640e-02 0.0
-1.05883278e-01 8.79909422e-02 0.0
-1.13906719e-01 8.49082068e-02 0.0
-1.21525962e-01 8.15129109e-02 0.0
-1.28738355e-01 7.79123223e-02 0.0
-1.35547392e-01 7.41906931e-02 0.0
-1.41961123e-01 7.04124944e-02 0.0
-1.47991111e-01 6.66257054e-02 0.0
-1.53651490e-01 6.28647314e-02 0.0
-1.58958344e-01 5.91529950e-02 0.0
-1.63929083e-01 5.55049600e-02 0.0
-1.68582033e-01 5.19277913e-02 0.0
-1.72935971e-01 4.84224906e-02 0.0
-1.77009809e-01 4.49847717e-02 0.0
-1.80822213e-01 4.16055245e-02 0.0
-1.84391323e-01 3.82711400e-02 0.0
-1.87734383e-01 3.49635234e-02 0.0
-1.90867424e-01 3.16600651e-02 0.0
-1.93804842e-01 2.83333781e-02 0.0
-1.96558943e-01 2.49510732e-02 0.0
-1.99139362e-01 2.14753817e-02 0.0
-2.01552370e-01 1.78629127e-02 0.0
-2.03800007e-01 1.40643773e-02 0.0
-2.05879021e-01 1.00246008e-02 0.0
-2.07779609e-01 5.68269671e-03 0.0
-2.09483898e-01 9.72770324e-04 0.0
-2.10964250e-01 -4.17492061e-03 0.0
-2.12181313e-01 -9.83193418e-03 0.0
-2.13082040e-01 -1.60687697e-02 0.0
-2.13597619e-01 -2.29507211e-02 0.0
-2.13641705e-01 -3.05324920e-02 0.0
-2.13109018e-01 -3.88512152e-02 0.0
-2.11874881e-01 -4.79180364e-02 0.0
-2.09795927e-01 -5.77081477e-02 0.0
-2.06712752e-01 -6.81497749e-02 0.0
-2.02454853e-01 -7.91125127e-02 0.0
-1.96848716e-01 -9.03961493e-02 0.0
-1.89729248e-01 -1.01721171e-01 0.0
-1.80955130e-01 -1.12722930e-01 0.0
-1.70427590e-01 -1.22951488e-01 0.0
-1.58112170e-01 -1.31879643e-01 0.0
-1.44061525e-01 -1.38921182e-01 0.0
-1.28437138e-01 -1.43460926e-01 0.0
-1.11526228e-01 -1.44896474e-01 0.0
-9.37505089e-02 -1.42689584e-01 0.0
-7.56629316e-02 -1.36422211e-01 0.0
-5.79307008e-02 -1.25849593e-01 0.0
-4.13043464e-02 -1.10940596e-01 0.0
-2.65762849e-02 -9.18955934e-02 0.0
-1.45336036e-02 -6.91348437e-02 0.0
-5.91101681e-03 -4.32567258e-02 0.0
-1.27092436e-03 -1.49728980e-02 0.0
-6.71196676e-04 1.24819752e-02 0.0
-3.42871454e-03 3.41983157e-02 0.0
-8.63671993e-03 5.26229185e-02 0.0
-1.56570136e-02 6.78221524e-02 0.0
-2.39993104e-02 7.99542758e-02 0.0
-3.32339931e-02 8.92448528e-02 0.0
-4.30023001e-02 9.59661690e-02 0.0
-5.30165562e-02 1.00419173e-01 0.0
-6.30545391e-02 1.02916854e-01 0.0
-7.29505054e-02 1.03769310e-01 0.0
-8.25854286e-02 1.03271434e-01 0.0
-9.18773559e-02 1.01693730e-01 0.0
-1.00773047e-01 9.92765095e-02 0.0
-1.09240799e-01 9.62271071e-02 0.0
-1.17264892e-01 9.27197133e-02 0.0
-1.24841149e-01 8.88970481e-02 0.0
-1.31973776e-01 8.48733575e-02 0.0
-1.38672896e-01 8.07379733e-02 0.0
-1.44952917e-01 7.65591319e-02 0.0
-1.50831213e-01 7.23875240e-02 0.0
-1.56327296e-01 6.82595526e-02 0.0
-1.61462080e-01 6.41999936e-02 0.0
-1.66257430e-01 6.02242384e-02 0.0
-1.70735702e-01 5.63399277e-02 0.0
-1.74919466e-01 5.25482524e-02 0.0
-1.78831174e-01 4.88447553e-02 0.0
-1.82492955e-01 4.52199295e-02 0.0
-1.85926338e-01 4.16594324e-02 0.0
-1.89152042e-01 3.81442034e-02 0.0
-1.92189686e-01 3.46502793e-02 0.0
-1.95057487e-01 3.11485936e-02 0.0
-1.97771857e-01 2.76045390e-02 0.0
-2.00346903e-01 2.39775922e-02 0.0
-2.02793772e-01 2.02207900e-02 0.0
-2.05119809e-01 1.62803839e-02 0.0
-2.07327493e-01 1.20955014e-02 0.0
-2.09413088e-01 7.59818617e-03 0.0
-2.11365022e-01 2.71370877e-03 0.0
-2.13161910e-01 -2.63841823e-03 0.0
-2.14770327e-01 -8.54275657e-03 0.0
-2.16142258e-01 -1.50850952e-02 0.0
-2.17212462e-01 -2.23484218e-02 0.0
-2.17895778e-01 -3.04072032e-02 0.0
-2.18084807e-01 -3.93199804e-02 0.0
-2.17648156e-01 -4.91198832e-02 0.0
-2.16429968e-01 -5.98032726e-02 0.0
-2.14251140e-01 -7.13164898e-02 0.0
-2.10913232e-01 -8.35414474e-02 0.0
-2.06205628e-01 -9.62808058e-02 0.0
-1.99917040e-01 -1.09244427e-01 0.0
-1.91851690e-01 -1.22039008e-01 0.0
-1.81850738e-01 -1.34163774e-01 0.0
-1.69818201e-01 -1.45015196e-01 0.0
-1.55750275e-01 -1.53904088e-01 0.0
-1.39765041e-01 -1.60087540e-01 0.0
-1.22128847e-01 -1.62816871e-01 0.0
-1.03273868e-01 -1.61399802e-01 0.0
-8.38017638e-02 -1.55271600e-01 0.0
-6.44686306e-02 -1.44065504e-01 0.0
-4.61499333e-02 -1.27669681e-01 0.0
-2.97873795e-02 -1.06257079e-01 0.0
-1.63249010e-02 -8.02784829e-02 0.0
-6.64300486e-03 -5.04175447e-02 0.0
-1.42567163e-03 -1.75168782e-02 0.0
-7.09712948e-04 1.40838817e-02 0.0
-3.61099766e-03 3.84762194e-02 0.0
-9.08201820e-03 5.90240652e-02 0.0
-1.64544411e-02 7.58137575e-02 0.0
-2.52048829e-02 8.90554536e-02 0.0
-3.48706345e-02 9.90441640e-02 0.0
-4.50626816e-02 1.06127276e-01 0.0
-5.54684974e-02 1.10678212e-01 0.0
-6.58474042e-02 1.13074787e-01 0.0
-7.60219459e-02 1.13681978e-01 0.0
-8.58672468e-02 1.12839091e-01 0.0
-9.53004724e-02 1.10851335e-01 0.0
-1.04271029e-01 1.07985269e-01 0.0
-1.12752418e-01 1.04467615e-01 0.0
-1.20735514e-01 1.00486527e-01 0.0
-1.28223541e-01 9.61946603e-02 0.0
-1.35228194e-01 9.17131720e-02 0.0
-1.41766971e-01 8.71362116e-02 0.0
-1.47861163e-01 8.25352666e-02 0.0
-1.53534566e-01 7.79632558e-02 0.0
-1.58812479e-01 7.34579895e-02 0.0
-1.63721108e-01 6.90451476e-02 0.0
-1.68287040e-01 6.47405497e-02 0.0
-1.72536965e-01 6.05520008e-02 0.0
-1.76497368e-01 5.64805371e-02 0.0
-1.80194386e-01 5.25213916e-02 0.0
-1.83653607e-01 4.86644921e-02 0.0
-1.86899962e-01 4.48948080e-02 0.0
-1.89957554e-01 4.11923262e-02 0.0
-1.92849511e-01 3.75319613e-02 0.0
-1.95597754e-01 3.38831605e-02 0.0
-1.98222712e-01 3.02095053e-02 0.0
-2.00742905e-01 2.64680700e-02 0.0
-2.03174378e-01 2.26088594e-02 0.0
-2.05529930e-01 1.85741084e-02 0.0
-2.07818076e-01 1.42978105e-02 0.0
-2.10041714e-01 9.70531207e-03 0.0
-2.12196405e-01 4.71340651e-03 0.0
-2.14268287e-01 -7.69150326e-04 0.0
-2.16231515e-01 -6.84018530e-03 0.0
-2.18045366e-01 -1.36016955e-02 0.0
-2.19650915e-01 -2.11558827e-02 0.0
-2.20967611e-01 -2.95995483e-02 0.0
-2.21889794e-01 -3.90162465e-02 0.0
-2.22283733e-01 -4.94661584e-02 0.0
-2.21985486e-01 -6.09732668e-02 0.0
-2.20800537e-01 -7.35101134e-02 0.0
-2.18505833e-01 -8.69802828e-02 0.0
-2.14855565e-01 -1.01199696e-01 0.0
-2.09591548e-01 -1.15878002e-01 0.0
-2.02459624e-01 -1.30602574e-01 0.0
-1.93232579e-01 -1.44828080e-01 0.0
-1.81740085e-01 -1.57875805e-01 0.0
-1.67904373e-01 -1.68947008e-01 0.0
-1.51779423e-01 -1.77154705e-01 0.0
-1.33588726e-01 -1.81576506e-01 0.0
-1.13755421e-01 -1.81328369e-01 0.0
-9.29165024e-02 -1.75653983e-01 0.0
-7.19139783e-02 -1.64018715e-01 0.0
-5.17578854e-02 -1.46191207e-01 0.0
-3.35624945e-02 -1.22293453e-01 0.0
-1.84633780e-02 -9.28036701e-02 0.0
-7.53023396e-03 -5.85073727e-02 0.0
-1.61602926e-03 -2.04060103e-02 0.0
-7.60167170e-04 1.57752049e-02 0.0
-3.84396297e-03 4.29914287e-02 0.0
-9.63776053e-03 6.57736988e-02 0.0
-1.74268976e-02 8.42257173e-02 0.0
-2.66431691e-02 9.86102510e-02 0.0
-3.67835139e-02 1.09295516e-01 0.0
-4.74255756e-02 1.16710095e-01 0.0
-5.82314464e-02 1.21307150e-01 0.0
-6.89433476e-02 1.23536738e-01 0.0
-7.93740728e-02 1.23825382e-01 0.0
-8.93953276e-02 1.22562340e-01 0.0
-9.89255630e-02 1.20091653e-01 0.0
-1.07918975e-01 1.16709034e-01 0.0
-1.16355952e-01 1.12662337e-01 0.0
-1.24235549e-01 1.08154628e-01 0.0
-1.31569562e-01 1.03348737e-01 0.0
-1.38378299e-01 9.83726290e-02 0.0
-1.44687420e-01 9.33248034e-02 0.0
-1.50525882e-01 8.82794844e-02 0.0
-1.55924415e-01 8.32911360e-02 0.0
-1.60914627e-01 7.83984021e-02 0.0
-1.65528304e-01 7.36272136e-02 0.0
-1.69797057e-01 6.89933468e-02 0.0
-1.73752002e-01 6.45042546e-02 0.0
-1.77423645e-01 6.01605149e-02 0.0
-1.80841737e-01 5.59567125e-02 0.0
-1.84035254e-01 5.18821002e-02 0.0
-1.87032322e-01 4.79208181e-02 0.0
-1.89860217e-01 4.40519990e-02 0.0
-1.92545278e-01 4.02495046e-02 0.0
-1.95112832e-01 3.64816126e-02 0.0
-1.97587003e-01 3.27103809e-02 0.0
-1.99990432e-01 2.88910160e-02 0.0
-2.02343830e-01 2.49709837e-02 0.0
-2.04665313e-01 2.08892177e-02 0.0
-2.06969476e-01 1.65752078e-02 0.0
-2.09266109e-01 1.19483807e-02 0.0
-2.11558522e-01 6.91763608e-03 0.0
-2.13841372e-01 1.38154133e-03 0.0
-2.16097991e-01 -4.77084100e-03 0.0
-2.18297123e-01 -1.16578739e-02 0.0
-2.20389182e-01 -1.94019161e-02 0.0
-2.22302002e-01 -2.81238230e-02 0.0
-2.23936419e-01 -3.79351989e-02 0.0
-2.25161835e-01 -4.89276856e-02 0.0
-2.25812464e-01 -6.11591972e-02 0.0
-2.25684772e-01 -7.46366696e-02 0.0
-2.24537332e-01 -8.92957214e-02 0.0
-2.22094081e-01 -1.04977635e-01 0.0
-2.18052763e-01 -1.21405263e-01 0.0
-2.12099900e-01 -1.38159974e-01 0.0
-2.03934138e-01 -1.54663367e-01 0.0
-1.93298703e-01 -1.70168335e-01 0.0
-1.80023225e-01 -1.83765563e-01 0.0
-1.64072650e-01 -1.94411580e-01 0.0
-1.45598947e-01 -2.00983942e-01 0.0
-1.24987430e-01 -2.02365677e-01 0.0
-1.02887440e-01 -1.97555513e-01 0.0
-8.02153423e-02 -1.85791746e-01 0.0
-5.81209777e-02 -1.66668582e-01 0.0
-3.79148589e-02 -1.40217545e-01 0.0
-2.09649194e-02 -1.06928599e-01 0.0
-8.58197882e-03 -6.76985045e-02 0.0
-1.84450601e-03 -2.37141313e-02 0.0
-8.23628802e-04 1.75809357e-02 0.0
-4.13286945e-03 4.78006795e-02 0.0
-1.03162314e-02 7.29416305e-02 0.0
-1.85947816e-02 9.31255061e-02 0.0
-2.83412091e-02 1.08673203e-01 0.0
-3.90029525e-02 1.20034704e-01 0.0
-5.01195858e-02 1.27729662e-01 0.0
-6.13269349e-02 1.32300872e-01 0.0
-7.23514537e-02 1.34279513e-01 0.0
-8.29990768e-02 1.34161042e-01 0.0
-9.31413245e-02 1.32390276e-01 0.0
-1.02701372e-01 1.29354103e-01 0.0
-1.11641168e-01 1.25379902e-01 0.0
-1.19950708e-01 1.20738104e-01 0.0
-1.27639333e-01 1.15647208e-01 0.0
-1.34729262e-01 1.10280232e-01 0.0
-1.41250741e-01 1.04771488e-01 0.0
-1.47238767e-01 9.92232369e-02 0.0
-1.52730734e-01 9.37116309e-02 0.0
-1.57765005e-01 8.82919501e-02 0.0
-1.62379883e-01 8.30028398e-02 0.0
-1.66613088e-01 7.78698260e-02 0.0
-1.70501360e-01 7.29079307e-02 0.0
-1.74080331e-01 6.81237619e-02 0.0
-1.77384408e-01 6.35169069e-02 0.0
-1.80446823e-01 5.90810100e-02 0.0
-1.83299640e-01 5.48043219e-02 0.0
-1.85973867e-01 5.06700802e-02 0.0
-1.88499506e-01 4.66564605e-02 0.0
-1.90905648e-01 4.27364370e-02 0.0
-1.93220483e-01 3.88772616e-02 0.0
-1.95471283e-01 3.50398948e-02 0.0
-1.97684247e-01 3.11780888e-02 0.0
-1.99884219e-01 2.72374740e-02 0.0
-2.02094188e-01 2.31543710e-02 0.0
-2.04334504e-01 1.88547251e-02 0.0
-2.06621768e-01 1.42529481e-02 0.0
-2.08967242e-01 9.25114327e-03 0.0
-2.11374783e-01 3.73860976e-03 0.0
-2.13838113e-01 -2.40777898e-03 0.0
-2.16337463e-01 -9.32227622e-03 0.0
-2.18835445e-01 -1.71472983e-02 0.0
-2.21272308e-01 -2.60285874e-02 0.0
-2.23560528e-01 -3.61076319e-02 0.0
-2.25579166e-01 -4.75110378e-02 0.0
-2.27168222e-01 -6.03360047e-02 0.0
-2.28123878e-01 -7.46317486e-02 0.0
-2.28195378e-01 -9.03764381e-02 0.0
-2.27085193e-01 -1.07450216e-01 0.0
-2.24453952e-01 -1.25605110e-01 0.0
-2.19932607e-01 -1.44434211e-01 0.0
-2.13143901e-01 -1.63343482e-01 0.0
-2.03735636e-01 -1.81531811e-01 0.0
-1.91426744e-01 -1.97986357e-01 0.0
-1.76065858e-01 -2.11502153e-01 0.0
-1.57698157e-01 -2.20734689e-01 0.0
-1.36632439e-01 -2.24292089e-01 0.0
-1.13494763e-01 -2.20866700e-01 0.0
-8.92522590e-02 -2.09395101e-01 0.0
-6.51907295e-02 -1.89221071e-01 0.0
-4.28379863e-02 -1.60223877e-01 0.0
-2.38388778e-02 -1.22871284e-01 0.0
-9.80686553e-03 -7.81707489e-02 0.0
-2.11378980e-03 -2.75202985e-02 0.0
-9.01942781e-04 1.95289784e-02 0.0
-4.48535965e-03 5.29677735e-02 0.0
-1.11338545e-02 8.06064165e-02 0.0
-1.99827790e-02 1.02588226e-01 0.0
-3.03287527e-02 1.19302925e-01 0.0
-4.15583117e-02 1.31296333e-01 0.0
-5.31674220e-02 1.39193835e-01 0.0
-6.47644752e-02 1.43641167e-01 0.0
-7.60623356e-02 1.45261672e-01 0.0
-8.68638477e-02 1.44628101e-01 0.0
-9.70450308e-02 1.42246740e-01 0.0
-1.06538281e-01 1.38551035e-01 0.0
-1.15317558e-01 1.33902149e-01 0.0
-1.23385946e-01 1.28593899e-01 0.0
-1.30766069e-01 1.22860282e-01 0.0
-1.37492795e-01 1.16883941e-01 0.0
-1.43608164e-01 1.10804762e-01 0.0
-1.49157767e-01 1.04727731e-01 0.0
-1.54188472e-01 9.87299556e-02 0.0
-1.58746875e-01 9.28664493e-02 0.0
-1.62878460e-01 8.71749602e-02 0.0
-1.66627046e-01 8.16796582e-02 0.0
-1.70034602e-01 7.63940918e-02 0.0
-1.73141129e-01 7.13232680e-02 0.0
-1.75984759e-01 6.64652808e-02 0.0
-1.78601828e-01 6.18122958e-02 0.0
-1.81027086e-01 5.73512900e-02 0.0
-1.83293859e-01 5.30642933e-02 0.0
-1.85434288e-01 4.89284990e-02 0.0
-1.87479507e-01 4.49159431e-02 0.0
-1.89459832e-01 4.09931009e-02 0.0
-1.91404867e-01 3.71200761e-02 0.0
-1.93343542e-01 3.32497325e-02 0.0
-1.95303999e-01 2.93264448e-02 0.0
-1.97313293e-01 2.52848476e-02 0.0
-1.99396841e-01 2.10482974e-02 0.0
-2.01577508e-01 1.65274889e-02 0.0
-2.03874280e-01 1.16190288e-02 0.0
-2.06300351e-01 6.20451411e-03 0.0
-2.08860595e-01 1.50065378e-04 0.0
-2.11548212e-01 -6.69298228e-03 0.0
-2.14340569e-01 -1.44860844e-02 0.0
-2.17194050e-01 -2.33992934e-02 0.0
-2.20038083e-01 -3.36045133e-02 0.0
-2.22768299e-01 -4.52651479e-02 0.0
-2.25239313e-01 -5.85216736e-02 0.0
-2.27257473e-01 -7.34721207e-02 0.0
-2.28574691e-01 -9.01472087e-02 0.0
-2.28884485e-01 -1.08479705e-01 0.0
-2.27822417e-01 -1.28268804e-01 0.0
-2.24973260e-01 -1.49140901e-01 0.0
-2.19888358e-01 -1.70510287e-01 0.0
-2.12116447e-01 -1.91545077e-01 0.0
-2.01251402e-01 -2.11146930e-01 0.0
-1.86998173e-01 -2.27955605e-01 0.0
-1.69255295e-01 -2.40391734e-01 0.0
-1.48205916e-01 -2.46750066e-01 0.0
-1.24402492e-01 -2.45349757e-01 0.0
-9.88223368e-02 -2.34734645e-01 0.0
-7.28691250e-02 -2.13896218e-01 0.0
-4.83011044e-02 -1.82469454e-01 0.0
-2.70863397e-02 -1.40839549e-01 0.0
-1.12122416e-02 -9.01085729e-02 0.0
-2.42684685e-03 -3.19092562e-02 0.0
-9.97737706e-04 2.16517013e-02 0.0
-4.91238018e-03 5.85661621e-02 0.0
-1.21128412e-02 8.88570049e-02 0.0
-2.16224374e-02 1.12696189e-01 0.0
-3.26407047e-02 1.30559241e-01 0.0
-4.44799087e-02 1.43108827e-01 0.0
-5.65860790e-02 1.51096676e-01 0.0
-6.85398189e-02 1.55289184e-01 0.0
-8.00437410e-02 1.56415510e-01 0.0
-9.09032456e-02 1.55135360e-01 0.0
-1.01005061e-01 1.52022566e-01 0.0
-1.10297034e-01 1.47560528e-01 0.0
-1.18770526e-01 1.42145526e-01 0.0
-1.26446381e-01 1.36094875e-01 0.0
-1.33364105e-01 1.29657268e-01 0.0
-1.39574138e-01 1.23023837e-01 0.0
-1.45132357e-01 1.16338583e-01 0.0
-1.50096540e-01 1.09707831e-01 0.0
-1.54524005e-01 1.03208165e-01 0.0
-1.58470292e-01 9.68930748e-02 0.0
-1.61988351e-01 9.07981288e-02 0.0
-1.65128246e-01 8.49451256e-02 0.0
-1.67937016e-01 7.93451088e-02 0.0
-1.70458807e-01 7.40007327e-02 0.0
-1.72735016e-01 6.89078211e-02 0.0
-1.74804591e-01 6.40565684e-02 0.0
-1.76704297e-01 5.94321523e-02 0.0
-1.78469079e-01 5.50151600e-02 0.0
-1.80132377e-01 5.07815348e-02 0.0
-1.81726486e-01 4.67024127e-02 0.0
-1.83282864e-01 4.27435117e-02 0.0
-1.84832418e-01 3.88644329e-02 0.0
-1.86405706e-01 3.50175171e-02 0.0
-1.88033037e-01 3.11466258e-02 0.0
-1.89744405e-01 2.71855061e-02 0.0
-1.91569188e-01 2.30561469e-02 0.0
-1.93535552e-01 1.86668453e-02 0.0
-1.95669408e-01 1.39104735e-02 0.0
-1.97992880e-01 8.66278324e-03 0.0
-2.00522049e-01 2.78137715e-03 0.0
-2.03263933e-01 -3.89462847e-03 0.0
-2.06212435e-01 -1.15434178e-02 0.0
-2.09343261e-01 -2.03574950e-02 0.0
-2.12607553e-01 -3.05378337e-02 0.0
-2.15924395e-01 -4.22846206e-02 0.0
-2.19172127e-01 -5.57833111e-02 0.0
-2.22179007e-01 -7.11853045e-02 0.0
-2.24713692e-01 -8.85819895e-02 0.0
-2.26476956e-01 -1.07971739e-01 0.0
-2.27096298e-01 -1.29219376e-01 0.0
-2.26126494e-01 -1.52009176e-01 0.0
-2.23059725e-01 -1.75793575e-01 0.0
-2.17350446e-01 -1.99742877e-01 0.0
-2.08460128e-01 -2.22704400e-01 0.0
-1.95926847e-01 -2.43184559e-01 0.0
-1.79460951e-01 -2.59371477e-01 0.0
-1.59062150e-01 -2.69218431e-01 0.0
-1.35142396e-01 -2.70604509e-01 0.0
-1.08627274e-01 -2.61575116e-01 0.0
-8.09986478e-02 -2.40637539e-01 0.0
-5.42439726e-02 -2.07050790e-01 0.0
-3.06980671e-02 -1.61018854e-01 0.0
-1.28039012e-02 -1.03697510e-01 0.0
-2.78675227e-03 -3.69718176e-02 0.0
-1.11494743e-03 2.39880327e-02 0.0
-5.42942027e-03 6.46825994e-02 0.0
-1.32837315e-02 9.77953611e-02 0.0
-2.35550183e-02 1.23538744e-01 0.0
-3.53196965e-02 1.42499669e-01 0.0
-4.77998363e-02 1.55487788e-01 0.0
-6.03854431e-02 1.63409547e-01 0.0
-7.26304218e-02 1.67175093e-01 0.0
-8.42330757e-02 1.67636246e-01 0.0
-9.50094088e-02 1.65550537e-01 0.0
-1.04865624e-01 1.61565503e-01 0.0
-1.13773060e-01 1.56217091e-01 0.0
-1.21747579e-01 1.49937071e-01 0.0
-1.28833424e-01 1.43065135e-01 0.0
-1.35091512e-01 1.35862931e-01 0.0
-1.40591101e-01 1.28527912e-01 0.0
-1.45404360e-01 1.21206108e-01 0.0
-1.49602799e-01 1.14003056e-01 0.0
-1.53255250e-01 1.06992989e-01 0.0
-1.56426669e-01 1.00226096e-01 0.0
-1.59177688e-01 9.37343285e-02 0.0
-1.61564435e-01 8.75357155e-02 0.0
-1.63638722e-01 8.16377284e-02 0.0
-1.65448272e-01 7.60396091e-02 0.0
-1.67037128e-01 7.07341693e-02 0.0
-1.68446043e-01 6.57088711e-02 0.0
-1.69712963e-01 6.09466399e-02 0.0
-1.70873476e-01 5.64261327e-02 0.0
-1.71961315e-01 5.21218665e-02 0.0
-1.73008822e-01 4.80038670e-02 0.0
-1.74047432e-01 4.40372156e-02 0.0
-1.75108100e-01 4.01811212e-02 0.0
-1.76221698e-01 3.63878854e-02 0.0
-1.77419320e-01 3.26013815e-02 0.0
-1.78732466e-01 2.87554340e-02 0.0
-1.80193042e-01 2.47717472e-02 0.0
-1.81833091e-01 2.05578245e-02 0.0
-1.83684184e-01 1.60046084e-02 0.0
-1.85776291e-01 1.09843909e-02 0.0
-1.88136067e-01 5.34887546e-03 0.0
-1.90784271e-01 -1.07188256e-03 0.0
-1.93732237e-01 -8.46954106e-03 0.0
-1.96977067e-01 -1.70555649e-02 0.0
-2.00495469e-01 -2.70569228e-02 0.0
-2.04235913e-01 -3.87081037e-02 0.0
-2.08109187e-01 -5.22386839e-02 0.0
-2.11977233e-01 -6.78548739e-02 0.0
-2.15640817e-01 -8.57140242e-02 0.0
-2.18826659e-01 -1.05890476e-01 0.0
-2.21175848e-01 -1.28331993e-01 0.0
-2.22235984e-01 -1.52806118e-01 0.0
-2.21461537e-01 -1.78837746e-01 0.0
-2.18228152e-01 -2.05641275e-01 0.0
-2.11868929e-01 -2.32055453e-01 0.0
-2.01740871e-01 -2.56494764e-01 0.0
-1.87328558e-01 -2.76939406e-01 0.0
-1.68385246e-01 -2.90992547e-01 0.0
-1.45099711e-01 -2.96035620e-01 0.0
-1.18258081e-01 -2.89500705e-01 0.0
-8.93513927e-02 -2.69247220e-01 0.0
-6.05709259e-02 -2.33976215e-01 0.0
-3.46527759e-02 -1.83557455e-01 0.0
-1.45859785e-02 -1.19119852e-01 0.0
-3.19701175e-03 -4.28054138e-02 0.0
-1.25920491e-03 2.65864554e-02 0.0
-6.05864750e-03 7.14223716e-02 0.0
-1.46888341e-02 1.07540106e-01 0.0
-2.58354602e-02 1.35211941e-01 0.0
-3.84185519e-02 1.55174277e-01 0.0
-5.15518418e-02 1.68426653e-01 0.0
-6.45642008e-02 1.76068697e-01 0.0
-7.69873337e-02 1.79184112e-01 0.0
-8.85249710e-02 1.78767583e-01 0.0
-9.90157849e-02 1.75686421e-01 0.0
-1.08397297e-01 1.70667425e-01 0.0
-1.16675054e-01 1.64300450e-01 0.0
-1.23898143e-01 1.57051413e-01 0.0
-1.30141186e-01 1.49279781e-01 0.0
-1.35491585e-01 1.41256876e-01 0.0
-1.40041155e-01 1.33183239e-01 0.0
-1.43880746e-01 1.25203748e-01 0.0
-1.47097173e-01 1.17420406e-01 0.0
-1.49771504e-01 1.09902548e-01 0.0
-1.51978398e-01 1.02694983e-01 0.0
-1.53785928e-01 9.58241247e-02 0.0
-1.55255853e-01 8.93027330e-02 0.0
-1.56444001e-01 8.31332901e-02 0.0
-1.57400842e-01 7.73105866e-02 0.0
-1.58172044e-01 7.18234015e-02 0.0
-1.58799124e-01 6.66557873e-02 0.0
-1.59320042e-01 6.17877173e-02 0.0
-1.59769859e-01 5.71955436e-02 0.0
-1.60181344e-01 5.28519384e-02 0.0
-1.60585606e-01 4.87257254e-02 0.0
-1.61012696e-01 4.47812200e-02 0.0
-1.61492213e-01 4.09774634e-02 0.0
-1.62053853e-01 3.72669443e-02 0.0
-1.62727936e-01 3.35941902e-02 0.0
-1.63545831e-01 2.98938274e-02 0.0
-1.64540257e-01 2.60885169e-02 0.0
-1.65745406e-01 2.20864127e-02 0.0
-1.67196755e-01 1.77786194e-02 0.0
-1.68930515e-01 1.30364025e-02 0.0
-1.70982486e-01 7.70876358e-03 0.0
-1.73386224e-01 1.62032120e-03 0.0
-1.76170184e-01 -5.42967318e-03 0.0
-1.79353680e-01 -1.36669622e-02 0.0
-1.82941246e-01 -2.33394180e-02 0.0
-1.86915191e-01 -3.47110839e-02 0.0
-1.91225893e-01 -4.80515975e-02 0.0
-1.95779754e-01 -6.36199266e-02 0.0
-2.00424579e-01 -8.16404427e-02 0.0
-2.04932884e-01 -1.02269794e-01 0.0
-2.08983944e-01 -1.25552315e-01 0.0
-2.12146989e-01 -1.51362510e-01 0.0
-2.13869280e-01 -1.79333412e-01 0.0
-2.13475883e-01 -2.08772299e-01 0.0
-2.10190509e-01 -2.38568941e-01 0.0
-2.03190248e-01 -2.67109515e-01 0.0
-1.91707340e-01 -2.92219804e-01 0.0
-1.75187598e-01 -3.11175139e-01 0.0
-1.53501493e-01 -3.20824610e-01 0.0
-1.27180323e-01 -3.17874464e-01 0.0
-9.76168609e-02 -2.99343570e-01 0.0
-6.71445813e-02 -2.63132576e-01 0.0
-3.89155352e-02 -2.08548263e-01 0.0
-1.65615204e-02 -1.36549836e-01 0.0
-3.66174258e-03 -4.95151270e-02 0.0
-1.43893760e-03 2.95095082e-02 0.0
-6.83208227e-03 7.89168226e-02 0.0
-1.63875579e-02 1.18231336e-01 0.0
-2.85373887e-02 1.47817193e-01 0.0
-4.20027773e-02 1.68617540e-01 0.0
-5.57688682e-02 1.81882811e-01 0.0
-6.91016954e-02 1.88957774e-01 0.0
-8.15208418e-02 1.91137369e-01 0.0
-9.27516083e-02 1.89582791e-01 0.0
-1.02672753e-01 1.85283239e-01 0.0
-1.11269429e-01 1.79048871e-01 0.0
-1.18594991e-01 1.71522404e-01 0.0
-1.24742583e-01 1.63200230e-01 0.0
-1.29825119e-01 1.54456637e-01 0.0
-1.33962179e-01 1.45567579e-01 0.0
-1.37271770e-01 1.36731803e-01 0.0
-1.39865696e-01 1.28088811e-01 0.0
-1.41847104e-01 1.19733294e-01 0.0
-1.43309610e-01 1.11726618e-01 0.0
-1.44337180e-01 1.04105502e-01 0.0
-1.45004618e-01 9.68887029e-02 0.0
-1.45378217e-01 9.00818125e-02 0.0
-1.45516628e-01 8.36809062e-02 0.0
-1.45471678e-01 7.76750012e-02 0.0
-1.45289273e-01 7.20479280e-02 0.0
-1.45010214e-01 6.67794264e-02 0.0
-1.44671040e-01 6.18459699e-02 0.0
-1.44304801e-01 5.72210194e-02 0.0
-1.43941850e-01 5.28751475e-02 0.0
-1.43610581e-01 4.87756614e-02 0.0
-1.43338184e-01 4.48861310e-02 0.0
-1.43151367e-01 4.11654056e-02 0.0
-1.43077083e-01 3.75665123e-02 0.0
-1.43143224e-01 3.40350000e-02 0.0
-1.43379288e-01 3.05071285e-02 0.0
-1.43816975e-01 2.69074815e-02 0.0
-1.44490667e-01 2.31464396e-02 0.0
-1.45437733e-01 1.91171572e-02 0.0
-1.46698527e-01 1.46925655e-02 0.0
-1.48315991e-01 9.72218035e-03 0.0
-1.50334603e-01 4.02939685e-03 0.0
-1.52798526e-01 -2.59072706e-03 0.0
-1.55748537e-01 -1.03722653e-02 0.0
-1.59217489e-01 -1.95774645e-02 0.0
-1.63223717e-01 -3.04927372e-02 0.0
-1.67762024e-01 -4.34208111e-02 0.0
-1.72791538e-01 -5.86672190e-02 0.0
-1.78220094e-01 -7.65196539e-02 0.0
-1.83884665e-01 -9.72175979e-02 0.0
-1.89528212e-01 -1.20909799e-01 0.0
-1.94773964e-01 -1.47596130e-01 0.0
-1.99100439e-01 -1.77050932e-01 0.0
-2.01823073e-01 -2.08725456e-01 0.0
-2.02093248e-01 -2.41630902e-01 0.0
-1.98930424e-01 -2.74210566e-01 0.0
-1.91308416e-01 -3.04223601e-01 0.0
-1.78316760e-01 -3.28682681e-01 0.0
-1.59408650e-01 -3.43911228e-01 0.0
-1.34718816e-01 -3.45798804e-01 0.0
-1.05388249e-01 -3.30313219e-01 0.0
-7.37785560e-02 -2.94244868e-01 0.0
-4.34369636e-02 -2.36006584e-01 0.0
-1.87338598e-02 -1.56148616e-01 0.0
-4.18655323e-03 -5.72158002e-02 0.0
-1.66674138e-03 3.28407372e-02 0.0
-7.79675790e-03 8.73343132e-02 0.0
-1.84639351e-02 1.30036516e-01 0.0
-3.17595888e-02 1.61457523e-01 0.0
-4.61515756e-02 1.82834616e-01 0.0
-6.04762022e-02 1.95756492e-01 0.0
-7.39418384e-02 2.01882601e-01 0.0
-8.60759566e-02 2.02765859e-01 0.0
-9.66508625e-02 1.99760032e-01 0.0
-1.05610616e-01 1.93986962e-01 0.0
-1.13009596e-01 1.86340875e-01 0.0
-1.18966137e-01 1.77512580e-01 0.0
-1.23629967e-01 1.68021558e-01 0.0
-1.27161059e-01 1.58249027e-01 0.0
-1.29716671e-01 1.48467955e-01 0.0
-1.31444238e-01 1.38868684e-01 0.0
-1.32477871e-01 1.29579591e-01 0.0
-1.32937263e-01 1.20683423e-01 0.0
-1.32927808e-01 1.12229653e-01 0.0
-1.32541534e-01 1.04243881e-01 0.0
-1.31858269e-01 9.67346179e-02 0.0
-1.30947012e-01 8.96983658e-02 0.0
-1.29867221e-01 8.31231011e-02 0.0
-1.28670118e-01 7.69908858e-02 0.0
-1.27399847e-01 7.12795018e-02 0.0
-1.26094602e-01 6.59636859e-02 0.0
-1.24787636e-01 6.10157097e-02 0.0
-1.23508245e-01 5.64057904e-02 0.0
-1.22282660e-01 5.21019822e-02 0.0
-1.21134940e-01 4.80699814e-02 0.0
-1.20087816e-01 4.42724342e-02 0.0
-1.19163542e-01 4.06681563e-02 0.0
-1.18384736e-01 3.72108164e-02 0.0
-1.17775237e-01 3.38474827e-02 0.0
-1.17360963e-01 3.05165796e-02 0.0
-1.17170764e-01 2.71456617e-02 0.0
-1.17237252e-01 2.36485813e-02 0.0
-1.17597535e-01 1.99225051e-02 0.0
-1.18293821e-01 1.58444360e-02 0.0
-1.19373712e-01 1.12678013e-02 0.0
-1.20890109e-01 6.01891838e-03 0.0
-1.22900384e-01 -1.05919478e-04 0.0
-1.25464642e-01 -7.34267560e-03 0.0
-1.28642518e-01 -1.59601019e-02 0.0
-1.32488131e-01 -2.62581386e-02 0.0
-1.37042375e-01 -3.85627418e-02 0.0
-1.42321914e-01 -5.32161233e-02 0.0
-1.48303769e-01 -7.05602305e-02 0.0
-1.54904734e-01 -9.09113815e-02 0.0
-1.61954647e-01 -1.14522458e-01 0.0
-1.69163623e-01 -1.41528650e-01 0.0
-1.76084468e-01 -1.71871006e-01 0.0
-1.82075005e-01 -2.05192129e-01 0.0
-1.86269828e-01 -2.40699157e-01 0.0
-1.87579293e-01 -2.76995600e-01 0.0
-1.84742698e-01 -3.11897107e-01 0.0
-1.76470870e-01 -3.42272600e-01 0.0
-1.61710779e-01 -3.63989459e-01 0.0
-1.40040729e-01 -3.72080413e-01 0.0
-1.12145071e-01 -3.61257798e-01 0.0
-8.02284831e-02 -3.26826539e-01 0.0
-4.81529617e-02 -2.65842004e-01 0.0
-2.11097130e-02 -1.78059531e-01 0.0
-4.77977277e-03 -6.60362339e-02 0.0
-1.96208580e-03 3.66957480e-02 0.0
-9.02267319e-03 9.68960952e-02 0.0
-2.10375286e-02 1.43156783e-01 0.0
-3.56328551e-02 1.76228258e-01 0.0
-5.09547617e-02 1.97777804e-01 0.0
-6.56747013e-02 2.09857905e-01 0.0
-7.89626237e-02 2.14534790e-01 0.0
-9.03897493e-02 2.13674962e-01 0.0
-9.98147990e-02 2.08850940e-01 0.0
-1.07282267e-01 2.01323335e-01 0.0
-1.12943829e-01 1.92065111e-01 0.0
-1.17003151e-01 1.81804278e-01 0.0
-1.19680377e-01 1.71070993e-01 0.0
-1.21190947e-01 1.60241336e-01 0.0
-1.21734371e-01 1.49574770e-01 0.0
-1.21489141e-01 1.39244298e-01 0.0
-1.20611486e-01 1.29360054e-01 0.0
-1.19236072e-01 1.19987041e-01 0.0
-1.17477818e-01 1.11158433e-01 0.0
-1.15434011e-01 1.02885131e-01 0.0
-1.13186585e-01 9.51627907e-02 0.0
-1.10804194e-01 8.79766621e-02 0.0
-1.08344197e-01 8.13051367e-02 0.0
-1.05854358e-01 7.51220323e-02 0.0
-1.03374437e-01 6.93982891e-02 0.0
-1.00937541e-01 6.41028866e-02 0.0
-9.85713940e-02 5.92035263e-02 0.0
-9.62994361e-02 5.46667565e-02 0.0
-9.41418859e-02 5.04580136e-02 0.0
-9.21166968e-02 4.65411754e-02 0.0
-9.02405093e-02 4.28780636e-02 0.0
-8.85295652e-02 3.94274441e-02 0.0
-8.70006471e-02 3.61439403e-02 0.0
-8.56720376e-02 3.29763856e-02 0.0
-8.45645248e-02 2.98660249e-02 0.0
-8.37024650e-02 2.67440917e-02 0.0
-8.31148822e-02 2.35291893e-02 0.0
-8.28366135e-02 2.01240431e-02 0.0
-8.29094085e-02 1.64121079e-02 0.0
-8.33829557e-02 1.22536959e-02 0.0
-8.43156329e-02 7.48222216e-03 0.0
-8.57748631e-02 1.90040489e-03 0.0
-8.78366926e-02 -4.72279311e-03 0.0
-9.05842976e-02 -1.26543863e-02 0.0
-9.41047494e-02 -2.21976773e-02 0.0
-9.84834363e-02 -3.36901626e-02 0.0
-1.03795029e-01 -4.74974664e-02 0.0
-1.10089911e-01 -6.40020493e-02 0.0
-1.17374388e-01 -8.35840248e-02 0.0
-1.25583150e-01 -1.06591047e-01 0.0
-1.34542193e-01 -1.33291955e-01 0.0
-1.43921669e-01 -1.63807297e-01 0.0
-1.53180115e-01 -1.98006777e-01 0.0
-1.61507105e-01 -2.35362624e-01 0.0
-1.67780244e-01 -2.74749464e-01 0.0
-1.70567166e-01 -3.14192855e-01 0.0
-1.68219922e-01 -3.50595870e-01 0.0
-1.59121575e-01 -3.79524579e-01 0.0
-1.42133026e-01 -3.95203851e-01 0.0
-1.17228156e-01 -3.90934852e-01 0.0
-8.61779858e-02 -3.60116213e-01 0.0
-5.29848653e-02 -2.97820948e-01 0.0
-2.37046848e-02 -2.02404001e-01 0.0
-5.45518732e-03 -7.61273631e-02 0.0
-2.35552563e-03 4.12401537e-02 0.0
-1.06154647e-02 1.07899018e-01 0.0
-2.42779153e-02 1.57831181e-01 0.0
-4.03247539e-02 1.92196047e-01 0.0
-5.64982517e-02 2.13305446e-01 0.0
-7.13038731e-02 2.23855858e-01 0.0
-8.39181670e-02 2.26439091e-01 0.0
-9.40173989e-02 2.23297064e-01 0.0
-1.01605250e-01 2.16241789e-01 0.0
-1.06874178e-01 2.06668939e-01 0.0
-1.10107428e-01 1.95614381e-01 0.0
-1.11616592e-01 1.83823561e-01 0.0
-1.11705367e-01 1.71817783e-01 0.0
-1.10651116e-01 1.59950943e-01 0.0
-1.08697271e-01 1.48454823e-01 0.0
-1.06052131e-01 1.37473961e-01 0.0
-1.02890824e-01 1.27091519e-01 0.0
-9.93588336e-02 1.17348267e-01 0.0
-9.55758598e-02 1.08256077e-01 0.0
-9.16396758e-02 9.98075992e-02 0.0
-8.76295607e-02 9.19828866e-02 0.0
-8.36093919e-02 8.47541161e-02 0.0
-7.96302426e-02 7.80886473e-02 0.0
-7.57326700e-02 7.19512249e-02 0.0
-7.19486116e-02 6.63052341e-02 0.0
-6.83030687e-02 6.11136226e-02 0.0
-6.48155165e-02 5.63392116e-02 0.0
-6.15011884e-02 5.19449078e-02 0.0
-5.83721871e-02 4.78934344e-02 0.0
-5.54385392e-02 4.41470423e-02 0.0
-5.27091637e-02 4.06667591e-02 0.0
-5.01928421e-02 3.74116088e-02 0.0
-4.78991839e-02 3.43373254e-02 0.0
-4.58396470e-02 3.13949798e-02 0.0
-4.40286296e-02 2.85290258e-02 0.0
-4.24846600e-02 2.56751858e-02 0.0
-4.12317165e-02 2.27576925e-02 0.0
-4.03006543e-02 1.96863309e-02 0.0
-3.97307649e-02 1.63528462e-02 0.0
-3.95713669e-02 1.26272252e-02 0.0
-3.98834034e-02 8.35352306e-03 0.0
-4.07408119e-02 3.34585627e-03 0.0
-4.22315192e-02 -2.61559637e-03 0.0
-4.44576011e-02 -9.78778837e-03 0.0
-4.75342096e-02 -1.84671096e-02 0.0
-5.15864179e-02 -2.89897341e-02 0.0
-5.67431108e-02 -4.17295114e-02 0.0
-6.31263867e-02 -5.70917533e-02 0.0
-7.08347587e-02 -7.55013815e-02 0.0
-7.99175462e-02 -9.73820562e-02 0.0
-9.03376684e-02 -1.23121699e-01 0.0
-1.01919554e-01 -1.53016115e-01 0.0
-1.14280328e-01 -1.87178668e-01 0.0
-1.26745833e-01 -2.25398175e-01 0.0
-1.38262467e-01 -2.66924079e-01 0.0
-1.47332558e-01 -3.10161171e-01 0.0
-1.52028186e-01 -3.52279120e-01 0.0
-1.50169140e-01 -3.88798679e-01 0.0
-1.39767158e-01 -4.13320242e-01 0.0
-1.19797800e-01 -4.17692657e-01 0.0
-9.12127986e-02 -3.92993551e-01 0.0
-5.78372594e-02 -3.31512249e-01 0.0
-2.65525657e-02 -2.29277558e-01 0.0
-6.23665699e-03 -8.76777628e-02 0.0
-2.89641761e-03 4.67194748e-02 0.0
-1.27361031e-02 1.20746703e-01 0.0
-2.84222546e-02 1.74332113e-01 0.0
-4.60339747e-02 2.09353694e-01 0.0
-6.28228307e-02 2.29110179e-01 0.0
-7.71634317e-02 2.37197377e-01 0.0
-8.83301135e-02 2.36878584e-01 0.0
-9.62034964e-02 2.30830226e-01 0.0
-1.01015810e-01 2.21108838e-01 0.0
-1.03167714e-01 2.09222774e-01 0.0
-1.03112543e-01 1.96238683e-01 0.0
-1.01291012e-01 1.82886952e-01 0.0
-9.80994910e-02 1.69651712e-01 0.0
-9.38782796e-02 1.56841621e-01 0.0
-8.89109879e-02 1.44643084e-01 0.0
-8.34291677e-02 1.33158819e-01 0.0
-7.76191186e-02 1.22435389e-01 0.0
-7.16289372e-02 1.12482312e-01 0.0
-6.55751549e-02 1.03285368e-01 0.0
-5.95484656e-02 9.48155290e-02 0.0
-5.36186425e-02 8.70351165e-02 0.0
-4.78385555e-02 7.99017304e-02 0.0
-4.22475412e-02 7.33709729e-02 0.0
-3.68741143e-02 6.73980051e-02 0.0
-3.17382549e-02 6.19386441e-02 0.0
-2.68532567e-02 5.69497810e-02 0.0
-2.22273222e-02 5.23896781e-02 0.0
-1.78648812e-02 4.82177849e-02 0.0
-1.37677744e-02 4.43945635e-02 0.0
-9.93628365e-03 4.08808893e-02 0.0
-6.37011350e-03 3.76374821e-02 0.0
-3.06932390e-03 3.46238904e-02 0.0
-3.52900264e-05 3.17974678e-02 0.0
2.72828890e-03 2.91118375e-02 0.0
5.21427936e-03 2.65152756e-02 0.0
7.41085866e-03 2.39485019e-02 0.0
9.30009202e-03 2.13423130e-02 0.0
1.08562872e-02 1.86145656e-02 0.0
1.20441496e-02 1.56669703e-02 0.0
1.28166994e-02 1.23812627e-02 0.0
1.31130557e-02 8.61527251e-03 0.0
1.28561177e-02 4.19855840e-03 0.0
1.19503989e-02 -1.07177037e-03 0.0
1.02802011e-02 -7.43523480e-03 0.0
7.70866243e-03 -1.51714198e-02 0.0
4.07819660e-03 -2.46026560e-02 0.0
-7.86622080e-04 -3.60949885e-02 0.0
-7.07251422e-03 -5.00570214e-02 0.0
-1.49651935e-02 -6.69349800e-02 0.0
-2.46286645e-02 -8.72021202e-02 0.0
-3.61720572e-02 -1.11338047e-01 0.0
-4.95990575e-02 -1.39790811e-01 0.0
-6.47338791e-02 -1.72908311e-01 0.0
-8.11192566e-02 -2.10817588e-01 0.0
-9.78877286e-02 -2.53219505e-01 0.0
-1.13624213e-01 -2.99059118e-01 0.0
-1.26270333e-01 -3.46039381e-01 0.0
-1.33173226e-01 -3.89994529e-01 0.0
-1.31438292e-01 -4.24261274e-01 0.0
-1.18758786e-01 -4.39400459e-01 0.0
-9.47673049e-02 -4.23862208e-01 0.0
-6.25865262e-02 -3.66199890e-01 0.0
-2.97190218e-02 -2.58742102e-01 0.0
-7.16686126e-03 -1.00942530e-01 0.0
-3.66632006e-03 5.35101361e-02 0.0
-1.56311591e-02 1.35988497e-01 0.0
-3.37897451e-02 1.92935069e-01 0.0
-5.29537108e-02 2.27526442e-01 0.0
-6.98218390e-02 2.44594437e-01 0.0
-8.27523151e-02 2.48984225e-01 0.0
-9.12858615e-02 2.44791997e-01 0.0
-9.56602977e-02 2.35164671e-01 0.0
-9.64476527e-02 2.22374103e-01 0.0
-9.43259076e-02 2.07987716e-01 0.0
-8.99541265e-02 1.93046840e-01 0.0
-8.39149550e-02 1.78218149e-01 0.0
-7.66958976e-02 1.63909997e-01 0.0
-6.86907884e-02 1.50357081e-01 0.0
-6.02100809e-02 1.37679693e-01 0.0
-5.14940516e-02 1.25924433e-01 0.0
-4.27257248e-02 1.15091475e-01 0.0
-3.40424079e-02 1.05152808e-01 0.0
-2.55452938e-02 9.60640575e-02 0.0
-1.73073400e-02 8.77722823e-02 0.0
-9.37949943e-03 8.02207881e-02 0.0
-1.79571723e-03 7.33522815e-02 0.0
5.42318036e-03 6.71106037e-02 0.0
1.22663588e-02 6.14418657e-02 0.0
1.87305394e-02 5.62948415e-02 0.0
2.48180053e-02 5.16212199e-02 0.0
3.05350250e-02 4.73753865e-02 0.0
3.58905175e-02 4.35142460e-02 0.0
4.08949571e-02 3.99966600e-02 0.0
4.55593881e-02 3.67829759e-02 0.0
4.98945491e-02 3.38341695e-02 0.0
5.39100104e-02 3.11110577e-02 0.0
5.76133058e-02 2.85730769e-02 0.0
6.10089895e-02 2.61770713e-02 0.0
6.40975746e-02 2.38755714e-02 0.0
6.68743043e-02 2.16150015e-02 0.0
6.93276905e-02 1.93332976e-02 0.0
7.14377971e-02 1.69573815e-02 0.0
7.31741932e-02 1.43999971e-02 0.0
7.44935982e-02 1.15563805e-02 0.0
7.53371666e-02 8.30032793e-03 0.0
7.56275224e-02 4.48018036e-03 0.0
7.52655701e-02 -8.56275225e-05 0.0
7.41273574e-02 -5.61287672e-03 0.0
7.20612069e-02 -1.23560002e-02 0.0
6.88857090e-02 -2.06120269e-02 0.0
6.43892089e-02 -3.07242163e-02 0.0
5.83320532e-02 -4.30846675e-02 0.0
5.04532114e-02 -5.81357370e-02 0.0
4.04841124e-02 -7.63687223e-02 0.0
2.81736988e-02 -9.83175702e-02 0.0
1.33310912e-02 -1.24541617e-01 0.0
-4.10544443e-03 -1.55586088e-01 0.0
-2.39619437e-02 -1.91897879e-01 0.0
-4.56745260e-02 -2.33658107e-01 0.0
-6.80873676e-02 -2.80471143e-01 0.0
-8.92341025e-02 -3.30834459e-01 0.0
-1.06199284e-01 -3.81331340e-01 0.0
-1.15261438e-01 -4.25597211e-01 0.0
-1.12623541e-01 -4.53381898e-01 0.0
-9.60124649e-02 -4.50483303e-01 0.0
-6.70408227e-02 -4.00731199e-01 0.0
-3.33183989e-02 -2.90800708e-01 0.0
-8.32254462e-03 -1.16296129e-01 0.0
-4.80349538e-03 6.22083910e-02 0.0
-1.96756306e-02 1.54355659e-01 0.0
-4.07715403e-02 2.13822415e-01 0.0
-6.11516184e-02 2.46183155e-01 0.0
-7.70049179e-02 2.58659173e-01 0.0
-8.69454787e-02 2.57790550e-01 0.0
-9.10702180e-02 2.48643988e-01 0.0
-9.01917296e-02 2.34808662e-01 0.0
-8.53536913e-02 2.18679468e-01 0.0
-7.75744480e-02 2.01781404e-01 0.0
-6.77362670e-02 1.85043238e-01 0.0
-5.65546005e-02 1.69000963e-01 0.0
-4.45858297e-02 1.53939410e-01 0.0
-3.22499440e-02 1.39986731e-01 0.0
-1.98565433e-02 1.27175997e-01 0.0
-7.62878040e-03 1.15484402e-01 0.0
4.27642394e-03 1.04858044e-01 0.0
1.57522640e-02 9.52271527e-02 0.0
2.67294433e-02 8.65154945e-02 0.0
3.71665824e-02 7.86458295e-02 0.0
4.70428802e-02 7.15431830e-02 0.0
5.63526164e-02 6.51364504e-02 0.0
6.51009418e-02 5.93592967e-02 0.0
7.33007327e-02 5.41502897e-02 0.0
8.09701483e-02 4.94529100e-02 0.0
8.81307931e-02 4.52151305e-02 0.0
9.48062526e-02 4.13890886e-02 0.0
1.01020964e-01 3.79304327e-02 0.0
1.06799268e-01 3.47978231e-02 0.0
1.12164630e-01 3.19521143e-02 0.0
1.17138911e-01 2.93556838e-02 0.0
1.21741687e-01 2.69714018e-02 0.0
1.25989517e-01 2.47617030e-02 0.0
1.29895141e-01 2.26872330e-02 0.0
1.33466533e-01 2.07055271e-02 0.0
1.36705758e-01 1.87691855e-02 0.0
1.39607578e-01 1.68240011e-02 0.0
1.42157729e-01 1.48065120e-02 0.0
1.44330851e-01 1.26414394e-02 0.0
1.46087961e-01 1.02385135e-02 0.0
1.47373509e-01 7.48916651e-03 0.0
1.48111940e-01 4.26264169e-03 0.0
1.48203867e-01 4.02020182e-04 0.0
1.47521879e-01 -4.28024199e-03 0.0
1.45906253e-01 -1.00067792e-02 0.0
1.43160785e-01 -1.70402047e-02 0.0
1.39049362e-01 -2.56880422e-02 0.0
1.33293967e-01 -3.63082195e-02 0.0
1.25575553e-01 -4.93148619e-02 0.0
1.15539837e-01 -6.51847176e-02 0.0
1.02811786e-01 -8.44630498e-02 0.0
8.70247667e-02 -1.07766452e-01 0.0
6.78745280e-02 -1.35774426e-01 0.0
4.52133653e-02 -1.69191829e-01 0.0
1.92058667e-02 -2.08644031e-01 0.0
-9.43186958e-03 -2.54434598e-01 0.0
-3.91049577e-02 -3.06051143e-01 0.0
-6.69819500e-02 -3.61272448e-01 0.0
-8.88026525e-02 -4.14773217e-01 0.0
-9.92688532e-02 -4.56377563e-01 0.0
-9.36241784e-02 -4.69743369e-01 0.0
-7.08250971e-02 -4.33241840e-01 0.0
-3.75226139e-02 -3.25314963e-01 0.0
-9.84083107e-03 -1.34326823e-01 0.0
-6.54589068e-03 7.37867110e-02 0.0
-2.54194991e-02 1.76752022e-01 0.0
-4.97263337e-02 2.36828805e-01 0.0
-7.02385971e-02 2.64069121e-01 0.0
-8.29732815e-02 2.69361209e-01 0.0
-8.73610897e-02 2.61416907e-01 0.0
-8.45095496e-02 2.46290856e-01 0.0
-7.60769816e-02 2.27850768e-01 0.0
-6.36974908e-02 2.08419866e-01 0.0
-4.87513865e-02 1.89315697e-01 0.0
-3.23138716e-02 1.71233290e-01 0.0
-1.51810763e-02 1.54496495e-01 0.0
2.07896233e-03 1.39215117e-01 0.0
1.90738120e-02 1.25380341e-01 0.0
3.55416327e-02 1.12921220e-01 0.0
5.13155066e-02 1.01737601e-01 0.0
6.62965025e-02 9.17187055e-02 0.0
8.04337432e-02 8.27534750e-02 0.0
9.37099635e-02 7.47358384e-02 0.0
1.06131040e-01 6.75673397e-02 0.0
1.17718513e-01 6.11579724e-02 0.0
1.28504179e-01 5.54263327e-02 0.0
1.38526245e-01 5.02990980e-02 0.0
1.47826529e-01 4.57104904e-02 0.0
1.56448481e-01 4.16014205e-02 0.0
1.64435711e-01 3.79188254e-02 0.0
1.71830953e-01 3.46147731e-02 0.0
1.78675264e-01 3.16458086e-02 0.0
1.85007431e-01 2.89720591e-02 0.0
1.90863465e-01 2.65565666e-02 0.0
1.96276163e-01 2.43643366e-02 0.0
2.01274648e-01 2.23615728e-02 0.0
2.05883866e-01 2.05145687e-02 0.0
2.10123968e-01 1.87887258e-02 0.0
2.14009535e-01 1.71471599e-02 0.0
2.17548583e-01 1.55493623e-02 0.0
2.20741293e-01 1.39493777e-02 0.0
2.23578394e-01 1.22939645e-02 0.0
2.26039130e-01 1.05202103e-02 0.0
2.28088768e-01 8.55307415e-03 0.0
2.29675552e-01 6.30235284e-03 0.0
2.30727104e-01 3.65954807e-03 0.0
2.31146208e-01 4.94158684e-04 0.0
2.30806034e-01 -3.35014761e-03 0.0
2.29544836e-01 -8.05997739e-03 0.0
2.27160299e-01 -1.38569345e-02 0.0
2.23403757e-01 -2.10032810e-02 0.0
2.17974764e-01 -2.98085306e-02 0.0
2.10516720e-01 -4.06380323e-02 0.0
2.00614986e-01 -5.39240403e-02 0.0
1.87799899e-01 -7.01805340e-02 0.0
1.71559536e-01 -9.00215348e-02 0.0
1.51370964e-01 -1.14180484e-01 0.0
1.26766239e-01 -1.43519838e-01 0.0
9.74604942e-02 -1.79002736e-01 0.0
6.35837077e-02 -2.21561334e-01 0.0
2.60640756e-02 -2.71731653e-01 0.0
-1.28193368e-02 -3.28831504e-01 0.0
-4.88276316e-02 -3.89385137e-01 0.0
-7.55226024e-02 -4.44604450e-01 0.0
-8.53199971e-02 -4.77363743e-01 0.0
-7.30799536e-02 -4.60660577e-01 0.0
-4.25191990e-02 -3.61759452e-01 0.0
-1.19578294e-02 -1.55995994e-01 0.0
-9.29877323e-03 8.98608177e-02 0.0
-3.35749130e-02 2.04057108e-01 0.0
-6.05710544e-02 2.60826705e-01 0.0
-7.85170993e-02 2.78529542e-01 0.0
-8.42915127e-02 2.73409903e-01 0.0
-7.91613078e-02 2.56625835e-01 0.0
-6.58551970e-02 2.34924300e-01 0.0
-4.71198277e-02 2.12049412e-01 0.0
-2.51972472e-02 1.89919181e-01 0.0
-1.74033367e-03 1.69413396e-01 0.0
2.21068393e-02 1.50850939e-01 0.0
4.55900108e-02 1.34262917e-01 0.0
6.82354908e-02 1.19543219e-01 0.0
8.97642368e-02 1.06528688e-01 0.0
1.10028878e-01 9.50404593e-02 0.0
1.28969412e-01 8.49040033e-02 0.0
1.46582636e-01 7.59581371e-02 0.0
1.62901411e-01 6.80580829e-02 0.0
1.77980634e-01 6.10758450e-02 0.0
1.91887875e-01 5.48990762e-02 0.0
2.04697083e-01 4.94296170e-02 0.0
2.16484462e-01 4.45817064e-02 0.0
2.27325722e-01 4.02804646e-02 0.0
2.37294331e-01 3.64602969e-02 0.0
2.46460382e-01 3.30636795e-02 0.0
2.54889924e-01 3.00398641e-02 0.0
2.62644541e-01 2.73439465e-02 0.0
2.69781141e-01 2.49357957e-02 0.0
2.76351820e-01 2.27792993e-02 0.0
2.82403781e-01 2.08414042e-02 0.0
2.87979236e-01 1.90914204e-02 0.0
2.93115256e-01 1.75000568e-02 0.0
2.97843532e-01 1.60386648e-02 0.0
3.02189983e-01 1.46781497e-02 0.0
3.06174196e-01 1.33880297e-02 0.0
3.09808612e-01 1.21351010e-02 0.0
3.13097428e-01 1.08821844e-02 0.0
3.16035137e-01 9.58641960e-03 0.0
3.18604647e-01 8.19758034e-03 0.0
3.20774893e-01 6.65589012e-03 0.0
3.22497903e-01 4.88981049e-03 0.0
3.23705210e-01 2.81329816e-03 0.0
3.24303592e-01 3.22987793e-04 0.0
3.24170062e-01 -2.70520972e-03 0.0
3.23146121e-01 -6.41971512e-03 0.0
3.21031231e-01 -1.09977107e-02 0.0
3.17575597e-01 -1.66502714e-02 0.0
3.12472287e-01 -2.36291819e-02 0.0
3.05348969e-01 -3.22359677e-02 0.0
2.95759639e-01 -4.28349901e-02 0.0
2.83177495e-01 -5.58723055e-02 0.0
2.66991342e-01 -7.19032027e-02 0.0
2.46511303e-01 -9.16301652e-02 0.0
2.20996109e-01 -1.15950199e-01 0.0
1.89727838e-01 -1.45998325e-01 0.0
1.52183263e-01 -1.83144351e-01 0.0
1.08384967e-01 -2.28830680e-01 0.0
5.95408294e-02 -2.84004901e-01 0.0
9.02898664e-03 -3.47691581e-01 0.0
-3.65085390e-02 -4.14065490e-01 0.0
-6.69695483e-02 -4.67644284e-01 0.0
-7.17194196e-02 -4.77870195e-01 0.0
-4.82715870e-02 -3.98558414e-01 0.0
-1.50380805e-02 -1.82865546e-01 0.0
-1.36901376e-02 1.13079737e-01 0.0
-4.46578071e-02 2.36312011e-01 0.0
-7.14427565e-02 2.82352899e-01 0.0
-8.08836929e-02 2.84390340e-01 0.0
-7.31552422e-02 2.65595080e-01 0.0
-5.29053562e-02 2.39060584e-01 0.0
-2.50351640e-02 2.11313267e-01 0.0
6.64836841e-03 1.85241567e-01 0.0
3.95568478e-02 1.61895991e-01 0.0
7.20703230e-02 1.41466227e-01 0.0
1.03245659e-01 1.23775630e-01 0.0
1.32582176e-01 1.08518573e-01 0.0
1.59856579e-01 9.53677153e-02 0.0
1.85013760e-01 8.40183030e-02 0.0
2.08097101e-01 7.42029016e-02 0.0
2.29204859e-01 6.56933128e-02 0.0
2.48463342e-01 5.82971658e-02 0.0
2.66010580e-01 5.18530884e-02 0.0
2.81986610e-01 4.62256346e-02 0.0
2.96527782e-01 4.13009261e-02 0.0
3.09763621e-01 3.69827721e-02 0.0
3.21815195e-01 3.31896526e-02 0.0
3.32794451e-01 2.98520578e-02 0.0
3.42804084e-01 2.69105192e-02 0.0
3.51937758e-01 2.43137896e-02 0.0
3.60280478e-01 2.20175520e-02 0.0
3.67909062e-01 1.99831175e-02 0.0
3.74892610e-01 1.81765371e-02 0.0
3.81292961e-01 1.65675901e-02 0.0
3.87165068e-01 1.51291076e-02 0.0
3.92557302e-01 1.38360908e-02 0.0
3.97511626e-01 1.26651050e-02 0.0
4.02063626e-01 1.15934037e-02 0.0
4.06242373e-01 1.05982751e-02 0.0
4.10070062e-01 9.65606395e-03 0.0
4.13561412e-01 8.74136332e-03 0.0
4.16722747e-01 7.82583199e-03 0.0
4.19550740e-01 6.87713037e-03 0.0
4.22030721e-01 5.85743938e-03 0.0
4.24134514e-01 4.72205101e-03 0.0
4.25817703e-01 3.41750842e-03 0.0
4.27016281e-01 1.87977222e-03 0.0
4.27642571e-01 3.18971730e-05 0.0
4.27580384e-01 -2.21834825e-03 0.0
4.26679279e-01 -4.98147843e-03 0.0
4.24747888e-01 -8.38961711e-03 0.0
4.21546124e-01 -1.26009176e-02 0.0
4.16776155e-01 -1.78052103e-02 0.0
4.10071846e-01 -2.42322671e-02 0.0
4.00986409e-01 -3.21638815e-02 0.0
3.88977883e-01 -4.19527030e-02 0.0
3.73392576e-01 -5.40513082e-02 0.0
3.53447798e-01 -6.90572066e-02 0.0
3.28219460e-01 -8.77795933e-02 0.0
2.96650225e-01 -1.11331395e-01 0.0
2.57617970e-01 -1.41234424e-01 0.0
2.10153005e-01 -1.79477320e-01 0.0
1.53975780e-01 -2.28336877e-01 0.0
9.06146778e-02 -2.89486640e-01 0.0
2.52882186e-02 -3.61406431e-01 0.0
-3.09820304e-02 -4.33572071e-01 0.0
-6.16866834e-02 -4.76487875e-01 0.0
-5.36197820e-02 -4.31455460e-01 0.0
-1.94590799e-02 -2.17239269e-01 0.0
-2.03076460e-02 1.47308216e-01 0.0
-5.71139007e-02 2.70088153e-01 0.0
-7.46325032e-02 2.92880317e-01 0.0
-6.38958505e-02 2.72567214e-01 0.0
-3.28984694e-02 2.38692386e-01 0.0
8.87938442e-03 2.03935552e-01 0.0
5.46266733e-02 1.72820836e-01 0.0
1.00276187e-01 1.46400970e-01 0.0
1.43681465e-01 1.24422852e-01 0.0
1.83863597e-01 1.06243781e-01 0.0
2.20499996e-01 9.11863658e-02 0.0
2.53614841e-01 7.86565019e-02 0.0
2.83402278e-01 6.81679761e-02 0.0
3.10129308e-01 5.93338618e-02 0.0
3.34084170e-01 5.18491736e-02 0.0
3.55550093e-01 4.54733954e-02 0.0
3.74792811e-01 4.00159200e-02 0.0
3.92055502e-01 3.53244427e-02 0.0
4.07557534e-01 3.12762593e-02 0.0
4.21495171e-01 2.77715343e-02 0.0
4.34043137e-01 2.47284027e-02 0.0
4.45356544e-01 2.20790845e-02 0.0
4.55572851e-01 1.97671096e-02 0.0
4.64813747e-01 1.77449849e-02 0.0
4.73186870e-01 1.59725746e-02 0.0
4.80787357e-01 1.44156091e-02 0.0
4.87699187e-01 1.30446957e-02 0.0
4.93996365e-01 1.18342824e-02 0.0
4.99743903e-01 1.07620075e-02 0.0
5.04998639e-01 9.80789792e-03 0.0
5.09809874e-01 8.95388271e-03 0.0
5.14219827e-01 8.18308793e-03 0.0
5.18263902e-01 7.47939688e-03 0.0
5.21970746e-01 6.82674236e-03 0.0
5.25362082e-01 6.20862310e-03 0.0
5.28452275e-01 5.60731243e-03 0.0
5.31247619e-01 5.00325319e-03 0.0
5.33745273e-01 4.37411203e-03 0.0
5.35931815e-01 3.69398437e-03 0.0
5.37781343e-01 2.93223339e-03 0.0
5.39253082e-01 2.05244575e-03 0.0
5.40288387e-01 1.01099869e-03 0.0
5.40807115e-01 -2.44302480e-04 0.0
5.40703227e-01 -1.77602834e-03 0.0
5.39839559e-01 -3.65898227e-03 0.0
5.38041579e-01 -5.98270166e-03 0.0
5.35089972e-01 -8.85442189e-03 0.0
5.30711665e-01 -1.24033915e-02 0.0
5.24568858e-01 -1.67869339e-02 0.0
5.16245150e-01 -2.22000336e-02 0.0
5.05227548e-01 -2.88903910e-02 0.0
4.90882419e-01 -3.71831525e-02 0.0
4.72423055e-01 -4.75211916e-02 0.0
4.48866729e-01 -6.05309164e-02 0.0
4.18982880e-01 -7.71269649e-02 0.0
3.81247387e-01 -9.86710815e-02 0.0
3.33857694e-01 -1.27185983e-01 0.0
2.74963238e-01 -1.65556515e-01 0.0
2.03474798e-01 -2.17417444e-01 0.0
1.21117218e-01 -2.85791574e-01 0.0
3.63620670e-02 -3.68161517e-01 0.0
-3.10672927e-02 -4.43764406e-01 0.0
-5.33459620e-02 -4.49967155e-01 0.0
-2.47679425e-02 -2.61345399e-01 0.0
-2.73460957e-02 1.95193497e-01 0.0
-5.93209552e-02 2.91215529e-01 0.0
-4.48986164e-02 2.74849209e-01 0.0
4.86870598e-03 2.30094355e-01 0.0
6.93995423e-02 1.85637036e-01 0.0
1.35809297e-01 1.48803305e-01 0.0
1.98045071e-01 1.19970032e-01 0.0
2.53922194e-01 9.77251515e-02 0.0
3.03105201e-01 8.05104004e-02 0.0
3.46032221e-01 6.70471007e-02 0.0
3.83401003e-01 5.63778844e-02 0.0
4.15942644e-01 4.78085189e-02 0.0
4.44332322e-01 4.08388662e-02 0.0
4.69161689e-01 3.51066000e-02 0.0
4.90937298e-01 3.03459899e-02 0.0
5.10088717e-01 2.63592663e-02 0.0
5.26979288e-01 2.29967873e-02 0.0
5.41916614e-01 2.01435888e-02 0.0
5.55161802e-01 1.77099251e-02 0.0
5.66937224e-01 1.56248426e-02 0.0
5.77432946e-01 1.38314403e-02 0.0
5.86811959e-01 1.22836614e-02 0.0
5.95214479e-01 1.09437414e-02 0.0
6.02761445e-01 9.78052762e-03 0.0
6.09557404e-01 8.76798641e-03 0.0
6.15692871e-01 7.88428250e-03 0.0
6.21246281e-01 7.11082000e-03 0.0
6.26285587e-01 6.43171395e-03 0.0
6.30869560e-01 5.83310441e-03 0.0
6.35048836e-01 5.30282856e-03 0.0
6.38866726e-01 4.82986722e-03 0.0
6.42359810e-01 4.40410699e-03 0.0
6.45558319e-01 4.01583350e-03 0.0
6.48486310e-01 3.65551082e-03 0.0
6.51161607e-01 3.31326170e-03 0.0
6.53595519e-01 2.97860911e-03 0.0
6.55792273e-01 2.63989681e-03 0.0
6.57748178e-01 2.28394794e-03 0.0
6.59450436e-01 1.89538759e-03 0.0
6.60875594e-01 1.45618162e-03 0.0
6.61987561e-01 9.44829602e-04 0.0
6.62735157e-01 3.35749566e-04 0.0
6.63049108e-01 -4.01697272e-04 0.0
6.62838436e-01 -1.30403881e-03 0.0
6.61986112e-01 -2.41494535e-03 0.0
6.60343875e-01 -3.78649019e-03 0.0
6.57725956e-01 -5.48107504e-03 0.0
6.53901401e-01 -7.57384709e-03 0.0
6.48584361e-01 -1.01566025e-02 0.0
6.41421400e-01 -1.33436696e-02 0.0
6.31974097e-01 -1.72818233e-02 0.0
6.19694187e-01 -2.21666577e-02 0.0
6.03886635e-01 -2.82707470e-02 0.0
5.83653512e-01 -3.59918915e-02 0.0
5.57808264e-01 -4.59368734e-02 0.0
5.24748531e-01 -5.90659300e-02 0.0
4.82284886e-01 -7.69377798e-02 0.0
4.27474803e-01 -1.02100166e-01 0.0
3.56696720e-01 -1.38607257e-01 0.0
2.66724199e-01 -1.92271651e-01 0.0
1.58624936e-01 -2.68827016e-01 0.0
4.69440910e-02 -3.63988696e-01 0.0
-2.92974078e-02 -4.31222691e-01 0.0
-2.59259743e-02 -3.11920403e-01 0.0
-1.67560619e-02 2.39528127e-01 0.0
2.16663697e-03 2.60165532e-01 0.0
9.08896995e-02 2.02753809e-01 0.0
1.95221225e-01 1.48090911e-01 0.0
2.90342177e-01 1.07988700e-01 0.0
3.70145877e-01 8.02381924e-02 0.0
4.35353566e-01 6.10916904e-02 0.0
4.88435307e-01 4.76446387e-02 0.0
5.31885943e-01 3.79572818e-02 0.0
5.67771253e-01 3.07879025e-02 0.0
5.97694078e-01 2.53454898e-02 0.0
6.22873465e-01 2.11198997e-02 0.0
6.44236055e-01 1.77752350e-02 0.0
6.62492215e-01 1.50847212e-02 0.0
6.78193269e-01 1.28912250e-02 0.0
6.91772924e-01 1.10829773e-02 0.0
7.03576890e-01 9.57855878e-03 0.0
7.13884130e-01 8.31727244e-03 0.0
7.22922204e-01 7.25300412e-03 0.0
7.30878529e-01 6.35003853e-03 0.0
7.37908740e-01 5.58033606e-03 0.0
7.44142997e-01 4.92152064e-03 0.0
7.49690804e-01 4.35558016e-03 0.0
7.54644760e-01 3.86779263e-03 0.0
7.59083480e-01 3.44606971e-03 0.0
7.63073921e-01 3.08031905e-03 0.0
7.66673223e-01 2.76209890e-03 0.0
7.69930186e-01 2.48419425e-03 0.0
7.72886437e-01 2.24042782e-03 0.0
7.75577353e-01 2.02534198e-03 0.0
7.78032759e-01 1.83408640e-03 0.0
7.80277444e-01 1.66214748e-03 0.0
7.82331491e-01 1.50526608e-03 0.0
7.84210428e-01 1.35917888e-03 0.0
7.85925217e-01 1.21953522e-03 0.0
7.87482045e-01 1.08162548e-03 0.0
7.88881925e-01 9.40274030e-04 0.0
7.90120082e-01 7.89536002e-04 0.0
7.91185102e-01 6.22548609e-04 0.0
7.92057810e-01 4.31182489e-04 0.0
7.92709861e-01 2.05837671e-04 0.0
7.93101995e-01 -6.49623178e-05 0.0
7.93181929e-01 -3.94846452e-04 0.0
7.92881822e-01 -8.00084522e-04 0.0
7.92115255e-01 -1.29998523e-03 0.0
7.90773628e-01 -1.91756251e-03 0.0
7.88721807e-01 -2.68024092e-03 0.0
7.85792745e-01 -3.62104224e-03 0.0
7.81780619e-01 -4.78022084e-03 0.0
7.76431628e-01 -6.20808019e-03 0.0
7.69431045e-01 -7.96950837e-03 0.0
7.60383929e-01 -1.01519291e-02 0.0
7.48785076e-01 -1.28790547e-02 0.0
7.33970214e-01 -1.63355830e-02 0.0
7.15034355e-01 -2.08120621e-02 0.0
6.90692131e-01 -2.67887706e-02 0.0
6.59036881e-01 -3.50960330e-02 0.0
6.17131860e-01 -4.72267977e-02 0.0
5.60372385e-01 -6.59430595e-02 0.0
4.81774963e-01 -9.63658971e-02 0.0
3.72487712e-01 -1.47346250e-01 0.0
2.28592561e-01 -2.29893461e-01 0.0
7.52429569e-02 -3.35726822e-01 0.0
1.15081557e-03 -3.36577856e-01 0.0
1.18176871e-01 1.28200329e-01 0.0
3.39733878e-01 1.12243387e-01 0.0
5.12096012e-01 7.48547514e-02 0.0
6.25722520e-01 4.84018471e-02 0.0
6.99992186e-01 3.20774830e-02 0.0
7.50093576e-01 2.21341153e-02 0.0
7.85334450e-01 1.59269824e-02 0.0
8.11158158e-01 1.19003147e-02 0.0
8.30768323e-01 9.17532897e-03 0.0
8.46102503e-01 7.25461175e-03 0.0
8.58376176e-01 5.85067363e-03 0.0
8.68382846e-01 4.79233144e-03 0.0
8.76661346e-01 3.97394380e-03 0.0
8.83591162e-01 3.32795834e-03 0.0
8.89448329e-01 2.80949094e-03 0.0
8.94439282e-01 2.38778738e-03 0.0
8.98722050e-01 2.04100076e-03 0.0
9.02419979e-01 1.75329976e-03 0.0
9.05630913e-01 1.51280593e-03 0.0
9.08433507e-01 1.31055764e-03 0.0
9.10891695e-01 1.13952854e-03 0.0
9.13057931e-01 9.94277064e-04 0.0
9.14975580e-01 8.70374427e-04 0.0
9.16680721e-01 7.64339578e-04 0.0
9.18203528e-01 6.73236753e-04 0.0
9.19569328e-01 5.94742970e-04 0.0
9.20799438e-01 5.26820332e-04 0.0
9.21911808e-01 4.67850437e-04 0.0
9.22921524e-01 4.16340454e-04 0.0
9.23841197e-01 3.71092505e-04 0.0
9.24681250e-01 3.30924292e-04 0.0
9.25450114e-01 2.94855616e-04 0.0
9.26154350e-01 2.61833776e-04 0.0
9.26798692e-01 2.30925688e-04 0.0
9.27386008e-01 2.01042649e-04 0.0
9.27917192e-01 1.71129572e-04 0.0
9.28390964e-01 1.39885968e-04 0.0
9.28803579e-01 1.05945645e-04 0.0
9.29148446e-01 6.75923207e-05 0.0
9.29415632e-01 2.29245843e-05 0.0
9.29591246e-01 -3.04342354e-05 0.0
9.29656703e-01 -9.51902783e-05 0.0
9.29587834e-01 -1.74675993e-04 0.0
9.29353849e-01 -2.72731055e-04 0.0
9.28916107e-01 -3.94015219e-04 0.0
9.28226675e-01 -5.43940935e-04 0.0
9.27226598e-01 -7.29045388e-04 0.0
9.25843775e-01 -9.57061471e-04 0.0
9.23990219e-01 -1.23750216e-03 0.0
9.21558354e-01 -1.58214981e-03 0.0
9.18415651e-01 -2.00634862e-03 0.0
9.14396437e-01 -2.53080938e-03 0.0
9.09288686e-01 -3.18525185e-03 0.0
9.02811732e-01 -4.01463382e-03 0.0
8.94577105e-01 -5.09125591e-03 0.0
8.84016826e-01 -6.53804651e-03 0.0
8.70245936e-01 -8.57672702e-03 0.0
8.51784716e-01 -1.16321767e-02 0.0
8.25963521e-01 -1.65730118e-02 0.0
7.87580828e-01 -2.52827550e-02 0.0
7.25867517e-01 -4.19296912e-02 0.0
6.18649258e-01 -7.47425884e-02 0.0
4.29123750e-01 -1.31392749e-01 0.0
1.54150854e-01 -1.67684189e-01 0.0
SCALARS velocity_magnitude double 1
LOOKUP_TABLE default
1.62967789e-04
2.77968388e-04
2.43274283e-04
1.96896941e-04
1.99898459e-04
3.14014983e-04
5.05425657e-04
7.40416173e-04
1.00329471e-03
1.28463814e-03
1.57760153e-03
1.87686920e-03
2.17821692e-03
2.47828361e-03
2.77438386e-03
3.06437312e-03
3.34651667e-03
3.61939566e-03
3.88181577e-03
4.13274768e-03
4.37126911e-03
4.59653327e-03
4.80773609e-03
5.00410439e-03
5.18487981e-03
5.34931910e-03
5.49668774e-03
5.62626664e-03
5.73735097e-03
5.82925977e-03
5.90133729e-03
5.95296395e-03
5.98355893e-03
5.99259188e-03
5.97958660e-03
5.94413349e-03
5.88589469e-03
5.80461798e-03
5.70014438e-03
5.57242466e-03
5.42153107e-03
5.24767852e-03
5.05124273e-03
4.83278858e-03
4.59309748e-03
4.33320540e-03
4.05444170e-03
3.75847833e-03
3.44738046e-03
3.12366567e-03
2.79036347e-03
2.45107939e-03
2.11005631e-03
1.77223408e-03
1.44330150e-03
1.12974000e-03
8.38858822e-04
5.78831097e-04
3.58781210e-04
1.89357071e-04
8.78310538e-05
7.96113130e-05
1.18750477e-04
9.85796390e-05
2.17910768e-04
3.92781865e-04
4.22367519e-04
5.26732616e-04
8.06092830e-04
1.24485560e-03
1.80244767e-03
2.44896143e-03
3.16159242e-03
3.92160868e-03
4.71325199e-03
5.52326883e-03
6.34059770e-03
7.15608443e-03
7.96219642e-03
8.75274713e-03
9.52263477e-03
1.02676118e-02
1.09840829e-02
1.16689408e-02
1.23194318e-02
1.29330560e-02
1.35074907e-02
1.40405397e-02
1.45300984e-02
1.49741352e-02
1.53706828e-02
1.57178380e-02
1.60137672e-02
1.62567163e-02
1.64450235e-02
1.65771339e-02
1.66516167e-02
1.66671826e-02
1.66227043e-02
1.65172364e-02
1.63500410e-02
1.61206113e-02
1.58287040e-02
1.54743709e-02
1.50580023e-02
1.45803710e-02
1.40426921e-02
1.34466863e-02
1.27946618e-02
1.20896018e-02
1.13352727e-02
1.05363372e-02
9.69848619e-03
8.82856949e-03
7.93473728e-03
7.02656568e-03
6.11517359e-03
5.21329459e-03
4.33529839e-03
3.49710476e-03
2.71594767e-03
2.00987110e-03
1.39684638e-03
8.93622925e-04
5.16556578e-04
2.93730702e-04
2.45519528e-04
1.77971465e-04
1.72580194e-04
4.26049216e-04
6.83270505e-04
1.09757814e-03
1.68694261e-03
2.43753763e-03
3.32728930e-03
4.33212924e-03
5.42797082e-03
6.59192757e-03
7.80307732e-03
9.04285247e-03
1.02951358e-02
1.15461652e-02
1.27843172e-02
1.39998297e-02
1.51845042e-02
1.63314168e-02
1.74346547e-02
1.84890881e-02
1.94901828e-02
2.04338497e-02
2.13163322e-02
2.21341236e-02
2.28839108e-02
2.35625402e-02
2.41669986e-02
2.46944084e-02
2.51420305e-02
2.55072755e-02
2.57877190e-02
2.59811220e-02
2.60854525e-02
2.60989121e-02
2.60199625e-02
2.58473584e-02
2.55801798e-02
2.52178739e-02
2.47602959e-02
2.42077650e-02
2.35611205e-02
2.28217968e-02
2.19919041e-02
2.10743295e-02
2.00728484e-02
1.89922588e-02
1.78385248e-02
1.66189410e-02
1.53422991e-02
1.40190627e-02
1.26615240e-02
1.12839384e-02
9.90259946e-03
8.53582631e-03
7.20380335e-03
5.92819982e-03
4.73145303e-03
3.63558496e-03
2.66049342e-03
1.82216991e-03
1.13300747e-03
6.10651992e-04
3.03933399e-04
1.53788529e-04
1.83692715e-04
6.21316909e-04
1.18286089e-03
1.90937007e-03
2.80004478e-03
3.84831047e-03
5.04086768e-03
6.35900099e-03
7.78066317e-03
9.28259156e-03
1.08419525e-02
1.24373982e-02
1.40496347e-02
1.56616347e-02
1.72586124e-02
1.88278551e-02
2.03584750e-02
2.18411343e-02
2.32677697e-02
2.46313450e-02
2.59256324e-02
2.71450370e-02
2.82844550e-02
2.93391701e-02
3.03047776e-02
3.11771364e-02
3.19523386e-02
3.26266979e-02
3.31967477e-02
3.36592507e-02
3.40112144e-02
3.42499118e-02
3.43729085e-02
3.43780910e-02
3.42637021e-02
3.40283767e-02
3.36711875e-02
3.31916905e-02
3.25899845e-02
3.18667727e-02
3.10234427e-02
3.00621508e-02
2.89859304e-02
2.77988074e-02
2.65059422e-02
2.51137790e-02
2.36302187e-02
2.20647917e-02
2.04288410e-02
1.87356823e-02
1.70007407e-02
1.52416184e-02
1.34780702e-02
1.17318229e-02
1.00261828e-02
8.38534099e-03
6.83330770e-03
5.39245606e-03
4.08193212e-03
2.91685849e-03
1.91049668e-03
1.08262139e-03
4.77911828e-04
1.28233177e-04
2.75586455e-04
9.83695037e-04
1.86202953e-03
2.90334618e-03
4.09676430e-03
5.43520001e-03
6.90951422e-03
8.50609791e-03
1.02070050e-02
1.19914296e-02
1.38374053e-02
1.57231950e-02
1.76282379e-02
1.95336961e-02
2.14226918e-02
2.32803246e-02
2.50935517e-02
2.68509857e-02
2.85426665e-02
3.01598254e-02
3.16946741e-02
3.31402171e-02
3.44901029e-02
3.57385034e-02
3.68800278e-02
3.79096606e-02
3.88227236e-02
3.96148542e-02
4.02820001e-02
4.08204234e-02
4.12267146e-02
4.14978136e-02
4.16310355e-02
4.16241042e-02
4.14751874e-02
4.11829422e-02
4.07465602e-02
4.01658279e-02
3.94411865e-02
3.85738120e-02
3.75656968e-02
3.64197555e-02
3.51399360e-02
3.37313560e-02
3.22004449e-02
3.05551094e-02
2.88048964e-02
2.69611655e-02
2.50372381e-02
2.30485225e-02
2.10125709e-02
1.89490497e-02
1.68795650e-02
1.48273035e-02
1.28164261e-02
1.08711839e-02
9.01476188e-03
7.26802298e-03
5.64864536e-03
4.17177657e-03
2.85392108e-03
1.72120912e-03
8.20398312e-04
1.89312335e-04
4.37046934e-04
1.48079300e-03
2.69766454e-03
4.06381936e-03
5.56207711e-03
7.18359589e-03
8.92181276e-03
1.07679339e-02
1.27091539e-02
1.47289583e-02
1.68083521e-02
1.89272256e-02
2.10654997e-02
2.32039490e-02
2.53247070e-02
2.74115165e-02
2.94497829e-02
3.14265074e-02
3.33301393e-02
3.51504022e-02
3.68781082e-02
3.85049913e-02
4.00235573e-02
4.14269657e-02
4.27089338e-02
4.38636702e-02
4.48858268e-02
4.57704721e-02
4.65130780e-02
4.71095203e-02
4.75560891e-02
4.78495069e-02
4.79869557e-02
4.79661075e-02
4.77851663e-02
4.74429100e-02
4.69387468e-02
4.62727726e-02
4.54458455e-02
4.44596624e-02
4.33168574e-02
4.20211036e-02
4.05772382e-02
3.89913909e-02
3.72711328e-02
3.54256214e-02
3.34657531e-02
3.14042908e-02
2.92559700e-02
2.70375386e-02
2.47677204e-02
2.24670473e-02
2.01575389e-02
1.78621770e-02
1.56041716e-02
1.34060320e-02
1.12885669e-02
9.27009411e-03
7.36645446e-03
5.59281484e-03
3.96831772e-03
2.52316129e-03
1.30394546e-03
3.45048713e-04
6.52054193e-04
2.09382573e-03
3.67992544e-03
5.38503258e-03
7.19100997e-03
9.08913010e-03
1.10756360e-02
1.31466554e-02
1.52951520e-02
1.75100991e-02
1.97770090e-02
2.20790184e-02
2.43980483e-02
2.67157964e-02
2.90144824e-02
3.12773303e-02
3.34888359e-02
3.56348591e-02
3.77026095e-02
3.96805528e-02
4.15582917e-02
4.33264293e-02
4.49764452e-02
4.65005813e-02
4.78917529e-02
4.91434757e-02
5.02498165e-02
5.12053582e-02
5.20051830e-02
5.26448669e-02
5.31204859e-02
5.34286323e-02
5.35664374e-02
5.35316055e-02
5.33224504e-02
5.29379455e-02
5.23777757e-02
5.16424047e-02
5.07331450e-02
4.96522464e-02
4.84029872e-02
4.69897858e-02
4.54183125e-02
4.36956204e-02
4.18302675e-02
3.98324461e-02
3.77140852e-02
3.54889314e-02
3.31725677e-02
3.07823632e-02
2.83373051e-02
2.58577016e-02
2.33647126e-02
2.08797160e-02
1.84235238e-02
1.60155487e-02
1.36730960e-02
1.14111209e-02
9.24297916e-03
7.18288625e-03
5.25049584e-03
3.47622604e-03
1.90234979e-03
5.56079094e-04
9.10377495e-04
2.80909597e-03
4.79920836e-03
6.86103180e-03
8.98006822e-03
1.11504654e-02
1.33725113e-02
1.56478493e-02
1.79758186e-02
2.03517666e-02
2.27668698e-02
2.52088094e-02
2.76627948e-02
3.01126268e-02
3.25416164e-02
3.49332932e-02
3.72718846e-02
3.95426061e-02
4.17317922e-02
4.38269287e-02
4.58166086e-02
4.76904602e-02
4.94390529e-02
5.10538101e-02
5.25269253e-02
5.38512969e-02
5.50204744e-02
5.60286228e-02
5.68704993e-02
5.75414443e-02
5.80373830e-02
5.83548374e-02
5.84909487e-02
5.84435060e-02
5.82109875e-02
5.77926042e-02
5.71883603e-02
5.63991136e-02
5.54266552e-02
5.42737883e-02
5.29444273e-02
5.14436937e-02
4.97780277e-02
4.79552896e-02
4.59848656e-02
4.38777441e-02
4.16465718e-02
3.93056472e-02
3.68708526e-02
3.43594768e-02
3.17899248e-02
2.91812767e-02
2.65527109e-02
2.39228003e-02
2.13087696e-02
1.87258365e-02
1.61868647e-02
1.37026269e-02
1.12830909e-02
8.94014124e-03
6.69169875e-03
4.56540654e-03
2.59705859e-03
8.06136761e-04
1.20480635e-03
3.61444319e-03
6.04449915e-03
8.48381118e-03
1.09245570e-02
1.33662717e-02
1.58148402e-02
1.82783273e-02
2.07631390e-02
2.32717595e-02
2.58019616e-02
2.83470296e-02
3.08965623e-02
3.34375079e-02
3.59552035e-02
3.84342673e-02
4.08592986e-02
4.32153630e-02
4.54883058e-02
4.76649155e-02
4.97329947e-02
5.16813546e-02
5.34997809e-02
5.51789717e-02
5.67104793e-02
5.80866491e-02
5.93005732e-02
6.03460508e-02
6.12175639e-02
6.19102635e-02
6.24199674e-02
6.27431695e-02
6.28770569e-02
6.28195406e-02
6.25692900e-02
6.21257828e-02
6.14893571e-02
6.06612804e-02
5.96438180e-02
5.84403192e-02
5.70552989e-02
5.54945337e-02
5.37651432e-02
5.18756759e-02
4.98361617e-02
4.76581456e-02
4.53546565e-02
4.29401207e-02
4.04301676e-02
3.78413360e-02
3.51906390e-02
3.24950105e-02
2.97706347e-02
2.70322392e-02
2.42924435e-02
2.15613415e-02
1.88465198e-02
1.61537642e-02
1.34887101e-02
1.08596267e-02
8.28101263e-03
5.77607689e-03
3.37376531e-03
1.08700686e-03
1.52980320e-03
4.49901304e-03
7.40436437e-03
1.02439553e-02
1.30182971e-02
1.57341556e-02
1.84044413e-02
2.10446166e-02
2.36688857e-02
2.62875705e-02
2.89058230e-02
3.15234187e-02
3.41352837e-02
3.67324431e-02
3.93031100e-02
4.18337392e-02
4.43099167e-02
4.67170593e-02
4.90409066e-02
5.12678518e-02
5.33851265e-02
5.53808981e-02
5.72442920e-02
5.89653825e-02
6.05351539e-02
6.19454627e-02
6.31889923e-02
6.42592204e-02
6.51503911e-02
6.58574989e-02
6.63762838e-02
6.67032358e-02
6.68356118e-02
6.67714598e-02
6.65096575e-02
6.60499539e-02
6.53930279e-02
6.45405466e-02
6.34952398e-02
6.22609694e-02
6.08428115e-02
5.92471227e-02
5.74816095e-02
5.55553614e-02
5.34788667e-02
5.12639612e-02
4.89237234e-02
4.64722649e-02
4.39244261e-02
4.12953341e-02
3.85998516e-02
3.58519075e-02
3.30637881e-02
3.02454567e-02
2.74040585e-02
2.45437669e-02
2.16661690e-02
1.87713492e-02
1.58598120e-02
1.29352590e-02
1.00077744e-02
7.09554459e-03
4.22132431e-03
1.39327512e-03
1.88105713e-03
5.45354336e-03
8.86807634e-03
1.21317987e-02
1.52542680e-02
1.82506614e-02
2.11420318e-02
2.39521189e-02
2.67036184e-02
2.94153187e-02
3.21004211e-02
3.47659331e-02
3.74129120e-02
4.00372677e-02
4.26308666e-02
4.51826888e-02
4.76799060e-02
5.01087699e-02
5.24553098e-02
5.47058214e-02
5.68472034e-02
5.88671508e-02
6.07542665e-02
6.24980976e-02
6.40891413e-02
6.55188215e-02
6.67794621e-02
6.78642549e-02
6.87672361e-02
6.94832675e-02
7.00080291e-02
7.03380223e-02
7.04705811e-02
7.04038988e-02
7.01370581e-02
6.96700787e-02
6.90039648e-02
6.81407697e-02
6.70836536e-02
6.58369554e-02
6.44062467e-02
6.27983886e-02
6.10215529e-02
5.90852233e-02
5.70001316e-02
5.47781400e-02
5.24320192e-02
4.99751341e-02
4.74209922e-02
4.47826822e-02
4.20721896e-02
3.92996614e-02
3.64726710e-02
3.35956284e-02
3.06694648e-02
2.76917754e-02
2.46575519e-02
2.15606117e-02
1.83957450e-02
1.51615066e-02
1.18631440e-02
8.51392211e-03
5.13152706e-03
1.72125102e-03
2.25528595e-03
6.47053209e-03
1.04263787e-02
1.41384374e-02
1.76254909e-02
2.09118051e-02
2.40273716e-02
2.70049217e-02
2.98762415e-02
3.26691318e-02
3.54053988e-02
3.80998987e-02
4.07604864e-02
4.33886595e-02
4.59806166e-02
4.85285038e-02
5.10216316e-02
5.34475658e-02
5.57930049e-02
5.80444605e-02
6.01887314e-02
6.22132297e-02
6.41061703e-02
6.58566838e-02
6.74548565e-02
6.88917436e-02
7.01593529e-02
7.12506264e-02
7.21594164e-02
7.28804699e-02
7.34094192e-02
7.37427811e-02
7.38779699e-02
7.38133162e-02
7.35481021e-02
7.30825982e-02
7.24181170e-02
7.15570622e-02
7.05029903e-02
6.92606562e-02
6.78360621e-02
6.62364699e-02
6.44703970e-02
6.25475440e-02
6.04786743e-02
5.82753854e-02
5.59497916e-02
5.35140652e-02
5.09798659e-02
4.83576348e-02
4.56558219e-02
4.28800824e-02
4.00325776e-02
3.71114895e-02
3.41109330e-02
3.10213915e-02
2.78307993e-02
2.45262849e-02
2.10965447e-02
1.75346965e-02
1.38411083e-02
1.00245890e-02
6.09902262e-03
2.06862252e-03
2.65009647e-03
7.54426493e-03
1.20718895e-02
1.62564272e-02
2.01258100e-02
2.37137577e-02
2.70597479e-02
3.02060557e-02
3.31940551e-02
3.60610088e-02
3.88377856e-02
4.15475806e-02
4.42055963e-02
4.68194945e-02
4.93904023e-02
5.19141897e-02
5.43828268e-02
5.67856329e-02
5.91103577e-02
6.13440269e-02
6.34735891e-02
6.54863569e-02
6.73703104e-02
6.91142705e-02
7.07080029e-02
7.21422544e-02
7.34087673e-02
7.45002660e-02
7.54104445e-02
7.61339494e-02
7.66663719e-02
7.70042465e-02
7.71450598e-02
7.70872714e-02
7.68303412e-02
7.63747712e-02
7.57221457e-02
7.48751847e-02
7.38377829e-02
7.26150533e-02
7.12133364e-02
6.96401948e-02
6.79043416e-02
6.60155234e-02
6.39842956e-02
6.18217108e-02
5.95388628e-02
5.71463134e-02
5.46533709e-02
5.20672813e-02
4.93923545e-02
4.66291499e-02
4.37738148e-02
4.08177574e-02
3.77477834e-02
3.45468468e-02
3.11954570e-02
2.76737410e-02
2.39640506e-02
2.00539515e-02
1.59390812e-02
1.16244003e-02
7.12122252e-03
2.43429558e-03
3.06387193e-03
8.67073206e-03
1.37992474e-02
1.84801730e-02
2.27504467e-02
2.66534487e-02
3.02385341e-02
3.35579600e-02
3.66630948e-02
3.96010399e-02
4.24120867e-02
4.51281612e-02
4.77722366e-02
5.03586138e-02
5.28938310e-02
5.53779750e-02
5.78061243e-02
6.01697702e-02
6.24580600e-02
6.46588387e-02
6.67594391e-02
6.87472760e-02
7.06102407e-02
7.23369704e-02
7.39169960e-02
7.53408309e-02
7.65999996e-02
7.76870491e-02
7.85955383e-02
7.93200290e-02
7.98560774e-02
8.02002323e-02
8.03500452e-02
8.03040851e-02
8.00619702e-02
7.96243979e-02
7.89931906e-02
7.81713290e-02
7.71629925e-02
7.59735682e-02
7.46096486e-02
7.30789676e-02
7.13902936e-02
6.95532197e-02
6.75778688e-02
6.54744518e-02
6.32527076e-02
6.09211767e-02
5.84863717e-02
5.59518415e-02
5.33172502e-02
5.05775410e-02
4.77223674e-02
4.47359136e-02
4.15972865e-02
3.82815555e-02
3.47614967e-02
3.10099582e-02
2.70027438e-02
2.27217993e-02
1.81582276e-02
1.33137388e-02
8.19818633e-03
2.81826910e-03
3.49566992e-03
9.84749994e-03
1.56050880e-02
2.08060821e-02
2.54963141e-02
2.97289893e-02
3.35636668e-02
3.70629587e-02
4.02885868e-02
4.32978050e-02
4.61406260e-02
4.88579989e-02
5.14809994e-02
5.40309212e-02
5.65201106e-02
5.89532629e-02
6.13289650e-02
6.36412353e-02
6.58809540e-02
6.80370574e-02
7.00975086e-02
7.20500107e-02
7.38825321e-02
7.55836446e-02
7.71427497e-02
7.85501978e-02
7.97973580e-02
8.08766382e-02
8.17814925e-02
8.25064136e-02
8.30469289e-02
8.33995999e-02
8.35620287e-02
8.35328774e-02
8.33118897e-02
8.28999272e-02
8.22989977e-02
8.15122932e-02
8.05441998e-02
7.94003022e-02
7.80873307e-02
7.66130723e-02
7.49861824e-02
7.32159191e-02
7.13117296e-02
6.92827183e-02
6.71369370e-02
6.48805536e-02
6.25168779e-02
6.00453544e-02
5.74605691e-02
5.47514483e-02
5.19007574e-02
4.88851068e-02
4.56755647e-02
4.22390009e-02
3.85401351e-02
3.45442352e-02
3.02202992e-02
2.55445319e-02
2.05036185e-02
1.50965070e-02
9.33252733e-03
3.22156793e-03
3.94513462e-03
1.10735505e-02
1.74879254e-02
2.32325469e-02
2.83621286e-02
3.29399044e-02
3.70359675e-02
4.07236546e-02
4.40753763e-02
4.71588316e-02
5.00339941e-02
5.27510711e-02
5.53494705e-02
5.78577510e-02
6.02943514e-02
6.26688995e-02
6.49838011e-02
6.72359241e-02
6.94181605e-02
7.15208081e-02
7.35326763e-02
7.54419584e-02
7.72368506e-02
7.89059982e-02
8.04387715e-02
8.18254475e-02
8.30572987e-02
8.41266451e-02
8.50268662e-02
8.57524069e-02
8.62987739e-02
8.66625377e-02
8.68413414e-02
8.68339143e-02
8.66400986e-02
8.62608725e-02
8.56983846e-02
8.49559654e-02
8.40381398e-02
8.29505865e-02
8.17000719e-02
8.02942898e-02
7.87416336e-02
7.70508235e-02
7.52304205e-02
7.32881538e-02
7.12301149e-02
6.90597747e-02
6.67769250e-02
6.43765615e-02
6.18478791e-02
5.91734657e-02
5.63289133e-02
5.32829600e-02
4.99983414e-02
4.64333866e-02
4.25443883e-02
3.82886225e-02
3.36278968e-02
2.85323863e-02
2.29843002e-02
1.69801128e-02
1.05293627e-02
3.64619952e-03
4.41241905e-03
1.23491251e-02
1.94479789e-02
2.57598186e-02
3.13483661e-02
3.62871856e-02
4.06573026e-02
4.45431789e-02
4.80282727e-02
5.11910030e-02
5.41015259e-02
5.68194740e-02
5.93927617e-02
6.18573823e-02
6.42380836e-02
6.65496475e-02
6.87985612e-02
7.09847859e-02
7.31034877e-02
7.51465479e-02
7.71038447e-02
7.89642363e-02
8.07163167e-02
8.23489299e-02
8.38515344e-02
8.52144163e-02
8.64288281e-02
8.74870509e-02
8.83824310e-02
8.91093877e-02
8.96634186e-02
9.00411033e-02
9.02401113e-02
9.02592192e-02
9.00983287e-02
8.97584956e-02
8.92419432e-02
8.85520802e-02
8.76934746e-02
8.66718103e-02
8.54937585e-02
8.41667938e-02
8.26988726e-02
8.10980066e-02
7.93716486e-02
7.75259390e-02
7.55647504e-02
7.34886192e-02
7.12935539e-02
6.89698752e-02
6.65011470e-02
6.38634187e-02
6.10248845e-02
5.79461836e-02
5.45814173e-02
5.08800043e-02
4.67893230e-02
4.22580936e-02
3.72403197e-02
3.16996043e-02
2.56133293e-02
1.89754998e-02
1.17963382e-02
4.09517231e-03
4.89812248e-03
1.36755698e-02
2.14869759e-02
2.83898066e-02
3.44570969e-02
3.97731989e-02
4.44305773e-02
4.85253013e-02
5.21522620e-02
5.54008927e-02
5.83517188e-02
6.10739389e-02
6.36240686e-02
6.60456543e-02
6.83698702e-02
7.06168244e-02
7.27972573e-02
7.49144411e-02
7.69660117e-02
7.89456536e-02
8.08444952e-02
8.26522497e-02
8.43580545e-02
8.59511001e-02
8.74210389e-02
8.87582706e-02
8.99540977e-02
9.10008276e-02
9.18918132e-02
9.26214789e-02
9.31853272e-02
9.35799474e-02
9.38030259e-02
9.38533593e-02
9.37308772e-02
9.34366568e-02
9.29729428e-02
9.23431351e-02
9.15517654e-02
9.06044022e-02
8.95075112e-02
8.82681911e-02
8.68938165e-02
8.53914989e-02
8.37674100e-02
8.20258879e-02
8.01684058e-02
7.81923610e-02
7.60898251e-02
7.38462802e-02
7.14395500e-02
6.88390145e-02
6.60053517e-02
6.28909022e-02
5.94408549e-02
5.55952714e-02
5.12920111e-02
4.64704434e-02
4.10758665e-02
3.50643869e-02
2.84078001e-02
2.10972337e-02
1.31437357e-02
4.57255002e-03
5.40324378e-03
1.50552070e-02
2.36079467e-02
3.11258254e-02
3.76917272e-02
4.34014570e-02
4.83595932e-02
5.26743853e-02
5.64526036e-02
5.97949812e-02
6.27925949e-02
6.55242890e-02
6.80552413e-02
7.04365835e-02
7.27059951e-02
7.48889921e-02
7.70007141e-02
7.90478851e-02
8.10308010e-02
8.29451148e-02
8.47833989e-02
8.65363760e-02
8.81938954e-02
8.97456190e-02
9.11815246e-02
9.24922163e-02
9.36691381e-02
9.47046827e-02
9.55922631e-02
9.63263392e-02
9.69024378e-02
9.73171617e-02
9.75682019e-02
9.76543543e-02
9.75755326e-02
9.73327902e-02
9.69283166e-02
9.63654314e-02
9.56485194e-02
9.47829335e-02
9.37747883e-02
9.26306773e-02
9.13572178e-02
8.99604710e-02
8.84451383e-02
8.68136087e-02
8.50647864e-02
8.31928239e-02
8.11857465e-02
7.90241628e-02
7.66801152e-02
7.41163175e-02
7.12858726e-02
6.81327128e-02
6.45928285e-02
6.05964486e-02
5.60711476e-02
5.09459129e-02
4.51560413e-02
3.86487325e-02
3.13888487e-02
2.33636546e-02
1.45846799e-02
5.08357981e-03
5.92915593e-03
1.64912244e-02
2.58150121e-02
3.39722892e-02
4.10566373e-02
4.71762717e-02
5.24487572e-02
5.69952250e-02
6.09347957e-02
6.43797947e-02
6.74319723e-02
7.01798689e-02
7.26973040e-02
7.50429987e-02
7.72611342e-02
7.93827001e-02
8.14273057e-02
8.34052672e-02
8.53196700e-02
8.71683154e-02
8.89453683e-02
9.06427401e-02
9.22511293e-02
9.37608229e-02
9.51622336e-02
9.64462874e-02
9.76046481e-02
9.86298724e-02
9.95154812e-02
1.00256011e-01
1.00847033e-01
1.01285170e-01
1.01568109e-01
1.01694616e-01
1.01664557e-01
1.01478895e-01
1.01139703e-01
1.00650120e-01
1.00014292e-01
9.92372174e-02
9.83245396e-02
9.72821778e-02
9.61158514e-02
9.48303884e-02
9.34288838e-02
9.19116165e-02
9.02748336e-02
8.85093534e-02
8.65991602e-02
8.45200054e-02
8.22382510e-02
7.97100225e-02
7.68809332e-02
7.36864573e-02
7.00531851e-02
6.59009986e-02
6.11463275e-02
5.57064599e-02
4.95049671e-02
4.24780775e-02
3.45815900e-02
2.57970631e-02
1.61354401e-02
5.63487338e-03
6.47760971e-03
1.79875983e-02
2.81131546e-02
3.69343276e-02
4.45567038e-02
5.11022535e-02
5.67026647e-02
6.14927481e-02
6.56044678e-02
6.91619590e-02
7.22777149e-02
7.50499202e-02
7.75609822e-02
7.98771339e-02
8.20490495e-02
8.41131923e-02
8.60937256e-02
8.80046420e-02
8.98519705e-02
9.16357928e-02
9.33520469e-02
9.49939740e-02
9.65532926e-02
9.80210391e-02
9.93882026e-02
1.00646127e-01
1.01786801e-01
1.02803010e-01
1.03688448e-01
1.04437765e-01
1.05046604e-01
1.05511613e-01
1.05830468e-01
1.06001884e-01
1.06025628e-01
1.05902524e-01
1.05634439e-01
1.05224248e-01
1.04675727e-01
1.03993407e-01
1.03182293e-01
1.02247490e-01
1.01193631e-01
1.00024169e-01
9.87404185e-02
9.73404480e-02
9.58177420e-02
9.41597861e-02
9.23465459e-02
9.03490594e-02
8.81281693e-02
8.56336548e-02
8.28038222e-02
7.95658158e-02
7.58367095e-02
7.15256200e-02
6.65368971e-02
6.07746100e-02
5.41483767e-02
4.65806236e-02
3.80148679e-02
2.84238919e-02
1.78158226e-02
6.23468409e-03
7.05077753e-03
1.95490389e-02
3.05079370e-02
4.00172686e-02
4.81966294e-02
5.51836385e-02
6.11255193e-02
6.61716399e-02
7.04672048e-02
7.41482654e-02
7.73379642e-02
8.01440018e-02
8.26572131e-02
8.49512600e-02
8.70832441e-02
8.90951368e-02
9.10156983e-02
9.28627283e-02
9.46453143e-02
9.63659973e-02
9.80226302e-02
9.96099690e-02
1.01120888e-01
1.02547336e-01
1.03880991e-01
1.05113744e-01
1.06237990e-01
1.07246834e-01
1.08134197e-01
1.08894891e-01
1.09524654e-01
1.10020172e-01
1.10379101e-01
1.10600079e-01
1.10682732e-01
1.10627676e-01
1.10436499e-01
1.10111691e-01
1.09656553e-01
1.09074983e-01
1.08371206e-01
1.07549316e-01
1.06612704e-01
1.05563247e-01
1.04400345e-01
1.03119707e-01
1.01712011e-01
1.00161384e-01
9.84438895e-02
9.65260121e-02
9.43633802e-02
9.18997508e-02
8.90665172e-02
8.57827761e-02
8.19562217e-02
7.74849350e-02
7.22603738e-02
6.61717268e-02
5.91120140e-02
5.09861089e-02
4.17206423e-02
3.12747339e-02
1.96496271e-02
6.89326944e-03
7.65136319e-03
2.11809546e-02
3.30050947e-02
4.32258662e-02
5.19799938e-02
5.94233576e-02
6.57204157e-02
7.10358906e-02
7.55284179e-02
7.93457824e-02
8.26214959e-02
8.54724669e-02
8.79977609e-02
9.02783238e-02
9.23776735e-02
9.43433063e-02
9.62087031e-02
9.79955829e-02
9.97162808e-02
1.01375947e-01
1.02974554e-01
1.04508519e-01
1.05972060e-01
1.07358166e-01
1.08659356e-01
1.09868166e-01
1.10977512e-01
1.11980886e-01
1.12872508e-01
1.13647395e-01
1.14301411e-01
1.14831291e-01
1.15234664e-01
1.15510063e-01
1.15656929e-01
1.15675605e-01
1.15567299e-01
1.15334021e-01
1.14978438e-01
1.14503677e-01
1.13912981e-01
1.13209260e-01
1.12394434e-01
1.11468632e-01
1.10429130e-01
1.09269162e-01
1.07976486e-01
1.06531896e-01
1.04907627e-01
1.03065859e-01
1.00957332e-01
9.85202764e-02
9.56796992e-02
9.23472341e-02
8.84216037e-02
8.37899776e-02
7.83303780e-02
7.19156117e-02
6.44191606e-02
5.57237200e-02
4.57326689e-02
3.43840274e-02
2.16651038e-02
7.62340124e-03
8.28281408e-03
2.28893872e-02
3.56098347e-02
4.65630759e-02
5.59078379e-02
6.38218024e-02
7.04884722e-02
7.60884052e-02
8.07933430e-02
8.47622086e-02
8.81382571e-02
9.10471664e-02
9.35959380e-02
9.58727236e-02
9.79474591e-02
9.98733099e-02
1.01688622e-01
1.03419265e-01
1.05081005e-01
1.06681842e-01
1.08224042e-01
1.09705905e-01
1.11123133e-01
1.12469935e-01
1.13739787e-01
1.14926006e-01
1.16022109e-01
1.17022074e-01
1.17920474e-01
1.18712582e-01
1.19394417e-01
1.19962777e-01
1.20415258e-01
1.20750262e-01
1.20967000e-01
1.21065465e-01
1.21046400e-01
1.20911195e-01
1.20661753e-01
1.20300231e-01
1.19828712e-01
1.19248673e-01
1.18560356e-01
1.17761873e-01
1.16848187e-01
1.15809835e-01
1.14631556e-01
1.13290735e-01
1.11755877e-01
1.09985041e-01
1.07924482e-01
1.05507431e-01
1.02653257e-01
9.92669423e-02
9.52391135e-02
9.04466477e-02
8.47542431e-02
7.80173078e-02
7.00870338e-02
6.08186336e-02
5.00839606e-02
3.77889699e-02
2.38952715e-02
8.44104158e-03
8.94971306e-03
2.46807972e-02
3.83255169e-02
5.00280015e-02
5.99765834e-02
6.83752218e-02
7.54279750e-02
8.13308302e-02
8.62674525e-02
9.04066106e-02
9.39003307e-02
9.68824277e-02
9.94676032e-02
1.01751186e-01
1.03809726e-01
1.05702287e-01
1.07472409e-01
1.09150382e-01
1.10755724e-01
1.12299519e-01
1.13786593e-01
1.15217304e-01
1.16589056e-01
1.17897408e-01
1.19136948e-01
1.20301871e-01
1.21386414e-01
1.22385102e-01
1.23292937e-01
1.24105490e-01
1.24818970e-01
1.25430252e-01
1.25936893e-01
1.26337144e-01
1.26629931e-01
1.26814834e-01
1.26892017e-01
1.26862137e-01
1.26726150e-01
1.26485072e-01
1.26139569e-01
1.25689463e-01
1.25133008e-01
1.24466047e-01
1.23680911e-01
1.22765215e-01
1.21700434e-01
1.20460446e-01
1.19009969e-01
1.17303109e-01
1.15281922e-01
1.12875231e-01
1.09997554e-01
1.06548341e-01
1.02411395e-01
9.74546815e-02
9.15305993e-02
8.44772885e-02
7.61217739e-02
6.62866090e-02
5.48021445e-02
4.15269231e-02
2.63777590e-02
9.36629740e-03
9.65845695e-03
2.65613408e-02
4.11510181e-02
5.36124542e-02
6.41750322e-02
7.30739126e-02
8.05338297e-02
8.67640705e-02
9.19576033e-02
9.62909329e-02
9.99234696e-02
1.02996545e-01
1.05632428e-01
1.07933888e-01
1.09984476e-01
1.11849671e-01
1.13578652e-01
1.15206609e-01
1.16757161e-01
1.18244837e-01
1.19677265e-01
1.21057122e-01
1.22383669e-01
1.23654002e-01
1.24863929e-01
1.26008656e-01
1.27083207e-01
1.28082751e-01
1.29002766e-01
1.29839180e-01
1.30588416e-01
1.31247445e-01
1.31813789e-01
1.32285518e-01
1.32661239e-01
1.32940035e-01
1.33121405e-01
1.33205118e-01
1.33191032e-01
1.33078782e-01
1.32867399e-01
1.32554726e-01
1.32136743e-01
1.31606639e-01
1.30953792e-01
1.30162503e-01
1.29210690e-01
1.28068417e-01
1.26696478e-01
1.25044945e-01
1.23051879e-01
1.20642079e-01
1.17726021e-01
1.14198782e-01
1.09939038e-01
1.04807914e-01
9.86478408e-02
9.12815516e-02
8.25121478e-02
7.21259314e-02
5.99014425e-02
4.56298382e-02
2.91533909e-02
1.04247269e-02
1.04183630e-02
2.85346713e-02
4.40754443e-02
5.72952947e-02
6.84804913e-02
7.79007493e-02
8.57981873e-02
9.23902088e-02
9.78746085e-02
1.02432620e-01
1.06229551e-01
1.09413821e-01
1.12115591e-01
1.14445716e-01
1.16495584e-01
1.18337858e-01
1.20028118e-01
1.21607019e-01
1.23102817e-01
1.24533842e-01
1.25910864e-01
1.27239085e-01
1.28519843e-01
1.29751885e-01
1.30932388e-01
1.32057638e-01
1.33123555e-01
1.34125995e-01
1.35060989e-01
1.35924852e-01
1.36714268e-01
1.37426319e-01
1.38058494e-01
1.38608676e-01
1.39075104e-01
1.39456313e-01
1.39751021e-01
1.39957992e-01
1.40075787e-01
1.40102463e-01
1.40035112e-01
1.39869313e-01
1.39598365e-01
1.39212431e-01
1.38697447e-01
1.38033975e-01
1.37195861e-01
1.36148941e-01
1.34849642e-01
1.33243745e-01
1.31265134e-01
1.28834740e-01
1.25859441e-01
1.22230994e-01
1.17824642e-01
1.12497318e-01
1.06085003e-01
9.83992321e-02
8.92228524e-02
7.83065093e-02
6.53694764e-02
5.01130754e-02
3.22616075e-02
1.16491001e-02
1.12430943e-02
3.05957003e-02
4.70677072e-02
6.10339193e-02
7.28549359e-02
8.28317845e-02
9.12138519e-02
9.82171956e-02
1.04038007e-01
1.08858932e-01
1.12850082e-01
1.16167328e-01
1.18949767e-01
1.21317716e-01
1.23371717e-01
1.25192854e-01
1.26844064e-01
1.28372298e-01
1.29811006e-01
1.31182800e-01
1.32501875e-01
1.33776223e-01
1.35009391e-01
1.36201935e-01
1.37352463e-01
1.38458446e-01
1.39516735e-01
1.40523957e-01
1.41476723e-01
1.42371796e-01
1.43206146e-01
1.43977000e-01
1.44681828e-01
1.45318319e-01
1.45884325e-01
1.46377769e-01
1.46796519e-01
1.47138186e-01
1.47399883e-01
1.47577836e-01
1.47666946e-01
1.47660146e-01
1.47547685e-01
1.47316185e-01
1.46947653e-01
1.46418271e-01
1.45697229e-01
1.44745417e-01
1.43514268e-01
1.41944574e-01
1.39965521e-01
1.37493727e-01
1.34432423e-01
1.30670418e-01
1.26080789e-01
1.20518691e-01
1.13817864e-01
1.05784884e-01
9.61904820e-02
8.47574745e-02
7.11473653e-02
5.49539848e-02
3.57281368e-02
1.30811544e-02
1.21507964e-02
3.27138798e-02
5.00574232e-02
6.47540084e-02
7.72449513e-02
8.78427834e-02
9.67835331e-02
1.04268101e-01
1.10484090e-01
1.15613235e-01
1.19830904e-01
1.23302165e-01
1.26177339e-01
1.28588419e-01
1.30647128e-01
1.32444568e-01
1.34052345e-01
1.35524600e-01
1.36900685e-01
1.38207901e-01
1.39464210e-01
1.40680547e-01
1.41862824e-01
1.43013449e-01
1.44132548e-01
1.45218788e-01
1.46270022e-01
1.47283657e-01
1.48256950e-01
1.49187137e-01
1.50071527e-01
1.50907521e-01
1.51692603e-01
1.52424285e-01
1.53100023e-01
1.53717107e-01
1.54272473e-01
1.54762495e-01
1.55182654e-01
1.55527161e-01
1.55788412e-01
1.55956373e-01
1.56017770e-01
1.55955209e-01
1.55746108e-01
1.55361623e-01
1.54765437e-01
1.53912666e-01
1.52748725e-01
1.51208428e-01
1.49215130e-01
1.46680119e-01
1.43501975e-01
1.39565953e-01
1.34742895e-01
1.28887375e-01
1.21834087e-01
1.13391310e-01
1.03329141e-01
9.13595131e-02
7.71044644e-02
6.00538198e-02
3.95340759e-02
1.47704411e-02
1.31540344e-02
3.47916249e-02
5.29058681e-02
6.83461216e-02
8.15956371e-02
9.29294144e-02
1.02539296e-01
1.10597022e-01
1.17277677e-01
1.22763246e-01
1.27237587e-01
1.30878857e-01
1.33852284e-01
1.36304799e-01
1.38361888e-01
1.40126719e-01
1.41680983e-01
1.43087065e-01
1.44390826e-01
1.45624702e-01
1.46810596e-01
1.47962533e-01
1.49088792e-01
1.50193676e-01
1.51278788e-01
1.52344023e-01
1.53388208e-01
1.54409580e-01
1.55406046e-01
1.56375375e-01
1.57315255e-01
1.58223320e-01
1.59097115e-01
1.59934015e-01
1.60731117e-01
1.61485066e-01
1.62191857e-01
1.62846534e-01
1.63442850e-01
1.63972784e-01
1.64426001e-01
1.64789124e-01
1.65044956e-01
1.65171500e-01
1.65140978e-01
1.64918681e-01
1.64461921e-01
1.63718912e-01
1.62627877e-01
1.61116195e-01
1.59099860e-01
1.56483009e-01
1.53157700e-01
1.49003568e-01
1.43887334e-01
1.37661522e-01
1.30161805e-01
1.21201351e-01
1.10559527e-01
9.79591140e-02
8.30212448e-02
6.51800511e-02
4.35432497e-02
1.67560709e-02
1.41994957e-02
3.65757059e-02
5.53871178e-02
7.17000446e-02
8.59010936e-02
9.81526682e-02
1.08576549e-01
1.17312088e-01
1.24526789e-01
1.30409820e-01
1.35160404e-01
1.38975766e-01
1.42041078e-01
1.44522142e-01
1.46561272e-01
1.48275830e-01
1.49759123e-01
1.51082657e-01
1.52299382e-01
1.53447060e-01
1.54551656e-01
1.55630198e-01
1.56693296e-01
1.57747009e-01
1.58794375e-01
1.59836416e-01
1.60872932e-01
1.61902954e-01
1.62925089e-01
1.63937660e-01
1.64938810e-01
1.65926474e-01
1.66898344e-01
1.67851740e-01
1.68783462e-01
1.69689580e-01
1.70565152e-01
1.71403900e-01
1.72197755e-01
1.72936366e-01
1.73606418e-01
1.74190930e-01
1.74668327e-01
1.75011531e-01
1.75186843e-01
1.75152929e-01
1.74859676e-01
1.74247273e-01
1.73245286e-01
1.71772068e-01
1.69734256e-01
1.67026618e-01
1.63531935e-01
1.59121070e-01
1.53652742e-01
1.46972948e-01
1.38913247e-01
1.29287132e-01
1.17882141e-01
1.04442669e-01
8.86294697e-02
6.99191451e-02
4.73530636e-02
1.89711568e-02
1.48941130e-02
3.75563985e-02
5.72964122e-02
7.48589060e-02
9.03266620e-02
1.03718158e-01
1.15100621e-01
1.24601208e-01
1.32395944e-01
1.38693160e-01
1.43716427e-01
1.47688995e-01
1.50821321e-01
1.53302159e-01
1.55293561e-01
1.56929108e-01
1.58314917e-01
1.59532298e-01
1.60641496e-01
1.61685609e-01
1.62694452e-01
1.63687850e-01
1.64678465e-01
1.65673914e-01
1.66678460e-01
1.67694145e-01
1.68721646e-01
1.69760772e-01
1.70810828e-01
1.71870757e-01
1.72939231e-01
1.74014597e-01
1.75094816e-01
1.76177283e-01
1.77258642e-01
1.78334495e-01
1.79399080e-01
1.80444840e-01
1.81461923e-01
1.82437569e-01
1.83355386e-01
1.84194525e-01
1.84928732e-01
1.85525325e-01
1.85944105e-01
1.86136264e-01
1.86043322e-01
1.85596189e-01
1.84714383e-01
1.83305476e-01
1.81264774e-01
1.78475241e-01
1.74807562e-01
1.70120250e-01
1.64259528e-01
1.57058721e-01
1.48336681e-01
1.37894686e-01
1.25510762e-01
1.10929304e-01
9.38393348e-02
7.38162910e-02
5.01176752e-02
2.08316344e-02
7.03120864e-03
2.03397242e-02
3.22917677e-02
4.29669865e-02
5.25507972e-02
6.12276165e-02
6.91642510e-02
7.65063586e-02
8.33764559e-02
8.98730174e-02
9.60711893e-02
1.02024887e-01
1.07770117e-01
1.13328685e-01
1.18712005e-01
1.23924312e-01
1.28965388e-01
1.33832425e-01
1.38521449e-01
1.43028091e-01
1.47348150e-01
1.51477762e-01
1.55413529e-01
1.59152395e-01
1.62691570e-01
1.66028256e-01
1.69159447e-01
1.72081581e-01
1.74790249e-01
1.77279800e-01
1.79542998e-01
1.81570619e-01
1.83351084e-01
1.84870104e-01
1.86110361e-01
1.87051275e-01
1.87668839e-01
1.87935635e-01
1.87820977e-01
1.87291340e-01
1.86310988e-01
1.84843005e-01
1.82850569e-01
1.80298693e-01
1.77156188e-01
1.73398039e-01
1.69007817e-01
1.63980229e-01
1.58323254e-01
1.52059833e-01
1.45228334e-01
1.37881630e-01
1.30083837e-01
1.21904513e-01
1.13409446e-01
1.04648167e-01
9.56379476e-02
8.63452221e-02
7.66650028e-02
6.63989447e-02
5.52298875e-02
4.26856185e-02
2.80817810e-02
1.05306255e-02
1.13668844e-03
2.86458436e-03
7.82940941e-03
1.30885570e-02
1.86991495e-02
2.48484780e-02
3.16186430e-02
3.89740628e-02
4.68049347e-02
5.49697409e-02
6.33233262e-02
7.17328261e-02
8.00849319e-02
8.82883279e-02
9.62728553e-02
1.03987341e-01
1.11396430e-01
1.18477523e-01
1.25217658e-01
1.31611011e-01
1.37656626e-01
1.43356785e-01
1.48715578e-01
1.53737961e-01
1.58428879e-01
1.62792704e-01
1.66832646e-01
1.70550334e-01
1.73945337e-01
1.77014766e-01
1.79752815e-01
1.82150350e-01
1.84194466e-01
1.85868087e-01
1.87149595e-01
1.88012535e-01
1.88425450e-01
1.88351844e-01
1.87750421e-01
1.86575554e-01
1.84778176e-01
1.82307026e-01
1.79110481e-01
1.75138817e-01
1.70347170e-01
1.64698915e-01
1.58169710e-01
1.50751780e-01
1.42458617e-01
1.33329484e-01
1.23433833e-01
1.12874828e-01
1.01791996e-01
9.03619847e-02
7.87971986e-02
6.73406394e-02
5.62553267e-02
4.58036507e-02
3.62098370e-02
2.75956419e-02
1.98922193e-02
1.27898579e-02
5.95112626e-03
6.71129392e-04
7.10360698e-04
5.30729536e-03
1.18437624e-02
1.87732974e-02
2.57465917e-02
3.27471529e-02
3.98419491e-02
4.70873693e-02
5.45021440e-02
6.20676044e-02
6.97378134e-02
7.74512066e-02
8.51407898e-02
9.27414624e-02
1.00194838e-01
1.07451621e-01
1.14472465e-01
1.21227516e-01
1.27695450e-01
1.33862011e-01
1.39718642e-01
1.45261029e-01
1.50487922e-01
1.55400009e-01
1.59999055e-01
1.64287078e-01
1.68265721e-01
1.71935623e-01
1.75295908e-01
1.78343652e-01
1.81073419e-01
1.83476769e-01
1.85541824e-01
1.87252839e-01
1.88589825e-01
1.89528266e-01
1.90038916e-01
1.90087802e-01
1.89636386e-01
1.88642067e-01
1.87058958e-01
1.84839144e-01
1.81934328e-01
1.78298083e-01
1.73888525e-01
1.68671624e-01
1.62624829e-01
1.55741160e-01
1.48033254e-01
1.39537401e-01
1.30316822e-01
1.20464028e-01
1.10101211e-01
9.93781939e-02
8.84664156e-02
7.75479779e-02
6.67977702e-02
5.63580065e-02
4.63062247e-02
3.66260213e-02
2.72063930e-02
1.79310975e-02
8.98471810e-03
1.62682136e-03
1.90875674e-03
8.20087191e-03
1.59495784e-02
2.40665841e-02
3.20757575e-02
3.98368999e-02
4.73643398e-02
5.47259093e-02
6.19922220e-02
6.92142896e-02
7.64165158e-02
8.35983563e-02
9.07398813e-02
9.78088380e-02
1.04767072e-01
1.11575828e-01
1.18199244e-01
1.24606533e-01
1.30772768e-01
1.36678985e-01
1.42311572e-01
1.47661522e-01
1.52723425e-01
1.57494589e-01
1.61974089e-01
1.66162007e-01
1.70058653e-01
1.73663945e-01
1.76976765e-01
1.79994436e-01
1.82712163e-01
1.85122558e-01
1.87215155e-01
1.88975975e-01
1.90387145e-01
1.91426579e-01
1.92067785e-01
1.92279794e-01
1.92027329e-01
1.91271178e-01
1.89968953e-01
1.88076136e-01
1.85547652e-01
1.82339784e-01
1.78412679e-01
1.73733130e-01
1.68277857e-01
1.62036788e-01
1.55016444e-01
1.47242744e-01
1.38763124e-01
1.29647062e-01
1.19984722e-01
1.09882600e-01
9.94558967e-02
8.88167909e-02
7.80593958e-02
6.72430988e-02
5.63802605e-02
4.54396879e-02
3.43881254e-02
2.33048383e-02
1.26094870e-02
3.34502742e-03
3.48442381e-03
1.15299601e-02
2.04208618e-02
2.94919229e-02
3.83172309e-02
4.67129899e-02
5.46547418e-02
6.22009872e-02
6.94409957e-02
7.64628274e-02
8.33363050e-02
9.01061683e-02
9.67923352e-02
1.03394024e-01
1.09895816e-01
1.16273608e-01
1.22499837e-01
1.28547181e-01
1.34391090e-01
1.40010976e-01
1.45390713e-01
1.50518388e-01
1.55385850e-01
1.59987949e-01
1.64321822e-01
1.68386082e-01
1.72180137e-01
1.75703471e-01
1.78955053e-01
1.81932719e-01
1.84632654e-01
1.87048854e-01
1.89172653e-01
1.90992266e-01
1.92492389e-01
1.93653868e-01
1.94453453e-01
1.94863711e-01
1.94853078e-01
1.94386190e-01
1.93424429e-01
1.91926871e-01
1.89851505e-01
1.87156924e-01
1.83804267e-01
1.79759572e-01
1.74996179e-01
1.69497274e-01
1.63258015e-01
1.56287252e-01
1.48608098e-01
1.40257315e-01
1.31282755e-01
1.21738972e-01
1.11680650e-01
1.01154791e-01
9.01927939e-02
7.88058554e-02
6.69887463e-02
5.47409209e-02
4.21161534e-02
2.93098779e-02
1.67651206e-02
5.16304855e-03
5.03264083e-03
1.50943569e-02
2.52755028e-02
3.52731479e-02
4.48123091e-02
5.37456097e-02
6.20476535e-02
6.97754526e-02
7.70279961e-02
8.39149172e-02
9.05353989e-02
9.69666546e-02
1.03259776e-01
1.09441155e-01
1.15516892e-01
1.21478687e-01
1.27309433e-01
1.32988076e-01
1.38493050e-01
1.43804654e-01
1.48906215e-01
1.53784634e-01
1.58430239e-01
1.62836460e-01
1.66999188e-01
1.70916181e-01
1.74586347e-01
1.78009142e-01
1.81183912e-01
1.84109348e-01
1.86782908e-01
1.89200321e-01
1.91355085e-01
1.93238011e-01
1.94836810e-01
1.96135730e-01
1.97115285e-01
1.97752079e-01
1.98018812e-01
1.97884425e-01
1.97314541e-01
1.96272085e-01
1.94718269e-01
1.92613739e-01
1.89920063e-01
1.86601209e-01
1.82625173e-01
1.77965254e-01
1.72601081e-01
1.66518824e-01
1.59710742e-01
1.52173572e-01
1.43906190e-01
1.34906421e-01
1.25168004e-01
1.14678346e-01
1.03419079e-01
9.13713968e-02
7.85297873e-02
6.49274743e-02
5.06757106e-02
3.60091378e-02
2.13027061e-02
6.96510082e-03
6.53276753e-03
1.87704309e-02
3.04279961e-02
4.14399863e-02
5.16943281e-02
6.11266551e-02
6.97481394e-02
7.76339625e-02
8.48983911e-02
9.16693014e-02
9.80680832e-02
1.04196388e-01
1.10129893e-01
1.15917481e-01
1.21584438e-01
1.27137524e-01
1.32570771e-01
1.37870617e-01
1.43020199e-01
1.48002283e-01
1.52801268e-01
1.57404121e-01
1.61800820e-01
1.65984201e-01
1.69949666e-01
1.73694621e-01
1.77217964e-01
1.80519449e-01
1.83599154e-01
1.86456892e-01
1.89091712e-01
1.91501371e-01
1.93681870e-01
1.95626987e-01
1.97327857e-01
1.98772595e-01
1.99945970e-01
2.00829195e-01
2.01399788e-01
2.01631635e-01
2.01495158e-01
2.00957733e-01
1.99984193e-01
1.98537567e-01
1.96579744e-01
1.94072213e-01
1.90976427e-01
1.87253941e-01
1.82865846e-01
1.77771755e-01
1.71928063e-01
1.65286108e-01
1.57790361e-01
1.49377810e-01
1.39979088e-01
1.29522794e-01
1.17943655e-01
1.05195782e-01
9.12711820e-02
7.62231335e-02
6.01900461e-02
4.34078924e-02
2.61842447e-02
8.78960706e-03
8.00498437e-03
2.25196672e-02
3.58150679e-02
4.79662399e-02
5.89970585e-02
6.89401210e-02
7.78671673e-02
8.58911253e-02
9.31526926e-02
9.98020814e-02
1.05982004e-01
1.11815401e-01
1.17398556e-01
1.22799535e-01
1.28060343e-01
1.33201646e-01
1.38228240e-01
1.43134557e-01
1.47909181e-01
1.52538460e-01
1.57008840e-01
1.61308425e-01
1.65427647e-01
1.69359548e-01
1.73099588e-01
1.76645369e-01
1.79996126e-01
1.83152284e-01
1.86114897e-01
1.88885185e-01
1.91464012e-01
1.93851436e-01
1.96046231e-01
1.98045458e-01
1.99844044e-01
2.01434385e-01
2.02806011e-01
2.03945286e-01
2.04835227e-01
2.05455360e-01
2.05781759e-01
2.05787080e-01
2.05440743e-01
2.04708985e-01
2.03554868e-01
2.01937864e-01
1.99813101e-01
1.97129825e-01
1.93829360e-01
1.89842335e-01
1.85085926e-01
1.79461443e-01
1.72853669e-01
1.65132761e-01
1.56160273e-01
1.45799740e-01
1.33932363e-01
1.20476626e-01
1.05410170e-01
8.87897989e-02
7.07633843e-02
5.15627890e-02
3.14637641e-02
1.06988497e-02
9.47437320e-03
2.63488069e-02
4.14158067e-02
5.48313968e-02
6.67236702e-02
7.72185692e-02
8.64594994e-02
9.46112290e-02
1.01852412e-01
1.08362550e-01
1.14308790e-01
1.19835485e-01
1.25058287e-01
1.30062514e-01
1.34905307e-01
1.39619968e-01
1.44221567e-01
1.48712379e-01
1.53086856e-01
1.57335399e-01
1.61447260e-01
1.65412293e-01
1.69222099e-01
1.72870433e-01
1.76353356e-01
1.79669005e-01
1.82817325e-01
1.85799624e-01
1.88618184e-01
1.91275786e-01
1.93775305e-01
1.96119257e-01
1.98309398e-01
2.00346303e-01
2.02228971e-01
2.03954448e-01
2.05517456e-01
2.06910094e-01
2.08121538e-01
2.09137848e-01
2.09941736e-01
2.10512418e-01
2.10825283e-01
2.10851458e-01
2.10556871e-01
2.09900846e-01
2.08833753e-01
2.07293883e-01
2.05203257e-01
2.02463065e-01
1.98949118e-01
1.94508878e-01
1.88961257e-01
1.82101263e-01
1.73710494e-01
1.63574478e-01
1.51505746e-01
1.37370641e-01
1.21115301e-01
1.02785169e-01
8.25303285e-02
6.05891601e-02
3.72449693e-02
1.27566288e-02
1.09650680e-02
3.02859551e-02
4.72419677e-02
6.20369473e-02
7.48785980e-02
8.59774899e-02
9.55519222e-02
1.03827395e-01
1.11029873e-01
1.17375689e-01
1.23061087e-01
1.28254219e-01
1.33090566e-01
1.37672345e-01
1.42070913e-01
1.46331521e-01
1.50478883e-01
1.54522990e-01
1.58464127e-01
1.62297115e-01
1.66014321e-01
1.69607877e-01
1.73070924e-01
1.76398405e-01
1.79587270e-01
1.82636530e-01
1.85547009e-01
1.88321109e-01
1.90962422e-01
1.93475408e-01
1.95864998e-01
1.98136251e-01
2.00293978e-01
2.02342387e-01
2.04284726e-01
2.06122934e-01
2.07857304e-01
2.09486157e-01
2.11005556e-01
2.12408985e-01
2.13687064e-01
2.14827089e-01
2.15812444e-01
2.16621491e-01
2.17225927e-01
2.17588054e-01
2.17656963e-01
2.17363192e-01
2.16612282e-01
2.15277459e-01
2.13192913e-01
2.10149070e-01
2.05892444e-01
2.00132001e-01
1.92554241e-01
1.82847170e-01
1.70732174e-01
1.55999676e-01
1.38542723e-01
1.18380171e-01
9.56613768e-02
7.06459642e-02
4.36587271e-02
1.50267403e-02
1.25000084e-02
3.43697669e-02
5.33269583e-02
6.96059367e-02
8.34784590e-02
9.52320432e-02
1.05160370e-01
1.13555121e-01
1.20696950e-01
1.26845757e-01
1.32232152e-01
1.37051316e-01
1.41460356e-01
1.45578873e-01
1.49492475e-01
1.53257945e-01
1.56909414e-01
1.60464302e-01
1.63928792e-01
1.67302147e-01
1.70580157e-01
1.73757424e-01
1.76828990e-01
1.79791177e-01
1.82642105e-01
1.85381766e-01
1.88012023e-01
1.90536378e-01
1.92959776e-01
1.95288292e-01
1.97528879e-01
1.99689053e-01
2.01776625e-01
2.03799397e-01
2.05764882e-01
2.07680020e-01
2.09550886e-01
2.11382442e-01
2.13178238e-01
2.14940159e-01
2.16668031e-01
2.18359120e-01
2.20007200e-01
2.21601092e-01
2.23122125e-01
2.24540336e-01
2.25808752e-01
2.26855824e-01
2.27575821e-01
2.27818278e-01
2.27377638e-01
2.25985861e-01
2.23310609e-01
2.18962591e-01
2.12514205e-01
2.03530805e-01
1.91612598e-01
1.76442640e-01
1.57832423e-01
1.35754793e-01
1.10353318e-01
8.19215308e-02
5.08533020e-02
1.75747990e-02
1.41017523e-02
3.86452942e-02
5.97187016e-02
7.75788274e-02
9.25535518e-02
1.05003369e-01
1.15298065e-01
1.23799923e-01
1.30850251e-01
1.36758650e-01
1.41795079e-01
1.46185494e-01
1.50110845e-01
1.53709435e-01
1.57081528e-01
1.60295631e-01
1.63395136e-01
1.66404908e-01
1.69336923e-01
1.72195041e-01
1.74978512e-01
1.77684646e-01
1.80310473e-01
1.82853901e-01
1.85314252e-01
1.87692603e-01
1.89991789e-01
1.92216388e-01
1.94372529e-01
1.96467764e-01
1.98510831e-01
2.00511490e-01
2.02480301e-01
2.04428443e-01
2.06367511e-01
2.08309338e-01
2.10265820e-01
2.12248747e-01
2.14269667e-01
2.16339678e-01
2.18469191e-01
2.20667387e-01
2.22941289e-01
2.25293915e-01
2.27721230e-01
2.30207070e-01
2.32715736e-01
2.35181565e-01
2.37495878e-01
2.39491813e-01
2.40929309e-01
2.41482923e-01
2.40736844e-01
2.38191037e-01
2.33282624e-01
2.25423990e-01
2.14056706e-01
1.98715370e-01
1.79091483e-01
1.55083035e-01
1.26815337e-01
9.46225000e-02
5.89899744e-02
2.04699000e-02
1.57935096e-02
4.31629354e-02
6.64760549e-02
8.60096984e-02
1.02146170e-01
1.15319281e-01
1.25977901e-01
1.34559748e-01
1.41472650e-01
1.47081503e-01
1.51700533e-01
1.55590077e-01
1.58957554e-01
1.61961445e-01
1.64717622e-01
1.67306638e-01
1.69781412e-01
1.72174239e-01
1.74503033e-01
1.76776233e-01
1.78996722e-01
1.81164527e-01
1.83278811e-01
1.85339032e-01
1.87345769e-01
1.89301050e-01
1.91208595e-01
1.93073806e-01
1.94903773e-01
1.96707160e-01
1.98494144e-01
2.00276291e-01
2.02066484e-01
2.03878826e-01
2.05728583e-01
2.07632131e-01
2.09606937e-01
2.11671590e-01
2.13845834e-01
2.16150648e-01
2.18608188e-01
2.21241555e-01
2.24073937e-01
2.27126835e-01
2.30416515e-01
2.33948106e-01
2.37706224e-01
2.41641758e-01
2.45654401e-01
2.49572125e-01
2.53129504e-01
2.55948998e-01
2.57529903e-01
2.57251129e-01
2.54392800e-01
2.48180576e-01
2.37852317e-01
2.22742017e-01
2.02368658e-01
1.76511938e-01
1.45253215e-01
1.08964459e-01
6.82402950e-02
2.37857568e-02
1.76002178e-02
4.79790117e-02
7.36675375e-02
9.49638130e-02
1.12308010e-01
1.26212362e-01
1.37210931e-01
1.45823571e-01
1.52531047e-01
1.57759412e-01
1.61871837e-01
1.65166751e-01
1.67880523e-01
1.70193602e-01
1.72238428e-01
1.74108310e-01
1.75865962e-01
1.77551416e-01
1.79188579e-01
1.80790667e-01
1.82364190e-01
1.83912020e-01
1.85435380e-01
1.86935306e-01
1.88413443e-01
1.89872645e-01
1.91317202e-01
1.92753045e-01
1.94187768e-01
1.95630697e-01
1.97092863e-01
1.98587050e-01
2.00127796e-01
2.01731458e-01
2.03416287e-01
2.05202559e-01
2.07112775e-01
2.09171919e-01
2.11407843e-01
2.13851668e-01
2.16538224e-01
2.19506223e-01
2.22797939e-01
2.26457657e-01
2.30528217e-01
2.35044325e-01
2.40021669e-01
2.45440484e-01
2.51223474e-01
2.57208515e-01
2.63118971e-01
2.68535687e-01
2.72877276e-01
2.75395708e-01
2.75195108e-01
2.71279397e-01
2.62631613e-01
2.48320680e-01
2.27623096e-01
2.00136066e-01
1.65851692e-01
1.25162473e-01
7.87835046e-02
2.76013575e-02
1.95497954e-02
5.31573464e-02
8.13717217e-02
1.04516293e-01
1.23097608e-01
1.37716449e-01
1.49002344e-01
1.57566564e-01
1.63970827e-01
1.68708671e-01
1.72197193e-01
1.74776413e-01
1.76714246e-01
1.78214709e-01
1.79428018e-01
1.80460867e-01
1.81386328e-01
1.82252399e-01
1.83089293e-01
1.83915055e-01
1.84739997e-01
1.85569768e-01
1.86407680e-01
1.87256133e-01
1.88117700e-01
1.88995696e-01
1.89894645e-01
1.90820486e-01
1.91780795e-01
1.92784874e-01
1.93843912e-01
1.94971083e-01
1.96181727e-01
1.97493525e-01
1.98926768e-01
2.00504691e-01
2.02253924e-01
2.04205103e-01
2.06393631e-01
2.08860649e-01
2.11654062e-01
2.14829528e-01
2.18450869e-01
2.22589356e-01
2.27320586e-01
2.32717714e-01
2.38839092e-01
2.45708992e-01
2.53290256e-01
2.61449689e-01
2.69918462e-01
2.78252849e-01
2.85802210e-01
2.91693594e-01
2.94842457e-01
2.93999219e-01
2.87837782e-01
2.75086320e-01
2.54688453e-01
2.25967922e-01
1.88754068e-01
1.43420530e-01
9.08034650e-02
3.20014096e-02
2.16746776e-02
5.87718199e-02
8.96788060e-02
1.14751736e-01
1.34577602e-01
1.49861932e-01
1.61344941e-01
1.69742268e-01
1.75706608e-01
1.79806507e-01
1.82518172e-01
1.84226885e-01
1.85234415e-01
1.85770025e-01
1.86002666e-01
1.86053230e-01
1.86005556e-01
1.85916055e-01
1.85821402e-01
1.85744721e-01
1.85700097e-01
1.85696020e-01
1.85737685e-01
1.85828721e-01
1.85972239e-01
1.86171666e-01
1.86431192e-01
1.86756205e-01
1.87153513e-01
1.87631637e-01
1.88200999e-01
1.88874209e-01
1.89666322e-01
1.90595213e-01
1.91682005e-01
1.92951651e-01
1.94433693e-01
1.96163244e-01
1.98182301e-01
2.00541338e-01
2.03301241e-01
2.06535272e-01
2.10330760e-01
2.14789503e-01
2.20025756e-01
2.26159676e-01
2.33304219e-01
2.41542982e-01
2.50897804e-01
2.61286003e-01
2.72470146e-01
2.84005320e-01
2.95192197e-01
3.05045693e-01
3.12291625e-01
3.15404179e-01
3.12696868e-01
3.02473581e-01
2.83233871e-01
2.53903931e-01
2.14038403e-01
1.63919012e-01
1.04484992e-01
3.70766947e-02
2.40139297e-02
6.49100707e-02
9.86934150e-02
1.25764304e-01
1.46811568e-01
1.62669224e-01
1.74209878e-01
1.82270924e-01
1.87608960e-01
1.90876316e-01
1.92614150e-01
1.93256536e-01
1.93141394e-01
1.92524502e-01
1.91594500e-01
1.90486960e-01
1.89296985e-01
1.88089591e-01
1.86908190e-01
1.85780982e-01
1.84725907e-01
1.83754097e-01
1.82872497e-01
1.82085564e-01
1.81396596e-01
1.80808532e-01
1.80324660e-01
1.79949029e-01
1.79686902e-01
1.79545046e-01
1.79532128e-01
1.79659036e-01
1.79939337e-01
1.80389759e-01
1.81030852e-01
1.81887800e-01
1.82991522e-01
1.84380115e-01
1.86100745e-01
1.88212089e-01
1.90787282e-01
1.93917283e-01
1.97714079e-01
2.02312902e-01
2.07871656e-01
2.14565407e-01
2.22572755e-01
2.32051408e-01
2.43100596e-01
2.55710493e-01
2.69700839e-01
2.84654443e-01
2.99853064e-01
3.14226314e-01
3.26326436e-01
3.34346263e-01
3.36199722e-01
3.29683204e-01
3.12722932e-01
2.83685983e-01
2.41689276e-01
1.86799770e-01
1.20009541e-01
4.29246355e-02
2.66162584e-02
7.16788838e-02
1.08538639e-01
1.37658054e-01
1.59859443e-01
1.76139518e-01
1.87533256e-01
1.95023064e-01
1.99485636e-01
2.01667657e-01
2.02181463e-01
2.01513538e-01
2.00039737e-01
1.98043382e-01
1.95733172e-01
1.93259671e-01
1.90729251e-01
1.88215648e-01
1.85768871e-01
1.83422172e-01
1.81197060e-01
1.79107113e-01
1.77160575e-01
1.75362345e-01
1.73715275e-01
1.72221241e-01
1.70881824e-01
1.69698963e-01
1.68675399e-01
1.67815175e-01
1.67124044e-01
1.66609985e-01
1.66283723e-01
1.66159414e-01
1.66255465e-01
1.66595639e-01
1.67210494e-01
1.68139330e-01
1.69432779e-01
1.71156173e-01
1.73393795e-01
1.76253837e-01
1.79873646e-01
1.84424044e-01
1.90110884e-01
1.97170733e-01
2.05857249e-01
2.16414357e-01
2.29034053e-01
2.43798427e-01
2.60608815e-01
2.79106686e-01
2.98593077e-01
3.17954698e-01
3.35609550e-01
3.49491228e-01
3.57100352e-01
3.55655928e-01
3.42372618e-01
3.14858102e-01
2.71564260e-01
2.12148055e-01
1.37550506e-01
4.96503390e-02
2.95445699e-02
7.92120082e-02
1.19361639e-01
1.50546687e-01
1.73770274e-01
1.90240699e-01
2.01196632e-01
2.07795913e-01
2.11055670e-01
2.11829112e-01
2.10806509e-01
2.08529870e-01
2.05414281e-01
2.01770697e-01
1.97827666e-01
1.93750161e-01
1.89655362e-01
1.85625059e-01
1.81715386e-01
1.77963977e-01
1.74395413e-01
1.71025025e-01
1.67861798e-01
1.64910324e-01
1.62172368e-01
1.59647906e-01
1.57336054e-01
1.55235694e-01
1.53346136e-01
1.51667611e-01
1.50201863e-01
1.48952692e-01
1.47926652e-01
1.47133830e-01
1.46588898e-01
1.46312456e-01
1.46332875e-01
1.46688786e-01
1.47432457e-01
1.48634296e-01
1.50388593e-01
1.52820488e-01
1.56093532e-01
1.60416601e-01
1.66047550e-01
1.73290114e-01
1.82479473e-01
1.93952725e-01
2.08001999e-01
2.24811305e-01
2.44379857e-01
2.66435766e-01
2.90342675e-01
3.15003451e-01
3.38769461e-01
3.59375722e-01
3.73937390e-01
3.79059429e-01
3.71114500e-01
3.46718193e-01
3.03353453e-01
2.39970577e-01
1.57268394e-01
5.73687635e-02
3.28830055e-02
8.76816497e-02
1.31340825e-01
1.64551522e-01
1.88569522e-01
2.04885273e-01
2.14997628e-01
2.20279513e-01
2.21913180e-01
2.20872233e-01
2.17931390e-01
2.13690566e-01
2.08603961e-01
2.03009087e-01
1.97152602e-01
1.91212183e-01
1.85313941e-01
1.79546107e-01
1.73969242e-01
1.68623975e-01
1.63536508e-01
1.58722767e-01
1.54191261e-01
1.49945310e-01
1.45984548e-01
1.42306207e-01
1.38905979e-01
1.35778864e-01
1.32919771e-01
1.30324199e-01
1.27988796e-01
1.25912067e-01
1.24095087e-01
1.22542476e-01
1.21263586e-01
1.20274165e-01
1.19598615e-01
1.19273159e-01
1.19350217e-01
1.19904323e-01
1.21039852e-01
1.22900429e-01
1.25679319e-01
1.29628787e-01
1.35065150e-01
1.42364664e-01
1.51945658e-01
1.64233839e-01
1.79611681e-01
1.98354988e-01
2.20559947e-01
2.46059713e-01
2.74326662e-01
3.04355931e-01
3.34533337e-01
3.62504717e-01
3.85087654e-01
3.98294743e-01
3.97561617e-01
3.78264079e-01
3.36529636e-01
2.70167871e-01
1.79306488e-01
6.62089904e-02
3.67481660e-02
9.73152706e-02
1.44694306e-01
1.79794603e-01
2.04236254e-01
2.19894308e-01
2.28605057e-01
2.32007104e-01
2.31477232e-01
2.28124024e-01
2.22812288e-01
2.16200214e-01
2.08779015e-01
2.00909261e-01
1.92851935e-01
1.84793360e-01
1.76864790e-01
1.69157119e-01
1.61731985e-01
1.54629755e-01
1.47875487e-01
1.41483082e-01
1.35458444e-01
1.29801636e-01
1.24508621e-01
1.19572435e-01
1.14984248e-01
1.10734076e-01
1.06811543e-01
1.03206428e-01
9.99093482e-02
9.69123690e-02
9.42098562e-02
9.17994555e-02
8.96835453e-02
8.78712074e-02
8.63811692e-02
8.52460067e-02
8.45182069e-02
8.42785285e-02
8.46469704e-02
8.57959130e-02
8.79635682e-02
9.14639189e-02
9.66873349e-02
1.04086571e-01
1.14146473e-01
1.27342258e-01
1.44093845e-01
1.64720305e-01
1.89389406e-01
2.18051089e-01
2.50341430e-01
2.85447210e-01
3.21927753e-01
3.57505676e-01
3.88864252e-01
4.11531994e-01
4.19985572e-01
4.08132943e-01
3.70284124e-01
3.02497459e-01
2.03787369e-01
7.63225687e-02
4.13073696e-02
1.08419953e-01
1.59687504e-01
1.96380769e-01
2.20660975e-01
2.34937625e-01
2.41488966e-01
2.42282583e-01
2.38922870e-01
2.32667446e-01
2.24474123e-01
2.15056656e-01
2.04937648e-01
1.94494148e-01
1.83994378e-01
1.73626451e-01
1.63519955e-01
1.53762133e-01
1.44409567e-01
1.35496816e-01
1.27042478e-01
1.19053730e-01
1.11529424e-01
1.04462510e-01
9.78416413e-02
9.16525180e-02
8.58787398e-02
8.05026063e-02
7.55055845e-02
7.08688435e-02
6.65735776e-02
6.26015165e-02
5.89354200e-02
5.55600396e-02
5.24635639e-02
4.96403213e-02
4.70952972e-02
4.48519160e-02
4.29645116e-02
4.15372110e-02
4.07488308e-02
4.08779709e-02
4.23124397e-02
4.55222923e-02
5.09954431e-02
5.91740078e-02
7.04353089e-02
8.51140939e-02
1.03527879e-01
1.25976502e-01
1.52708373e-01
1.83851916e-01
2.19307654e-01
2.58590106e-01
3.00607674e-01
3.43375647e-01
3.83683656e-01
4.16791535e-01
4.36312367e-01
4.34532702e-01
4.03439842e-01
3.36519717e-01
2.30809960e-01
8.78992945e-02
4.68091718e-02
1.21416534e-01
1.76633830e-01
2.14355070e-01
2.37567216e-01
2.49432939e-01
2.52811536e-01
2.50075401e-01
2.43091160e-01
2.33276116e-01
2.21679538e-01
2.09063403e-01
1.95972482e-01
1.82790660e-01
1.69784527e-01
1.57135919e-01
1.44966038e-01
1.33352822e-01
1.22343648e-01
1.11964299e-01
1.02225586e-01
9.31279438e-02
8.46649538e-02
7.68257210e-02
6.95967848e-02
6.29632826e-02
5.69098606e-02
5.14208981e-02
4.64804139e-02
4.20710927e-02
3.81727443e-02
3.47596682e-02
3.17974873e-02
2.92394022e-02
2.70231114e-02
2.50689363e-02
2.32805936e-02
2.15490376e-02
1.97614650e-02
1.78203100e-02
1.56899697e-02
1.35243357e-02
1.19983634e-02
1.26872081e-02
1.70175043e-02
2.49383714e-02
3.61035589e-02
5.05541872e-02
6.85875249e-02
9.06133593e-02
1.17066555e-01
1.48329152e-01
1.84628706e-01
2.25885788e-01
2.71481353e-01
3.19916892e-01
3.68357775e-01
4.12105376e-01
4.44154988e-01
4.55166357e-01
4.34327082e-01
3.71509667e-01
2.60443268e-01
1.01196631e-01
5.36355905e-02
1.36883908e-01
1.95871610e-01
2.33607314e-01
2.54364950e-01
2.62375856e-01
2.61258933e-01
2.53876575e-01
2.42388926e-01
2.28377466e-01
2.12976119e-01
1.96985858e-01
1.80966151e-01
1.65304798e-01
1.50269597e-01
1.36046316e-01
1.22766181e-01
1.10526008e-01
9.94025411e-02
8.94623807e-02
8.07672573e-02
7.33742585e-02
6.73293696e-02
6.26543408e-02
5.93291015e-02
5.72772532e-02
5.63632416e-02
5.64058406e-02
5.72025377e-02
5.85546340e-02
6.02844678e-02
6.22429686e-02
6.43095151e-02
6.63877690e-02
6.83998683e-02
7.02807290e-02
7.19729467e-02
7.34228278e-02
7.45776271e-02
7.53846543e-02
7.57930347e-02
7.57601093e-02
7.52656188e-02
7.43395554e-02
7.31128463e-02
7.19033835e-02
7.13438693e-02
7.25183908e-02
7.69759083e-02
8.64357860e-02
1.02274640e-01
1.25253073e-01
1.55640244e-01
1.93388135e-01
2.38080393e-01
2.88617310e-01
3.42657503e-01
3.95843250e-01
4.40928776e-01
4.67160794e-01
4.60601346e-01
4.06300339e-01
2.92703207e-01
1.16593544e-01
6.23935692e-02
1.55604627e-01
2.17674857e-01
2.53664476e-01
2.69878353e-01
2.72057869e-01
2.64797314e-01
2.51534601e-01
2.34746592e-01
2.16179393e-01
1.97051267e-01
1.78212650e-01
1.60266148e-01
1.43653555e-01
1.28716807e-01
1.15736102e-01
1.04945211e-01
9.65212124e-02
9.05505048e-02
8.69857537e-02
8.56239430e-02
8.61299863e-02
8.81002766e-02
9.11331515e-02
9.48775802e-02
9.90527371e-02
1.03447002e-01
1.07907149e-01
1.12325296e-01
1.16626934e-01
1.20761255e-01
1.24693604e-01
1.28399767e-01
1.31861511e-01
1.35063075e-01
1.37988212e-01
1.40617647e-01
1.42926739e-01
1.44883404e-01
1.46446303e-01
1.47563677e-01
1.48173266e-01
1.48204412e-01
1.47583960e-01
1.46249001e-01
1.44171352e-01
1.41402265e-01
1.38150528e-01
1.34911731e-01
1.32659344e-01
1.33057394e-01
1.38516852e-01
1.51794751e-01
1.75128876e-01
2.09526125e-01
2.54609358e-01
3.08539301e-01
3.67429399e-01
4.24172999e-01
4.67049018e-01
4.78982588e-01
4.38992809e-01
3.27471788e-01
1.34686813e-01
7.40764969e-02
1.78570513e-01
2.41992957e-01
2.73250730e-01
2.81851071e-01
2.75627936e-01
2.60386347e-01
2.40215902e-01
2.17936254e-01
1.95492022e-01
1.74255633e-01
1.55240562e-01
1.39230639e-01
1.26822870e-01
1.18382471e-01
1.13946569e-01
1.13170434e-01
1.15402447e-01
1.19862433e-01
1.25813922e-01
1.32657250e-01
1.39947856e-01
1.47375438e-01
1.54732452e-01
1.61885161e-01
1.68751120e-01
1.75282797e-01
1.81456075e-01
1.87262195e-01
1.92702136e-01
1.97782590e-01
2.02513021e-01
2.06903392e-01
2.10962315e-01
2.14695379e-01
2.18103574e-01
2.21181608e-01
2.23916145e-01
2.26283811e-01
2.28249077e-01
2.29762004e-01
2.30756124e-01
2.31146736e-01
2.30830347e-01
2.29686296e-01
2.27582548e-01
2.24388895e-01
2.20003514e-01
2.14403216e-01
2.07735829e-01
2.00484686e-01
1.93743519e-01
1.89605780e-01
1.91487920e-01
2.03814934e-01
2.30504474e-01
2.72978804e-01
3.29081287e-01
3.92434610e-01
4.50973148e-01
4.84928495e-01
4.66421319e-01
3.64249617e-01
1.56453634e-01
9.03406539e-02
2.06800818e-01
2.67767478e-01
2.89384935e-01
2.86108431e-01
2.68557875e-01
2.43980192e-01
2.17221618e-01
1.91583394e-01
1.69422335e-01
1.52462186e-01
1.41792031e-01
1.37646879e-01
1.39305347e-01
1.45392720e-01
1.54407898e-01
1.65094239e-01
1.76546799e-01
1.88168448e-01
1.99586735e-01
2.10580585e-01
2.21027263e-01
2.30866844e-01
2.40079055e-01
2.48668307e-01
2.56653983e-01
2.64064095e-01
2.70931095e-01
2.77289064e-01
2.83171785e-01
2.88611369e-01
2.93637200e-01
2.98275054e-01
3.02546251e-01
3.06466764e-01
3.10046185e-01
3.13286485e-01
3.16180498e-01
3.18710090e-01
3.20843938e-01
3.22534971e-01
3.23717434e-01
3.24303753e-01
3.24181349e-01
3.23209883e-01
3.21219553e-01
3.18011779e-01
3.13364434e-01
3.07045845e-01
2.98845446e-01
2.88636810e-01
2.76503973e-01
2.62990322e-01
2.49567083e-01
2.39399589e-01
2.38120975e-01
2.53201068e-01
2.90179072e-01
3.47808795e-01
4.15671870e-01
4.72415174e-01
4.83222101e-01
4.01470989e-01
1.83482838e-01
1.13905429e-01
2.40494670e-01
2.91251141e-01
2.95668797e-01
2.75485818e-01
2.44844726e-01
2.12791110e-01
1.85360834e-01
1.66658502e-01
1.58766573e-01
1.61183351e-01
1.71331007e-01
1.86142759e-01
2.03197359e-01
2.20930926e-01
2.38433384e-01
2.55210877e-01
2.71017290e-01
2.85750341e-01
2.99390200e-01
3.11963502e-01
3.23522136e-01
3.34130651e-01
3.43858715e-01
3.52776623e-01
3.60952622e-01
3.68451357e-01
3.75332993e-01
3.81652731e-01
3.87460552e-01
3.92801060e-01
3.97713336e-01
4.02230738e-01
4.06380596e-01
4.10183734e-01
4.13653784e-01
4.16796223e-01
4.19607100e-01
4.22071368e-01
4.24160800e-01
4.25831417e-01
4.27020419e-01
4.27642572e-01
4.27586138e-01
4.26708357e-01
4.24830736e-01
4.21734416e-01
4.17156313e-01
4.10787197e-01
4.02274303e-01
3.91233719e-01
3.77284455e-01
3.60130870e-01
3.39754721e-01
3.16853335e-01
2.93792751e-01
2.76362794e-01
2.75402016e-01
3.03337328e-01
3.62290080e-01
4.34677612e-01
4.80464298e-01
4.34774534e-01
2.18109046e-01
1.48701416e-01
2.76060877e-01
3.02239790e-01
2.79956365e-01
2.40948883e-01
2.04128765e-01
1.81248765e-01
1.77450155e-01
1.90066856e-01
2.12352451e-01
2.38610984e-01
2.65532169e-01
2.91485376e-01
3.15754169e-01
3.38083672e-01
3.58446228e-01
3.76922970e-01
3.93643663e-01
4.08755854e-01
4.22409088e-01
4.34746982e-01
4.45903507e-01
4.56001492e-01
4.65152345e-01
4.73456373e-01
4.81003423e-01
4.87873612e-01
4.94138097e-01
4.99859769e-01
5.05093873e-01
5.09888497e-01
5.14284934e-01
5.18317869e-01
5.22015387e-01
5.25398766e-01
5.28482023e-01
5.31271179e-01
5.33763196e-01
5.35944545e-01
5.37789337e-01
5.39256988e-01
5.40289333e-01
5.40807171e-01
5.40706144e-01
5.39851959e-01
5.38074840e-01
5.35163226e-01
5.30856586e-01
5.24837392e-01
5.16722262e-01
5.06052893e-01
4.92288671e-01
4.74807125e-01
4.52929721e-01
4.26022561e-01
3.93809031e-01
3.57263536e-01
3.20957539e-01
2.97779009e-01
3.10396849e-01
3.69952838e-01
4.44850564e-01
4.53118343e-01
2.62516416e-01
1.97099747e-01
2.97195996e-01
2.78492322e-01
2.30145859e-01
1.98185281e-01
2.01461134e-01
2.31548394e-01
2.72078455e-01
3.13615509e-01
3.52467887e-01
3.87523928e-01
4.18681189e-01
4.46205138e-01
4.70473340e-01
4.91874283e-01
5.10769331e-01
5.27480827e-01
5.42290864e-01
5.55444207e-01
5.67152494e-01
5.77598576e-01
5.86940511e-01
5.95315078e-01
6.02840791e-01
6.09620461e-01
6.15743350e-01
6.21286975e-01
6.26318611e-01
6.30896526e-01
6.35070976e-01
6.38884983e-01
6.42374907e-01
6.45570809e-01
6.48496613e-01
6.51170037e-01
6.53602306e-01
6.55797587e-01
6.57752144e-01
6.59453160e-01
6.60877199e-01
6.61988235e-01
6.62735242e-01
6.63049230e-01
6.62839719e-01
6.61990517e-01
6.60354731e-01
6.57748793e-01
6.53945261e-01
6.48663880e-01
6.41560181e-01
6.32210345e-01
6.20090514e-01
6.04548016e-01
5.84762206e-01
5.59696575e-01
5.28062311e-01
4.88383183e-01
4.39498749e-01
3.82680705e-01
3.28801134e-01
3.12137526e-01
3.67003432e-01
4.32216783e-01
3.12995996e-01
2.40113493e-01
2.60174553e-01
2.22193709e-01
2.45035191e-01
3.09774335e-01
3.78742838e-01
4.39619065e-01
4.90753564e-01
5.33238607e-01
5.68605391e-01
5.98231231e-01
6.23231421e-01
6.44481228e-01
6.62663930e-01
6.78315777e-01
6.91861699e-01
7.03642089e-01
7.13932580e-01
7.22958587e-01
7.30906114e-01
7.37929840e-01
7.44159271e-01
7.49703457e-01
7.54654672e-01
7.59091302e-01
7.63080138e-01
7.66678198e-01
7.69934193e-01
7.72889684e-01
7.75579997e-01
7.78034920e-01
7.80279215e-01
7.82332939e-01
7.84211606e-01
7.85926163e-01
7.87482787e-01
7.88882485e-01
7.90120477e-01
7.91185347e-01
7.92057927e-01
7.92709887e-01
7.93101997e-01
7.93182028e-01
7.92882225e-01
7.92116322e-01
7.90775953e-01
7.88726361e-01
7.85801088e-01
7.81795233e-01
7.76456446e-01
7.69472317e-01
7.60451696e-01
7.48895827e-01
7.34151978e-01
7.15337173e-01
6.91211442e-01
6.59970713e-01
6.18936267e-01
5.64239042e-01
4.91318126e-01
4.00572107e-01
3.24199880e-01
3.44055230e-01
3.36579823e-01
1.74359104e-01
3.57795592e-01
5.17537979e-01
6.27591755e-01
7.00726784e-01
7.50420077e-01
7.85495938e-01
8.11245447e-01
8.30818989e-01
8.46133603e-01
8.58396114e-01
8.68396069e-01
8.76670353e-01
8.83597429e-01
8.89452766e-01
8.94442469e-01
8.98724367e-01
9.02421682e-01
9.05632177e-01
9.08434452e-01
9.10892408e-01
9.13058472e-01
9.14975994e-01
9.16681040e-01
9.18203774e-01
9.19569520e-01
9.20799589e-01
9.21911926e-01
9.22921617e-01
9.23841272e-01
9.24681309e-01
9.25450161e-01
9.26154387e-01
9.26798721e-01
9.27386030e-01
9.27917208e-01
9.28390974e-01
9.28803585e-01
9.29148449e-01
9.29415633e-01
9.29591247e-01
9.29656708e-01
9.29587851e-01
9.29353889e-01
9.28916190e-01
9.28226834e-01
9.27226884e-01
9.25844269e-01
9.23991048e-01
9.21559713e-01
9.18417842e-01
9.14399940e-01
9.09294265e-01
9.02820658e-01
8.94591592e-01
8.84041003e-01
8.70288199e-01
8.51864138e-01
8.26129773e-01
7.87986535e-01
7.27077542e-01
6.23147943e-01
4.48788645e-01
2.27772853e-01
SCALARS pressure double 1
LOOKUP_TABLE default
-3.38755028e-01
-3.39285832e-01
-3.39617901e-01
-3.39931387e-01
-3.40225966e-01
-3.40490795e-01
-3.40715074e-01
-3.40890584e-01
-3.41012106e-01
-3.41076604e-01
-3.41082964e-01
-3.41031108e-01
-3.40921988e-01
-3.40756834e-01
-3.40537414e-01
-3.40265367e-01
-3.39942658e-01
-3.39570950e-01
-3.39152192e-01
-3.38687988e-01
-3.38180272e-01
-3.37630654e-01
-3.37041151e-01
-3.36413489e-01
-3.35749883e-01
-3.35052291e-01
-3.34323224e-01
-3.33564964e-01
-3.32780388e-01
-3.31972163e-01
-3.31143580e-01
-3.30297723e-01
-3.29438311e-01
-3.28568857e-01
-3.27693503e-01
-3.26816173e-01
-3.25941402e-01
-3.25073494e-01
-3.24217325e-01
-3.23377514e-01
-3.22559204e-01
-3.21767244e-01
-3.21006937e-01
-3.20283240e-01
-3.19601466e-01
-3.18966509e-01
-3.18383481e-01
-3.17856960e-01
-3.17391554e-01
-3.16991161e-01
-3.16659438e-01
-3.16399069e-01
-3.16212113e-01
-3.16099263e-01
-3.16060025e-01
-3.16091914e-01
-3.16190375e-01
-3.16347737e-01
-3.16552501e-01
-3.16787333e-01
-3.17026372e-01
-3.17230079e-01
-3.17337947e-01
-3.17171502e-01
-3.39149933e-01
-3.39475399e-01
-3.39717347e-01
-3.39971717e-01
-3.40217337e-01
-3.40439924e-01
-3.40628479e-01
-3.40775082e-01
-3.40874103e-01
-3.40922216e-01
-3.40917406e-01
-3.40859145e-01
-3.40747401e-01
-3.40583079e-01
-3.40367057e-01
-3.40100859e-01
-3.39785695e-01
-3.39423318e-01
-3.39015035e-01
-3.38562700e-01
-3.38067677e-01
-3.37531936e-01
-3.36956957e-01
-3.36344899e-01
-3.35697442e-01
-3.35017017e-01
-3.34305591e-01
-3.33565937e-01
-3.32800372e-01
-3.32012060e-01
-3.31203711e-01
-3.30378905e-01
-3.29540765e-01
-3.28693286e-01
-3.27839999e-01
-3.26985295e-01
-3.26133086e-01
-3.25288111e-01
-3.24454613e-01
-3.23637608e-01
-3.22841588e-01
-3.22071746e-01
-3.21332710e-01
-3.20629706e-01
-3.19967334e-01
-3.19350658e-01
-3.18784023e-01
-3.18272055e-01
-3.17818524e-01
-3.17427232e-01
-3.17100927e-01
-3.16842051e-01
-3.16651703e-01
-3.16530226e-01
-3.16476189e-01
-3.16486767e-01
-3.16556699e-01
-3.16678344e-01
-3.16840457e-01
-3.17027744e-01
-3.17219449e-01
-3.17389364e-01
-3.17508869e-01
-3.17475960e-01
-3.39172069e-01
-3.39461296e-01
-3.39661275e-01
-3.39878213e-01
-3.40090062e-01
-3.40282061e-01
-3.40443902e-01
-3.40567892e-01
-3.40648923e-01
-3.40683280e-01
-3.40669069e-01
-3.40604978e-01
-3.40490996e-01
-3.40327109e-01
-3.40114298e-01
-3.39853171e-01
-3.39545193e-01
-3.39191239e-01
-3.38793028e-01
-3.38351574e-01
-3.37868784e-01
-3.37345808e-01
-3.36784763e-01
-3.36186989e-01
-3.35554873e-01
-3.34890012e-01
-3.34195124e-01
-3.33472130e-01
-3.32724122e-01
-3.31953394e-01
-3.31163445e-01
-3.30356965e-01
-3.29537868e-01
-3.28709250e-01
-3.27875422e-01
-3.27039871e-01
-3.26207268e-01
-3.25381446e-01
-3.24567376e-01
-3.23769169e-01
-3.22991997e-01
-3.22240148e-01
-3.21518866e-01
-3.20832466e-01
-3.20186082e-01
-3.19583853e-01
-3.19030553e-01
-3.18529864e-01
-3.18085864e-01
-3.17701393e-01
-3.17379383e-01
-3.17121324e-01
-3.16928406e-01
-3.16800099e-01
-3.16735083e-01
-3.16729932e-01
-3.16779816e-01
-3.16877289e-01
-3.17012776e-01
-3.17173628e-01
-3.17344904e-01
-3.17510096e-01
-3.17655395e-01
-3.17688904e-01
-3.39081367e-01
-3.39393076e-01
-3.39588271e-01
-3.39790247e-01
-3.39983218e-01
-3.40155622e-01
-3.40298570e-01
-3.40405847e-01
-3.40472585e-01
-3.40495865e-01
-3.40473337e-01
-3.40404169e-01
-3.40287516e-01
-3.40123783e-01
-3.39912947e-01
-3.39656109e-01
-3.39353663e-01
-3.39007109e-01
-3.38617070e-01
-3.38185317e-01
-3.37712648e-01
-3.37201087e-01
-3.36651625e-01
-3.36066568e-01
-3.35447151e-01
-3.34796010e-01
-3.34114683e-01
-3.33406178e-01
-3.32672384e-01
-3.31916711e-01
-3.31141436e-01
-3.30350383e-01
-3.29546232e-01
-3.28733213e-01
-3.27914404e-01
-3.27094412e-01
-3.26276680e-01
-3.25466140e-01
-3.24666546e-01
-3.23883066e-01
-3.23119677e-01
-3.22381665e-01
-3.21673099e-01
-3.20999219e-01
-3.20364003e-01
-3.19772421e-01
-3.19228114e-01
-3.18735484e-01
-3.18297501e-01
-3.17917612e-01
-3.17597689e-01
-3.17339730e-01
-3.17143978e-01
-3.17010389e-01
-3.16936940e-01
-3.16920876e-01
-3.16957241e-01
-3.17039936e-01
-3.17160615e-01
-3.17309795e-01
-3.17476614e-01
-3.17650891e-01
-3.17824998e-01
-3.17908298e-01
-3.38946202e-01
-3.39298297e-01
-3.39508856e-01
-3.39711861e-01
-3.39898400e-01
-3.40060436e-01
-3.40191862e-01
-3.40287524e-01
-3.40344077e-01
-3.40358584e-01
-3.40329679e-01
-3.40255895e-01
-3.40137166e-01
-3.39972913e-01
-3.39763875e-01
-3.39509974e-01
-3.39212453e-01
-3.38871526e-01
-3.38488785e-01
-3.38064652e-01
-3.37601019e-01
-3.37098510e-01
-3.36559324e-01
-3.35984323e-01
-3.35376044e-01
-3.34735638e-01
-3.34066016e-01
-3.33368666e-01
-3.32646904e-01
-3.31902596e-01
-3.31139474e-01
-3.30359805e-01
-3.29567741e-01
-3.28765951e-01
-3.27958986e-01
-3.27149899e-01
-3.26343593e-01
-3.25543465e-01
-3.24754693e-01
-3.23980948e-01
-3.23227576e-01
-3.22498407e-01
-3.21798811e-01
-3.21132617e-01
-3.20505018e-01
-3.19919625e-01
-3.19381189e-01
-3.18892815e-01
-3.18458471e-01
-3.18080387e-01
-3.17761326e-01
-3.17502195e-01
-3.17304065e-01
-3.17166020e-01
-3.17086927e-01
-3.17063578e-01
-3.17092239e-01
-3.17167179e-01
-3.17282130e-01
-3.17429431e-01
-3.17601717e-01
-3.17792119e-01
-3.17996450e-01
-3.18124346e-01
-3.38806887e-01
-3.39202658e-01
-3.39437457e-01
-3.39651340e-01
-3.39839973e-01
-3.39999174e-01
-3.40124733e-01
-3.40213719e-01
-3.40263249e-01
-3.40271872e-01
-3.40237854e-01
-3.40160883e-01
-3.40040008e-01
-3.39875701e-01
-3.39667495e-01
-3.39416395e-01
-3.39122235e-01
-3.38786412e-01
-3.38408977e-01
-3.37991661e-01
-3.37534720e-01
-3.37040215e-01
-3.36508635e-01
-3.35942390e-01
-3.35342249e-01
-3.34711004e-01
-3.34049747e-01
-3.33361683e-01
-3.32648270e-01
-3.31913143e-01
-3.31158156e-01
-3.30387375e-01
-3.29603067e-01
-3.28809714e-01
-3.28009988e-01
-3.27208751e-01
-3.26409050e-01
-3.25616069e-01
-3.24833169e-01
-3.24065760e-01
-3.23317428e-01
-3.22593679e-01
-3.21898186e-01
-3.21236373e-01
-3.20611812e-01
-3.20029608e-01
-3.19492979e-01
-3.19006412e-01
-3.18572448e-01
-3.18194581e-01
-3.17874290e-01
-3.17613649e-01
-3.17412645e-01
-3.17271503e-01
-3.17188332e-01
-3.17161181e-01
-3.17186101e-01
-3.17258999e-01
-3.17374244e-01
-3.17526464e-01
-3.17709901e-01
-3.17920274e-01
-3.18154870e-01
-3.18323853e-01
-3.38688742e-01
-3.39126012e-01
-3.39388136e-01
-3.39617807e-01
-3.39814292e-01
-3.39975599e-01
-3.40100152e-01
-3.40185877e-01
-3.40231782e-01
-3.40236324e-01
-3.40199270e-01
-3.40119570e-01
-3.39997612e-01
-3.39832693e-01
-3.39625668e-01
-3.39376069e-01
-3.39085126e-01
-3.38752558e-01
-3.38379932e-01
-3.37967150e-01
-3.37516119e-01
-3.37026959e-01
-3.36501939e-01
-3.35941440e-01
-3.35348124e-01
-3.34722685e-01
-3.34068204e-01
-3.33385732e-01
-3.32678792e-01
-3.31948827e-01
-3.31199807e-01
-3.30433594e-01
-3.29654595e-01
-3.28865091e-01
-3.28069903e-01
-3.27271717e-01
-3.26475712e-01
-3.25684936e-01
-3.24904851e-01
-3.24138789e-01
-3.23392381e-01
-3.22669131e-01
-3.21974681e-01
-3.21312544e-01
-3.20688165e-01
-3.20104848e-01
-3.19567568e-01
-3.19079137e-01
-3.18643732e-01
-3.18263325e-01
-3.17940909e-01
-3.17677235e-01
-3.17473715e-01
-3.17329525e-01
-3.17244180e-01
-3.17215080e-01
-3.17239794e-01
-3.17314139e-01
-3.17434250e-01
-3.17595306e-01
-3.17793459e-01
-3.18025246e-01
-3.18289271e-01
-3.18495342e-01
-3.38608376e-01
-3.39083368e-01
-3.39372621e-01
-3.39620441e-01
-3.39827695e-01
-3.39994857e-01
-3.40121321e-01
-3.40207098e-01
-3.40251318e-01
-3.40254192e-01
-3.40214909e-01
-3.40134004e-01
-3.40010759e-01
-3.39846019e-01
-3.39639152e-01
-3.39391291e-01
-3.39101899e-01
-3.38772407e-01
-3.38402405e-01
-3.37993649e-01
-3.37545910e-01
-3.37061303e-01
-3.36539836e-01
-3.35984022e-01
-3.35394165e-01
-3.34773203e-01
-3.34121786e-01
-3.33443307e-01
-3.32738803e-01
-3.32012130e-01
-3.31264744e-01
-3.30500963e-01
-3.29722677e-01
-3.28934645e-01
-3.28139187e-01
-3.27341464e-01
-3.26544197e-01
-3.25752884e-01
-3.24970586e-01
-3.24203043e-01
-3.23453564e-01
-3.22727991e-01
-3.22029748e-01
-3.21364592e-01
-3.20735871e-01
-3.20149020e-01
-3.19607063e-01
-3.19114811e-01
-3.18674657e-01
-3.18290437e-01
-3.17963560e-01
-3.17696511e-01
-3.17489369e-01
-3.17342942e-01
-3.17255736e-01
-3.17226739e-01
-3.17252921e-01
-3.17331701e-01
-3.17459070e-01
-3.17631774e-01
-3.17846117e-01
-3.18099828e-01
-3.18391464e-01
-3.18630580e-01
-3.38577276e-01
-3.39085703e-01
-3.39400817e-01
-3.39667026e-01
-3.39886916e-01
-3.40061677e-01
-3.40192687e-01
-3.40280146e-01
-3.40325050e-01
-3.40327155e-01
-3.40287409e-01
-3.40205329e-01
-3.40081930e-01
-3.39916590e-01
-3.39710462e-01
-3.39462864e-01
-3.39175155e-01
-3.38846682e-01
-3.38479074e-01
-3.38071795e-01
-3.37626810e-01
-3.37143776e-01
-3.36625047e-01
-3.36070550e-01
-3.35483070e-01
-3.34862859e-01
-3.34213165e-01
-3.33534622e-01
-3.32830954e-01
-3.32103214e-01
-3.31355612e-01
-3.30589640e-01
-3.29809983e-01
-3.29018582e-01
-3.28220563e-01
-3.27418305e-01
-3.26617320e-01
-3.25820383e-01
-3.25033311e-01
-3.24259201e-01
-3.23504058e-01
-3.22771187e-01
-3.22066618e-01
-3.21393705e-01
-3.20758292e-01
-3.20163563e-01
-3.19614906e-01
-3.19115061e-01
-3.18668636e-01
-3.18277605e-01
-3.17945436e-01
-3.17672996e-01
-3.17462271e-01
-3.17312738e-01
-3.17224677e-01
-3.17196078e-01
-3.17225563e-01
-3.17309905e-01
-3.17446582e-01
-3.17631964e-01
-3.17863483e-01
-3.18138488e-01
-3.18455946e-01
-3.18724146e-01
-3.38603369e-01
-3.39141476e-01
-3.39480358e-01
-3.39764787e-01
-3.39997565e-01
-3.40181472e-01
-3.40317975e-01
-3.40409083e-01
-3.40455390e-01
-3.40458490e-01
-3.40418386e-01
-3.40336457e-01
-3.40212292e-01
-3.40047202e-01
-3.39840511e-01
-3.39593591e-01
-3.39305647e-01
-3.38978232e-01
-3.38610563e-01
-3.38204476e-01
-3.37759316e-01
-3.37277282e-01
-3.36757943e-01
-3.36203922e-01
-3.35615088e-01
-3.34994531e-01
-3.34342485e-01
-3.33662529e-01
-3.32955311e-01
-3.32224916e-01
-3.31472437e-01
-3.30702461e-01
-3.29916546e-01
-3.29119758e-01
-3.28314120e-01
-3.27505136e-01
-3.26695271e-01
-3.25890395e-01
-3.25093358e-01
-3.24310302e-01
-3.23544372e-01
-3.22801834e-01
-3.22085996e-01
-3.21403065e-01
-3.20756324e-01
-3.20151677e-01
-3.19592139e-01
-3.19083019e-01
-3.18626765e-01
-3.18227748e-01
-3.17887524e-01
-3.17609174e-01
-3.17393049e-01
-3.17240651e-01
-3.17150926e-01
-3.17123689e-01
-3.17156531e-01
-3.17247802e-01
-3.17394194e-01
-3.17593274e-01
-3.17841770e-01
-3.18137607e-01
-3.18478878e-01
-3.18773072e-01
-3.38692513e-01
-3.39256891e-01
-3.39617809e-01
-3.39919372e-01
-3.40165401e-01
-3.40358551e-01
-3.40501874e-01
-3.40596960e-01
-3.40646208e-01
-3.40650319e-01
-3.40611214e-01
-3.40528894e-01
-3.40404981e-01
-3.40238969e-01
-3.40032358e-01
-3.39784331e-01
-3.39496437e-01
-3.39167733e-01
-3.38799962e-01
-3.38392214e-01
-3.37946546e-01
-3.37462205e-01
-3.36941650e-01
-3.36384389e-01
-3.35793342e-01
-3.35168356e-01
-3.34512850e-01
-3.33827072e-01
-3.33114963e-01
-3.32377216e-01
-3.31618298e-01
-3.30839379e-01
-3.30045439e-01
-3.29238138e-01
-3.28422938e-01
-3.27601977e-01
-3.26781146e-01
-3.25963025e-01
-3.25153848e-01
-3.24356569e-01
-3.23577644e-01
-3.22820289e-01
-3.22091021e-01
-3.21393160e-01
-3.20733065e-01
-3.20113951e-01
-3.19541753e-01
-3.19019308e-01
-3.18551809e-01
-3.18141405e-01
-3.17792197e-01
-3.17505323e-01
-3.17283457e-01
-3.17126456e-01
-3.17035342e-01
-3.17008576e-01
-3.17045528e-01
-3.17143434e-01
-3.17300363e-01
-3.17512896e-01
-3.17778559e-01
-3.18094247e-01
-3.18458075e-01
-3.18775807e-01
-3.38848894e-01
-3.39437076e-01
-3.39818120e-01
-3.40136226e-01
-3.40394841e-01
-3.40597861e-01
-3.40747857e-01
-3.40848084e-01
-3.40900080e-01
-3.40906445e-01
-3.40867772e-01
-3.40786139e-01
-3.40661382e-01
-3.40495251e-01
-3.40287050e-01
-3.40038409e-01
-3.39748332e-01
-3.39418526e-01
-3.39047894e-01
-3.38638382e-01
-3.38188964e-01
-3.37701943e-01
-3.37176495e-01
-3.36615366e-01
-3.36018035e-01
-3.35387748e-01
-3.34724362e-01
-3.34031658e-01
-3.33309930e-01
-3.32563506e-01
-3.31793163e-01
-3.31003772e-01
-3.30196614e-01
-3.29377086e-01
-3.28546980e-01
-3.27712175e-01
-3.26874952e-01
-3.26041603e-01
-3.25214852e-01
-3.24401301e-01
-3.23604027e-01
-3.22829801e-01
-3.22081924e-01
-3.21367145e-01
-3.20688804e-01
-3.20053388e-01
-3.19464038e-01
-3.18926681e-01
-3.18443973e-01
-3.18020945e-01
-3.17659440e-01
-3.17363247e-01
-3.17133083e-01
-3.16971187e-01
-3.16876925e-01
-3.16850816e-01
-3.16890833e-01
-3.16995856e-01
-3.17162723e-01
-3.17389102e-01
-3.17671325e-01
-3.18006653e-01
-3.18391921e-01
-3.18731962e-01
-3.39075960e-01
-3.39685878e-01
-3.40085936e-01
-3.40419450e-01
-3.40690701e-01
-3.40903025e-01
-3.41060442e-01
-3.41165365e-01
-3.41221144e-01
-3.41229105e-01
-3.41191907e-01
-3.41109890e-01
-3.40985179e-01
-3.40817346e-01
-3.40608209e-01
-3.40356833e-01
-3.40064961e-01
-3.39731401e-01
-3.39358026e-01
-3.38943598e-01
-3.38490285e-01
-3.37996969e-01
-3.37466229e-01
-3.36897197e-01
-3.36292940e-01
-3.35652941e-01
-3.34980803e-01
-3.34276431e-01
-3.33543992e-01
-3.32783868e-01
-3.32000798e-01
-3.31195679e-01
-3.30373812e-01
-3.29536627e-01
-3.28689956e-01
-3.27835761e-01
-3.26980350e-01
-3.26126184e-01
-3.25279964e-01
-3.24444586e-01
-3.23627019e-01
-3.22830489e-01
-3.22062069e-01
-3.21325156e-01
-3.20626711e-01
-3.19970095e-01
-3.19361886e-01
-3.18805146e-01
-3.18305754e-01
-3.17866164e-01
-3.17491203e-01
-3.17182390e-01
-3.16943156e-01
-3.16773784e-01
-3.16676026e-01
-3.16648735e-01
-3.16691858e-01
-3.16802826e-01
-3.16979911e-01
-3.17219434e-01
-3.17518473e-01
-3.17872931e-01
-3.18279595e-01
-3.18641422e-01
-3.39376354e-01
-3.40006903e-01
-3.40424773e-01
-3.40773421e-01
-3.41056504e-01
-3.41278536e-01
-3.41442719e-01
-3.41553136e-01
-3.41611928e-01
-3.41622428e-01
-3.41585623e-01
-3.41504134e-01
-3.41377950e-01
-3.41209186e-01
-3.40997098e-01
-3.40743549e-01
-3.40447349e-01
-3.40110360e-01
-3.39731199e-01
-3.39311931e-01
-3.38851196e-01
-3.38351415e-01
-3.37811409e-01
-3.37234063e-01
-3.36618505e-01
-3.35968152e-01
-3.35282527e-01
-3.34565622e-01
-3.33817428e-01
-3.33042526e-01
-3.32241427e-01
-3.31419306e-01
-3.30577221e-01
-3.29720923e-01
-3.28852032e-01
-3.27976834e-01
-3.27097498e-01
-3.26220776e-01
-3.25349341e-01
-3.24490308e-01
-3.23646773e-01
-3.22826069e-01
-3.22031586e-01
-3.21270681e-01
-3.20546857e-01
-3.19867254e-01
-3.19235249e-01
-3.18657473e-01
-3.18136891e-01
-3.17679282e-01
-3.17286884e-01
-3.16964263e-01
-3.16712594e-01
-3.16534891e-01
-3.16430972e-01
-3.16402029e-01
-3.16446347e-01
-3.16563187e-01
-3.16749334e-01
-3.17002281e-01
-3.17317674e-01
-3.17691807e-01
-3.18120017e-01
-3.18504391e-01
-3.39752673e-01
-3.40403011e-01
-3.40838404e-01
-3.41201404e-01
-3.41496529e-01
-3.41727521e-01
-3.41899065e-01
-3.42014124e-01
-3.42076748e-01
-3.42088689e-01
-3.42053169e-01
-3.41970744e-01
-3.41843933e-01
-3.41672324e-01
-3.41457993e-01
-3.41199865e-01
-3.40899852e-01
-3.40556518e-01
-3.40171864e-01
-3.39744345e-01
-3.39276244e-01
-3.38766116e-01
-3.38216665e-01
-3.37626692e-01
-3.36999420e-01
-3.36334011e-01
-3.35634262e-01
-3.34899784e-01
-3.34134981e-01
-3.33339973e-01
-3.32519785e-01
-3.31675095e-01
-3.30811539e-01
-3.29930380e-01
-3.29037840e-01
-3.28135771e-01
-3.27230927e-01
-3.26325726e-01
-3.25427370e-01
-3.24538780e-01
-3.23667484e-01
-3.22816802e-01
-3.21994418e-01
-3.21203897e-01
-3.20452859e-01
-3.19744905e-01
-3.19087319e-01
-3.18483480e-01
-3.17940018e-01
-3.17459785e-01
-3.17048405e-01
-3.16707873e-01
-3.16442439e-01
-3.16252904e-01
-3.16141799e-01
-3.16108433e-01
-3.16153342e-01
-3.16274158e-01
-3.16469312e-01
-3.16734801e-01
-3.17067158e-01
-3.17461199e-01
-3.17912296e-01
-3.18320616e-01
-3.40207166e-01
-3.40877339e-01
-3.41329787e-01
-3.41707355e-01
-3.42013854e-01
-3.42254285e-01
-3.42432333e-01
-3.42552740e-01
-3.42618103e-01
-3.42632332e-01
-3.42596690e-01
-3.42514216e-01
-3.42384974e-01
-3.42211350e-01
-3.41992511e-01
-3.41730496e-01
-3.41423908e-01
-3.41074732e-01
-3.40681315e-01
-3.40245827e-01
-3.39766602e-01
-3.39246178e-01
-3.38683062e-01
-3.38080282e-01
-3.37436659e-01
-3.36755787e-01
-3.36036907e-01
-3.35284227e-01
-3.34497485e-01
-3.33681529e-01
-3.32836651e-01
-3.31968344e-01
-3.31077499e-01
-3.30170237e-01
-3.29248069e-01
-3.28317709e-01
-3.27381281e-01
-3.26446024e-01
-3.25514639e-01
-3.24594788e-01
-3.23689666e-01
-3.22807209e-01
-3.21950978e-01
-3.21128988e-01
-3.20344980e-01
-3.19606799e-01
-3.18918134e-01
-3.18286363e-01
-3.17714844e-01
-3.17210153e-01
-3.16775002e-01
-3.16414804e-01
-3.16131290e-01
-3.15928340e-01
-3.15806351e-01
-3.15767307e-01
-3.15809953e-01
-3.15934067e-01
-3.16136522e-01
-3.16414762e-01
-3.16763849e-01
-3.17179180e-01
-3.17654639e-01
-3.18089618e-01
-3.40742445e-01
-3.41432596e-01
-3.41902544e-01
-3.42294292e-01
-3.42612649e-01
-3.42861763e-01
-3.43046945e-01
-3.43171656e-01
-3.43240555e-01
-3.43255739e-01
-3.43220887e-01
-3.43136684e-01
-3.43005944e-01
-3.42828203e-01
-3.42605715e-01
-3.42337230e-01
-3.42024775e-01
-3.41666665e-01
-3.41264995e-01
-3.40817936e-01
-3.40327873e-01
-3.39793062e-01
-3.39216338e-01
-3.38596209e-01
-3.37936060e-01
-3.37234781e-01
-3.36496368e-01
-3.35720187e-01
-3.34910885e-01
-3.34068374e-01
-3.33197970e-01
-3.32300186e-01
-3.31381005e-01
-3.30441579e-01
-3.29488536e-01
-3.28523678e-01
-3.27554231e-01
-3.26582633e-01
-3.25616621e-01
-3.24659210e-01
-3.23718525e-01
-3.22798054e-01
-3.21906130e-01
-3.21046558e-01
-3.20227651e-01
-3.19453319e-01
-3.18731580e-01
-3.18066190e-01
-3.17464558e-01
-3.16929997e-01
-3.16468971e-01
-3.16084031e-01
-3.15780336e-01
-3.15559342e-01
-3.15424518e-01
-3.15375854e-01
-3.15414729e-01
-3.15539286e-01
-3.15748437e-01
-3.16038198e-01
-3.16404857e-01
-3.16842397e-01
-3.17344922e-01
-3.17809889e-01
-3.41361044e-01
-3.42072122e-01
-3.42559690e-01
-3.42966259e-01
-3.43295947e-01
-3.43554353e-01
-3.43745726e-01
-3.43875487e-01
-3.43946683e-01
-3.43963744e-01
-3.43928142e-01
-3.43843239e-01
-3.43709088e-01
-3.43528256e-01
-3.43299752e-01
-3.43025717e-01
-3.42704519e-01
-3.42338219e-01
-3.41924889e-01
-3.41466785e-01
-3.40961960e-01
-3.40413059e-01
-3.39818316e-01
-3.39180902e-01
-3.38499378e-01
-3.37777523e-01
-3.37014339e-01
-3.36214261e-01
-3.35376821e-01
-3.34507135e-01
-3.33605335e-01
-3.32677231e-01
-3.31723603e-01
-3.30750950e-01
-3.29760730e-01
-3.28760100e-01
-3.27751203e-01
-3.26741787e-01
-3.25734648e-01
-3.24738022e-01
-3.23755275e-01
-3.22794978e-01
-3.21860930e-01
-3.20961829e-01
-3.20101719e-01
-3.19289161e-01
-3.18528208e-01
-3.17826987e-01
-3.17189288e-01
-3.16622489e-01
-3.16129832e-01
-3.15717620e-01
-3.15388247e-01
-3.15146596e-01
-3.14993879e-01
-3.14933159e-01
-3.14964048e-01
-3.15087309e-01
-3.15300465e-01
-3.15601476e-01
-3.15985384e-01
-3.16447142e-01
-3.16979470e-01
-3.17479170e-01
-3.42066155e-01
-3.42799055e-01
-3.43305229e-01
-3.43726477e-01
-3.44068156e-01
-3.44335064e-01
-3.44533316e-01
-3.44666989e-01
-3.44741387e-01
-3.44758938e-01
-3.44723698e-01
-3.44636402e-01
-3.44500038e-01
-3.44314007e-01
-3.44080634e-01
-3.43798438e-01
-3.43469490e-01
-3.43091835e-01
-3.42667627e-01
-3.42194764e-01
-3.41675721e-01
-3.41108490e-01
-3.40496033e-01
-3.39836615e-01
-3.39133785e-01
-3.38386209e-01
-3.37598090e-01
-3.36768595e-01
-3.35902621e-01
-3.34999916e-01
-3.34066091e-01
-3.33101542e-01
-3.32112603e-01
-3.31100365e-01
-3.30071869e-01
-3.29028929e-01
-3.27979250e-01
-3.26925357e-01
-3.25875540e-01
-3.24832981e-01
-3.23806421e-01
-3.22799588e-01
-3.21821482e-01
-3.20876210e-01
-3.19972786e-01
-3.19115467e-01
-3.18312996e-01
-3.17569523e-01
-3.16893214e-01
-3.16287850e-01
-3.15760720e-01
-3.15314986e-01
-3.14956778e-01
-3.14688377e-01
-3.14514439e-01
-3.14436030e-01
-3.14455894e-01
-3.14573372e-01
-3.14788658e-01
-3.15098672e-01
-3.15500329e-01
-3.15987532e-01
-3.16553610e-01
-3.17093481e-01
-3.42861115e-01
-3.43617473e-01
-3.44142726e-01
-3.44579477e-01
-3.44932568e-01
-3.45208584e-01
-3.45412653e-01
-3.45551068e-01
-3.45627415e-01
-3.45646620e-01
-3.45610291e-01
-3.45521978e-01
-3.45381607e-01
-3.45191778e-01
-3.44951253e-01
-3.44662169e-01
-3.44322613e-01
-3.43934665e-01
-3.43496124e-01
-3.43009310e-01
-3.42472021e-01
-3.41887014e-01
-3.41252293e-01
-3.40571177e-01
-3.39842023e-01
-3.39068795e-01
-3.38250313e-01
-3.37391236e-01
-3.36490941e-01
-3.35554812e-01
-3.34582861e-01
-3.33581219e-01
-3.32550595e-01
-3.31497869e-01
-3.30424497e-01
-3.29338084e-01
-3.28240847e-01
-3.27141060e-01
-3.26041673e-01
-3.24951520e-01
-3.23874203e-01
-3.22818945e-01
-3.21789848e-01
-3.20796298e-01
-3.19842680e-01
-3.18938259e-01
-3.18087454e-01
-3.17299097e-01
-3.16577383e-01
-3.15930428e-01
-3.15361976e-01
-3.14879192e-01
-3.14485195e-01
-3.14185994e-01
-3.13983901e-01
-3.13883501e-01
-3.13885948e-01
-3.13993878e-01
-3.14206586e-01
-3.14523817e-01
-3.14941915e-01
-3.15456565e-01
-3.16060167e-01
-3.16647257e-01
-3.43750233e-01
-3.44531506e-01
-3.45077048e-01
-3.45529051e-01
-3.45894050e-01
-3.46178115e-01
-3.46388632e-01
-3.46530587e-01
-3.46610021e-01
-3.46629660e-01
-3.46593792e-01
-3.46503034e-01
-3.46360352e-01
-3.46164852e-01
-3.45918782e-01
-3.45620338e-01
-3.45271554e-01
-3.44870185e-01
-3.44418410e-01
-3.43913881e-01
-3.43359161e-01
-3.42752033e-01
-3.42095595e-01
-3.41387924e-01
-3.40632748e-01
-3.39828563e-01
-3.38979783e-01
-3.38085429e-01
-3.37150639e-01
-3.36175046e-01
-3.35164547e-01
-3.34119464e-01
-3.33046469e-01
-3.31946641e-01
-3.30827427e-01
-3.29690701e-01
-3.28544654e-01
-3.27391958e-01
-3.26241466e-01
-3.25096592e-01
-3.23966709e-01
-3.22855851e-01
-3.21773695e-01
-3.20724693e-01
-3.19718548e-01
-3.18759875e-01
-3.17858083e-01
-3.17017677e-01
-3.16247470e-01
-3.15551629e-01
-3.14938148e-01
-3.14410729e-01
-3.13976435e-01
-3.13638469e-01
-3.13402908e-01
-3.13272390e-01
-3.13251789e-01
-3.13342784e-01
-3.13548317e-01
-3.13868005e-01
-3.14301319e-01
-3.14843929e-01
-3.15489803e-01
-3.16131999e-01
-3.44738325e-01
-3.45546645e-01
-3.46112856e-01
-3.46580539e-01
-3.46956288e-01
-3.47248615e-01
-3.47464229e-01
-3.47610649e-01
-3.47692091e-01
-3.47713838e-01
-3.47677408e-01
-3.47586244e-01
-3.47439891e-01
-3.47240741e-01
-3.46987150e-01
-3.46681117e-01
-3.46320397e-01
-3.45907040e-01
-3.45438596e-01
-3.44917448e-01
-3.44341203e-01
-3.43712748e-01
-3.43029926e-01
-3.42296231e-01
-3.41509875e-01
-3.40675025e-01
-3.39790370e-01
-3.38860795e-01
-3.37885564e-01
-3.36870320e-01
-3.35814994e-01
-3.34726018e-01
-3.33604073e-01
-3.32456400e-01
-3.31284496e-01
-3.30096406e-01
-3.28894474e-01
-3.27687497e-01
-3.26478648e-01
-3.25277366e-01
-3.24087555e-01
-3.22919106e-01
-3.21776476e-01
-3.20669734e-01
-3.19603634e-01
-3.18588089e-01
-3.17627850e-01
-3.16732335e-01
-3.15906027e-01
-3.15157591e-01
-3.14491102e-01
-3.13914383e-01
-3.13431159e-01
-3.13048524e-01
-3.12770060e-01
-3.12602312e-01
-3.12548827e-01
-3.12615439e-01
-3.12805113e-01
-3.13121798e-01
-3.13565952e-01
-3.14136849e-01
-3.14828972e-01
-3.15535946e-01
-3.45831796e-01
-3.46668953e-01
-3.47256535e-01
-3.47738605e-01
-3.48124575e-01
-3.48423272e-01
-3.48644309e-01
-3.48794004e-01
-3.48879094e-01
-3.48902315e-01
-3.48867743e-01
-3.48775451e-01
-3.48627979e-01
-3.48423856e-01
-3.48165020e-01
-3.47849240e-01
-3.47478429e-01
-3.47050068e-01
-3.46566370e-01
-3.46024813e-01
-3.45428090e-01
-3.44773862e-01
-3.44065407e-01
-3.43300700e-01
-3.42483670e-01
-3.41612715e-01
-3.40692464e-01
-3.39721841e-01
-3.38706219e-01
-3.37645148e-01
-3.36544791e-01
-3.35405424e-01
-3.34234036e-01
-3.33031720e-01
-3.31806311e-01
-3.30559784e-01
-3.29300804e-01
-3.28032240e-01
-3.26763517e-01
-3.25498342e-01
-3.24246736e-01
-3.23013099e-01
-3.21807793e-01
-3.20635658e-01
-3.19507055e-01
-3.18426940e-01
-3.17405285e-01
-3.16446837e-01
-3.15560843e-01
-3.14751630e-01
-3.14027577e-01
-3.13392627e-01
-3.12854456e-01
-3.12416998e-01
-3.12087713e-01
-3.11871130e-01
-3.11775041e-01
-3.11804936e-01
-3.11968799e-01
-3.12272160e-01
-3.12721045e-01
-3.13317318e-01
-3.14059636e-01
-3.14841882e-01
-3.47038543e-01
-3.47906760e-01
-3.48514701e-01
-3.49009593e-01
-3.49402702e-01
-3.49706755e-01
-3.49931325e-01
-3.50085502e-01
-3.50173838e-01
-3.50201324e-01
-3.50168660e-01
-3.50078492e-01
-3.49929453e-01
-3.49723322e-01
-3.49457826e-01
-3.49134686e-01
-3.48751314e-01
-3.48309747e-01
-3.47807378e-01
-3.47246728e-01
-3.46625336e-01
-3.45946294e-01
-3.45207402e-01
-3.44412378e-01
-3.43559382e-01
-3.42652802e-01
-3.41691262e-01
-3.40679865e-01
-3.39617804e-01
-3.38510952e-01
-3.37359187e-01
-3.36169205e-01
-3.34941680e-01
-3.33684178e-01
-3.32398264e-01
-3.31092395e-01
-3.29769083e-01
-3.28437640e-01
-3.27101514e-01
-3.25770760e-01
-3.24449651e-01
-3.23148759e-01
-3.21872956e-01
-3.20632991e-01
-3.19433999e-01
-3.18286474e-01
-3.17195422e-01
-3.16170654e-01
-3.15216719e-01
-3.14342470e-01
-3.13551914e-01
-3.12853024e-01
-3.12249625e-01
-3.11749398e-01
-3.11356887e-01
-3.11080581e-01
-3.10926998e-01
-3.10906578e-01
-3.11028574e-01
-3.11305191e-01
-3.11746604e-01
-3.12362431e-01
-3.13156110e-01
-3.14025574e-01
-3.48369876e-01
-3.49270379e-01
-3.49896392e-01
-3.50399002e-01
-3.50795568e-01
-3.51101148e-01
-3.51329106e-01
-3.51487106e-01
-3.51581684e-01
-3.51614365e-01
-3.51587786e-01
-3.51500484e-01
-3.51353826e-01
-3.51145309e-01
-3.50876297e-01
-3.50544069e-01
-3.50150432e-01
-3.49692720e-01
-3.49173299e-01
-3.48589658e-01
-3.47944747e-01
-3.47236275e-01
-3.46467793e-01
-3.45637301e-01
-3.44748980e-01
-3.43801213e-01
-3.42798851e-01
-3.41740771e-01
-3.40632554e-01
-3.39473694e-01
-3.38270573e-01
-3.37023434e-01
-3.35739530e-01
-3.34419981e-01
-3.33072964e-01
-3.31700574e-01
-3.30311924e-01
-3.28910124e-01
-3.27505158e-01
-3.26101095e-01
-3.24708616e-01
-3.23332558e-01
-3.21983982e-01
-3.20668169e-01
-3.19396107e-01
-3.18173075e-01
-3.17009472e-01
-3.15910114e-01
-3.14884364e-01
-3.13936305e-01
-3.13074126e-01
-3.12301338e-01
-3.11625417e-01
-3.11050192e-01
-3.10583707e-01
-3.10231869e-01
-3.10005399e-01
-3.09914641e-01
-3.09975199e-01
-3.10203319e-01
-3.10619088e-01
-3.11240747e-01
-3.12083248e-01
-3.13051433e-01
-3.49842011e-01
-3.50774853e-01
-3.51411616e-01
-3.51913514e-01
-3.52305288e-01
-3.52608847e-01
-3.52838008e-01
-3.53002456e-01
-3.53105065e-01
-3.53148318e-01
-3.53130218e-01
-3.53051181e-01
-3.52908024e-01
-3.52701385e-01
-3.52428182e-01
-3.52089854e-01
-3.51683645e-01
-3.51211770e-01
-3.50671741e-01
-3.50066433e-01
-3.49393568e-01
-3.48656610e-01
-3.47853502e-01
-3.46988281e-01
-3.46059177e-01
-3.45070832e-01
-3.44021866e-01
-3.42917589e-01
-3.41757146e-01
-3.40546596e-01
-3.39285762e-01
-3.37981543e-01
-3.36634596e-01
-3.35252751e-01
-3.33837636e-01
-3.32398073e-01
-3.30936757e-01
-3.29463491e-01
-3.27982043e-01
-3.26503087e-01
-3.25031337e-01
-3.23578069e-01
-3.22148649e-01
-3.20754514e-01
-3.19401219e-01
-3.18099775e-01
-3.16855358e-01
-3.15677945e-01
-3.14571829e-01
-3.13545538e-01
-3.12602341e-01
-3.11749439e-01
-3.10989659e-01
-3.10329945e-01
-3.09774406e-01
-3.09332117e-01
-3.09011642e-01
-3.08828049e-01
-3.08798765e-01
-3.08949188e-01
-3.09308628e-01
-3.09911866e-01
-3.10790769e-01
-3.11867345e-01
-3.51481361e-01
-3.52441269e-01
-3.53073475e-01
-3.53557271e-01
-3.53932772e-01
-3.54227495e-01
-3.54458503e-01
-3.54631620e-01
-3.54749116e-01
-3.54807651e-01
-3.54805631e-01
-3.54738227e-01
-3.54604565e-01
-3.54400682e-01
-3.54127304e-01
-3.53781445e-01
-3.53365126e-01
-3.52875944e-01
-3.52316788e-01
-3.51685535e-01
-3.50985681e-01
-3.50215257e-01
-3.49378264e-01
-3.48472902e-01
-3.47503679e-01
-3.46469055e-01
-3.45374110e-01
-3.44217705e-01
-3.43005585e-01
-3.41737183e-01
-3.40419027e-01
-3.39051302e-01
-3.37641442e-01
-3.36190568e-01
-3.34707120e-01
-3.33193306e-01
-3.31658632e-01
-3.30106465e-01
-3.28547336e-01
-3.26985726e-01
-3.25432995e-01
-3.23894506e-01
-3.22382054e-01
-3.20901441e-01
-3.19464293e-01
-3.18076215e-01
-3.16747920e-01
-3.15484115e-01
-3.14293905e-01
-3.13180598e-01
-3.12151379e-01
-3.11208251e-01
-3.10357027e-01
-3.09599628e-01
-3.08942480e-01
-3.08390422e-01
-3.07954637e-01
-3.07648470e-01
-3.07495016e-01
-3.07524834e-01
-3.07782281e-01
-3.08322215e-01
-3.09207790e-01
-3.10393629e-01
-3.53333094e-01
-3.54302017e-01
-3.54895394e-01
-3.55331557e-01
-3.55671664e-01
-3.55951916e-01
-3.56185859e-01
-3.56376078e-01
-3.56516453e-01
-3.56601312e-01
-3.56622228e-01
-3.56575219e-01
-3.56454318e-01
-3.56258810e-01
-3.55985102e-01
-3.55634859e-01
-3.55205804e-01
-3.54700941e-01
-3.54118493e-01
-3.53462168e-01
-3.52730297e-01
-3.51927011e-01
-3.51050660e-01
-3.50105744e-01
-3.49090700e-01
-3.48010456e-01
-3.46863684e-01
-3.45655858e-01
-3.44386074e-01
-3.43060491e-01
-3.41678844e-01
-3.40248129e-01
-3.38768941e-01
-3.37249263e-01
-3.35690750e-01
-3.34102496e-01
-3.32487366e-01
-3.30855600e-01
-3.29211318e-01
-3.27565803e-01
-3.25924291e-01
-3.24298797e-01
-3.22695291e-01
-3.21125951e-01
-3.19596839e-01
-3.18119480e-01
-3.16699186e-01
-3.15345904e-01
-3.14063364e-01
-3.12859186e-01
-3.11735063e-01
-3.10696173e-01
-3.09742642e-01
-3.08878349e-01
-3.08103963e-01
-3.07425329e-01
-3.06848528e-01
-3.06388335e-01
-3.06066196e-01
-3.05919828e-01
-3.06005125e-01
-3.06405894e-01
-3.07231911e-01
-3.08505106e-01
-3.55481745e-01
-3.56404500e-01
-3.56888730e-01
-3.57225758e-01
-3.57506812e-01
-3.57767787e-01
-3.58014088e-01
-3.58234129e-01
-3.58413983e-01
-3.58537648e-01
-3.58594834e-01
-3.58575292e-01
-3.58475362e-01
-3.58290013e-01
-3.58020159e-01
-3.57663595e-01
-3.57223563e-01
-3.56698888e-01
-3.56093759e-01
-3.55407120e-01
-3.54643491e-01
-3.53801635e-01
-3.52886244e-01
-3.51895923e-01
-3.50835589e-01
-3.49703856e-01
-3.48506005e-01
-3.47240885e-01
-3.45914315e-01
-3.44525622e-01
-3.43081358e-01
-3.41581584e-01
-3.40033775e-01
-3.38438986e-01
-3.36805791e-01
-3.35136459e-01
-3.33440790e-01
-3.31722403e-01
-3.29992326e-01
-3.28255503e-01
-3.26523990e-01
-3.24803784e-01
-3.23107485e-01
-3.21441557e-01
-3.19818334e-01
-3.18243848e-01
-3.16729098e-01
-3.15278601e-01
-3.13900898e-01
-3.12598036e-01
-3.11375335e-01
-3.10232034e-01
-3.09170395e-01
-3.08187793e-01
-3.07285289e-01
-3.06461531e-01
-3.05721197e-01
-3.05071584e-01
-3.04532399e-01
-3.04137949e-01
-3.03953047e-01
-3.04087204e-01
-3.04718494e-01
-3.05994589e-01
-3.58092188e-01
-3.58813550e-01
-3.59046282e-01
-3.59207098e-01
-3.59404034e-01
-3.59653518e-01
-3.59932058e-01
-3.60208000e-01
-3.60449314e-01
-3.60632902e-01
-3.60739688e-01
-3.60760110e-01
-3.60685979e-01
-3.60516605e-01
-3.60249623e-01
-3.59888624e-01
-3.59433382e-01
-3.58888985e-01
-3.58255447e-01
-3.57538090e-01
-3.56736483e-01
-3.55855817e-01
-3.54895155e-01
-3.53859603e-01
-3.52747917e-01
-3.51565308e-01
-3.50310502e-01
-3.48989049e-01
-3.47599941e-01
-3.46149299e-01
-3.44636683e-01
-3.43069025e-01
-3.41446756e-01
-3.39777850e-01
-3.38063898e-01
-3.36314120e-01
-3.34531498e-01
-3.32726611e-01
-3.30903932e-01
-3.29075336e-01
-3.27246655e-01
-3.25430707e-01
-3.23634218e-01
-3.21870224e-01
-3.20145477e-01
-3.18472120e-01
-3.16855710e-01
-3.15306122e-01
-3.13826373e-01
-3.12422751e-01
-3.11094679e-01
-3.09844114e-01
-3.08666705e-01
-3.07560536e-01
-3.06518830e-01
-3.05538176e-01
-3.04613179e-01
-3.03744821e-01
-3.02938801e-01
-3.02218012e-01
-3.01634093e-01
-3.01304397e-01
-3.01473114e-01
-3.02504239e-01
-3.61493835e-01
-3.61584131e-01
-3.61304618e-01
-3.61195605e-01
-3.61306449e-01
-3.61577172e-01
-3.61931954e-01
-3.62302898e-01
-3.62640490e-01
-3.62907884e-01
-3.63083947e-01
-3.63154027e-01
-3.63114123e-01
-3.62961109e-01
-3.62698993e-01
-3.62328976e-01
-3.61857679e-01
-3.61286895e-01
-3.60623394e-01
-3.59868151e-01
-3.59027339e-01
-3.58100902e-01
-3.57094448e-01
-3.56007147e-01
-3.54844334e-01
-3.53604785e-01
-3.52293886e-01
-3.50910402e-01
-3.49460078e-01
-3.47942025e-01
-3.46362634e-01
-3.44721717e-01
-3.43026594e-01
-3.41278122e-01
-3.39484827e-01
-3.37648928e-01
-3.35780374e-01
-3.33882977e-01
-3.31968188e-01
-3.30041443e-01
-3.28115515e-01
-3.26197169e-01
-3.24299930e-01
-3.22431144e-01
-3.20604041e-01
-3.18825319e-01
-3.17106418e-01
-3.15451795e-01
-3.13869384e-01
-3.12359779e-01
-3.10925919e-01
-3.09563416e-01
-3.08269511e-01
-3.07034757e-01
-3.05851238e-01
-3.04705677e-01
-3.03586786e-01
-3.02479825e-01
-3.01373401e-01
-3.00257771e-01
-2.99139862e-01
-2.98075956e-01
-2.97290458e-01
-2.97395099e-01
-3.66313928e-01
-3.64620966e-01
-3.63451295e-01
-3.63039895e-01
-3.63132721e-01
-3.63509940e-01
-3.64014166e-01
-3.64540026e-01
-3.65015839e-01
-3.65398684e-01
-3.65661500e-01
-3.65793805e-01
-3.65790472e-01
-3.65655842e-01
-3.65393216e-01
-3.65011710e-01
-3.64516014e-01
-3.63915364e-01
-3.63213091e-01
-3.62417096e-01
-3.61528854e-01
-3.60554937e-01
-3.59495335e-01
-3.58355765e-01
-3.57135305e-01
-3.55839317e-01
-3.54466496e-01
-3.53022279e-01
-3.51505429e-01
-3.49921818e-01
-3.48270683e-01
-3.46558664e-01
-3.44785872e-01
-3.42960046e-01
-3.41082558e-01
-3.39162557e-01
-3.37203026e-01
-3.35214747e-01
-3.33202510e-01
-3.31178746e-01
-3.29149965e-01
-3.27129885e-01
-3.25126193e-01
-3.23153010e-01
-3.21218082e-01
-3.19334461e-01
-3.17508270e-01
-3.15749550e-01
-3.14060795e-01
-3.12446983e-01
-3.10905122e-01
-3.09433521e-01
-3.08022566e-01
-3.06663219e-01
-3.05339067e-01
-3.04033715e-01
-3.02723583e-01
-3.01382844e-01
-2.99974567e-01
-2.98448560e-01
-2.96723696e-01
-2.94676466e-01
-2.92182917e-01
-2.89553021e-01
-3.81817877e-01
-3.88711411e-01
-3.97859711e-01
-4.07171362e-01
-4.15752064e-01
-4.23216126e-01
-4.29409118e-01
-4.34296549e-01
-4.37919194e-01
-4.40359301e-01
-4.41727694e-01
-4.42142880e-01
-4.41728228e-01
-4.40596433e-01
-4.38853604e-01
-4.36587306e-01
-4.33875763e-01
-4.30777743e-01
-4.27344907e-01
-4.23611875e-01
-4.19610107e-01
-4.15357084e-01
-4.10870798e-01
-4.06157688e-01
-4.01227381e-01
-3.96079473e-01
-3.90718489e-01
-3.85139782e-01
-3.79344768e-01
-3.73326266e-01
-3.67084038e-01
-3.60609879e-01
-3.53903457e-01
-3.46957431e-01
-3.39773561e-01
-3.32348094e-01
-3.24688093e-01
-3.16797301e-01
-3.08692582e-01
-3.00390401e-01
-2.91923182e-01
-2.83326422e-01
-2.74654625e-01
-2.65968873e-01
-2.57351789e-01
-2.48895184e-01
-2.40713298e-01
-2.32929946e-01
-2.25689217e-01
-2.19141573e-01
-2.13451384e-01
-2.08781848e-01
-2.05299385e-01
-2.03158080e-01
-2.02501908e-01
-2.03450201e-01
-2.06099064e-01
-2.10508563e-01
-2.16701258e-01
-2.24642067e-01
-2.34204926e-01
-2.45056887e-01
-2.56313880e-01
-2.65329228e-01
-3.66535540e-01
-3.64785749e-01
-3.63112682e-01
-3.61888781e-01
-3.60996616e-01
-3.60341578e-01
-3.59870190e-01
-3.59554155e-01
-3.59370868e-01
-3.59300789e-01
-3.59319132e-01
-3.59402211e-01
-3.59521845e-01
-3.59654356e-01
-3.59773823e-01
-3.59861492e-01
-3.59897020e-01
-3.59868086e-01
-3.59760015e-01
-3.59565950e-01
-3.59275412e-01
-3.58885305e-01
-3.58387745e-01
-3.57781927e-01
-3.57061394e-01
-3.56226651e-01
-3.55271961e-01
-3.54198542e-01
-3.53000991e-01
-3.51680906e-01
-3.50233045e-01
-3.48659244e-01
-3.46954448e-01
-3.45120807e-01
-3.43153731e-01
-3.41056073e-01
-3.38824367e-01
-3.36463014e-01
-3.33970881e-01
-3.31355391e-01
-3.28619640e-01
-3.25776280e-01
-3.22835245e-01
-3.19817209e-01
-3.16741893e-01
-3.13640733e-01
-3.10545527e-01
-3.07499744e-01
-3.04547069e-01
-3.01740647e-01
-2.99131051e-01
-2.96772891e-01
-2.94712015e-01
-2.92989441e-01
-2.91628248e-01
-2.90635391e-01
-2.89989049e-01
-2.89638480e-01
-2.89490756e-01
-2.89404784e-01
-2.89170186e-01
-2.88492308e-01
-2.87030643e-01
-2.84830432e-01
-3.62563336e-01
-3.62905663e-01
-3.62491033e-01
-3.61959524e-01
-3.61464675e-01
-3.61047476e-01
-3.60720111e-01
-3.60483531e-01
-3.60335644e-01
-3.60266487e-01
-3.60264184e-01
-3.60309716e-01
-3.60385273e-01
-3.60468339e-01
-3.60541044e-01
-3.60582543e-01
-3.60578696e-01
-3.60512687e-01
-3.60375110e-01
-3.60153233e-01
-3.59841732e-01
-3.59430996e-01
-3.58918632e-01
-3.58297072e-01
-3.57565815e-01
-3.56718489e-01
-3.55755720e-01
-3.54671763e-01
-3.53467862e-01
-3.52138551e-01
-3.50685380e-01
-3.49103021e-01
-3.47393224e-01
-3.45550876e-01
-3.43578092e-01
-3.41470380e-01
-3.39230776e-01
-3.36856293e-01
-3.34352012e-01
-3.31717994e-01
-3.28963227e-01
-3.26093141e-01
-3.23123263e-01
-3.20067377e-01
-3.16950614e-01
-3.13798122e-01
-3.10647122e-01
-3.07535715e-01
-3.04513237e-01
-3.01628672e-01
-2.98938571e-01
-2.96494672e-01
-2.94349015e-01
-2.92540927e-01
-2.91099794e-01
-2.90032504e-01
-2.89325276e-01
-2.88933502e-01
-2.88784989e-01
-2.88776488e-01
-2.88789192e-01
-2.88725217e-01
-2.88634687e-01
-2.88946400e-01
-3.60498480e-01
-3.61648027e-01
-3.61988549e-01
-3.62007973e-01
-3.61890183e-01
-3.61728481e-01
-3.61570065e-01
-3.61441771e-01
-3.61354763e-01
-3.61313375e-01
-3.61311711e-01
-3.61341705e-01
-3.61388054e-01
-3.61437234e-01
-3.61470908e-01
-3.61475490e-01
-3.61433835e-01
-3.61335193e-01
-3.61165366e-01
-3.60917186e-01
-3.60579495e-01
-3.60148280e-01
-3.59614778e-01
-3.58977318e-01
-3.58228760e-01
-3.57368984e-01
-3.56391815e-01
-3.55298048e-01
-3.54081988e-01
-3.52744892e-01
-3.51281237e-01
-3.49692465e-01
-3.47973121e-01
-3.46124781e-01
-3.44142226e-01
-3.42027448e-01
-3.39776029e-01
-3.37391153e-01
-3.34870366e-01
-3.32219509e-01
-3.29440037e-01
-3.26542770e-01
-3.23535871e-01
-3.20438237e-01
-3.17268100e-01
-3.14055701e-01
-3.10832268e-01
-3.07641362e-01
-3.04527747e-01
-3.01546627e-01
-2.98751829e-01
-2.96202285e-01
-2.93949311e-01
-2.92040383e-01
-2.90506312e-01
-2.89363656e-01
-2.88604113e-01
-2.88198703e-01
-2.88093994e-01
-2.88225142e-01
-2.88531541e-01
-2.89001711e-01
-2.89745213e-01
-2.90994885e-01
-3.59620542e-01
-3.61079941e-01
-3.61835945e-01
-3.62232025e-01
-3.62415585e-01
-3.62480496e-01
-3.62487441e-01
-3.62472819e-01
-3.62460235e-01
-3.62459615e-01
-3.62475378e-01
-3.62502337e-01
-3.62534249e-01
-3.62558101e-01
-3.62563369e-01
-3.62534686e-01
-3.62461603e-01
-3.62329682e-01
-3.62130740e-01
-3.61852598e-01
-3.61489898e-01
-3.61032813e-01
-3.60478501e-01
-3.59819018e-01
-3.59053409e-01
-3.58175006e-01
-3.57184088e-01
-3.56074708e-01
-3.54847821e-01
-3.53497772e-01
-3.52025770e-01
-3.50426182e-01
-3.48700235e-01
-3.46842263e-01
-3.44853539e-01
-3.42728636e-01
-3.40469305e-01
-3.38071135e-01
-3.35537401e-01
-3.32866209e-01
-3.30064246e-01
-3.27134567e-01
-3.24090134e-01
-3.20942308e-01
-3.17713928e-01
-3.14428397e-01
-3.11121827e-01
-3.07832321e-01
-3.04610445e-01
-3.01508083e-01
-2.98586391e-01
-2.95903671e-01
-2.93520367e-01
-2.91486182e-01
-2.89842858e-01
-2.88612325e-01
-2.87799943e-01
-2.87387595e-01
-2.87342355e-01
-2.87620895e-01
-2.88191026e-01
-2.89054438e-01
-2.90279715e-01
-2.91910469e-01
-3.59519668e-01
-3.61103022e-01
-3.62086450e-01
-3.62728051e-01
-3.63132663e-01
-3.63381417e-01
-3.63531340e-01
-3.63623901e-01
-3.63684789e-01
-3.63731661e-01
-3.63770824e-01
-3.63805149e-01
-3.63829034e-01
-3.63837137e-01
-3.63817882e-01
-3.63762870e-01
-3.63658880e-01
-3.63497823e-01
-3.63267331e-01
-3.62961250e-01
-3.62569050e-01
-3.62086903e-01
-3.61506163e-01
-3.60825048e-01
-3.60036399e-01
-3.59139939e-01
-3.58129471e-01
-3.57005634e-01
-3.55762696e-01
-3.54401693e-01
-3.52916958e-01
-3.51309533e-01
-3.49573573e-01
-3.47709933e-01
-3.45712595e-01
-3.43582346e-01
-3.41313400e-01
-3.38907097e-01
-3.36358914e-01
-3.33672122e-01
-3.30845391e-01
-3.27886330e-01
-3.24799829e-01
-3.21601350e-01
-3.18306014e-01
-3.14941316e-01
-3.11536720e-01
-3.08135191e-01
-3.04782728e-01
-3.01537820e-01
-2.98460178e-01
-2.95617250e-01
-2.93071765e-01
-2.90885270e-01
-2.89105379e-01
-2.87768081e-01
-2.86887694e-01
-2.86461849e-01
-2.86468847e-01
-2.86879788e-01
-2.87666225e-01
-2.88817485e-01
-2.90346472e-01
-2.92182867e-01
-3.59973449e-01
-3.61615291e-01
-3.62731269e-01
-3.63532639e-01
-3.64095596e-01
-3.64484414e-01
-3.64751514e-01
-3.64934733e-01
-3.65063193e-01
-3.65154143e-01
-3.65219878e-01
-3.65263155e-01
-3.65285142e-01
-3.65279571e-01
-3.65241607e-01
-3.65160655e-01
-3.65029916e-01
-3.64837823e-01
-3.64578160e-01
-3.64240251e-01
-3.63819637e-01
-3.63307215e-01
-3.62700498e-01
-3.61991919e-01
-3.61180659e-01
-3.60260300e-01
-3.59231172e-01
-3.58087511e-01
-3.56830235e-01
-3.55453759e-01
-3.53959085e-01
-3.52340419e-01
-3.50598475e-01
-3.48727031e-01
-3.46726358e-01
-3.44589882e-01
-3.42317654e-01
-3.39903311e-01
-3.37347535e-01
-3.34645518e-01
-3.31800376e-01
-3.28811313e-01
-3.25686933e-01
-3.22434228e-01
-3.19071611e-01
-3.15618670e-01
-3.12108486e-01
-3.08577767e-01
-3.05077660e-01
-3.01663496e-01
-2.98403040e-01
-2.95365001e-01
-2.92623945e-01
-2.90247477e-01
-2.88298379e-01
-2.86822262e-01
-2.85849750e-01
-2.85388531e-01
-2.85429735e-01
-2.85947774e-01
-2.86911570e-01
-2.88288057e-01
-2.90047402e-01
-2.92054414e-01
-3.60860533e-01
-3.62543698e-01
-3.63746508e-01
-3.64657403e-01
-3.65332922e-01
-3.65827079e-01
-3.66184148e-01
-3.66441192e-01
-3.66624309e-01
-3.66754161e-01
-3.66841623e-01
-3.66894733e-01
-3.66913321e-01
-3.66897129e-01
-3.66839299e-01
-3.66735393e-01
-3.66575611e-01
-3.66354483e-01
-3.66061837e-01
-3.65693063e-01
-3.65238960e-01
-3.64696562e-01
-3.64058056e-01
-3.63322162e-01
-3.62482311e-01
-3.61538548e-01
-3.60485136e-01
-3.59322914e-01
-3.58046482e-01
-3.56656911e-01
-3.55148656e-01
-3.53522520e-01
-3.51772422e-01
-3.49898520e-01
-3.47893999e-01
-3.45758255e-01
-3.43483879e-01
-3.41069851e-01
-3.38508918e-01
-3.35800777e-01
-3.32940067e-01
-3.29929530e-01
-3.26768833e-01
-3.23467645e-01
-3.20035390e-01
-3.16494025e-01
-3.12868550e-01
-3.09198921e-01
-3.05530731e-01
-3.01925223e-01
-2.98449139e-01
-2.95181580e-01
-2.92202099e-01
-2.89593787e-01
-2.87429958e-01
-2.85774796e-01
-2.84671386e-01
-2.84143613e-01
-2.84189733e-01
-2.84788746e-01
-2.85900370e-01
-2.87472957e-01
-2.89443447e-01
-2.91640315e-01
-3.62115445e-01
-3.63841835e-01
-3.65112836e-01
-3.66104158e-01
-3.66862882e-01
-3.67434125e-01
-3.67859280e-01
-3.68170901e-01
-3.68396455e-01
-3.68554036e-01
-3.68658210e-01
-3.68715029e-01
-3.68729277e-01
-3.68698526e-01
-3.68621481e-01
-3.68490917e-01
-3.68302845e-01
-3.68048250e-01
-3.67722892e-01
-3.67317890e-01
-3.66830096e-01
-3.66251677e-01
-3.65581028e-01
-3.64811536e-01
-3.63943016e-01
-3.62969822e-01
-3.61892753e-01
-3.60706675e-01
-3.59412813e-01
-3.58006025e-01
-3.56487380e-01
-3.54851220e-01
-3.53097934e-01
-3.51220939e-01
-3.49219553e-01
-3.47086061e-01
-3.44818619e-01
-3.42408594e-01
-3.39853456e-01
-3.37144624e-01
-3.34280361e-01
-3.31254367e-01
-3.28068704e-01
-3.24723369e-01
-3.21229189e-01
-3.17598457e-01
-3.13857502e-01
-3.10038080e-01
-3.06188869e-01
-3.02366740e-01
-2.98645831e-01
-2.95107351e-01
-2.91844731e-01
-2.88950962e-01
-2.86519410e-01
-2.84629609e-01
-2.83345986e-01
-2.82705880e-01
-2.82720663e-01
-2.83370260e-01
-2.84609161e-01
-2.86367355e-01
-2.88558777e-01
-2.90986609e-01
-3.63704426e-01
-3.65485048e-01
-3.66818747e-01
-3.67876207e-01
-3.68698008e-01
-3.69326741e-01
-3.69799646e-01
-3.70149946e-01
-3.70402295e-01
-3.70577426e-01
-3.70687531e-01
-3.70742594e-01
-3.70744987e-01
-3.70697064e-01
-3.70594765e-01
-3.70436170e-01
-3.70213988e-01
-3.69924831e-01
-3.69560561e-01
-3.69118163e-01
-3.68590039e-01
-3.67974428e-01
-3.67264807e-01
-3.66460835e-01
-3.65557027e-01
-3.64554184e-01
-3.63447501e-01
-3.62238413e-01
-3.60922286e-01
-3.59500587e-01
-3.57968291e-01
-3.56326275e-01
-3.54568573e-01
-3.52694894e-01
-3.50697872e-01
-3.48575617e-01
-3.46319124e-01
-3.43924821e-01
-3.41382335e-01
-3.38687033e-01
-3.35828407e-01
-3.32802665e-01
-3.29602032e-01
-3.26227453e-01
-3.22679073e-01
-3.18969019e-01
-3.15113086e-01
-3.11143216e-01
-3.07099901e-01
-3.03043299e-01
-2.99045083e-01
-2.95196381e-01
-2.91597215e-01
-2.88359395e-01
-2.85592419e-01
-2.83401230e-01
-2.81870338e-01
-2.81060005e-01
-2.80993938e-01
-2.81659881e-01
-2.83006293e-01
-2.84950707e-01
-2.87386361e-01
-2.90097686e-01
-3.65614418e-01
-3.67464074e-01
-3.68863390e-01
-3.69979815e-01
-3.70852917e-01
-3.71522782e-01
-3.72027921e-01
-3.72399684e-01
-3.72665301e-01
-3.72843466e-01
-3.72949741e-01
-3.72991712e-01
-3.72975824e-01
-3.72901657e-01
-3.72769834e-01
-3.72575251e-01
-3.72315787e-01
-3.71984416e-01
-3.71578548e-01
-3.71091067e-01
-3.70520226e-01
-3.69859731e-01
-3.69109163e-01
-3.68263271e-01
-3.67322885e-01
-3.66283580e-01
-3.65147024e-01
-3.63909166e-01
-3.62571935e-01
-3.61131081e-01
-3.59588138e-01
-3.57938036e-01
-3.56181225e-01
-3.54311191e-01
-3.52326637e-01
-3.50219051e-01
-3.47984875e-01
-3.45613293e-01
-3.43098369e-01
-3.40427294e-01
-3.37592526e-01
-3.34580813e-01
-3.31385456e-01
-3.27996457e-01
-3.24413066e-01
-3.20635348e-01
-3.16677002e-01
-3.12558343e-01
-3.08318844e-01
-3.04010755e-01
-2.99709868e-01
-2.95507846e-01
-2.91518655e-01
-2.87866991e-01
-2.84687936e-01
-2.82110269e-01
-2.80249932e-01
-2.79191573e-01
-2.78981941e-01
-2.79618119e-01
-2.81049959e-01
-2.83182825e-01
-2.85893369e-01
-2.88946652e-01
-3.67846343e-01
-3.69783033e-01
-3.71254547e-01
-3.72428592e-01
-3.73343966e-01
-3.74043170e-01
-3.74564620e-01
-3.74943146e-01
-3.75205210e-01
-3.75373115e-01
-3.75460632e-01
-3.75479092e-01
-3.75432371e-01
-3.75324181e-01
-3.75152067e-01
-3.74915557e-01
-3.74609059e-01
-3.74230663e-01
-3.73773941e-01
-3.73237307e-01
-3.72614811e-01
-3.71906022e-01
-3.71105974e-01
-3.70215544e-01
-3.69230706e-01
-3.68153364e-01
-3.66980072e-01
-3.65713242e-01
-3.64349467e-01
-3.62891021e-01
-3.61333898e-01
-3.59679504e-01
-3.57922526e-01
-3.56062717e-01
-3.54092711e-01
-3.52009808e-01
-3.49803887e-01
-3.47469124e-01
-3.44992203e-01
-3.42363982e-01
-3.39568265e-01
-3.36593523e-01
-3.33422617e-01
-3.30044797e-01
-3.26446829e-01
-3.22625529e-01
-3.18580686e-01
-3.14328151e-01
-3.09894451e-01
-3.05329667e-01
-3.00702462e-01
-2.96110494e-01
-2.91672915e-01
-2.87534552e-01
-2.83852121e-01
-2.80789055e-01
-2.78494464e-01
-2.77090928e-01
-2.76652993e-01
-2.77198986e-01
-2.78682996e-01
-2.81004156e-01
-2.84021073e-01
-2.87479449e-01
-3.70413027e-01
-3.72456594e-01
-3.74010371e-01
-3.75242210e-01
-3.76194037e-01
-3.76910145e-01
-3.77433897e-01
-3.77801447e-01
-3.78044007e-01
-3.78183521e-01
-3.78237857e-01
-3.78216473e-01
-3.78127124e-01
-3.77970712e-01
-3.77748920e-01
-3.77457955e-01
-3.77096838e-01
-3.76660009e-01
-3.76146151e-01
-3.75549735e-01
-3.74870346e-01
-3.74103323e-01
-3.73249570e-01
-3.72305455e-01
-3.71273076e-01
-3.70149578e-01
-3.68937823e-01
-3.67635249e-01
-3.66244876e-01
-3.64763822e-01
-3.63194539e-01
-3.61533106e-01
-3.59780584e-01
-3.57931183e-01
-3.55983633e-01
-3.53929345e-01
-3.51763709e-01
-3.49474392e-01
-3.47052529e-01
-3.44481376e-01
-3.41747449e-01
-3.38829871e-01
-3.35711651e-01
-3.32370225e-01
-3.28789252e-01
-3.24950956e-01
-3.20848879e-01
-3.16482526e-01
-3.11871125e-01
-3.07050322e-01
-3.02085738e-01
-2.97069616e-01
-2.92130670e-01
-2.87426056e-01
-2.83141906e-01
-2.79475318e-01
-2.76621951e-01
-2.74748481e-01
-2.73973692e-01
-2.74345045e-01
-2.75832750e-01
-2.78331695e-01
-2.81684541e-01
-2.85613189e-01
-3.73337491e-01
-3.75510755e-01
-3.77158015e-01
-3.78449799e-01
-3.79430958e-01
-3.80152144e-01
-3.80660595e-01
-3.80999169e-01
-3.81201083e-01
-3.81293633e-01
-3.81294256e-01
-3.81216608e-01
-3.81066289e-01
-3.80848056e-01
-3.80560524e-01
-3.80204015e-01
-3.79774055e-01
-3.79269693e-01
-3.78685863e-01
-3.78022147e-01
-3.77274159e-01
-3.76442766e-01
-3.75524666e-01
-3.74522075e-01
-3.73432660e-01
-3.72259649e-01
-3.71001268e-01
-3.69661211e-01
-3.68237693e-01
-3.66734189e-01
-3.65148212e-01
-3.63482215e-01
-3.61732180e-01
-3.59898574e-01
-3.57974843e-01
-3.55958303e-01
-3.53838658e-01
-3.51608739e-01
-3.49253196e-01
-3.46759081e-01
-3.44104964e-01
-3.41271482e-01
-3.38231307e-01
-3.34960006e-01
-3.31427526e-01
-3.27609968e-01
-3.23483445e-01
-3.19037447e-01
-3.14271748e-01
-3.09211405e-01
-3.03906132e-01
-2.98444955e-01
-2.92954521e-01
-2.87607810e-01
-2.82614131e-01
-2.78213622e-01
-2.74651857e-01
-2.72157012e-01
-2.70903711e-01
-2.70987911e-01
-2.72405668e-01
-2.75057165e-01
-2.78767807e-01
-2.83233058e-01
-3.76653965e-01
-3.78982419e-01
-3.80736445e-01
-3.82088969e-01
-3.83091665e-01
-3.83801503e-01
-3.84274953e-01
-3.84560187e-01
-3.84698127e-01
-3.84718114e-01
-3.84642979e-01
-3.84485522e-01
-3.84255362e-01
-3.83954709e-01
-3.83585912e-01
-3.83145985e-01
-3.82634523e-01
-3.82046963e-01
-3.81382835e-01
-3.80637932e-01
-3.79812959e-01
-3.78904822e-01
-3.77915708e-01
-3.76843680e-01
-3.75692192e-01
-3.74460135e-01
-3.73151742e-01
-3.71766215e-01
-3.70307933e-01
-3.68775766e-01
-3.67173485e-01
-3.65498855e-01
-3.63754126e-01
-3.61934978e-01
-3.60040979e-01
-3.58064456e-01
-3.56000801e-01
-3.53837370e-01
-3.51563566e-01
-3.49159924e-01
-3.46608000e-01
-3.43879952e-01
-3.40948454e-01
-3.37777348e-01
-3.34332143e-01
-3.30572663e-01
-3.26465064e-01
-3.21977704e-01
-3.17095692e-01
-3.11820828e-01
-3.06188643e-01
-3.00271168e-01
-2.94193067e-01
-2.88131328e-01
-2.82321505e-01
-2.77043111e-01
-2.72604180e-01
-2.69303952e-01
-2.67395878e-01
-2.67041924e-01
-2.68285171e-01
-2.71040052e-01
-2.75119050e-01
-2.80185330e-01
-3.80408643e-01
-3.82922289e-01
-3.84796711e-01
-3.86209845e-01
-3.87220920e-01
-3.87898708e-01
-3.88309155e-01
-3.88511808e-01
-3.88553514e-01
-3.88471493e-01
-3.88290060e-01
-3.88026965e-01
-3.87690293e-01
-3.87285899e-01
-3.86813144e-01
-3.86272593e-01
-3.85660323e-01
-3.84975768e-01
-3.84214761e-01
-3.83377647e-01
-3.82461326e-01
-3.81467734e-01
-3.80395121e-01
-3.79246951e-01
-3.78022588e-01
-3.76726599e-01
-3.75358991e-01
-3.73924844e-01
-3.72424210e-01
-3.70861993e-01
-3.69237581e-01
-3.67554872e-01
-3.65811709e-01
-3.64009912e-01
-3.62144585e-01
-3.60214019e-01
-3.58208929e-01
-3.56122102e-01
-3.53937655e-01
-3.51640369e-01
-3.49205142e-01
-3.46606101e-01
-3.43806643e-01
-3.40768699e-01
-3.37444162e-01
-3.33785169e-01
-3.29738238e-01
-3.25256993e-01
-3.20300727e-01
-3.14851014e-01
-3.08915711e-01
-3.02549069e-01
-2.95858713e-01
-2.89023396e-01
-2.82293108e-01
-2.75990218e-01
-2.70485739e-01
-2.66167958e-01
-2.63387185e-01
-2.62401300e-01
-2.63323185e-01
-2.66101774e-01
-2.70541094e-01
-2.76269137e-01
-3.84663035e-01
-3.87396950e-01
-3.89406628e-01
-3.90875501e-01
-3.91875739e-01
-3.92490070e-01
-3.92800953e-01
-3.92879674e-01
-3.92785407e-01
-3.92560870e-01
-3.92237550e-01
-3.91833566e-01
-3.91361117e-01
-3.90823677e-01
-3.90223751e-01
-3.89558467e-01
-3.88827220e-01
-3.88025729e-01
-3.87153706e-01
-3.86207730e-01
-3.85189146e-01
-3.84096073e-01
-3.82931665e-01
-3.81695475e-01
-3.80392115e-01
-3.79022132e-01
-3.77591036e-01
-3.76099800e-01
-3.74554177e-01
-3.72954919e-01
-3.71307281e-01
-3.69611014e-01
-3.67869937e-01
-3.66081759e-01
-3.64247567e-01
-3.62361517e-01
-3.60420093e-01
-3.58411696e-01
-3.56325543e-01
-3.54141247e-01
-3.51837298e-01
-3.49380854e-01
-3.46735984e-01
-3.43854202e-01
-3.40683089e-01
-3.37158674e-01
-3.33215775e-01
-3.28784112e-01
-3.23802453e-01
-3.18220839e-01
-3.12020472e-01
-3.05223127e-01
-2.97915587e-01
-2.90261578e-01
-2.82520786e-01
-2.75047109e-01
-2.68279935e-01
-2.62703851e-01
-2.58792630e-01
-2.56929117e-01
-2.57333249e-01
-2.60013785e-01
-2.64780883e-01
-2.71223786e-01
-3.89497680e-01
-3.92494816e-01
-3.94653854e-01
-3.96167600e-01
-3.97124993e-01
-3.97631409e-01
-3.97789348e-01
-3.97689878e-01
-3.97404473e-01
-3.96987510e-01
-3.96474360e-01
-3.95888769e-01
-3.95241742e-01
-3.94539745e-01
-3.93781970e-01
-3.92968095e-01
-3.92093635e-01
-3.91157332e-01
-3.90154993e-01
-3.89086881e-01
-3.87950499e-01
-3.86748227e-01
-3.85479379e-01
-3.84148212e-01
-3.82755445e-01
-3.81306653e-01
-3.79803390e-01
-3.78251902e-01
-3.76653956e-01
-3.75015778e-01
-3.73338652e-01
-3.71627977e-01
-3.69883671e-01
-3.68109209e-01
-3.66301860e-01
-3.64461547e-01
-3.62580920e-01
-3.60653868e-01
-3.58665451e-01
-3.56599915e-01
-3.54430566e-01
-3.52127282e-01
-3.49646611e-01
-3.46939097e-01
-3.43940346e-01
-3.40579135e-01
-3.36771020e-01
-3.32429195e-01
-3.27463313e-01
-3.21796052e-01
-3.15370349e-01
-3.08174153e-01
-3.00256937e-01
-2.91759893e-01
-2.82933272e-01
-2.74155261e-01
-2.65923850e-01
-2.58829927e-01
-2.53488775e-01
-2.50447734e-01
-2.50076060e-01
-2.52485043e-01
-2.57512919e-01
-2.64713373e-01
-3.95019612e-01
-3.98332820e-01
-4.00654238e-01
-4.02189395e-01
-4.03054392e-01
-4.03385263e-01
-4.03316080e-01
-4.02961665e-01
-4.02413706e-01
-4.01737006e-01
-4.00976102e-01
-4.00155896e-01
-3.99290789e-01
-3.98384202e-01
-3.97437017e-01
-3.96444641e-01
-3.95404479e-01
-3.94310950e-01
-3.93162517e-01
-3.91955337e-01
-3.90690322e-01
-3.89365911e-01
-3.87985419e-01
-3.86549222e-01
-3.85062469e-01
-3.83526853e-01
-3.81948670e-01
-3.80330275e-01
-3.78678419e-01
-3.76995460e-01
-3.75287873e-01
-3.73557263e-01
-3.71808914e-01
-3.70042628e-01
-3.68261155e-01
-3.66460849e-01
-3.64639804e-01
-3.62788301e-01
-3.60896455e-01
-3.58944445e-01
-3.56909541e-01
-3.54756205e-01
-3.52442555e-01
-3.49910740e-01
-3.47093367e-01
-3.43905225e-01
-3.40251118e-01
-3.36021159e-01
-3.31102834e-01
-3.25383538e-01
-3.18770943e-01
-3.11206988e-01
-3.02699558e-01
-2.93348180e-01
-2.83381477e-01
-2.73179768e-01
-2.63290369e-01
-2.54404663e-01
-2.47298923e-01
-2.42720191e-01
-2.41244662e-01
-2.43141699e-01
-2.48319214e-01
-2.56304801e-01
-4.01372632e-01
-4.05069236e-01
-4.07560628e-01
-4.09074371e-01
-4.09766922e-01
-4.09822751e-01
-4.09418581e-01
-4.08705316e-01
-4.07797422e-01
-4.06776442e-01
-4.05692821e-01
-4.04576478e-01
-4.03439422e-01
-4.02285819e-01
-4.01111537e-01
-3.99912301e-01
-3.98680301e-01
-3.97411144e-01
-3.96098535e-01
-3.94740854e-01
-3.93334693e-01
-3.91881554e-01
-3.90380704e-01
-3.88836186e-01
-3.87249227e-01
-3.85625611e-01
-3.83967768e-01
-3.82282450e-01
-3.80572583e-01
-3.78845165e-01
-3.77102916e-01
-3.75352281e-01
-3.73594904e-01
-3.71835590e-01
-3.70073584e-01
-3.68310321e-01
-3.66540477e-01
-3.64759292e-01
-3.62953334e-01
-3.61107194e-01
-3.59193935e-01
-3.57181036e-01
-3.55020672e-01
-3.52655072e-01
-3.50007218e-01
-3.46986461e-01
-3.43481156e-01
-3.39366626e-01
-3.34502799e-01
-3.28748431e-01
-3.21968704e-01
-3.14061192e-01
-3.04978875e-01
-2.94771423e-01
-2.83622644e-01
-2.71896749e-01
-2.60164712e-01
-2.49208886e-01
-2.39969943e-01
-2.33432345e-01
-2.30440943e-01
-2.31503235e-01
-2.36659752e-01
-2.45439265e-01
-4.08755523e-01
-4.12921627e-01
-4.15579452e-01
-4.16993529e-01
-4.17387488e-01
-4.17017809e-01
-4.16125999e-01
-4.14909352e-01
-4.13514859e-01
-4.12039812e-01
-4.10543962e-01
-4.09056464e-01
-4.07589128e-01
-4.06139812e-01
-4.04702371e-01
-4.03265617e-01
-4.01820713e-01
-4.00357198e-01
-3.98869254e-01
-3.97350112e-01
-3.95798118e-01
-3.94210269e-01
-3.92588498e-01
-3.90932714e-01
-3.89247434e-01
-3.87534498e-01
-3.85800048e-01
-3.84046999e-01
-3.82282289e-01
-3.80509159e-01
-3.78734569e-01
-3.76961307e-01
-3.75195429e-01
-3.73438197e-01
-3.71693382e-01
-3.69958979e-01
-3.68234176e-01
-3.66510775e-01
-3.64779591e-01
-3.63021490e-01
-3.61213003e-01
-3.59316964e-01
-3.57287266e-01
-3.55059326e-01
-3.52554340e-01
-3.49670433e-01
-3.46287684e-01
-3.42262062e-01
-3.37434118e-01
-3.31629841e-01
-3.24678276e-01
-3.16425899e-01
-3.06770521e-01
-2.95696368e-01
-2.83328588e-01
-2.69985882e-01
-2.56236995e-01
-2.42926644e-01
-2.31155249e-01
-2.22168301e-01
-2.17150445e-01
-2.16947418e-01
-2.21833290e-01
-2.31390715e-01
-4.17451176e-01
-4.22198085e-01
-4.24992319e-01
-4.26168662e-01
-4.26061620e-01
-4.25042292e-01
-4.23443939e-01
-4.21529195e-01
-4.19481652e-01
-4.17418171e-01
-4.15401764e-01
-4.13460711e-01
-4.11598349e-01
-4.09806874e-01
-4.08070104e-01
-4.06372295e-01
-4.04696087e-01
-4.03028813e-01
-4.01357919e-01
-3.99676481e-01
-3.97977419e-01
-3.96259040e-01
-3.94518662e-01
-3.92758473e-01
-3.90978828e-01
-3.89184477e-01
-3.87377640e-01
-3.85564554e-01
-3.83748375e-01
-3.81935944e-01
-3.80130536e-01
-3.78338724e-01
-3.76562964e-01
-3.74808407e-01
-3.73075291e-01
-3.71365501e-01
-3.69674695e-01
-3.67998395e-01
-3.66323725e-01
-3.64634786e-01
-3.62903904e-01
-3.61096082e-01
-3.59159771e-01
-3.57030430e-01
-3.54621195e-01
-3.51826166e-01
-3.48512206e-01
-3.44523745e-01
-3.39678541e-01
-3.33777871e-01
-3.26611659e-01
-3.17981041e-01
-3.07721690e-01
-2.95748873e-01
-2.82108962e-01
-2.67052621e-01
-2.51107579e-01
-2.35146204e-01
-2.20401114e-01
-2.08391967e-01
-2.00709293e-01
-1.98666181e-01
-2.02918468e-01
-2.13205383e-01
-4.27878731e-01
-4.33346710e-01
-4.36191318e-01
-4.36884327e-01
-4.35953414e-01
-4.33948145e-01
-4.31336043e-01
-4.28461755e-01
-4.25552410e-01
-4.22737962e-01
-4.20080943e-01
-4.17597573e-01
-4.15279475e-01
-4.13103078e-01
-4.11041744e-01
-4.09066726e-01
-4.07154153e-01
-4.05281752e-01
-4.03433934e-01
-4.01596692e-01
-3.99762350e-01
-3.97923716e-01
-3.96079085e-01
-3.94226058e-01
-3.92366948e-01
-3.90502416e-01
-3.88637249e-01
-3.86773861e-01
-3.84918348e-01
-3.83073867e-01
-3.81246857e-01
-3.79440276e-01
-3.77659844e-01
-3.75907116e-01
-3.74185572e-01
-3.72493447e-01
-3.70829468e-01
-3.69185330e-01
-3.67550824e-01
-3.65905829e-01
-3.64224570e-01
-3.62467020e-01
-3.60582141e-01
-3.58498779e-01
-3.56128064e-01
-3.53354406e-01
-3.50037999e-01
-3.46007594e-01
-3.41065529e-01
-3.34985915e-01
-3.27527190e-01
-3.18442716e-01
-3.07510182e-01
-2.94566854e-01
-2.79570605e-01
-2.62674988e-01
-2.44330196e-01
-2.25383874e-01
-2.07158805e-01
-1.91435842e-01
-1.80273080e-01
-1.75603475e-01
-1.78686529e-01
-1.89604350e-01
-4.40686984e-01
-4.47041090e-01
-4.49727894e-01
-4.49501461e-01
-4.47228105e-01
-4.43739004e-01
-4.39686311e-01
-4.35514999e-01
-4.31489476e-01
-4.27742825e-01
-4.24319465e-01
-4.21213230e-01
-4.18389257e-01
-4.15803162e-01
-4.13407137e-01
-4.11158760e-01
-4.09019511e-01
-4.06959610e-01
-4.04953560e-01
-4.02984027e-01
-4.01036365e-01
-3.99102650e-01
-3.97175893e-01
-3.95254519e-01
-3.93336483e-01
-3.91424195e-01
-3.89518567e-01
-3.87624301e-01
-3.85743862e-01
-3.83882990e-01
-3.82044582e-01
-3.80234299e-01
-3.78454311e-01
-3.76708835e-01
-3.74997682e-01
-3.73321547e-01
-3.71675242e-01
-3.70052505e-01
-3.68438791e-01
-3.66815327e-01
-3.65151313e-01
-3.63406983e-01
-3.61525143e-01
-3.59433167e-01
-3.57034081e-01
-3.54207886e-01
-3.50803052e-01
-3.46638486e-01
-3.41497604e-01
-3.35134001e-01
-3.27272605e-01
-3.17625377e-01
-3.05908655e-01
-2.91881805e-01
-2.75398942e-01
-2.56494153e-01
-2.35493164e-01
-2.13158977e-01
-1.90834237e-01
-1.70522927e-01
-1.54791541e-01
-1.46375626e-01
-1.47461444e-01
-1.58818173e-01
-4.56933376e-01
-4.64324929e-01
-4.66382985e-01
-4.64456146e-01
-4.60011966e-01
-4.54310275e-01
-4.48244213e-01
-4.42357427e-01
-4.36930154e-01
-4.32066642e-01
-4.27768652e-01
-4.23982655e-01
-4.20633836e-01
-4.17641518e-01
-4.14931883e-01
-4.12439074e-01
-4.10109982e-01
-4.07900285e-01
-4.05777216e-01
-4.03714185e-01
-4.01693585e-01
-3.99701180e-01
-3.97729480e-01
-3.95772184e-01
-3.93828140e-01
-3.91895851e-01
-3.89977907e-01
-3.88075503e-01
-3.86193191e-01
-3.84333363e-01
-3.82501168e-01
-3.80698906e-01
-3.78930964e-01
-3.77198046e-01
-3.75501950e-01
-3.73839550e-01
-3.72207198e-01
-3.70594325e-01
-3.68987227e-01
-3.67362117e-01
-3.65688030e-01
-3.63919185e-01
-3.61996815e-01
-3.59840822e-01
-3.57350580e-01
-3.54396250e-01
-3.50819164e-01
-3.46423935e-01
-3.40980087e-01
-3.34217537e-01
-3.25833085e-01
-3.15494658e-01
-3.02860586e-01
-2.87604891e-01
-2.69468563e-01
-2.48335512e-01
-2.24357733e-01
-1.98129899e-01
-1.70914097e-01
-1.44849619e-01
-1.23020730e-01
-1.09171400e-01
-1.06893892e-01
-1.18282730e-01
-4.78440788e-01
-4.86862524e-01
-4.87247769e-01
-4.82219433e-01
-4.74292857e-01
-4.65344556e-01
-4.56532454e-01
-4.48455041e-01
-4.41342967e-01
-4.35215689e-01
-4.29984454e-01
-4.25518277e-01
-4.21677180e-01
-4.18332509e-01
-4.15371690e-01
-4.12702943e-01
-4.10251248e-01
-4.07959385e-01
-4.05782021e-01
-4.03686795e-01
-4.01648450e-01
-3.99650795e-01
-3.97681219e-01
-3.95733505e-01
-3.93802650e-01
-3.91888331e-01
-3.89989894e-01
-3.88110262e-01
-3.86250986e-01
-3.84416410e-01
-3.82608692e-01
-3.80832073e-01
-3.79087781e-01
-3.77378228e-01
-3.75701718e-01
-3.74056375e-01
-3.72434531e-01
-3.70826164e-01
-3.69212808e-01
-3.67570249e-01
-3.65861784e-01
-3.64039930e-01
-3.62038909e-01
-3.59775242e-01
-3.57139527e-01
-3.53996087e-01
-3.50174549e-01
-3.45469313e-01
-3.39632233e-01
-3.32373734e-01
-3.23359314e-01
-3.12216217e-01
-2.98539870e-01
-2.81916092e-01
-2.61954957e-01
-2.38359590e-01
-2.11040871e-01
-1.80315224e-01
-1.47200467e-01
-1.13798201e-01
-8.36313058e-02
-6.16616033e-02
-5.35909835e-02
-6.40500852e-02
-5.08550383e-01
-5.17357517e-01
-5.13772355e-01
-5.03138149e-01
-4.89707864e-01
-4.76121674e-01
-4.63714176e-01
-4.52988440e-01
-4.43992660e-01
-4.36559238e-01
-4.30443278e-01
-4.25391163e-01
-4.21174432e-01
-4.17598858e-01
-4.14507812e-01
-4.11776340e-01
-4.09308823e-01
-4.07031126e-01
-4.04888931e-01
-4.02840809e-01
-4.00858211e-01
-3.98919627e-01
-3.97011965e-01
-3.95125464e-01
-3.93256039e-01
-3.91400627e-01
-3.89560166e-01
-3.87735146e-01
-3.85928972e-01
-3.84143581e-01
-3.82382986e-01
-3.80648844e-01
-3.78944017e-01
-3.77267988e-01
-3.75620255e-01
-3.73995486e-01
-3.72386536e-01
-3.70779198e-01
-3.69154614e-01
-3.67483450e-01
-3.65727446e-01
-3.63832847e-01
-3.61730887e-01
-3.59330388e-01
-3.56517104e-01
-3.53145622e-01
-3.49037813e-01
-3.43974560e-01
-3.37694057e-01
-3.29884508e-01
-3.20183772e-01
-3.08175247e-01
-2.93392262e-01
-2.75323293e-01
-2.53433373e-01
-2.27204625e-01
-1.96228734e-01
-1.60388060e-01
-1.20198818e-01
-7.73715519e-02
-3.55612452e-02
-1.02268000e-03
1.74541243e-02
1.04011746e-02
-5.53787699e-01
-5.60189724e-01
-5.47600822e-01
-5.26980410e-01
-5.05102730e-01
-4.85207019e-01
-4.68411397e-01
-4.54777773e-01
-4.43928466e-01
-4.35360933e-01
-4.28587276e-01
-4.23188316e-01
-4.18823211e-01
-4.15225375e-01
-4.12189027e-01
-4.09559157e-01
-4.07218579e-01
-4.05081374e-01
-4.03083407e-01
-4.01179374e-01
-3.99335923e-01
-3.97531155e-01
-3.95749306e-01
-3.93981776e-01
-3.92222668e-01
-3.90470739e-01
-3.88725385e-01
-3.86989133e-01
-3.85263818e-01
-3.83553368e-01
-3.81860015e-01
-3.80187174e-01
-3.78535568e-01
-3.76906026e-01
-3.75295403e-01
-3.73699105e-01
-3.72106681e-01
-3.70503860e-01
-3.68867644e-01
-3.67167636e-01
-3.65360449e-01
-3.63390091e-01
-3.61181541e-01
-3.58640001e-01
-3.55643582e-01
-3.52041385e-01
-3.47645398e-01
-3.42227562e-01
-3.35511168e-01
-3.27167166e-01
-3.16805334e-01
-3.03969922e-01
-2.88130671e-01
-2.68678413e-01
-2.44919350e-01
-2.16082973e-01
-1.81356654e-01
-1.40002374e-01
-9.16533164e-02
-3.69749867e-02
2.11047418e-02
7.55791082e-02
1.13583415e-01
1.16591734e-01
-6.27707768e-01
-6.22050993e-01
-5.89617893e-01
-5.51782236e-01
-5.17702588e-01
-4.89997135e-01
-4.68531246e-01
-4.52270237e-01
-4.40055749e-01
-4.30876222e-01
-4.23928967e-01
-4.18603386e-01
-4.14445905e-01
-4.11122094e-01
-4.08387928e-01
-4.06064763e-01
-4.04023649e-01
-4.02170631e-01
-4.00439281e-01
-3.98781749e-01
-3.97165804e-01
-3.95568861e-01
-3.93977462e-01
-3.92382828e-01
-3.90781690e-01
-3.89172614e-01
-3.87557587e-01
-3.85938717e-01
-3.84320229e-01
-3.82705300e-01
-3.81098236e-01
-3.79501296e-01
-3.77916863e-01
-3.76344124e-01
-3.74781064e-01
-3.73220876e-01
-3.71653584e-01
-3.70062032e-01
-3.68422927e-01
-3.66702235e-01
-3.64855418e-01
-3.62822064e-01
-3.60525097e-01
-3.57864490e-01
-3.54715292e-01
-3.50920337e-01
-3.46286963e-01
-3.40578627e-01
-3.33510072e-01
-3.24737369e-01
-3.13850456e-01
-3.00359569e-01
-2.83681485e-01
-2.63116387e-01
-2.37819165e-01
-2.06757137e-01
-1.68664458e-01
-1.22015798e-01
-6.51193394e-02
3.41659218e-03
8.32706853e-02
1.69122140e-01
2.44716468e-01
2.75854255e-01
-7.59909021e-01
-7.10919381e-01
-6.36529233e-01
-5.71267256e-01
-5.21800888e-01
-4.86290976e-01
-4.61286152e-01
-4.43736788e-01
-4.31362826e-01
-4.22557988e-01
-4.16212379e-01
-4.11561917e-01
-4.08077452e-01
-4.05390774e-01
-4.03243145e-01
-4.01452888e-01
-3.99891342e-01
-3.98468729e-01
-3.97121909e-01
-3.95808329e-01
-3.94499008e-01
-3.93176287e-01
-3.91829255e-01
-3.90453407e-01
-3.89047260e-01
-3.87613021e-01
-3.86153779e-01
-3.84674721e-01
-3.83180575e-01
-3.81677090e-01
-3.80168543e-01
-3.78659286e-01
-3.77151172e-01
-3.75645001e-01
-3.74137743e-01
-3.72623707e-01
-3.71091417e-01
-3.69524323e-01
-3.67897174e-01
-3.66176051e-01
-3.64314075e-01
-3.62250549e-01
-3.59905814e-01
-3.57179317e-01
-3.53943450e-01
-3.50040340e-01
-3.45274482e-01
-3.39407898e-01
-3.32150982e-01
-3.23154909e-01
-3.11998616e-01
-2.98174595e-01
-2.81065098e-01
-2.59909099e-01
-2.33746658e-01
-2.01331520e-01
-1.60986621e-01
-1.10381058e-01
-4.62212940e-02
3.60088547e-02
1.41619544e-01
2.73447410e-01
4.20263464e-01
5.28156536e-01
-1.01573951e+00
-8.25239664e-01
-6.70873366e-01
-5.70286565e-01
-5.07642156e-01
-4.68580439e-01
-4.43832156e-01
-4.27851677e-01
-4.17348851e-01
-4.10338395e-01
-4.05590946e-01
-4.02323096e-01
-4.00022960e-01
-3.98348373e-01
-3.97067617e-01
-3.96021807e-01
-3.95102456e-01
-3.94235334e-01
-3.93371200e-01
-3.92477758e-01
-3.91535747e-01
-3.90534321e-01
-3.89469604e-01
-3.88341659e-01
-3.87154275e-01
-3.85912709e-01
-3.84624119e-01
-3.83295675e-01
-3.81935316e-01
-3.80549998e-01
-3.79146573e-01
-3.77730020e-01
-3.76304283e-01
-3.74870358e-01
-3.73426934e-01
-3.71968210e-01
-3.70484178e-01
-3.68958014e-01
-3.67365825e-01
-3.65673459e-01
-3.63835503e-01
-3.61791343e-01
-3.59463230e-01
-3.56751402e-01
-3.53531028e-01
-3.49646203e-01
-3.44905479e-01
-3.39074325e-01
-3.31868500e-01
-3.22943613e-01
-3.11883795e-01
-2.98183715e-01
-2.81224020e-01
-2.60230203e-01
-2.34205923e-01
-2.01814327e-01
-1.61164158e-01
-1.09405856e-01
-4.19573173e-02
4.89690044e-02
1.76884137e-01
3.63603648e-01
6.32429057e-01
9.46121070e-01
-1.53365828e+00
-9.08279704e-01
-6.46325825e-01
-5.26354094e-01
-4.66492454e-01
-4.34421626e-01
-4.16279036e-01
-4.05628172e-01
-3.99249741e-01
-3.95416538e-01
-3.93139780e-01
-3.91821189e-01
-3.91082165e-01
-3.90675884e-01
-3.90438163e-01
-3.90259596e-01
-3.90067498e-01
-3.89815184e-01
-3.89473753e-01
-3.89027476e-01
-3.88469394e-01
-3.87799331e-01
-3.87021211e-01
-3.86142368e-01
-3.85171694e-01
-3.84119636e-01
-3.82996759e-01
-3.81814090e-01
-3.80581873e-01
-3.79310056e-01
-3.78007081e-01
-3.76680373e-01
-3.75335039e-01
-3.73974227e-01
-3.72597614e-01
-3.71201494e-01
-3.69776927e-01
-3.68309392e-01
-3.66776449e-01
-3.65146781e-01
-3.63377198e-01
-3.61410889e-01
-3.59173592e-01
-3.56570876e-01
-3.53483317e-01
-3.49762607e-01
-3.45225503e-01
-3.39648386e-01
-3.32759345e-01
-3.24229990e-01
-3.13663462e-01
-3.00579388e-01
-2.84390198e-01
-2.64365000e-01
-2.39567081e-01
-2.08742989e-01
-1.70109113e-01
-1.20915180e-01
-5.64722103e-02
3.22057151e-02
1.64567800e-01
3.86894041e-01
8.10400216e-01
1.66832394e+00
SCALARS vorticity double 1
LOOKUP_TABLE default
1.23678320e-03
5.66860384e-04
4.92153646e-03
1.57915678e-02
3.17414566e-02
5.20410779e-02
7.60554244e-02
1.03126345e-01
1.32594181e-01
1.63834431e-01
1.96280251e-01
2.29433118e-01
2.62863911e-01
2.96209620e-01
3.29166085e-01
3.61480181e-01
3.92940809e-01
4.23371107e-01
4.52620720e-01
4.80559876e-01
5.07073893e-01
5.32059457e-01
5.55421267e-01
5.77070130e-01
5.96921243e-01
6.14893533e-01
6.30909012e-01
6.44892852e-01
6.56773378e-01
6.66482522e-01
6.73956180e-01
6.79134842e-01
6.81964172e-01
6.82395728e-01
6.80387726e-01
6.75905847e-01
6.68924219e-01
6.59426378e-01
6.47406563e-01
6.32870970e-01
6.15839529e-01
5.96347637e-01
5.74448638e-01
5.50216269e-01
5.23748059e-01
4.95168686e-01
4.64634415e-01
4.32337376e-01
3.98510910e-01
3.63434437e-01
3.27439088e-01
2.90912228e-01
2.54301996e-01
2.18119535e-01
1.82939668e-01
1.49396727e-01
1.18174566e-01
8.99827382e-02
6.55065469e-02
4.52984076e-02
2.95567612e-02
1.77149478e-02
7.81508534e-03
1.17362401e-03
8.88147018e-03
1.07127103e-02
1.64801126e-02
2.76027926e-02
4.27083975e-02
6.13572821e-02
8.31844925e-02
1.07735051e-01
1.34495520e-01
1.62945439e-01
1.92591211e-01
2.22983447e-01
2.53724264e-01
2.84468259e-01
3.14919856e-01
3.44828273e-01
3.73981550e-01
4.02200186e-01
4.29331175e-01
4.55242533e-01
4.79818730e-01
5.02956827e-01
5.24563542e-01
5.44552951e-01
5.62844930e-01
5.79364041e-01
5.94038943e-01
6.06802063e-01
6.17589594e-01
6.26341640e-01
6.33002546e-01
6.37521309e-01
6.39852105e-01
6.39954871e-01
6.37795975e-01
6.33348968e-01
6.26595423e-01
6.17525916e-01
6.06141119e-01
5.92453129e-01
5.76486966e-01
5.58282408e-01
5.37896066e-01
5.15403889e-01
4.90903968e-01
4.64519807e-01
4.36403865e-01
4.06741496e-01
3.75754970e-01
3.43707610e-01
3.10907542e-01
2.77710928e-01
2.44523860e-01
2.11802428e-01
1.80049559e-01
1.49807128e-01
1.21639507e-01
9.61007482e-02
7.36670877e-02
5.46016413e-02
3.87051409e-02
2.49158853e-02
1.07365367e-02
1.45920813e-03
1.94434596e-02
2.55349589e-02
3.45774021e-02
4.59691920e-02
5.95254037e-02
7.53198641e-02
9.33583086e-02
1.13486037e-01
1.35428268e-01
1.58848642e-01
1.83390779e-01
2.08703370e-01
2.34454987e-01
2.60342415e-01
2.86094522e-01
3.11472896e-01
3.36270347e-01
3.60308056e-01
3.83432111e-01
4.05509825e-01
4.26426225e-01
4.46080857e-01
4.64385057e-01
4.81259700e-01
4.96633442e-01
5.10441402e-01
5.22624237e-01
5.33127550e-01
5.41901561e-01
5.48901003e-01
5.54085180e-01
5.57418159e-01
5.58869083e-01
5.58412571e-01
5.56029210e-01
5.51706147e-01
5.45437788e-01
5.37226617e-01
5.27084168e-01
5.15032167e-01
5.01103870e-01
4.85345629e-01
4.67818677e-01
4.48601174e-01
4.27790446e-01
4.05505429e-01
3.81889193e-01
3.57111471e-01
3.31370980e-01
3.04897345e-01
2.77952238e-01
2.50829320e-01
2.23852287e-01
1.97370173e-01
1.71748542e-01
1.47354574e-01
1.24531842e-01
1.03555922e-01
8.45538777e-02
6.73677505e-02
5.13704617e-02
3.53391550e-02
1.76170467e-02
6.56922361e-03
3.12965823e-02
3.89910338e-02
4.99424321e-02
6.10673186e-02
7.28475852e-02
8.57739503e-02
1.00164810e-01
1.16115274e-01
1.33549777e-01
1.52287786e-01
1.72091203e-01
1.92694928e-01
2.13827204e-01
2.35223570e-01
2.56636027e-01
2.77838385e-01
2.98628646e-01
3.18829250e-01
3.38285874e-01
3.56865373e-01
3.74453276e-01
3.90951188e-01
4.06274292e-01
4.20349126e-01
4.33111678e-01
4.44505853e-01
4.54482288e-01
4.62997486e-01
4.70013233e-01
4.75496246e-01
4.79418018e-01
4.81754819e-01
4.82487834e-01
4.81603419e-01
4.79093461e-01
4.74955863e-01
4.69195134e-01
4.61823127e-01
4.52859916e-01
4.42334845e-01
4.30287738e-01
4.16770300e-01
4.01847660e-01
3.85600061e-01
3.68124596e-01
3.49536950e-01
3.29972974e-01
3.09589960e-01
2.88567378e-01
2.67106804e-01
2.45430667e-01
2.23779345e-01
2.02405944e-01
1.81567932e-01
1.61514450e-01
1.42467594e-01
1.24594218e-01
1.07960931e-01
9.24602922e-02
7.77028697e-02
6.29173563e-02
4.70066699e-02
2.89408060e-02
1.77172154e-02
4.69928665e-02
5.47086370e-02
6.55940801e-02
7.54212435e-02
8.49000808e-02
9.47451681e-02
1.05481964e-01
1.17387891e-01
1.30540415e-01
1.44882358e-01
1.60271106e-01
1.76512091e-01
1.93382822e-01
2.10650926e-01
2.28087437e-01
2.45475932e-01
2.62618180e-01
2.79336999e-01
2.95477046e-01
3.10904148e-01
3.25503699e-01
3.39178556e-01
3.51846751e-01
3.63439248e-01
3.73897914e-01
3.83173764e-01
3.91225531e-01
3.98018556e-01
4.03523965e-01
4.07718107e-01
4.10582208e-01
4.12102214e-01
4.12268790e-01
4.11077465e-01
4.08528903e-01
4.04629310e-01
3.99390980e-01
3.92832977e-01
3.84981987e-01
3.75873313e-01
3.65552033e-01
3.54074288e-01
3.41508661e-01
3.27937585e-01
3.13458677e-01
2.98185864e-01
2.82250145e-01
2.65799755e-01
2.48999500e-01
2.32028948e-01
2.15079119e-01
1.98347224e-01
1.82028903e-01
1.66307280e-01
1.51338067e-01
1.37229609e-01
1.24015572e-01
1.11615058e-01
9.97724745e-02
8.79804451e-02
7.54395130e-02
6.11965525e-02
4.45581443e-02
3.41372583e-02
6.72030466e-02
7.38696772e-02
8.29481525e-02
9.03898084e-02
9.69304323e-02
1.03369961e-01
1.10346832e-01
1.18255821e-01
1.27281576e-01
1.37457183e-01
1.48711409e-01
1.60902808e-01
1.73845777e-01
1.87331397e-01
2.01143796e-01
2.15072270e-01
2.28919575e-01
2.42506954e-01
2.55676582e-01
2.68292063e-01
2.80237562e-01
2.91416089e-01
3.01747341e-01
3.11165417e-01
3.19616616e-01
3.27057472e-01
3.33453080e-01
3.38775750e-01
3.43003961e-01
3.46121611e-01
3.48117506e-01
3.48985069e-01
3.48722234e-01
3.47331505e-01
3.44820175e-01
3.41200693e-01
3.36491197e-01
3.30716197e-01
3.23907429e-01
3.16104861e-01
3.07357844e-01
2.97726354e-01
2.87282264e-01
2.76110560e-01
2.64310345e-01
2.51995477e-01
2.39294624e-01
2.26350494e-01
2.13317963e-01
2.00360792e-01
1.87646611e-01
1.75339776e-01
1.63591708e-01
1.52528275e-01
1.42233885e-01
1.32731835e-01
1.23959691e-01
1.15736147e-01
1.07714401e-01
9.93289912e-02
8.97905905e-02
7.82544078e-02
6.42052565e-02
5.52358268e-02
9.18453164e-02
9.66990201e-02
1.02589306e-01
1.06673613e-01
1.09646432e-01
1.12318516e-01
1.15376095e-01
1.19279455e-01
1.24280552e-01
1.30472266e-01
1.37831534e-01
1.46252480e-01
1.55573300e-01
1.65598894e-01
1.76119461e-01
1.86924926e-01
1.97815330e-01
2.08607606e-01
2.19139369e-01
2.29270324e-01
2.38881972e-01
2.47876150e-01
2.56172919e-01
2.63708169e-01
2.70431224e-01
2.76302640e-01
2.81292282e-01
2.85377745e-01
2.88543105e-01
2.90777986e-01
2.92076911e-01
2.92438894e-01
2.91867257e-01
2.90369629e-01
2.87958143e-01
2.84649797e-01
2.80467003e-01
2.75438308e-01
2.69599299e-01
2.62993655e-01
2.55674344e-01
2.47704867e-01
2.39160500e-01
2.30129376e-01
2.20713255e-01
2.11027766e-01
2.01201894e-01
1.91376420e-01
1.81701039e-01
1.72329851e-01
1.63414943e-01
1.55097764e-01
1.47498052e-01
1.40700166e-01
1.34736834e-01
1.29570491e-01
1.25071721e-01
1.20992364e-01
1.16929779e-01
1.12290318e-01
1.06303826e-01
9.82005403e-02
8.75652920e-02
8.04911267e-02
1.20570039e-01
1.23065138e-01
1.24718064e-01
1.24645485e-01
1.23493516e-01
1.22052377e-01
1.21017743e-01
1.20879041e-01
1.21924304e-01
1.24280467e-01
1.27951882e-01
1.32851803e-01
1.38829399e-01
1.45693527e-01
1.53232965e-01
1.61232609e-01
1.69485518e-01
1.77801082e-01
1.86009844e-01
1.93965618e-01
2.01545565e-01
2.08648873e-01
2.15194587e-01
2.21119043e-01
2.26373232e-01
2.30920337e-01
2.34733551e-01
2.37794258e-01
2.40090592e-01
2.41616332e-01
2.42370126e-01
2.42354992e-01
2.41578069e-01
2.40050590e-01
2.37788075e-01
2.34810713e-01
2.31143962e-01
2.26819340e-01
2.21875408e-01
2.16358919e-01
2.10326092e-01
2.03843925e-01
1.96991446e-01
1.89860739e-01
1.82557554e-01
1.75201256e-01
1.67923848e-01
1.60867768e-01
1.54182163e-01
1.48017365e-01
1.42517305e-01
1.37809701e-01
1.33993896e-01
1.31126460e-01
1.29204884e-01
1.28149958e-01
1.27786889e-01
1.27823373e-01
1.27821874e-01
1.27174286e-01
1.25127603e-01
1.20960931e-01
1.14313339e-01
1.09419968e-01
1.52955340e-01
1.52706920e-01
1.49344885e-01
1.44489317e-01
1.38753109e-01
1.32898555e-01
1.27611600e-01
1.23387797e-01
1.20528671e-01
1.19174891e-01
1.19340734e-01
1.20943989e-01
1.23832908e-01
1.27810793e-01
1.32657510e-01
1.38147085e-01
1.44061071e-01
1.50197808e-01
1.56378024e-01
1.62447448e-01
1.68277095e-01
1.73761947e-01
1.78818634e-01
1.83382620e-01
1.87405283e-01
1.90851154e-01
1.93695460e-01
1.95922072e-01
1.97521854e-01
1.98491405e-01
1.98832170e-01
1.98549856e-01
1.97654143e-01
1.96158648e-01
1.94081128e-01
1.91443923e-01
1.88274618e-01
1.84606934e-01
1.80481827e-01
1.75948763e-01
1.71067113e-01
1.65907572e-01
1.60553475e-01
1.55101831e-01
1.49663835e-01
1.44364613e-01
1.39341879e-01
1.34743206e-01
1.30721597e-01
1.27429088e-01
1.25008187e-01
1.23581036e-01
1.23236339e-01
1.24014339e-01
1.25890446e-01
1.28758380e-01
1.32413256e-01
1.36533214e-01
1.40657294e-01
1.44167569e-01
1.46321223e-01
1.46424129e-01
1.44135796e-01
1.41585046e-01
1.88589305e-01
1.85328115e-01
1.76380725e-01
1.66264899e-01
1.55581000e-01
1.45067373e-01
1.35392857e-01
1.27045855e-01
1.20326012e-01
1.15372407e-01
1.12195102e-01
1.10703965e-01
1.10735714e-01
1.12079288e-01
1.14498471e-01
1.17750681e-01
1.21601418e-01
1.25834382e-01
1.30257656e-01
1.34706613e-01
1.39044267e-01
1.43159832e-01
1.46966146e-01
1.50396549e-01
1.53401621e-01
1.55946093e-01
1.58006097e-01
1.59566865e-01
1.60620871e-01
1.61166432e-01
1.61206698e-01
1.60749009e-01
1.59804577e-01
1.58388454e-01
1.56519769e-01
1.54222244e-01
1.51524944e-01
1.48463298e-01
1.45080334e-01
1.41428110e-01
1.37569266e-01
1.33578591e-01
1.29544448e-01
1.25569858e-01
1.21772994e-01
1.18286775e-01
1.15257249e-01
1.12840428e-01
1.11197249e-01
1.10486430e-01
1.10855016e-01
1.12426620e-01
1.15287478e-01
1.19470761e-01
1.24939948e-01
1.31572317e-01
1.39143207e-01
1.47309941e-01
1.55593445e-01
1.63365362e-01
1.69883748e-01
1.74461487e-01
1.76750479e-01
1.76614832e-01
2.27107747e-01
2.20643868e-01
2.05690635e-01
1.89953204e-01
1.74039167e-01
1.58671294e-01
1.44500385e-01
1.32000774e-01
1.21460165e-01
1.13004817e-01
1.06629404e-01
1.02225469e-01
9.96089482e-02
9.85464642e-02
9.87790564e-02
1.00042072e-01
1.02080550e-01
1.04660023e-01
1.07573117e-01
1.10642600e-01
1.13721658e-01
1.16692213e-01
1.19462007e-01
1.21961095e-01
1.24138191e-01
1.25957216e-01
1.27394241e-01
1.28434910e-01
1.29072392e-01
1.29305821e-01
1.29139190e-01
1.28580653e-01
1.27642181e-01
1.26339555e-01
1.24692659e-01
1.22726066e-01
1.20469921e-01
1.17961089e-01
1.15244562e-01
1.12375068e-01
1.09418815e-01
1.06455231e-01
1.03578543e-01
1.00898957e-01
9.85431777e-02
9.66539146e-02
9.53880552e-02
9.49131261e-02
9.54017293e-02
9.70236937e-02
9.99358011e-02
1.04269104e-01
1.10114070e-01
1.17504107e-01
1.26398392e-01
1.36665237e-01
1.48066803e-01
1.60244274e-01
1.72701835e-01
1.84797117e-01
1.95778790e-01
2.04948927e-01
2.11927961e-01
2.14222472e-01
2.68209545e-01
2.58405327e-01
2.37128774e-01
2.15492021e-01
1.94126762e-01
1.73749510e-01
1.54995199e-01
1.38320962e-01
1.23996108e-01
1.12125890e-01
1.02680804e-01
9.55254436e-02
9.04469758e-02
8.71826178e-02
8.54445787e-02
8.49410397e-02
8.53923977e-02
8.65426438e-02
8.81662427e-02
9.00711922e-02
9.20991027e-02
9.41231681e-02
9.60448298e-02
9.77898077e-02
9.93040128e-02
1.00549697e-01
1.01502051e-01
1.02146368e-01
1.02475773e-01
1.02489516e-01
1.02191775e-01
1.01590898e-01
1.00699063e-01
9.95322872e-02
9.81107952e-02
9.64597012e-02
9.46100174e-02
9.25999670e-02
9.04765727e-02
8.82974735e-02
8.61328747e-02
8.40674998e-02
8.22023504e-02
8.06560270e-02
7.95653039e-02
7.90846084e-02
7.93840222e-02
8.06454276e-02
8.30564557e-02
8.68019766e-02
9.20530030e-02
9.89530605e-02
1.07602325e-01
1.18040161e-01
1.30227105e-01
1.44027640e-01
1.59194701e-01
1.75355273e-01
1.91995729e-01
2.08454470e-01
2.23960393e-01
2.37788796e-01
2.49508367e-01
2.54216171e-01
3.11661705e-01
2.98411118e-01
2.70559943e-01
2.42801537e-01
2.15805618e-01
1.90291254e-01
1.66880907e-01
1.46013439e-01
1.27935575e-01
1.12725465e-01
1.00322405e-01
9.05568158e-02
8.31801703e-02
7.78939689e-02
7.43760564e-02
7.23027432e-02
7.13658830e-02
7.12847506e-02
7.18130983e-02
7.27421176e-02
7.39002147e-02
7.51505399e-02
7.63871454e-02
7.75304975e-02
7.85229019e-02
7.93242208e-02
7.99081148e-02
8.02589113e-02
8.03691262e-02
8.02376038e-02
7.98682214e-02
7.92690936e-02
7.84522244e-02
7.74335628e-02
7.62334388e-02
7.48773606e-02
7.33971650e-02
7.18325035e-02
7.02326340e-02
6.86584580e-02
6.71847062e-02
6.59021200e-02
6.49194232e-02
6.43648105e-02
6.43866226e-02
6.51528261e-02
6.68488915e-02
6.96736591e-02
7.38328307e-02
7.95298123e-02
8.69537796e-02
9.62650387e-02
1.07578025e-01
1.20942643e-01
1.36325072e-01
1.53589496e-01
1.72481828e-01
1.92615053e-01
2.13455169e-01
2.34315279e-01
2.54394313e-01
2.72926404e-01
2.89411123e-01
2.96503713e-01
3.57297462e-01
3.40511112e-01
3.05871376e-01
2.71800764e-01
2.39018525e-01
2.08254142e-01
1.80121242e-01
1.55040318e-01
1.33232595e-01
1.14744334e-01
9.94778048e-02
8.72230397e-02
7.76897044e-02
7.05379042e-02
6.54060690e-02
6.19343005e-02
5.97822883e-02
5.86416366e-02
5.82430158e-02
5.83589320e-02
5.88031000e-02
5.94274450e-02
6.01176767e-02
6.07882225e-02
6.13771176e-02
6.18412594e-02
6.21522640e-02
6.22930365e-02
6.22550684e-02
6.20364263e-02
6.16403620e-02
6.10744782e-02
6.03503841e-02
5.94837986e-02
5.84950683e-02
5.74100856e-02
5.62615917e-02
5.50908505e-02
5.39496529e-02
5.29025941e-02
5.20295078e-02
5.14279012e-02
5.12151603e-02
5.15302344e-02
5.25344421e-02
5.44109897e-02
5.73627604e-02
6.16079370e-02
6.73730640e-02
7.48832517e-02
8.43493800e-02
9.59523764e-02
1.09824933e-01
1.26031412e-01
1.44547138e-01
1.65238629e-01
1.87846001e-01
2.11967448e-01
2.37045195e-01
2.62360499e-01
2.87072296e-01
3.10360243e-01
3.31639433e-01
3.41092000e-01
4.05012275e-01
3.84605517e-01
3.42978089e-01
3.02417126e-01
2.63701276e-01
2.27577374e-01
1.94653633e-01
1.65332369e-01
1.39806960e-01
1.18087685e-01
1.00034646e-01
8.53919064e-02
7.38217656e-02
6.49377204e-02
5.83341189e-02
5.36108318e-02
5.03920245e-02
4.83388960e-02
4.71568555e-02
4.65980123e-02
4.64600581e-02
4.65826557e-02
4.68423584e-02
4.71469045e-02
4.74295290e-02
4.76437200e-02
4.77586716e-02
4.77555394e-02
4.76245097e-02
4.73626314e-02
4.69723359e-02
4.64605637e-02
4.58384313e-02
4.51213846e-02
4.43298083e-02
4.34900698e-02
4.26359853e-02
4.18106874e-02
4.10688567e-02
4.04792457e-02
4.01273808e-02
4.01182636e-02
4.05788325e-02
4.16598682e-02
4.35369632e-02
4.64101134e-02
5.05014633e-02
5.60507269e-02
6.33078577e-02
7.25226342e-02
8.39309894e-02
9.77381398e-02
1.14098877e-01
1.33095795e-01
1.54716708e-01
1.78832909e-01
2.05179684e-01
2.33339318e-01
2.62726487e-01
2.92583737e-01
3.22019885e-01
3.50147129e-01
3.76281565e-01
3.88086118e-01
4.54757563e-01
4.30641720e-01
3.81824231e-01
3.34591308e-01
2.89789975e-01
2.48190649e-01
2.10399129e-01
1.76799596e-01
1.47555286e-01
1.22636573e-01
1.01856506e-01
8.49078919e-02
7.14004083e-02
6.08960233e-02
5.29406128e-02
4.70900464e-02
4.29298347e-02
4.00882443e-02
3.82434324e-02
3.71255726e-02
3.65151599e-02
3.62387062e-02
3.61629334e-02
3.61883739e-02
3.62430585e-02
3.62767455e-02
3.62559474e-02
3.61598604e-02
3.59771961e-02
3.57038570e-02
3.53413632e-02
3.48959457e-02
3.43782243e-02
3.38034190e-02
3.31920521e-02
3.25711262e-02
3.19757563e-02
3.14512399e-02
3.10555191e-02
3.08619639e-02
3.09623473e-02
3.14698304e-02
3.25216968e-02
3.42815059e-02
3.69402586e-02
4.07161097e-02
4.58521204e-02
5.26115418e-02
6.12701539e-02
7.21052831e-02
8.53812769e-02
1.01331445e-01
1.20136799e-01
1.41902358e-01
1.66632303e-01
1.94205713e-01
2.24354532e-01
2.56644368e-01
2.90458651e-01
3.24994093e-01
3.59298754e-01
3.92403765e-01
4.23511196e-01
4.37688013e-01
5.06534871e-01
4.78609751e-01
4.22381813e-01
3.68278699e-01
3.17224655e-01
2.70019484e-01
2.27269055e-01
1.89338955e-01
1.56359586e-01
1.28257223e-01
1.04792841e-01
8.56026872e-02
7.02386326e-02
5.82063346e-02
4.89989798e-02
4.21248600e-02
3.71278967e-02
3.36010900e-02
3.11935369e-02
2.96121085e-02
2.86190889e-02
2.80270973e-02
2.76924861e-02
2.75081903e-02
2.73967514e-02
2.73039873e-02
2.71935739e-02
2.70426352e-02
2.68383334e-02
2.65753822e-02
2.62543838e-02
2.58808865e-02
2.54650809e-02
2.50220666e-02
2.45726554e-02
2.41446811e-02
2.37748048e-02
2.35107859e-02
2.34141818e-02
2.35633900e-02
2.40569067e-02
2.50166023e-02
2.65907482e-02
2.89564428e-02
3.23210156e-02
3.69219151e-02
4.30245475e-02
5.09175128e-02
6.09047192e-02
7.32939339e-02
8.83814796e-02
1.06433008e-01
1.27660609e-01
1.52196956e-01
1.80067777e-01
2.11164435e-01
2.45218484e-01
2.81779303e-01
3.20196045e-01
3.59612370e-01
3.99003939e-01
4.37305435e-01
4.73587615e-01
4.90197671e-01
5.60389311e-01
5.28537263e-01
4.64647548e-01
4.03448037e-01
3.45949669e-01
2.92987255e-01
2.45168550e-01
2.02839225e-01
1.66093288e-01
1.34808012e-01
1.08686775e-01
8.73036511e-02
7.01473963e-02
5.66625793e-02
4.62855756e-02
3.84736692e-02
3.27264339e-02
2.85994521e-02
2.57111336e-02
2.37438508e-02
2.24408214e-02
2.16001749e-02
2.10674864e-02
2.07278217e-02
2.04980537e-02
2.03199474e-02
2.01542753e-02
1.99760588e-02
1.97709087e-02
1.95323766e-02
1.92601991e-02
1.89593249e-02
1.86396254e-02
1.83162236e-02
1.80103941e-02
1.77510099e-02
1.75765145e-02
1.75373983e-02
1.76991281e-02
1.81454515e-02
1.89819361e-02
2.03395448e-02
2.23779661e-02
2.52883448e-02
2.92949696e-02
3.46554128e-02
4.16585564e-02
5.06199194e-02
6.18737099e-02
7.57610897e-02
9.26142606e-02
1.12736188e-01
1.36376080e-01
1.63701207e-01
1.94766240e-01
2.29481912e-01
2.67585075e-01
3.08611772e-01
3.51875515e-01
3.96460012e-01
4.41255525e-01
4.85081779e-01
5.26856492e-01
5.46015764e-01
6.16404175e-01
5.80484002e-01
5.08637852e-01
4.40077295e-01
3.75910857e-01
3.17013931e-01
2.63996985e-01
2.17183029e-01
1.76624689e-01
1.42144120e-01
1.13380681e-01
8.98401105e-02
7.09424501e-02
5.60663197e-02
4.45872132e-02
3.59081110e-02
2.94816535e-02
2.48240424e-02
2.15215585e-02
1.92310535e-02
1.76759819e-02
1.66395278e-02
1.59562069e-02
1.55030521e-02
1.51911863e-02
1.49582917e-02
1.47622456e-02
1.45760000e-02
1.43836702e-02
1.41777202e-02
1.39571170e-02
1.37263238e-02
1.34950297e-02
1.32785367e-02
1.30987586e-02
1.29857975e-02
1.29800831e-02
1.31350416e-02
1.35202534e-02
1.42250068e-02
1.53621158e-02
1.70717913e-02
1.95252903e-02
2.29279756e-02
2.75213468e-02
3.35835197e-02
4.14275803e-02
5.13971893e-02
6.38588148e-02
7.91899933e-02
9.77631071e-02
1.19924323e-01
1.45967607e-01
1.76104155e-01
2.10428219e-01
2.48880994e-01
2.91214752e-01
3.36959416e-01
3.85394844e-01
4.35539330e-01
4.86183354e-01
5.36008609e-01
5.83750677e-01
6.05649457e-01
6.74695228e-01
6.34535918e-01
5.54381659e-01
4.78146269e-01
4.07048999e-01
3.42011190e-01
2.83645110e-01
2.32246038e-01
1.87817967e-01
1.50119985e-01
1.18719734e-01
9.30476673e-02
7.24491357e-02
5.62318480e-02
4.37064181e-02
3.42183904e-02
2.71710914e-02
2.20395912e-02
1.83768022e-02
1.58132167e-02
1.40519896e-02
1.28610431e-02
1.20636690e-02
1.15288050e-02
1.11618250e-02
1.08963712e-02
1.06874916e-02
1.05061532e-02
1.03350714e-02
1.01657317e-02
9.99645036e-03
9.83133780e-03
9.68004301e-03
9.55820007e-03
9.48851763e-03
9.50248304e-03
9.64265373e-03
9.96551204e-03
1.05448295e-02
1.14754593e-02
1.28774127e-02
1.49000228e-02
1.77259117e-02
2.15744100e-02
2.67039871e-02
3.34131826e-02
4.20394538e-02
5.29553085e-02
6.65610463e-02
8.32734309e-02
1.03509632e-01
1.27665866e-01
1.56090356e-01
1.89050570e-01
2.26695320e-01
2.69013034e-01
3.15788288e-01
3.66559207e-01
4.20580248e-01
4.76802601e-01
5.33902144e-01
5.90393610e-01
6.44790212e-01
6.69719430e-01
7.35405933e-01
6.90798083e-01
6.01909785e-01
5.17624534e-01
4.39288481e-01
3.67873240e-01
3.03988692e-01
2.47893417e-01
1.99532034e-01
1.58590004e-01
1.24553865e-01
9.67709286e-02
7.45055256e-02
5.69894840e-02
4.34647190e-02
3.32164703e-02
2.55966496e-02
2.00377081e-02
1.60581830e-02
1.32615665e-02
1.13303423e-02
1.00169890e-02
9.13352054e-03
8.54080506e-03
8.13854144e-03
7.85643063e-03
7.64680446e-03
7.47876332e-03
7.33374705e-03
7.20238876e-03
7.08248627e-03
6.97793075e-03
6.89846819e-03
6.86019694e-03
6.88674495e-03
7.01108570e-03
7.27797132e-03
7.74694808e-03
8.49590893e-03
9.62509230e-03
1.12613970e-02
1.35628118e-02
1.67226991e-02
2.09735878e-02
2.65900649e-02
3.38902717e-02
4.32354466e-02
5.50268825e-02
6.96996045e-02
8.77120101e-02
1.09530666e-01
1.35609433e-01
1.66362144e-01
2.02128285e-01
2.43131556e-01
2.89431970e-01
3.40872997e-01
3.97026453e-01
4.57140672e-01
5.20106400e-01
5.84472597e-01
6.48551892e-01
7.10578974e-01
7.38968295e-01
7.98701420e-01
7.49385193e-01
6.51238334e-01
5.58452128e-01
4.72519117e-01
3.94462184e-01
3.24878281e-01
2.63973743e-01
2.11617789e-01
1.67408130e-01
1.30738819e-01
1.00865323e-01
7.69645034e-02
5.81876046e-02
4.37044543e-02
3.27375693e-02
2.45857563e-02
1.86377047e-02
1.43768453e-02
1.13792451e-02
9.30651192e-03
7.89562700e-03
6.94736953e-03
6.31463949e-03
5.89159047e-03
5.60412479e-03
5.40200170e-03
5.25259736e-03
5.13621329e-03
5.04276576e-03
4.96966427e-03
4.92070855e-03
4.90585944e-03
4.94178510e-03
5.05311098e-03
5.27433634e-03
5.65238276e-03
6.24974729e-03
7.14820409e-03
8.45297611e-03
1.02972424e-02
1.28468029e-02
1.63046489e-02
2.09151370e-02
2.69673825e-02
3.47974373e-02
4.47887332e-02
5.73702044e-02
7.30114027e-02
9.22138120e-02
1.15497422e-01
1.43381473e-01
1.76358151e-01
2.14857975e-01
2.59205818e-01
3.09566978e-01
3.65883612e-01
4.27803392e-01
4.94606278e-01
5.65145909e-01
6.37841454e-01
7.10764430e-01
7.81793712e-01
8.14266268e-01
8.64760529e-01
8.10406198e-01
7.02341045e-01
6.00508137e-01
5.06567748e-01
4.21586203e-01
3.46124745e-01
2.80310935e-01
2.23914760e-01
1.76427526e-01
1.37137410e-01
1.05198955e-01
7.96955859e-02
5.96940909e-02
4.42896821e-02
3.26404946e-02
2.39911416e-02
1.76858588e-02
1.31725653e-02
9.99970654e-03
7.80796899e-03
6.31889348e-03
5.32214565e-03
4.66281156e-03
4.22966801e-03
3.94498599e-03
3.75611373e-03
3.62885374e-03
3.54251136e-03
3.48641732e-03
3.45771644e-03
3.46022744e-03
3.50422217e-03
3.60700736e-03
3.79423754e-03
4.10190675e-03
4.57898931e-03
5.29068900e-03
6.32225015e-03
7.78324436e-03
9.81221872e-03
1.25815333e-02
1.63021786e-02
2.12282998e-02
2.76611177e-02
3.59518720e-02
4.65033611e-02
5.97695692e-02
7.62527675e-02
9.64973112e-02
1.21079134e-01
1.50589634e-01
1.85612285e-01
2.26689942e-01
2.74280515e-01
3.28698686e-01
3.90041698e-01
4.58098789e-01
5.32248652e-01
6.11362045e-01
6.93749420e-01
7.77207307e-01
8.59156773e-01
8.96609729e-01
9.33759822e-01
8.73936079e-01
7.55100661e-01
6.43558571e-01
5.41154202e-01
4.48968363e-01
3.67480681e-01
2.96695541e-01
2.36248945e-01
1.85502045e-01
1.43622525e-01
1.09655778e-01
8.25875172e-02
6.13979990e-02
4.51068507e-02
3.28073631e-02
2.36897213e-02
1.70535865e-02
1.23113237e-02
8.98378289e-03
6.69081444e-03
5.13865088e-03
4.10600626e-03
3.43033020e-03
2.99520104e-03
2.71943097e-03
2.54811685e-03
2.44563535e-03
2.39042890e-03
2.37136475e-03
2.38543005e-03
2.43655493e-03
2.53538975e-03
2.69991502e-03
2.95679528e-03
3.34342538e-03
3.91062402e-03
4.72593935e-03
5.87750812e-03
7.47839656e-03
9.67130834e-03
1.26335218e-02
1.65818719e-02
2.17775733e-02
2.85306388e-02
3.72036325e-02
4.82144426e-02
6.20377117e-02
7.92044403e-02
1.00299108e-01
1.25953360e-01
1.56834879e-01
1.93629453e-01
2.37013491e-01
2.87613319e-01
3.45946650e-01
4.12340860e-01
4.86823110e-01
5.68981751e-01
6.57812440e-01
7.51589853e-01
8.47830678e-01
9.43376225e-01
9.87099588e-01
1.00583855e+00
9.39958335e-01
8.09219606e-01
6.87168534e-01
5.75823711e-01
4.76203984e-01
3.88619177e-01
3.12878399e-01
2.48435125e-01
1.94492472e-01
1.50084228e-01
1.14141851e-01
8.55529084e-02
6.32123898e-02
4.60659171e-02
3.31432465e-02
2.35810333e-02
1.66349136e-02
1.16820163e-02
8.21579114e-03
5.83539857e-03
4.23189955e-03
3.17319986e-03
2.48926180e-03
2.05861688e-03
1.79676469e-03
1.64668959e-03
1.57146897e-03
1.54879857e-03
1.56718429e-03
1.62354488e-03
1.72199060e-03
1.87359380e-03
2.09700959e-03
2.41985418e-03
2.88077194e-03
3.53214653e-03
4.44340556e-03
5.70486742e-03
7.43205059e-03
9.77035438e-03
1.28999861e-02
1.70410062e-02
2.24583410e-02
2.94666238e-02
3.84347157e-02
4.97897627e-02
6.40206047e-02
8.16802828e-02
1.03387214e-01
1.29824305e-01
1.61734780e-01
1.99912707e-01
2.45185097e-01
2.98380816e-01
3.60279416e-01
4.31530247e-01
5.12529908e-01
6.03247261e-01
7.02996995e-01
8.10192614e-01
9.22150165e-01
1.03502003e+00
1.08687482e+00
1.08101321e+00
1.00824061e+00
8.64051019e-01
7.30553553e-01
6.09845792e-01
5.02706826e-01
4.09115042e-01
3.28573032e-01
2.60289445e-01
2.03282100e-01
1.56444305e-01
1.18597016e-01
8.85365108e-02
6.50793611e-02
4.71026106e-02
3.35762104e-02
2.35855639e-02
1.63435152e-02
1.11925370e-02
7.59890330e-03
5.14115001e-03
3.49518518e-03
2.41812920e-03
1.73250308e-03
1.31185811e-03
1.06846335e-03
9.43278120e-04
8.98169742e-04
9.10171169e-04
9.67504858e-04
1.06708609e-03
1.21325410e-03
1.41752277e-03
1.69920026e-03
2.08676513e-03
2.61992615e-03
3.35230272e-03
4.35467585e-03
5.71874395e-03
7.56131588e-03
1.00288496e-02
1.33022505e-02
1.76018325e-02
2.31923772e-02
3.03882417e-02
3.95585194e-02
5.11322841e-02
6.56039808e-02
8.35389911e-02
1.05579310e-01
1.32449020e-01
1.64958799e-01
2.04007926e-01
2.50580918e-01
3.05733870e-01
3.70562185e-01
4.46136249e-01
5.33384743e-01
6.32899018e-01
7.44633376e-01
8.67497214e-01
9.98884395e-01
1.13425507e+00
1.19694229e+00
1.15896567e+00
1.07805355e+00
9.18273679e-01
7.72331252e-01
6.42071517e-01
5.27652098e-01
4.28441568e-01
3.43479236e-01
2.71662097e-01
2.11808691e-01
1.62683026e-01
1.23015078e-01
9.15290501e-02
6.69784516e-02
4.81825121e-02
3.40581177e-02
2.36431532e-02
1.61094105e-02
1.07652703e-02
7.04979650e-03
4.52063040e-03
2.83821899e-03
1.74864364e-03
1.06680997e-03
6.61191618e-04
4.40787411e-04
3.44533280e-04
3.33111864e-04
3.82933099e-04
4.81978945e-04
6.27202192e-04
8.23198726e-04
1.08192979e-03
1.42332060e-03
1.87661418e-03
2.48238653e-03
3.29515533e-03
4.38651249e-03
5.84871729e-03
7.79867044e-03
1.03821990e-02
1.37785762e-02
1.82052388e-02
2.39226920e-02
3.12396711e-02
4.05186944e-02
5.21822465e-02
6.67198994e-02
8.46967564e-02
1.06763593e-01
1.33668998e-01
1.66273541e-01
2.05565474e-01
2.52676388e-01
3.08893265e-01
3.75659549e-01
4.54550941e-01
5.47199748e-01
6.55123964e-01
7.79396151e-01
9.20072803e-01
1.07532211e+00
1.24029990e+00
1.31776949e+00
1.23851078e+00
1.14751610e+00
9.69266391e-01
8.10124480e-01
6.70757478e-01
5.49944751e-01
4.46011691e-01
3.57350368e-01
2.82505775e-01
2.20123108e-01
1.68884611e-01
1.27476472e-01
9.45889518e-02
6.89396925e-02
4.93075699e-02
3.45664088e-02
2.37114554e-02
1.58751563e-02
1.03317687e-02
6.49232999e-03
3.89255024e-03
2.17645281e-03
1.07830725e-03
4.04842681e-04
1.90769812e-05
-1.73496413e-04
-2.36100017e-04
-2.09302398e-04
-1.17341334e-04
2.75259361e-05
2.22301463e-04
4.71850216e-04
7.88578213e-04
1.19299581e-03
1.71502262e-03
2.39592917e-03
3.29082590e-03
4.47162360e-03
6.03038278e-03
8.08297867e-03
1.07730051e-02
1.42758748e-02
1.88031016e-02
2.46068344e-02
3.19847891e-02
4.12858613e-02
5.29168225e-02
6.73506729e-02
8.51373587e-02
1.06917729e-01
1.33441717e-01
1.65591822e-01
2.04412942e-01
2.51149291e-01
3.07288230e-01
3.74608260e-01
4.55222375e-01
5.51594460e-01
6.66479075e-01
8.02683165e-01
9.62459730e-01
1.14622395e+00
1.35025402e+00
1.44832403e+00
1.31627140e+00
1.21204196e+00
1.01193508e+00
8.39992788e-01
6.93421431e-01
5.68286761e-01
4.61319709e-01
3.70141331e-01
2.93002799e-01
2.28488482e-01
1.75309743e-01
1.32198332e-01
9.78747467e-02
7.10627287e-02
5.05256009e-02
3.51068687e-02
2.37641399e-02
1.55910436e-02
9.82602763e-03
5.84961953e-03
3.17311050e-03
1.42197534e-03
3.17025649e-04
-3.44378197e-04
-7.05490355e-04
-8.64857575e-04
-8.88194510e-04
-8.17520187e-04
-6.77829548e-04
-4.81672964e-04
-2.32017690e-04
7.62680770e-05
4.56036524e-04
9.28368436e-04
1.52381076e-03
2.28421185e-03
3.26505580e-03
4.53819294e-03
6.19488320e-03
8.34905672e-03
1.11407326e-02
1.47395483e-02
1.93484350e-02
2.52075373e-02
3.25986195e-02
4.18503223e-02
5.33448383e-02
6.75267520e-02
8.49150539e-02
1.06119597e-01
1.31863641e-01
1.63014581e-01
2.00625628e-01
2.45992090e-01
3.00727001e-01
3.66861812e-01
4.46977285e-01
5.44363891e-01
6.63189420e-01
8.08587264e-01
9.86407700e-01
1.20197875e+00
1.45654006e+00
1.58383219e+00
1.38349578e+00
1.26064326e+00
1.03668427e+00
8.55837349e-01
7.06944918e-01
5.81501798e-01
4.74278324e-01
3.82290041e-01
3.03780404e-01
2.37537009e-01
1.82505360e-01
1.37608099e-01
1.01691618e-01
7.35436866e-02
5.19432697e-02
3.57171157e-02
2.37881096e-02
1.52083185e-02
9.17525023e-03
5.03335544e-03
2.26450479e-03
4.71584239e-04
-6.41090770e-04
-1.28769143e-03
-1.61921847e-03
-1.73922815e-03
-1.71654395e-03
-1.59501546e-03
-1.40061827e-03
-1.14631848e-03
-8.35107869e-04
-4.61601257e-04
-1.24875842e-05
5.33904990e-04
1.20876255e-03
2.05448905e-03
3.12685495e-03
4.49745541e-03
6.25639107e-03
8.51505400e-03
1.14089652e-02
1.51006165e-02
1.97823750e-02
2.56795811e-02
3.30541270e-02
4.22089495e-02
5.34940811e-02
6.73151243e-02
8.41453074e-02
1.04542643e-01
1.29174224e-01
1.58850490e-01
1.94573493e-01
2.37605321e-01
2.89566193e-01
3.52577556e-01
4.29474788e-01
5.24128125e-01
6.41926311e-01
7.90472703e-01
9.80420573e-01
1.22580042e+00
1.54126291e+00
1.71070559e+00
1.41912932e+00
1.26734430e+00
1.02665499e+00
8.49521771e-01
7.08456950e-01
5.89393822e-01
4.85878256e-01
3.95191622e-01
3.16245280e-01
2.48503332e-01
1.91464212e-01
1.44448745e-01
1.06556849e-01
7.67120717e-02
5.37430840e-02
3.64702032e-02
2.37784374e-02
1.46687460e-02
8.28624089e-03
3.92843433e-03
1.03866113e-03
-8.09852323e-04
-1.93445318e-03
-2.56445682e-03
-2.86103612e-03
-2.93434467e-03
-2.85731766e-03
-2.67626262e-03
-2.41850460e-03
-2.09763972e-03
-1.71677974e-03
-1.27031570e-03
-7.44441687e-04
-1.16830830e-04
6.44442907e-04
1.58243538e-03
2.75329916e-03
4.22841347e-03
6.09669247e-03
8.46681766e-03
1.14694603e-02
1.52593195e-02
2.00171728e-02
2.59519566e-02
3.33033118e-02
4.23449224e-02
5.33894257e-02
6.67956574e-02
8.29794876e-02
1.02429694e-01
1.25731003e-01
1.53597191e-01
1.86918623e-01
2.26831167e-01
2.74818037e-01
3.32865198e-01
4.03708687e-01
4.91249208e-01
6.01285846e-01
7.42875955e-01
9.30900081e-01
1.19065422e+00
1.56399229e+00
1.79611794e+00
1.37873330e+00
1.17275878e+00
9.57196814e-01
8.14038970e-01
6.97991315e-01
5.94466839e-01
4.99266782e-01
4.11900813e-01
3.33061130e-01
2.63555353e-01
2.03851417e-01
1.53928068e-01
1.13291838e-01
8.10813832e-02
5.62052010e-02
3.74772488e-02
2.37288148e-02
1.38877232e-02
7.02437103e-03
2.36978425e-03
-6.86866643e-04
-2.61374457e-03
-3.75819954e-03
-4.37042308e-03
-4.62552486e-03
-4.64271337e-03
-4.50054603e-03
-4.24875927e-03
-3.91656715e-03
-3.51854648e-03
-3.05805577e-03
-2.52933356e-03
-1.91799492e-03
-1.20096363e-03
-3.45346441e-04
6.92781098e-04
1.97028398e-03
3.55862172e-03
5.54589797e-03
8.03838872e-03
1.11622434e-02
1.50645646e-02
1.99146576e-02
2.59049100e-02
3.32522498e-02
4.22000215e-02
5.30214201e-02
6.60248123e-02
8.15623229e-02
1.00042712e-01
1.21950426e-01
1.47873137e-01
1.78541195e-01
2.14884572e-01
2.58116055e-01
3.09857446e-01
3.72340493e-01
4.48752954e-01
5.43894737e-01
6.65575051e-01
8.27973526e-01
1.06079105e+00
1.43727948e+00
1.77265711e+00
8.46821710e-01
8.33677523e-01
7.84963561e-01
7.21151027e-01
6.47290829e-01
5.67805465e-01
4.86726906e-01
4.07640935e-01
3.33513214e-01
2.66535880e-01
2.08061172e-01
1.58636493e-01
1.18123867e-01
8.58707631e-02
6.08963612e-02
4.20633275e-02
2.82161577e-02
1.82783141e-02
1.13094984e-02
6.52981652e-03
3.31999520e-03
1.20657749e-03
-1.60373957e-04
-1.03166487e-03
-1.58194290e-03
-1.92944881e-03
-2.15183781e-03
-2.29814571e-03
-2.39732206e-03
-2.46392430e-03
-2.50155318e-03
-2.50453539e-03
-2.45827505e-03
-2.33857889e-03
-2.11023033e-03
-1.72499437e-03
-1.11928070e-03
-2.11616735e-04
1.09982478e-03
2.93949036e-03
5.45625248e-03
8.82465108e-03
1.32453994e-02
1.89451982e-02
2.61758904e-02
3.52132710e-02
4.63559085e-02
5.99246685e-02
7.62637235e-02
9.57442158e-02
1.18771887e-01
1.45800414e-01
1.77352376e-01
2.14050197e-01
2.56659563e-01
3.06148071e-01
3.63761971e-01
4.31124237e-01
5.10358384e-01
6.04245328e-01
7.16425101e-01
8.51656302e-01
1.01608674e+00
1.11257920e+00
3.19673617e-01
4.87469576e-01
5.93142876e-01
6.01255428e-01
5.65775694e-01
5.09383919e-01
4.43700889e-01
3.75735115e-01
3.10088555e-01
2.49775369e-01
1.96589830e-01
1.51345399e-01
1.14090760e-01
8.43237650e-02
6.11948108e-02
4.36834971e-02
3.07373501e-02
2.13682470e-02
1.47094986e-02
1.00406734e-02
6.78914551e-03
4.51711428e-03
2.90114708e-03
1.70969386e-03
7.81634718e-04
7.99774728e-06
-6.82875995e-04
-1.33627626e-03
-1.97907449e-03
-2.62464556e-03
-3.27588933e-03
-3.92616118e-03
-4.55915509e-03
-5.14730905e-03
-5.64969622e-03
-6.00884032e-03
-6.14743528e-03
-5.96441061e-03
-5.33140940e-03
-4.08920523e-03
-2.04520178e-03
1.02837787e-03
5.39450216e-03
1.13499460e-02
1.92216321e-02
2.93612640e-02
4.21378482e-02
5.79289846e-02
7.71111966e-02
1.00050519e-01
1.27094223e-01
1.58564769e-01
1.94756463e-01
2.35933552e-01
2.82325444e-01
3.34106389e-01
3.91331121e-01
4.53757892e-01
5.20393714e-01
5.88324748e-01
6.49578146e-01
6.82063734e-01
6.21048737e-01
4.62990688e-01
2.98742314e-01
3.90403624e-01
4.95093603e-01
5.21348960e-01
5.02483686e-01
4.58906021e-01
4.03097532e-01
3.43008323e-01
2.83831523e-01
2.28896967e-01
1.80162966e-01
1.38543493e-01
1.04172075e-01
7.66353666e-02
5.51794023e-02
3.88817718e-02
2.67838752e-02
1.79820907e-02
1.16817037e-02
7.22072940e-03
4.07206102e-03
1.83201162e-03
2.01869257e-04
-1.03263972e-03
-2.02091527e-03
-2.86432352e-03
-3.62972152e-03
-4.35957019e-03
-5.07905621e-03
-5.80058342e-03
-6.52620127e-03
-7.24825082e-03
-7.94866081e-03
-8.59700495e-03
-9.14764335e-03
-9.53598990e-03
-9.67424189e-03
-9.44667795e-03
-8.70498362e-03
-7.26386216e-03
-4.89754947e-03
-1.33763831e-03
3.72708003e-03
1.06483188e-02
1.98129289e-02
3.16342038e-02
4.65395970e-02
6.49550238e-02
8.72860739e-02
1.13896837e-01
1.45087108e-01
1.81068530e-01
2.21939253e-01
2.67654118e-01
3.17982103e-01
3.72431776e-01
4.30104097e-01
4.89388265e-01
5.47327332e-01
5.98296919e-01
6.31294567e-01
6.24705843e-01
5.38334418e-01
4.55326363e-01
3.71456664e-01
4.16201330e-01
4.78063768e-01
4.91338838e-01
4.70771556e-01
4.29388527e-01
3.76987242e-01
3.20560644e-01
2.64933603e-01
2.13264145e-01
1.67415082e-01
1.28250118e-01
9.58895625e-02
6.99378989e-02
4.96818733e-02
3.42533823e-02
2.27531159e-02
1.43350613e-02
8.25610493e-03
3.89767549e-03
7.67358892e-04
-1.51203521e-03
-3.21980623e-03
-4.55660425e-03
-5.66270559e-03
-6.63374777e-03
-7.53331650e-03
-8.40235260e-03
-9.26568698e-03
-1.01361013e-02
-1.10163357e-02
-1.18993695e-02
-1.27672504e-02
-1.35886468e-02
-1.43152898e-02
-1.48774342e-02
-1.51785365e-02
-1.50893862e-02
-1.44420615e-02
-1.30241702e-02
-1.05739993e-02
-6.77728803e-03
-1.26646872e-03
6.37675886e-03
1.66146331e-02
2.99415539e-02
4.68667263e-02
6.78909565e-02
9.34777012e-02
1.24018941e-01
1.59796787e-01
2.00941795e-01
2.47388221e-01
2.98824242e-01
3.54630263e-01
4.13789094e-01
4.74735514e-01
5.35086553e-01
5.91156815e-01
6.37128997e-01
6.63799506e-01
6.57280158e-01
5.99952906e-01
5.57500332e-01
4.87719045e-01
4.99199513e-01
5.13068101e-01
5.00601002e-01
4.67102427e-01
4.19686754e-01
3.64925643e-01
3.08105578e-01
2.53121810e-01
2.02595091e-01
1.58061422e-01
1.20183887e-01
8.89663716e-02
6.39560931e-02
4.44235231e-02
2.95107850e-02
1.83437927e-02
1.01081673e-02
4.09298743e-03
-2.91083542e-04
-3.51190949e-03
-5.92730888e-03
-7.80213327e-03
-9.32687882e-03
-1.06352033e-02
-1.18189293e-02
-1.29399921e-02
-1.40393275e-02
-1.51429852e-02
-1.62658408e-02
-1.74132738e-02
-1.85810961e-02
-1.97539453e-02
-2.09022690e-02
-2.19780090e-02
-2.29090732e-02
-2.35927553e-02
-2.38883292e-02
-2.36092074e-02
-2.25151953e-02
-2.03055904e-02
-1.66140523e-02
-1.10063763e-02
-2.98243320e-03
8.01636711e-03
2.25927707e-02
4.13713736e-02
6.49675169e-02
9.39471458e-02
1.28778151e-01
1.69774591e-01
2.17035945e-01
2.70383805e-01
3.29297465e-01
3.92846941e-01
4.59616057e-01
5.27599483e-01
5.94048048e-01
6.55235737e-01
7.06155621e-01
7.40290408e-01
7.50003097e-01
7.28981743e-01
7.12014870e-01
6.23012712e-01
6.09163483e-01
5.79461800e-01
5.37756469e-01
4.85674251e-01
4.26846778e-01
3.65311109e-01
3.04668422e-01
2.47717105e-01
1.96358012e-01
1.51648738e-01
1.13934797e-01
8.30144096e-02
5.83087925e-02
3.90187419e-02
2.42551106e-02
1.31370900e-02
4.85774455e-03
-1.27960205e-03
-5.84808550e-03
-9.30030156e-03
-1.19812148e-02
-1.41457908e-02
-1.59776142e-02
-1.76061362e-02
-1.91213108e-02
-2.05851731e-02
-2.20404068e-02
-2.35161835e-02
-2.50316355e-02
-2.65972834e-02
-2.82146663e-02
-2.98743151e-02
-3.15521501e-02
-3.32043221e-02
-3.47605393e-02
-3.61159573e-02
-3.71218424e-02
-3.75753654e-02
-3.72091243e-02
-3.56812410e-02
-3.25671904e-02
-2.73548072e-02
-1.94442171e-02
-8.15464210e-03
7.25985749e-03
2.75837448e-02
5.36008862e-02
8.60421065e-02
1.25519769e-01
1.72451317e-01
2.26975628e-01
2.88867759e-01
3.57458783e-01
4.31566894e-01
5.09443489e-01
5.88733867e-01
6.66450214e-01
7.38963155e-01
8.02054905e-01
8.51170232e-01
8.82183071e-01
8.93234804e-01
8.93529027e-01
7.67025462e-01
7.32744677e-01
6.64894757e-01
5.94054159e-01
5.20933216e-01
4.47465263e-01
3.76026228e-01
3.08861234e-01
2.47738395e-01
1.93799090e-01
1.47550172e-01
1.08944604e-01
7.75078318e-02
5.24785365e-02
3.29417437e-02
1.79403772e-02
6.55843675e-03
-2.02515731e-03
-8.50881463e-03
-1.34610350e-02
-1.73273624e-02
-2.04456842e-02
-2.30651593e-02
-2.53654286e-02
-2.74740421e-02
-2.94810641e-02
-3.14505396e-02
-3.34289302e-02
-3.54508338e-02
-3.75423352e-02
-3.97222875e-02
-4.20017127e-02
-4.43814114e-02
-4.68477712e-02
-4.93667191e-02
-5.18757477e-02
-5.42740165e-02
-5.64106351e-02
-5.80714542e-02
-5.89649432e-02
-5.87081017e-02
-5.68137432e-02
-5.26809689e-02
-4.55910991e-02
-3.47117824e-02
-1.91123002e-02
2.20682409e-03
3.02671145e-02
6.60464095e-02
1.10393804e-01
1.63927476e-01
2.26920916e-01
2.99186928e-01
3.79972380e-01
4.67879132e-01
5.60826680e-01
6.56069938e-01
7.50283078e-01
8.39722738e-01
9.20498645e-01
9.89011689e-01
1.04266227e+00
1.08094896e+00
1.09387445e+00
9.16069350e-01
8.64341446e-01
7.62518731e-01
6.63567946e-01
5.68435535e-01
4.78406252e-01
3.94882810e-01
3.19120763e-01
2.52013975e-01
1.93983688e-01
1.44968947e-01
1.04490347e-01
7.17551524e-02
4.57765099e-02
2.54864021e-02
9.82923822e-03
-2.17027339e-03
-1.13657105e-02
-1.84707933e-02
-2.40591837e-02
-2.85763237e-02
-3.23579259e-02
-3.56508580e-02
-3.86334647e-02
-4.14335738e-02
-4.41433771e-02
-4.68310161e-02
-4.95490754e-02
-5.23403340e-02
-5.52411347e-02
-5.82826366e-02
-6.14901033e-02
-6.48802331e-02
-6.84564395e-02
-7.22019018e-02
-7.60701998e-02
-7.99733747e-02
-8.37674068e-02
-8.72352955e-02
-9.00682776e-02
-9.18461265e-02
-9.20180504e-02
-8.98863254e-02
-8.45955482e-02
-7.51311036e-02
-6.03311188e-02
-3.89165651e-02
-9.54411746e-03
2.91144682e-02
7.82646828e-02
1.38854927e-01
2.11422200e-01
2.95930862e-01
3.91624584e-01
4.96917554e-01
6.09354286e-01
7.25665724e-01
8.41942871e-01
9.53939032e-01
1.05750044e+00
1.14911112e+00
1.22651648e+00
1.28937198e+00
1.31263140e+00
1.06940585e+00
1.00192880e+00
8.68748782e-01
7.42537212e-01
6.24906843e-01
5.17047796e-01
4.19842824e-01
3.33853290e-01
2.59258241e-01
1.95825046e-01
1.42936121e-01
9.96626185e-02
6.48648886e-02
3.72994954e-02
1.57167554e-02
-1.06163469e-03
-1.40895526e-02
-2.42678001e-02
-3.23362598e-02
-3.88815483e-02
-4.43545178e-02
-4.90926246e-02
-5.33433288e-02
-5.72859713e-02
-6.10507006e-02
-6.47338914e-02
-6.84100601e-02
-7.21405889e-02
-7.59796707e-02
-7.99778440e-02
-8.41833761e-02
-8.86415860e-02
-9.33920469e-02
-9.84634547e-02
-1.03865856e-01
-1.09579861e-01
-1.15542511e-01
-1.21629555e-01
-1.27634151e-01
-1.33242332e-01
-1.38006134e-01
-1.41315934e-01
-1.42374456e-01
-1.40175893e-01
-1.33494778e-01
-1.20890337e-01
-1.00733057e-01
-7.12605912e-02
-3.06696162e-02
2.27517935e-02
9.04509655e-02
1.73403085e-01
2.71885343e-01
3.85260158e-01
5.11806166e-01
6.48643534e-01
7.91800610e-01
9.36458195e-01
1.07738398e+00
1.20953254e+00
1.32873639e+00
1.43236046e+00
1.51978589e+00
1.55279938e+00
1.22762355e+00
1.14518798e+00
9.81870791e-01
8.28673420e-01
6.88019181e-01
5.61276859e-01
4.49077469e-01
3.51489521e-01
2.68101422e-01
1.98087798e-01
1.40292842e-01
9.33318768e-02
5.57000816e-02
2.58754958e-02
2.40569290e-03
-1.60284093e-02
-3.05736778e-02
-4.21890290e-02
-5.16484323e-02
-5.95570776e-02
-6.63751901e-02
-7.24448333e-02
-7.80162802e-02
-8.32717972e-02
-8.83457643e-02
-9.33408436e-02
-9.83404002e-02
-1.03417618e-01
-1.08641789e-01
-1.14082192e-01
-1.19809776e-01
-1.25896730e-01
-1.32413761e-01
-1.39424768e-01
-1.46978405e-01
-1.55095990e-01
-1.63755127e-01
-1.72868540e-01
-1.82257804e-01
-1.91622054e-01
-2.00502307e-01
-2.08242928e-01
-2.13952785e-01
-2.16470133e-01
-2.14336832e-01
-2.05789369e-01
-1.88775846e-01
-1.61009417e-01
-1.20068838e-01
-6.35551404e-02
1.06911464e-02
1.04316308e-01
2.18140263e-01
3.51837897e-01
5.03667656e-01
6.70316274e-01
8.46934804e-01
1.02742971e+00
1.20503635e+00
1.37313781e+00
1.52620455e+00
1.66064507e+00
1.77536073e+00
1.81899110e+00
1.39194743e+00
1.29466240e+00
1.10124082e+00
9.20630963e-01
7.56117743e-01
6.09377090e-01
4.80930952e-01
3.70472042e-01
2.77075340e-01
1.99362583e-01
1.35651943e-01
8.40980889e-02
4.28178383e-02
9.99499145e-03
-1.60404709e-02
-3.67608388e-02
-5.34155624e-02
-6.70286658e-02
-7.84130998e-02
-8.81960011e-02
-9.68493430e-02
-1.04721609e-01
-1.12067471e-01
-1.19073727e-01
-1.25880811e-01
-1.32599853e-01
-1.39325747e-01
-1.46146779e-01
-1.53151425e-01
-1.60432728e-01
-1.68090513e-01
-1.76231432e-01
-1.84966613e-01
-1.94406423e-01
-2.04651693e-01
-2.15780555e-01
-2.27829978e-01
-2.40771114e-01
-2.54477706e-01
-2.68687209e-01
-2.82954872e-01
-2.96601989e-01
-3.08660881e-01
-3.17820907e-01
-3.22382095e-01
-3.20225531e-01
-3.08812490e-01
-2.85226755e-01
-2.46276173e-01
-1.88668849e-01
-1.09275295e-01
-5.47838570e-03
1.24403240e-01
2.80656108e-01
4.61744054e-01
6.64007576e-01
8.81605843e-01
1.10681179e+00
1.33072629e+00
1.54438287e+00
1.74007704e+00
1.91261786e+00
2.06018630e+00
2.11668601e+00
1.56395667e+00
1.45137382e+00
1.22683452e+00
1.01764072e+00
8.27976484e-01
6.59882968e-01
5.13834353e-01
3.89196844e-01
2.84562367e-01
1.98011891e-01
1.27336218e-01
7.02203083e-02
2.43906504e-02
-1.22748608e-02
-4.16735496e-02
-6.54381455e-02
-8.49256100e-02
-1.01228189e-01
-1.15199699e-01
-1.27490392e-01
-1.38584865e-01
-1.48838896e-01
-1.58512631e-01
-1.67798816e-01
-1.76845771e-01
-1.85775432e-01
-1.94697122e-01
-2.03717805e-01
-2.12949500e-01
-2.22514345e-01
-2.32547552e-01
-2.43198229e-01
-2.54627721e-01
-2.67004892e-01
-2.80497420e-01
-2.95258020e-01
-3.11404285e-01
-3.28990785e-01
-3.47972153e-01
-3.68156191e-01
-3.89146633e-01
-4.10276252e-01
-4.30532484e-01
-4.48479932e-01
-4.62186907e-01
-4.69166694e-01
-4.66348278e-01
-4.50095428e-01
-4.16296512e-01
-3.60548951e-01
-2.78459754e-01
-1.66074592e-01
-2.04296403e-02
1.59809580e-01
3.73699555e-01
6.17485940e-01
8.84354723e-01
1.16465057e+00
1.44670360e+00
1.71828182e+00
1.96848052e+00
2.18963515e+00
2.37877228e+00
2.45188989e+00
1.74548363e+00
1.61665170e+00
1.35899206e+00
1.11926057e+00
9.02595981e-01
7.11429201e-01
5.46193226e-01
4.05922561e-01
2.88713016e-01
1.92087462e-01
1.13291151e-01
4.95230043e-02
-1.89366712e-03
-4.33957278e-02
-7.71129819e-02
-1.04840905e-01
-1.28044357e-01
-1.47883171e-01
-1.65251059e-01
-1.80820582e-01
-1.95088595e-01
-2.08418391e-01
-2.21076443e-01
-2.33262915e-01
-2.45136078e-01
-2.56831304e-01
-2.68475552e-01
-2.80198276e-01
-2.92139557e-01
-3.04455993e-01
-3.17324627e-01
-3.30944833e-01
-3.45537765e-01
-3.61342617e-01
-3.78608578e-01
-3.97581076e-01
-4.18480582e-01
-4.41472095e-01
-4.66623370e-01
-4.93850161e-01
-5.22847293e-01
-5.53005392e-01
-5.83314737e-01
-6.12260139e-01
-6.37714099e-01
-6.56839923e-01
-6.66021861e-01
-6.60845435e-01
-6.36157212e-01
-5.86237927e-01
-5.05123867e-01
-3.87105259e-01
-2.27412654e-01
-2.30679467e-02
2.26177808e-01
5.16970677e-01
8.41774299e-01
1.18887012e+00
1.54320680e+00
1.88822541e+00
2.20849517e+00
2.49262531e+00
2.73571519e+00
2.83092822e+00
1.93860042e+00
1.79206693e+00
1.49826946e+00
1.22519852e+00
9.79033000e-01
7.62600229e-01
5.76256485e-01
4.18652137e-01
2.87333053e-01
1.79217244e-01
9.09684383e-02
1.92749839e-02
-3.89573162e-02
-8.64863838e-02
-1.25675244e-01
-1.58479577e-01
-1.86468168e-01
-2.10864337e-01
-2.32598294e-01
-2.52362610e-01
-2.70665325e-01
-2.87877352e-01
-3.04272617e-01
-3.20060674e-01
-3.35412399e-01
-3.50479797e-01
-3.65411116e-01
-3.80362387e-01
-3.95506298e-01
-4.11039034e-01
-4.27185355e-01
-4.44201861e-01
-4.62377948e-01
-4.82033586e-01
-5.03512625e-01
-5.27169875e-01
-5.53349829e-01
-5.82354569e-01
-6.14398177e-01
-6.49545032e-01
-6.87629765e-01
-7.28157561e-01
-7.70185121e-01
-8.12185162e-01
-8.51901086e-01
-8.86203560e-01
-9.10967430e-01
-9.20995479e-01
-9.10024607e-01
-8.70858894e-01
-7.95680360e-01
-6.76588165e-01
-5.06404210e-01
-2.79749304e-01
5.67013195e-03
3.47725191e-01
7.38767201e-01
1.16518527e+00
1.60808396e+00
2.04541988e+00
2.45555302e+00
2.82158554e+00
3.13539996e+00
3.26026373e+00
2.14565437e+00
1.97942236e+00
1.64534599e+00
1.33517326e+00
1.05624327e+00
8.11771728e-01
6.01962500e-01
4.24983065e-01
2.77735054e-01
1.56455591e-01
5.71734631e-02
-2.39657479e-02
-9.04889048e-02
-1.45478206e-01
-1.91525922e-01
-2.30740610e-01
-2.64787019e-01
-2.94945042e-01
-3.22176356e-01
-3.47190662e-01
-3.70506329e-01
-3.92502752e-01
-4.13463507e-01
-4.33610706e-01
-4.53131631e-01
-4.72199105e-01
-4.90987047e-01
-5.09682526e-01
-5.28495354e-01
-5.47665916e-01
-5.67471554e-01
-5.88231455e-01
-6.10309504e-01
-6.34114146e-01
-6.60093770e-01
-6.88725594e-01
-7.20495520e-01
-7.55865888e-01
-7.95227737e-01
-8.38833928e-01
-8.86709755e-01
-9.38538291e-01
-9.93519240e-01
-1.05020254e+00
-1.10630179e+00
-1.15849819e+00
-1.20225299e+00
-1.23165667e+00
-1.23935463e+00
-1.21660319e+00
-1.15352307e+00
-1.03962725e+00
-8.64698672e-01
-6.20068633e-01
-3.00282102e-01
9.49866655e-02
5.59094046e-01
1.07721773e+00
1.62651372e+00
2.17833952e+00
2.70280498e+00
3.17504224e+00
3.58167451e+00
3.74629107e+00
2.36934164e+00
2.18077966e+00
1.80095693e+00
1.44878321e+00
1.13291463e+00
8.56926718e-01
6.20748083e-01
4.21912955e-01
2.56541321e-01
1.20083767e-01
7.86434205e-03
-8.45523259e-02
-1.61140231e-01
-2.25304965e-01
-2.79859048e-01
-3.27052147e-01
-3.68633912e-01
-4.05932318e-01
-4.39935307e-01
-4.71367728e-01
-5.00759084e-01
-5.28500190e-01
-5.54888712e-01
-5.80164652e-01
-6.04537451e-01
-6.28206528e-01
-6.51376993e-01
-6.74272026e-01
-6.97143079e-01
-7.20278670e-01
-7.44012150e-01
-7.68728389e-01
-7.94868855e-01
-8.22934064e-01
-8.53481771e-01
-8.87118701e-01
-9.24482886e-01
-9.66213068e-01
-1.01290100e+00
-1.06502206e+00
-1.12283956e+00
-1.18627837e+00
-1.25476477e+00
-1.32703168e+00
-1.40089163e+00
-1.47298591e+00
-1.53852539e+00
-1.59104987e+00
-1.62224677e+00
-1.62188819e+00
-1.57796719e+00
-1.47713671e+00
-1.30557182e+00
-1.05037295e+00
-7.01580127e-01
-2.54739463e-01
2.86281532e-01
9.06897111e-01
1.58088684e+00
2.27221101e+00
2.94043222e+00
3.54943091e+00
4.07746474e+00
4.29508958e+00
2.61281922e+00
2.39851506e+00
1.96582841e+00
1.56535458e+00
1.20726051e+00
8.95417943e-01
6.29293649e-01
4.05574859e-01
2.19413583e-01
6.53374838e-02
-6.21187280e-02
-1.68013195e-01
-2.56778832e-01
-3.32138714e-01
-3.97111775e-01
-4.54073775e-01
-5.04846958e-01
-5.50799562e-01
-5.92942749e-01
-6.32017740e-01
-6.68569714e-01
-7.03007773e-01
-7.35651898e-01
-7.66768778e-01
-7.96598726e-01
-8.25375899e-01
-8.53343812e-01
-8.80767780e-01
-9.07945561e-01
-9.35217014e-01
-9.62973240e-01
-9.91665143e-01
-1.02181096e+00
-1.05400167e+00
-1.08890268e+00
-1.12724931e+00
-1.16983310e+00
-1.21747475e+00
-1.27097913e+00
-1.33106677e+00
-1.39827599e+00
-1.47282987e+00
-1.55446280e+00
-1.64220305e+00
-1.73411086e+00
-1.82697614e+00
-1.91598698e+00
-1.99439086e+00
-2.05318533e+00
-2.08089586e+00
-2.06352823e+00
-1.98481925e+00
-1.82695264e+00
-1.57193946e+00
-1.20385768e+00
-7.12044589e-01
-9.50645456e-02
6.35230047e-01
1.45092641e+00
2.30856649e+00
3.15489196e+00
3.93836259e+00
4.62430913e+00
4.91212375e+00
2.87986632e+00
2.63540200e+00
2.14058865e+00
1.68372934e+00
1.27672938e+00
9.23630464e-01
6.23158764e-01
3.70857770e-01
1.60666924e-01
-1.39780331e-02
-1.59429297e-01
-2.81410596e-01
-3.84821272e-01
-4.73690960e-01
-5.51227982e-01
-6.19918709e-01
-6.81647921e-01
-7.37820649e-01
-7.89473992e-01
-8.37373197e-01
-8.82090245e-01
-9.24065663e-01
-9.63655687e-01
-1.00116744e+00
-1.03688493e+00
-1.07108842e+00
-1.10406934e+00
-1.13614251e+00
-1.16765704e+00
-1.19900670e+00
-1.23064032e+00
-1.26307227e+00
-1.29689242e+00
-1.33277482e+00
-1.37148326e+00
-1.41387142e+00
-1.46087431e+00
-1.51348676e+00
-1.57272385e+00
-1.63955706e+00
-1.71481934e+00
-1.79907180e+00
-1.89242478e+00
-1.99430725e+00
-2.10318003e+00
-2.21619219e+00
-2.32878531e+00
-2.43425888e+00
-2.52332372e+00
-2.58369127e+00
-2.59977978e+00
-2.55266839e+00
-2.42049943e+00
-2.17961272e+00
-1.80676193e+00
-1.28274453e+00
-5.97545337e-01
2.43507645e-01
1.21413680e+00
2.26491983e+00
3.32809397e+00
4.33174170e+00
5.22179257e+00
5.60188670e+00
3.17510929e+00
2.89471804e+00
2.32561507e+00
1.80193062e+00
1.33755656e+00
9.36467020e-01
5.96230261e-01
3.10836499e-01
7.26963416e-02
-1.26050857e-01
-2.92753124e-01
-4.33841847e-01
-5.54686171e-01
-6.59608895e-01
-7.51991944e-01
-8.34421937e-01
-9.08844260e-01
-9.76707301e-01
-1.03908763e+00
-1.09679292e+00
-1.15044315e+00
-1.20053242e+00
-1.24747493e+00
-1.29163846e+00
-1.33336871e+00
-1.37300736e+00
-1.41090599e+00
-1.44743797e+00
-1.48300934e+00
-1.51806983e+00
-1.55312436e+00
-1.58874527e+00
-1.62558474e+00
-1.66438666e+00
-1.70599636e+00
-1.75136582e+00
-1.80155131e+00
-1.85769902e+00
-1.92101348e+00
-1.99270215e+00
-2.07388874e+00
-2.16548678e+00
-2.26802482e+00
-2.38141439e+00
-2.50465302e+00
-2.63545598e+00
-2.76981386e+00
-2.90147805e+00
-3.02138545e+00
-3.11705053e+00
-3.17198396e+00
-3.16525243e+00
-3.07138714e+00
-2.86098530e+00
-2.50251690e+00
-1.96597624e+00
-1.22893934e+00
-2.85018771e-01
8.46669274e-01
2.11462868e+00
3.43649716e+00
4.71467770e+00
5.86684726e+00
6.36747717e+00
3.50432960e+00
3.18036382e+00
2.52074178e+00
1.91659412e+00
1.38403051e+00
9.26522193e-01
5.39849456e-01
2.15882830e-01
-5.49026242e-02
-2.81908556e-01
-4.73599425e-01
-6.37157063e-01
-7.78424300e-01
-9.02008792e-01
-1.01146083e+00
-1.10947177e+00
-1.19806305e+00
-1.27875103e+00
-1.35268272e+00
-1.42074255e+00
-1.48363355e+00
-1.54193728e+00
-1.59615718e+00
-1.64674943e+00
-1.69414517e+00
-1.73876688e+00
-1.78104133e+00
-1.82141095e+00
-1.86034475e+00
-1.89834983e+00
-1.93598399e+00
-1.97386944e+00
-2.01270750e+00
-2.05329355e+00
-2.09653069e+00
-2.14344027e+00
-2.19516611e+00
-2.25296846e+00
-2.31820231e+00
-2.39227368e+00
-2.47656611e+00
-2.57232823e+00
-2.68051287e+00
-2.80155695e+00
-2.93509143e+00
-3.07957032e+00
-3.23180792e+00
-3.38641413e+00
-3.53512018e+00
-3.66599456e+00
-3.76257016e+00
-3.80295196e+00
-3.75907550e+00
-3.59646766e+00
-3.27514017e+00
-2.75258400e+00
-1.99005405e+00
-9.63036397e-01
3.24667894e-01
1.82700098e+00
3.45008715e+00
5.06607709e+00
6.55285104e+00
7.21008731e+00
3.87486331e+00
3.49695175e+00
2.72467658e+00
2.02195795e+00
1.40724233e+00
8.82709005e-01
4.41388350e-01
7.22429565e-02
-2.36711666e-01
-4.96712521e-01
-7.17479209e-01
-9.06997224e-01
-1.07160135e+00
-1.21619733e+00
-1.34452600e+00
-1.45941835e+00
-1.56301772e+00
-1.65696159e+00
-1.74252347e+00
-1.82072003e+00
-1.89238966e+00
-1.95824877e+00
-2.01893145e+00
-2.07501747e+00
-2.12705219e+00
-2.17556148e+00
-2.22106400e+00
-2.26408223e+00
-2.30515372e+00
-2.34484322e+00
-2.38375626e+00
-2.42255433e+00
-2.46197153e+00
-2.50283216e+00
-2.54606807e+00
-2.59273406e+00
-2.64401869e+00
-2.70124679e+00
-2.76586890e+00
-2.83943140e+00
-2.92351988e+00
-3.01966679e+00
-3.12921324e+00
-3.25311365e+00
-3.39167032e+00
-3.54418387e+00
-3.70850207e+00
-3.88044610e+00
-4.05308714e+00
-4.21584100e+00
-4.35335056e+00
-4.44415154e+00
-4.45920013e+00
-4.36053383e+00
-4.10070585e+00
-3.62420949e+00
-2.87278105e+00
-1.79678781e+00
-3.73882999e-01
1.36769171e+00
3.33114304e+00
5.35668832e+00
7.26836599e+00
8.12832511e+00
4.29606591e+00
3.84974264e+00
2.93381618e+00
2.10801229e+00
1.39289215e+00
7.87916026e-01
2.81878253e-01
-1.40273774e-01
-4.93667642e-01
-7.91742728e-01
-1.04565324e+00
-1.26427959e+00
-1.45451211e+00
-1.62162008e+00
-1.76961166e+00
-1.90154486e+00
-2.01977797e+00
-2.12616247e+00
-2.22218659e+00
-2.30907954e+00
-2.38788561e+00
-2.45951609e+00
-2.52478549e+00
-2.58443701e+00
-2.63916109e+00
-2.68960983e+00
-2.73640917e+00
-2.78017063e+00
-2.82150326e+00
-2.86102683e+00
-2.89938654e+00
-2.93726960e+00
-2.97542355e+00
-3.01467603e+00
-3.05595514e+00
-3.10030902e+00
-3.14892253e+00
-3.20312790e+00
-3.26440524e+00
-3.33436730e+00
-3.41472184e+00
-3.50720321e+00
-3.61346355e+00
-3.73491238e+00
-3.87249144e+00
-4.02636911e+00
-4.19553363e+00
-4.37725653e+00
-4.56638391e+00
-4.75439371e+00
-4.92813425e+00
-5.06814656e+00
-5.14650545e+00
-5.12426431e+00
-4.94897637e+00
-4.55353582e+00
-3.85878714e+00
-2.78366306e+00
-1.26683880e+00
6.99434285e-01
3.03263129e+00
5.54616494e+00
7.99516233e+00
9.11716047e+00
4.77968804e+00
4.24410663e+00
3.13980225e+00
2.15702475e+00
1.31735267e+00
6.14939113e-01
3.20173918e-02
-4.52059137e-01
-8.56481586e-01
-1.19738959e+00
-1.48765196e+00
-1.73723546e+00
-1.95375362e+00
-2.14300660e+00
-2.30943976e+00
-2.45650475e+00
-2.58693140e+00
-2.70292633e+00
-2.80631516e+00
-2.89864278e+00
-2.98124351e+00
-3.05529018e+00
-3.12182874e+00
-3.18180344e+00
-3.23607600e+00
-3.28544128e+00
-3.33064121e+00
-3.37237826e+00
-3.41132927e+00
-3.44816028e+00
-3.48354278e+00
-3.51817174e+00
-3.55278537e+00
-3.58818652e+00
-3.62526528e+00
-3.66502166e+00
-3.70858699e+00
-3.75724141e+00
-3.81242435e+00
-3.87573321e+00
-3.94890478e+00
-4.03377207e+00
-4.13218824e+00
-4.24590745e+00
-4.37641081e+00
-4.52466226e+00
-4.69077392e+00
-4.87354981e+00
-5.06985821e+00
-5.27375121e+00
-5.47520187e+00
-5.65826912e+00
-5.79845312e+00
-5.85904262e+00
-5.78654306e+00
-5.50608215e+00
-4.91934386e+00
-3.91013600e+00
-2.36517280e+00
-2.16806186e-01
2.49600753e+00
5.57835742e+00
8.70474219e+00
1.01659211e+01
5.33964157e+00
4.68366273e+00
3.32439139e+00
2.13686439e+00
1.14047584e+00
3.19347413e-01
-3.54542371e-01
-9.09749153e-01
-1.37085036e+00
-1.75745692e+00
-2.08466700e+00
-2.36394414e+00
-2.60399134e+00
-2.81147648e+00
-2.99158695e+00
-3.14843537e+00
-3.28534937e+00
-3.40507580e+00
-3.50992396e+00
-3.60186616e+00
-3.68260875e+00
-3.75364340e+00
-3.81628477e+00
-3.87169950e+00
-3.92092957e+00
-3.96491215e+00
-4.00449756e+00
-4.04046629e+00
-4.07354601e+00
-4.10442893e+00
-4.13379018e+00
-4.16230731e+00
-4.19068138e+00
-4.21965943e+00
-4.25005834e+00
-4.28278954e+00
-4.31888338e+00
-4.35951177e+00
-4.40600649e+00
-4.45986979e+00
-4.52277291e+00
-4.59653688e+00
-4.68308880e+00
-4.78438562e+00
-4.90229570e+00
-5.03842573e+00
-5.19387598e+00
-5.36889606e+00
-5.56239364e+00
-5.77121072e+00
-5.98901562e+00
-6.20455496e+00
-6.39886940e+00
-6.54094851e+00
-6.58133949e+00
-6.44379825e+00
-6.01681831e+00
-5.15052891e+00
-3.66995832e+00
-1.42003280e+00
1.64824232e+00
5.37347732e+00
9.35163718e+00
1.12538600e+01
5.98957139e+00
5.16487564e+00
3.44845073e+00
1.98789263e+00
7.92282800e-01
-1.73005149e-01
-9.52262419e-01
-1.58553074e+00
-2.10487742e+00
-2.53474405e+00
-2.89346226e+00
-3.19480661e+00
-3.44925096e+00
-3.66489642e+00
-3.84812937e+00
-4.00408035e+00
-4.13694324e+00
-4.25019843e+00
-4.34677058e+00
-4.42914211e+00
-4.49943652e+00
-4.55948103e+00
-4.61085520e+00
-4.65492983e+00
-4.69289922e+00
-4.72580886e+00
-4.75458003e+00
-4.78003238e+00
-4.80290534e+00
-4.82387891e+00
-4.84359443e+00
-4.86267578e+00
-4.88175132e+00
-4.90147694e+00
-4.92256024e+00
-4.94578576e+00
-4.97204085e+00
-5.00234109e+00
-5.03785393e+00
-5.07991817e+00
-5.13005622e+00
-5.18997530e+00
-5.26155267e+00
-5.34679924e+00
-5.44779492e+00
-5.56658731e+00
-5.70504201e+00
-5.86462499e+00
-6.04608023e+00
-6.24892996e+00
-6.47065389e+00
-6.70527427e+00
-6.94085714e+00
-7.15512922e+00
-7.30808928e+00
-7.33050200e+00
-7.10835288e+00
-6.46726467e+00
-5.16924547e+00
-2.94627487e+00
3.98184160e-01
4.81496118e+00
9.85970613e+00
1.23395700e+01
6.73362880e+00
5.66212406e+00
3.42773163e+00
1.59673230e+00
1.48300170e-01
-9.87344756e-01
-1.88099712e+00
-2.59017253e+00
-3.15812848e+00
-3.61666211e+00
-3.98919386e+00
-4.29320910e+00
-4.54199918e+00
-4.74585848e+00
-4.91290118e+00
-5.04962261e+00
-5.16129080e+00
-5.25222444e+00
-5.32599444e+00
-5.38557306e+00
-5.43344669e+00
-5.47170304e+00
-5.50209991e+00
-5.52612082e+00
-5.54502077e+00
-5.55986492e+00
-5.57156178e+00
-5.58089253e+00
-5.58853740e+00
-5.59509996e+00
-5.60113017e+00
-5.60714679e+00
-5.61365957e+00
-5.62119204e+00
-5.63030486e+00
-5.64162035e+00
-5.65584795e+00
-5.67381041e+00
-5.69646994e+00
-5.72495324e+00
-5.76057345e+00
-5.80484685e+00
-5.85950147e+00
-5.92647420e+00
-6.00789298e+00
-6.10604001e+00
-6.22329061e+00
-6.36201828e+00
-6.52444563e+00
-6.71239372e+00
-6.92682248e+00
-7.16692881e+00
-7.42832251e+00
-7.69935985e+00
-7.95403094e+00
-8.13900959e+00
-8.15232303e+00
-7.81364043e+00
-6.83534673e+00
-4.82364543e+00
-1.36674424e+00
3.72795561e+00
1.00932338e+01
1.33351733e+01
7.53717851e+00
6.08653424e+00
3.07804341e+00
7.43305403e-01
-1.01509588e+00
-2.33412274e+00
-3.32962588e+00
-4.08737501e+00
-4.66849133e+00
-5.11647846e+00
-5.46272032e+00
-5.73027112e+00
-5.93637906e+00
-6.09416663e+00
-6.21376490e+00
-6.30309358e+00
-6.36840831e+00
-6.41469213e+00
-6.44594091e+00
-6.46537504e+00
-6.47559929e+00
-6.47872540e+00
-6.47646771e+00
-6.47021887e+00
-6.46111071e+00
-6.45006399e+00
-6.43782967e+00
-6.42502380e+00
-6.41215750e+00
-6.39966343e+00
-6.38791958e+00
-6.37727147e+00
-6.36805335e+00
-6.36060927e+00
-6.35531445e+00
-6.35259757e+00
-6.35296433e+00
-6.35702241e+00
-6.36550787e+00
-6.37931252e+00
-6.39951180e+00
-6.42739198e+00
-6.46447589e+00
-6.51254567e+00
-6.57366221e+00
-6.65018065e+00
-6.74476283e+00
-6.86038680e+00
-7.00034988e+00
-7.16824833e+00
-7.36787830e+00
-7.60290879e+00
-7.87596256e+00
-8.18628416e+00
-8.52428426e+00
-8.85973175e+00
-9.11838332e+00
-9.14099259e+00
-8.62409276e+00
-7.06443275e+00
-3.78056551e+00
1.84616320e+00
9.79536743e+00
1.40443835e+01
8.23914950e+00
6.16998881e+00
1.98847288e+00
-1.00413018e+00
-3.09512957e+00
-4.55432017e+00
-5.57762841e+00
-6.29802531e+00
-6.80492968e+00
-7.15917734e+00
-7.40290593e+00
-7.56584782e+00
-7.66934583e+00
-7.72895633e+00
-7.75616903e+00
-7.75956532e+00
-7.74561279e+00
-7.71921994e+00
-7.68413000e+00
-7.64320509e+00
-7.59863449e+00
-7.55208950e+00
-7.50484039e+00
-7.45784590e+00
-7.41182257e+00
-7.36729935e+00
-7.32466115e+00
-7.28418403e+00
-7.24606439e+00
-7.21044343e+00
-7.17742851e+00
-7.14711225e+00
-7.11959042e+00
-7.09497930e+00
-7.07343351e+00
-7.05516463e+00
-7.04046157e+00
-7.02971292e+00
-7.02343192e+00
-7.02228421e+00
-7.02711864e+00
-7.03900124e+00
-7.05925261e+00
-7.08948931e+00
-7.13167059e+00
-7.18815318e+00
-7.26175897e+00
-7.35586328e+00
-7.47451393e+00
-7.62259029e+00
-7.80599937e+00
-8.03185859e+00
-8.30848118e+00
-8.64463386e+00
-9.04671592e+00
-9.51072159e+00
-1.00024058e+01
-1.04138153e+01
-1.04804917e+01
-9.65475802e+00
-6.98921789e+00
-1.23313653e+00
8.45833537e+00
1.40211918e+01
8.29490661e+00
5.12752796e+00
-7.70082515e-01
-4.47809055e+00
-6.75796631e+00
-8.14675852e+00
-8.97967414e+00
-9.46149789e+00
-9.71857735e+00
-9.83034829e+00
-9.84776393e+00
-9.80412346e+00
-9.72154828e+00
-9.61493541e+00
-9.49442123e+00
-9.36694756e+00
-9.23727678e+00
-9.10866224e+00
-8.98329919e+00
-8.86263355e+00
-8.74757678e+00
-8.63865782e+00
-8.53613209e+00
-8.44006069e+00
-8.35036871e+00
-8.26688871e+00
-8.18939347e+00
-8.11762126e+00
-8.05129547e+00
-7.99014057e+00
-7.93389548e+00
-7.88232543e+00
-7.83523323e+00
-7.79247074e+00
-7.75395120e+00
-7.71966325e+00
-7.68968724e+00
-7.66421461e+00
-7.64357100e+00
-7.62824379e+00
-7.61891495e+00
-7.61649997e+00
-7.62219406e+00
-7.63752743e+00
-7.66443221e+00
-7.70532564e+00
-7.76321668e+00
-7.84184823e+00
-7.94589302e+00
-8.08123036e+00
-8.25533864e+00
-8.47783717e+00
-8.76117123e+00
-9.12127442e+00
-9.57754251e+00
-1.01500665e+01
-1.08485541e+01
-1.16393755e+01
-1.23621472e+01
-1.25497617e+01
-1.11225536e+01
-6.09396521e+00
5.05909223e+00
1.22787330e+01
6.03175936e+00
6.52005576e-01
-7.25258805e+00
-1.11465360e+01
-1.29450143e+01
-1.36618719e+01
-1.38177615e+01
-1.36838000e+01
-1.34042409e+01
-1.30572855e+01
-1.26858453e+01
-1.23135246e+01
-1.19531423e+01
-1.16113851e+01
-1.12914058e+01
-1.09943051e+01
-1.07199922e+01
-1.04676957e+01
-1.02362693e+01
-1.00243790e+01
-9.83061712e+00
-9.65357284e+00
-9.49187479e+00
-9.34421658e+00
-9.20937135e+00
-9.08619936e+00
-8.97365132e+00
-8.87076916e+00
-8.77668543e+00
-8.69062242e+00
-8.61189141e+00
-8.53989283e+00
-8.47411791e+00
-8.41415211e+00
-8.35968119e+00
-8.31050032e+00
-8.26652692e+00
-8.22781818e+00
-8.19459372e+00
-8.16726479e+00
-8.14647075e+00
-8.13312431e+00
-8.12846728e+00
-8.13413897e+00
-8.15226073e+00
-8.18554171e+00
-8.23741415e+00
-8.31221145e+00
-8.41541064e+00
-8.55397436e+00
-8.73684752e+00
-8.97569389e+00
-9.28599215e+00
-9.68862756e+00
-1.02120164e+01
-1.08942608e+01
-1.17828295e+01
-1.29228192e+01
-1.43062103e+01
-1.57080801e+01
-1.62509661e+01
-1.35057769e+01
-2.44866000e+00
6.80594623e+00
-3.33594105e+00
-1.39465329e+01
-2.14102160e+01
-2.28998055e+01
-2.23502516e+01
-2.11578012e+01
-1.98362539e+01
-1.85718519e+01
-1.74246354e+01
-1.64058264e+01
-1.55085816e+01
-1.47203346e+01
-1.40276545e+01
-1.34180314e+01
-1.28804088e+01
-1.24052234e+01
-1.19842709e+01
-1.16105254e+01
-1.12779631e+01
-1.09814064e+01
-1.07163926e+01
-1.04790633e+01
-1.02660745e+01
-1.00745212e+01
-9.90187510e+00
-9.74593369e+00
-9.60477702e+00
-9.47673254e+00
-9.36034611e+00
-9.25435848e+00
-9.15768699e+00
-9.06941199e+00
-8.98876800e+00
-8.91513962e+00
-8.84806253e+00
-8.78722991e+00
-8.73250496e+00
-8.68394003e+00
-8.64180363e+00
-8.60661597e+00
-8.57919457e+00
-8.56071137e+00
-8.55276314e+00
-8.55745765e+00
-8.57751912e+00
-8.61641777e+00
-8.67853189e+00
-8.76935532e+00
-8.89577269e+00
-9.06643974e+00
-9.29233289e+00
-9.58757750e+00
-9.97074256e+00
-1.04669193e+01
-1.11111049e+01
-1.19536725e+01
-1.30687705e+01
-1.45650221e+01
-1.65889888e+01
-1.92723143e+01
-2.24246446e+01
-2.43227436e+01
-1.80833777e+01
-5.81692467e+00
-9.65695195e+00
-2.33113619e+01
-2.90001333e+01
-2.89209554e+01
-2.70581680e+01
-2.48334687e+01
-2.27262582e+01
-2.08703154e+01
-1.92771348e+01
-1.79195890e+01
-1.67624472e+01
-1.57726557e+01
-1.49220786e+01
-1.41875951e+01
-1.35504093e+01
-1.29952386e+01
-1.25095938e+01
-1.20831965e+01
-1.17075252e+01
-1.13754634e+01
-1.10810301e+01
-1.08191687e+01
-1.05855836e+01
-1.03766099e+01
-1.01891101e+01
-1.00203914e+01
-9.86813836e+00
-9.73035915e+00
-9.60534179e+00
-9.49161936e+00
-9.38794302e+00
-9.29326175e+00
-9.20670878e+00
-9.12759419e+00
-9.05540409e+00
-8.98980648e+00
-8.93066438e+00
-8.87805719e+00
-8.83231070e+00
-8.79403748e+00
-8.76418836e+00
-8.74411707e+00
-8.73565921e+00
-8.74122861e+00
-8.76393322e+00
-8.80771596e+00
-8.87752646e+00
-8.97953651e+00
-9.12141728e+00
-9.31271358e+00
-9.56537187e+00
-9.89452543e+00
-1.03197135e+01
-1.08668493e+01
-1.15714852e+01
-1.24843155e+01
-1.36803917e+01
-1.52736639e+01
-1.74346512e+01
-2.03829891e+01
-2.41990222e+01
-2.78264465e+01
-2.56225020e+01
-1.21146545e+01
