# vtk DataFile Version 3.0
Lid-Driven Cavity Re=100 Step=500
ASCII
DATASET STRUCTURED_POINTS
DIMENSIONS 64 64 1
ORIGIN 0.007812 0.007812 0.0
SPACING 0.015625 0.015625 1.0
POINT_DATA 4096
VECTORS velocity double
1.34271009e-04 1.00520735e-04 0.0
2.49174945e-04 1.36556900e-04 0.0
1.92525973e-04 1.54343040e-04 0.0
9.78945079e-05 1.74306829e-04 0.0
-3.80457649e-05 1.95439868e-04 0.0
-2.15060737e-04 2.15187657e-04 0.0
-4.28946370e-04 2.32125273e-04 0.0
-6.73621700e-04 2.45804372e-04 0.0
-9.42588061e-04 2.56247249e-04 0.0
-1.22966177e-03 2.63750511e-04 0.0
-1.52929753e-03 2.68648481e-04 0.0
-1.83668083e-03 2.71341998e-04 0.0
-2.14772564e-03 2.72152158e-04 0.0
-2.45900744e-03 2.71423930e-04 0.0
-2.76768509e-03 2.69389889e-04 0.0
-3.07140319e-03 2.66307733e-04 0.0
-3.36820735e-03 2.62315607e-04 0.0
-3.65645530e-03 2.57591774e-04 0.0
-3.93474809e-03 2.52196732e-04 0.0
-4.20186244e-03 2.46249618e-04 0.0
-4.45670379e-03 2.39755981e-04 0.0
-4.69826129e-03 2.32797513e-04 0.0
-4.92558099e-03 2.25345938e-04 0.0
-5.13773999e-03 2.17463634e-04 0.0
-5.33383517e-03 2.09105046e-04 0.0
-5.51297141e-03 2.00326283e-04 0.0
-5.67426074e-03 1.91076061e-04 0.0
-5.81682017e-03 1.81412591e-04 0.0
-5.93977700e-03 1.71286353e-04 0.0
-6.04227287e-03 1.60762612e-04 0.0
-6.12347266e-03 1.49798430e-04 0.0
-6.18257266e-03 1.38469071e-04 0.0
-6.21881169e-03 1.26741628e-04 0.0
-6.23148263e-03 1.14703480e-04 0.0
-6.21994539e-03 1.02334859e-04 0.0
-6.18364181e-03 8.97374073e-05 0.0
-6.12211090e-03 7.69079667e-05 0.0
-6.03500770e-03 6.39652174e-05 0.0
-5.92212166e-03 5.09268819e-05 0.0
-5.78340038e-03 3.79323740e-05 0.0
-5.61897203e-03 2.50255000e-05 0.0
-5.42917489e-03 1.23709855e-05 0.0
-5.21458451e-03 4.45837722e-08 0.0
-4.97604939e-03 -1.17587316e-05 0.0
-4.71472282e-03 -2.29255608e-05 0.0
-4.43210381e-03 -3.32265134e-05 0.0
-4.13007208e-03 -4.25064471e-05 0.0
-3.81093183e-03 -5.04998410e-05 0.0
-3.47744639e-03 -5.70091794e-05 0.0
-3.13288044e-03 -6.17354220e-05 0.0
-2.78102923e-03 -6.44431937e-05 0.0
-2.42625366e-03 -6.48080765e-05 0.0
-2.07349858e-03 -6.25669250e-05 0.0
-1.72831573e-03 -5.73828804e-05 0.0
-1.39686797e-03 -4.89783650e-05 0.0
-1.08593954e-03 -3.70175155e-05 0.0
-8.02928705e-04 -2.12192646e-05 0.0
-5.55846948e-04 -1.26057153e-06 0.0
-3.53282169e-04 2.31140230e-05 0.0
-2.04280239e-04 5.20963177e-05 0.0
-1.17825995e-04 8.54335301e-05 0.0
-1.00723971e-04 1.21181687e-04 0.0
-1.48418317e-04 1.49906255e-04 0.0
-9.33603917e-05 1.29127022e-04 0.0
1.55512700e-04 1.62719624e-04 0.0
2.88537776e-04 2.95598786e-04 0.0
1.73931449e-04 4.00810385e-04 0.0
-7.56895369e-05 5.06110690e-04 0.0
-4.50417195e-04 6.08114391e-04 0.0
-9.37693874e-04 7.00418805e-04 0.0
-1.52267673e-03 7.79194968e-04 0.0
-2.18913737e-03 8.43127526e-04 0.0
-2.92066677e-03 8.92511158e-04 0.0
-3.70164018e-03 9.28461408e-04 0.0
-4.51777595e-03 9.52479306e-04 0.0
-5.35640734e-03 9.66137725e-04 0.0
-6.20652366e-03 9.70974716e-04 0.0
-7.05870322e-03 9.68362701e-04 0.0
-7.90495216e-03 9.59522478e-04 0.0
-8.73852687e-03 9.45454105e-04 0.0
-9.55372642e-03 9.27001425e-04 0.0
-1.03457087e-02 9.04803126e-04 0.0
-1.11103049e-02 8.79380038e-04 0.0
-1.18438724e-02 8.51088437e-04 0.0
-1.25431557e-02 8.20216488e-04 0.0
-1.32051874e-02 7.86931333e-04 0.0
-1.38271988e-02 7.51377783e-04 0.0
-1.44065636e-02 7.13615929e-04 0.0
-1.49407502e-02 6.73719157e-04 0.0
-1.54272986e-02 6.31702189e-04 0.0
-1.58638025e-02 5.87617825e-04 0.0
-1.62479093e-02 5.41477044e-04 0.0
-1.65773219e-02 4.93344938e-04 0.0
-1.68498130e-02 4.43255171e-04 0.0
-1.70632403e-02 3.91305775e-04 0.0
-1.72155700e-02 3.37570260e-04 0.0
-1.73049011e-02 2.82193744e-04 0.0
-1.73294959e-02 2.25302731e-04 0.0
-1.72878124e-02 1.67101694e-04 0.0
-1.71785412e-02 1.07783221e-04 0.0
-1.70006476e-02 4.76248461e-05 0.0
-1.67534155e-02 -1.30990569e-05 0.0
-1.64365011e-02 -7.40207210e-05 0.0
-1.60499862e-02 -1.34764321e-04 0.0
-1.55944455e-02 -1.94850620e-04 0.0
-1.50710118e-02 -2.53779013e-04 0.0
-1.44814574e-02 -3.10934840e-04 0.0
-1.38282719e-02 -3.65668305e-04 0.0
-1.31147569e-02 -4.17206633e-04 0.0
-1.23451134e-02 -4.64730816e-04 0.0
-1.15245451e-02 -5.07295490e-04 0.0
-1.06593474e-02 -5.43905145e-04 0.0
-9.75700819e-03 -5.73445010e-04 0.0
-8.82628484e-03 -5.94758576e-04 0.0
-7.87728474e-03 -6.06592603e-04 0.0
-6.92150896e-03 -6.07677502e-04 0.0
-5.97188715e-03 -5.96689116e-04 0.0
-5.04275657e-03 -5.72333679e-04 0.0
-4.14981037e-03 -5.33330853e-04 0.0
-3.30995266e-03 -4.78512115e-04 0.0
-2.54105979e-03 -4.06851202e-04 0.0
-1.86151658e-03 -3.17646134e-04 0.0
-1.28937646e-03 -2.10785064e-04 0.0
-8.40672225e-04 -8.74939389e-05 0.0
-5.26014043e-04 4.78963619e-05 0.0
-3.43706320e-04 1.83029850e-04 0.0
-2.67529804e-04 2.82969312e-04 0.0
-1.25341432e-04 2.44509908e-04 0.0
1.25427258e-04 1.16037389e-04 0.0
1.86499089e-04 3.82444801e-04 0.0
-3.90771131e-05 6.54149555e-04 0.0
-4.58271187e-04 9.21592174e-04 0.0
-1.06329713e-03 1.17239190e-03 0.0
-1.83594658e-03 1.39607570e-03 0.0
-2.75397854e-03 1.58656097e-03 0.0
-3.79358957e-03 1.74184407e-03 0.0
-4.93096430e-03 1.86270944e-03 0.0
-6.14333293e-03 1.95161854e-03 0.0
-7.40968104e-03 2.01181926e-03 0.0
-8.71110162e-03 2.04686549e-03 0.0
-1.00309345e-02 2.06021175e-03 0.0
-1.13547000e-02 2.05508864e-03 0.0
-1.26699527e-02 2.03431600e-03 0.0
-1.39660413e-02 2.00034399e-03 0.0
-1.52338696e-02 1.95515928e-03 0.0
-1.64656254e-02 1.90040521e-03 0.0
-1.76545508e-02 1.83732145e-03 0.0
-1.87947115e-02 1.76689877e-03 0.0
-1.98808199e-02 1.68982121e-03 0.0
-2.09080677e-02 1.60663132e-03 0.0
-2.18720133e-02 1.51765961e-03 0.0
-2.27684765e-02 1.42318845e-03 0.0
-2.35934808e-02 1.32336355e-03 0.0
-2.43431997e-02 1.21835240e-03 0.0
-2.50139396e-02 1.10823854e-03 0.0
-2.56021232e-02 9.93174748e-04 0.0
-2.61042994e-02 8.73263907e-04 0.0
-2.65171526e-02 7.48708814e-04 0.0
-2.68375290e-02 6.19684261e-04 0.0
-2.70624645e-02 4.86485550e-04 0.0
-2.71892224e-02 3.49396108e-04 0.0
-2.72153350e-02 2.08836133e-04 0.0
-2.71386511e-02 6.52294201e-05 0.0
-2.69573914e-02 -8.08472024e-05 0.0
-2.66702066e-02 -2.28794911e-04 0.0
-2.62762476e-02 -3.77842764e-04 0.0
-2.57752370e-02 -5.27174483e-04 0.0
-2.51675572e-02 -6.75778602e-04 0.0
-2.44543375e-02 -8.22569915e-04 0.0
-2.36375633e-02 -9.66242036e-04 0.0
-2.27201799e-02 -1.10538387e-03 0.0
-2.17062222e-02 -1.23833832e-03 0.0
-2.06009335e-02 -1.36331600e-03 0.0
-1.94109101e-02 -1.47826574e-03 0.0
-1.81442265e-02 -1.58098971e-03 0.0
-1.68105811e-02 -1.66903310e-03 0.0
-1.54214098e-02 -1.73980655e-03 0.0
-1.39900079e-02 -1.79050341e-03 0.0
-1.25316003e-02 -1.81823640e-03 0.0
-1.10634010e-02 -1.81999213e-03 0.0
-9.60458899e-03 -1.79279137e-03 0.0
-8.17624021e-03 -1.73369637e-03 0.0
-6.80112152e-03 -1.64001847e-03 0.0
-5.50336471e-03 -1.50942706e-03 0.0
-4.30787544e-03 -1.34030625e-03 0.0
-3.23940769e-03 -1.13219266e-03 0.0
-2.32099893e-03 -8.86777842e-04 0.0
-1.57146398e-03 -6.09733601e-04 0.0
-1.00142740e-03 -3.14551799e-04 0.0
-6.07942954e-04 -3.03101242e-05 0.0
-3.69977464e-04 1.82171515e-04 0.0
-1.43013407e-04 1.99525935e-04 0.0
8.90028883e-05 1.35641960e-04 0.0
5.07037568e-05 5.74102601e-04 0.0
-3.21726042e-04 1.06050335e-03 0.0
-9.30354861e-04 1.54306721e-03 0.0
-1.76731463e-03 1.99291195e-03 0.0
-2.81175267e-03 2.39265286e-03 0.0
-4.03697247e-03 2.73324864e-03 0.0
-5.41404355e-03 3.01185192e-03 0.0
-6.91382508e-03 3.22987452e-03 0.0
-8.50828717e-03 3.39130116e-03 0.0
-1.01713071e-02 3.50152473e-03 0.0
-1.18791550e-02 3.56644896e-03 0.0
-1.36106638e-02 3.59199329e-03 0.0
-1.53472424e-02 3.58367476e-03 0.0
-1.70727107e-02 3.54647719e-03 0.0
-1.87730892e-02 3.48467651e-03 0.0
-2.04363046e-02 3.40189966e-03 0.0
-2.20519199e-02 3.30106522e-03 0.0
-2.36108352e-02 3.18453384e-03 0.0
-2.51050469e-02 3.05409065e-03 0.0
-2.65274054e-02 2.91112995e-03 0.0
-2.78714391e-02 2.75663812e-03 0.0
-2.91311862e-02 2.59138120e-03 0.0
-3.03010887e-02 2.41586846e-03 0.0
-3.13758926e-02 2.23052897e-03 0.0
-3.23505995e-02 2.03565020e-03 0.0
-3.32204211e-02 1.83154063e-03 0.0
-3.39807722e-02 1.61844595e-03 0.0
-3.46272644e-02 1.39670046e-03 0.0
-3.51557266e-02 1.16662701e-03 0.0
-3.55622258e-02 9.28681540e-04 0.0
-3.58431059e-02 6.83343673e-04 0.0
-3.59950285e-02 4.31258414e-04 0.0
-3.60150255e-02 1.73123281e-04 0.0
-3.59005577e-02 -9.01697641e-05 0.0
-3.56495798e-02 -3.57646021e-04 0.0
-3.52606174e-02 -6.28104257e-04 0.0
-3.47328469e-02 -9.00223904e-04 0.0
-3.40661936e-02 -1.17241921e-03 0.0
-3.32614292e-02 -1.44294020e-03 0.0
-3.23202941e-02 -1.70972644e-03 0.0
-3.12456150e-02 -1.97050231e-03 0.0
-3.00414525e-02 -2.22263452e-03 0.0
-2.87132378e-02 -2.46322528e-03 0.0
-2.72679414e-02 -2.68898114e-03 0.0
-2.57142215e-02 -2.89631122e-03 0.0
-2.40626001e-02 -3.08121856e-03 0.0
-2.23256050e-02 -3.23941437e-03 0.0
-2.05179270e-02 -3.36624656e-03 0.0
-1.86565204e-02 -3.45684419e-03 0.0
-1.67606972e-02 -3.50610120e-03 0.0
-1.48521289e-02 -3.50887015e-03 0.0
-1.29548050e-02 -3.46002714e-03 0.0
-1.10948430e-02 -3.35474969e-03 0.0
-9.30018720e-03 -3.18872094e-03 0.0
-7.60005775e-03 -2.95859245e-03 0.0
-6.02415211e-03 -2.66252056e-03 0.0
-4.60139568e-03 -2.30118762e-03 0.0
-3.35818893e-03 -1.87938680e-03 0.0
-2.31594446e-03 -1.40889282e-03 0.0
-1.48813165e-03 -9.13234124e-04 0.0
-8.77610677e-04 -4.35625714e-04 0.0
-4.76889555e-04 -5.11954776e-05 0.0
-1.63734856e-04 1.16455658e-04 0.0
5.56679210e-05 2.24801804e-04 0.0
-8.40059304e-05 8.96750422e-04 0.0
-6.14613212e-04 1.64089800e-03 0.0
-1.42133654e-03 2.37803409e-03 0.0
-2.49003278e-03 3.06361136e-03 0.0
-3.79597892e-03 3.67235184e-03 0.0
-5.30879819e-03 4.19160380e-03 0.0
-6.99569690e-03 4.61748542e-03 0.0
-8.82361220e-03 4.95195756e-03 0.0
-1.07605721e-02 5.20066348e-03 0.0
-1.27766174e-02 5.37125179e-03 0.0
-1.48442976e-02 5.47227772e-03 0.0
-1.69389408e-02 5.51234491e-03 0.0
-1.90386574e-02 5.49964999e-03 0.0
-2.11242450e-02 5.44159025e-03 0.0
-2.31789428e-02 5.34467518e-03 0.0
-2.51881781e-02 5.21438778e-03 0.0
-2.71392416e-02 5.05529471e-03 0.0
-2.90210108e-02 4.87102818e-03 0.0
-3.08236483e-02 4.66448748e-03 0.0
-3.25383730e-02 4.43785865e-03 0.0
-3.41572275e-02 4.19284207e-03 0.0
-3.56729215e-02 3.93066324e-03 0.0
-3.70786780e-02 3.65229219e-03 0.0
-3.83681466e-02 3.35842484e-03 0.0
-3.95353182e-02 3.04968140e-03 0.0
-4.05744935e-02 2.72655508e-03 0.0
-4.14802505e-02 2.38958942e-03 0.0
-4.22474514e-02 2.03930020e-03 0.0
-4.28712487e-02 1.67633749e-03 0.0
-4.33471174e-02 1.30138979e-03 0.0
-4.36708886e-02 9.15337823e-04 0.0
-4.38388004e-02 5.19149814e-04 0.0
-4.38475532e-02 1.14032828e-04 0.0
-4.36943760e-02 -2.98673323e-04 0.0
-4.33771027e-02 -7.17343186e-04 0.0
-4.28942541e-02 -1.14016772e-03 0.0
-4.22451377e-02 -1.56499785e-03 0.0
-4.14299477e-02 -1.98943924e-03 0.0
-4.04498914e-02 -2.41069284e-03 0.0
-3.93073105e-02 -2.82564215e-03 0.0
-3.80058356e-02 -3.23069457e-03 0.0
-3.65505297e-02 -3.62186503e-03 0.0
-3.49480687e-02 -3.99462673e-03 0.0
-3.32069014e-02 -4.34400015e-03 0.0
-3.13374450e-02 -4.66442752e-03 0.0
-2.93522459e-02 -4.94988232e-03 0.0
-2.72661661e-02 -5.19378783e-03 0.0
-2.50965116e-02 -5.38916848e-03 0.0
-2.28631673e-02 -5.52863890e-03 0.0
-2.05886380e-02 -5.60462537e-03 0.0
-1.82980610e-02 -5.60946089e-03 0.0
-1.60190721e-02 -5.53571946e-03 0.0
-1.37815873e-02 -5.37647781e-03 0.0
-1.16173585e-02 -5.12585187e-03 0.0
-9.55935499e-03 -4.77957253e-03 0.0
-7.64080498e-03 -4.33597499e-03 0.0
-5.89394937e-03 -3.79732782e-03 0.0
-4.34837172e-03 -3.17201445e-03 0.0
-3.02911793e-03 -2.47775074e-03 0.0
-1.95487563e-03 -1.74641951e-03 0.0
-1.13725865e-03 -1.03057044e-03 0.0
-5.82624492e-04 -4.11599094e-04 0.0
-1.85819904e-04 -9.16167013e-06 0.0
2.67409931e-05 3.76033551e-04 0.0
-2.07399356e-04 1.35297500e-03 0.0
-8.92804268e-04 2.40069389e-03 0.0
-1.89509501e-03 3.42726200e-03 0.0
-3.18974476e-03 4.37774363e-03 0.0
-4.74600790e-03 5.22044446e-03 0.0
-6.52919466e-03 5.93953718e-03 0.0
-8.50292351e-03 6.53020096e-03 0.0
-1.06308164e-02 6.99507575e-03 0.0
-1.28777870e-02 7.34150271e-03 0.0
-1.52108566e-02 7.57955847e-03 0.0
-1.75997084e-02 7.72053521e-03 0.0
-2.00169087e-02 7.77596695e-03 0.0
-2.24379871e-02 7.75686003e-03 0.0
-2.48412990e-02 7.67332050e-03 0.0
-2.72078457e-02 7.53423135e-03 0.0
-2.95209710e-02 7.34723726e-03 0.0
-3.17660854e-02 7.11866930e-03 0.0
-3.39303335e-02 6.85371984e-03 0.0
-3.60023281e-02 6.55647802e-03 0.0
-3.79718653e-02 6.23018248e-03 0.0
-3.98297200e-02 5.87728070e-03 0.0
-4.15674382e-02 5.49969224e-03 0.0
-4.31772076e-02 5.09884531e-03 0.0
-4.46517275e-02 4.67591822e-03 0.0
-4.59841455e-02 4.23183614e-03 0.0
-4.71679919e-02 3.76748195e-03 0.0
-4.81971665e-02 3.28365442e-03 0.0
-4.90659219e-02 2.78125279e-03 0.0
-4.97688843e-02 2.26120604e-03 0.0
-5.03010727e-02 1.72464039e-03 0.0
-5.06579435e-02 1.17279142e-03 0.0
-5.08354370e-02 6.07163725e-04 0.0
-5.08300396e-02 2.94366498e-05 0.0
-5.06388553e-02 -5.58376785e-04 0.0
-5.02596843e-02 -1.15402227e-03 0.0
-4.96911191e-02 -1.75484141e-03 0.0
-4.89326423e-02 -2.35785673e-03 0.0
-4.79847495e-02 -2.95960363e-03 0.0
-4.68490691e-02 -3.55620615e-03 0.0
-4.55285153e-02 -4.14320618e-03 0.0
-4.40274310e-02 -4.71563299e-03 0.0
-4.23517707e-02 -5.26783805e-03 0.0
-4.05092635e-02 -5.79356780e-03 0.0
-3.85096184e-02 -6.28581981e-03 0.0
-3.63646952e-02 -6.73693655e-03 0.0
-3.40887122e-02 -7.13850729e-03 0.0
-3.16983980e-02 -7.48150969e-03 0.0
-2.92131644e-02 -7.75629077e-03 0.0
-2.66551895e-02 -7.95279279e-03 0.0
-2.40494935e-02 -8.06065713e-03 0.0
-2.14238774e-02 -8.06958381e-03 0.0
-1.88088071e-02 -7.96962101e-03 0.0
-1.62370965e-02 -7.75173813e-03 0.0
-1.37434727e-02 -7.40841455e-03 0.0
-1.13638641e-02 -6.93459365e-03 0.0
-9.13451064e-03 -6.32883319e-03 0.0
-7.09076281e-03 -5.59505025e-03 0.0
-5.26576843e-03 -4.74484554e-03 0.0
-3.68910219e-03 -3.80082257e-03 0.0
-2.38589361e-03 -2.80078588e-03 0.0
-1.37699126e-03 -1.80271215e-03 0.0
-6.81095075e-04 -8.89980976e-04 0.0
-2.06846665e-04 -1.77656730e-04 0.0
1.83176442e-06 5.80915987e-04 0.0
-3.17376542e-04 1.93490147e-03 0.0
-1.14738727e-03 3.33419114e-03 0.0
-2.33553104e-03 4.68421235e-03 0.0
-3.84545276e-03 5.92537982e-03 0.0
-5.63878671e-03 7.02242533e-03 0.0
-7.67566814e-03 7.95764643e-03 0.0
-9.91580469e-03 8.72598380e-03 0.0
-1.23196609e-02 9.33107055e-03 0.0
-1.48493668e-02 9.78221756e-03 0.0
-1.74694530e-02 1.00920344e-02 0.0
-2.01472544e-02 1.02747517e-02 0.0
-2.28531671e-02 1.03449045e-02 0.0
-2.55606450e-02 1.03165238e-02 0.0
-2.82461268e-02 1.02024971e-02 0.0
-3.08887915e-02 1.00143166e-02 0.0
-3.34703191e-02 9.76185671e-03 0.0
-3.59745543e-02 9.45345489e-03 0.0
-3.83872292e-02 9.09591376e-03 0.0
-4.06956383e-02 8.69474760e-03 0.0
-4.28883994e-02 8.25427205e-03 0.0
-4.49551946e-02 7.77790458e-03 0.0
-4.68866005e-02 7.26825698e-03 0.0
-4.86739103e-02 6.72742645e-03 0.0
-5.03090354e-02 6.15704976e-03 0.0
-5.17844024e-02 5.55855895e-03 0.0
-5.30929135e-02 4.93318664e-03 0.0
-5.42279020e-02 4.28218411e-03 0.0
-5.51831363e-02 3.60678457e-03 0.0
-5.59528197e-02 2.90839263e-03 0.0
-5.65316238e-02 2.18851920e-03 0.0
-5.69147217e-02 1.44895456e-03 0.0
-5.70978434e-02 6.91688980e-04 0.0
-5.70773364e-02 -8.09198244e-05 0.0
-5.68502396e-02 -8.66228519e-04 0.0
-5.64143702e-02 -1.66113850e-03 0.0
-5.57684167e-02 -2.46217175e-03 0.0
-5.49120542e-02 -3.26529481e-03 0.0
-5.38460578e-02 -4.06598431e-03 0.0
-5.25724497e-02 -4.85904504e-03 0.0
-5.10946365e-02 -5.63866622e-03 0.0
-4.94175873e-02 -6.39824032e-03 0.0
-4.75479944e-02 -7.13041865e-03 0.0
-4.54944797e-02 -7.82694631e-03 0.0
-4.32677691e-02 -8.47873534e-03 0.0
-4.08809126e-02 -9.07574193e-03 0.0
-3.83494528e-02 -9.60708712e-03 0.0
-3.56916282e-02 -1.00610142e-02 0.0
-3.29284956e-02 -1.04250995e-02 0.0
-3.00840648e-02 -1.06863404e-02 0.0
-2.71853106e-02 -1.08315119e-02 0.0
-2.42621599e-02 -1.08474519e-02 0.0
-2.13473017e-02 -1.07216392e-02 0.0
-1.84759233e-02 -1.04427709e-02 0.0
-1.56852097e-02 -1.00016829e-02 0.0
-1.30137276e-02 -9.39238408e-03 0.0
-1.05005469e-02 -8.61354700e-03 0.0
-8.18428485e-03 -7.67032108e-03 0.0
-6.10202081e-03 -6.57680977e-03 0.0
-4.28844940e-03 -5.35907747e-03 0.0
-2.77544989e-03 -4.05872251e-03 0.0
-1.59268296e-03 -2.73643321e-03 0.0
-7.69435555e-04 -1.47539392e-03 0.0
-2.25711170e-04 -3.85817126e-04 0.0
-1.96580440e-05 8.32021307e-04 0.0
-4.14506383e-04 2.63113440e-03 0.0
-1.37652528e-03 4.42999871e-03 0.0
-2.73732485e-03 6.13736153e-03 0.0
-4.44883619e-03 7.69368257e-03 0.0
-6.46445886e-03 9.06310058e-03 0.0
-8.73845192e-03 1.02278724e-02 0.0
-1.12262549e-02 1.11837265e-02 0.0
-1.38850099e-02 1.19359733e-02 0.0
-1.66741946e-02 1.24962419e-02 0.0
-1.95560485e-02 1.28799917e-02 0.0
-2.24959259e-02 1.31045170e-02 0.0
-2.54623909e-02 1.31875654e-02 0.0
-2.84272477e-02 1.31462480e-02 0.0
-3.13653649e-02 1.29964268e-02 0.0
-3.42544927e-02 1.27522362e-02 0.0
-3.70749447e-02 1.24259773e-02 0.0
-3.98093272e-02 1.20280145e-02 0.0
-4.24421936e-02 1.15669613e-02 0.0
-4.49597802e-02 1.10497634e-02 0.0
-4.73497053e-02 1.04820133e-02 0.0
-4.96007630e-02 9.86808843e-03 0.0
-5.17026985e-02 9.21148932e-03 0.0
-5.36460746e-02 8.51495578e-03 0.0
-5.54221261e-02 7.78077528e-03 0.0
-5.70226929e-02 7.01084630e-03 0.0
-5.84401418e-02 6.20694009e-03 0.0
-5.96673506e-02 5.37070933e-03 0.0
-6.06976825e-02 4.50390831e-03 0.0
-6.15250068e-02 3.60835958e-03 0.0
-6.21437128e-02 2.68614617e-03 0.0
-6.25487565e-02 1.73955315e-03 0.0
-6.27357068e-02 7.71246367e-04 0.0
-6.27008114e-02 -2.15795569e-04 0.0
-6.24410731e-02 -1.21810436e-03 0.0
-6.19543342e-02 -2.23178755e-03 0.0
-6.12393821e-02 -3.25234592e-03 0.0
-6.02960545e-02 -4.27472904e-03 0.0
-5.91253762e-02 -5.29314440e-03 0.0
-5.77296883e-02 -6.30110133e-03 0.0
-5.61128179e-02 -7.29121599e-03 0.0
-5.42802313e-02 -8.25524977e-03 0.0
-5.22392358e-02 -9.18392345e-03 0.0
-4.99991521e-02 -1.00669670e-02 0.0
-4.75715389e-02 -1.08929685e-02 0.0
-4.49703703e-02 -1.16494654e-02 0.0
-4.22122608e-02 -1.23228679e-02 0.0
-3.93166176e-02 -1.28986377e-02 0.0
-3.63058257e-02 -1.33613409e-02 0.0
-3.32053235e-02 -1.36949742e-02 0.0
-3.00436836e-02 -1.38832187e-02 0.0
-2.68525368e-02 -1.39099910e-02 0.0
-2.36664624e-02 -1.37599856e-02 0.0
-2.05226696e-02 -1.34195507e-02 0.0
-1.74606093e-02 -1.28776369e-02 0.0
-1.45213462e-02 -1.21271373e-02 0.0
-1.17468733e-02 -1.11664145e-02 0.0
-9.17924740e-03 -1.00013110e-02 0.0
-6.85983234e-03 -8.64747363e-03 0.0
-4.82864908e-03 -7.13314547e-03 0.0
-3.12427388e-03 -5.50201182e-03 0.0
-1.78437514e-03 -3.81579469e-03 0.0
-8.47291357e-04 -2.15635423e-03 0.0
-2.42169351e-04 -6.29083422e-04 0.0
-3.83284081e-05 1.12311325e-03 0.0
-5.00194963e-04 3.42986888e-03 0.0
-1.58153343e-03 5.67463227e-03 0.0
-3.10076763e-03 7.77277841e-03 0.0
-4.99909507e-03 9.66812420e-03 0.0
-7.22165787e-03 1.13268700e-02 0.0
-9.71659562e-03 1.27330623e-02 0.0
-1.24347364e-02 1.38845146e-02 0.0
-1.53297673e-02 1.47890082e-02 0.0
-1.83584280e-02 1.54610950e-02 0.0
-2.14807930e-02 1.59194029e-02 0.0
-2.46603643e-02 1.61846051e-02 0.0
-2.78641483e-02 1.62777795e-02 0.0
-3.10625240e-02 1.62193243e-02 0.0
-3.42291082e-02 1.60281123e-02 0.0
-3.73404597e-02 1.57210950e-02 0.0
-4.03758257e-02 1.53130037e-02 0.0
-4.33167839e-02 1.48164002e-02 0.0
-4.61469650e-02 1.42416965e-02 0.0
-4.88517164e-02 1.35974431e-02 0.0
-5.14178652e-02 1.28904862e-02 0.0
-5.38334490e-02 1.21263390e-02 0.0
-5.60875479e-02 1.13093567e-02 0.0
-5.81700961e-02 1.04430988e-02 0.0
-6.00717837e-02 9.53045881e-03 0.0
-6.17839431e-02 8.57397848e-03 0.0
-6.32985088e-02 7.57591317e-03 0.0
-6.46079646e-02 6.53849289e-03 0.0
-6.57053459e-02 5.46393077e-03 0.0
-6.65842333e-02 4.35464251e-03 0.0
-6.72387860e-02 3.21321618e-03 0.0
-6.76637718e-02 2.04260726e-03 0.0
-6.78546234e-02 8.46088838e-04 0.0
-6.78075003e-02 -3.72562020e-04 0.0
-6.75193646e-02 -1.60911759e-03 0.0
-6.69880738e-02 -2.85871035e-03 0.0
-6.62124774e-02 -4.11587864e-03 0.0
-6.51925410e-02 -5.37436861e-03 0.0
-6.39294661e-02 -6.62716705e-03 0.0
-6.24258484e-02 -7.86629516e-03 0.0
-6.06858217e-02 -9.08283133e-03 0.0
-5.87152503e-02 -1.02667068e-02 0.0
-5.65218960e-02 -1.14067321e-02 0.0
-5.41156396e-02 -1.24904173e-02 0.0
-5.15086612e-02 -1.35040303e-02 0.0
-4.87156770e-02 -1.44324803e-02 0.0
-4.57541117e-02 -1.52594535e-02 0.0
-4.26443205e-02 -1.59674161e-02 0.0
-3.94097158e-02 -1.65378909e-02 0.0
-3.60769241e-02 -1.69516540e-02 0.0
-3.26758084e-02 -1.71892329e-02 0.0
-2.92394889e-02 -1.72313862e-02 0.0
-2.58041826e-02 -1.70599167e-02 0.0
-2.24090100e-02 -1.66585358e-02 0.0
-1.90955796e-02 -1.60140958e-02 0.0
-1.59075343e-02 -1.51179455e-02 0.0
-1.28898879e-02 -1.39676871e-02 0.0
-1.00884007e-02 -1.25691186e-02 0.0
-7.54888906e-03 -1.09385629e-02 0.0
-5.31681638e-03 -9.10528796e-03 0.0
-3.43713945e-03 -7.11390032e-03 0.0
-1.95479875e-03 -5.02613041e-03 0.0
-9.15764887e-04 -2.92212401e-03 0.0
-2.56472328e-04 -9.02894248e-04 0.0
-5.46687806e-05 1.44905074e-03 0.0
-5.76112223e-04 4.32018533e-03 0.0
-1.76506955e-03 7.05462499e-03 0.0
-3.42907681e-03 9.57604413e-03 0.0
-5.49972230e-03 1.18338548e-02 0.0
-7.91436518e-03 1.37983720e-02 0.0
-1.06149883e-02 1.54571543e-02 0.0
-1.35477307e-02 1.68113424e-02 0.0
-1.66626381e-02 1.78721614e-02 0.0
-1.99136896e-02 1.86577000e-02 0.0
-2.32587477e-02 1.91902728e-02 0.0
-2.66595857e-02 1.94941993e-02 0.0
-3.00817358e-02 1.95941797e-02 0.0
-3.34943669e-02 1.95139941e-02 0.0
-3.68699912e-02 1.92757193e-02 0.0
-4.01842198e-02 1.88991392e-02 0.0
-4.34153923e-02 1.84015738e-02 0.0
-4.65442885e-02 1.77977626e-02 0.0
-4.95537589e-02 1.71000680e-02 0.0
-5.24284615e-02 1.63186102e-02 0.0
-5.51545486e-02 1.54616432e-02 0.0
-5.77194652e-02 1.45357727e-02 0.0
-6.01117167e-02 1.35463669e-02 0.0
-6.23207386e-02 1.24977537e-02 0.0
-6.43367439e-02 1.13935944e-02 0.0
-6.61506571e-02 1.02370144e-02 0.0
-6.77540290e-02 9.03091589e-03 0.0
-6.91390204e-02 7.77803917e-03 0.0
-7.02983699e-02 6.48121854e-03 0.0
-7.12254136e-02 5.14338964e-03 0.0
-7.19140946e-02 3.76780748e-03 0.0
-7.23590092e-02 2.35802118e-03 0.0
-7.25554509e-02 9.18073397e-04 0.0
-7.24994784e-02 -5.47537220e-04 0.0
-7.21879925e-02 -2.03365938e-03 0.0
-7.16188241e-02 -3.53452369e-03 0.0
-7.07908443e-02 -5.04353859e-03 0.0
-6.97040744e-02 -6.55331280e-03 0.0
-6.83598310e-02 -8.05544060e-03 0.0
-6.67608600e-02 -9.54051096e-03 0.0
-6.49115171e-02 -1.09978881e-02 0.0
-6.28179263e-02 -1.24157166e-02 0.0
-6.04881944e-02 -1.37807159e-02 0.0
-5.79325879e-02 -1.50782054e-02 0.0
-5.51637734e-02 -1.62919475e-02 0.0
-5.21970005e-02 -1.74042348e-02 0.0
-4.90503468e-02 -1.83958365e-02 0.0
-4.57448809e-02 -1.92462111e-02 0.0
-4.23048767e-02 -1.99336301e-02 0.0
-3.87579119e-02 -2.04355991e-02 0.0
-3.51349965e-02 -2.07292518e-02 0.0
-3.14705433e-02 -2.07920756e-02 0.0
-2.78023412e-02 -2.06026765e-02 0.0
-2.41713268e-02 -2.01419069e-02 0.0
-2.06213395e-02 -1.93940918e-02 0.0
-1.71986567e-02 -1.83486304e-02 0.0
-1.39515356e-02 -1.70017285e-02 0.0
-1.09295896e-02 -1.53584724e-02 0.0
-8.18329405e-03 -1.34349845e-02 0.0
-5.76350038e-03 -1.12607044e-02 0.0
-3.72131413e-03 -8.88032511e-03 0.0
-2.10821719e-03 -6.35512485e-03 0.0
-9.76752505e-04 -3.76361617e-03 0.0
-2.69037039e-04 -1.20336038e-03 0.0
-6.91571360e-05 1.80565458e-03 0.0
-6.43932005e-04 5.29258468e-03 0.0
-1.93037011e-03 8.55763427e-03 0.0
-3.72686486e-03 1.15335569e-02 0.0
-5.95660714e-03 1.41767539e-02 0.0
-8.54970128e-03 1.64632408e-02 0.0
-1.14422472e-02 1.83854895e-02 0.0
-1.45756538e-02 1.99491977e-02 0.0
-1.78963275e-02 2.11699326e-02 0.0
-2.13553747e-02 2.20700792e-02 0.0
-2.49084806e-02 2.26761130e-02 0.0
-2.85156596e-02 2.30164375e-02 0.0
-3.21410882e-02 2.31195851e-02 0.0
-3.57527747e-02 2.30129769e-02 0.0
-3.93222995e-02 2.27219593e-02 0.0
-4.28244163e-02 2.22693237e-02 0.0
-4.62367455e-02 2.16749730e-02 0.0
-4.95393678e-02 2.09559685e-02 0.0
-5.27145313e-02 2.01265855e-02 0.0
-5.57462941e-02 1.91986517e-02 0.0
-5.86202875e-02 1.81817782e-02 0.0
-6.13234372e-02 1.70838036e-02 0.0
-6.38437994e-02 1.59110512e-02 0.0
-6.61703659e-02 1.46687625e-02 0.0
-6.82929697e-02 1.33613011e-02 0.0
-7.02021646e-02 1.19925246e-02 0.0
-7.18891865e-02 1.05659097e-02 0.0
-7.33458933e-02 9.08485562e-03 0.0
-7.45647679e-02 7.55273911e-03 0.0
-7.55389050e-02 5.97316392e-03 0.0
-7.62620443e-02 4.34996823e-03 0.0
-7.67285969e-02 2.68744266e-03 0.0
-7.69337016e-02 9.90313581e-04 0.0
-7.68732864e-02 -7.36050023e-04 0.0
-7.65441465e-02 -2.48565753e-03 0.0
-7.59440401e-02 -4.25168648e-03 0.0
-7.50717882e-02 -6.02649433e-03 0.0
-7.39274060e-02 -7.80139739e-03 0.0
-7.25122269e-02 -9.56666786e-03 0.0
-7.08290701e-02 -1.13113031e-02 0.0
-6.88823892e-02 -1.30230127e-02 0.0
-6.66784768e-02 -1.46879910e-02 0.0
-6.42256350e-02 -1.62909129e-02 0.0
-6.15344122e-02 -1.78147388e-02 0.0
-5.86177883e-02 -1.92407557e-02 0.0
-5.54914314e-02 -2.05484636e-02 0.0
-5.21738816e-02 -2.17157209e-02 0.0
-4.86868036e-02 -2.27187848e-02 0.0
-4.50551393e-02 -2.35326418e-02 0.0
-4.13073174e-02 -2.41312962e-02 0.0
-3.74753270e-02 -2.44883857e-02 0.0
-3.35948281e-02 -2.45778245e-02 0.0
-2.97050831e-02 -2.43748087e-02 0.0
-2.58489013e-02 -2.38569106e-02 0.0
-2.20723688e-02 -2.30055512e-02 0.0
-1.84245814e-02 -2.18075909e-02 0.0
-1.49571607e-02 -2.02572632e-02 0.0
-1.17238167e-02 -1.83581875e-02 0.0
-8.77976358e-03 -1.61255819e-02 0.0
-6.18130789e-03 -1.35883268e-02 0.0
-3.98543912e-03 -1.07907321e-02 0.0
-2.24975189e-03 -7.79348329e-03 0.0
-1.03249645e-03 -4.67396327e-03 0.0
-2.80411802e-04 -1.52755083e-03 0.0
-8.21678179e-05 2.18960408e-03 0.0
-7.05281165e-04 6.33915263e-03 0.0
-2.08077871e-03 1.01730177e-02 0.0
-3.99936487e-03 1.36332748e-02 0.0
-6.37676908e-03 1.66842103e-02 0.0
-9.13651965e-03 1.93086614e-02 0.0
-1.22090816e-02 2.15052161e-02 0.0
-1.55313179e-02 2.32851577e-02 0.0
-1.90459533e-02 2.46693323e-02 0.0
-2.27012668e-02 2.56850950e-02 0.0
-2.64506904e-02 2.63636880e-02 0.0
-3.02525429e-02 2.67379594e-02 0.0
-3.40696176e-02 2.68406381e-02 0.0
-3.78688714e-02 2.67029396e-02 0.0
-4.16209723e-02 2.63537034e-02 0.0
-4.52999549e-02 2.58187638e-02 0.0
-4.88827655e-02 2.51207627e-02 0.0
-5.23489305e-02 2.42790593e-02 0.0
-5.56801478e-02 2.33099736e-02 0.0
-5.88600111e-02 2.22269905e-02 0.0
-6.18736788e-02 2.10412056e-02 0.0
-6.47076738e-02 1.97616284e-02 0.0
-6.73496416e-02 1.83956675e-02 0.0
-6.97882241e-02 1.69494083e-02 0.0
-7.20128994e-02 1.54280507e-02 0.0
-7.40139190e-02 1.38361073e-02 0.0
-7.57822146e-02 1.21777646e-02 0.0
-7.73093827e-02 1.04569969e-02 0.0
-7.85876452e-02 8.67785784e-03 0.0
-7.96098688e-02 6.84452949e-03 0.0
-8.03695690e-02 4.96156681e-03 0.0
-8.08609560e-02 3.03390861e-03 0.0
-8.10789775e-02 1.06709892e-03 0.0
-8.10193868e-02 -9.32716236e-04 0.0
-8.06788227e-02 -2.95857081e-03 0.0
-8.00549001e-02 -5.00267837e-03 0.0
-7.91463265e-02 -7.05620530e-03 0.0
-7.79530167e-02 -9.10925670e-03 0.0
-7.64762473e-02 -1.11506374e-02 0.0
-7.47187957e-02 -1.31678238e-02 0.0
-7.26851329e-02 -1.51467200e-02 0.0
-7.03815868e-02 -1.70716284e-02 0.0
-6.78165703e-02 -1.89250232e-02 0.0
-6.50007648e-02 -2.06875488e-02 0.0
-6.19473771e-02 -2.23378531e-02 0.0
-5.86723335e-02 -2.38526651e-02 0.0
-5.51945524e-02 -2.52067532e-02 0.0
-5.15361303e-02 -2.63731584e-02 0.0
-4.77226053e-02 -2.73233684e-02 0.0
-4.37831052e-02 -2.80278060e-02 0.0
-3.97505608e-02 -2.84563304e-02 0.0
-3.56617682e-02 -2.85790949e-02 0.0
-3.15574947e-02 -2.83674864e-02 0.0
-2.74823910e-02 -2.77954518e-02 0.0
-2.34849237e-02 -2.68409496e-02 0.0
-1.96170765e-02 -2.54877710e-02 0.0
-1.59340652e-02 -2.37274657e-02 0.0
-1.24938183e-02 -2.15615310e-02 0.0
-9.35650869e-03 -1.90035631e-02 0.0
-6.58391079e-03 -1.60813657e-02 0.0
-4.23890121e-03 -1.28385453e-02 0.0
-2.38487580e-03 -9.33536107e-03 0.0
-1.08540254e-03 -5.64879979e-03 0.0
-2.91115732e-04 -1.87360690e-03 0.0
-9.40886344e-05 2.59833592e-03 0.0
-7.61652918e-04 7.45358162e-03 0.0
-2.21960078e-03 1.18920497e-02 0.0
-4.25188978e-03 1.58651413e-02 0.0
-6.76766309e-03 1.93455497e-02 0.0
-9.68435801e-03 2.23238035e-02 0.0
-1.29272127e-02 2.48055317e-02 0.0
-1.64286535e-02 2.68085675e-02 0.0
-2.01278691e-02 2.83598267e-02 0.0
-2.39702690e-02 2.94923745e-02 0.0
-2.79071015e-02 3.02427295e-02 0.0
-3.18949292e-02 3.06486696e-02 0.0
-3.58952355e-02 3.07473849e-02 0.0
-3.98738902e-02 3.05741834e-02 0.0
-4.38007426e-02 3.01614993e-02 0.0
-4.76490992e-02 2.95383994e-02 0.0
-5.13953391e-02 2.87302735e-02 0.0
-5.50184429e-02 2.77589185e-02 0.0
-5.84996677e-02 2.66426612e-02 0.0
-6.18221584e-02 2.53967661e-02 0.0
-6.49707028e-02 2.40337543e-02 0.0
-6.79314372e-02 2.25639257e-02 0.0
-7.06916839e-02 2.09957037e-02 0.0
-7.32397458e-02 1.93361389e-02 0.0
-7.55648140e-02 1.75911882e-02 0.0
-7.76568391e-02 1.57661417e-02 0.0
-7.95064923e-02 1.38658079e-02 0.0
-8.11050975e-02 1.18948577e-02 0.0
-8.24446326e-02 9.85792681e-03 0.0
-8.35177105e-02 7.75989533e-03 0.0
-8.43176106e-02 5.60593530e-03 0.0
-8.48383018e-02 3.40175292e-03 0.0
-8.50744997e-02 1.15360870e-03 0.0
-8.50217288e-02 -1.13145316e-03 0.0
-8.46764034e-02 -3.44558918e-03 0.0
-8.40359296e-02 -5.77992329e-03 0.0
-8.30988102e-02 -8.12452101e-03 0.0
-8.18647864e-02 -1.04681440e-02 0.0
-8.03349682e-02 -1.27982085e-02 0.0
-7.85120153e-02 -1.51005303e-02 0.0
-7.64002929e-02 -1.73592737e-02 0.0
-7.40060900e-02 -1.95567018e-02 0.0
-7.13377978e-02 -2.16731389e-02 0.0
-6.84061619e-02 -2.36867588e-02 0.0
-6.52244773e-02 -2.55736023e-02 0.0
-6.18088678e-02 -2.73074604e-02 0.0
-5.81784879e-02 -2.88600135e-02 0.0
-5.43558157e-02 -3.02008921e-02 0.0
-5.03668463e-02 -3.12980322e-02 0.0
-4.62413748e-02 -3.21180225e-02 0.0
-4.20131516e-02 -3.26267942e-02 0.0
-3.77201152e-02 -3.27903789e-02 0.0
-3.34044591e-02 -3.25760548e-02 0.0
-2.91127510e-02 -3.19536245e-02 0.0
-2.48958362e-02 -3.08970931e-02 0.0
-2.08087589e-02 -2.93864928e-02 0.0
-1.69104189e-02 -2.74100407e-02 0.0
-1.32632198e-02 -2.49663548e-02 0.0
-9.93242867e-03 -2.20667978e-02 0.0
-6.98554012e-03 -1.87375827e-02 0.0
-4.49137657e-03 -1.50214717e-02 0.0
-2.51924517e-03 -1.09785695e-02 0.0
-1.13788900e-03 -6.68640393e-03 0.0
-3.01725366e-04 -2.24075936e-03 0.0
-1.05205015e-04 3.02996616e-03 0.0
-8.14438390e-04 8.63109131e-03 0.0
-2.34991525e-03 1.37079827e-02 0.0
-4.48961991e-03 1.82212255e-02 0.0
-7.13663468e-03 2.21522852e-02 0.0
-1.02028416e-02 2.55000070e-02 0.0
-1.36084952e-02 2.82778816e-02 0.0
-1.72818604e-02 3.05110740e-02 0.0
-2.11586324e-02 3.22333658e-02 0.0
-2.51814827e-02 3.34841489e-02 0.0
-2.92994328e-02 3.43058082e-02 0.0
-3.34673674e-02 3.47414286e-02 0.0
-3.76453985e-02 3.48330456e-02 0.0
-4.17983769e-02 3.46202426e-02 0.0
-4.58952804e-02 3.41392894e-02 0.0
-4.99087603e-02 3.34225433e-02 0.0
-5.38145919e-02 3.24983045e-02 0.0
-5.75912892e-02 3.13907959e-02 0.0
-6.12196468e-02 3.01204789e-02 0.0
-6.46824425e-02 2.87043509e-02 0.0
-6.79640823e-02 2.71564744e-02 0.0
-7.10503932e-02 2.54883748e-02 0.0
-7.39283673e-02 2.37096032e-02 0.0
-7.65860339e-02 2.18280982e-02 0.0
-7.90122884e-02 1.98506853e-02 0.0
-8.11968272e-02 1.77833440e-02 0.0
-8.31300446e-02 1.56316144e-02 0.0
-8.48030146e-02 1.34007661e-02 0.0
-8.62074431e-02 1.10961234e-02 0.0
-8.73356838e-02 8.72315967e-03 0.0
-8.81807379e-02 6.28776854e-03 0.0
-8.87362986e-02 3.79631535e-03 0.0
-8.89967933e-02 1.25588283e-03 0.0
-8.89574546e-02 -1.32569305e-03 0.0
-8.86144051e-02 -3.93958088e-03 0.0
-8.79647542e-02 -6.57591379e-03 0.0
-8.70067252e-02 -9.22353772e-03 0.0
-8.57397791e-02 -1.18699573e-02 0.0
-8.41647834e-02 -1.45010714e-02 0.0
-8.22841618e-02 -1.71011059e-02 0.0
-8.01021030e-02 -1.96523462e-02 0.0
-7.76247336e-02 -2.21350707e-02 0.0
-7.48603636e-02 -2.45273050e-02 0.0
-7.18196786e-02 -2.68047892e-02 0.0
-6.85160165e-02 -2.89407984e-02 0.0
-6.49655742e-02 -3.09061991e-02 0.0
-6.11877105e-02 -3.26694065e-02 0.0
-5.72051605e-02 -3.41966131e-02 0.0
-5.30443551e-02 -3.54519834e-02 0.0
-4.87356323e-02 -3.63981671e-02 0.0
-4.43135542e-02 -3.69968585e-02 0.0
-3.98170877e-02 -3.72097296e-02 0.0
-3.52898756e-02 -3.69994911e-02 0.0
-3.07803255e-02 -3.63313699e-02 0.0
-2.63417518e-02 -3.51747668e-02 0.0
-2.20322647e-02 -3.35053190e-02 0.0
-1.79146505e-02 -3.13071118e-02 0.0
-1.40559148e-02 -2.85751669e-02 0.0
-1.05267532e-02 -2.53178945e-02 0.0
-7.40062291e-03 -2.15594663e-02 0.0
-4.75271639e-03 -1.73416277e-02 0.0
-2.65853303e-03 -1.27247034e-02 0.0
-1.19240377e-03 -7.78773874e-03 0.0
-3.12749501e-04 -2.62932911e-03 0.0
-1.15833335e-04 3.48320826e-03 0.0
-8.64867790e-04 9.86832939e-03 0.0
-2.47459504e-03 1.56159666e-02 0.0
-4.71736628e-03 2.06957439e-02 0.0
-7.49069131e-03 2.50981390e-02 0.0
-1.07011645e-02 2.88308741e-02 0.0
-1.42644119e-02 3.19159622e-02 0.0
-1.81046604e-02 3.43866617e-02 0.0
-2.21543286e-02 3.62842788e-02 0.0
-2.63533612e-02 3.76551872e-02 0.0
-3.06486752e-02 3.85481077e-02 0.0
-3.49934252e-02 3.90118948e-02 0.0
-3.93464227e-02 3.90936944e-02 0.0
-4.36714218e-02 3.88376647e-02 0.0
-4.79365798e-02 3.82840271e-02 0.0
-5.21138158e-02 3.74686261e-02 0.0
-5.61783513e-02 3.64226978e-02 0.0
-6.01081716e-02 3.51730351e-02 0.0
-6.38836658e-02 3.37422102e-02 0.0
-6.74872009e-02 3.21490744e-02 0.0
-7.09028629e-02 3.04091802e-02 0.0
-7.41161408e-02 2.85353899e-02 0.0
-7.71137568e-02 2.65383132e-02 0.0
-7.98834454e-02 2.44268823e-02 0.0
-8.24138555e-02 2.22087073e-02 0.0
-8.46944077e-02 1.98905573e-02 0.0
-8.67152497e-02 1.74786069e-02 0.0
-8.84671764e-02 1.49788189e-02 0.0
-8.99416260e-02 1.23970985e-02 0.0
-9.11306519e-02 9.73960258e-03 0.0
-9.20269522e-02 7.01283219e-03 0.0
-9.26238887e-02 4.22390165e-03 0.0
-9.29155458e-02 1.38060122e-03 0.0
-9.28967958e-02 -1.50834737e-03 0.0
-9.25633869e-02 -4.43323274e-03 0.0
-9.19120545e-02 -7.38309400e-03 0.0
-9.09406386e-02 -1.03456522e-02 0.0
-8.96482406e-02 -1.33070386e-02 0.0
-8.80353684e-02 -1.62517112e-02 0.0
-8.61041366e-02 -1.91621754e-02 0.0
-8.38584362e-02 -2.20188940e-02 0.0
-8.13041735e-02 -2.48000166e-02 0.0
-7.84494594e-02 -2.74813075e-02 0.0
-7.53048816e-02 -3.00359181e-02 0.0
-7.18837096e-02 -3.24343755e-02 0.0
-6.82021959e-02 -3.46444546e-02 0.0
-6.42797954e-02 -3.66312956e-02 0.0
-6.01394946e-02 -3.83574606e-02 0.0
-5.58080467e-02 -3.97832794e-02 0.0
-5.13163283e-02 -4.08672086e-02 0.0
-4.66995860e-02 -4.15665383e-02 0.0
-4.19978077e-02 -4.18382022e-02 0.0
-3.72559515e-02 -4.16399995e-02 0.0
-3.25242770e-02 -4.09320059e-02 0.0
-2.78584690e-02 -3.96784376e-02 0.0
-2.33197970e-02 -3.78497401e-02 0.0
-1.89749551e-02 -3.54250852e-02 0.0
-1.48958240e-02 -3.23950066e-02 0.0
-1.11587715e-02 -2.87642210e-02 0.0
-7.84375283e-03 -2.45542493e-02 0.0
-5.03284188e-03 -1.98056286e-02 0.0
-2.80851458e-03 -1.45791879e-02 0.0
-1.25138599e-03 -8.95649297e-03 0.0
-3.24765179e-04 -3.04071726e-03 0.0
-1.26185834e-04 3.95731006e-03 0.0
-9.14068336e-04 1.11632338e-02 0.0
-2.59619248e-03 1.76129336e-02 0.0
-4.93955213e-03 2.32849344e-02 0.0
-7.83623089e-03 2.81789878e-02 0.0
-1.11878622e-02 3.23121717e-02 0.0
-1.49055853e-02 3.57156856e-02 0.0
-1.89098689e-02 3.84315271e-02 0.0
-2.31299280e-02 4.05092057e-02 0.0
-2.75031714e-02 4.20026074e-02 0.0
-3.19743994e-02 4.29673086e-02 0.0
-3.64951398e-02 4.34582689e-02 0.0
-4.10228259e-02 4.35280960e-02 0.0
-4.55201619e-02 4.32256958e-02 0.0
-4.99543780e-02 4.25954747e-02 0.0
-5.42966865e-02 4.16768325e-02 0.0
-5.85216526e-02 4.05041090e-02 0.0
-6.26067622e-02 3.91066743e-02 0.0
-6.65319173e-02 3.75093466e-02 0.0
-7.02791164e-02 3.57328025e-02 0.0
-7.38320699e-02 3.37942030e-02 0.0
-7.71759797e-02 3.17076938e-02 0.0
-8.02972612e-02 2.94850501e-02 0.0
-8.31834050e-02 2.71361239e-02 0.0
-8.58227855e-02 2.46694062e-02 0.0
-8.82045863e-02 2.20923635e-02 0.0
-9.03186792e-02 1.94118906e-02 0.0
-9.21555970e-02 1.66345363e-02 0.0
-9.37064719e-02 1.37668642e-02 0.0
-9.49630455e-02 1.08155961e-02 0.0
-9.59176604e-02 7.78791462e-03 0.0
-9.65633036e-02 4.69156026e-03 0.0
-9.68936494e-02 1.53510699e-03 0.0
-9.69031354e-02 -1.67195584e-03 0.0
-9.65870562e-02 -4.91895176e-03 0.0
-9.59416729e-02 -8.19393076e-03 0.0
-9.49643574e-02 -1.14833885e-02 0.0
-9.36537335e-02 -1.47721672e-02 0.0
-9.20098692e-02 -1.80431646e-02 0.0
-9.00344456e-02 -2.12772249e-02 0.0
-8.77309914e-02 -2.44528497e-02 0.0
-8.51050729e-02 -2.75460955e-02 0.0
-8.21645622e-02 -3.05303106e-02 0.0
-7.89198425e-02 -3.33760729e-02 0.0
-7.53841041e-02 -3.60509963e-02 0.0
-7.15735607e-02 -3.85197598e-02 0.0
-6.75077749e-02 -4.07440513e-02 0.0
-6.32098914e-02 -4.26827680e-02 0.0
-5.87070006e-02 -4.42921957e-02 0.0
-5.40304039e-02 -4.55264970e-02 0.0
-4.92160276e-02 -4.63382648e-02 0.0
-4.43047271e-02 -4.66794560e-02 0.0
-3.93427424e-02 -4.65024953e-02 0.0
-3.43820038e-02 -4.57618374e-02 0.0
-2.94805455e-02 -4.44157944e-02 0.0
-2.47026680e-02 -4.24288606e-02 0.0
-2.01190882e-02 -3.97743225e-02 0.0
-1.58066540e-02 -3.64372768e-02 0.0
-1.18478484e-02 -3.24177596e-02 0.0
-8.32963244e-03 -2.77339022e-02 0.0
-5.34188609e-03 -2.24245987e-02 0.0
-2.97505094e-03 -1.65513526e-02 0.0
-1.31736727e-03 -1.01991217e-02 0.0
-3.38292596e-04 -3.47742676e-03 0.0
-1.36521366e-04 4.45198638e-03 0.0
-9.63009907e-04 1.25149069e-02 0.0
-2.71702016e-03 1.96974148e-02 0.0
-5.16007518e-03 2.59868970e-02 0.0
-8.17899694e-03 3.13926617e-02 0.0
-1.16705127e-02 3.59416899e-02 0.0
-1.55415510e-02 3.96749808e-02 0.0
-1.97089292e-02 4.26439543e-02 0.0
-2.40989190e-02 4.49068946e-02 0.0
-2.86464404e-02 4.65257590e-02 0.0
-3.32943401e-02 4.75633667e-02 0.0
-3.79924680e-02 4.80811692e-02 0.0
-4.26969431e-02 4.81374529e-02 0.0
-4.73692980e-02 4.77861333e-02 0.0
-5.19758442e-02 4.70759084e-02 0.0
-5.64869458e-02 4.60499249e-02 0.0
-6.08765105e-02 4.47456686e-02 0.0
-6.51214016e-02 4.31952426e-02 0.0
-6.92010501e-02 4.14257139e-02 0.0
-7.30969968e-02 3.94597186e-02 0.0
-7.67926133e-02 3.73159984e-02 0.0
-8.02727578e-02 3.50100993e-02 0.0
-8.35235886e-02 3.25549069e-02 0.0
-8.65323160e-02 2.99612923e-02 0.0
-8.92870878e-02 2.72385471e-02 0.0
-9.17768220e-02 2.43949177e-02 0.0
-9.39911464e-02 2.14379162e-02 0.0
-9.59202988e-02 1.83747458e-02 0.0
-9.75551107e-02 1.52125080e-02 0.0
-9.88869663e-02 1.19585494e-02 0.0
-9.99078250e-02 8.62060382e-03 0.0
-1.00610237e-01 5.20709579e-03 0.0
-1.00987404e-01 1.72725361e-03 0.0
-1.01033249e-01 -1.80860136e-03 0.0
-1.00742520e-01 -5.38894529e-03 0.0
-1.00110914e-01 -9.00075872e-03 0.0
-9.91352159e-02 -1.26294080e-02 0.0
-9.78134804e-02 -1.62583425e-02 0.0
-9.61452047e-02 -1.98689666e-02 0.0
-9.41315576e-02 -2.34403336e-02 0.0
-9.17755763e-02 -2.69490192e-02 0.0
-8.90824343e-02 -3.03688328e-02 0.0
-8.60596524e-02 -3.36707154e-02 0.0
-8.27173930e-02 -3.68225012e-02 0.0
-7.90686774e-02 -3.97888799e-02 0.0
-7.51297022e-02 -4.25312578e-02 0.0
-7.09200641e-02 -4.50078445e-02 0.0
-6.64631086e-02 -4.71736871e-02 0.0
-6.17861821e-02 -4.89809719e-02 0.0
-5.69210394e-02 -5.03793451e-02 0.0
-5.19041575e-02 -5.13165651e-02 0.0
-4.67772340e-02 -5.17392771e-02 0.0
-4.15875844e-02 -5.15942116e-02 0.0
-3.63887214e-02 -5.08296336e-02 0.0
-3.12407757e-02 -4.93973194e-02 0.0
-2.62110147e-02 -4.72548992e-02 0.0
-2.13740380e-02 -4.43687723e-02 0.0
-1.68118543e-02 -4.07173852e-02 0.0
-1.26133370e-02 -3.62949211e-02 0.0
-8.87323635e-03 -3.11150133e-02 0.0
-5.69023148e-03 -2.52142017e-02 0.0
-3.16428978e-03 -1.86544984e-02 0.0
-1.39297644e-03 -1.15249519e-02 0.0
-3.53960637e-04 -3.94310464e-03 0.0
-1.46994337e-04 4.96737053e-03 0.0
-1.01257893e-03 1.39234719e-02 0.0
-2.83905643e-03 2.18693595e-02 0.0
-5.38236133e-03 2.88013415e-02 0.0
-8.52389651e-03 3.47387130e-02 0.0
-1.21556517e-02 3.97189558e-02 0.0
-1.61804218e-02 4.37935787e-02 0.0
-2.05116777e-02 4.70240529e-02 0.0
-2.50728603e-02 4.94780399e-02 0.0
-2.97966462e-02 5.12259992e-02 0.0
-3.46239320e-02 5.23383988e-02 0.0
-3.95029960e-02 5.28834222e-02 0.0
-4.43885243e-02 5.29253046e-02 0.0
-4.92408796e-02 5.25230991e-02 0.0
-5.40252764e-02 5.17300005e-02 0.0
-5.87111964e-02 5.05929749e-02 0.0
-6.32717175e-02 4.91528318e-02 0.0
-6.76830611e-02 4.74444466e-02 0.0
-7.19240570e-02 4.54972931e-02 0.0
-7.59758030e-02 4.33359754e-02 0.0
-7.98212492e-02 4.09809530e-02 0.0
-8.34449540e-02 3.84491468e-02 0.0
-8.68327716e-02 3.57546651e-02 0.0
-8.99716881e-02 3.29093387e-02 0.0
-9.28495969e-02 2.99233461e-02 0.0
-9.54551991e-02 2.68056222e-02 0.0
-9.77778536e-02 2.35643609e-02 0.0
-9.98075295e-02 2.02073015e-02 0.0
-1.01534723e-01 1.67421315e-02 0.0
-1.02950452e-01 1.31766868e-02 0.0
-1.04046243e-01 9.51929204e-03 0.0
-1.04814161e-01 5.77891488e-03 0.0
-1.05246862e-01 1.96547949e-03 0.0
-1.05337672e-01 -1.90999391e-03 0.0
-1.05080698e-01 -5.83507852e-03 0.0
-1.04470956e-01 -9.79579776e-03 0.0
-1.03504542e-01 -1.37763076e-02 0.0
-1.02178803e-01 -1.77587450e-02 0.0
-1.00492566e-01 -2.17229064e-02 0.0
-9.84463440e-02 -2.56460955e-02 0.0
-9.60426052e-02 -2.95028133e-02 0.0
-9.32859996e-02 -3.32646251e-02 0.0
-9.01836597e-02 -3.68998881e-02 0.0
-8.67454267e-02 -4.03736676e-02 0.0
-8.29841677e-02 -4.36475400e-02 0.0
-7.89159968e-02 -4.66796000e-02 0.0
-7.45606072e-02 -4.94243919e-02 0.0
-6.99414996e-02 -5.18330696e-02 0.0
-6.50863542e-02 -5.38535345e-02 0.0
-6.00273090e-02 -5.54308491e-02 0.0
-5.48014269e-02 -5.65077110e-02 0.0
-4.94510879e-02 -5.70252854e-02 0.0
-4.40246128e-02 -5.69242277e-02 0.0
-3.85768068e-02 -5.61461923e-02 0.0
-3.31697230e-02 -5.46357045e-02 0.0
-2.78732506e-02 -5.23426683e-02 0.0
-2.27657679e-02 -4.92253923e-02 0.0
-1.79343425e-02 -4.52543109e-02 0.0
-1.34746238e-02 -4.04161770e-02 0.0
-9.48979945e-03 -3.47186352e-02 0.0
-6.08873271e-03 -2.81946136e-02 0.0
-3.38270115e-03 -2.09060293e-02 0.0
-1.48108288e-03 -1.29463317e-02 0.0
-3.72374315e-04 -4.44263634e-03 0.0
-1.57823704e-04 5.50396529e-03 0.0
-1.06352655e-03 1.53899512e-02 0.0
-2.96405600e-03 2.41299089e-02 0.0
-5.60924811e-03 3.17293207e-02 0.0
-8.87500416e-03 3.82180644e-02 0.0
-1.26485148e-02 4.36449193e-02 0.0
-1.68287333e-02 4.80726604e-02 0.0
-2.13259522e-02 5.15735119e-02 0.0
-2.60611299e-02 5.42250146e-02 0.0
-3.09647926e-02 5.61065554e-02 0.0
-3.59760700e-02 5.72964951e-02 0.0
-4.10415799e-02 5.78699977e-02 0.0
-4.61145843e-02 5.78973665e-02 0.0
-5.11540641e-02 5.74429850e-02 0.0
-5.61240642e-02 5.65646303e-02 0.0
-6.09929513e-02 5.53132784e-02 0.0
-6.57329068e-02 5.37331369e-02 0.0
-7.03193246e-02 5.18620416e-02 0.0
-7.47304137e-02 4.97319269e-02 0.0
-7.89467106e-02 4.73695344e-02 0.0
-8.29507744e-02 4.47970584e-02 0.0
-8.67268018e-02 4.20329331e-02 0.0
-9.02604044e-02 3.90924625e-02 0.0
-9.35383170e-02 3.59885383e-02 0.0
-9.65482461e-02 3.27321554e-02 0.0
-9.92786611e-02 2.93330046e-02 0.0
-1.01718704e-01 2.57998527e-02 0.0
-1.03858054e-01 2.21410153e-02 0.0
-1.05686891e-01 1.83646295e-02 0.0
-1.07195832e-01 1.44790431e-02 0.0
-1.08375943e-01 1.04930208e-02 0.0
-1.09218745e-01 6.41609074e-03 0.0
-1.09716278e-01 2.25872282e-03 0.0
-1.09861183e-01 -1.96733722e-03 0.0
-1.09646815e-01 -6.24889301e-03 0.0
-1.09067398e-01 -1.05709598e-02 0.0
-1.08118192e-01 -1.49165838e-02 0.0
-1.06795720e-01 -1.92665010e-02 0.0
-1.05097974e-01 -2.35989553e-02 0.0
-1.03024702e-01 -2.78893668e-02 0.0
-1.00577644e-01 -3.21101670e-02 0.0
-9.77608543e-02 -3.62304997e-02 0.0
-9.45809450e-02 -4.02160987e-02 0.0
-9.10474223e-02 -4.40290535e-02 0.0
-8.71729187e-02 -4.76277616e-02 0.0
-8.29735240e-02 -5.09667946e-02 0.0
-7.84690008e-02 -5.39969656e-02 0.0
-7.36831224e-02 -5.66653439e-02 0.0
-6.86438991e-02 -5.89154961e-02 0.0
-6.33839757e-02 -6.06877306e-02 0.0
-5.79409458e-02 -6.19196219e-02 0.0
-5.23579072e-02 -6.25466401e-02 0.0
-4.66839772e-02 -6.25031728e-02 0.0
-4.09751072e-02 -6.17238261e-02 0.0
-3.52948587e-02 -6.01453126e-02 0.0
-2.97154425e-02 -5.77088673e-02 0.0
-2.43185569e-02 -5.43634873e-02 0.0
-1.91962087e-02 -5.00699245e-02 0.0
-1.44508575e-02 -4.48055756e-02 0.0
-1.01949066e-02 -3.85699639e-02 0.0
-6.54873582e-03 -3.13904820e-02 0.0
-3.63731512e-03 -2.33275825e-02 0.0
-1.58482095e-03 -1.44788682e-02 0.0
-3.94305390e-04 -4.98228000e-03 0.0
-1.69130466e-04 6.06261796e-03 0.0
-1.11656033e-03 1.69161381e-02 0.0
-3.09345786e-03 2.64811726e-02 0.0
-5.84304671e-03 3.47728698e-02 0.0
-9.23535087e-03 4.18326173e-02 0.0
-1.31529236e-02 4.77214997e-02 0.0
-1.74910588e-02 5.25144933e-02 0.0
-2.21573395e-02 5.62952462e-02 0.0
-2.70704751e-02 5.91516708e-02 0.0
-3.21591578e-02 6.11723291e-02 0.0
-3.73607362e-02 6.24436710e-02 0.0
-4.26202101e-02 6.30479064e-02 0.0
-4.78891810e-02 6.30615424e-02 0.0
-5.31251299e-02 6.25543539e-02 0.0
-5.82906230e-02 6.15888787e-02 0.0
-6.33527765e-02 6.02202008e-02 0.0
-6.82826118e-02 5.84961430e-02 0.0
-7.30546223e-02 5.64576071e-02 0.0
-7.76462251e-02 5.41392033e-02 0.0
-8.20374008e-02 5.15698855e-02 0.0
-8.62102322e-02 4.87737632e-02 0.0
-9.01486167e-02 4.57708053e-02 0.0
-9.38378955e-02 4.25776419e-02 0.0
-9.72646389e-02 3.92081887e-02 0.0
-1.00416365e-01 3.56743378e-02 0.0
-1.03281392e-01 3.19864455e-02 0.0
-1.05848645e-01 2.81538907e-02 0.0
-1.08107565e-01 2.41854342e-02 0.0
-1.10048001e-01 2.00896717e-02 0.0
-1.11660174e-01 1.58753049e-02 0.0
-1.12934646e-01 1.15515325e-02 0.0
-1.13862349e-01 7.12827571e-03 0.0
-1.14434631e-01 2.61654493e-03 0.0
-1.14643347e-01 -1.97134668e-03 0.0
-1.14480989e-01 -6.62141876e-03 0.0
-1.13940843e-01 -1.13178072e-02 0.0
-1.13017200e-01 -1.60423966e-02 0.0
-1.11705572e-01 -2.07746024e-02 0.0
-1.10002976e-01 -2.54910113e-02 0.0
-1.07908199e-01 -3.01651792e-02 0.0
-1.05422131e-01 -3.47673030e-02 0.0
-1.02548050e-01 -3.92640604e-02 0.0
-9.92919839e-02 -4.36183438e-02 0.0
-9.56629776e-02 -4.77891719e-02 0.0
-9.16734482e-02 -5.17315160e-02 0.0
-8.73394164e-02 -5.53963113e-02 0.0
-8.26808360e-02 -5.87304034e-02 0.0
-7.77217887e-02 -6.16766879e-02 0.0
-7.24908149e-02 -6.41742121e-02 0.0
-6.70211300e-02 -6.61584920e-02 0.0
-6.13510485e-02 -6.75618485e-02 0.0
-5.55243564e-02 -6.83140273e-02 0.0
-4.95909963e-02 -6.83429670e-02 0.0
-4.36077813e-02 -6.75760153e-02 0.0
-3.76395095e-02 -6.59415508e-02 0.0
-3.17601116e-02 -6.33713578e-02 0.0
-2.60541185e-02 -5.98037993e-02 0.0
-2.06178787e-02 -5.51881320e-02 0.0
-1.55605841e-02 -4.94899549e-02 0.0
-1.10042160e-02 -4.26978528e-02 0.0
-7.08220178e-03 -3.48307372e-02 0.0
-3.93573696e-03 -2.59451801e-02 0.0
-1.70776012e-03 -1.61417189e-02 0.0
-4.20554666e-04 -5.56987112e-03 0.0
-1.81128412e-04 6.64450699e-03 0.0
-1.17230246e-03 1.85044936e-02 0.0
-3.22850802e-03 2.89259437e-02 0.0
-6.08537714e-03 3.79345905e-02 0.0
-9.60683804e-03 4.55847041e-02 0.0
-1.36708731e-02 5.19510734e-02 0.0
-1.81696965e-02 5.71219390e-02 0.0
-2.30086253e-02 6.11930807e-02 0.0
-2.81046656e-02 6.42630912e-02 0.0
-3.33848240e-02 6.64298380e-02 0.0
-3.87848027e-02 6.77878152e-02 0.0
-4.42477475e-02 6.84262859e-02 0.0
-4.97234324e-02 6.84279310e-02 0.0
-5.51674309e-02 6.78680335e-02 0.0
-6.05405934e-02 6.68139823e-02 0.0
-6.58084094e-02 6.53252021e-02 0.0
-7.09405814e-02 6.34532906e-02 0.0
-7.59104508e-02 6.12424882e-02 0.0
-8.06946025e-02 5.87302312e-02 0.0
-8.52723374e-02 5.59479288e-02 0.0
-8.96253173e-02 5.29216969e-02 0.0
-9.37371078e-02 4.96732178e-02 0.0
-9.75928857e-02 4.62204617e-02 0.0
-1.01179071e-01 4.25784774e-02 0.0
-1.04483107e-01 3.87599951e-02 0.0
-1.07493189e-01 3.47760847e-02 0.0
-1.10198114e-01 3.06366187e-02 0.0
-1.12587099e-01 2.63508050e-02 0.0
-1.14649706e-01 2.19275376e-02 0.0
-1.16375743e-01 1.73758454e-02 0.0
-1.17755259e-01 1.27051774e-02 0.0
-1.18778538e-01 7.92581064e-03 0.0
-1.19436159e-01 3.04911099e-03 0.0
-1.19719089e-01 -1.91206820e-03 0.0
-1.19618820e-01 -6.94312637e-03 0.0
-1.19127555e-01 -1.20273146e-02 0.0
-1.18238418e-01 -1.71454737e-02 0.0
-1.16945741e-01 -2.22756382e-02 0.0
-1.15245334e-01 -2.73927882e-02 0.0
-1.13134845e-01 -3.24684819e-02 0.0
-1.10614079e-01 -3.74706504e-02 0.0
-1.07685399e-01 -4.23632936e-02 0.0
-1.04354050e-01 -4.71063506e-02 0.0
-1.00628557e-01 -5.16554930e-02 0.0
-9.65210163e-02 -5.59620990e-02 0.0
-9.20474501e-02 -5.99731659e-02 0.0
-8.72280223e-02 -6.36314021e-02 0.0
-8.20873444e-02 -6.68752662e-02 0.0
-7.66546281e-02 -6.96391817e-02 0.0
-7.09639877e-02 -7.18537130e-02 0.0
-6.50546353e-02 -7.34459331e-02 0.0
-5.89713370e-02 -7.43398131e-02 0.0
-5.27648739e-02 -7.44568914e-02 0.0
-4.64929307e-02 -7.37171448e-02 0.0
-4.02211325e-02 -7.20403946e-02 0.0
-3.40246439e-02 -6.93483129e-02 0.0
-2.79899271e-02 -6.55674744e-02 0.0
-2.22168964e-02 -6.06336575e-02 0.0
-1.68207179e-02 -5.44978409e-02 0.0
-1.19330559e-02 -4.71339452e-02 0.0
-7.70146815e-03 -3.85482035e-02 0.0
-4.28632952e-03 -2.87892842e-02 0.0
-1.85393870e-03 -1.79579581e-02 0.0
-4.52170811e-04 -6.21509200e-03 0.0
-1.93960534e-04 7.25117139e-03 0.0
-1.23141078e-03 2.01580380e-02 0.0
-3.37014542e-03 3.14673646e-02 0.0
-6.33713098e-03 4.12170584e-02 0.0
-9.98979804e-03 4.94764087e-02 0.0
-1.42021187e-02 5.63357778e-02 0.0
-1.88639402e-02 6.18979429e-02 0.0
-2.38792437e-02 6.62713812e-02 0.0
-2.91638095e-02 6.95654790e-02 0.0
-3.46433102e-02 7.18871994e-02 0.0
-4.02516342e-02 7.33388563e-02 0.0
-4.59298717e-02 7.40165347e-02 0.0
-5.16254392e-02 7.40090510e-02 0.0
-5.72916175e-02 7.33972141e-02 0.0
-6.28869985e-02 7.22534773e-02 0.0
-6.83751470e-02 7.06418104e-02 0.0
-7.37240697e-02 6.86179235e-02 0.0
-7.89058349e-02 6.62296426e-02 0.0
-8.38960087e-02 6.35175619e-02 0.0
-8.86732451e-02 6.05157346e-02 0.0
-9.32187397e-02 5.72525369e-02 0.0
-9.75158493e-02 5.37514539e-02 0.0
-1.01549619e-01 5.00319541e-02 0.0
-1.05306471e-01 4.61102080e-02 0.0
-1.08773835e-01 4.19998547e-02 0.0
-1.11939919e-01 3.77125835e-02 0.0
-1.14793442e-01 3.32587639e-02 0.0
-1.17323494e-01 2.86478947e-02 0.0
-1.19519364e-01 2.38891257e-02 0.0
-1.21370485e-01 1.89916174e-02 0.0
-1.22866361e-01 1.39650011e-02 0.0
-1.23996589e-01 8.81969781e-03 0.0
-1.24750898e-01 3.56735784e-03 0.0
-1.25119250e-01 -1.77882824e-03 0.0
-1.25091993e-01 -7.20368845e-03 0.0
-1.24660054e-01 -1.26897551e-02 0.0
-1.23815199e-01 -1.82168238e-02 0.0
-1.22550318e-01 -2.37616478e-02 0.0
-1.20859788e-01 -2.92975205e-02 0.0
-1.18739824e-01 -3.47940093e-02 0.0
-1.16188923e-01 -4.02166009e-02 0.0
-1.13208244e-01 -4.55265154e-02 0.0
-1.09802085e-01 -5.06804571e-02 0.0
-1.05978240e-01 -5.56305475e-02 0.0
-1.01748444e-01 -6.03242112e-02 0.0
-9.71286524e-02 -6.47042455e-02 0.0
-9.21393983e-02 -6.87088454e-02 0.0
-8.68059516e-02 -7.22717942e-02 0.0
-8.11585757e-02 -7.53226000e-02 0.0
-7.52326011e-02 -7.77867701e-02 0.0
-6.90686697e-02 -7.95860283e-02 0.0
-6.27128887e-02 -8.06386728e-02 0.0
-5.62173267e-02 -8.08599410e-02 0.0
-4.96406169e-02 -8.01626399e-02 0.0
-4.30491703e-02 -7.84580454e-02 0.0
-3.65187511e-02 -7.56574790e-02 0.0
-3.01368852e-02 -7.16748097e-02 0.0
-2.40056491e-02 -6.64305160e-02 0.0
-1.82449591e-02 -5.98577880e-02 0.0
-1.29952633e-02 -5.19113017e-02 0.0
-8.41890182e-03 -4.25787526e-02 0.0
-4.69806581e-03 -3.18946750e-02 0.0
-2.02804620e-03 -1.99549535e-02 0.0
-4.90318577e-04 -6.92984394e-03 0.0
-2.07925710e-04 7.88458862e-03 0.0
-1.29456540e-03 2.18802525e-02 0.0
-3.51907868e-03 3.41084229e-02 0.0
-6.59806283e-03 4.46220055e-02 0.0
-1.03824829e-02 5.35085936e-02 0.0
-1.47431961e-02 6.08766823e-02 0.0
-1.95691931e-02 6.68449215e-02 0.0
-2.47642193e-02 7.15348071e-02 0.0
-3.02436546e-02 7.50661379e-02 0.0
-3.59319014e-02 7.75543813e-02 0.0
-4.17608608e-02 7.91090594e-02 0.0
-4.76689010e-02 7.98327205e-02 0.0
-5.36004867e-02 7.98201374e-02 0.0
-5.95058159e-02 7.91577631e-02 0.0
-6.53407019e-02 7.79233305e-02 0.0
-7.10662101e-02 7.61857572e-02 0.0
-7.66483914e-02 7.40052308e-02 0.0
-8.20577504e-02 7.14336169e-02 0.0
-8.72688179e-02 6.85149923e-02 0.0
-9.22595286e-02 6.52864214e-02 0.0
-9.70107480e-02 6.17787394e-02 0.0
-1.01505676e-01 5.80174703e-02 0.0
-1.05729425e-01 5.40236415e-02 0.0
-1.09668519e-01 4.98146581e-02 0.0
-1.13310569e-01 4.54050128e-02 0.0
-1.16643892e-01 4.08070305e-02 0.0
-1.19657286e-01 3.60314354e-02 0.0
-1.22339773e-01 3.10879656e-02 0.0
-1.24680467e-01 2.59858248e-02 0.0
-1.26668430e-01 2.07342102e-02 0.0
-1.28292637e-01 1.53427002e-02 0.0
-1.29541946e-01 9.82174521e-03 0.0
-1.30405153e-01 4.18303690e-03 0.0
-1.30871094e-01 -1.56000444e-03 0.0
-1.30928798e-01 -7.39185643e-03 0.0
-1.30567715e-01 -1.32944019e-02 0.0
-1.29777985e-01 -1.92465555e-02 0.0
-1.28550794e-01 -2.52237847e-02 0.0
-1.26878739e-01 -3.11977667e-02 0.0
-1.24756303e-01 -3.71359648e-02 0.0
-1.22180291e-01 -4.30013639e-02 0.0
-1.19150375e-01 -4.87521567e-02 0.0
-1.15669553e-01 -5.43416111e-02 0.0
-1.11744697e-01 -5.97179138e-02 0.0
-1.07386957e-01 -6.48242055e-02 0.0
-1.02612228e-01 -6.95986020e-02 0.0
-9.74414142e-02 -7.39743923e-02 0.0
-9.19007464e-02 -7.78802046e-02 0.0
-8.60218547e-02 -8.12403065e-02 0.0
-7.98419210e-02 -8.39748291e-02 0.0
-7.34036213e-02 -8.60000647e-02 0.0
-6.67552597e-02 -8.72286518e-02 0.0
-5.99508495e-02 -8.75698144e-02 0.0
-5.30506588e-02 -8.69295566e-02 0.0
-4.61220430e-02 -8.52110888e-02 0.0
-3.92411946e-02 -8.23156105e-02 0.0
-3.24956415e-02 -7.81440132e-02 0.0
-2.59880529e-02 -7.26000631e-02 0.0
-1.98408281e-02 -6.55960904e-02 0.0
-1.42013058e-02 -5.70621626e-02 0.0
-9.24577651e-03 -4.69597368e-02 0.0
-5.18039575e-03 -3.52998725e-02 0.0
-2.23543715e-03 -2.21647085e-02 0.0
-5.36540907e-04 -7.72873542e-03 0.0
-2.23344154e-04 8.54735809e-03 0.0
-1.36263458e-03 2.36749225e-02 0.0
-3.67550603e-03 3.68511639e-02 0.0
-6.86625690e-03 4.81490354e-02 0.0
-1.07797987e-02 5.76795724e-02 0.0
-1.52860419e-02 6.55727160e-02 0.0
-2.02753003e-02 7.19642099e-02 0.0
-2.56528804e-02 7.69882008e-02 0.0
-3.13344164e-02 8.07738016e-02 0.0
-3.72430702e-02 8.34437132e-02 0.0
-4.33079779e-02 8.51136995e-02 0.0
-4.94639100e-02 8.58921660e-02 0.0
-5.56512231e-02 8.58797130e-02 0.0
-6.18161611e-02 8.51685849e-02 0.0
-6.79108700e-02 8.38422425e-02 0.0
-7.38934234e-02 8.19750529e-02 0.0
-7.97274539e-02 7.96323010e-02 0.0
-8.53817920e-02 7.68704047e-02 0.0
-9.08298099e-02 7.37374578e-02 0.0
-9.60488628e-02 7.02738933e-02 0.0
-1.01019558e-01 6.65133621e-02 0.0
-1.05725191e-01 6.24835938e-02 0.0
-1.10151090e-01 5.82073564e-02 0.0
-1.14284151e-01 5.37032935e-02 0.0
-1.18112320e-01 4.89867957e-02 0.0
-1.21624253e-01 4.40707067e-02 0.0
-1.24808947e-01 3.89660535e-02 0.0
-1.27655517e-01 3.36826132e-02 0.0
-1.30152963e-01 2.82295273e-02 0.0
-1.32290055e-01 2.26157758e-02 0.0
-1.34055229e-01 1.68507300e-02 0.0
-1.35436579e-01 1.09445891e-02 0.0
-1.36421883e-01 4.90891983e-03 0.0
-1.36998709e-01 -1.24290600e-03 0.0
-1.37154584e-01 -7.49516255e-03 0.0
-1.36877227e-01 -1.38293228e-02 0.0
-1.36154871e-01 -2.02235087e-02 0.0
-1.34976626e-01 -2.66520587e-02 0.0
-1.33332951e-01 -3.30850170e-02 0.0
-1.31216130e-01 -3.94877679e-02 0.0
-1.28620877e-01 -4.58206270e-02 0.0
-1.25544881e-01 -5.20386101e-02 0.0
-1.21989474e-01 -5.80911962e-02 0.0
-1.17960180e-01 -6.39222933e-02 0.0
-1.13467345e-01 -6.94702220e-02 0.0
-1.08526581e-01 -7.46679049e-02 0.0
-1.03159249e-01 -7.94430674e-02 0.0
-9.73926778e-02 -8.37186071e-02 0.0
-9.12603948e-02 -8.74129250e-02 0.0
-8.48020530e-02 -9.04403394e-02 0.0
-7.80634006e-02 -9.27113680e-02 0.0
-7.10960041e-02 -9.41329757e-02 0.0
-6.39571857e-02 -9.46085972e-02 0.0
-5.67099737e-02 -9.40380627e-02 0.0
-4.94237086e-02 -9.23173593e-02 0.0
-4.21752534e-02 -8.93385478e-02 0.0
-3.50516545e-02 -8.49901424e-02 0.0
-2.81542731e-02 -7.91588273e-02 0.0
-2.16051068e-02 -7.17336512e-02 0.0
-1.55546321e-02 -6.26145419e-02 0.0
-1.01903313e-02 -5.17271415e-02 0.0
-5.74242521e-03 -3.90457182e-02 0.0
-2.48224695e-03 -2.46239741e-02 0.0
-5.92662805e-04 -8.62975017e-03 0.0
-2.40866895e-04 9.24304717e-03 0.0
-1.43667376e-03 2.55458199e-02 0.0
-3.83876894e-03 3.96952593e-02 0.0
-7.13664539e-03 5.17936046e-02 0.0
-1.11712649e-02 6.19832116e-02 0.0
-1.58153603e-02 7.04194734e-02 0.0
-2.09642431e-02 7.72556613e-02 0.0
-2.65267857e-02 8.26369503e-02 0.0
-3.24195373e-02 8.66994273e-02 0.0
-3.85636564e-02 8.95709581e-02 0.0
-4.48842802e-02 9.13720927e-02 0.0
-5.13108850e-02 9.22164259e-02 0.0
-5.77782950e-02 9.22103009e-02 0.0
-6.42274130e-02 9.14521866e-02 0.0
-7.06058424e-02 9.00319206e-02 0.0
-7.68679215e-02 8.80301572e-02 0.0
-8.29745900e-02 8.55180526e-02 0.0
-8.88927905e-02 8.25573564e-02 0.0
-9.45948633e-02 7.92007679e-02 0.0
-1.00057677e-01 7.54926278e-02 0.0
-1.05261897e-01 7.14697259e-02 0.0
-1.10191131e-01 6.71622863e-02 0.0
-1.14831282e-01 6.25949088e-02 0.0
-1.19169849e-01 5.77875684e-02 0.0
-1.23195433e-01 5.27564769e-02 0.0
-1.26897222e-01 4.75149551e-02 0.0
-1.30264655e-01 4.20741421e-02 0.0
-1.33287070e-01 3.64437233e-02 0.0
-1.35953504e-01 3.06325125e-02 0.0
-1.38252489e-01 2.46490844e-02 0.0
-1.40171965e-01 1.85022905e-02 0.0
-1.41699225e-01 1.22018581e-02 0.0
-1.42820946e-01 5.75889613e-03 0.0
-1.43523286e-01 -8.13497101e-04 0.0
-1.43792053e-01 -7.49971120e-03 0.0
-1.43612967e-01 -1.42809998e-02 0.0
-1.42971987e-01 -2.11349515e-02 0.0
-1.41855754e-01 -2.80348802e-02 0.0
-1.40252077e-01 -3.49493382e-02 0.0
-1.38150550e-01 -4.18415874e-02 0.0
-1.35543175e-01 -4.86692318e-02 0.0
-1.32425121e-01 -5.53838559e-02 0.0
-1.28795416e-01 -6.19308671e-02 0.0
-1.24657759e-01 -6.82493851e-02 0.0
-1.20021179e-01 -7.42723613e-02 0.0
-1.14900766e-01 -7.99267649e-02 0.0
-1.09318148e-01 -8.51339866e-02 0.0
-1.03301964e-01 -8.98102784e-02 0.0
-9.68880031e-02 -9.38673399e-02 0.0
-9.01192791e-02 -9.72128409e-02 0.0
-8.30457146e-02 -9.97509416e-02 0.0
-7.57238048e-02 -1.01382575e-01 0.0
-6.82159768e-02 -1.02005519e-01 0.0
-6.05901837e-02 -1.01514030e-01 0.0
-5.29196168e-02 -9.97981167e-02 0.0
-4.52833774e-02 -9.67423880e-02 0.0
-3.77683164e-02 -9.22248741e-02 0.0
-3.04732967e-02 -8.61164189e-02 0.0
-2.35163317e-02 -7.82821227e-02 0.0
-1.70456499e-02 -6.85871695e-02 0.0
-1.12536882e-02 -5.69107287e-02 0.0
-6.39139949e-03 -4.31722890e-02 0.0
-2.77517226e-03 -2.73737820e-02 0.0
-6.61137867e-04 -9.65515353e-03 0.0
-2.61444527e-04 9.97682660e-03 0.0
-1.51796694e-03 2.74958481e-02 0.0
-4.00593213e-03 4.26353187e-02 0.0
-7.39821140e-03 5.55437383e-02 0.0
-1.15368879e-02 6.64064224e-02 0.0
-1.63045380e-02 7.54080666e-02 0.0
-2.16064085e-02 8.27178908e-02 0.0
-2.73572241e-02 8.84881580e-02 0.0
-3.34740645e-02 9.28579012e-02 0.0
-3.98744312e-02 9.59570689e-02 0.0
-4.64769574e-02 9.79092408e-02 0.0
-5.32035219e-02 9.88325648e-02 0.0
-5.99812314e-02 9.88394088e-02 0.0
-6.67441494e-02 9.80352503e-02 0.0
-7.34341418e-02 9.65174232e-02 0.0
-8.00012623e-02 9.43740063e-02 0.0
-8.64033927e-02 9.16831627e-02 0.0
-9.26056787e-02 8.85129002e-02 0.0
-9.85795445e-02 8.49213374e-02 0.0
-1.04301769e-01 8.09572769e-02 0.0
-1.09753384e-01 7.66610988e-02 0.0
-1.14918785e-01 7.20657412e-02 0.0
-1.19784786e-01 6.71978045e-02 0.0
-1.24339920e-01 6.20785765e-02 0.0
-1.28573730e-01 5.67250704e-02 0.0
-1.32476280e-01 5.11509116e-02 0.0
-1.36037660e-01 4.53672129e-02 0.0
-1.39247673e-01 3.93832974e-02 0.0
-1.42095516e-01 3.32074352e-02 0.0
-1.44569607e-01 2.68474584e-02 0.0
-1.46657422e-01 2.03114308e-02 0.0
-1.48345449e-01 1.36082280e-02 0.0
-1.49619181e-01 6.74820408e-03 0.0
-1.50463212e-01 -2.56210619e-04 0.0
-1.50861405e-01 -7.38981481e-03 0.0
-1.50797156e-01 -1.46340105e-02 0.0
-1.50253765e-01 -2.19660926e-02 0.0
-1.49214889e-01 -2.93586306e-02 0.0
-1.47665138e-01 -3.67788014e-02 0.0
-1.45590721e-01 -4.41878573e-02 0.0
-1.42980252e-01 -5.15405985e-02 0.0
-1.39825557e-01 -5.87850354e-02 0.0
-1.36122635e-01 -6.58621157e-02 0.0
-1.31872544e-01 -7.27056930e-02 0.0
-1.27082383e-01 -7.92426065e-02 0.0
-1.21766107e-01 -8.53930271e-02 0.0
-1.15945354e-01 -9.10709222e-02 0.0
-1.09649959e-01 -9.61847538e-02 0.0
-1.02918394e-01 -1.00638230e-01 0.0
-9.57977509e-02 -1.04331166e-01 0.0
-8.83435620e-02 -1.07160226e-01 0.0
-8.06190971e-02 -1.09019530e-01 0.0
-7.26945234e-02 -1.09800839e-01 0.0
-6.46456662e-02 -1.09393242e-01 0.0
-5.65530059e-02 -1.07682024e-01 0.0
-4.85009442e-02 -1.04546683e-01 0.0
-4.05785163e-02 -9.98579793e-02 0.0
-3.28822837e-02 -9.34744864e-02 0.0
-2.55235171e-02 -8.52397179e-02 0.0
-1.86411580e-02 -7.49825560e-02 0.0
-1.24223936e-02 -6.25260204e-02 0.0
-7.12889964e-03 -4.77127421e-02 0.0
-3.12091817e-03 -3.04575109e-02 0.0
-7.45037211e-04 -1.08327463e-02 0.0
-2.86773692e-04 1.07565110e-02 0.0
-1.60730998e-03 2.95247000e-02 0.0
-4.16850308e-03 4.56556523e-02 0.0
-7.62768766e-03 5.93749071e-02 0.0
-1.18399138e-02 7.09262050e-02 0.0
-1.67087348e-02 8.05248151e-02 0.0
-2.21555876e-02 8.83499356e-02 0.0
-2.81019906e-02 9.45534127e-02 0.0
-3.44634631e-02 9.92710499e-02 0.0
-4.11500703e-02 1.02630995e-01 0.0
-4.80701897e-02 1.04758071e-01 0.0
-5.51346132e-02 1.05774843e-01 0.0
-6.22602230e-02 1.05800579e-01 0.0
-6.93723330e-02 1.04949247e-01 0.0
-7.64060859e-02 1.03327319e-01 0.0
-8.33066527e-02 1.01031953e-01 0.0
-9.00288850e-02 9.81497410e-02 0.0
-9.65362796e-02 9.47561727e-02 0.0
-1.02799852e-01 9.09156798e-02 0.0
-1.08796733e-01 8.66822237e-02 0.0
-1.14508956e-01 8.21001803e-02 0.0
-1.19922183e-01 7.72054842e-02 0.0
-1.25024719e-01 7.20267994e-02 0.0
-1.29806539e-01 6.65867420e-02 0.0
-1.34258593e-01 6.09029799e-02 0.0
-1.38372128e-01 5.49893011e-02 0.0
-1.42138227e-01 4.88565203e-02 0.0
-1.45547363e-01 4.25133595e-02 0.0
-1.48589115e-01 3.59671910e-02 0.0
-1.51251894e-01 2.92247977e-02 0.0
-1.53522801e-01 2.22930396e-02 0.0
-1.55387510e-01 1.51795823e-02 0.0
-1.56830267e-01 7.89356633e-03 0.0
-1.57833948e-01 4.46365951e-04 0.0
-1.58380223e-01 -7.14769701e-03 0.0
-1.58449826e-01 -1.48705491e-02 0.0
-1.58022930e-01 -2.26996191e-02 0.0
-1.57079660e-01 -3.06070287e-02 0.0
-1.55600715e-01 -3.85588806e-02 0.0
-1.53568158e-01 -4.65145380e-02 0.0
-1.50966273e-01 -5.44260622e-02 0.0
-1.47782619e-01 -6.22377147e-02 0.0
-1.44009086e-01 -6.98856897e-02 0.0
-1.39643115e-01 -7.72979852e-02 0.0
-1.34688833e-01 -8.43945669e-02 0.0
-1.29158270e-01 -9.10877217e-02 0.0
-1.23072349e-01 -9.72827239e-02 0.0
-1.16461844e-01 -1.02878682e-01 0.0
-1.09367916e-01 -1.07769633e-01 0.0
-1.01842465e-01 -1.11845704e-01 0.0
-9.39478731e-02 -1.14994322e-01 0.0
-8.57564235e-02 -1.17101210e-01 0.0
-7.73489824e-02 -1.18051044e-01 0.0
-6.88133645e-02 -1.17727392e-01 0.0
-6.02421125e-02 -1.16011675e-01 0.0
-5.17304518e-02 -1.12780653e-01 0.0
-4.33746879e-02 -1.07902109e-01 0.0
-3.52728071e-02 -1.01228389e-01 0.0
-2.75291156e-02 -9.25882027e-02 0.0
-2.02669887e-02 -8.17784978e-02 0.0
-1.36539196e-02 -6.85618628e-02 0.0
-7.94278334e-03 -5.26814919e-02 0.0
-3.52401662e-03 -3.39154817e-02 0.0
-8.48439526e-04 -1.21974884e-02 0.0
-3.19143564e-04 1.15939015e-02 0.0
-1.70229147e-03 3.16224777e-02 0.0
-4.30348203e-03 4.87202862e-02 0.0
-7.77670170e-03 6.32427160e-02 0.0
-1.20135425e-02 7.55075129e-02 0.0
-1.69546174e-02 8.57534634e-02 0.0
-2.25423487e-02 9.41559427e-02 0.0
-2.87026024e-02 1.00854144e-01 0.0
-3.53433260e-02 1.05972607e-01 0.0
-4.23608278e-02 1.09633649e-01 0.0
-4.96475172e-02 1.11962337e-01 0.0
-5.70989436e-02 1.13086548e-01 0.0
-6.46187435e-02 1.13134415e-01 0.0
-7.21218432e-02 1.12230759e-01 0.0
-7.95357398e-02 1.10493604e-01 0.0
-8.68006739e-02 1.08031326e-01 0.0
-9.38686830e-02 1.04940775e-01 0.0
-1.00702294e-01 1.01306316e-01 0.0
-1.07272760e-01 9.71997545e-02 0.0
-1.13558427e-01 9.26808834e-02 0.0
-1.19543015e-01 8.77985247e-02 0.0
-1.25214233e-01 8.25917834e-02 0.0
-1.30562446e-01 7.70914529e-02 0.0
-1.35579690e-01 7.13213611e-02 0.0
-1.40258747e-01 6.52996855e-02 0.0
-1.44592503e-01 5.90401031e-02 0.0
-1.48573335e-01 5.25528702e-02 0.0
-1.52192706e-01 4.58457400e-02 0.0
-1.55440766e-01 3.89248489e-02 0.0
-1.58306109e-01 3.17954900e-02 0.0
-1.60775540e-01 2.44629143e-02 0.0
-1.62833964e-01 1.69330707e-02 0.0
-1.64464320e-01 9.21342082e-03 0.0
-1.65647624e-01 1.31372656e-03 0.0
-1.66363108e-01 -6.75306934e-03 0.0
-1.66588468e-01 -1.49699852e-02 0.0
-1.66300260e-01 -2.33150617e-02 0.0
-1.65474417e-01 -3.17604749e-02 0.0
-1.64086960e-01 -4.02716150e-02 0.0
-1.62114827e-01 -4.88062767e-02 0.0
-1.59536931e-01 -5.73138922e-02 0.0
-1.56335300e-01 -6.57349606e-02 0.0
-1.52496458e-01 -7.40006148e-02 0.0
-1.48012811e-01 -8.20324791e-02 0.0
-1.42884217e-01 -8.97427570e-02 0.0
-1.37119443e-01 -9.70346826e-02 0.0
-1.30737689e-01 -1.03803258e-01 0.0
-1.23769804e-01 -1.09936365e-01 0.0
-1.16259386e-01 -1.15316131e-01 0.0
-1.08263324e-01 -1.19820561e-01 0.0
-9.98520032e-02 -1.23325229e-01 0.0
-9.11086724e-02 -1.25704943e-01 0.0
-8.21282597e-02 -1.26835035e-01 0.0
-7.30151458e-02 -1.26592012e-01 0.0
-6.38803022e-02 -1.24853039e-01 0.0
-5.48374908e-02 -1.21493659e-01 0.0
-4.59993790e-02 -1.16382887e-01 0.0
-3.74741535e-02 -1.09374636e-01 0.0
-2.93653997e-02 -1.00294330e-01 0.0
-2.17795010e-02 -8.89203350e-02 0.0
-1.48496544e-02 -7.49628916e-02 0.0
-8.78864850e-03 -5.80525664e-02 0.0
-3.98050895e-03 -3.77712860e-02 0.0
-9.75915400e-04 -1.37930076e-02 0.0
-3.60228057e-04 1.25047588e-02 0.0
-1.78696564e-03 3.37530031e-02 0.0
-4.35117000e-03 5.17551836e-02 0.0
-7.74517021e-03 6.70750778e-02 0.0
-1.19388027e-02 8.01056745e-02 0.0
-1.69259453e-02 9.10835805e-02 0.0
-2.26676059e-02 1.00155289e-01 0.0
-2.90833862e-02 1.07430914e-01 0.0
-3.60622299e-02 1.13015497e-01 0.0
-4.34769085e-02 1.17023043e-01 0.0
-5.11969530e-02 1.19579790e-01 0.0
-5.90979720e-02 1.20821663e-01 0.0
-6.70678373e-02 1.20889097e-01 0.0
-7.50098061e-02 1.19921288e-01 0.0
-8.28436724e-02 1.18050989e-01 0.0
-9.05051467e-02 1.15400508e-01 0.0
-9.79444354e-02 1.12079057e-01 0.0
-1.05124078e-01 1.08181462e-01 0.0
-1.12016776e-01 1.03787954e-01 0.0
-1.18603081e-01 9.89648454e-02 0.0
-1.24869463e-01 9.37657274e-02 0.0
-1.30806470e-01 8.82330062e-02 0.0
-1.36407339e-01 8.23995185e-02 0.0
-1.41666738e-01 7.62901491e-02 0.0
-1.46579868e-01 6.99233010e-02 0.0
-1.51141656e-01 6.33122508e-02 0.0
-1.55346191e-01 5.64663125e-02 0.0
-1.59186200e-01 4.93919039e-02 0.0
-1.62652696e-01 4.20934689e-02 0.0
-1.65734624e-01 3.45743722e-02 0.0
-1.68418651e-01 2.68377212e-02 0.0
-1.70688959e-01 1.88872287e-02 0.0
-1.72527169e-01 1.07280609e-02 0.0
-1.73912316e-01 2.36776964e-03 0.0
-1.74820948e-01 -6.18276402e-03 0.0
-1.75227357e-01 -1.49082912e-02 0.0
-1.75103935e-01 -2.37881571e-02 0.0
-1.74421734e-01 -3.27951973e-02 0.0
-1.73151176e-01 -4.18946848e-02 0.0
-1.71263016e-01 -5.10432802e-02 0.0
-1.68729465e-01 -6.01881207e-02 0.0
-1.65525601e-01 -6.92660162e-02 0.0
-1.61630897e-01 -7.82028987e-02 0.0
-1.57031034e-01 -8.69135043e-02 0.0
-1.51719737e-01 -9.53014283e-02 0.0
-1.45700806e-01 -1.03259528e-01 0.0
-1.38989999e-01 -1.10670791e-01 0.0
-1.31616943e-01 -1.17409598e-01 0.0
-1.23626630e-01 -1.23343462e-01 0.0
-1.15080678e-01 -1.28335085e-01 0.0
-1.06057847e-01 -1.32244707e-01 0.0
-9.66540030e-02 -1.34932499e-01 0.0
-8.69809709e-02 -1.36260792e-01 0.0
-7.71645045e-02 -1.36095713e-01 0.0
-6.73408074e-02 -1.34307766e-01 0.0
-5.76518992e-02 -1.30770549e-01 0.0
-4.82393542e-02 -1.25356561e-01 0.0
-3.92371415e-02 -1.17928318e-01 0.0
-3.07643380e-02 -1.08322134e-01 0.0
-2.29220792e-02 -9.63206279e-02 0.0
-1.58046177e-02 -8.16098563e-02 0.0
-9.54833079e-03 -6.37228554e-02 0.0
-4.45850116e-03 -4.19989378e-02 0.0
-1.12975824e-03 -1.56698179e-02 0.0
-4.01956932e-04 1.34984477e-02 0.0
-1.79736060e-03 3.58129704e-02 0.0
-4.16016875e-03 5.46222572e-02 0.0
-7.33038950e-03 7.07722646e-02 0.0
-1.14107780e-02 8.46825596e-02 0.0
-1.64481996e-02 9.65313212e-02 0.0
-2.24001904e-02 1.06401273e-01 0.0
-2.91569246e-02 1.14357528e-01 0.0
-3.65703836e-02 1.20481279e-01 0.0
-4.44781500e-02 1.24879810e-01 0.0
-5.27198011e-02 1.27684833e-01 0.0
-6.11475548e-02 1.29045517e-01 0.0
-6.96321086e-02 1.29119795e-01 0.0
-7.80653069e-02 1.28065898e-01 0.0
-8.63601573e-02 1.26035246e-01 0.0
-9.44494274e-02 1.23167155e-01 0.0
-1.02283070e-01 1.19585510e-01 0.0
-1.09825402e-01 1.15397160e-01 0.0
-1.17052039e-01 1.10691773e-01 0.0
-1.23947208e-01 1.05542691e-01 0.0
-1.30501229e-01 1.00008481e-01 0.0
-1.36708554e-01 9.41347863e-02 0.0
-1.42566044e-01 8.79563050e-02 0.0
-1.48071730e-01 8.14986607e-02 0.0
-1.53223739e-01 7.47801462e-02 0.0
-1.58019547e-01 6.78132225e-02 0.0
-1.62455308e-01 6.06058615e-02 0.0
-1.66525389e-01 5.31626732e-02 0.0
-1.70221913e-01 4.54859498e-02 0.0
-1.73534443e-01 3.75765824e-02 0.0
-1.76449661e-01 2.94349883e-02 0.0
-1.78951154e-01 2.10619977e-02 0.0
-1.81019240e-01 1.24598227e-02 0.0
-1.82630895e-01 3.63304411e-03 0.0
-1.83759783e-01 -5.41028449e-03 0.0
-1.84376415e-01 -1.46574975e-02 0.0
-1.84448491e-01 -2.40900669e-02 0.0
-1.83941406e-01 -3.36823452e-02 0.0
-1.82819026e-01 -4.34002507e-02 0.0
-1.81044658e-01 -5.32000205e-02 0.0
-1.78582365e-01 -6.30270076e-02 0.0
-1.75398479e-01 -7.28146660e-02 0.0
-1.71463503e-01 -8.24837217e-02 0.0
-1.66754159e-01 -9.19416856e-02 0.0
-1.61255790e-01 -1.01082716e-01 0.0
-1.54964792e-01 -1.09787980e-01 0.0
-1.47891248e-01 -1.17926507e-01 0.0
-1.40061362e-01 -1.25356647e-01 0.0
-1.31519843e-01 -1.31928078e-01 0.0
-1.22331730e-01 -1.37484376e-01 0.0
-1.12583813e-01 -1.41866013e-01 0.0
-1.02385072e-01 -1.44913636e-01 0.0
-9.18662963e-02 -1.46471329e-01 0.0
-8.11782878e-02 -1.46389526e-01 0.0
-7.04888219e-02 -1.44527002e-01 0.0
-5.99776765e-02 -1.40751263e-01 0.0
-4.98297841e-02 -1.34936191e-01 0.0
-4.02254690e-02 -1.26955132e-01 0.0
-3.13275585e-02 -1.16665962e-01 0.0
-2.32650891e-02 -1.03881467e-01 0.0
-1.61194262e-02 -8.83120915e-02 0.0
-9.93631535e-03 -6.94599784e-02 0.0
-4.83963713e-03 -4.64482946e-02 0.0
-1.29462676e-03 -1.78654241e-02 0.0
-3.85072112e-04 1.45170027e-02 0.0
-1.50923298e-03 3.75455175e-02 0.0
-3.36005523e-03 5.71033689e-02 0.0
-6.13968576e-03 7.42410440e-02 0.0
-1.00994947e-02 8.92540285e-02 0.0
-1.52826509e-02 1.02180492e-01 0.0
-2.15887137e-02 1.13010228e-01 0.0
-2.88424601e-02 1.21759137e-01 0.0
-3.68391374e-02 1.28489900e-01 0.0
-4.53713760e-02 1.33311298e-01 0.0
-5.42452506e-02 1.36368985e-01 0.0
-6.32891540e-02 1.37833147e-01 0.0
-7.23582163e-02 1.37885916e-01 0.0
-8.13351704e-02 1.36710074e-01 0.0
-9.01291160e-02 1.34480019e-01 0.0
-9.86725759e-02 1.31355273e-01 0.0
-1.06917960e-01 1.27476588e-01 0.0
-1.14833589e-01 1.22964219e-01 0.0
-1.22400050e-01 1.17917997e-01 0.0
-1.29606787e-01 1.12418563e-01 0.0
-1.36449356e-01 1.06529396e-01 0.0
-1.42927078e-01 1.00299122e-01 0.0
-1.49041327e-01 9.37639161e-02 0.0
-1.54794091e-01 8.69497148e-02 0.0
-1.60187005e-01 7.98742334e-02 0.0
-1.65220496e-01 7.25486573e-02 0.0
-1.69893212e-01 6.49791295e-02 0.0
-1.74201464e-01 5.71679675e-02 0.0
-1.78138830e-01 4.91147787e-02 0.0
-1.81695737e-01 4.08174236e-02 0.0
-1.84859132e-01 3.22729949e-02 0.0
-1.87612167e-01 2.34787549e-02 0.0
-1.89933957e-01 1.44331785e-02 0.0
-1.91799407e-01 5.13702887e-03 0.0
-1.93179139e-01 -4.40541430e-03 0.0
-1.94039577e-01 -1.41850641e-02 0.0
-1.94343184e-01 -2.41865858e-02 0.0
-1.94048952e-01 -3.43869135e-02 0.0
-1.93113114e-01 -4.47536743e-02 0.0
-1.91490210e-01 -5.52436464e-02 0.0
-1.89134427e-01 -6.58012390e-02 0.0
-1.86001391e-01 -7.63571421e-02 0.0
-1.82050233e-01 -8.68271712e-02 0.0
-1.77246141e-01 -9.71114680e-02 0.0
-1.71563136e-01 -1.07094110e-01 0.0
-1.64987243e-01 -1.16643286e-01 0.0
-1.57519714e-01 -1.25612091e-01 0.0
-1.49180428e-01 -1.33840059e-01 0.0
-1.40011002e-01 -1.41155442e-01 0.0
-1.30077719e-01 -1.47378246e-01 0.0
-1.19473695e-01 -1.52323932e-01 0.0
-1.08320393e-01 -1.55807617e-01 0.0
-9.67678854e-02 -1.57648497e-01 0.0
-8.49940269e-02 -1.57674101e-01 0.0
-7.32019571e-02 -1.55723848e-01 0.0
-6.16161759e-02 -1.51651238e-01 0.0
-5.04764421e-02 -1.45323748e-01 0.0
-4.00292195e-02 -1.36619029e-01 0.0
-3.05143683e-02 -1.25414753e-01 0.0
-2.21434999e-02 -1.11565952e-01 0.0
-1.50626998e-02 -9.48540188e-02 0.0
-9.29846480e-03 -7.48653572e-02 0.0
-4.74153540e-03 -5.06964949e-02 0.0
-1.37185374e-03 -2.03033787e-02 0.0
-2.14044850e-05 1.51550336e-02 0.0
-1.86260644e-04 3.84280692e-02 0.0
-1.09870328e-03 5.89841106e-02 0.0
-3.48046125e-03 7.75217306e-02 0.0
-7.53804546e-03 9.39907862e-02 0.0
-1.31577460e-02 1.08246653e-01 0.0
-2.01046490e-02 1.20197106e-01 0.0
-2.81077046e-02 1.29829146e-01 0.0
-3.68963725e-02 1.37205332e-01 0.0
-4.62188667e-02 1.42450704e-01 0.0
-5.58518780e-02 1.45736580e-01 0.0
-6.56057082e-02 1.47263410e-01 0.0
-7.53256877e-02 1.47244829e-01 0.0
-8.48911325e-02 1.45893704e-01 0.0
-9.42121435e-02 1.43411498e-01 0.0
-1.03225408e-01 1.39980679e-01 0.0
-1.11889272e-01 1.35760598e-01 0.0
-1.20179013e-01 1.30885755e-01 0.0
-1.28082345e-01 1.25466439e-01 0.0
-1.35595706e-01 1.19590410e-01 0.0
-1.42721089e-01 1.13325699e-01 0.0
-1.49463697e-01 1.06723354e-01 0.0
-1.55830052e-01 9.98204968e-02 0.0
-1.61826704e-01 9.26427658e-02 0.0
-1.67459180e-01 8.52067914e-02 0.0
-1.72731283e-01 7.75219175e-02 0.0
-1.77644460e-01 6.95919884e-02 0.0
-1.82197341e-01 6.14164713e-02 0.0
-1.86385254e-01 5.29917879e-02 0.0
-1.90199832e-01 4.43121331e-02 0.0
-1.93628569e-01 3.53706528e-02 0.0
-1.96654445e-01 2.61602444e-02 0.0
-1.99255555e-01 1.66748265e-02 0.0
-2.01404815e-01 6.91032764e-03 0.0
-2.03069763e-01 -3.13379821e-03 0.0
-2.04212483e-01 -1.34532868e-02 0.0
-2.04789755e-01 -2.40372522e-02 0.0
-2.04753395e-01 -3.48666078e-02 0.0
-2.04050961e-01 -4.59120259e-02 0.0
-2.02626742e-01 -5.71321942e-02 0.0
-2.00423248e-01 -6.84717484e-02 0.0
-1.97383063e-01 -7.98596393e-02 0.0
-1.93451291e-01 -9.12073943e-02 0.0
-1.88578401e-01 -1.02408022e-01 0.0
-1.82723666e-01 -1.13335099e-01 0.0
-1.75858902e-01 -1.23842762e-01 0.0
-1.67972670e-01 -1.33766192e-01 0.0
-1.59074492e-01 -1.42923245e-01 0.0
-1.49199192e-01 -1.51116813e-01 0.0
-1.38410767e-01 -1.58138420e-01 0.0
-1.26805854e-01 -1.63772542e-01 0.0
-1.14516111e-01 -1.67801907e-01 0.0
-1.01709622e-01 -1.70013069e-01 0.0
-8.85906992e-02 -1.70202184e-01 0.0
-7.53984022e-02 -1.68180016e-01 0.0
-6.24033840e-02 -1.63775764e-01 0.0
-4.99037322e-02 -1.56838513e-01 0.0
-3.82195900e-02 -1.47235545e-01 0.0
-2.76867419e-02 -1.34845863e-01 0.0
-1.86459766e-02 -1.19546412e-01 0.0
-1.14175574e-02 -1.01182726e-01 0.0
-6.22473769e-03 -7.94936644e-02 0.0
-2.98633515e-03 -5.38634910e-02 0.0
-9.08577705e-04 -2.23557969e-02 0.0
1.93255924e-03 6.80501352e-03 0.0
4.47863872e-03 2.01961081e-02 0.0
4.33925332e-03 3.28207707e-02 0.0
1.64247911e-03 4.43399305e-02 0.0
-3.23221964e-03 5.45424333e-02 0.0
-9.88514505e-03 6.33071836e-02 0.0
-1.79384740e-02 7.05843100e-02 0.0
-2.70429237e-02 7.63830464e-02 0.0
-3.68826734e-02 8.07612700e-02 0.0
-4.71798142e-02 8.38147720e-02 0.0
-5.76977577e-02 8.56660484e-02 0.0
-6.82422788e-02 8.64530925e-02 0.0
-7.86605240e-02 8.63190890e-02 0.0
-8.88377037e-02 8.54037039e-02 0.0
-9.86925162e-02 8.38365384e-02 0.0
-1.08171471e-01 8.17328146e-02 0.0
-1.17243231e-01 7.91912158e-02 0.0
-1.25893023e-01 7.62934188e-02 0.0
-1.34117915e-01 7.31049404e-02 0.0
-1.41922704e-01 6.96767247e-02 0.0
-1.49316840e-01 6.60471693e-02 0.0
-1.56311953e-01 6.22441713e-02 0.0
-1.62920191e-01 5.82871022e-02 0.0
-1.69152901e-01 5.41884812e-02 0.0
-1.75019806e-01 4.99554265e-02 0.0
-1.80528287e-01 4.55907690e-02 0.0
-1.85682905e-01 4.10939922e-02 0.0
-1.90484875e-01 3.64619244e-02 0.0
-1.94931654e-01 3.16893696e-02 0.0
-1.99016421e-01 2.67696025e-02 0.0
-2.02727613e-01 2.16949102e-02 0.0
-2.06048390e-01 1.64570913e-02 0.0
-2.08956144e-01 1.10480833e-02 0.0
-2.11422030e-01 5.46061226e-03 0.0
-2.13410577e-01 -3.10976207e-04 0.0
-2.14879446e-01 -6.26982722e-03 0.0
-2.15779354e-01 -1.24154840e-02 0.0
-2.16054306e-01 -1.87427318e-02 0.0
-2.15642102e-01 -2.52402558e-02 0.0
-2.14475336e-01 -3.18892728e-02 0.0
-2.12482807e-01 -3.86620443e-02 0.0
-2.09591590e-01 -4.55204584e-02 0.0
-2.05729628e-01 -5.24146237e-02 0.0
-2.00829100e-01 -5.92816966e-02 0.0
-1.94830319e-01 -6.60449237e-02 0.0
-1.87686396e-01 -7.26131473e-02 0.0
-1.79368244e-01 -7.88807821e-02 0.0
-1.69870106e-01 -8.47285092e-02 0.0
-1.59214982e-01 -9.00246814e-02 0.0
-1.47460031e-01 -9.46276200e-02 0.0
-1.34701152e-01 -9.83887032e-02 0.0
-1.21076774e-01 -1.01156264e-01 0.0
-1.06770003e-01 -1.02780001e-01 0.0
-9.20092645e-02 -1.03115655e-01 0.0
-7.70668226e-02 -1.02029378e-01 0.0
-6.22557756e-02 -9.94012378e-02 0.0
-4.79255594e-02 -9.51270119e-02 0.0
-3.44576257e-02 -8.91174385e-02 0.0
-2.22628650e-02 -8.12938491e-02 0.0
-1.17851160e-02 -7.15790057e-02 0.0
-3.51695089e-03 -5.98813621e-02 0.0
1.96254436e-03 -4.60696882e-02 0.0
3.94676908e-03 -2.99311345e-02 0.0
1.98387525e-03 -1.10965349e-02 0.0
-2.55103787e-04 -1.30880591e-03 0.0
-1.04340102e-03 2.36258764e-03 0.0
-2.77301755e-03 7.10164952e-03 0.0
-5.99341932e-03 1.15963486e-02 0.0
-1.08301534e-02 1.55010511e-02 0.0
-1.71303670e-02 1.87326747e-02 0.0
-2.46448739e-02 2.12930476e-02 0.0
-3.31049223e-02 2.32197263e-02 0.0
-4.22529534e-02 2.45693576e-02 0.0
-5.18559666e-02 2.54097779e-02 0.0
-6.17112532e-02 2.58142759e-02 0.0
-7.16485668e-02 2.58569249e-02 0.0
-8.15296725e-02 2.56084413e-02 0.0
-9.12464535e-02 2.51332085e-02 0.0
-1.00717670e-01 2.44871104e-02 0.0
-1.09885264e-01 2.37167099e-02 0.0
-1.18710213e-01 2.28590571e-02 0.0
-1.27168655e-01 2.19425021e-02 0.0
-1.35248159e-01 2.09876105e-02 0.0
-1.42944636e-01 2.00086098e-02 0.0
-1.50259600e-01 1.90144825e-02 0.0
-1.57198107e-01 1.80102989e-02 0.0
-1.63766990e-01 1.69979793e-02 0.0
-1.69973615e-01 1.59772269e-02 0.0
-1.75824780e-01 1.49458627e-02 0.0
-1.81325952e-01 1.39003852e-02 0.0
-1.86480505e-01 1.28359886e-02 0.0
-1.91289148e-01 1.17468918e-02 0.0
-1.95749293e-01 1.06261952e-02 0.0
-1.99854504e-01 9.46612270e-03 0.0
-2.03593892e-01 8.25785024e-03 0.0
-2.06951553e-01 6.99177281e-03 0.0
-2.09905991e-01 5.65740940e-03 0.0
-2.12429605e-01 4.24378299e-03 0.0
-2.14488242e-01 2.73948720e-03 0.0
-2.16040879e-01 1.13325505e-03 0.0
-2.17039497e-01 -5.85738819e-04 0.0
-2.17429188e-01 -2.42705908e-03 0.0
-2.17148622e-01 -4.39841904e-03 0.0
-2.16130876e-01 -6.50458153e-03 0.0
-2.14304819e-01 -8.74647525e-03 0.0
-2.11596997e-01 -1.11198547e-02 0.0
-2.07934251e-01 -1.36142131e-02 0.0
-2.03246926e-01 -1.62113601e-02 0.0
-1.97472907e-01 -1.88843685e-02 0.0
-1.90562215e-01 -2.15963986e-02 0.0
-1.82482341e-01 -2.43000965e-02 0.0
-1.73223874e-01 -2.69371671e-02 0.0
-1.62806492e-01 -2.94387809e-02 0.0
-1.51284680e-01 -3.17264607e-02 0.0
-1.38753106e-01 -3.37139964e-02 0.0
-1.25350860e-01 -3.53099792e-02 0.0
-1.11264479e-01 -3.64212764e-02 0.0
-9.67289275e-02 -3.69568508e-02 0.0
-8.20266718e-02 -3.68319004e-02 0.0
-6.74842817e-02 -3.59714513e-02 0.0
-5.34670924e-02 -3.43130188e-02 0.0
-4.03716050e-02 -3.18073029e-02 0.0
-2.86156537e-02 -2.84165891e-02 0.0
-1.86227235e-02 -2.41111051e-02 0.0
-1.07884386e-02 -1.88688243e-02 0.0
-5.38909067e-03 -1.27049060e-02 0.0
-2.33872112e-03 -5.85100840e-03 0.0
-6.78197906e-04 3.76911416e-04 0.0
-7.12233385e-04 -1.10416394e-04 0.0
-2.78693340e-03 4.25825895e-03 0.0
-5.99094103e-03 1.01396309e-02 0.0
-1.02358400e-02 1.60237076e-02 0.0
-1.56182865e-02 2.12929237e-02 0.0
-2.21006891e-02 2.57234803e-02 0.0
-2.95463678e-02 2.92625006e-02 0.0
-3.77728038e-02 3.19368414e-02 0.0
-4.65866827e-02 3.38142469e-02 0.0
-5.58029998e-02 3.49843235e-02 0.0
-6.52549467e-02 3.55470787e-02 0.0
-7.47981703e-02 3.56047837e-02 0.0
-8.43121328e-02 3.52557848e-02 0.0
-9.36993554e-02 3.45900118e-02 0.0
-1.02883735e-01 3.36860559e-02 0.0
-1.11807988e-01 3.26097721e-02 0.0
-1.20430982e-01 3.14141067e-02 0.0
-1.28724819e-01 3.01399086e-02 0.0
-1.36672226e-01 2.88172997e-02 0.0
-1.44264006e-01 2.74673682e-02 0.0
-1.51496966e-01 2.61038452e-02 0.0
-1.58371998e-01 2.47346779e-02 0.0
-1.64892617e-01 2.33633121e-02 0.0
-1.71063621e-01 2.19897366e-02 0.0
-1.76890091e-01 2.06112081e-02 0.0
-1.82376439e-01 1.92227815e-02 0.0
-1.87525671e-01 1.78176029e-02 0.0
-1.92338628e-01 1.63871076e-02 0.0
-1.96813355e-01 1.49210833e-02 0.0
-2.00944407e-01 1.34077315e-02 0.0
-2.04722225e-01 1.18336823e-02 0.0
-2.08132470e-01 1.01840823e-02 0.0
-2.11155404e-01 8.44270840e-03 0.0
-2.13765288e-01 6.59221711e-03 0.0
-2.15929848e-01 4.61448524e-03 0.0
-2.17609863e-01 2.49114240e-03 0.0
-2.18758894e-01 2.04255186e-04 0.0
-2.19323276e-01 -2.26275033e-03 0.0
-2.19242375e-01 -4.92396917e-03 0.0
-2.18449290e-01 -7.78963932e-03 0.0
-2.16871985e-01 -1.08645609e-02 0.0
-2.14435068e-01 -1.41462938e-02 0.0
-2.11062154e-01 -1.76232246e-02 0.0
-2.06679075e-01 -2.12725492e-02 0.0
-2.01217755e-01 -2.50583211e-02 0.0
-1.94621009e-01 -2.89296928e-02 0.0
-1.86847933e-01 -3.28195683e-02 0.0
-1.77880047e-01 -3.66438718e-02 0.0
-1.67727652e-01 -4.03016836e-02 0.0
-1.56436401e-01 -4.36764603e-02 0.0
-1.44093296e-01 -4.66385239e-02 0.0
-1.30831953e-01 -4.90488967e-02 0.0
-1.16836136e-01 -5.07644235e-02 0.0
-1.02341342e-01 -5.16439245e-02 0.0
-8.76333988e-02 -5.15549105e-02 0.0
-7.30439173e-02 -5.03802079e-02 0.0
-5.89414869e-02 -4.80237876e-02 0.0
-4.57180194e-02 -4.44154052e-02 0.0
-3.37674746e-02 -3.95149100e-02 0.0
-2.34523411e-02 -3.33207858e-02 0.0
-1.50478075e-02 -2.58979113e-02 0.0
-8.65528277e-03 -1.74676518e-02 0.0
-4.12281513e-03 -8.67107144e-03 0.0
-1.14253293e-03 -1.21617271e-03 0.0
-7.61975227e-04 1.59455113e-03 0.0
-3.27551411e-03 7.37230081e-03 0.0
-7.33938296e-03 1.42934937e-02 0.0
-1.24476685e-02 2.12230690e-02 0.0
-1.84915443e-02 2.75199352e-02 0.0
-2.53949929e-02 3.28823820e-02 0.0
-3.30510031e-02 3.72053602e-02 0.0
-4.13242780e-02 4.04937760e-02 0.0
-5.00672420e-02 4.28142488e-02 0.0
-5.91340104e-02 4.42675113e-02 0.0
-6.83891950e-02 4.49711363e-02 0.0
-7.77128564e-02 4.50477351e-02 0.0
-8.70024169e-02 4.46164898e-02 0.0
-9.61730001e-02 4.37872551e-02 0.0
-1.05156447e-01 4.26567902e-02 0.0
-1.13899897e-01 4.13069005e-02 0.0
-1.22363830e-01 3.98040735e-02 0.0
-1.30520167e-01 3.82002921e-02 0.0
-1.38350198e-01 3.65345371e-02 0.0
-1.45842791e-01 3.48346938e-02 0.0
-1.52992594e-01 3.31194781e-02 0.0
-1.59798582e-01 3.14002673e-02 0.0
-1.66262647e-01 2.96826149e-02 0.0
-1.72388498e-01 2.79675023e-02 0.0
-1.78180588e-01 2.62522196e-02 0.0
-1.83643269e-01 2.45310208e-02 0.0
-1.88779941e-01 2.27954918e-02 0.0
-1.93592340e-01 2.10348027e-02 0.0
-1.98079781e-01 1.92357878e-02 0.0
-2.02238491e-01 1.73830211e-02 0.0
-2.06060871e-01 1.54588239e-02 0.0
-2.09534814e-01 1.34433629e-02 0.0
-2.12642987e-01 1.13147703e-02 0.0
-2.15362155e-01 9.04944086e-03 0.0
-2.17662535e-01 6.62243481e-03 0.0
-2.19507235e-01 4.00814051e-03 0.0
-2.20851841e-01 1.18112507e-03 0.0
-2.21644171e-01 -1.88268056e-03 0.0
-2.21824345e-01 -5.20454162e-03 0.0
-2.21325175e-01 -8.80109955e-03 0.0
-2.20073086e-01 -1.26822766e-02 0.0
-2.17989542e-01 -1.68488264e-02 0.0
-2.14993253e-01 -2.12896875e-02 0.0
-2.11003074e-01 -2.59791424e-02 0.0
-2.05941901e-01 -3.08740240e-02 0.0
-1.99741363e-01 -3.59110848e-02 0.0
-1.92347552e-01 -4.10048795e-02 0.0
-1.83727433e-01 -4.60463903e-02 0.0
-1.73876000e-01 -5.09028249e-02 0.0
-1.62823548e-01 -5.54188617e-02 0.0
-1.50642901e-01 -5.94197226e-02 0.0
-1.37455594e-01 -6.27162057e-02 0.0
-1.23436622e-01 -6.51117706e-02 0.0
-1.08816462e-01 -6.64114074e-02 0.0
-9.38798309e-02 -6.64318879e-02 0.0
-7.89597410e-02 -6.50126980e-02 0.0
-6.44262602e-02 -6.20271148e-02 0.0
-5.06682898e-02 -5.73934328e-02 0.0
-3.80673710e-02 -5.10882734e-02 0.0
-2.69618227e-02 -4.31680426e-02 0.0
-1.76039816e-02 -3.38129785e-02 0.0
-1.01280784e-02 -2.34209731e-02 0.0
-4.59546406e-03 -1.27828037e-02 0.0
-1.16073497e-03 -3.29129119e-03 0.0
-7.31007904e-04 3.31806714e-03 0.0
-3.36875264e-03 1.10306122e-02 0.0
-7.87251627e-03 1.92028430e-02 0.0
-1.35749059e-02 2.71244339e-02 0.0
-2.01973787e-02 3.42849691e-02 0.0
-2.75734721e-02 4.03969511e-02 0.0
-3.55687230e-02 4.53421242e-02 0.0
-4.40537197e-02 4.91153661e-02 0.0
-5.29007437e-02 5.17827398e-02 0.0
-6.19873033e-02 5.34524514e-02 0.0
-7.12005075e-02 5.42546981e-02 0.0
-8.04398698e-02 5.43273197e-02 0.0
-8.96188284e-02 5.38055569e-02 0.0
-9.86648602e-02 5.28149443e-02 0.0
-1.07519015e-01 5.14668526e-02 0.0
-1.16134752e-01 4.98561843e-02 0.0
-1.24476710e-01 4.80608475e-02 0.0
-1.32519157e-01 4.61424761e-02 0.0
-1.40244605e-01 4.41480137e-02 0.0
-1.47642289e-01 4.21116827e-02 0.0
-1.54706896e-01 4.00570932e-02 0.0
-1.61437236e-01 3.79991809e-02 0.0
-1.67835183e-01 3.59459202e-02 0.0
-1.73904585e-01 3.38996610e-02 0.0
-1.79650392e-01 3.18581738e-02 0.0
-1.85077764e-01 2.98153393e-02 0.0
-1.90191325e-01 2.77616297e-02 0.0
-1.94994379e-01 2.56843430e-02 0.0
-1.99488213e-01 2.35677518e-02 0.0
-2.03671340e-01 2.13931245e-02 0.0
-2.07538786e-01 1.91387780e-02 0.0
-2.11081313e-01 1.67801110e-02 0.0
-2.14284660e-01 1.42897762e-02 0.0
-2.17128762e-01 1.16379365e-02 0.0
-2.19586978e-01 8.79276693e-03 0.0
-2.21625386e-01 5.72114645e-03 0.0
-2.23202136e-01 2.38970414e-03 0.0
-2.24267000e-01 -1.23383960e-03 0.0
-2.24761104e-01 -5.17888197e-03 0.0
-2.24617041e-01 -9.46977267e-03 0.0
-2.23759364e-01 -1.41231530e-02 0.0
-2.22105725e-01 -1.91449213e-02 0.0
-2.19568628e-01 -2.45267731e-02 0.0
-2.16058134e-01 -3.02425292e-02 0.0
-2.11485429e-01 -3.62443198e-02 0.0
-2.05767592e-01 -4.24589763e-02 0.0
-1.98833344e-01 -4.87848648e-02 0.0
-1.90630026e-01 -5.50896684e-02 0.0
-1.81131330e-01 -6.12095097e-02 0.0
-1.70345789e-01 -6.69500099e-02 0.0
-1.58325168e-01 -7.20896921e-02 0.0
-1.45172375e-01 -7.63861955e-02 0.0
-1.31047575e-01 -7.95854213e-02 0.0
-1.16171766e-01 -8.14336015e-02 0.0
-1.00826157e-01 -8.16918208e-02 0.0
-8.53465133e-02 -8.01523959e-02 0.0
-7.01109321e-02 -7.66563861e-02 0.0
-5.55208226e-02 -7.11121588e-02 0.0
-4.19749216e-02 -6.35162953e-02 0.0
-2.98395649e-02 -5.39808643e-02 0.0
-1.94234089e-02 -4.27741038e-02 0.0
-1.09785370e-02 -3.03805835e-02 0.0
-4.76839402e-03 -1.75659228e-02 0.0
-1.12962875e-03 -5.35310986e-03 0.0
-6.95867560e-04 4.97530907e-03 0.0
-3.35595382e-03 1.49015793e-02 0.0
-8.08293572e-03 2.45626490e-02 0.0
-1.41764726e-02 3.35605933e-02 0.0
-2.12582513e-02 4.15531108e-02 0.0
-2.90778964e-02 4.83246087e-02 0.0
-3.74521822e-02 5.37840744e-02 0.0
-4.62321045e-02 5.79384168e-02 0.0
-5.52884067e-02 6.08631071e-02 0.0
-6.45067588e-02 6.26770980e-02 0.0
-7.37864179e-02 6.35230266e-02 0.0
-8.30401145e-02 6.35521720e-02 0.0
-9.21936633e-02 6.29133428e-02 0.0
-1.01185482e-01 6.17451485e-02 0.0
-1.09965609e-01 6.01710784e-02 0.0
-1.18494744e-01 5.82969880e-02 0.0
-1.26742992e-01 5.62104149e-02 0.0
-1.34688771e-01 5.39813069e-02 0.0
-1.42317545e-01 5.16635847e-02 0.0
-1.49620778e-01 4.92972150e-02 0.0
-1.56594770e-01 4.69103515e-02 0.0
-1.63239722e-01 4.45214132e-02 0.0
-1.69558721e-01 4.21408383e-02 0.0
-1.75556926e-01 3.97725590e-02 0.0
-1.81240695e-01 3.74150652e-02 0.0
-1.86616865e-01 3.50622070e-02 0.0
-1.91691977e-01 3.27036560e-02 0.0
-1.96471600e-01 3.03252173e-02 0.0
-2.00959583e-01 2.79089205e-02 0.0
-2.05157358e-01 2.54330866e-02 0.0
-2.09063164e-01 2.28722961e-02 0.0
-2.12671267e-01 2.01974536e-02 0.0
-2.15971127e-01 1.73758715e-02 0.0
-2.18946526e-01 1.43715714e-02 0.0
-2.21574678e-01 1.11457298e-02 0.0
-2.23825333e-01 7.65747367e-03 0.0
-2.25659935e-01 3.86495496e-03 0.0
-2.27030850e-01 -2.73086692e-04 0.0
-2.27880813e-01 -4.79534825e-03 0.0
-2.28142582e-01 -9.73538346e-03 0.0
-2.27739066e-01 -1.51185207e-02 0.0
-2.26583909e-01 -2.09581412e-02 0.0
-2.24582863e-01 -2.72514923e-02 0.0
-2.21635958e-01 -3.39750099e-02 0.0
-2.17640847e-01 -4.10794617e-02 0.0
-2.12497260e-01 -4.84850724e-02 0.0
-2.06112950e-01 -5.60771470e-02 0.0
-1.98410889e-01 -6.37025931e-02 0.0
-1.89337923e-01 -7.11680830e-02 0.0
-1.78874291e-01 -7.82404519e-02 0.0
-1.67043851e-01 -8.46501621e-02 0.0
-1.53923849e-01 -9.00983810e-02 0.0
-1.39653536e-01 -9.42682181e-02 0.0
-1.24439882e-01 -9.68401464e-02 0.0
-1.08559278e-01 -9.75113766e-02 0.0
-9.23533268e-02 -9.60183331e-02 0.0
-7.62180353e-02 -9.21612294e-02 0.0
-6.05857196e-02 -8.58296591e-02 0.0
-4.59015338e-02 -7.70288105e-02 0.0
-3.25985524e-02 -6.59066269e-02 0.0
-2.10810069e-02 -5.27819929e-02 0.0
-1.17301453e-02 -3.81683891e-02 0.0
-4.94936889e-03 -2.27690086e-02 0.0
-1.12770444e-03 -7.38155236e-03 0.0
-6.72147031e-04 6.57357729e-03 0.0
-3.33421020e-03 1.88557246e-02 0.0
-8.19253756e-03 3.01938406e-02 0.0
-1.45598258e-02 4.03902649e-02 0.0
-2.20078239e-02 4.92532653e-02 0.0
-3.02241599e-02 5.66604948e-02 0.0
-3.89767092e-02 6.25750938e-02 0.0
-4.80861082e-02 6.70367990e-02 0.0
-5.74087555e-02 7.01437654e-02 0.0
-6.68269298e-02 7.20330666e-02 0.0
-7.62433786e-02 7.28632765e-02 0.0
-8.55778188e-02 7.28001787e-02 0.0
-9.47646677e-02 7.20058631e-02 0.0
-1.03751037e-01 7.06309537e-02 0.0
-1.12495207e-01 6.88097166e-02 0.0
-1.20965083e-01 6.66575160e-02 0.0
-1.29137006e-01 6.42702210e-02 0.0
-1.36994495e-01 6.17249388e-02 0.0
-1.44527285e-01 5.90816944e-02 0.0
-1.51730275e-01 5.63855113e-02 0.0
-1.58602713e-01 5.36686752e-02 0.0
-1.65147289e-01 5.09528133e-02 0.0
-1.71369420e-01 4.82507703e-02 0.0
-1.77276453e-01 4.55680709e-02 0.0
-1.82877015e-01 4.29040945e-02 0.0
-1.88180293e-01 4.02528407e-02 0.0
-1.93195420e-01 3.76034788e-02 0.0
-1.97930771e-01 3.49405901e-02 0.0
-2.02393334e-01 3.22443163e-02 0.0
-2.06587967e-01 2.94903242e-02 0.0
-2.10516680e-01 2.66498035e-02 0.0
-2.14177808e-01 2.36894053e-02 0.0
-2.17565144e-01 2.05713435e-02 0.0
-2.20666989e-01 1.72535697e-02 0.0
-2.23465135e-01 1.36902556e-02 0.0
-2.25933809e-01 9.83250222e-03 0.0
-2.28038580e-01 5.62952206e-03 0.0
-2.29735319e-01 1.03022176e-03 0.0
-2.30969228e-01 -4.01456777e-03 0.0
-2.31674114e-01 -9.54929405e-03 0.0
-2.31771931e-01 -1.56100983e-02 0.0
-2.31172877e-01 -2.22205692e-02 0.0
-2.29776088e-01 -2.93866977e-02 0.0
-2.27471330e-01 -3.70912709e-02 0.0
-2.24141713e-01 -4.52877379e-02 0.0
-2.19667919e-01 -5.38939941e-02 0.0
-2.13933883e-01 -6.27863940e-02 0.0
-2.06834378e-01 -7.17947416e-02 0.0
-1.98284206e-01 -8.06989102e-02 0.0
-1.88229161e-01 -8.92281460e-02 0.0
-1.76657979e-01 -9.70639436e-02 0.0
-1.63614846e-01 -1.03847595e-01 0.0
-1.49210931e-01 -1.09193103e-01 0.0
-1.33633763e-01 -1.12705964e-01 0.0
-1.17152260e-01 -1.14007556e-01 0.0
-1.00115996e-01 -1.12764268e-01 0.0
-8.29468882e-02 -1.08719603e-01 0.0
-6.61234294e-02 -1.01726979e-01 0.0
-5.01585542e-02 -9.17804814e-02 0.0
-3.55758413e-02 -7.90405903e-02 0.0
-2.28908311e-02 -6.38505363e-02 0.0
-1.26067097e-02 -4.67347901e-02 0.0
-5.22806913e-03 -2.83619975e-02 0.0
-1.16451445e-03 -9.44456051e-03 0.0
-6.61375039e-04 8.13728530e-03 0.0
-3.33605748e-03 2.28589595e-02 0.0
-8.30079276e-03 3.60136950e-02 0.0
-1.48895652e-02 4.75265092e-02 0.0
-2.26497134e-02 5.73252154e-02 0.0
-3.12260365e-02 6.53812629e-02 0.0
-4.03444342e-02 7.17253416e-02 0.0
-4.97935958e-02 7.64451914e-02 0.0
-5.94095487e-02 7.96740624e-02 0.0
-6.90644103e-02 8.15759051e-02 0.0
-7.86581320e-02 8.23307170e-02 0.0
-8.81127112e-02 8.21218760e-02 0.0
-9.73676845e-02 8.11261149e-02 0.0
-1.06376860e-01 7.95063826e-02 0.0
-1.15105582e-01 7.74073239e-02 0.0
-1.23528758e-01 7.49531139e-02 0.0
-1.31629116e-01 7.22470638e-02 0.0
-1.39395975e-01 6.93726111e-02 0.0
-1.46824074e-01 6.63950857e-02 0.0
-1.53912749e-01 6.33639655e-02 0.0
-1.60665057e-01 6.03151542e-02 0.0
-1.67087145e-01 5.72731923e-02 0.0
-1.73187531e-01 5.42531071e-02 0.0
-1.78976549e-01 5.12619875e-02 0.0
-1.84465709e-01 4.83001067e-02 0.0
-1.89667172e-01 4.53617814e-02 0.0
-1.94593135e-01 4.24358422e-02 0.0
-1.99255284e-01 3.95059448e-02 0.0
-2.03664147e-01 3.65506058e-02 0.0
-2.07828463e-01 3.35432050e-02 0.0
-2.11754439e-01 3.04518355e-02 0.0
-2.15444966e-01 2.72392514e-02 0.0
-2.18898704e-01 2.38627958e-02 0.0
-2.22109089e-01 2.02745711e-02 0.0
-2.25063215e-01 1.64217486e-02 0.0
-2.27740606e-01 1.22472961e-02 0.0
-2.30111925e-01 7.69103790e-03 0.0
-2.32137606e-01 2.69134331e-03 0.0
-2.33766541e-01 -2.81263094e-03 0.0
-2.34934825e-01 -8.87784935e-03 0.0
-2.35564800e-01 -1.55535440e-02 0.0
-2.35564425e-01 -2.28763496e-02 0.0
-2.34827351e-01 -3.08645818e-02 0.0
-2.33233765e-01 -3.95115378e-02 0.0
-2.30652521e-01 -4.87781447e-02 0.0
-2.26944635e-01 -5.85850864e-02 0.0
-2.21968746e-01 -6.88050525e-02 0.0
-2.15588525e-01 -7.92556413e-02 0.0
-2.07682544e-01 -8.96940036e-02 0.0
-1.98156252e-01 -9.98142371e-02 0.0
-1.86956129e-01 -1.09249014e-01 0.0
-1.74084947e-01 -1.17576704e-01 0.0
-1.59617338e-01 -1.24335392e-01 0.0
-1.43713560e-01 -1.29044504e-01 0.0
-1.26629712e-01 -1.31234258e-01 0.0
-1.08721637e-01 -1.30481806e-01 0.0
-9.04409062e-02 -1.26451814e-01 0.0
-7.23214158e-02 -1.18937638e-01 0.0
-5.49578381e-02 -1.07898206e-01 0.0
-3.89786990e-02 -9.34846595e-02 0.0
-2.50199936e-02 -7.60501341e-02 0.0
-1.37046393e-02 -5.61346306e-02 0.0
-5.62978659e-03 -3.44156230e-02 0.0
-1.23759548e-03 -1.16171553e-02 0.0
-6.62613294e-04 9.69143303e-03 0.0
-3.37231990e-03 2.69193702e-02 0.0
-8.45331393e-03 4.19990404e-02 0.0
-1.52539294e-02 5.49305885e-02 0.0
-2.33064664e-02 6.57338690e-02 0.0
-3.22242902e-02 7.44668137e-02 0.0
-4.16986280e-02 8.12325945e-02 0.0
-5.14881326e-02 8.61766824e-02 0.0
-6.14070453e-02 8.94775248e-02 0.0
-7.13139936e-02 9.13343498e-02 0.0
-8.11026999e-02 9.19548074e-02 0.0
-9.06942128e-02 9.15439934e-02 0.0
-1.00030904e-01 9.02957875e-02 0.0
-1.09071568e-01 8.83866824e-02 0.0
-1.17787803e-01 8.59721230e-02 0.0
-1.26161077e-01 8.31849148e-02 0.0
-1.34180681e-01 8.01353823e-02 0.0
-1.41842025e-01 7.69126588e-02 0.0
-1.49145503e-01 7.35867871e-02 0.0
-1.56095472e-01 7.02110856e-02 0.0
-1.62699573e-01 6.68246266e-02 0.0
-1.68968025e-01 6.34544498e-02 0.0
-1.74913142e-01 6.01175479e-02 0.0
-1.80548768e-01 5.68223892e-02 0.0
-1.85889846e-01 5.35701461e-02 0.0
-1.90951902e-01 5.03554692e-02 0.0
-1.95750614e-01 4.71670402e-02 0.0
-2.00301270e-01 4.39877651e-02 0.0
-2.04618270e-01 4.07948631e-02 0.0
-2.08714501e-01 3.75597119e-02 0.0
-2.12600692e-01 3.42477149e-02 0.0
-2.16284624e-01 3.08180506e-02 0.0
-2.19770252e-01 2.72235822e-02 0.0
-2.23056662e-01 2.34107995e-02 0.0
-2.26136890e-01 1.93200926e-02 0.0
-2.28996580e-01 1.48862507e-02 0.0
-2.31612476e-01 1.00395136e-02 0.0
-2.33950809e-01 4.70709534e-03 0.0
-2.35965574e-01 -1.18447189e-03 0.0
-2.37596853e-01 -7.70623785e-03 0.0
-2.38769195e-01 -1.49226352e-02 0.0
-2.39390360e-01 -2.28862684e-02 0.0
-2.39350487e-01 -3.16314157e-02 0.0
-2.38522149e-01 -4.11664385e-02 0.0
-2.36761442e-01 -5.14650125e-02 0.0
-2.33910737e-01 -6.24566309e-02 0.0
-2.29803293e-01 -7.40166703e-02 0.0
-2.24270437e-01 -8.59569347e-02 0.0
-2.17151417e-01 -9.80175549e-02 0.0
-2.08306452e-01 -1.09861793e-01 0.0
-1.97632611e-01 -1.21075281e-01 0.0
-1.85082362e-01 -1.31171734e-01 0.0
-1.70683344e-01 -1.39606863e-01 0.0
-1.54557939e-01 -1.45802099e-01 0.0
-1.36939715e-01 -1.49178629e-01 0.0
-1.18184119e-01 -1.49201007e-01 0.0
-9.87699332e-02 -1.45427441e-01 0.0
-7.92895920e-02 -1.37561765e-01 0.0
-6.04273405e-02 -1.25499841e-01 0.0
-4.29275576e-02 -1.09361888e-01 0.0
-2.75571589e-02 -8.95019622e-02 0.0
-1.50679746e-02 -6.64873038e-02 0.0
-6.16214336e-03 -4.10436076e-02 0.0
-1.34437162e-03 -1.39693222e-02 0.0
-6.74803496e-04 1.12590162e-02 0.0
-3.44687282e-03 3.10637404e-02 0.0
-8.67232448e-03 4.81611415e-02 0.0
-1.57020149e-02 6.25988299e-02 0.0
-2.40528310e-02 7.44690268e-02 0.0
-3.33115125e-02 8.39082180e-02 0.0
-4.31391993e-02 9.10932809e-02 0.0
-5.32673266e-02 9.62337047e-02 0.0
-6.34888609e-02 9.95610350e-02 0.0
-7.36482904e-02 1.01317313e-01 0.0
-8.36316098e-02 1.01743974e-01 0.0
-9.33575584e-02 1.01072402e-01 0.0
-1.02770011e-01 9.95166447e-02 0.0
-1.11831982e-01 9.72685909e-02 0.0
-1.20520745e-01 9.44953513e-02 0.0
-1.28824283e-01 9.13386459e-02 0.0
-1.36738485e-01 8.79156111e-02 0.0
-1.44265260e-01 8.43207097e-02 0.0
-1.51411026e-01 8.06281480e-02 0.0
-1.58185756e-01 7.68945980e-02 0.0
-1.64602134e-01 7.31617730e-02 0.0
-1.70675041e-01 6.94588471e-02 0.0
-1.76421002e-01 6.58044201e-02 0.0
-1.81857841e-01 6.22081761e-02 0.0
-1.87004237e-01 5.86720329e-02 0.0
-1.91879414e-01 5.51910184e-02 0.0
-1.96502711e-01 5.17537065e-02 0.0
-2.00893230e-01 4.83424833e-02 0.0
-2.05069355e-01 4.49334802e-02 0.0
-2.09048272e-01 4.14964550e-02 0.0
-2.12845350e-01 3.79944554e-02 0.0
-2.16473451e-01 3.43835591e-02 0.0
-2.19942064e-01 3.06125292e-02 0.0
-2.23256289e-01 2.66227022e-02 0.0
-2.26415625e-01 2.23479682e-02 0.0
-2.29412539e-01 1.77151926e-02 0.0
-2.32230835e-01 1.26449744e-02 0.0
-2.34843782e-01 7.05312336e-03 0.0
-2.37212102e-01 8.52792075e-04 0.0
-2.39281791e-01 -6.04233062e-03 0.0
-2.40981983e-01 -1.37138091e-02 0.0
-2.42222880e-01 -2.22328375e-02 0.0
-2.42894123e-01 -3.16532865e-02 0.0
-2.42863718e-01 -4.20031258e-02 0.0
-2.41978103e-01 -5.32744675e-02 0.0
-2.40063597e-01 -6.54122124e-02 0.0
-2.36930036e-01 -7.83019254e-02 0.0
-2.32376939e-01 -9.17574708e-02 0.0
-2.26203110e-01 -1.05509715e-01 0.0
-2.18219889e-01 -1.19197673e-01 0.0
-2.08268681e-01 -1.32364311e-01 0.0
-1.96242246e-01 -1.44459257e-01 0.0
-1.82109301e-01 -1.54851179e-01 0.0
-1.65940301e-01 -1.62852075e-01 0.0
-1.47931963e-01 -1.67755111e-01 0.0
-1.28426317e-01 -1.68885672e-01 0.0
-1.07920267e-01 -1.65662926e-01 0.0
-8.70611116e-02 -1.57665700e-01 0.0
-6.66258489e-02 -1.44693353e-01 0.0
-4.74840202e-02 -1.26809931e-01 0.0
-3.05482474e-02 -1.04360044e-01 0.0
-1.67186067e-02 -7.79480110e-02 0.0
-6.82870901e-03 -4.83786031e-02 0.0
-1.48355195e-03 -1.65671856e-02 0.0
-6.97461561e-04 1.28614854e-02 0.0
-3.56175597e-03 3.53278485e-02 0.0
-8.97057784e-03 5.45313326e-02 0.0
-1.62636262e-02 7.05514125e-02 0.0
-2.49369249e-02 8.35406048e-02 0.0
-3.45501154e-02 9.37085668e-02 0.0
-4.47361658e-02 1.01306734e-01 0.0
-5.52011844e-02 1.06613471e-01 0.0
-6.57183748e-02 1.09920077e-01 0.0
-7.61186827e-02 1.11518101e-01 0.0
-8.62806967e-02 1.11688622e-01 0.0
-9.61207163e-02 1.10693833e-01 0.0
-1.05584143e-01 1.08771212e-01 0.0
-1.14638103e-01 1.06130082e-01 0.0
-1.23265741e-01 1.02950398e-01 0.0
-1.31461681e-01 9.93832206e-02 0.0
-1.39228826e-01 9.55525333e-02 0.0
-1.46575899e-01 9.15577928e-02 0.0
-1.53515866e-01 8.74769620e-02 0.0
-1.60064695e-01 8.33695126e-02 0.0
-1.66240628e-01 7.92793457e-02 0.0
-1.72063538e-01 7.52372721e-02 0.0
-1.77554574e-01 7.12631784e-02 0.0
-1.82735763e-01 6.73676352e-02 0.0
-1.87629779e-01 6.35531820e-02 0.0
-1.92259632e-01 5.98150965e-02 0.0
-1.96648435e-01 5.61419299e-02 0.0
-2.00819076e-01 5.25156248e-02 0.0
-2.04793917e-01 4.89115107e-02 0.0
-2.08594358e-01 4.52979898e-02 0.0
-2.12240367e-01 4.16362167e-02 0.0
-2.15749841e-01 3.78795831e-02 0.0
-2.19137845e-01 3.39733321e-02 0.0
-2.22415639e-01 2.98541285e-02 0.0
-2.25589492e-01 2.54499400e-02 0.0
-2.28659242e-01 2.06800927e-02 0.0
-2.31616563e-01 1.54558980e-02 0.0
-2.34442975e-01 9.68176205e-03 0.0
-2.37107524e-01 3.25722369e-03 0.0
-2.39564279e-01 -3.92011916e-03 0.0
-2.41749596e-01 -1.19503172e-02 0.0
-2.43579410e-01 -2.09254274e-02 0.0
-2.44946613e-01 -3.09220655e-02 0.0
-2.45718957e-01 -4.19922266e-02 0.0
-2.45737693e-01 -5.41520697e-02 0.0
-2.44817664e-01 -6.73689747e-02 0.0
-2.42749258e-01 -8.15469666e-02 0.0
-2.39303253e-01 -9.65113730e-02 0.0
-2.34239142e-01 -1.11993604e-01 0.0
-2.27318086e-01 -1.27617916e-01 0.0
-2.18320951e-01 -1.42892276e-01 0.0
-2.07072078e-01 -1.57206473e-01 0.0
-1.93468119e-01 -1.69840747e-01 0.0
-1.77510854e-01 -1.79988661e-01 0.0
-1.59340697e-01 -1.86796919e-01 0.0
-1.39266745e-01 -1.89423368e-01 0.0
-1.17787022e-01 -1.87110920e-01 0.0
-9.55928595e-02 -1.79270949e-01 0.0
-7.35516462e-02 -1.65564515e-01 0.0
-5.26661693e-02 -1.45966019e-01 0.0
-3.40129055e-02 -1.20792948e-01 0.0
-1.86679541e-02 -9.06896635e-02 0.0
-7.63236702e-03 -5.65624104e-02 0.0
-1.65507697e-03 -1.94755344e-02 0.0
-7.30521667e-04 1.45197339e-02 0.0
-3.71925888e-03 3.97529076e-02 0.0
-9.35771859e-03 6.11535794e-02 0.0
-1.69602179e-02 7.88247481e-02 0.0
-2.59930277e-02 9.29734215e-02 0.0
-3.59848810e-02 1.03880848e-01 0.0
-4.65397331e-02 1.11875418e-01 0.0
-5.73393912e-02 1.17309537e-01 0.0
-6.81387089e-02 1.20540601e-01 0.0
-7.87567733e-02 1.21916041e-01 0.0
-8.90660755e-02 1.21762097e-01 0.0
-9.89817780e-02 1.20376188e-01 0.0
-1.08451725e-01 1.18022347e-01 0.0
-1.17448119e-01 1.14929426e-01 0.0
-1.25960649e-01 1.11291353e-01 0.0
-1.33991359e-01 1.07269056e-01 0.0
-1.41550705e-01 1.02993335e-01 0.0
-1.48654885e-01 9.85683972e-02 0.0
-1.55323851e-01 9.40754497e-02 0.0
-1.61580104e-01 8.95762732e-02 0.0
-1.67447771e-01 8.51163553e-02 0.0
-1.72952107e-01 8.07276863e-02 0.0
-1.78119068e-01 7.64309413e-02 0.0
-1.82975100e-01 7.22372787e-02 0.0
-1.87546901e-01 6.81495446e-02 0.0
-1.91861296e-01 6.41631754e-02 0.0
-1.95945045e-01 6.02665985e-02 0.0
-1.99824695e-01 5.64414458e-02 0.0
-2.03526333e-01 5.26623690e-02 0.0
-2.07075334e-01 4.88967762e-02 0.0
-2.10495965e-01 4.51042735e-02 0.0
-2.13810902e-01 4.12361421e-02 0.0
-2.17040564e-01 3.72346431e-02 0.0
-2.20202253e-01 3.30325057e-02 0.0
-2.23309056e-01 2.85524224e-02 0.0
-2.26368443e-01 2.37069490e-02 0.0
-2.29380562e-01 1.83986829e-02 0.0
-2.32336149e-01 1.25211745e-02 0.0
-2.35214102e-01 5.96050987e-03 0.0
-2.37978640e-01 -1.40191931e-03 0.0
-2.40576192e-01 -9.68545871e-03 0.0
-2.42931988e-01 -1.90044899e-02 0.0
-2.44946649e-01 -2.94609587e-02 0.0
-2.46492852e-01 -4.11346102e-02 0.0
-2.47412642e-01 -5.40709886e-02 0.0
-2.47515672e-01 -6.82668898e-02 0.0
-2.46579310e-01 -8.36536600e-02 0.0
-2.44351247e-01 -1.00078594e-01 0.0
-2.40555965e-01 -1.17285630e-01 0.0
-2.34906018e-01 -1.34896753e-01 0.0
-2.27119692e-01 -1.52396768e-01 0.0
-2.16945757e-01 -1.69124666e-01 0.0
-2.04196061e-01 -1.84276093e-01 0.0
-1.88784841e-01 -1.96921693e-01 0.0
-1.70772526e-01 -2.06046259e-01 0.0
-1.50408691e-01 -2.10611724e-01 0.0
-1.28167100e-01 -2.09643797e-01 0.0
-1.04763224e-01 -2.02336038e-01 0.0
-8.11456082e-02 -1.88158191e-01 0.0
-5.84548320e-02 -1.66948543e-01 0.0
-3.79512638e-02 -1.38967211e-01 0.0
-2.09207150e-02 -1.04890866e-01 0.0
-8.57593231e-03 -6.57415527e-02 0.0
-1.85949703e-03 -2.27596603e-02 0.0
-7.74546414e-04 1.62551494e-02 0.0
-3.92278404e-03 4.43848231e-02 0.0
-9.84379650e-03 6.80811605e-02 0.0
-1.78109716e-02 8.74668745e-02 0.0
-2.72497311e-02 1.02802908e-01 0.0
-3.76512060e-02 1.14444742e-01 0.0
-4.85877116e-02 1.22802944e-01 0.0
-5.97165765e-02 1.28310604e-01 0.0
-7.07759007e-02 1.31398256e-01 0.0
-8.15750338e-02 1.32475671e-01 0.0
-9.19828912e-02 1.31919723e-01 0.0
-1.01915714e-01 1.30067191e-01 0.0
-1.11325946e-01 1.27211636e-01 0.0
-1.20192542e-01 1.23603247e-01 0.0
-1.28513298e-01 1.19450947e-01 0.0
-1.36298810e-01 1.14925820e-01 0.0
-1.43568169e-01 1.10165419e-01 0.0
-1.50345775e-01 1.05278247e-01 0.0
-1.56659296e-01 1.00348243e-01 0.0
-1.62538209e-01 9.54388063e-02 0.0
-1.68012978e-01 9.05964239e-02 0.0
-1.73114454e-01 8.58536012e-02 0.0
-1.77873613e-01 8.12313229e-02 0.0
-1.82321326e-01 7.67408223e-02 0.0
-1.86488305e-01 7.23849639e-02 0.0
-1.90405002e-01 6.81590361e-02 0.0
-1.94101609e-01 6.40512833e-02 0.0
-1.97607963e-01 6.00429574e-02 0.0
-2.00953497e-01 5.61082242e-02 0.0
-2.04167065e-01 5.22136868e-02 0.0
-2.07276739e-01 4.83178646e-02 0.0
-2.10309440e-01 4.43703885e-02 0.0
-2.13290453e-01 4.03112696e-02 0.0
-2.16242705e-01 3.60700196e-02 0.0
-2.19185815e-01 3.15650183e-02 0.0
-2.22134829e-01 2.67029504e-02 0.0
-2.25098597e-01 2.13787627e-02 0.0
-2.28077754e-01 1.54760322e-02 0.0
-2.31062226e-01 8.86826758e-03 0.0
-2.34028296e-01 1.42111791e-03 0.0
-2.36935143e-01 -7.00391289e-03 0.0
-2.39721011e-01 -1.65441919e-02 0.0
-2.42298956e-01 -2.73284755e-02 0.0
-2.44552541e-01 -3.94671335e-02 0.0
-2.46331576e-01 -5.30394750e-02 0.0
-2.47448586e-01 -6.80782024e-02 0.0
-2.47676470e-01 -8.45506701e-02 0.0
-2.46748531e-01 -1.02337437e-01 0.0
-2.44361876e-01 -1.21208582e-01 0.0
-2.40186056e-01 -1.40799431e-01 0.0
-2.33878463e-01 -1.60587881e-01 0.0
-2.25108646e-01 -1.79877184e-01 0.0
-2.13592701e-01 -1.97789104e-01 0.0
-1.99138419e-01 -2.13274079e-01 0.0
-1.81699177e-01 -2.25145335e-01 0.0
-1.61432156e-01 -2.32143416e-01 0.0
-1.38751932e-01 -2.33033841e-01 0.0
-1.14367659e-01 -2.26734073e-01 0.0
-8.92896739e-02 -2.12455697e-01 0.0
-6.47946365e-02 -1.89836799e-01 0.0
-4.23454515e-02 -1.59031667e-01 0.0
-2.34757950e-02 -1.20726582e-01 0.0
-9.66184430e-03 -7.60645463e-02 0.0
-2.09788924e-03 -2.64865038e-02 0.0
-8.30584149e-04 1.80907222e-02 0.0
-4.17760156e-03 4.92749577e-02 0.0
-1.04413230e-02 7.53757824e-02 0.0
-1.88369026e-02 9.65350400e-02 0.0
-2.87351558e-02 1.13071796e-01 0.0
-3.95808955e-02 1.25423119e-01 0.0
-5.09104178e-02 1.34090654e-01 0.0
-6.23559573e-02 1.39597368e-01 0.0
-7.36404076e-02 1.42455343e-01 0.0
-8.45664361e-02 1.43143831e-01 0.0
-9.50027480e-02 1.42095826e-01 0.0
-1.04870203e-01 1.39691468e-01 0.0
-1.14128889e-01 1.36256386e-01 0.0
-1.22767289e-01 1.32063609e-01 0.0
-1.30793445e-01 1.27337620e-01 0.0
-1.38228371e-01 1.22259716e-01 0.0
-1.45101110e-01 1.16973758e-01 0.0
-1.51445418e-01 1.11591965e-01 0.0
-1.57297416e-01 1.06200193e-01 0.0
-1.62694205e-01 1.00862713e-01 0.0
-1.67672917e-01 9.56261590e-02 0.0
-1.72270285e-01 9.05228752e-02 0.0
-1.76522335e-01 8.55734286e-02 0.0
-1.80464355e-01 8.07886243e-02 0.0
-1.84130852e-01 7.61708147e-02 0.0
-1.87555650e-01 7.17148621e-02 0.0
-1.90771935e-01 6.74085326e-02 0.0
-1.93812363e-01 6.32326769e-02 0.0
-1.96709085e-01 5.91609491e-02 0.0
-1.99493781e-01 5.51594163e-02 0.0
-2.02197572e-01 5.11857908e-02 0.0
-2.04850866e-01 4.71886491e-02 0.0
-2.07483025e-01 4.31063731e-02 0.0
-2.10121870e-01 3.88662049e-02 0.0
-2.12792920e-01 3.43831841e-02 0.0
-2.15518337e-01 2.95594058e-02 0.0
-2.18315504e-01 2.42834304e-02 0.0
-2.21195149e-01 1.84303531e-02 0.0
-2.24158997e-01 1.18624511e-02 0.0
-2.27196816e-01 4.43100459e-03 0.0
-2.30282906e-01 -4.02068470e-03 0.0
-2.33371896e-01 -1.36523888e-02 0.0
-2.36394023e-01 -2.46200362e-02 0.0
-2.39249819e-01 -3.70660267e-02 0.0
-2.41804601e-01 -5.11066045e-02 0.0
-2.43882933e-01 -6.68155754e-02 0.0
-2.45263869e-01 -8.42043262e-02 0.0
-2.45677662e-01 -1.03197785e-01 0.0
-2.44805518e-01 -1.23606896e-01 0.0
-2.42283956e-01 -1.45098368e-01 0.0
-2.37716401e-01 -1.67163970e-01 0.0
-2.30694447e-01 -1.89092750e-01 0.0
-2.20831884e-01 -2.09951936e-01 0.0
-2.07813166e-01 -2.28584146e-01 0.0
-1.91456692e-01 -2.43630891e-01 0.0
-1.71788956e-01 -2.53592532e-01 0.0
-1.49121073e-01 -2.56932754e-01 0.0
-1.24112450e-01 -2.52227988e-01 0.0
-9.78026057e-02 -2.38349551e-01 0.0
-7.15916141e-02 -2.14648923e-01 0.0
-4.71588136e-02 -1.81101486e-01 0.0
-2.63257763e-02 -1.38359425e-01 0.0
-1.08919067e-02 -8.76795004e-02 0.0
-2.37150503e-03 -3.07253501e-02 0.0
-9.00489635e-04 2.00523437e-02 0.0
-4.49150833e-03 5.44819280e-02 0.0
-1.11672817e-02 8.31083298e-02 0.0
-2.00639024e-02 1.06094724e-01 0.0
-3.04810361e-02 1.23827540e-01 0.0
-4.18060785e-02 1.36838205e-01 0.0
-5.35339983e-02 1.45733067e-01 0.0
-6.52709644e-02 1.51137525e-01 0.0
-7.67270183e-02 1.53655764e-01 0.0
-8.77020858e-02 1.53844587e-01 0.0
-9.80695095e-02 1.52198896e-01 0.0
-1.07759418e-01 1.49145860e-01 0.0
-1.16743938e-01 1.45045304e-01 0.0
-1.25024672e-01 1.40193936e-01 0.0
-1.32622990e-01 1.34831887e-01 0.0
-1.39572607e-01 1.29150117e-01 0.0
-1.45914404e-01 1.23298025e-01 0.0
-1.51692756e-01 1.17390496e-01 0.0
-1.56953256e-01 1.11514306e-01 0.0
-1.61741206e-01 1.05733488e-01 0.0
-1.66100850e-01 1.00093895e-01 0.0
-1.70074912e-01 9.46267275e-02 0.0
-1.73704509e-01 8.93513869e-02 0.0
-1.77029127e-01 8.42774724e-02 0.0
-1.80086799e-01 7.94063068e-02 0.0
-1.82914243e-01 7.47317863e-02 0.0
-1.85547111e-01 7.02409394e-02 0.0
-1.88020177e-01 6.59139434e-02 0.0
-1.90367563e-01 6.17239726e-02 0.0
-1.92622887e-01 5.76365948e-02 0.0
-1.94819386e-01 5.36090870e-02 0.0
-1.96989930e-01 4.95893756e-02 0.0
-1.99166926e-01 4.55149873e-02 0.0
-2.01382040e-01 4.13117338e-02 0.0
-2.03665701e-01 3.68925511e-02 0.0
-2.06046327e-01 3.21562647e-02 0.0
-2.08549171e-01 2.69867635e-02 0.0
-2.11194755e-01 2.12524290e-02 0.0
-2.13996744e-01 1.48063897e-02 0.0
-2.16959239e-01 7.48755479e-03 0.0
-2.20073315e-01 -8.76897802e-04 0.0
-2.23312837e-01 -1.04674957e-02 0.0
-2.26629361e-01 -2.14661156e-02 0.0
-2.29946273e-01 -3.40470789e-02 0.0
-2.33152082e-01 -4.83648069e-02 0.0
-2.36093245e-01 -6.45377283e-02 0.0
-2.38566783e-01 -8.26275546e-02 0.0
-2.40313674e-01 -1.02613734e-01 0.0
-2.41014028e-01 -1.24362606e-01 0.0
-2.40286229e-01 -1.47591892e-01 0.0
-2.37692487e-01 -1.71831624e-01 0.0
-2.32754653e-01 -1.96384771e-01 0.0
-2.24984202e-01 -2.20292823e-01 0.0
-2.13930833e-01 -2.42315247e-01 0.0
-1.99252006e-01 -2.60935001e-01 0.0
-1.80802684e-01 -2.74405397e-01 0.0
-1.58737349e-01 -2.80853033e-01 0.0
-1.33608197e-01 -2.78445418e-01 0.0
-1.06433802e-01 -2.65616305e-01 0.0
-7.87091340e-02 -2.41317780e-01 0.0
-5.23336541e-02 -2.05240870e-01 0.0
-2.94562137e-02 -1.57930487e-01 0.0
-1.22669666e-02 -1.00731533e-01 0.0
-2.68191020e-03 -3.55483263e-02 0.0
-9.86972262e-04 2.21704592e-02 0.0
-4.87591461e-03 6.00744368e-02 0.0
-1.20451593e-02 9.13608599e-02 0.0
-2.15259484e-02 1.16219634e-01 0.0
-3.25260635e-02 1.35119916e-01 0.0
-4.43622687e-02 1.48707123e-01 0.0
-5.64819915e-02 1.57711846e-01 0.0
-6.84650998e-02 1.62878884e-01 0.0
-8.00122705e-02 1.64917700e-01 0.0
-9.09265111e-02 1.64472039e-01 0.0
-1.01092208e-01 1.62104651e-01 0.0
-1.10455188e-01 1.58293088e-01 0.0
-1.19005186e-01 1.53432694e-01 0.0
-1.26761756e-01 1.47843959e-01 0.0
-1.33763319e-01 1.41781860e-01 0.0
-1.40059297e-01 1.35445861e-01 0.0
-1.45704508e-01 1.28989416e-01 0.0
-1.50755569e-01 1.22528652e-01 0.0
-1.55268527e-01 1.16149748e-01 0.0
-1.59297587e-01 1.09915200e-01 0.0
-1.62894367e-01 1.03868756e-01 0.0
-1.66107701e-01 9.80394155e-02 0.0
-1.68983596e-01 9.24443475e-02 0.0
-1.71565463e-01 8.70911585e-02 0.0
-1.73894343e-01 8.19793379e-02 0.0
-1.76009282e-01 7.71013050e-02 0.0
-1.77947644e-01 7.24428207e-02 0.0
-1.79745510e-01 6.79831672e-02 0.0
-1.81438010e-01 6.36948096e-02 0.0
-1.83059678e-01 5.95429240e-02 0.0
-1.84644723e-01 5.54844790e-02 0.0
-1.86227275e-01 5.14672578e-02 0.0
-1.87841500e-01 4.74285041e-02 0.0
-1.89521597e-01 4.32936043e-02 0.0
-1.91301595e-01 3.89745168e-02 0.0
-1.93214903e-01 3.43684085e-02 0.0
-1.95293536e-01 2.93562714e-02 0.0
-1.97566910e-01 2.38020522e-02 0.0
-2.00060146e-01 1.75521620e-02 0.0
-2.02791702e-01 1.04359998e-02 0.0
-2.05770288e-01 2.26748480e-03 0.0
-2.08990838e-01 -7.15164593e-03 0.0
-2.12429504e-01 -1.80266178e-02 0.0
-2.16037445e-01 -3.05615699e-02 0.0
-2.19733470e-01 -4.49483330e-02 0.0
-2.23395409e-01 -6.13509576e-02 0.0
-2.26850595e-01 -7.98854623e-02 0.0
-2.29865767e-01 -1.00593630e-01 0.0
-2.32137641e-01 -1.23410355e-01 0.0
-2.33285666e-01 -1.48123797e-01 0.0
-2.32850075e-01 -1.74328938e-01 0.0
-2.30299100e-01 -2.01376158e-01 0.0
-2.25051221e-01 -2.28319665e-01 0.0
-2.16518643e-01 -2.53874259e-01 0.0
-2.04178487e-01 -2.76394886e-01 0.0
-1.87674445e-01 -2.93898798e-01 0.0
-1.66945220e-01 -3.04154119e-01 0.0
-1.42363645e-01 -3.04854997e-01 0.0
-1.14856476e-01 -2.93888234e-01 0.0
-8.59625420e-02 -2.69664406e-01 0.0
-5.77886061e-02 -2.31443621e-01 0.0
-3.28447101e-02 -1.79549043e-01 0.0
-1.37869778e-02 -1.15359935e-01 0.0
-3.03085752e-03 -4.10308965e-02 0.0
-1.09415669e-03 2.44823458e-02 0.0
-5.34726099e-03 6.61353616e-02 0.0
-1.31078794e-02 1.00229819e-01 0.0
-2.32686043e-02 1.26992216e-01 0.0
-3.49193663e-02 1.46998248e-01 0.0
-4.72903508e-02 1.61036026e-01 0.0
-5.97753422e-02 1.69987711e-01 0.0
-7.19290497e-02 1.74739895e-01 0.0
-8.34488539e-02 1.76123732e-01 0.0
-9.41490829e-02 1.74880550e-01 0.0
-1.03934159e-01 1.71646995e-01 0.0
-1.12773885e-01 1.66953538e-01 0.0
-1.20682921e-01 1.61231375e-01 0.0
-1.27704597e-01 1.54823627e-01 0.0
-1.33899054e-01 1.47998323e-01 0.0
-1.39334779e-01 1.40961216e-01 0.0
-1.44083049e-01 1.33867663e-01 0.0
-1.48214309e-01 1.26832852e-01 0.0
-1.51796150e-01 1.19940480e-01 0.0
-1.54892160e-01 1.13249676e-01 0.0
-1.57561551e-01 1.06800593e-01 0.0
-1.59859082e-01 1.00618589e-01 0.0
-1.61835348e-01 9.47174849e-02 0.0
-1.63537101e-01 8.91017948e-02 0.0
-1.65007755e-01 8.37683948e-02 0.0
-1.66287844e-01 7.87074354e-02 0.0
-1.67415567e-01 7.39029372e-02 0.0
-1.68427282e-01 6.93327972e-02 0.0
-1.69358050e-01 6.49686146e-02 0.0
-1.70242111e-01 6.07750154e-02 0.0
-1.71113381e-01 5.67088717e-02 0.0
-1.72005868e-01 5.27180747e-02 0.0
-1.72954052e-01 4.87402659e-02 0.0
-1.73993137e-01 4.47011936e-02 0.0
-1.75159176e-01 4.05131335e-02 0.0
-1.76488988e-01 3.60730800e-02 0.0
-1.78019792e-01 3.12612042e-02 0.0
-1.79788495e-01 2.59393613e-02 0.0
-1.81830470e-01 1.99502269e-02 0.0
-1.84177773e-01 1.31169537e-02 0.0
-1.86856541e-01 5.24404208e-03 0.0
-1.89883502e-01 -3.88053805e-03 0.0
-1.93261277e-01 -1.44811336e-02 0.0
-1.96972377e-01 -2.67878670e-02 0.0
-2.00971529e-01 -4.10267173e-02 0.0
-2.05176320e-01 -5.74057057e-02 0.0
-2.09455891e-01 -7.60958252e-02 0.0
-2.13618047e-01 -9.72058107e-02 0.0
-2.17395168e-01 -1.20749058e-01 0.0
-2.20430519e-01 -1.46601600e-01 0.0
-2.22267304e-01 -1.74449833e-01 0.0
-2.22345016e-01 -2.03728421e-01 0.0
-2.20009382e-01 -2.33550819e-01 0.0
-2.14544982e-01 -2.62639993e-01 0.0
-2.05240487e-01 -2.89273721e-01 0.0
-1.91495756e-01 -3.11268661e-01 0.0
-1.72972997e-01 -3.26036173e-01 0.0
-1.49781072e-01 -3.30746383e-01 0.0
-1.22660321e-01 -3.22624717e-01 0.0
-9.31133186e-02 -2.99368814e-01 0.0
-6.34156067e-02 -2.59610824e-01 0.0
-3.64605657e-02 -2.03280748e-01 0.0
-1.54513338e-02 -1.31695174e-01 0.0
-3.42067389e-03 -4.72526302e-02 0.0
-1.22802245e-03 2.70353731e-02 0.0
-5.92933311e-03 7.27676064e-02 0.0
-1.44016316e-02 1.09830510e-01 0.0
-2.53536051e-02 1.38504251e-01 0.0
-3.77238389e-02 1.59507243e-01 0.0
-5.06375553e-02 1.73811774e-01 0.0
-6.34296408e-02 1.82489089e-01 0.0
-7.56341314e-02 1.86596773e-01 0.0
-8.69549637e-02 1.87107554e-01 0.0
-9.72300565e-02 1.84872123e-01 0.0
-1.06395966e-01 1.80606487e-01 0.0
-1.14457440e-01 1.74895331e-01 0.0
-1.21463028e-01 1.68204298e-01 0.0
-1.27487002e-01 1.60896452e-01 0.0
-1.32616451e-01 1.53249508e-01 0.0
-1.36942764e-01 1.45472179e-01 0.0
-1.40556141e-01 1.37718462e-01 0.0
-1.43542484e-01 1.30099777e-01 0.0
-1.45981684e-01 1.22694722e-01 0.0
-1.47947033e-01 1.15556924e-01 0.0
-1.49505128e-01 1.08720965e-01 0.0
-1.50716251e-01 1.02207012e-01 0.0
-1.51634857e-01 9.60240761e-02 0.0
-1.52310247e-01 9.01724933e-02 0.0
-1.52787209e-01 8.46454623e-02 0.0
-1.53106747e-01 7.94301472e-02 0.0
-1.53306742e-01 7.45080974e-02 0.0
-1.53422664e-01 6.98554315e-02 0.0
-1.53488227e-01 6.54424696e-02 0.0
-1.53536075e-01 6.12332300e-02 0.0
-1.53598422e-01 5.71844343e-02 0.0
-1.53707692e-01 5.32444308e-02 0.0
-1.53897106e-01 4.93516696e-02 0.0
-1.54201225e-01 4.54331549e-02 0.0
-1.54656382e-01 4.14025293e-02 0.0
-1.55300981e-01 3.71582548e-02 0.0
-1.56175586e-01 3.25815978e-02 0.0
-1.57322707e-01 2.75349482e-02 0.0
-1.58786203e-01 2.18602662e-02 0.0
-1.60610111e-01 1.53782773e-02 0.0
-1.62836803e-01 7.88832806e-03 0.0
-1.65504168e-01 -8.30351550e-04 0.0
-1.68641664e-01 -1.10159054e-02 0.0
-1.72264816e-01 -2.29187049e-02 0.0
-1.76367939e-01 -3.67934687e-02 0.0
-1.80914552e-01 -5.28874192e-02 0.0
-1.85825280e-01 -7.14236858e-02 0.0
-1.90962803e-01 -9.25781511e-02 0.0
-1.96114109e-01 -1.16448175e-01 0.0
-2.00970543e-01 -1.43010588e-01 0.0
-2.05107759e-01 -1.72066739e-01 0.0
-2.07969220e-01 -2.03172245e-01 0.0
-2.08860254e-01 -2.35551502e-01 0.0
-2.06962952e-01 -2.68000927e-01 0.0
-2.01386428e-01 -2.98793726e-01 0.0
-1.91268241e-01 -3.25611502e-01 0.0
-1.75939642e-01 -3.45544624e-01 0.0
-1.55153056e-01 -3.55216386e-01 0.0
-1.29343999e-01 -3.51084473e-01 0.0
-9.98622493e-02 -3.29937768e-01 0.0
-6.90769851e-02 -2.89524811e-01 0.0
-4.02648960e-02 -2.29133864e-01 0.0
-1.72600556e-02 -1.49856110e-01 0.0
-3.85454974e-03 -5.42986296e-02 0.0
-1.39754026e-03 2.98918581e-02 0.0
-6.65660489e-03 8.01024251e-02 0.0
-1.59915436e-02 1.20302948e-01 0.0
-2.78643943e-02 1.50856663e-01 0.0
-4.10193382e-02 1.72680042e-01 0.0
-5.44558867e-02 1.86989279e-01 0.0
-6.74480416e-02 1.95095872e-01 0.0
-7.95191813e-02 1.98265674e-01 0.0
-9.03960501e-02 1.97636416e-01 0.0
-9.99577920e-02 1.94180163e-01 0.0
-1.08189672e-01 1.88696311e-01 0.0
-1.15145238e-01 1.81822628e-01 0.0
-1.20917981e-01 1.74055420e-01 0.0
-1.25621202e-01 1.65772618e-01 0.0
-1.29374757e-01 1.57256444e-01 0.0
-1.32296665e-01 1.48713568e-01 0.0
-1.34498393e-01 1.40292289e-01 0.0
-1.36082379e-01 1.32096392e-01 0.0
-1.37141190e-01 1.24196237e-01 0.0
-1.37757482e-01 1.16637174e-01 0.0
-1.38004597e-01 1.09446053e-01 0.0
-1.37947318e-01 1.02635901e-01 0.0
-1.37642847e-01 9.62094578e-02 0.0
-1.37141720e-01 9.01615140e-02 0.0
-1.36488801e-01 8.44806265e-02 0.0
-1.35724160e-01 7.91500242e-02 0.0
-1.34883994e-01 7.41481958e-02 0.0
-1.34001457e-01 6.94488667e-02 0.0
-1.33107521e-01 6.50208119e-02 0.0
-1.32231780e-01 6.08271469e-02 0.0
-1.31403284e-01 5.68245201e-02 0.0
-1.30651337e-01 5.29618203e-02 0.0
-1.30006313e-01 4.91788237e-02 0.0
-1.29500434e-01 4.54043931e-02 0.0
-1.29168510e-01 4.15546772e-02 0.0
-1.29048607e-01 3.75309547e-02 0.0
-1.29182569e-01 3.32176150e-02 0.0
-1.29616351e-01 2.84799827e-02 0.0
-1.30400023e-01 2.31625462e-02 0.0
-1.31587363e-01 1.70873895e-02 0.0
-1.33234793e-01 1.00534791e-02 0.0
-1.35399521e-01 1.83672961e-03 0.0
-1.38136503e-01 -7.80837374e-03 0.0
-1.41493966e-01 -1.91454893e-02 0.0
-1.45506924e-01 -3.24504750e-02 0.0
-1.50188269e-01 -4.80023301e-02 0.0
-1.55516646e-01 -6.60695513e-02 0.0
-1.61420616e-01 -8.68906776e-02 0.0
-1.67758360e-01 -1.10646489e-01 0.0
-1.74292947e-01 -1.37421149e-01 0.0
-1.80663762e-01 -1.67148047e-01 0.0
-1.86357022e-01 -1.99536123e-01 0.0
-1.90681101e-01 -2.33972424e-01 0.0
-1.92757915e-01 -2.69400413e-01 0.0
-1.91547439e-01 -3.04181167e-01 0.0
-1.85929119e-01 -3.35960500e-01 0.0
-1.74864996e-01 -3.61588288e-01 0.0
-1.57660131e-01 -3.77164118e-01 0.0
-1.34305971e-01 -3.78299911e-01 0.0
-1.05840982e-01 -3.60669027e-01 0.0
-7.46018846e-02 -3.20817881e-01 0.0
-4.42119123e-02 -2.57042829e-01 0.0
-1.92160011e-02 -1.69947879e-01 0.0
-4.33758990e-03 -6.22623126e-02 0.0
-1.61608354e-03 3.31364493e-02 0.0
-7.57952132e-03 8.83113120e-02 0.0
-1.79694277e-02 1.31818923e-01 0.0
-3.09129007e-02 1.64157037e-01 0.0
-4.49040733e-02 1.86525816e-01 0.0
-5.87957115e-02 2.00471731e-01 0.0
-7.18056915e-02 2.07615598e-01 0.0
-8.34666353e-02 2.09478083e-01 0.0
-9.35536307e-02 2.07387929e-01 0.0
-1.02012473e-01 2.02449299e-01 0.0
-1.08898970e-01 1.95545620e-01 0.0
-1.14332862e-01 1.87362855e-01 0.0
-1.18465278e-01 1.78420432e-01 0.0
-1.21457444e-01 1.69103082e-01 0.0
-1.23467571e-01 1.59689754e-01 0.0
-1.24643616e-01 1.50378311e-01 0.0
-1.25119733e-01 1.41305493e-01 0.0
-1.25015182e-01 1.32562731e-01 0.0
-1.24434520e-01 1.24208158e-01 0.0
-1.23468629e-01 1.16275772e-01 0.0
-1.22196000e-01 1.08782060e-01 0.0
-1.20684215e-01 1.01730954e-01 0.0
-1.18991342e-01 9.51171878e-02 0.0
-1.17167331e-01 8.89287785e-02 0.0
-1.15255247e-01 8.31484923e-02 0.0
-1.13292474e-01 7.77548797e-02 0.0
-1.11311779e-01 7.27226172e-02 0.0
-1.09342374e-01 6.80226430e-02 0.0
-1.07410878e-01 6.36217448e-02 0.0
-1.05542304e-01 5.94820421e-02 0.0
-1.03761004e-01 5.55599721e-02 0.0
-1.02091647e-01 5.18052080e-02 0.0
-1.00560190e-01 4.81590999e-02 0.0
-9.91948850e-02 4.45530763e-02 0.0
-9.80272764e-02 4.09066052e-02 0.0
-9.70931926e-02 3.71251828e-02 0.0
-9.64336893e-02 3.30979868e-02 0.0
-9.60958659e-02 2.86957093e-02 0.0
-9.61335105e-02 2.37682747e-02 0.0
-9.66073956e-02 1.81430221e-02 0.0
-9.75851335e-02 1.16231476e-02 0.0
-9.91402841e-02 3.98707031e-03 0.0
-1.01350525e-01 -5.01136380e-03 0.0
-1.04294386e-01 -1.56410511e-02 0.0
-1.08046166e-01 -2.81900542e-02 0.0
-1.12668242e-01 -4.29592139e-02 0.0
-1.18200088e-01 -6.02523325e-02 0.0
-1.24642815e-01 -8.03610910e-02 0.0
-1.31938259e-01 -1.03542785e-01 0.0
-1.39941313e-01 -1.29987116e-01 0.0
-1.48385131e-01 -1.59767354e-01 0.0
-1.56839832e-01 -1.92768769e-01 0.0
-1.64668908e-01 -2.28586541e-01 0.0
-1.70992676e-01 -2.66385638e-01 0.0
-1.74677365e-01 -3.04721659e-01 0.0
-1.74378980e-01 -3.41336649e-01 0.0
-1.68681348e-01 -3.72973836e-01 0.0
-1.56366518e-01 -3.95298213e-01 0.0
-1.36831182e-01 -4.03055267e-01 0.0
-1.10598926e-01 -3.90610879e-01 0.0
-7.97808641e-02 -3.52933156e-01 0.0
-4.82509366e-02 -2.86847430e-01 0.0
-2.13289813e-02 -1.92061126e-01 0.0
-4.87827474e-03 -7.12506867e-02 0.0
-1.90414940e-03 3.68876640e-02 0.0
-8.77248317e-03 9.76228557e-02 0.0
-2.04646788e-02 1.44589498e-01 0.0
-3.46462902e-02 1.78511568e-01 0.0
-4.94913063e-02 2.01007503e-01 0.0
-6.36886613e-02 2.14079072e-01 0.0
-7.64188139e-02 2.19748432e-01 0.0
-8.72593394e-02 2.19846765e-01 0.0
-9.60731517e-02 2.15920108e-01 0.0
-1.02907998e-01 2.09210867e-01 0.0
-1.07918469e-01 2.00681085e-01 0.0
-1.11310989e-01 1.91053874e-01 0.0
-1.13308250e-01 1.80859166e-01 0.0
-1.14127870e-01 1.70476217e-01 0.0
-1.13971038e-01 1.60170000e-01 0.0
-1.13017338e-01 1.50120501e-01 0.0
-1.11423495e-01 1.40445674e-01 0.0
-1.09324129e-01 1.31218734e-01 0.0
-1.06833665e-01 1.22481134e-01 0.0
-1.04048566e-01 1.14251914e-01 0.0
-1.01049729e-01 1.06534564e-01 0.0
-9.79046730e-02 9.93217244e-02 0.0
-9.46696129e-02 9.25986037e-02 0.0
-9.13912473e-02 8.63451087e-02 0.0
-8.81084098e-02 8.05373658e-02 0.0
-8.48534835e-02 7.51484333e-02 0.0
-8.16537310e-02 7.01487459e-02 0.0
-7.85324678e-02 6.55059765e-02 0.0
-7.55102066e-02 6.11847862e-02 0.0
-7.26057235e-02 5.71460770e-02 0.0
-6.98371429e-02 5.33461912e-02 0.0
-6.72230099e-02 4.97356334e-02 0.0
-6.47834133e-02 4.62577564e-02 0.0
-6.25411425e-02 4.28469784e-02 0.0
-6.05229010e-02 3.94269870e-02 0.0
-5.87605668e-02 3.59085166e-02 0.0
-5.72924693e-02 3.21871845e-02 0.0
-5.61646664e-02 2.81410163e-02 0.0
-5.54321175e-02 2.36281923e-02 0.0
-5.51597075e-02 1.84847070e-02 0.0
-5.54229124e-02 1.25225303e-02 0.0
-5.63079910e-02 5.52803936e-03 0.0
-5.79113357e-02 -2.73862766e-03 0.0
-6.03377227e-02 -1.25434226e-02 0.0
-6.36968339e-02 -2.41766792e-02 0.0
-6.80974996e-02 -3.79497379e-02 0.0
-7.36385842e-02 -5.41887733e-02 0.0
-8.03954263e-02 -7.32249794e-02 0.0
-8.84000510e-02 -9.53787320e-02 0.0
-9.76133801e-02 -1.20934693e-01 0.0
-1.07887200e-01 -1.50102052e-01 0.0
-1.18914675e-01 -1.82951813e-01 0.0
-1.30169999e-01 -2.19319021e-01 0.0
-1.40843479e-01 -2.58655837e-01 0.0
-1.49787798e-01 -2.99822389e-01 0.0
-1.55507380e-01 -3.40814662e-01 0.0
-1.56241854e-01 -3.78458928e-01 0.0
-1.50209692e-01 -4.08160064e-01 0.0
-1.36067766e-01 -4.23870636e-01 0.0
-1.13580266e-01 -4.18515231e-01 0.0
-8.43545684e-02 -3.85072536e-01 0.0
-5.23286615e-02 -3.18263861e-01 0.0
-2.36223422e-02 -2.16272954e-01 0.0
-5.49146914e-03 -8.13941093e-02 0.0
-2.29355297e-03 4.13163205e-02 0.0
-1.03463800e-02 1.08346322e-01 0.0
-2.36583559e-02 1.58870218e-01 0.0
-3.92509659e-02 1.94005091e-01 0.0
-5.48936928e-02 2.16001749e-01 0.0
-6.91091766e-02 2.27497698e-01 0.0
-8.10848483e-02 2.31035669e-01 0.0
-9.05043288e-02 2.28819580e-01 0.0
-9.73769079e-02 2.22633735e-01 0.0
-1.01899877e-01 2.13855112e-01 0.0
-1.04360936e-01 2.03508430e-01 0.0
-1.05075801e-01 1.92333980e-01 0.0
-1.04351852e-01 1.80852442e-01 0.0
-1.02469558e-01 1.69420344e-01 0.0
-9.96747798e-02 1.58274343e-01 0.0
-9.61775463e-02 1.47565310e-01 0.0
-9.21540590e-02 1.37383625e-01 0.0
-8.77503068e-02 1.27777760e-01 0.0
-8.30860443e-02 1.18767478e-01 0.0
-7.82587703e-02 1.10353299e-01 0.0
-7.33472732e-02 1.02522950e-01 0.0
-6.84148193e-02 9.52559368e-02 0.0
-6.35118292e-02 8.85264517e-02 0.0
-5.86782274e-02 8.23054071e-02 0.0
-5.39453912e-02 7.65615095e-02 0.0
-4.93378849e-02 7.12619753e-02 0.0
-4.48749271e-02 6.63726135e-02 0.0
-4.05717471e-02 6.18577876e-02 0.0
-3.64407922e-02 5.76798818e-02 0.0
-3.24929062e-02 5.37987364e-02 0.0
-2.87384564e-02 5.01706259e-02 0.0
-2.51884946e-02 4.67472291e-02 0.0
-2.18559468e-02 4.34741414e-02 0.0
-1.87568805e-02 4.02893813e-02 0.0
-1.59118571e-02 3.71214439e-02 0.0
-1.33473785e-02 3.38873708e-02 0.0
-1.10974360e-02 3.04904133e-02 0.0
-9.20511687e-03 2.68177870e-02 0.0
-7.72426353e-03 2.27381396e-02 0.0
-6.72106120e-03 1.80992653e-02 0.0
-6.27550705e-03 1.27257390e-02 0.0
-6.48252200e-03 6.41703741e-03 0.0
-7.45256285e-03 -1.05412891e-03 0.0
-9.31131034e-03 -9.94267929e-03 0.0
-1.21980899e-02 -2.05314266e-02 0.0
-1.62622585e-02 -3.31300553e-02 0.0
-2.16567763e-02 -4.80727555e-02 0.0
-2.85275117e-02 -6.57133264e-02 0.0
-3.69965861e-02 -8.64165957e-02 0.0
-4.71370499e-02 -1.10542952e-01 0.0
-5.89357794e-02 -1.38421162e-01 0.0
-7.22406815e-02 -1.70300250e-01 0.0
-8.66893817e-02 -2.06266488e-01 0.0
-1.01619719e-01 -2.46104487e-01 0.0
-1.15971939e-01 -2.89077139e-01 0.0
-1.28210205e-01 -3.33602008e-01 0.0
-1.36320553e-01 -3.76826709e-01 0.0
-1.37976680e-01 -4.14168274e-01 0.0
-1.30985029e-01 -4.38995964e-01 0.0
-1.14080429e-01 -4.42781971e-01 0.0
-8.79886584e-02 -4.16123237e-01 0.0
-5.63883298e-02 -3.50839375e-01 0.0
-2.61431631e-02 -2.42648910e-01 0.0
-6.20330309e-03 -9.28639147e-02 0.0
-2.83505946e-03 4.66758198e-02 0.0
-1.24678690e-02 1.20903350e-01 0.0
-2.77997256e-02 1.74957037e-01 0.0
-4.49451581e-02 2.10656334e-01 0.0
-6.11795170e-02 2.31227618e-01 0.0
-7.48927846e-02 2.40200610e-01 0.0
-8.53698459e-02 2.40785526e-01 0.0
-9.24993860e-02 2.35618784e-01 0.0
-9.65205257e-02 2.26728296e-01 0.0
-9.78402349e-02 2.15603279e-01 0.0
-9.69177187e-02 2.03298863e-01 0.0
-9.41990572e-02 1.90539811e-01 0.0
-9.00853504e-02 1.77809022e-01 0.0
-8.49208919e-02 1.65417081e-01 0.0
-7.89925202e-02 1.53554532e-01 0.0
-7.25342837e-02 1.42329730e-01 0.0
-6.57343320e-02 1.31795849e-01 0.0
-5.87420750e-02 1.21969613e-01 0.0
-5.16749384e-02 1.12844317e-01 0.0
-4.46241976e-02 1.04398538e-01 0.0
-3.76599856e-02 9.66020980e-02 0.0
-3.08353792e-02 8.94198272e-02 0.0
-2.41898220e-02 8.28141165e-02 0.0
-1.77518760e-02 7.67462987e-02 0.0
-1.15415451e-02 7.11775579e-02 0.0
-5.57216495e-03 6.60691490e-02 0.0
1.47948229e-04 6.13824795e-02 0.0
5.61410168e-03 5.70787000e-02 0.0
1.08239365e-02 5.31182930e-02 0.0
1.57762562e-02 4.94602336e-02 0.0
2.04698634e-02 4.60611865e-02 0.0
2.49024073e-02 4.28742781e-02 0.0
2.90691650e-02 3.98479024e-02 0.0
3.29617454e-02 3.69240889e-02 0.0
3.65666738e-02 3.40368994e-02 0.0
3.98638341e-02 3.11103907e-02 0.0
4.28247701e-02 2.80566280e-02 0.0
4.54108221e-02 2.47733134e-02 0.0
4.75711553e-02 2.11415370e-02 0.0
4.92406788e-02 1.70232512e-02 0.0
5.03379900e-02 1.22589944e-02 0.0
5.07633961e-02 6.66549576e-03 0.0
5.03972708e-02 3.36807093e-05 0.0
4.90989112e-02 -7.87328201e-03 0.0
4.67063673e-02 -1.73214042e-02 0.0
4.30376686e-02 -2.86071167e-02 0.0
3.78943681e-02 -4.20577862e-02 0.0
3.10684645e-02 -5.80315699e-02 0.0
2.23546646e-02 -7.69153958e-02 0.0
1.15705702e-02 -9.91195145e-02 0.0
-1.41102978e-03 -1.25064196e-01 0.0
-1.66123830e-02 -1.55150890e-01 0.0
-3.38765717e-02 -1.89702894e-01 0.0
-5.27629421e-02 -2.28851311e-01 0.0
-7.24116463e-02 -2.72329335e-01 0.0
-9.13938050e-02 -3.19129334e-01 0.0
-1.07597906e-01 -3.66984889e-01 0.0
-1.18258973e-01 -4.11692859e-01 0.0
-1.20298949e-01 -4.46423018e-01 0.0
-1.11164480e-01 -4.61393954e-01 0.0
-9.02182627e-02 -4.44549217e-01 0.0
-6.03582741e-02 -3.83873692e-01 0.0
-2.89763883e-02 -2.71241632e-01 0.0
-7.06010803e-03 -1.05903877e-01 0.0
-3.61159553e-03 5.33532500e-02 0.0
-1.53887883e-02 1.35866704e-01 0.0
-3.32187922e-02 1.93155555e-01 0.0
-5.19391423e-02 2.28323617e-01 0.0
-6.82659751e-02 2.46121549e-01 0.0
-8.05695053e-02 2.51323505e-01 0.0
-8.83999041e-02 2.47970123e-01 0.0
-9.20033217e-02 2.39167182e-01 0.0
-9.19596137e-02 2.27157371e-01 0.0
-8.89542129e-02 2.13488560e-01 0.0
-8.36531677e-02 1.99190071e-01 0.0
-7.66454936e-02 1.84922324e-01 0.0
-6.84243443e-02 1.71091712e-01 0.0
-5.93884423e-02 1.57934095e-01 0.0
-4.98523981e-02 1.45573170e-01 0.0
-4.00599873e-02 1.34060517e-01 0.0
-3.01971726e-02 1.23402370e-01 0.0
-2.04037377e-02 1.13577479e-01 0.0
-1.07829793e-02 1.04548637e-01 0.0
-1.40965432e-03 9.62702381e-02 0.0
7.66373780e-03 8.86928817e-02 0.0
1.64019262e-02 8.17663397e-02 0.0
2.47829576e-02 7.54411083e-02 0.0
3.27950507e-02 6.96693635e-02 0.0
4.04341382e-02 6.44051720e-02 0.0
4.77018361e-02 5.96045564e-02 0.0
5.46038106e-02 5.52250850e-02 0.0
6.11483580e-02 5.12254959e-02 0.0
6.73451882e-02 4.75649352e-02 0.0
7.32042797e-02 4.42022843e-02 0.0
7.87348010e-02 4.10951118e-02 0.0
8.39440009e-02 3.81987140e-02 0.0
8.88360550e-02 3.54647598e-02 0.0
9.34108030e-02 3.28400080e-02 0.0
9.76623500e-02 3.02646097e-02 0.0
1.01577499e-01 2.76704747e-02 0.0
1.05133982e-01 2.49792288e-02 0.0
1.08298488e-01 2.21002559e-02 0.0
1.11024475e-01 1.89283753e-02 0.0
1.13249803e-01 1.53416612e-02 0.0
1.14894197e-01 1.11989762e-02 0.0
1.15856683e-01 6.33771693e-03 0.0
1.16013023e-01 5.71339247e-04 0.0
1.15213430e-01 -6.31289836e-03 0.0
1.13280737e-01 -1.45564626e-02 0.0
1.10009491e-01 -2.44320285e-02 0.0
1.05166484e-01 -3.62464846e-02 0.0
9.84937808e-02 -5.03441863e-02 0.0
8.97156307e-02 -6.71107536e-02 0.0
7.85519113e-02 -8.69762717e-02 0.0
6.47420058e-02 -1.10415865e-01 0.0
4.80856632e-02 -1.37941462e-01 0.0
2.85101306e-02 -1.70072540e-01 0.0
6.17609927e-03 -2.07261208e-01 0.0
-1.83654279e-02 -2.49729155e-01 0.0
-4.39626686e-02 -2.97150069e-01 0.0
-6.86282532e-02 -3.48094426e-01 0.0
-8.93774830e-02 -3.99172989e-01 0.0
-1.02347649e-01 -4.43932713e-01 0.0
-1.03518074e-01 -4.71848277e-01 0.0
-9.03301649e-02 -4.68228997e-01 0.0
-6.41099344e-02 -4.16274115e-01 0.0
-3.22613081e-02 -3.02071708e-01 0.0
-8.14370038e-03 -1.20885871e-01 0.0
-4.76239465e-03 6.19578722e-02 0.0
-1.94875107e-02 1.53995025e-01 0.0
-4.03130779e-02 2.13682817e-01 0.0
-6.03102703e-02 2.46513913e-01 0.0
-7.56762383e-02 2.59624075e-01 0.0
-8.50322827e-02 2.59480578e-01 0.0
-8.84828219e-02 2.51094018e-01 0.0
-8.68483751e-02 2.38012291e-01 0.0
-8.11807558e-02 2.22600973e-01 0.0
-7.25063400e-02 2.06365182e-01 0.0
-6.17150520e-02 1.90221162e-01 0.0
-4.95294597e-02 1.74698015e-01 0.0
-3.65124514e-02 1.60077918e-01 0.0
-2.30899215e-02 1.46489514e-01 0.0
-9.57682305e-03 1.33968669e-01 0.0
3.79882459e-03 1.22497023e-01 0.0
1.68756596e-02 1.12026282e-01 0.0
2.95428135e-02 1.02493049e-01 0.0
4.17272767e-02 9.38279206e-02 0.0
5.33842946e-02 8.59606883e-02 0.0
6.44900305e-02 7.88233832e-02 0.0
7.50360751e-02 7.23516865e-02 0.0
8.50252445e-02 6.64856450e-02 0.0
9.44684325e-02 6.11696313e-02 0.0
1.03382152e-01 5.63521855e-02 0.0
1.11786657e-01 5.19854293e-02 0.0
1.19704411e-01 4.80245742e-02 0.0
1.27158858e-01 4.44271043e-02 0.0
1.34173332e-01 4.11521157e-02 0.0
1.40770097e-01 3.81593413e-02 0.0
1.46969394e-01 3.54083307e-02 0.0
1.52788492e-01 3.28572922e-02 0.0
1.58240648e-01 3.04620663e-02 0.0
1.63333966e-01 2.81747298e-02 0.0
1.68070093e-01 2.59423083e-02 0.0
1.72442714e-01 2.37050996e-02 0.0
1.76435831e-01 2.13950973e-02 0.0
1.80021773e-01 1.89340316e-02 0.0
1.83158951e-01 1.62315252e-02 0.0
1.85789327e-01 1.31828980e-02 0.0
1.87835644e-01 9.66711466e-03 0.0
1.89198415e-01 5.54440823e-03 0.0
1.89752782e-01 6.54025285e-04 0.0
1.89345296e-01 -5.18842431e-03 0.0
1.87790834e-01 -1.21937031e-02 0.0
1.84869808e-01 -2.06024375e-02 0.0
1.80326122e-01 -3.06893100e-02 0.0
1.73866395e-01 -4.27688595e-02 0.0
1.65161591e-01 -5.72030587e-02 0.0
1.53852828e-01 -7.44114191e-02 0.0
1.39564866e-01 -9.48827891e-02 0.0
1.21933111e-01 -1.19186383e-01 0.0
1.00654522e-01 -1.47973445e-01 0.0
7.55785649e-02 -1.81950265e-01 0.0
4.68613897e-02 -2.21781351e-01 0.0
1.52079608e-02 -2.67847161e-01 0.0
-1.77897236e-02 -3.19734028e-01 0.0
-4.92733930e-02 -3.75300454e-01 0.0
-7.48963551e-02 -4.29212091e-01 0.0
-8.91865335e-02 -4.71108270e-01 0.0
-8.71214673e-02 -4.84221959e-01 0.0
-6.73386372e-02 -4.46284197e-01 0.0
-3.61991448e-02 -3.35049735e-01 0.0
-9.59750988e-03 -1.38406963e-01 0.0
-6.52538592e-03 7.34761195e-02 0.0
-2.53132291e-02 1.76220210e-01 0.0
-4.94386920e-02 2.36408672e-01 0.0
-6.96649721e-02 2.64011545e-01 0.0
-8.20058247e-02 2.69833281e-01 0.0
-8.58932787e-02 2.62514894e-01 0.0
-8.24394479e-02 2.48056436e-01 0.0
-7.33092124e-02 2.30285221e-01 0.0
-6.01442238e-02 2.11495469e-01 0.0
-4.43326844e-02 1.92984770e-01 0.0
-2.69576794e-02 1.75435322e-01 0.0
-8.82304224e-03 1.59163671e-01 0.0
9.49572621e-03 1.44276532e-01 0.0
2.75989822e-02 1.30765165e-01 0.0
4.52179306e-02 1.18561025e-01 0.0
6.21789677e-02 1.07568040e-01 0.0
7.83767750e-02 9.76806823e-02 0.0
9.37544303e-02 8.87939027e-02 0.0
1.08289018e-01 8.08080803e-02 0.0
1.21981216e-01 7.36313811e-02 0.0
1.34847871e-01 6.71803704e-02 0.0
1.46916626e-01 6.13799727e-02 0.0
1.58222108e-01 5.61627807e-02 0.0
1.68803130e-01 5.14683623e-02 0.0
1.78700681e-01 4.72422618e-02 0.0
1.87956409e-01 4.34351997e-02 0.0
1.96611491e-01 4.00020479e-02 0.0
2.04705708e-01 3.69010488e-02 0.0
2.12276688e-01 3.40927995e-02 0.0
2.19359196e-01 3.15394681e-02 0.0
2.25984449e-01 2.92037376e-02 0.0
2.32179370e-01 2.70479506e-02 0.0
2.37965766e-01 2.50329401e-02 0.0
2.43359360e-01 2.31170282e-02 0.0
2.48368648e-01 2.12546780e-02 0.0
2.52993552e-01 1.93952880e-02 0.0
2.57223802e-01 1.74816253e-02 0.0
2.61037053e-01 1.54483922e-02 0.0
2.64396685e-01 1.32204360e-02 0.0
2.67249280e-01 1.07110952e-02 0.0
2.69521760e-01 7.82019805e-03 0.0
2.71118212e-01 4.43217894e-03 0.0
2.71916375e-01 4.13798502e-04 0.0
2.71763897e-01 -4.38816082e-03 0.0
2.70474316e-01 -1.01498538e-02 0.0
2.67822971e-01 -1.70738469e-02 0.0
2.63542848e-01 -2.53940259e-02 0.0
2.57320742e-01 -3.53822491e-02 0.0
2.48794109e-01 -4.73581712e-02 0.0
2.37549740e-01 -6.17031173e-02 0.0
2.23126291e-01 -7.88796247e-02 0.0
2.05025182e-01 -9.94566332e-02 0.0
1.82738439e-01 -1.24137813e-01 0.0
1.55810017e-01 -1.53781474e-01 0.0
1.23959049e-01 -1.89381958e-01 0.0
8.73090030e-02 -2.31943042e-01 0.0
4.67746622e-02 -2.82106087e-01 0.0
4.62948606e-03 -3.39299520e-01 0.0
-3.48566389e-02 -4.00103912e-01 0.0
-6.51394306e-02 -4.55643458e-01 0.0
-7.84228508e-02 -4.88468398e-01 0.0
-6.92559716e-02 -4.70987454e-01 0.0
-4.10087694e-02 -3.69733161e-01 0.0
-1.16647326e-02 -1.59450775e-01 0.0
-9.30395313e-03 8.95357696e-02 0.0
-3.35700965e-02 2.03444859e-01 0.0
-6.04954826e-02 2.60234881e-01 0.0
-7.82792726e-02 2.78195418e-01 0.0
-8.37846235e-02 2.73495628e-01 0.0
-7.82730972e-02 2.57228492e-01 0.0
-6.44739231e-02 2.36089856e-01 0.0
-4.51376944e-02 2.13785362e-01 0.0
-2.25123526e-02 1.92205027e-01 0.0
1.74216669e-03 1.72209185e-01 0.0
2.64739758e-02 1.54104129e-01 0.0
5.09204689e-02 1.37913772e-01 0.0
7.45992415e-02 1.23528933e-01 0.0
9.72223149e-02 1.10786479e-01 0.0
1.18633316e-01 9.95098092e-02 0.0
1.38763337e-01 8.95282476e-02 0.0
1.57600526e-01 8.06855315e-02 0.0
1.75169510e-01 7.28424689e-02 0.0
1.91517498e-01 6.58769954e-02 0.0
2.06705035e-01 5.96827899e-02 0.0
2.20799797e-01 5.41676076e-02 0.0
2.33872519e-01 4.92513220e-02 0.0
2.45994269e-01 4.48642631e-02 0.0
2.57234697e-01 4.09454964e-02 0.0
2.67660846e-01 3.74414956e-02 0.0
2.77336406e-01 3.43047468e-02 0.0
2.86321175e-01 3.14927204e-02 0.0
2.94670692e-01 2.89667135e-02 0.0
3.02435909e-01 2.66910101e-02 0.0
3.09662885e-01 2.46318463e-02 0.0
3.16392419e-01 2.27566450e-02 0.0
3.22659616e-01 2.10329984e-02 0.0
3.28493308e-01 1.94278781e-02 0.0
3.33915328e-01 1.79065497e-02 0.0
3.38939588e-01 1.64316807e-02 0.0
3.43570917e-01 1.49621257e-02 0.0
3.47803642e-01 1.34518844e-02 0.0
3.51619871e-01 1.18487241e-02 0.0
3.54987447e-01 1.00929669e-02 0.0
3.57857546e-01 8.11593988e-03 0.0
3.60161913e-01 5.83857380e-03 0.0
3.61809689e-01 3.16964245e-03 0.0
3.62683854e-01 4.07083733e-06 0.0
3.62637219e-01 -3.77925642e-03 0.0
3.61488012e-01 -8.31990910e-03 0.0
3.59014934e-01 -1.37793090e-02 0.0
3.54951737e-01 -2.03451866e-02 0.0
3.48981136e-01 -2.82383271e-02 0.0
3.40728146e-01 -3.77224180e-02 0.0
3.29752860e-01 -4.91191642e-02 0.0
3.15543461e-01 -6.28306830e-02 0.0
2.97511396e-01 -7.93723571e-02 0.0
2.74994097e-01 -9.94180061e-02 0.0
2.47277341e-01 -1.23856063e-01 0.0
2.13663486e-01 -1.53842512e-01 0.0
1.73636208e-01 -1.90805131e-01 0.0
1.27208150e-01 -2.36281570e-01 0.0
7.55655915e-02 -2.91336275e-01 0.0
2.20738671e-02 -3.55089285e-01 0.0
-2.65900080e-02 -4.21711398e-01 0.0
-6.01921883e-02 -4.75514842e-01 0.0
-6.78391182e-02 -4.85460946e-01 0.0
-4.66838732e-02 -4.04662109e-01 0.0
-1.47171125e-02 -1.85615796e-01 0.0
-1.37213089e-02 1.12791227e-01 0.0
-4.47557638e-02 2.35720200e-01 0.0
-7.15841937e-02 2.81713363e-01 0.0
-8.09955890e-02 2.83912132e-01 0.0
-7.31381183e-02 2.65426806e-01 0.0
-5.26468445e-02 2.39294531e-01 0.0
-2.44179356e-02 2.11995753e-01 0.0
7.74172226e-03 1.86383602e-01 0.0
4.12404751e-02 1.63482717e-01 0.0
7.44525906e-02 1.43464888e-01 0.0
1.06427176e-01 1.26142061e-01 0.0
1.36654272e-01 1.11202284e-01 0.0
1.64900220e-01 9.83157346e-02 0.0
1.91098879e-01 8.71779837e-02 0.0
2.15282319e-01 7.75239026e-02 0.0
2.37537558e-01 6.91289373e-02 0.0
2.57980042e-01 6.18052119e-02 0.0
2.76737565e-01 5.53963290e-02 0.0
2.93940742e-01 4.97720183e-02 0.0
3.09717460e-01 4.48235629e-02 0.0
3.24189830e-01 4.04597547e-02 0.0
3.37472591e-01 3.66037465e-02 0.0
3.49672448e-01 3.31902856e-02 0.0
3.60887895e-01 3.01636565e-02 0.0
3.71209353e-01 2.74757858e-02 0.0
3.80719424e-01 2.50848840e-02 0.0
3.89493214e-01 2.29540838e-02 0.0
3.97598612e-01 2.10504967e-02 0.0
4.05096531e-01 1.93441518e-02 0.0
4.12041048e-01 1.78072738e-02 0.0
4.18479428e-01 1.64133646e-02 0.0
4.24452004e-01 1.51365683e-02 0.0
4.29991896e-01 1.39507870e-02 0.0
4.35124539e-01 1.28290398e-02 0.0
4.39866995e-01 1.17425364e-02 0.0
4.44227029e-01 1.06599691e-02 0.0
4.48201908e-01 9.54649775e-03 0.0
4.51776912e-01 8.36293835e-03 0.0
4.54923511e-01 7.06463806e-03 0.0
4.57597200e-01 5.60053934e-03 0.0
4.59734944e-01 3.91192175e-03 0.0
4.61252225e-01 1.93129378e-03 0.0
4.62039634e-01 -4.19098645e-04 0.0
4.61958992e-01 -3.22875765e-03 0.0
4.60838886e-01 -6.60104137e-03 0.0
4.58469549e-01 -1.06557126e-02 0.0
4.54596844e-01 -1.55328312e-02 0.0
4.48915107e-01 -2.13982990e-02 0.0
4.41058350e-01 -2.84526533e-02 0.0
4.30589287e-01 -3.69445383e-02 0.0
4.16985447e-01 -4.71920289e-02 0.0
3.99622051e-01 -5.96155132e-02 0.0
3.77752520e-01 -7.47879842e-02 0.0
3.50491750e-01 -9.35085256e-02 0.0
3.16817669e-01 -1.16902082e-01 0.0
2.75631355e-01 -1.46531942e-01 0.0
2.25966113e-01 -1.84461434e-01 0.0
1.67521578e-01 -2.33069296e-01 0.0
1.01789873e-01 -2.94132814e-01 0.0
3.39669596e-02 -3.66181065e-01 0.0
-2.48816375e-02 -4.38594383e-01 0.0
-5.80760961e-02 -4.81540006e-01 0.0
-5.20901071e-02 -4.35724274e-01 0.0
-1.91387945e-02 -2.19256325e-01 0.0
-2.03569190e-02 1.47099622e-01 0.0
-5.72868554e-02 2.69606364e-01 0.0
-7.49414471e-02 2.92310227e-01 0.0
-6.42928860e-02 2.72078110e-01 0.0
-3.33001348e-02 2.38410618e-01 0.0
8.57776551e-03 2.03941558e-01 0.0
5.45417761e-02 1.73155823e-01 0.0
1.00529915e-01 1.47075752e-01 0.0
1.44395507e-01 1.25426243e-01 0.0
1.85155000e-01 1.07549776e-01 0.0
2.22477707e-01 9.27599073e-02 0.0
2.56377190e-01 8.04578860e-02 0.0
2.87035340e-01 7.01560646e-02 0.0
3.14706032e-01 6.14683335e-02 0.0
3.39664149e-01 5.40920293e-02 0.0
3.62179846e-01 4.77899083e-02 0.0
3.82506459e-01 4.23751808e-02 0.0
4.00875722e-01 3.76996119e-02 0.0
4.17496712e-01 3.36446094e-02 0.0
4.32556667e-01 3.01143392e-02 0.0
4.46222603e-01 2.70307163e-02 0.0
4.58643234e-01 2.43294365e-02 0.0
4.69950881e-01 2.19571374e-02 0.0
4.80263269e-01 1.98690165e-02 0.0
4.89685116e-01 1.80271687e-02 0.0
4.98309532e-01 1.63990615e-02 0.0
5.06219183e-01 1.49565136e-02 0.0
5.13487270e-01 1.36746325e-02 0.0
5.20178280e-01 1.25311375e-02 0.0
5.26348563e-01 1.15055385e-02 0.0
5.32046702e-01 1.05786315e-02 0.0
5.37313693e-01 9.73178549e-03 0.0
5.42182918e-01 8.94650415e-03 0.0
5.46679911e-01 8.20373798e-03 0.0
5.50821900e-01 7.48344416e-03 0.0
5.54617104e-01 6.76387372e-03 0.0
5.58063780e-01 6.02108878e-03 0.0
5.61148976e-01 5.22819711e-03 0.0
5.63847000e-01 4.35480500e-03 0.0
5.66117548e-01 3.36618340e-03 0.0
5.67903496e-01 2.22263386e-03 0.0
5.69128295e-01 8.78548345e-04 0.0
5.69692971e-01 -7.18392324e-04 0.0
5.69472613e-01 -2.62842041e-03 0.0
5.68312326e-01 -4.92094279e-03 0.0
5.66022414e-01 -7.67652154e-03 0.0
5.62372622e-01 -1.09894849e-02 0.0
5.57084924e-01 -1.49721719e-02 0.0
5.49824279e-01 -1.97613412e-02 0.0
5.40186198e-01 -2.55286719e-02 0.0
5.27679631e-01 -3.24974560e-02 0.0
5.11702811e-01 -4.09698380e-02 0.0
4.91509306e-01 -5.13705953e-02 0.0
4.66161660e-01 -6.43174706e-02 0.0
4.34473873e-01 -8.07312438e-02 0.0
3.94957615e-01 -1.02000184e-01 0.0
3.45827723e-01 -1.30198039e-01 0.0
2.85223949e-01 -1.68284364e-01 0.0
2.12018171e-01 -2.19980249e-01 0.0
1.27881160e-01 -2.88373692e-01 0.0
4.12565823e-02 -3.70928571e-01 0.0
-2.80643781e-02 -4.46690390e-01 0.0
-5.20263616e-02 -4.52597890e-01 0.0
-2.44826297e-02 -2.62663596e-01 0.0
-2.73959215e-02 1.95082725e-01 0.0
-5.95092845e-02 2.90896827e-01 0.0
-4.52691858e-02 2.74434262e-01 0.0
4.33110162e-03 2.29705234e-01 0.0
6.87532280e-02 1.85368624e-01 0.0
1.35143076e-01 1.48715814e-01 0.0
1.97467245e-01 1.20093399e-01 0.0
2.53550934e-01 9.80663631e-02 0.0
3.03060477e-01 8.10605119e-02 0.0
3.46429483e-01 6.77870258e-02 0.0
3.84346627e-01 5.72828243e-02 0.0
4.17530966e-01 4.88511694e-02 0.0
4.46643988e-01 4.19916308e-02 0.0
4.72263048e-01 3.63430405e-02 0.0
4.94880556e-01 3.16417222e-02 0.0
5.14912637e-01 2.76924650e-02 0.0
5.32710256e-01 2.43484201e-02 0.0
5.48569927e-01 2.14974694e-02 0.0
5.62743077e-01 1.90526430e-02 0.0
5.75443850e-01 1.69456099e-02 0.0
5.86855508e-01 1.51218846e-02 0.0
5.97135601e-01 1.35375789e-02 0.0
6.06420159e-01 1.21568253e-02 0.0
6.14827062e-01 1.09500751e-02 0.0
6.22458770e-01 9.89259160e-03 0.0
6.29404514e-01 8.96351615e-03 0.0
6.35742061e-01 8.14489867e-03 0.0
6.41539102e-01 7.42115858e-03 0.0
6.46854352e-01 6.77839113e-03 0.0
6.51738362e-01 6.20403160e-03 0.0
6.56234102e-01 5.68629818e-03 0.0
6.60377317e-01 5.21395335e-03 0.0
6.64196663e-01 4.77580461e-03 0.0
6.67713648e-01 4.36050017e-03 0.0
6.70942339e-01 3.95604173e-03 0.0
6.73888873e-01 3.54957733e-03 0.0
6.76550721e-01 3.12690097e-03 0.0
6.78915726e-01 2.67222258e-03 0.0
6.80960877e-01 2.16764266e-03 0.0
6.82650824e-01 1.59288749e-03 0.0
6.83936097e-01 9.24747000e-04 0.0
6.84751019e-01 1.36749672e-04 0.0
6.85011270e-01 -8.01484456e-04 0.0
6.84611061e-01 -1.92472789e-03 0.0
6.83419806e-01 -3.27305827e-03 0.0
6.81278169e-01 -4.89282685e-03 0.0
6.77993208e-01 -6.83839405e-03 0.0
6.73332198e-01 -9.17452537e-03 0.0
6.67014404e-01 -1.19805192e-02 0.0
6.58699660e-01 -1.53566428e-02 0.0
6.47971781e-01 -1.94350127e-02 0.0
6.34313768e-01 -2.43974243e-02 0.0
6.17069814e-01 -3.05055263e-02 0.0
5.95386600e-01 -3.81516598e-02 0.0
5.68123079e-01 -4.79457254e-02 0.0
5.33716650e-01 -6.08629990e-02 0.0
4.90003316e-01 -7.84919817e-02 0.0
4.34042271e-01 -1.03425587e-01 0.0
3.62182921e-01 -1.39773885e-01 0.0
2.71140885e-01 -1.93400999e-01 0.0
1.61919131e-01 -2.70054923e-01 0.0
4.90467394e-02 -3.65370680e-01 0.0
-2.83391605e-02 -4.32569711e-01 0.0
-2.57142207e-02 -3.12647256e-01 0.0
-1.67855209e-02 2.39494669e-01 0.0
2.03321489e-03 2.60010011e-01 0.0
9.05852827e-02 2.02528915e-01 0.0
1.94728492e-01 1.47867088e-01 0.0
2.89692204e-01 1.07820940e-01 0.0
3.69406094e-01 8.01597671e-02 0.0
4.34613840e-01 6.11175416e-02 0.0
4.87795707e-01 4.77766743e-02 0.0
5.31447332e-01 3.81890451e-02 0.0
5.67628727e-01 3.11081040e-02 0.0
5.97932848e-01 2.57404948e-02 0.0
6.23566629e-01 2.15753933e-02 0.0
6.45443752e-01 1.82772789e-02 0.0
6.64261718e-01 1.56203829e-02 0.0
6.80559693e-01 1.34489157e-02 0.0
6.94760301e-01 1.16526014e-02 0.0
7.07199445e-01 1.01515417e-02 0.0
7.18147629e-01 8.88651445e-03 0.0
7.27825312e-01 7.81278798e-03 0.0
7.36414115e-01 6.89591161e-03 0.0
7.44065088e-01 6.10897583e-03 0.0
7.50904914e-01 5.43059290e-03 0.0
7.57040601e-01 4.84359126e-03 0.0
7.62563093e-01 4.33394026e-03 0.0
7.67550048e-01 3.89009059e-03 0.0
7.72068011e-01 3.50233648e-03 0.0
7.76174103e-01 3.16246750e-03 0.0
7.79917334e-01 2.86334450e-03 0.0
7.83339610e-01 2.59870800e-03 0.0
7.86476482e-01 2.36286048e-03 0.0
7.89357687e-01 2.15055301e-03 0.0
7.92007482e-01 1.95671798e-03 0.0
7.94444812e-01 1.77639105e-03 0.0
7.96683307e-01 1.60446366e-03 0.0
7.98731106e-01 1.43561586e-03 0.0
8.00590532e-01 1.26407191e-03 0.0
8.02257587e-01 1.08353078e-03 0.0
8.03721286e-01 8.86917270e-04 0.0
8.04962807e-01 6.66303853e-04 0.0
8.05954458e-01 4.12654044e-04 0.0
8.06658463e-01 1.15729626e-04 0.0
8.07025517e-01 -2.36183182e-04 0.0
8.06993143e-01 -6.56403947e-04 0.0
8.06483762e-01 -1.16019272e-03 0.0
8.05402450e-01 -1.76500237e-03 0.0
8.03634251e-01 -2.49102378e-03 0.0
8.01040858e-01 -3.36182117e-03 0.0
7.97456320e-01 -4.40552769e-03 0.0
7.92681220e-01 -5.65660376e-03 0.0
7.86474349e-01 -7.15892373e-03 0.0
7.78540278e-01 -8.97076399e-03 0.0
7.68510053e-01 -1.11734167e-02 0.0
7.55910329e-01 -1.38858390e-02 0.0
7.40112695e-01 -1.72904844e-02 0.0
7.20248845e-01 -2.16795164e-02 0.0
6.95066226e-01 -2.75401468e-02 0.0
6.62680971e-01 -3.57162344e-02 0.0
6.20162032e-01 -4.77213393e-02 0.0
5.62886874e-01 -6.63436171e-02 0.0
4.83828075e-01 -9.67304233e-02 0.0
3.74071324e-01 -1.47746989e-01 0.0
2.29646601e-01 -2.30381492e-01 0.0
7.57294892e-02 -3.36255885e-01 0.0
1.25247337e-03 -3.36896530e-01 0.0
1.18173189e-01 1.28197758e-01 0.0
3.39688467e-01 1.12202879e-01 0.0
5.11953146e-01 7.47905501e-02 0.0
6.25459791e-01 4.83358486e-02 0.0
6.99622883e-01 3.20263101e-02 0.0
7.49654999e-01 2.21071005e-02 0.0
7.84875817e-01 1.59276817e-02 0.0
8.10731759e-01 1.19284954e-02 0.0
8.30423983e-01 9.22855341e-03 0.0
8.45884512e-01 7.32932717e-03 0.0
8.58321874e-01 5.94291366e-03 0.0
8.68522254e-01 4.89814343e-03 0.0
8.77017424e-01 4.08963413e-03 0.0
8.84180400e-01 3.45021773e-03 0.0
8.90281518e-01 2.93544709e-03 0.0
8.95522326e-01 2.51501174e-03 0.0
9.00056779e-01 2.16749150e-03 0.0
9.04004911e-01 1.87744950e-03 0.0
9.07461953e-01 1.63336424e-03 0.0
9.10504569e-01 1.42658923e-03 0.0
9.13195253e-01 1.25037239e-03 0.0
9.15585484e-01 1.09950429e-03 0.0
9.17718047e-01 9.69748655e-04 0.0
9.19628761e-01 8.57776629e-04 0.0
9.21347782e-01 7.60766652e-04 0.0
9.22900595e-01 6.76471044e-04 0.0
9.24308776e-01 6.02890182e-04 0.0
9.25590566e-01 5.38405729e-04 0.0
9.26761307e-01 4.81488240e-04 0.0
9.27833759e-01 4.30865481e-04 0.0
9.28818317e-01 3.85244734e-04 0.0
9.29723146e-01 3.43499121e-04 0.0
9.30554232e-01 3.04395794e-04 0.0
9.31315369e-01 2.66790074e-04 0.0
9.32008067e-01 2.29355775e-04 0.0
9.32631402e-01 1.90780738e-04 0.0
9.33181786e-01 1.49498554e-04 0.0
9.33652682e-01 1.03881477e-04 0.0
9.34034242e-01 5.19746342e-05 0.0
9.34312873e-01 -8.31650408e-06 0.0
9.34470742e-01 -7.94882300e-05 0.0
9.34485199e-01 -1.64260881e-04 0.0
9.34328118e-01 -2.65840298e-04 0.0
9.33965156e-01 -3.87762646e-04 0.0
9.33354881e-01 -5.34173759e-04 0.0
9.32447745e-01 -7.09735531e-04 0.0
9.31184805e-01 -9.19985553e-04 0.0
9.29496046e-01 -1.17141604e-03 0.0
9.27298060e-01 -1.47209526e-03 0.0
9.24490637e-01 -1.83222984e-03 0.0
9.20951541e-01 -2.26557422e-03 0.0
9.16528187e-01 -2.79140083e-03 0.0
9.11023935e-01 -3.43836069e-03 0.0
9.04174874e-01 -4.25098196e-03 0.0
8.95609183e-01 -5.30209013e-03 0.0
8.84773336e-01 -6.71643001e-03 0.0
8.70791981e-01 -8.71913000e-03 0.0
8.52187108e-01 -1.17401861e-02 0.0
8.26280038e-01 -1.66547107e-02 0.0
7.87848023e-01 -2.53529090e-02 0.0
7.26090484e-01 -4.20074202e-02 0.0
6.18799859e-01 -7.48444588e-02 0.0
4.29160879e-01 -1.31515672e-01 0.0
1.54136225e-01 -1.67768985e-01 0.0
SCALARS velocity_magnitude double 1
LOOKUP_TABLE default
1.67729312e-04
2.84140705e-04
2.46754988e-04
1.99915495e-04
1.99108569e-04
3.04231571e-04
4.87726492e-04
7.17067628e-04
9.76798293e-04
1.25762968e-03
1.55271470e-03
1.85661599e-03
2.16490004e-03
2.47394190e-03
2.78076458e-03
3.08292675e-03
3.37840647e-03
3.66551755e-03
3.94282205e-03
4.20907197e-03
4.46314817e-03
4.70402528e-03
4.93073309e-03
5.14234020e-03
5.33793242e-03
5.51660986e-03
5.67747700e-03
5.81964839e-03
5.94224620e-03
6.04441114e-03
6.12530465e-03
6.18412308e-03
6.22010308e-03
6.23253822e-03
6.22078718e-03
6.18429291e-03
6.12259395e-03
6.03534667e-03
5.92234063e-03
5.78352478e-03
5.61902776e-03
5.42918899e-03
5.21458451e-03
4.97606329e-03
4.71477855e-03
4.43222835e-03
4.13029081e-03
3.81126641e-03
3.47791366e-03
3.13348865e-03
2.78177578e-03
2.42711906e-03
2.07444233e-03
1.72926807e-03
1.39772637e-03
1.08657028e-03
8.03209041e-04
5.55848377e-04
3.54037497e-04
2.10818506e-04
1.45539868e-04
1.57576393e-04
2.10949952e-04
1.59342244e-04
2.25081931e-04
4.13077099e-04
4.36922320e-04
5.11739130e-04
7.56755418e-04
1.17040860e-03
1.71046462e-03
2.34588713e-03
3.05399256e-03
3.81630458e-03
4.61708960e-03
5.44284133e-03
6.28201622e-03
7.12481701e-03
7.96297382e-03
8.78952418e-03
9.59859469e-03
1.03851989e-02
1.11450520e-02
1.18744122e-02
1.25699447e-02
1.32286143e-02
1.38475989e-02
1.44242270e-02
1.49559324e-02
1.54402263e-02
1.58746819e-02
1.62569294e-02
1.65846613e-02
1.68556421e-02
1.70677265e-02
1.72188793e-02
1.73072019e-02
1.73309604e-02
1.72886200e-02
1.71788793e-02
1.70007143e-02
1.67534207e-02
1.64366677e-02
1.60505519e-02
1.55956628e-02
1.50731484e-02
1.44847951e-02
1.38331059e-02
1.31213913e-02
1.23538577e-02
1.15357049e-02
1.06732150e-02
9.77384510e-03
8.84630103e-03
7.90060564e-03
6.94813343e-03
6.00162262e-03
5.07513150e-03
4.18394167e-03
3.34436248e-03
2.57342433e-03
1.88842342e-03
1.30649225e-03
8.45212979e-04
5.28190150e-04
3.89402055e-04
3.89414725e-04
2.74764571e-04
1.70870339e-04
4.25494931e-04
6.55315695e-04
1.02924468e-03
1.58275189e-03
2.30645338e-03
3.17829726e-03
4.17436732e-03
5.27106208e-03
6.44587887e-03
7.67794177e-03
8.94834899e-03
1.02403184e-02
1.15391768e-02
1.28322306e-02
1.41085678e-02
1.53588226e-02
1.65749316e-02
1.77498990e-02
1.88775823e-02
1.99525059e-02
2.09697058e-02
2.19246039e-02
2.28129128e-02
2.36305655e-02
2.43736693e-02
2.50384777e-02
2.56213799e-02
2.61189020e-02
2.65277203e-02
2.68446824e-02
2.70668368e-02
2.71914673e-02
2.72161362e-02
2.71387294e-02
2.69575126e-02
2.66711880e-02
2.62789641e-02
2.57806276e-02
2.51766283e-02
2.44681680e-02
2.36573038e-02
2.27470537e-02
2.17415171e-02
2.06459946e-02
1.94671184e-02
1.82129757e-02
1.68932326e-02
1.55192399e-02
1.41041208e-02
1.26628192e-02
1.12121012e-02
9.77047750e-03
8.35802650e-03
6.99606422e-03
5.70660961e-03
4.51156421e-03
3.43156268e-03
2.48463497e-03
1.68560793e-03
1.04966645e-03
6.08698069e-04
4.12395181e-04
2.45486117e-04
1.62235186e-04
5.76337286e-04
1.10823057e-03
1.80183701e-03
2.66366272e-03
3.69198332e-03
4.87522254e-03
6.19541117e-03
7.63105934e-03
9.15925074e-03
1.07571447e-02
1.24029788e-02
1.40766681e-02
1.57600944e-02
1.74371715e-02
1.90937646e-02
2.07175160e-02
2.22976278e-02
2.38246258e-02
2.52901335e-02
2.66866618e-02
2.80074306e-02
2.92462180e-02
3.03972432e-02
3.14550775e-02
3.24145825e-02
3.32708719e-02
3.40192922e-02
3.46554211e-02
3.51750783e-02
3.55743497e-02
3.58496192e-02
3.59976119e-02
3.60154416e-02
3.59006710e-02
3.56513738e-02
3.52662112e-02
3.47445112e-02
3.40863626e-02
3.32927132e-02
3.23654843e-02
3.13076882e-02
3.01235617e-02
2.88187006e-02
2.74002053e-02
2.58768199e-02
2.42590732e-02
2.25593981e-02
2.07922328e-02
1.89740750e-02
1.71234843e-02
1.52609928e-02
1.34089060e-02
1.15909399e-02
9.83165415e-03
8.15562059e-03
6.58630582e-03
5.14473582e-03
3.84831491e-03
2.71082602e-03
1.74600469e-03
9.79780722e-04
4.79629674e-04
2.00925417e-04
2.31591815e-04
9.00676588e-04
1.75222591e-03
2.77042302e-03
3.94790803e-03
5.28163081e-03
6.76408757e-03
8.38218031e-03
1.01182022e-02
1.19514356e-02
1.38597366e-02
1.58208405e-02
1.78133001e-02
1.98170791e-02
2.18138633e-02
2.37871592e-02
2.57222502e-02
2.76060580e-02
2.94269601e-02
3.11745848e-02
3.28396149e-02
3.44136037e-02
3.58888205e-02
3.72581213e-02
3.85148502e-02
3.96527672e-02
4.06660009e-02
4.15490231e-02
4.22966417e-02
4.29040100e-02
4.33666485e-02
4.36804802e-02
4.38418742e-02
4.38477015e-02
4.36953968e-02
4.33830337e-02
4.29094048e-02
4.22741159e-02
4.14776860e-02
4.05216628e-02
3.94087416e-02
3.81429014e-02
3.67295402e-02
3.51756243e-02
3.34898288e-02
3.16826821e-02
2.97666874e-02
2.77564271e-02
2.56686196e-02
2.35221229e-02
2.13378500e-02
1.91385759e-02
1.69485946e-02
1.47931965e-02
1.26979280e-02
1.06876368e-02
8.78536168e-03
7.01130072e-03
5.38237980e-03
3.91341337e-03
2.62135840e-03
1.53474189e-03
7.13347821e-04
1.86045621e-04
3.76983172e-04
1.36877896e-03
2.56133375e-03
3.91631331e-03
5.41655896e-03
7.05532645e-03
8.82657832e-03
1.07211582e-02
1.27257747e-02
1.48234631e-02
1.69947011e-02
1.92186472e-02
2.14742240e-02
2.37409381e-02
2.59994227e-02
2.82317465e-02
3.04215322e-02
3.25539496e-02
3.46156179e-02
3.65944673e-02
3.84795755e-02
4.02610112e-02
4.19296855e-02
4.34772294e-02
4.48958905e-02
4.61784590e-02
4.73182141e-02
4.83088941e-02
4.91446850e-02
4.98202258e-02
5.03306299e-02
5.06715175e-02
5.08390627e-02
5.08300481e-02
5.06419337e-02
5.02729314e-02
4.97220956e-02
4.89894169e-02
4.80759341e-02
4.69838470e-02
4.57166476e-02
4.42792488e-02
4.26781279e-02
4.09214596e-02
3.90192547e-02
3.69834743e-02
3.48281292e-02
3.25693326e-02
3.02253043e-02
2.78162909e-02
2.53643910e-02
2.28932459e-02
2.04275815e-02
1.79925748e-02
1.56130602e-02
1.33126255e-02
1.11127591e-02
9.03235875e-03
7.08815042e-03
5.29676573e-03
3.67925126e-03
2.26845234e-03
1.12069471e-03
2.72667300e-04
5.80918875e-04
1.96075791e-03
3.52609247e-03
5.23417143e-03
7.06382566e-03
9.00612975e-03
1.10562208e-02
1.32085569e-02
1.54545438e-02
1.77818861e-02
2.01750080e-02
2.26159763e-02
2.50855396e-02
2.75640570e-02
3.00322265e-02
3.24715873e-02
3.48648262e-02
3.71959187e-02
3.94501585e-02
4.16141035e-02
4.36754829e-02
4.56230789e-02
4.74466107e-02
4.91366239e-02
5.06843990e-02
5.20818770e-02
5.33216072e-02
5.43967136e-02
5.53008809e-02
5.60283569e-02
5.65739702e-02
5.69331627e-02
5.71020329e-02
5.70773938e-02
5.68568386e-02
5.64388213e-02
5.58227426e-02
5.50090524e-02
5.39993534e-02
5.27965225e-02
5.14048289e-02
4.98300653e-02
4.80796698e-02
4.61628506e-02
4.40906883e-02
4.18762236e-02
3.95344995e-02
3.70825610e-02
3.45393764e-02
3.19256766e-02
2.92636765e-02
2.65766743e-02
2.38885084e-02
2.12228935e-02
1.86026736e-02
1.60491117e-02
1.35814093e-02
1.12167885e-02
8.97157092e-03
6.86370961e-03
4.91694524e-03
3.16618157e-03
1.66397665e-03
4.46990365e-04
8.32253504e-04
2.66358476e-03
4.63893419e-03
6.72013050e-03
8.88734465e-03
1.11323412e-02
1.34525059e-02
1.58462784e-02
1.83101327e-02
2.08371022e-02
2.34165159e-02
2.60344973e-02
2.86748188e-02
3.13198379e-02
3.39513361e-02
3.65511942e-02
3.91018725e-02
4.15867246e-02
4.39901624e-02
4.62977224e-02
4.84960534e-02
5.05728669e-02
5.25168599e-02
5.43176379e-02
5.59656370e-02
5.74520624e-02
5.87688377e-02
5.99085741e-02
6.08645534e-02
6.16307287e-02
6.22017397e-02
6.25729414e-02
6.27404473e-02
6.27011827e-02
6.24529534e-02
6.19945192e-02
6.13256853e-02
6.04473944e-02
5.93618353e-02
5.80725476e-02
5.65845400e-02
5.49043956e-02
5.30403828e-02
5.10025395e-02
4.88027466e-02
4.64547549e-02
4.39741746e-02
4.13783914e-02
3.86864112e-02
3.59186000e-02
3.30963244e-02
3.02414713e-02
2.73758771e-02
2.45206914e-02
2.16957694e-02
1.89192218e-02
1.62073392e-02
1.35751540e-02
1.10379391e-02
8.61380382e-03
6.32718116e-03
4.21239643e-03
2.31684402e-03
6.74086008e-04
1.12376708e-03
3.46614996e-03
5.89089971e-03
8.36844335e-03
1.08840974e-02
1.34331801e-02
1.60169631e-02
1.86387343e-02
2.13006228e-02
2.40016112e-02
2.67367137e-02
2.94970339e-02
3.22703714e-02
3.50420730e-02
3.77959288e-02
4.05149696e-02
4.31821188e-02
4.57806671e-02
4.82945991e-02
5.07087828e-02
5.30090699e-02
5.51823190e-02
5.72163838e-02
5.91000710e-02
6.08230946e-02
6.23760269e-02
6.37502603e-02
6.49379780e-02
6.59321395e-02
6.67264792e-02
6.73155190e-02
6.76945955e-02
6.78598982e-02
6.78085238e-02
6.75385361e-02
6.70490437e-02
6.63402790e-02
6.54136930e-02
6.42720466e-02
6.29195133e-02
6.13617697e-02
5.96060894e-02
5.76614105e-02
5.55383919e-02
5.32494227e-02
5.08085984e-02
4.82316251e-02
4.55356613e-02
4.27390633e-02
3.98610465e-02
3.69212429e-02
3.39391865e-02
3.09337453e-02
2.79225812e-02
2.49217260e-02
2.19454306e-02
1.90064593e-02
1.61170273e-02
1.32905186e-02
1.05439464e-02
7.90072815e-03
5.39288653e-03
3.06225963e-03
9.38613914e-04
1.45008163e-03
4.35842937e-03
7.27208390e-03
1.01714890e-02
1.30494086e-02
1.59069873e-02
1.87510425e-02
2.15907907e-02
2.44347634e-02
2.72885471e-02
3.01535390e-02
3.30266153e-02
3.59004555e-02
3.87642694e-02
4.16046825e-02
4.44066322e-02
4.71541537e-02
4.98310259e-02
5.24212490e-02
5.49093855e-02
5.72807703e-02
5.95216377e-02
6.16191735e-02
6.35615317e-02
6.53378192e-02
6.69380751e-02
6.83532435e-02
6.95751538e-02
7.05965084e-02
7.14108815e-02
7.20127307e-02
7.23974203e-02
7.25612590e-02
7.25015459e-02
7.22166327e-02
7.17059888e-02
7.09702819e-02
7.00114554e-02
6.88328165e-02
6.74391116e-02
6.58366053e-02
6.40331312e-02
6.20381317e-02
5.98626513e-02
5.75192963e-02
5.50221251e-02
5.23864803e-02
4.96287292e-02
4.67659299e-02
4.38154020e-02
4.07942381e-02
3.77187686e-02
3.46040525e-02
3.14634622e-02
2.83084871e-02
2.51488774e-02
2.19932744e-02
1.88504271e-02
1.57310238e-02
1.26499565e-02
9.62851770e-03
6.69568455e-03
3.88829681e-03
1.23306818e-03
1.80697846e-03
5.33161336e-03
8.77265257e-03
1.21207449e-02
1.53773054e-02
1.85508946e-02
2.16552821e-02
2.47066828e-02
2.77208330e-02
3.07105914e-02
3.36843956e-02
3.66455896e-02
3.95924837e-02
4.25189135e-02
4.54150930e-02
4.82685551e-02
5.10650672e-02
5.37894188e-02
5.64260689e-02
5.89596263e-02
6.13752000e-02
6.36586231e-02
6.57965977e-02
6.77767653e-02
6.95877437e-02
7.12191306e-02
7.26615000e-02
7.39063913e-02
7.49463040e-02
7.57746980e-02
7.63860041e-02
7.67756467e-02
7.69400751e-02
7.68768101e-02
7.65844949e-02
7.60629612e-02
7.53132924e-02
7.43378986e-02
7.31405783e-02
7.17265833e-02
7.01026562e-02
6.82770558e-02
6.62595355e-02
6.40612894e-02
6.16948279e-02
5.91737975e-02
5.65127106e-02
5.37266045e-02
5.08306090e-02
4.78394599e-02
4.47669652e-02
4.16254962e-02
3.84255548e-02
3.51755296e-02
3.18817322e-02
2.85488392e-02
2.51808135e-02
2.17823535e-02
1.83607908e-02
1.49282012e-02
1.15032007e-02
8.11170545e-03
4.78664617e-03
1.55307512e-03
2.19114527e-03
6.37826603e-03
1.03836376e-02
1.42077831e-02
1.78613005e-02
2.13611891e-02
2.47292538e-02
2.79896481e-02
3.11660760e-02
3.42793177e-02
3.73454558e-02
4.03749282e-02
4.33723264e-02
4.63367932e-02
4.92627955e-02
5.21411016e-02
5.49597805e-02
5.77051405e-02
6.03625193e-02
6.29169294e-02
6.53535344e-02
6.76580004e-02
6.98167230e-02
7.18169803e-02
7.36470124e-02
7.52960694e-02
7.67544266e-02
7.80133927e-02
7.90653097e-02
7.99035593e-02
8.05225730e-02
8.09178522e-02
8.10859994e-02
8.10247555e-02
8.07330514e-02
8.02110580e-02
7.94602481e-02
7.84834465e-02
7.72848828e-02
7.58702182e-02
7.42465600e-02
7.24224292e-02
7.04076964e-02
6.82134451e-02
6.58517821e-02
6.33355536e-02
6.06779945e-02
5.78922811e-02
5.49910313e-02
5.19857501e-02
4.88862949e-02
4.57003979e-02
4.24333566e-02
3.90879643e-02
3.56648036e-02
3.21629626e-02
2.85812362e-02
2.49197735e-02
2.11820600e-02
1.73769446e-02
1.35202266e-02
9.63517508e-03
5.75213332e-03
1.89608839e-03
2.60003889e-03
7.49239575e-03
1.20974160e-02
1.64250198e-02
2.04951594e-02
2.43339062e-02
2.79719007e-02
3.14420093e-02
3.47765853e-02
3.80049201e-02
4.11512941e-02
4.42337818e-02
4.72638298e-02
5.02464706e-02
5.31810219e-02
5.60620522e-02
5.88804679e-02
6.16245618e-02
6.42809655e-02
6.68354322e-02
6.92734694e-02
7.15807999e-02
7.37437031e-02
7.57492352e-02
7.75853789e-02
7.92411249e-02
8.07065236e-02
8.19727057e-02
8.30318985e-02
8.38774340e-02
8.45037630e-02
8.49064743e-02
8.50823208e-02
8.50292570e-02
8.47464771e-02
8.42344643e-02
8.34950304e-02
8.25313595e-02
8.13480255e-02
7.99510010e-02
7.83476173e-02
7.65464954e-02
7.45574030e-02
7.23910597e-02
7.00588437e-02
6.75724317e-02
6.49433356e-02
6.21823816e-02
5.92991233e-02
5.63012621e-02
5.31941031e-02
4.99801564e-02
4.66589459e-02
4.32271487e-02
3.96791258e-02
3.60079214e-02
3.22067167e-02
2.82706893e-02
2.41991054e-02
1.99973692e-02
1.56785546e-02
1.12639062e-02
6.78253558e-03
2.26098224e-03
3.03179205e-03
8.66943176e-03
1.39079435e-02
1.87661862e-02
2.32734891e-02
2.74654025e-02
3.13819969e-02
3.50654863e-02
3.85574584e-02
4.18962445e-02
4.51148006e-02
4.82393153e-02
5.12885669e-02
5.42739856e-02
5.72002434e-02
6.00662198e-02
6.28661284e-02
6.55906903e-02
6.82282083e-02
7.07655151e-02
7.31887326e-02
7.54838766e-02
7.76372898e-02
7.96359621e-02
8.14677325e-02
8.31214297e-02
8.45869475e-02
8.58552958e-02
8.69186240e-02
8.77702408e-02
8.84046298e-02
8.88174684e-02
8.90056541e-02
8.89673322e-02
8.87019340e-02
8.82102071e-02
8.74942506e-02
8.65575277e-02
8.54048701e-02
8.40424363e-02
8.24776431e-02
8.07190226e-02
7.87760289e-02
7.66587435e-02
7.43775122e-02
7.19424699e-02
6.93630019e-02
6.66471210e-02
6.38008365e-02
6.08275301e-02
5.77274512e-02
5.44973802e-02
5.11305942e-02
4.76171910e-02
4.39448758e-02
4.01002131e-02
3.60703473e-02
3.18450766e-02
2.74191232e-02
2.27942933e-02
1.79811113e-02
1.29994567e-02
7.87849614e-03
2.64786401e-03
3.48513373e-03
9.90615572e-03
1.58108201e-02
2.12265720e-02
2.61921179e-02
3.07527921e-02
3.49585768e-02
3.88615650e-02
4.25130940e-02
4.59609918e-02
4.92473137e-02
5.24067528e-02
5.54658266e-02
5.84427693e-02
6.13480433e-02
6.41852610e-02
6.69523716e-02
6.96429084e-02
7.22472111e-02
7.47534967e-02
7.71487797e-02
7.94195870e-02
8.15525202e-02
8.35346480e-02
8.53537947e-02
8.69987182e-02
8.84592349e-02
8.97262856e-02
9.07919828e-02
9.16496349e-02
9.22937687e-02
9.27201494e-02
9.29258022e-02
9.29090404e-02
9.26694887e-02
9.22081116e-02
9.15272215e-02
9.06304823e-02
8.95228697e-02
8.82106076e-02
8.67010324e-02
8.50024085e-02
8.31236425e-02
8.10739266e-02
7.88622623e-02
7.64969134e-02
7.39847546e-02
7.13305937e-02
6.85364677e-02
6.56010236e-02
6.25190246e-02
5.92811185e-02
5.58739248e-02
5.22805672e-02
4.84816739e-02
4.44568978e-02
4.01868832e-02
3.56556030e-02
3.08528538e-02
2.57766486e-02
2.04350782e-02
1.48472380e-02
9.04349121e-03
3.05801142e-03
3.95932137e-03
1.12005942e-02
1.78032482e-02
2.38030952e-02
2.92482797e-02
3.41942203e-02
3.87012490e-02
4.28318271e-02
4.66475006e-02
5.02060102e-02
5.35588632e-02
5.67495935e-02
5.98127694e-02
6.27737677e-02
6.56491763e-02
6.84477066e-02
7.11713894e-02
7.38169265e-02
7.63770064e-02
7.88415334e-02
8.11986619e-02
8.34356620e-02
8.55395718e-02
8.74977033e-02
8.92979850e-02
9.09292118e-02
9.23811957e-02
9.36448710e-02
9.47123510e-02
9.55769697e-02
9.62333060e-02
9.66772070e-02
9.69058092e-02
9.69175582e-02
9.67122304e-02
9.62909399e-02
9.56561414e-02
9.48115959e-02
9.37623155e-02
9.25144405e-02
9.10750719e-02
8.94520028e-02
8.76533807e-02
8.56872440e-02
8.35609806e-02
8.12806649e-02
7.88503480e-02
7.62712859e-02
7.35412165e-02
7.06537082e-02
6.75977230e-02
6.43574429e-02
6.09125065e-02
5.72386928e-02
5.33091489e-02
4.90961304e-02
4.45732480e-02
3.97180746e-02
3.45149627e-02
2.89577642e-02
2.30520796e-02
1.68166049e-02
1.02838485e-02
3.49384298e-03
4.45407912e-03
1.25519036e-02
1.98839218e-02
2.64942483e-02
3.24406412e-02
3.77889658e-02
4.26103732e-02
4.69781729e-02
5.09645669e-02
5.46375768e-02
5.80584786e-02
6.12799025e-02
6.43447226e-02
6.72856963e-02
7.01258122e-02
7.28791508e-02
7.55521303e-02
7.81449034e-02
8.06528060e-02
8.30676853e-02
8.53790910e-02
8.75752402e-02
8.96438052e-02
9.15724890e-02
9.33494644e-02
9.49636618e-02
9.64049784e-02
9.76643999e-02
9.87340875e-02
9.96074244e-02
1.00279052e-01
1.00744894e-01
1.01002174e-01
1.01049436e-01
1.00886551e-01
1.00514720e-01
9.99364447e-02
9.91554873e-02
9.81767601e-02
9.70061822e-02
9.56504367e-02
9.41166623e-02
9.24120168e-02
9.05431593e-02
8.85155959e-02
8.63329603e-02
8.39961996e-02
8.15027702e-02
7.88458490e-02
7.60137036e-02
7.29892555e-02
6.97499995e-02
6.62683171e-02
6.25123244e-02
5.84472517e-02
5.40374203e-02
4.92487304e-02
4.40516050e-02
3.84241795e-02
3.23554999e-02
2.58483017e-02
1.89209683e-02
1.16088285e-02
3.95895975e-03
4.96954498e-03
1.39602430e-02
2.20528712e-02
2.92999503e-02
3.57691905e-02
4.15373966e-02
4.66870816e-02
5.13029285e-02
5.54682320e-02
5.92616496e-02
6.27544791e-02
6.60086587e-02
6.90755308e-02
7.19954177e-02
7.47978839e-02
7.75026044e-02
8.01206035e-02
8.26557456e-02
8.51062492e-02
8.74661615e-02
8.97266422e-02
9.18770768e-02
9.39059439e-02
9.58015095e-02
9.75523157e-02
9.91475487e-02
1.00577273e-01
1.01832598e-01
1.02905777e-01
1.03790273e-01
1.04480800e-01
1.04973350e-01
1.05265213e-01
1.05354987e-01
1.05242583e-01
1.04929207e-01
1.04417321e-01
1.03710563e-01
1.02813620e-01
1.01732025e-01
1.00471877e-01
9.90394517e-02
9.74407216e-02
9.56807300e-02
9.37628916e-02
9.16881650e-02
8.94542043e-02
8.70544684e-02
8.44774330e-02
8.17059169e-02
7.87166932e-02
7.54804165e-02
7.19620333e-02
6.81216921e-02
6.39162791e-02
5.93015432e-02
5.42348544e-02
4.86784685e-02
4.26032024e-02
3.59922203e-02
2.88445645e-02
2.11779303e-02
1.30307755e-02
4.45821492e-03
5.50622759e-03
1.54266551e-02
2.43112759e-02
3.22213199e-02
3.92350117e-02
4.54407736e-02
5.09331615e-02
5.58088109e-02
6.01625690e-02
6.40840381e-02
6.76547557e-02
7.09460916e-02
7.40179703e-02
7.69183645e-02
7.96835490e-02
8.23389268e-02
8.49003242e-02
8.73755044e-02
8.97658025e-02
9.20676702e-02
9.42741079e-02
9.63758560e-02
9.83623974e-02
1.00222710e-01
1.01945857e-01
1.03521388e-01
1.04939635e-01
1.06191901e-01
1.07270586e-01
1.08169262e-01
1.08882728e-01
1.09407040e-01
1.09739526e-01
1.09878797e-01
1.09824736e-01
1.09578476e-01
1.09142329e-01
1.08519693e-01
1.07714878e-01
1.06732872e-01
1.05579001e-01
1.04258495e-01
1.02775920e-01
1.01134518e-01
9.93353987e-02
9.73766905e-02
9.52525925e-02
9.29524810e-02
9.04600496e-02
8.77526582e-02
8.48009008e-02
8.15685763e-02
7.80130780e-02
7.40863693e-02
6.97365448e-02
6.49100985e-02
5.95548567e-02
5.36236120e-02
4.70783059e-02
3.98945890e-02
3.20663110e-02
2.36094508e-02
1.45653452e-02
4.99785862e-03
6.06497664e-03
1.69529477e-02
2.66612450e-02
3.52603697e-02
4.28399297e-02
4.95009185e-02
5.53507827e-02
6.04987804e-02
6.50517547e-02
6.91105294e-02
7.27670025e-02
7.61020421e-02
7.91841637e-02
8.20690357e-02
8.47996858e-02
8.74073617e-02
8.99128123e-02
9.23278898e-02
9.46572216e-02
9.68998876e-02
9.90509168e-02
1.01102620e-01
1.03045651e-01
1.04869881e-01
1.06565026e-01
1.08121130e-01
1.09528887e-01
1.10779876e-01
1.11866695e-01
1.12783065e-01
1.13523883e-01
1.14085261e-01
1.14464540e-01
1.14660295e-01
1.14672316e-01
1.14501566e-01
1.14150103e-01
1.13620944e-01
1.12917875e-01
1.12045158e-01
1.11007166e-01
1.09807873e-01
1.08450256e-01
1.06935542e-01
1.05262390e-01
1.03425940e-01
1.01416867e-01
9.92204126e-02
9.68155347e-02
9.41741893e-02
9.12609146e-02
8.80327239e-02
8.44394934e-02
8.04248496e-02
7.59277341e-02
7.08846505e-02
6.52327487e-02
5.89137237e-02
5.18785834e-02
4.40930766e-02
3.55434640e-02
2.62419968e-02
1.62318063e-02
5.58572561e-03
6.64697530e-03
1.85415904e-02
2.91055576e-02
3.84195910e-02
4.65860127e-02
5.37197059e-02
5.99420869e-02
6.53757598e-02
7.01399823e-02
7.43469559e-02
7.80989680e-02
8.14863164e-02
8.45860595e-02
8.74615081e-02
9.01624738e-02
9.27260954e-02
9.51781812e-02
9.75348086e-02
9.98041027e-02
1.01987952e-01
1.04083637e-01
1.06085220e-01
1.07984732e-01
1.09773089e-01
1.11440823e-01
1.12978590e-01
1.14377562e-01
1.15629667e-01
1.16727769e-01
1.17665771e-01
1.18438687e-01
1.19042679e-01
1.19475073e-01
1.19734357e-01
1.19820153e-01
1.19733164e-01
1.19475064e-01
1.19048353e-01
1.18456118e-01
1.17701722e-01
1.16788373e-01
1.15718598e-01
1.14493563e-01
1.13112318e-01
1.11570888e-01
1.09861339e-01
1.07970752e-01
1.05880278e-01
1.03564220e-01
1.00989324e-01
9.81142735e-02
9.48895484e-02
9.12576604e-02
8.71539445e-02
8.25079266e-02
7.72454846e-02
7.12918629e-02
6.45757764e-02
5.70346492e-02
4.86210511e-02
3.93100064e-02
2.91066231e-02
1.80534027e-02
6.23151884e-03
7.25376504e-03
2.01956150e-02
3.16473208e-02
4.17013805e-02
5.04748559e-02
5.80983652e-02
6.47086051e-02
7.04422760e-02
7.54313175e-02
7.97993006e-02
8.36587227e-02
8.71091300e-02
9.02359441e-02
9.31100450e-02
9.57879928e-02
9.83128990e-02
1.00715728e-01
1.03016971e-01
1.05228423e-01
1.07355012e-01
1.09396464e-01
1.11348820e-01
1.13205660e-01
1.14959141e-01
1.16600751e-01
1.18121905e-01
1.19514350e-01
1.20770460e-01
1.21883423e-01
1.22847369e-01
1.23657446e-01
1.24309860e-01
1.24801893e-01
1.25131894e-01
1.25299241e-01
1.25304265e-01
1.25148137e-01
1.24832673e-01
1.24360094e-01
1.23732651e-01
1.22952189e-01
1.22019549e-01
1.20933894e-01
1.19691876e-01
1.18286754e-01
1.16707388e-01
1.14937262e-01
1.12953466e-01
1.10725826e-01
1.08216107e-01
1.05377498e-01
1.02154305e-01
9.84820688e-02
9.42880676e-02
8.94924352e-02
8.40099596e-02
7.77528791e-02
7.06348685e-02
6.25766196e-02
5.35131770e-02
4.34030884e-02
3.22388293e-02
2.00577452e-02
6.94716844e-03
7.88732976e-03
2.19185161e-02
3.42894798e-02
4.51071814e-02
5.45065642e-02
6.26365091e-02
6.96505337e-02
7.57000342e-02
8.09296219e-02
8.54738767e-02
8.94550880e-02
9.29816508e-02
9.61471086e-02
9.90297611e-02
1.01692934e-01
1.04185775e-01
1.06544592e-01
1.08794467e-01
1.10951119e-01
1.13022730e-01
1.15011729e-01
1.16916334e-01
1.18731904e-01
1.20452000e-01
1.22069244e-01
1.23575933e-01
1.24964517e-01
1.26227896e-01
1.27359656e-01
1.28354192e-01
1.29206808e-01
1.29913750e-01
1.30472226e-01
1.30880392e-01
1.31137293e-01
1.31242787e-01
1.31197391e-01
1.31002083e-01
1.30658008e-01
1.30166106e-01
1.29526603e-01
1.28738435e-01
1.27798498e-01
1.26700855e-01
1.25435785e-01
1.23988849e-01
1.22339854e-01
1.20461917e-01
1.18320526e-01
1.15872793e-01
1.13066807e-01
1.09841260e-01
1.06125288e-01
1.01838697e-01
9.68925822e-02
9.11906305e-02
8.46312797e-02
7.71112706e-02
6.85310553e-02
5.88027847e-02
4.78612710e-02
3.56779694e-02
2.22771516e-02
7.74733679e-03
8.55027561e-03
2.37141040e-02
3.70340063e-02
4.86361501e-02
5.86782509e-02
6.73308559e-02
7.47658700e-02
8.11495739e-02
8.66386327e-02
9.13777848e-02
9.54982869e-02
9.91168128e-02
1.02334665e-01
1.05237473e-01
1.07895356e-01
1.10363705e-01
1.12684383e-01
1.14887378e-01
1.16992594e-01
1.19011781e-01
1.20950314e-01
1.22808857e-01
1.24584746e-01
1.26273160e-01
1.27868003e-01
1.29362615e-01
1.30750245e-01
1.32024428e-01
1.33179202e-01
1.34209284e-01
1.35110146e-01
1.35878074e-01
1.36510174e-01
1.37004347e-01
1.37359227e-01
1.37574072e-01
1.37648608e-01
1.37582782e-01
1.37376468e-01
1.37029036e-01
1.36538858e-01
1.35902664e-01
1.35114836e-01
1.34166552e-01
1.33044917e-01
1.31731981e-01
1.30203808e-01
1.28429509e-01
1.26370404e-01
1.23979205e-01
1.21199391e-01
1.17964651e-01
1.14198548e-01
1.09814290e-01
1.04714840e-01
9.87933607e-02
9.19344483e-02
8.40165640e-02
7.49166026e-02
6.45176522e-02
5.27213431e-02
3.94657263e-02
2.47487707e-02
8.65007730e-03
9.24618504e-03
2.55861867e-02
3.98804433e-02
5.22829723e-02
6.29818678e-02
7.21735953e-02
8.00495890e-02
8.67901833e-02
9.25625037e-02
9.75198038e-02
1.01801070e-01
1.05530451e-01
1.08816685e-01
1.11752687e-01
1.14415610e-01
1.16867386e-01
1.19155864e-01
1.21316303e-01
1.23373213e-01
1.25342234e-01
1.27232027e-01
1.29045953e-01
1.30783584e-01
1.32441896e-01
1.34016270e-01
1.35501203e-01
1.36890882e-01
1.38179550e-01
1.39361781e-01
1.40432646e-01
1.41387816e-01
1.42223611e-01
1.42937006e-01
1.43525592e-01
1.43987500e-01
1.44321278e-01
1.44525691e-01
1.44599480e-01
1.44541002e-01
1.44347819e-01
1.44016133e-01
1.43540183e-01
1.42911482e-01
1.42118033e-01
1.41143427e-01
1.39965974e-01
1.38557761e-01
1.36883826e-01
1.34901307e-01
1.32558745e-01
1.29795381e-01
1.26540591e-01
1.22713265e-01
1.18221270e-01
1.12960834e-01
1.06816075e-01
9.96587835e-02
9.13491074e-02
8.17380486e-02
7.06735735e-02
5.80127274e-02
4.36428291e-02
2.75140968e-02
9.67776281e-03
9.98025161e-03
2.75377175e-02
4.28231000e-02
5.60342788e-02
6.74011329e-02
7.71505960e-02
8.54931948e-02
9.26205799e-02
9.87071568e-02
1.03912123e-01
1.08380473e-01
1.12242998e-01
1.15615643e-01
1.18598869e-01
1.21277311e-01
1.23720067e-01
1.25981541e-01
1.28102870e-01
1.30113643e-01
1.32033858e-01
1.33875798e-01
1.35645856e-01
1.37346059e-01
1.38975413e-01
1.40530914e-01
1.42008382e-01
1.43403030e-01
1.44709912e-01
1.45924191e-01
1.47041345e-01
1.48057265e-01
1.48968306e-01
1.49771285e-01
1.50463430e-01
1.51042289e-01
1.51505566e-01
1.51850924e-01
1.52075679e-01
1.52176454e-01
1.52148693e-01
1.51986137e-01
1.51680146e-01
1.51219014e-01
1.50587136e-01
1.49764224e-01
1.48724423e-01
1.47435538e-01
1.45858220e-01
1.43945300e-01
1.41641100e-01
1.38880880e-01
1.35590179e-01
1.31684160e-01
1.27066689e-01
1.21629194e-01
1.15249080e-01
1.07787903e-01
9.90894757e-02
8.89789831e-02
7.72649757e-02
6.37480908e-02
4.82423773e-02
3.06169904e-02
1.08583366e-02
1.07603331e-02
2.95684182e-02
4.58455560e-02
5.98628534e-02
7.19076499e-02
8.22400612e-02
9.10855707e-02
9.86411158e-02
1.05083165e-01
1.10573276e-01
1.15260559e-01
1.19281780e-01
1.22760327e-01
1.25804868e-01
1.28508462e-01
1.30948287e-01
1.33186230e-01
1.35270047e-01
1.37235091e-01
1.39106208e-01
1.40899754e-01
1.42625442e-01
1.44288046e-01
1.45888765e-01
1.47426398e-01
1.48898183e-01
1.50300483e-01
1.51629221e-01
1.52880227e-01
1.54049422e-01
1.55132943e-01
1.56127185e-01
1.57028790e-01
1.57834579e-01
1.58541428e-01
1.59146099e-01
1.59644978e-01
1.60033777e-01
1.60307111e-01
1.60458036e-01
1.60477449e-01
1.60353471e-01
1.60070692e-01
1.59609455e-01
1.58945037e-01
1.58046929e-01
1.56878078e-01
1.55394287e-01
1.53543592e-01
1.51265823e-01
1.48492077e-01
1.45144265e-01
1.41134383e-01
1.36363551e-01
1.30720392e-01
1.24078666e-01
1.16293718e-01
1.07197751e-01
9.65941380e-02
8.42524393e-02
6.99082152e-02
5.32768936e-02
3.40980732e-02
1.22269609e-02
1.15982932e-02
3.16682631e-02
4.89099810e-02
6.37190569e-02
7.64572411e-02
8.74134746e-02
9.68168324e-02
1.04858942e-01
1.11710985e-01
1.17532875e-01
1.22476287e-01
1.26684082e-01
1.30288057e-01
1.33406535e-01
1.36142464e-01
1.38582554e-01
1.40797358e-01
1.42842296e-01
1.44759239e-01
1.46578520e-01
1.48320981e-01
1.50000023e-01
1.51623364e-01
1.53194611e-01
1.54714463e-01
1.56181707e-01
1.57593909e-01
1.58947952e-01
1.60240368e-01
1.61467574e-01
1.62625977e-01
1.63712030e-01
1.64722189e-01
1.65652833e-01
1.66500113e-01
1.67259732e-01
1.67926676e-01
1.68494838e-01
1.68956603e-01
1.69302303e-01
1.69519658e-01
1.69593075e-01
1.69502982e-01
1.69225057e-01
1.68729552e-01
1.67980568e-01
1.66935496e-01
1.65544462e-01
1.63749977e-01
1.61486576e-01
1.58680606e-01
1.55249873e-01
1.51103200e-01
1.46139485e-01
1.40246120e-01
1.33296135e-01
1.25143595e-01
1.15616276e-01
1.04504925e-01
9.15487446e-02
7.64195482e-02
5.87140597e-02
3.79804488e-02
1.38274896e-02
1.25099464e-02
3.38002731e-02
5.19377677e-02
6.75207651e-02
8.09904569e-02
9.26428964e-02
1.02688375e-01
1.11297999e-01
1.18629621e-01
1.24838432e-01
1.30078646e-01
1.34500723e-01
1.38247128e-01
1.41448175e-01
1.44218965e-01
1.46657624e-01
1.48844978e-01
1.50845287e-01
1.52707882e-01
1.54469193e-01
1.56155033e-01
1.57782749e-01
1.59363242e-01
1.60902615e-01
1.62403589e-01
1.63866535e-01
1.65290300e-01
1.66672753e-01
1.68011189e-01
1.69302548e-01
1.70543558e-01
1.71730743e-01
1.72860393e-01
1.73928433e-01
1.74930245e-01
1.75860410e-01
1.76712378e-01
1.77478073e-01
1.78147395e-01
1.78707686e-01
1.79143077e-01
1.79433847e-01
1.79555674e-01
1.79478976e-01
1.79168192e-01
1.78581228e-01
1.77668916e-01
1.76374696e-01
1.74634342e-01
1.72375916e-01
1.69519702e-01
1.65978238e-01
1.61656094e-01
1.56449365e-01
1.50244335e-01
1.42914933e-01
1.34317917e-01
1.24284518e-01
1.12606080e-01
9.90105302e-02
8.31261366e-02
6.44342527e-02
4.22349265e-02
1.57104916e-02
1.35044311e-02
3.58580445e-02
5.47804526e-02
7.11508823e-02
8.54478891e-02
9.79226186e-02
1.08733616e-01
1.18015976e-01
1.25909219e-01
1.32564221e-01
1.38140487e-01
1.42799751e-01
1.46698848e-01
1.49983554e-01
1.52784030e-01
1.55212249e-01
1.57361115e-01
1.59305127e-01
1.61101982e-01
1.62794871e-01
1.64414924e-01
1.65983694e-01
1.67515338e-01
1.69018546e-01
1.70498048e-01
1.71955838e-01
1.73392034e-01
1.74805535e-01
1.76194414e-01
1.77556196e-01
1.78887958e-01
1.80186357e-01
1.81447548e-01
1.82667028e-01
1.83839411e-01
1.84958116e-01
1.86014992e-01
1.86999843e-01
1.87899915e-01
1.88699259e-01
1.89378100e-01
1.89912090e-01
1.90271640e-01
1.90421173e-01
1.90318537e-01
1.89914421e-01
1.89152009e-01
1.87966684e-01
1.86286035e-01
1.84029904e-01
1.81110686e-01
1.77433550e-01
1.72896694e-01
1.67391182e-01
1.60800274e-01
1.52997515e-01
1.43842911e-01
1.33175425e-01
1.20798851e-01
1.06454796e-01
8.97711613e-02
7.01670789e-02
4.66997447e-02
1.79122705e-02
1.45221089e-02
3.75758388e-02
5.72021391e-02
7.44944854e-02
8.98236127e-02
1.03317048e-01
1.15053832e-01
1.25128634e-01
1.33666662e-01
1.40820680e-01
1.46761873e-01
1.51669026e-01
1.55718455e-01
1.59075624e-01
1.61889261e-01
1.64287811e-01
1.66378276e-01
1.68246701e-01
1.69960073e-01
1.71568798e-01
1.73109615e-01
1.74608315e-01
1.76082336e-01
1.77542850e-01
1.78996563e-01
1.80447001e-01
1.81895549e-01
1.83342102e-01
1.84785563e-01
1.86224066e-01
1.87655122e-01
1.89075585e-01
1.90481560e-01
1.91868188e-01
1.93229365e-01
1.94557378e-01
1.95842447e-01
1.97072210e-01
1.98231093e-01
1.99299676e-01
2.00253925e-01
2.01064494e-01
2.01695922e-01
2.02105992e-01
2.02245045e-01
2.02055553e-01
2.01471729e-01
2.00419464e-01
1.98816346e-01
1.96572024e-01
1.93588594e-01
1.89761221e-01
1.84978572e-01
1.79123161e-01
1.72071041e-01
1.63690718e-01
1.53840381e-01
1.42362557e-01
1.29073571e-01
1.13742236e-01
9.60425417e-02
7.54405935e-02
5.09177449e-02
2.03496725e-02
1.51550488e-02
3.84285206e-02
5.89943426e-02
7.75998217e-02
9.42925767e-02
1.09043405e-01
1.21866899e-01
1.32836930e-01
1.42079715e-01
1.49761099e-01
1.56072365e-01
1.61216069e-01
1.65393466e-01
1.68794186e-01
1.71589003e-01
1.73925488e-01
1.75926545e-01
1.77690956e-01
1.79295606e-01
1.80798400e-01
1.82241662e-01
1.83655305e-01
1.85059819e-01
1.86468668e-01
1.87890325e-01
1.89329723e-01
1.90789410e-01
1.92270263e-01
1.93772012e-01
1.95293475e-01
1.96832685e-01
1.98386817e-01
1.99952059e-01
2.01523329e-01
2.03093942e-01
2.04655147e-01
2.06195618e-01
2.07700826e-01
2.09152357e-01
2.10527158e-01
2.11796739e-01
2.12926362e-01
2.13874240e-01
2.14590811e-01
2.15018099e-01
2.15089245e-01
2.14728228e-01
2.13849825e-01
2.12359812e-01
2.10155420e-01
2.07125977e-01
2.03153685e-01
1.98114338e-01
1.91877814e-01
1.84307995e-01
1.75261756e-01
1.64586456e-01
1.52115229e-01
1.37658863e-01
1.20991806e-01
1.01824873e-01
7.97370055e-02
5.39462127e-02
2.23742523e-02
7.07410731e-03
2.06867345e-02
3.31063757e-02
4.43703412e-02
5.46381210e-02
6.40742974e-02
7.28281104e-02
8.10289424e-02
8.87846514e-02
9.61813437e-02
1.03284573e-01
1.10141481e-01
1.16783831e-01
1.23231206e-01
1.29494316e-01
1.35577728e-01
1.41482239e-01
1.47206450e-01
1.52747987e-01
1.58104079e-01
1.63272004e-01
1.68249111e-01
1.73032873e-01
1.77620650e-01
1.82009552e-01
1.86196081e-01
1.90175859e-01
1.93943186e-01
1.97490673e-01
2.00808734e-01
2.03885150e-01
2.06704559e-01
2.09248012e-01
2.11492537e-01
2.13410804e-01
2.14970898e-01
2.16136239e-01
2.16865749e-01
2.17114225e-01
2.16833105e-01
2.15971519e-01
2.14477847e-01
2.12301608e-01
2.09395909e-01
2.05720163e-01
2.01243266e-01
1.95946790e-01
1.89828273e-01
1.82903947e-01
1.75210865e-01
1.66807485e-01
1.57772542e-01
1.48201087e-01
1.38197478e-01
1.27864338e-01
1.17287628e-01
1.06517640e-01
9.55470869e-02
8.42871583e-02
7.25426978e-02
5.99845520e-02
4.61114709e-02
3.01902269e-02
1.12724819e-02
1.33343574e-03
2.58273228e-03
7.62384760e-03
1.30535963e-02
1.89096486e-02
2.53842978e-02
3.25693673e-02
4.04362655e-02
4.88770437e-02
5.77468448e-02
6.68928667e-02
7.61715018e-02
8.54568883e-02
9.46445638e-02
1.03651665e-01
1.12415540e-01
1.20891072e-01
1.29047821e-01
1.36866886e-01
1.44338191e-01
1.51457908e-01
1.58226469e-01
1.64646769e-01
1.70722879e-01
1.76458868e-01
1.81857970e-01
1.86921752e-01
1.91649492e-01
1.96037501e-01
2.00078560e-01
2.03761294e-01
2.07069627e-01
2.09982217e-01
2.12471991e-01
2.14505736e-01
2.16043851e-01
2.17040287e-01
2.17442734e-01
2.17193164e-01
2.16228733e-01
2.14483230e-01
2.11888981e-01
2.08379460e-01
2.03892425e-01
1.98373809e-01
1.91782070e-01
1.84093181e-01
1.75305794e-01
1.65446655e-01
1.54575622e-01
1.42790258e-01
1.30229155e-01
1.17073881e-01
1.03548511e-01
8.99164266e-02
7.64726983e-02
6.35304118e-02
5.13962159e-02
4.03281313e-02
3.04655743e-02
2.17352925e-02
1.38006136e-02
6.30110433e-03
7.75896008e-04
7.20741406e-04
5.08918138e-03
1.17772446e-02
1.90139850e-02
2.64068073e-02
3.39136831e-02
4.15846341e-02
4.94645989e-02
5.75649398e-02
6.58625666e-02
7.43088344e-02
8.28400079e-02
9.13865751e-02
9.98801187e-02
1.08258087e-01
1.16466404e-01
1.24460707e-01
1.32206252e-01
1.39677250e-01
1.46855575e-01
1.53729442e-01
1.60291902e-01
1.66539543e-01
1.72471189e-01
1.78086851e-01
1.83386698e-01
1.88370231e-01
1.93035451e-01
1.97378154e-01
2.01391217e-01
2.05063955e-01
2.08381478e-01
2.11324121e-01
2.13866911e-01
2.15979148e-01
2.17624121e-01
2.18758989e-01
2.19334948e-01
2.19297661e-01
2.18588131e-01
2.17143954e-01
2.14901178e-01
2.11796627e-01
2.07770935e-01
2.02772050e-01
1.96759407e-01
1.89708392e-01
1.81615210e-01
1.72501568e-01
1.62419151e-01
1.51453062e-01
1.39723993e-01
1.27388027e-01
1.14633525e-01
1.01673602e-01
8.87331912e-02
7.60288304e-02
6.37406112e-02
5.19775957e-02
4.07466204e-02
2.99522674e-02
1.94944294e-02
9.60130639e-03
1.66866940e-03
1.76725763e-03
8.06720595e-03
1.60676851e-02
2.46041279e-02
3.31554527e-02
4.15470421e-02
4.97655266e-02
5.78570812e-02
6.58770720e-02
7.38677450e-02
8.18503823e-02
8.98253109e-02
9.77755170e-02
1.05671991e-01
1.13478985e-01
1.21158766e-01
1.28675060e-01
1.35995501e-01
1.43092801e-01
1.49945242e-01
1.56536365e-01
1.62854424e-01
1.68891460e-01
1.74642422e-01
1.80104139e-01
1.85274448e-01
1.90151257e-01
1.94731756e-01
1.99011596e-01
2.02984178e-01
2.06639923e-01
2.09965622e-01
2.12943805e-01
2.15552198e-01
2.17763256e-01
2.19543825e-01
2.20854999e-01
2.21652166e-01
2.21885392e-01
2.21500096e-01
2.20438208e-01
2.18639712e-01
2.16044786e-01
2.12596361e-01
2.08243300e-01
2.02943879e-01
1.96669726e-01
1.89409714e-01
1.81173841e-01
1.71996390e-01
1.61938220e-01
1.51087269e-01
1.39556950e-01
1.27481362e-01
1.15007036e-01
1.02280456e-01
8.94321306e-02
7.65590080e-02
6.37113523e-02
5.08961667e-02
3.81210923e-02
2.55170522e-02
1.35837536e-02
3.48997183e-03
3.39763772e-03
1.15335554e-02
2.07539319e-02
3.03317159e-02
3.97918737e-02
4.89102241e-02
5.76284850e-02
6.59776432e-02
7.40266224e-02
8.18510253e-02
8.95158340e-02
9.70671434e-02
1.04530246e-01
1.11911452e-01
1.19202246e-01
1.26384017e-01
1.33432741e-01
1.40322682e-01
1.47029236e-01
1.53530581e-01
1.59808618e-01
1.65849084e-01
1.71641364e-01
1.77177853e-01
1.82453300e-01
1.87463952e-01
1.92206785e-01
1.96678655e-01
2.00875549e-01
2.04791798e-01
2.08419386e-01
2.11747238e-01
2.14760596e-01
2.17440431e-01
2.19762949e-01
2.21699218e-01
2.23214928e-01
2.24270394e-01
2.24820761e-01
2.24816573e-01
2.24204631e-01
2.22929319e-01
2.20934255e-01
2.18164452e-01
2.14568725e-01
2.10102515e-01
2.04730705e-01
1.98430538e-01
1.91194045e-01
1.83030030e-01
1.73964889e-01
1.64042279e-01
1.53320925e-01
1.41870753e-01
1.29766974e-01
1.17083021e-01
1.03883321e-01
9.02191824e-02
7.61328695e-02
6.16792781e-02
4.69775773e-02
3.23033764e-02
1.82016270e-02
5.47100048e-03
5.02373686e-03
1.52747992e-02
2.58584141e-02
3.64319337e-02
4.66751997e-02
5.63985094e-02
6.55392448e-02
7.41233271e-02
8.22260648e-02
8.99418731e-02
9.73632906e-02
1.04568347e-01
1.11614337e-01
1.18536767e-01
1.25351481e-01
1.32058862e-01
1.38648465e-01
1.45103572e-01
1.51404788e-01
1.57532830e-01
1.63470190e-01
1.69202136e-01
1.74716942e-01
1.80005808e-01
1.85062358e-01
1.89882102e-01
1.94461675e-01
1.98798160e-01
2.02888299e-01
2.06727801e-01
2.10310600e-01
2.13628194e-01
2.16668984e-01
2.19417691e-01
2.21854829e-01
2.23956283e-01
2.25693030e-01
2.27031015e-01
2.27931262e-01
2.28350203e-01
2.28240338e-01
2.27551118e-01
2.26230206e-01
2.24224885e-01
2.21483771e-01
2.17958454e-01
2.13605231e-01
2.08386423e-01
2.02271464e-01
1.95237241e-01
1.87267985e-01
1.78354337e-01
1.68492158e-01
1.57681001e-01
1.45923217e-01
1.33224087e-01
1.19594653e-01
1.05058840e-01
8.96682132e-02
7.35278796e-02
5.68361472e-02
3.99302171e-02
2.33007297e-02
7.46719710e-03
6.60785140e-03
1.91482456e-02
3.12855507e-02
4.29343922e-02
5.39465333e-02
6.42176885e-02
7.37212739e-02
8.24997347e-02
9.06416738e-02
9.82578304e-02
1.05461414e-01
1.12354035e-01
1.19017589e-01
1.25510993e-01
1.31870955e-01
1.38115082e-01
1.44246413e-01
1.50257977e-01
1.56137064e-01
1.61868472e-01
1.67436995e-01
1.72828864e-01
1.78032624e-01
1.83039312e-01
1.87842391e-01
1.92437299e-01
1.96820964e-01
2.00991132e-01
2.04945743e-01
2.08682216e-01
2.12196806e-01
2.15483924e-01
2.18535517e-01
2.21340475e-01
2.23884099e-01
2.26147660e-01
2.28108057e-01
2.29737629e-01
2.31004115e-01
2.31870835e-01
2.32297015e-01
2.32238353e-01
2.31647639e-01
2.30475527e-01
2.28671133e-01
2.26182575e-01
2.22957031e-01
2.18940505e-01
2.14076950e-01
2.08307175e-01
2.01567484e-01
1.93788909e-01
1.84897365e-01
1.74815952e-01
1.63469798e-01
1.50794538e-01
1.36748449e-01
1.21328835e-01
1.04592243e-01
8.66778830e-02
6.78297954e-02
4.84052656e-02
2.88398267e-02
9.51608203e-03
8.16411838e-03
2.31011106e-02
3.69579408e-02
4.98042993e-02
6.16375684e-02
7.24553304e-02
8.22933655e-02
9.12319542e-02
9.93853646e-02
1.06885551e-01
1.13865924e-01
1.20448547e-01
1.26735601e-01
1.32805501e-01
1.38712612e-01
1.44489873e-01
1.50152797e-01
1.55704197e-01
1.61138500e-01
1.66445566e-01
1.71613456e-01
1.76630498e-01
1.81486420e-01
1.86173029e-01
1.90684289e-01
1.95016224e-01
1.99166486e-01
2.03133917e-01
2.06917934e-01
2.10517972e-01
2.13932832e-01
2.17160102e-01
2.20195539e-01
2.23032522e-01
2.25661527e-01
2.28069682e-01
2.30240418e-01
2.32153207e-01
2.33783461e-01
2.35102506e-01
2.36077716e-01
2.36672613e-01
2.36847012e-01
2.36556866e-01
2.35753882e-01
2.34384470e-01
2.32388165e-01
2.29695165e-01
2.26223459e-01
2.21875600e-01
2.16536235e-01
2.10071059e-01
2.02328901e-01
1.93147797e-01
1.82366429e-01
1.69840796e-01
1.55465812e-01
1.39199673e-01
1.21088343e-01
1.01285342e-01
8.00601211e-02
5.77833358e-02
3.48730499e-02
1.16828909e-02
9.71405840e-03
2.71297813e-02
4.28413108e-02
5.70092266e-02
6.97433359e-02
8.11400716e-02
9.13099665e-02
1.00386495e-01
1.08522130e-01
1.15877734e-01
1.22610499e-01
1.28863272e-01
1.34757230e-01
1.40388079e-01
1.45825829e-01
1.51116999e-01
1.56288626e-01
1.61352772e-01
1.66311143e-01
1.71158970e-01
1.75888265e-01
1.80490057e-01
1.84956014e-01
1.89279268e-01
1.93454892e-01
1.97479878e-01
2.01353005e-01
2.05074431e-01
2.08645290e-01
2.12067147e-01
2.15341496e-01
2.18469199e-01
2.21449965e-01
2.24281831e-01
2.26960699e-01
2.29479921e-01
2.31829961e-01
2.33998157e-01
2.35968547e-01
2.37721793e-01
2.39235059e-01
2.40481862e-01
2.41431569e-01
2.42048531e-01
2.42290379e-01
2.42105480e-01
2.41429122e-01
2.40178733e-01
2.38248146e-01
2.35501999e-01
2.31771164e-01
2.26851282e-01
2.20505964e-01
2.12476843e-01
2.02501232e-01
1.90337665e-01
1.75797156e-01
1.58776820e-01
1.39289890e-01
1.17485309e-01
9.36482687e-02
6.81733484e-02
4.15036111e-02
1.40338625e-02
1.12792200e-02
3.12543901e-02
4.89357207e-02
6.45381032e-02
7.82571060e-02
9.02787124e-02
1.00791747e-01
1.09992427e-01
1.18081477e-01
1.25256811e-01
1.31704527e-01
1.37590930e-01
1.43056764e-01
1.48214611e-01
1.53149017e-01
1.57919107e-01
1.62562505e-01
1.67100112e-01
1.71540657e-01
1.75884941e-01
1.80129142e-01
1.84267471e-01
1.88293897e-01
1.92203359e-01
1.95992327e-01
1.99659104e-01
2.03203744e-01
2.06627892e-01
2.09934414e-01
2.13127041e-01
2.16209902e-01
2.19187099e-01
2.22062240e-01
2.24838028e-01
2.27515861e-01
2.30095504e-01
2.32574840e-01
2.34949672e-01
2.37213635e-01
2.39358069e-01
2.41371881e-01
2.43241079e-01
2.44947924e-01
2.46469162e-01
2.47773225e-01
2.48815771e-01
2.49533632e-01
2.49836898e-01
2.49599973e-01
2.48652378e-01
2.46771462e-01
2.43679084e-01
2.39045362e-01
2.32501574e-01
2.23664130e-01
2.12169010e-01
1.97714413e-01
1.80105830e-01
1.59295857e-01
1.35408607e-01
1.08739203e-01
7.97207892e-02
4.88581672e-02
1.66334773e-02
1.28803827e-02
3.55069428e-02
5.52642516e-02
7.24017081e-02
8.71830424e-02
9.98749516e-02
1.10744657e-01
1.20056666e-01
1.28067670e-01
1.35019779e-01
1.41133649e-01
1.46602581e-01
1.51588878e-01
1.56222562e-01
1.60602700e-01
1.64800480e-01
1.68863710e-01
1.72821653e-01
1.76689954e-01
1.80474880e-01
1.84176983e-01
1.87793792e-01
1.91321895e-01
1.94758202e-01
1.98100835e-01
2.01349477e-01
2.04505558e-01
2.07572137e-01
2.10553756e-01
2.13456117e-01
2.16285801e-01
2.19049895e-01
2.21755681e-01
2.24410306e-01
2.27020524e-01
2.29592498e-01
2.32131681e-01
2.34642803e-01
2.37129896e-01
2.39596351e-01
2.42044784e-01
2.44476589e-01
2.46890699e-01
2.49281273e-01
2.51633584e-01
2.53917836e-01
2.56080280e-01
2.58031960e-01
2.59635404e-01
2.60691091e-01
2.60925737e-01
2.59986001e-01
2.57440853e-01
2.52796403e-01
2.45525043e-01
2.35109419e-01
2.21097894e-01
2.03165125e-01
1.81166921e-01
1.55176687e-01
1.25490294e-01
9.25910772e-02
5.70750322e-02
1.95457340e-02
1.45380994e-02
3.99265144e-02
6.18653956e-02
8.06287164e-02
9.65385653e-02
1.09936992e-01
1.21169534e-01
1.30573095e-01
1.38466314e-01
1.45141828e-01
1.50860115e-01
1.55845497e-01
1.60284282e-01
1.64325390e-01
1.68082868e-01
1.71640131e-01
1.75054932e-01
1.78364805e-01
1.81592095e-01
1.84748583e-01
1.87839159e-01
1.90864850e-01
1.93824898e-01
1.96718357e-01
1.99544983e-01
2.02305883e-01
2.05003716e-01
2.07642831e-01
2.10229144e-01
2.12770037e-01
2.15274120e-01
2.17751053e-01
2.20211319e-01
2.22666070e-01
2.25127021e-01
2.27606440e-01
2.30117260e-01
2.32673303e-01
2.35289612e-01
2.37982769e-01
2.40771079e-01
2.43674212e-01
2.46711996e-01
2.49901545e-01
2.53252220e-01
2.56757426e-01
2.60382970e-01
2.64051618e-01
2.67624908e-01
2.70883686e-01
2.73510748e-01
2.75079287e-01
2.75052195e-01
2.72796388e-01
2.67615987e-01
2.58805086e-01
2.45717983e-01
2.27849085e-01
2.04910016e-01
1.76886357e-01
1.44056184e-01
1.06956861e-01
6.62985548e-02
2.28354958e-02
1.62735922e-02
4.45578360e-02
6.87891324e-02
8.92618891e-02
1.06353118e-01
1.20479095e-01
1.32065623e-01
1.41526254e-01
1.49247210e-01
1.55577279e-01
1.60821845e-01
1.65240089e-01
1.69045161e-01
1.72406525e-01
1.75454257e-01
1.78284351e-01
1.80964744e-01
1.83541170e-01
1.86042750e-01
1.88486697e-01
1.90882353e-01
1.93234197e-01
1.95544241e-01
1.97813599e-01
2.00043672e-01
2.02236790e-01
2.04396676e-01
2.06528603e-01
2.08639500e-01
2.10737893e-01
2.12833885e-01
2.14939043e-01
2.17066386e-01
2.19230367e-01
2.21446995e-01
2.23734061e-01
2.26111543e-01
2.28602208e-01
2.31232348e-01
2.34032611e-01
2.37038640e-01
2.40291226e-01
2.43835251e-01
2.47716774e-01
2.51977045e-01
2.56642639e-01
2.61710622e-01
2.67128786e-01
2.72771418e-01
2.78413041e-01
2.83703371e-01
2.88148753e-01
2.91105430e-01
2.91790923e-01
2.89318186e-01
2.82755913e-01
2.71213697e-01
2.53945469e-01
2.30456219e-01
2.00590017e-01
1.64572805e-01
1.22987888e-01
7.66757226e-02
2.65694566e-02
1.81097791e-02
4.94517322e-02
7.60955307e-02
9.83556956e-02
1.16665934e-01
1.31520364e-01
1.43430032e-01
1.52891106e-01
1.60363445e-01
1.66257747e-01
1.70929067e-01
1.74675315e-01
1.77739152e-01
1.80312518e-01
1.82542583e-01
1.84538669e-01
1.86379162e-01
1.88118264e-01
1.89791881e-01
1.91422807e-01
1.93024790e-01
1.94605863e-01
1.96170707e-01
1.97722496e-01
1.99264055e-01
2.00798763e-01
2.02331020e-01
2.03866632e-01
2.05412955e-01
2.06979057e-01
2.08575750e-01
2.10215712e-01
2.11913579e-01
2.13686177e-01
2.15552848e-01
2.17536002e-01
2.19661886e-01
2.21961645e-01
2.24472657e-01
2.27240021e-01
2.30318003e-01
2.33770891e-01
2.37672633e-01
2.42104040e-01
2.47146414e-01
2.52869939e-01
2.59315896e-01
2.66471943e-01
2.74241511e-01
2.82409369e-01
2.90607777e-01
2.98288444e-01
3.04707296e-01
3.08928833e-01
3.09857509e-01
3.06301515e-01
2.97071598e-01
2.81110047e-01
2.57635126e-01
2.26273108e-01
1.87140861e-01
1.40841673e-01
8.83534291e-02
3.08167353e-02
2.00725526e-02
5.46667552e-02
8.38552482e-02
1.07975231e-01
1.27523932e-01
1.43081944e-01
1.55254681e-01
1.64629433e-01
1.71747283e-01
1.77087021e-01
1.81058368e-01
1.84001576e-01
1.86191534e-01
1.87844373e-01
1.89125607e-01
1.90158527e-01
1.91032500e-01
1.91810377e-01
1.92535101e-01
1.93235060e-01
1.93928545e-01
1.94627062e-01
1.95337981e-01
1.96066326e-01
1.96816201e-01
1.97591650e-01
1.98397379e-01
1.99239140e-01
2.00124107e-01
2.01061069e-01
2.02060702e-01
2.03135764e-01
2.04301441e-01
2.05575741e-01
2.06980139e-01
2.08540438e-01
2.10287998e-01
2.12261373e-01
2.14508358e-01
2.17088403e-01
2.20075062e-01
2.23558028e-01
2.27643715e-01
2.32453204e-01
2.38115619e-01
2.44755263e-01
2.52470638e-01
2.61304880e-01
2.71208074e-01
2.81994395e-01
2.93298185e-01
3.04535231e-01
3.14875879e-01
3.23238427e-01
3.28311493e-01
3.28615174e-01
3.22608078e-01
3.08841385e-01
2.86147122e-01
2.53829468e-01
2.11807993e-01
1.60653998e-01
1.01475713e-01
3.56493499e-02
2.21924171e-02
6.02719877e-02
9.21514655e-02
1.18196318e-01
1.38979627e-01
1.55183180e-01
1.67520870e-01
1.76683335e-01
1.83302513e-01
1.87932653e-01
1.91043325e-01
1.93020855e-01
1.94174730e-01
1.94746962e-01
1.94922347e-01
1.94838877e-01
1.94597207e-01
1.94269174e-01
1.93904821e-01
1.93538297e-01
1.93192374e-01
1.92882076e-01
1.92617271e-01
1.92404724e-01
1.92249459e-01
1.92155871e-01
1.92128411e-01
1.92172213e-01
1.92293475e-01
1.92499884e-01
1.92800936e-01
1.93208376e-01
1.93736657e-01
1.94403631e-01
1.95231435e-01
1.96247767e-01
1.97487610e-01
1.98995532e-01
2.00828635e-01
2.03060051e-01
2.05782781e-01
2.09113166e-01
2.13192995e-01
2.18188422e-01
2.24283639e-01
2.31666676e-01
2.40505466e-01
2.50913031e-01
2.62903024e-01
2.76338309e-01
2.90877527e-01
3.05924881e-01
3.20589958e-01
3.33665194e-01
3.43632052e-01
3.48709336e-01
3.46958837e-01
3.36457986e-01
3.15534950e-01
2.83034363e-01
2.38549099e-01
1.82528447e-01
1.16180873e-01
4.11426855e-02
2.45067835e-02
6.63511812e-02
1.01083298e-01
1.29106355e-01
1.51088871e-01
1.67836167e-01
1.80191325e-01
1.88965126e-01
1.94892997e-01
1.98613335e-01
2.00661407e-01
2.01473157e-01
2.01394945e-01
2.00695838e-01
1.99580711e-01
1.98202535e-01
1.96673527e-01
1.95074482e-01
1.93462632e-01
1.91877748e-01
1.90347075e-01
1.88888927e-01
1.87515551e-01
1.86235102e-01
1.85053245e-01
1.83974203e-01
1.83001683e-01
1.82139469e-01
1.81392034e-01
1.80764982e-01
1.80265596e-01
1.79903347e-01
1.79690616e-01
1.79643559e-01
1.79783344e-01
1.80137808e-01
1.80743767e-01
1.81650085e-01
1.82921654e-01
1.84644270e-01
1.86930112e-01
1.89923150e-01
1.93803056e-01
1.98785580e-01
2.05116423e-01
2.13055714e-01
2.22850499e-01
2.34694780e-01
2.48678495e-01
2.64729377e-01
2.82551762e-01
3.01566868e-01
3.20858400e-01
3.39130233e-01
3.54687106e-01
3.65456979e-01
3.69078912e-01
3.63080624e-01
3.45155417e-01
3.13515194e-01
2.67243932e-01
2.06524660e-01
1.32598502e-01
4.73762817e-02
2.70632489e-02
7.30087770e-02
1.10770700e-01
1.40805657e-01
1.63907439e-01
1.81037827e-01
1.93198309e-01
2.01342687e-01
2.06325962e-01
2.08881271e-01
2.09615850e-01
2.09018857e-01
2.07475187e-01
2.05281767e-01
2.02663600e-01
1.99788577e-01
1.96780090e-01
1.93727635e-01
1.90695168e-01
1.87727801e-01
1.84856786e-01
1.82103437e-01
1.79481902e-01
1.77001384e-01
1.74667643e-01
1.72484273e-01
1.70453553e-01
1.68577267e-01
1.66857282e-01
1.65296204e-01
1.63897940e-01
1.62668448e-01
1.61616542e-01
1.60755060e-01
1.60102361e-01
1.59684472e-01
1.59538003e-01
1.59714143e-01
1.60283903e-01
1.61344659e-01
1.63027759e-01
1.65506251e-01
1.69001068e-01
1.73782720e-01
1.80164950e-01
1.88486483e-01
1.99078823e-01
2.12220419e-01
2.28080953e-01
2.46660064e-01
2.67724029e-01
2.90740705e-01
3.14812827e-01
3.38612109e-01
3.60325109e-01
3.77632613e-01
3.87757456e-01
3.87622434e-01
3.74152612e-01
3.44719305e-01
2.97651215e-01
2.32644771e-01
1.50846820e-01
5.44352710e-02
2.99245100e-02
8.03785351e-02
1.21361150e-01
1.53408466e-01
1.77485163e-01
1.94757373e-01
2.06425864e-01
2.13617831e-01
2.17328321e-01
2.18397563e-01
2.17511615e-01
2.15215924e-01
2.11935007e-01
2.07993383e-01
2.03635500e-01
1.99043043e-01
1.94349541e-01
1.89651973e-01
1.85020029e-01
1.80503059e-01
1.76135480e-01
1.71940660e-01
1.67933954e-01
1.64124800e-01
1.60518439e-01
1.57117071e-01
1.53920911e-01
1.50928909e-01
1.48139522e-01
1.45551316e-01
1.43163714e-01
1.40977751e-01
1.38997115e-01
1.37229447e-01
1.35688228e-01
1.34395371e-01
1.33384954e-01
1.32708356e-01
1.32441193e-01
1.32692174e-01
1.33613557e-01
1.35411978e-01
1.38357017e-01
1.42783375e-01
1.49081516e-01
1.57672889e-01
1.68969265e-01
1.83321044e-01
2.00961472e-01
2.21951805e-01
2.46125709e-01
2.73026746e-01
3.01831704e-01
3.31258504e-01
3.59467110e-01
3.83977987e-01
4.01651412e-01
4.08790275e-01
4.01433577e-01
3.75878252e-01
3.29377525e-01
2.60817387e-01
1.71030805e-01
6.24132218e-02
3.31758346e-02
8.86359801e-02
1.33038072e-01
1.67042331e-01
1.91854778e-01
2.08915894e-01
2.19682257e-01
2.25494449e-01
2.27512714e-01
2.26698618e-01
2.23823759e-01
2.19492239e-01
2.14167861e-01
2.08201256e-01
2.01854052e-01
1.95319399e-01
1.88738417e-01
1.82213264e-01
1.75816997e-01
1.69601172e-01
1.63601341e-01
1.57841270e-01
1.52335875e-01
1.47093546e-01
1.42117711e-01
1.37408173e-01
1.32961992e-01
1.28774356e-01
1.24839189e-01
1.21149871e-01
1.17699858e-01
1.14483553e-01
1.11497313e-01
1.08740985e-01
1.06220042e-01
1.03948868e-01
1.01955545e-01
1.00288879e-01
9.90281915e-02
9.82962773e-02
9.82748993e-02
9.92204246e-02
1.01474345e-01
1.05460711e-01
1.11663124e-01
1.20580375e-01
1.32671038e-01
1.48302853e-01
1.67716464e-01
1.90997962e-01
2.18045304e-01
2.48512638e-01
2.81722657e-01
3.16543526e-01
3.51237058e-01
3.83299800e-01
4.09344451e-01
4.25101358e-01
4.25648118e-01
4.05966725e-01
3.61838084e-01
2.90877296e-01
1.93241822e-01
7.14174903e-02
3.69367776e-02
9.80162151e-02
1.46030565e-01
1.81842639e-01
2.07010641e-01
2.23351953e-01
2.32656847e-01
2.36530743e-01
2.36329312e-01
2.33150687e-01
2.27858056e-01
2.21114719e-01
2.13421642e-01
2.05151923e-01
1.96580331e-01
1.87907114e-01
1.79276833e-01
1.70792627e-01
1.62527106e-01
1.54530269e-01
1.46835490e-01
1.39463723e-01
1.32426723e-01
1.25729224e-01
1.19370680e-01
1.13346375e-01
1.07648402e-01
1.02266228e-01
9.71872901e-02
9.23973225e-02
8.78808434e-02
8.36215659e-02
7.96032076e-02
7.58106725e-02
7.22323255e-02
6.88638205e-02
6.57148528e-02
6.28202718e-02
6.02578718e-02
5.81745453e-02
5.68200052e-02
5.65786980e-02
5.79760544e-02
6.16277391e-02
6.81307453e-02
7.79580147e-02
9.14279182e-02
1.08744297e-01
1.30044883e-01
1.55414195e-01
1.84852033e-01
2.18201892e-01
2.55039333e-01
2.94516091e-01
3.35156455e-01
3.74616042e-01
4.09441909e-01
4.34922510e-01
4.45174969e-01
4.33653635e-01
3.94203693e-01
3.22537090e-01
2.17559200e-01
8.15791472e-02
4.13799315e-02
1.08839207e-01
1.60622115e-01
1.97935883e-01
2.22867838e-01
2.37763077e-01
2.44851451e-01
2.46067945e-01
2.42998029e-01
2.36891524e-01
2.28706988e-01
2.19164970e-01
2.08798742e-01
1.97998140e-01
1.87044993e-01
1.76140969e-01
1.65428628e-01
1.55007330e-01
1.44944833e-01
1.35285941e-01
1.26058628e-01
1.17278647e-01
1.08952674e-01
1.01080732e-01
9.36577278e-02
8.66746561e-02
8.01191794e-02
7.39760269e-02
6.82268283e-02
6.28497652e-02
5.78186006e-02
5.31014472e-02
4.86588469e-02
4.44415888e-02
4.03879783e-02
3.64212358e-02
3.24471630e-02
2.83536219e-02
2.40143132e-02
1.93068918e-02
1.41889542e-02
9.12148346e-03
7.52674437e-03
1.36219445e-02
2.38816431e-02
3.69061189e-02
5.27257601e-02
7.16383988e-02
9.40030605e-02
1.20173398e-01
1.50445486e-01
1.84988895e-01
2.23742961e-01
2.66259245e-01
3.11472443e-01
3.57390761e-01
4.00726418e-01
4.36546588e-01
4.58120654e-01
4.57241968e-01
4.25324056e-01
3.55341964e-01
2.44053188e-01
9.30708742e-02
4.67618404e-02
1.21544509e-01
1.77151882e-01
2.15397675e-01
2.39184332e-01
2.51605370e-01
2.55471486e-01
2.53125162e-01
2.46418206e-01
2.36764621e-01
2.25218720e-01
2.12553245e-01
1.99327416e-01
1.85941842e-01
1.72681245e-01
1.59746594e-01
1.47279151e-01
1.35378055e-01
1.24113413e-01
1.13535782e-01
1.03683363e-01
9.45871350e-02
8.62747088e-02
7.87726061e-02
7.21072258e-02
6.63037064e-02
6.13826578e-02
5.73541292e-02
5.42098759e-02
5.19153635e-02
5.04048431e-02
4.95815854e-02
4.93241490e-02
4.94961110e-02
4.99563024e-02
5.05666063e-02
5.11970244e-02
5.17287137e-02
5.20574625e-02
5.21002450e-02
5.18092287e-02
5.11991330e-02
5.03972821e-02
4.97261667e-02
4.98148149e-02
5.16779261e-02
5.66113108e-02
6.58248630e-02
8.00981220e-02
9.97925661e-02
1.25072156e-01
1.56037720e-01
1.92703944e-01
2.34854957e-01
2.81791968e-01
3.31958370e-01
3.82433286e-01
4.28341213e-01
4.62347649e-01
4.74596589e-01
4.53611443e-01
3.88589929e-01
2.72784996e-01
1.06138948e-01
5.34753486e-02
1.36735423e-01
1.95991216e-01
2.34156675e-01
2.55413508e-01
2.63922241e-01
2.63256006e-01
2.56252907e-01
2.45065382e-01
2.31279522e-01
2.16042905e-01
2.00176915e-01
1.84266831e-01
1.68731044e-01
1.53872705e-01
1.39917921e-01
1.27043355e-01
1.15395651e-01
1.05103236e-01
9.62805581e-02
8.90233685e-02
8.33951886e-02
7.94075299e-02
7.70021789e-02
7.60456818e-02
7.63424411e-02
7.76619994e-02
7.97695000e-02
8.24487564e-02
8.55143760e-02
8.88142844e-02
9.22265528e-02
9.56535094e-02
9.90153738e-02
1.02244223e-01
1.05278885e-01
1.08060705e-01
1.10530466e-01
1.12626451e-01
1.14284226e-01
1.15438701e-01
1.16029900e-01
1.16014429e-01
1.15386252e-01
1.14212154e-01
1.12689893e-01
1.11237570e-01
1.10614474e-01
1.12039045e-01
1.17197588e-01
1.27996838e-01
1.46082436e-01
1.72445634e-01
2.07353208e-01
2.50403554e-01
3.00384553e-01
3.54795105e-01
4.09056731e-01
4.55577979e-01
4.83070169e-01
4.76862592e-01
4.21181935e-01
3.03789580e-01
1.21159868e-01
6.21406335e-02
1.55223165e-01
2.17452272e-01
2.53784235e-01
2.70428462e-01
2.73057979e-01
2.66228127e-01
2.53362371e-01
2.36941994e-01
2.18732160e-01
1.99982095e-01
1.81583490e-01
1.64189216e-01
1.48298086e-01
1.34310535e-01
1.22555913e-01
1.13290228e-01
1.06665847e-01
1.02688092e-01
1.01188551e-01
1.01843457e-01
1.04236170e-01
1.07933466e-01
1.12543363e-01
1.17743102e-01
1.23283176e-01
1.28978703e-01
1.34696484e-01
1.40342366e-01
1.45850456e-01
1.51174577e-01
1.56281556e-01
1.61146021e-01
1.65746191e-01
1.70060459e-01
1.74064418e-01
1.77728312e-01
1.81014740e-01
1.83876762e-01
1.86256443e-01
1.88084243e-01
1.89279636e-01
1.89753909e-01
1.89416369e-01
1.88186301e-01
1.86014263e-01
1.82918955e-01
1.79049431e-01
1.74787131e-01
1.70902756e-01
1.68763430e-01
1.70508291e-01
1.78962211e-01
1.97022888e-01
2.26678092e-01
2.68278556e-01
3.20228548e-01
3.78521198e-01
4.35697697e-01
4.79476005e-01
4.91997008e-01
4.51335880e-01
3.36999559e-01
1.38739323e-01
7.37653089e-02
1.78028992e-01
2.41522762e-01
2.73048172e-01
2.82019423e-01
2.76209567e-01
2.61396745e-01
2.41672348e-01
2.19881015e-01
1.98011384e-01
1.77494419e-01
1.59408031e-01
1.44588681e-01
1.33645921e-01
1.26891205e-01
1.24246156e-01
1.25237513e-01
1.29128813e-01
1.35116458e-01
1.42481569e-01
1.50655735e-01
1.59223101e-01
1.67894293e-01
1.76475180e-01
1.84839836e-01
1.92909897e-01
2.00639583e-01
2.08005082e-01
2.14997003e-01
2.21614970e-01
2.27863620e-01
2.33749549e-01
2.39278821e-01
2.44454853e-01
2.49276447e-01
2.53735915e-01
2.57817166e-01
2.61493778e-01
2.64727004e-01
2.67463839e-01
2.69635188e-01
2.71154437e-01
2.71916690e-01
2.71799322e-01
2.70664692e-01
2.68366652e-01
2.64763459e-01
2.59741926e-01
2.53261338e-01
2.45432585e-01
2.36658693e-01
2.27874850e-01
2.20915219e-01
2.18918942e-01
2.26343482e-01
2.47831469e-01
2.85957538e-01
3.39331101e-01
4.01619379e-01
4.60276120e-01
4.94723680e-01
4.76052068e-01
3.72000443e-01
1.59876877e-01
9.00178737e-02
2.06195931e-01
2.67173907e-01
2.88998849e-01
2.86041469e-01
2.68873902e-01
2.44735177e-01
2.18498496e-01
1.93518936e-01
1.72217997e-01
1.56361613e-01
1.47013954e-01
1.44306771e-01
1.47396820e-01
1.54842067e-01
1.65138036e-01
1.77053893e-01
1.89711314e-01
2.02530814e-01
2.15148802e-01
2.27347048e-01
2.39002192e-01
2.50051960e-01
2.60473075e-01
2.70266895e-01
2.79449992e-01
2.88047925e-01
2.96091012e-01
3.03611412e-01
3.10640999e-01
3.17209754e-01
3.23344422e-01
3.29067312e-01
3.34395112e-01
3.39337656e-01
3.43896554e-01
3.48063682e-01
3.51819451e-01
3.55130899e-01
3.57949565e-01
3.60209234e-01
3.61823572e-01
3.62683854e-01
3.62656912e-01
3.61583743e-01
3.59279268e-01
3.55534333e-01
3.50121745e-01
3.42809933e-01
3.33391123e-01
3.21738046e-01
3.07917200e-01
2.92413566e-01
2.76561761e-01
2.63286163e-01
2.57984749e-01
2.68348456e-01
3.00976716e-01
3.55774726e-01
4.22548851e-01
4.79309362e-01
4.90178004e-01
4.07346052e-01
1.86198328e-01
1.13622776e-01
2.39931430e-01
2.90665987e-01
2.95239537e-01
2.75319040e-01
2.45017475e-01
2.13397364e-01
1.86544314e-01
1.68604198e-01
1.61633420e-01
1.65041096e-01
1.76182683e-01
1.91984547e-01
2.10044715e-01
2.28815279e-01
2.47392201e-01
2.65280204e-01
2.82227627e-01
2.98124829e-01
3.12944176e-01
3.26704817e-01
3.39451888e-01
3.51244098e-01
3.62146267e-01
3.72224801e-01
3.81544927e-01
3.90169007e-01
3.98155471e-01
4.05558128e-01
4.12425659e-01
4.18801182e-01
4.24721814e-01
4.30218148e-01
4.35313621e-01
4.40023705e-01
4.44354913e-01
4.48303565e-01
4.51854310e-01
4.54978362e-01
4.57631472e-01
4.59751587e-01
4.61256268e-01
4.62039824e-01
4.61970275e-01
4.60886160e-01
4.58593362e-01
4.54862132e-01
4.49424811e-01
4.41975137e-01
4.32171301e-01
4.19647413e-01
4.04044296e-01
3.85084678e-01
3.62751032e-01
3.37697397e-01
3.12160621e-01
2.91696255e-01
2.87027483e-01
3.11247956e-01
3.67753079e-01
4.39299589e-01
4.85029495e-01
4.38826870e-01
2.20090048e-01
1.48501525e-01
2.75625426e-01
3.01763963e-01
2.79571231e-01
2.40724992e-01
2.04121868e-01
1.81542680e-01
1.78150331e-01
1.91263705e-01
2.14124563e-01
2.41040932e-01
2.68705666e-01
2.95484619e-01
3.20652838e-01
3.43944300e-01
3.65319198e-01
3.84846524e-01
4.02644515e-01
4.18850169e-01
4.33603671e-01
4.47040570e-01
4.59288077e-01
4.70463544e-01
4.80674094e-01
4.90016827e-01
4.98579300e-01
5.06440084e-01
5.13669322e-01
5.20329196e-01
5.26474299e-01
5.32151859e-01
5.37401817e-01
5.42256726e-01
5.46741462e-01
5.50872732e-01
5.54658347e-01
5.58096260e-01
5.61173331e-01
5.63863817e-01
5.66127556e-01
5.67907845e-01
5.69128973e-01
5.69693423e-01
5.69478679e-01
5.68333630e-01
5.66074467e-01
5.62479986e-01
5.57286083e-01
5.50179287e-01
5.40789092e-01
5.28679371e-01
5.13340330e-01
4.94186540e-01
4.70577762e-01
4.41910715e-01
4.07916113e-01
3.69524483e-01
3.31168126e-01
3.05520891e-01
3.15456776e-01
3.73215903e-01
4.47571127e-01
4.55578305e-01
2.63802130e-01
1.96996969e-01
2.96921401e-01
2.78142883e-01
2.29746062e-01
1.97708202e-01
2.00947865e-01
2.31118449e-01
2.71854902e-01
3.13713976e-01
3.52999245e-01
3.88591883e-01
4.20379048e-01
4.48613586e-01
4.73659375e-01
4.95891080e-01
5.15656762e-01
5.33266409e-01
5.48990989e-01
5.63065515e-01
5.75693302e-01
5.87050304e-01
5.97289036e-01
6.06542000e-01
6.14924564e-01
6.22537375e-01
6.29468337e-01
6.35794233e-01
6.41582024e-01
6.46889866e-01
6.51767890e-01
6.56258738e-01
6.60397899e-01
6.64213833e-01
6.67727886e-01
6.70954002e-01
6.73898221e-01
6.76557947e-01
6.78920985e-01
6.80964327e-01
6.82652683e-01
6.83936722e-01
6.84751033e-01
6.85011739e-01
6.84613767e-01
6.83427643e-01
6.81295739e-01
6.78027694e-01
6.73394699e-01
6.67121989e-01
6.58878645e-01
6.48263179e-01
6.34782790e-01
6.17823391e-01
5.96607704e-01
5.70142636e-01
5.37175732e-01
4.96250180e-01
4.46194515e-01
3.88217989e-01
3.33048534e-01
3.14876907e-01
3.68647958e-01
4.33497016e-01
3.13702930e-01
2.40082174e-01
2.60017961e-01
2.21864046e-01
2.44507385e-01
3.09106661e-01
3.78003241e-01
4.38890127e-01
4.90129843e-01
5.32817671e-01
5.68480506e-01
5.98486645e-01
6.23939772e-01
6.45702482e-01
6.64445352e-01
6.80692566e-01
6.94858014e-01
7.07272302e-01
7.18202609e-01
7.27867243e-01
7.36446401e-01
7.44090165e-01
7.50924551e-01
7.57056096e-01
7.62575409e-01
7.67559905e-01
7.72075954e-01
7.76180545e-01
7.79922591e-01
7.83343920e-01
7.86480032e-01
7.89360616e-01
7.92009899e-01
7.94446798e-01
7.96684922e-01
7.98732396e-01
8.00591530e-01
8.02258319e-01
8.03721776e-01
8.04963082e-01
8.05954564e-01
8.06658471e-01
8.07025552e-01
8.06993410e-01
8.06484596e-01
8.05404384e-01
8.03638111e-01
8.01047912e-01
7.97468489e-01
7.92701403e-01
7.86506931e-01
7.78591960e-01
7.68591275e-01
7.56037857e-01
7.40314637e-01
7.20575049e-01
6.95611615e-01
6.63642764e-01
6.21995396e-01
5.66783123e-01
4.93402858e-01
4.02192154e-01
3.25289399e-01
3.44678075e-01
3.36898858e-01
1.74354718e-01
3.57739767e-01
5.17387331e-01
6.27324720e-01
7.00355526e-01
7.49980894e-01
7.85037413e-01
8.10819508e-01
8.30475261e-01
8.45916265e-01
8.58342447e-01
8.68536066e-01
8.77026959e-01
8.84187131e-01
8.90286357e-01
8.95525857e-01
9.00059388e-01
9.04006861e-01
9.07463423e-01
9.10505687e-01
9.13196109e-01
9.15586144e-01
9.17718560e-01
9.19629161e-01
9.21348096e-01
9.22900843e-01
9.24308973e-01
9.25590722e-01
9.26761432e-01
9.27833859e-01
9.28818397e-01
9.29723209e-01
9.30554282e-01
9.31315407e-01
9.32008096e-01
9.32631421e-01
9.33181798e-01
9.33652688e-01
9.34034243e-01
9.34312873e-01
9.34470746e-01
9.34485214e-01
9.34328156e-01
9.33965237e-01
9.33355034e-01
9.32448015e-01
9.31185259e-01
9.29496785e-01
9.27299228e-01
9.24492453e-01
9.20954328e-01
9.16532438e-01
9.11030423e-01
9.04184867e-01
8.95624877e-01
8.84798828e-01
8.70835632e-01
8.52267974e-01
8.26447869e-01
7.88255845e-01
7.27304622e-01
6.23309681e-01
4.48860148e-01
2.27825389e-01
SCALARS pressure double 1
LOOKUP_TABLE default
-5.05604129e-01
-5.06109376e-01
-5.06394854e-01
-5.06657914e-01
-5.06903839e-01
-5.07124283e-01
-5.07308961e-01
-5.07449215e-01
-5.07539047e-01
-5.07574591e-01
-5.07553962e-01
-5.07476414e-01
-5.07342344e-01
-5.07152543e-01
-5.06908428e-01
-5.06611380e-01
-5.06263160e-01
-5.05865280e-01
-5.05419561e-01
-5.04927500e-01
-5.04390925e-01
-5.03811342e-01
-5.03190660e-01
-5.02530498e-01
-5.01832957e-01
-5.01099899e-01
-5.00333739e-01
-4.99536691e-01
-4.98711586e-01
-4.97861082e-01
-4.96988495e-01
-4.96096990e-01
-4.95190408e-01
-4.94272444e-01
-4.93347478e-01
-4.92419730e-01
-4.91494086e-01
-4.90575253e-01
-4.89668558e-01
-4.88779109e-01
-4.87912561e-01
-4.87074288e-01
-4.86270103e-01
-4.85505446e-01
-4.84786047e-01
-4.84117131e-01
-4.83504020e-01
-4.82951348e-01
-4.82463595e-01
-4.82044318e-01
-4.81696600e-01
-4.81422299e-01
-4.81222395e-01
-4.81096247e-01
-4.81041796e-01
-4.81054782e-01
-4.81128697e-01
-4.81253757e-01
-4.81416230e-01
-4.81596422e-01
-4.81765870e-01
-4.81881319e-01
-4.81874018e-01
-4.81492031e-01
-5.05985364e-01
-5.06268750e-01
-5.06462357e-01
-5.06669000e-01
-5.06869033e-01
-5.07049313e-01
-5.07199229e-01
-5.07310698e-01
-5.07377642e-01
-5.07396176e-01
-5.07363729e-01
-5.07279255e-01
-5.07142280e-01
-5.06953328e-01
-5.06712973e-01
-5.06422487e-01
-5.06082880e-01
-5.05695732e-01
-5.05262207e-01
-5.04784023e-01
-5.04262421e-01
-5.03699244e-01
-5.03095852e-01
-5.02454279e-01
-5.01776092e-01
-5.01063611e-01
-5.00318714e-01
-4.99544098e-01
-4.98742037e-01
-4.97915678e-01
-4.97067762e-01
-4.96201932e-01
-4.95321430e-01
-4.94430413e-01
-4.93532633e-01
-4.92632744e-01
-4.91734981e-01
-4.90844439e-01
-4.89965766e-01
-4.89104402e-01
-4.88265291e-01
-4.87454068e-01
-4.86675795e-01
-4.85936087e-01
-4.85239880e-01
-4.84592477e-01
-4.83998357e-01
-4.83462131e-01
-4.82987397e-01
-4.82577591e-01
-4.82234899e-01
-4.81960988e-01
-4.81755972e-01
-4.81619007e-01
-4.81547298e-01
-4.81536505e-01
-4.81579741e-01
-4.81667675e-01
-4.81787373e-01
-4.81921921e-01
-4.82049129e-01
-4.82141780e-01
-4.82171933e-01
-4.81994132e-01
-5.05974235e-01
-5.06216127e-01
-5.06366221e-01
-5.06536238e-01
-5.06703955e-01
-5.06854815e-01
-5.06978585e-01
-5.07067432e-01
-5.07115946e-01
-5.07120037e-01
-5.07077407e-01
-5.06986367e-01
-5.06846556e-01
-5.06657661e-01
-5.06420400e-01
-5.06135160e-01
-5.05803208e-01
-5.05425254e-01
-5.05002852e-01
-5.04536876e-01
-5.04029083e-01
-5.03480488e-01
-5.02893064e-01
-5.02268022e-01
-5.01607616e-01
-5.00913333e-01
-5.00187784e-01
-4.99432816e-01
-4.98651464e-01
-4.97846009e-01
-4.97019959e-01
-4.96176070e-01
-4.95318353e-01
-4.94450059e-01
-4.93575690e-01
-4.92698981e-01
-4.91824887e-01
-4.90957573e-01
-4.90102363e-01
-4.89263755e-01
-4.88447312e-01
-4.87657715e-01
-4.86900575e-01
-4.86180539e-01
-4.85503006e-01
-4.84872303e-01
-4.84293277e-01
-4.83769560e-01
-4.83305027e-01
-4.82902153e-01
-4.82563324e-01
-4.82289311e-01
-4.82080405e-01
-4.81935020e-01
-4.81850644e-01
-4.81822565e-01
-4.81844613e-01
-4.81908017e-01
-4.82001985e-01
-4.82112888e-01
-4.82225283e-01
-4.82323134e-01
-4.82395288e-01
-4.82304480e-01
-5.05840253e-01
-5.06104623e-01
-5.06250163e-01
-5.06406179e-01
-5.06556257e-01
-5.06688602e-01
-5.06794189e-01
-5.06866624e-01
-5.06900813e-01
-5.06893570e-01
-5.06842269e-01
-5.06745802e-01
-5.06603076e-01
-5.06414257e-01
-5.06179121e-01
-5.05898566e-01
-5.05572820e-01
-5.05203207e-01
-5.04790197e-01
-5.04335395e-01
-5.03839450e-01
-5.03304221e-01
-5.02730552e-01
-5.02120593e-01
-5.01475444e-01
-5.00797604e-01
-5.00088506e-01
-4.99351059e-01
-4.98587098e-01
-4.97799994e-01
-4.96992037e-01
-4.96167089e-01
-4.95327926e-01
-4.94478905e-01
-4.93623285e-01
-4.92765890e-01
-4.91910433e-01
-4.91062135e-01
-4.90225085e-01
-4.89404791e-01
-4.88605590e-01
-4.87833112e-01
-4.87091757e-01
-4.86387046e-01
-4.85723188e-01
-4.85105294e-01
-4.84537052e-01
-4.84022787e-01
-4.83565259e-01
-4.83167552e-01
-4.82831025e-01
-4.82557003e-01
-4.82344909e-01
-4.82193753e-01
-4.82100468e-01
-4.82061191e-01
-4.82069859e-01
-4.82119330e-01
-4.82200377e-01
-4.82302936e-01
-4.82416064e-01
-4.82530316e-01
-4.82640076e-01
-4.82605691e-01
-5.05654101e-01
-5.05961355e-01
-5.06123930e-01
-5.06282536e-01
-5.06427633e-01
-5.06550830e-01
-5.06645789e-01
-5.06707177e-01
-5.06731467e-01
-5.06715546e-01
-5.06657861e-01
-5.06556774e-01
-5.06412037e-01
-5.06222916e-01
-5.05989979e-01
-5.05713003e-01
-5.05393062e-01
-5.05030223e-01
-5.04625906e-01
-5.04180378e-01
-5.03695351e-01
-5.03171288e-01
-5.02610205e-01
-5.02012809e-01
-5.01381467e-01
-5.00717195e-01
-5.00022764e-01
-4.99299570e-01
-4.98550836e-01
-4.97778396e-01
-4.96985962e-01
-4.96175842e-01
-4.95352250e-01
-4.94517982e-01
-4.93677737e-01
-4.92834782e-01
-4.91994250e-01
-4.91159822e-01
-4.90336972e-01
-4.89529695e-01
-4.88743662e-01
-4.87983026e-01
-4.87253451e-01
-4.86559028e-01
-4.85905147e-01
-4.85295546e-01
-4.84735002e-01
-4.84226537e-01
-4.83773908e-01
-4.83379000e-01
-4.83044089e-01
-4.82769457e-01
-4.82555424e-01
-4.82400218e-01
-4.82301774e-01
-4.82255920e-01
-4.82257983e-01
-4.82301383e-01
-4.82379175e-01
-4.82483306e-01
-4.82606416e-01
-4.82742168e-01
-4.82887483e-01
-4.82901166e-01
-5.05457979e-01
-5.05812582e-01
-5.06002021e-01
-5.06173654e-01
-5.06322639e-01
-5.06444451e-01
-5.06534665e-01
-5.06590186e-01
-5.06608020e-01
-5.06586603e-01
-5.06524111e-01
-5.06420127e-01
-5.06273611e-01
-5.06084922e-01
-5.05853491e-01
-5.05580190e-01
-5.05264730e-01
-5.04908346e-01
-5.04510943e-01
-5.04074066e-01
-5.03597804e-01
-5.03084016e-01
-5.02533017e-01
-5.01947019e-01
-5.01326622e-01
-5.00674443e-01
-4.99991440e-01
-4.99280679e-01
-4.98543537e-01
-4.97783573e-01
-4.97002628e-01
-4.96204770e-01
-4.95392334e-01
-4.94569890e-01
-4.93740262e-01
-4.92908491e-01
-4.92077855e-01
-4.91253786e-01
-4.90439939e-01
-4.89642018e-01
-4.88863927e-01
-4.88111466e-01
-4.87388598e-01
-4.86700983e-01
-4.86052388e-01
-4.85448028e-01
-4.84891152e-01
-4.84386159e-01
-4.83935397e-01
-4.83542029e-01
-4.83207080e-01
-4.82932040e-01
-4.82716206e-01
-4.82559015e-01
-4.82457734e-01
-4.82409550e-01
-4.82409691e-01
-4.82453329e-01
-4.82534269e-01
-4.82646798e-01
-4.82785111e-01
-4.82945184e-01
-4.83124794e-01
-4.83182672e-01
-5.05278513e-01
-5.05678945e-01
-5.05898949e-01
-5.06088990e-01
-5.06247947e-01
-5.06373574e-01
-5.06464124e-01
-5.06517432e-01
-5.06532448e-01
-5.06507609e-01
-5.06442652e-01
-5.06336521e-01
-5.06189557e-01
-5.06001025e-01
-5.05771701e-01
-5.05501040e-01
-5.05190144e-01
-5.04838608e-01
-5.04447825e-01
-5.04017535e-01
-5.03549436e-01
-5.03043460e-01
-5.02501654e-01
-5.01924208e-01
-5.01313568e-01
-5.00670258e-01
-4.99997174e-01
-4.99295241e-01
-4.98567846e-01
-4.97816371e-01
-4.97044724e-01
-4.96254777e-01
-4.95450965e-01
-4.94635665e-01
-4.93813814e-01
-4.92988279e-01
-4.92164440e-01
-4.91345599e-01
-4.90537480e-01
-4.89743718e-01
-4.88970234e-01
-4.88220834e-01
-4.87501429e-01
-4.86815779e-01
-4.86169509e-01
-4.85566046e-01
-4.85010395e-01
-4.84505299e-01
-4.84054750e-01
-4.83660422e-01
-4.83324877e-01
-4.83048330e-01
-4.82831542e-01
-4.82672964e-01
-4.82571331e-01
-4.82523254e-01
-4.82525548e-01
-4.82573363e-01
-4.82662309e-01
-4.82787219e-01
-4.82944104e-01
-4.83129545e-01
-4.83342283e-01
-4.83440660e-01
-5.05133359e-01
-5.05576278e-01
-5.05827074e-01
-5.06038222e-01
-5.06210347e-01
-5.06343757e-01
-5.06437774e-01
-5.06492386e-01
-5.06506758e-01
-5.06481141e-01
-5.06414793e-01
-5.06308288e-01
-5.06160954e-01
-5.05973627e-01
-5.05745664e-01
-5.05478124e-01
-5.05170390e-01
-5.04823747e-01
-5.04437644e-01
-5.04013634e-01
-5.03551300e-01
-5.03052520e-01
-5.02517093e-01
-5.01947285e-01
-5.01343195e-01
-5.00707534e-01
-5.00040779e-01
-4.99346137e-01
-4.98624528e-01
-4.97879685e-01
-4.97113021e-01
-4.96328813e-01
-4.95528991e-01
-4.94718369e-01
-4.93899392e-01
-4.93077370e-01
-4.92255233e-01
-4.91438705e-01
-4.90631124e-01
-4.89838503e-01
-4.89064463e-01
-4.88315126e-01
-4.87594205e-01
-4.86907690e-01
-4.86259136e-01
-4.85654095e-01
-4.85095646e-01
-4.84588542e-01
-4.84135022e-01
-4.83738640e-01
-4.83400417e-01
-4.83122329e-01
-4.82903852e-01
-4.82745108e-01
-4.82643876e-01
-4.82598397e-01
-4.82604932e-01
-4.82660262e-01
-4.82759855e-01
-4.82900080e-01
-4.83077013e-01
-4.83288281e-01
-4.83532394e-01
-4.83667650e-01
-5.05035013e-01
-5.05516430e-01
-5.05797018e-01
-5.06029754e-01
-5.06217105e-01
-5.06360230e-01
-5.06460519e-01
-5.06518258e-01
-5.06534547e-01
-5.06509285e-01
-5.06443539e-01
-5.06336957e-01
-5.06190632e-01
-5.06004010e-01
-5.05778239e-01
-5.05512623e-01
-5.05208422e-01
-5.04864880e-01
-5.04483448e-01
-5.04063413e-01
-5.03606502e-01
-5.03112156e-01
-5.02582460e-01
-5.02017109e-01
-5.01418619e-01
-5.00787033e-01
-5.00125358e-01
-4.99434060e-01
-4.98716684e-01
-4.97974177e-01
-4.97210646e-01
-4.96427564e-01
-4.95629603e-01
-4.94818776e-01
-4.94000294e-01
-4.93176699e-01
-4.92353682e-01
-4.91534260e-01
-4.90724503e-01
-4.89927803e-01
-4.89150455e-01
-4.88396073e-01
-4.87670964e-01
-4.86978744e-01
-4.86325458e-01
-4.85714445e-01
-4.85151150e-01
-4.84638292e-01
-4.84180341e-01
-4.83779029e-01
-4.83437459e-01
-4.83156030e-01
-4.82936159e-01
-4.82776678e-01
-4.82677169e-01
-4.82634911e-01
-4.82647835e-01
-4.82712085e-01
-4.82824601e-01
-4.82981336e-01
-4.83179420e-01
-4.83416002e-01
-4.83689904e-01
-4.83858462e-01
-5.04992460e-01
-5.05508768e-01
-5.05817204e-01
-5.06071486e-01
-5.06274451e-01
-5.06428956e-01
-5.06536613e-01
-5.06599594e-01
-5.06618712e-01
-5.06595758e-01
-5.06530956e-01
-5.06425851e-01
-5.06280193e-01
-5.06095372e-01
-5.05870775e-01
-5.05607744e-01
-5.05305438e-01
-5.04965270e-01
-5.04586315e-01
-5.04170183e-01
-5.03716009e-01
-5.03225709e-01
-5.02698607e-01
-5.02137026e-01
-5.01540587e-01
-5.00912095e-01
-5.00251566e-01
-4.99562343e-01
-4.98844911e-01
-4.98103188e-01
-4.97338184e-01
-4.96554407e-01
-4.95753426e-01
-4.94940327e-01
-4.94117244e-01
-4.93289802e-01
-4.92460667e-01
-4.91635923e-01
-4.90818700e-01
-4.90015411e-01
-4.89229522e-01
-4.88467596e-01
-4.87733250e-01
-4.87032951e-01
-4.86370219e-01
-4.85751118e-01
-4.85178760e-01
-4.84658447e-01
-4.84192532e-01
-4.83785164e-01
-4.83437578e-01
-4.83152416e-01
-4.82929498e-01
-4.82769709e-01
-4.82671330e-01
-4.82633484e-01
-4.82653082e-01
-4.82727839e-01
-4.82853889e-01
-4.83028333e-01
-4.83247539e-01
-4.83509158e-01
-4.83811078e-01
-4.84010153e-01
-5.05012640e-01
-5.05560433e-01
-5.05895010e-01
-5.06169799e-01
-5.06388788e-01
-5.06554857e-01
-5.06671297e-01
-5.06739991e-01
-5.06763619e-01
-5.06743190e-01
-5.06680886e-01
-5.06576965e-01
-5.06433223e-01
-5.06249309e-01
-5.06026773e-01
-5.05764829e-01
-5.05464944e-01
-5.05126081e-01
-5.04749790e-01
-5.04334968e-01
-5.03883398e-01
-5.03394073e-01
-5.02869133e-01
-5.02307811e-01
-5.01712702e-01
-5.01083392e-01
-5.00423008e-01
-4.99731581e-01
-4.99012820e-01
-4.98267275e-01
-4.97499264e-01
-4.96709902e-01
-4.95904125e-01
-4.95083637e-01
-4.94253964e-01
-4.93417393e-01
-4.92579981e-01
-4.91744550e-01
-4.90917586e-01
-4.90102351e-01
-4.89305604e-01
-4.88530894e-01
-4.87785040e-01
-4.87071662e-01
-4.86397361e-01
-4.85765552e-01
-4.85182281e-01
-4.84650423e-01
-4.84175093e-01
-4.83758269e-01
-4.83403755e-01
-4.83112293e-01
-4.82886057e-01
-4.82724322e-01
-4.82627469e-01
-4.82593284e-01
-4.82620462e-01
-4.82705599e-01
-4.82846173e-01
-4.83038260e-01
-4.83278965e-01
-4.83564848e-01
-4.83893762e-01
-4.84121137e-01
-5.05100805e-01
-5.05677480e-01
-5.06036213e-01
-5.06330869e-01
-5.06565218e-01
-5.06743494e-01
-5.06868647e-01
-5.06944303e-01
-5.06972401e-01
-5.06955896e-01
-5.06895740e-01
-5.06794287e-01
-5.06651627e-01
-5.06469657e-01
-5.06247796e-01
-5.05987674e-01
-5.05688262e-01
-5.05351126e-01
-5.04975015e-01
-5.04561618e-01
-5.04109665e-01
-5.03621133e-01
-5.03094905e-01
-5.02533375e-01
-5.01935722e-01
-5.01304852e-01
-5.00640354e-01
-4.99945715e-01
-4.99221024e-01
-4.98470393e-01
-4.97694476e-01
-4.96898027e-01
-4.96082310e-01
-4.95252714e-01
-4.94411123e-01
-4.93563520e-01
-4.92712387e-01
-4.91864224e-01
-4.91022042e-01
-4.90192730e-01
-4.89379706e-01
-4.88590063e-01
-4.87827445e-01
-4.87098900e-01
-4.86408055e-01
-4.85761604e-01
-4.85162848e-01
-4.84617769e-01
-4.84128995e-01
-4.83701410e-01
-4.83336610e-01
-4.83038019e-01
-4.82805897e-01
-4.82641932e-01
-4.82544877e-01
-4.82514594e-01
-4.82548391e-01
-4.82644492e-01
-4.82799126e-01
-4.83009408e-01
-4.83271194e-01
-4.83581343e-01
-4.83936366e-01
-4.84191024e-01
-5.05261415e-01
-5.05864654e-01
-5.06246254e-01
-5.06559532e-01
-5.06809216e-01
-5.06999129e-01
-5.07133762e-01
-5.07216028e-01
-5.07249734e-01
-5.07236669e-01
-5.07179876e-01
-5.07080054e-01
-5.06939582e-01
-5.06758246e-01
-5.06537953e-01
-5.06277819e-01
-5.05979511e-01
-5.05641736e-01
-5.05266151e-01
-5.04851296e-01
-5.04399022e-01
-5.03907916e-01
-5.03380183e-01
-5.02814632e-01
-5.02213946e-01
-5.01577295e-01
-5.00907933e-01
-5.00205499e-01
-4.99473876e-01
-4.98713260e-01
-4.97928197e-01
-4.97119498e-01
-4.96292381e-01
-4.95448303e-01
-4.94593136e-01
-4.93728983e-01
-4.92862308e-01
-4.91995822e-01
-4.91136480e-01
-4.90287506e-01
-4.89456192e-01
-4.88646128e-01
-4.87864723e-01
-4.87115720e-01
-4.86406367e-01
-4.85740283e-01
-4.85124217e-01
-4.84561338e-01
-4.84057519e-01
-4.83615121e-01
-4.83238755e-01
-4.82929628e-01
-4.82690746e-01
-4.82521889e-01
-4.82424224e-01
-4.82395977e-01
-4.82436434e-01
-4.82542373e-01
-4.82711432e-01
-4.82939341e-01
-4.83222642e-01
-4.83556769e-01
-4.83938103e-01
-4.84219750e-01
-5.05498045e-01
-5.06126390e-01
-5.06529411e-01
-5.06860850e-01
-5.07124963e-01
-5.07326852e-01
-5.07470328e-01
-5.07560043e-01
-5.07598709e-01
-5.07590156e-01
-5.07535845e-01
-5.07438759e-01
-5.07299213e-01
-5.07119509e-01
-5.06899052e-01
-5.06639710e-01
-5.06340264e-01
-5.06002411e-01
-5.05624593e-01
-5.05208579e-01
-5.04752725e-01
-5.04259075e-01
-5.03726109e-01
-5.03156299e-01
-5.02548423e-01
-5.01905496e-01
-5.01226726e-01
-5.00515752e-01
-4.99772315e-01
-4.99000730e-01
-4.98201350e-01
-4.97379190e-01
-4.96535266e-01
-4.95675293e-01
-4.94800967e-01
-4.93918666e-01
-4.93030755e-01
-4.92144195e-01
-4.91261959e-01
-4.90391460e-01
-4.89536161e-01
-4.88703743e-01
-4.87897978e-01
-4.87126565e-01
-4.86393340e-01
-4.85705709e-01
-4.85067270e-01
-4.84484777e-01
-4.83961247e-01
-4.83502394e-01
-4.83110296e-01
-4.82789248e-01
-4.82540057e-01
-4.82365273e-01
-4.82264180e-01
-4.82237371e-01
-4.82282499e-01
-4.82398173e-01
-4.82580534e-01
-4.82826450e-01
-4.83130976e-01
-4.83489860e-01
-4.83897939e-01
-4.84207627e-01
-5.05814118e-01
-5.06466308e-01
-5.06890142e-01
-5.07238740e-01
-5.07517330e-01
-5.07730378e-01
-5.07883260e-01
-5.07979631e-01
-5.08024154e-01
-5.08019175e-01
-5.07968397e-01
-5.07872815e-01
-5.07735251e-01
-5.07555544e-01
-5.07335869e-01
-5.07075209e-01
-5.06775383e-01
-5.06434836e-01
-5.06055313e-01
-5.05635015e-01
-5.05175856e-01
-5.04676048e-01
-5.04137865e-01
-5.03559730e-01
-5.02944423e-01
-5.02290742e-01
-5.01602074e-01
-5.00877716e-01
-5.00121736e-01
-4.99334024e-01
-4.98519368e-01
-4.97678328e-01
-4.96816423e-01
-4.95934923e-01
-4.95040066e-01
-4.94133837e-01
-4.93223140e-01
-4.92310643e-01
-4.91403810e-01
-4.90505907e-01
-4.89624802e-01
-4.88764209e-01
-4.87932180e-01
-4.87132666e-01
-4.86373618e-01
-4.85658953e-01
-4.84996184e-01
-4.84388869e-01
-4.83843711e-01
-4.83363557e-01
-4.82953911e-01
-4.82616560e-01
-4.82355438e-01
-4.82170948e-01
-4.82065134e-01
-4.82036765e-01
-4.82085776e-01
-4.82209177e-01
-4.82404752e-01
-4.82667853e-01
-4.82994371e-01
-4.83378501e-01
-4.83815005e-01
-4.84154527e-01
-5.06212604e-01
-5.06888202e-01
-5.07332024e-01
-5.07697721e-01
-5.07989946e-01
-5.08214515e-01
-5.08375933e-01
-5.08479683e-01
-5.08529081e-01
-5.08528645e-01
-5.08480198e-01
-5.08387201e-01
-5.08250081e-01
-5.08071433e-01
-5.07850576e-01
-5.07589541e-01
-5.07286885e-01
-5.06944394e-01
-5.06560204e-01
-5.06136142e-01
-5.05670212e-01
-5.05164517e-01
-5.04617172e-01
-5.04030729e-01
-5.03403609e-01
-5.02738943e-01
-5.02035602e-01
-5.01297390e-01
-5.00523746e-01
-4.99719203e-01
-4.98883860e-01
-4.98023009e-01
-4.97137471e-01
-4.96233302e-01
-4.95312074e-01
-4.94380576e-01
-4.93441125e-01
-4.92501165e-01
-4.91563703e-01
-4.90636708e-01
-4.89723761e-01
-4.88833167e-01
-4.87968899e-01
-4.87139342e-01
-4.86348618e-01
-4.85604881e-01
-4.84912104e-01
-4.84277854e-01
-4.83705621e-01
-4.83202006e-01
-4.82769674e-01
-4.82413878e-01
-4.82136113e-01
-4.81939923e-01
-4.81825305e-01
-4.81793761e-01
-4.81843507e-01
-4.81973735e-01
-4.82180704e-01
-4.82461202e-01
-4.82809621e-01
-4.83220657e-01
-4.83687478e-01
-4.84060067e-01
-5.06696717e-01
-5.07395346e-01
-5.07859194e-01
-5.08241310e-01
-5.08547437e-01
-5.08782668e-01
-5.08953196e-01
-5.09063334e-01
-5.09118482e-01
-5.09121429e-01
-5.09076397e-01
-5.08984559e-01
-5.08849049e-01
-5.08669663e-01
-5.08448741e-01
-5.08185074e-01
-5.07880562e-01
-5.07533365e-01
-5.07145277e-01
-5.06714168e-01
-5.06241998e-01
-5.05726631e-01
-5.05170406e-01
-5.04571404e-01
-5.03932503e-01
-5.03252177e-01
-5.02533954e-01
-5.01776838e-01
-5.00985086e-01
-5.00158339e-01
-4.99301632e-01
-4.98415325e-01
-4.97505251e-01
-4.96572544e-01
-4.95623824e-01
-4.94661017e-01
-4.93691480e-01
-4.92717903e-01
-4.91748281e-01
-4.90785983e-01
-4.89839478e-01
-4.88912669e-01
-4.88014271e-01
-4.87148504e-01
-4.86324044e-01
-4.85545156e-01
-4.84820139e-01
-4.84152992e-01
-4.83551277e-01
-4.83018398e-01
-4.82560813e-01
-4.82181002e-01
-4.81883955e-01
-4.81670895e-01
-4.81544976e-01
-4.81505812e-01
-4.81554335e-01
-4.81688188e-01
-4.81905718e-01
-4.82202316e-01
-4.82573583e-01
-4.83012746e-01
-4.83513084e-01
-4.83922744e-01
-5.07269486e-01
-5.07991530e-01
-5.08475097e-01
-5.08873936e-01
-5.09193228e-01
-5.09439591e-01
-5.09618269e-01
-5.09735566e-01
-5.09795359e-01
-5.09802758e-01
-5.09759845e-01
-5.09670424e-01
-5.09534921e-01
-5.09356094e-01
-5.09133087e-01
-5.08867997e-01
-5.08559108e-01
-5.08208235e-01
-5.07813195e-01
-5.07375841e-01
-5.06893847e-01
-5.06369362e-01
-5.05800173e-01
-5.05188915e-01
-5.04533695e-01
-5.03837768e-01
-5.03099719e-01
-5.02323519e-01
-5.01508359e-01
-5.00658993e-01
-4.99775317e-01
-4.98862904e-01
-4.97922430e-01
-4.96960301e-01
-4.95978015e-01
-4.94982782e-01
-4.93976924e-01
-4.92968383e-01
-4.91960255e-01
-4.90961080e-01
-4.89974610e-01
-4.89009787e-01
-4.88070834e-01
-4.87166831e-01
-4.86302221e-01
-4.85485906e-01
-4.84722260e-01
-4.84019658e-01
-4.83382099e-01
-4.82817084e-01
-4.82327929e-01
-4.81920930e-01
-4.81598424e-01
-4.81365159e-01
-4.81222164e-01
-4.81172247e-01
-4.81214709e-01
-4.81349925e-01
-4.81574955e-01
-4.81887201e-01
-4.82281042e-01
-4.82750644e-01
-4.83287815e-01
-4.83740126e-01
-5.07934477e-01
-5.08680239e-01
-5.09184037e-01
-5.09599121e-01
-5.09931991e-01
-5.10188587e-01
-5.10376060e-01
-5.10499463e-01
-5.10564925e-01
-5.10575619e-01
-5.10536166e-01
-5.10447792e-01
-5.10313787e-01
-5.10133785e-01
-5.09910159e-01
-5.09641424e-01
-5.09329475e-01
-5.08972155e-01
-5.08571255e-01
-5.08124322e-01
-5.07633345e-01
-5.07095869e-01
-5.06514302e-01
-5.05886423e-01
-5.05215220e-01
-5.04498887e-01
-5.03741105e-01
-5.02940631e-01
-5.02101919e-01
-5.01224406e-01
-5.00313377e-01
-4.99369039e-01
-4.98397538e-01
-4.97399920e-01
-4.96383189e-01
-4.95349257e-01
-4.94305942e-01
-4.93256005e-01
-4.92207973e-01
-4.91165372e-01
-4.90137274e-01
-4.89127813e-01
-4.88146363e-01
-4.87197443e-01
-4.86290432e-01
-4.85429959e-01
-4.84625070e-01
-4.83880206e-01
-4.83203750e-01
-4.82599678e-01
-4.82075402e-01
-4.81634182e-01
-4.81282187e-01
-4.81021711e-01
-4.80857369e-01
-4.80790148e-01
-4.80822649e-01
-4.80954003e-01
-4.81184091e-01
-4.81509403e-01
-4.81926265e-01
-4.82427811e-01
-4.83006396e-01
-4.83507796e-01
-5.08695302e-01
-5.09465772e-01
-5.09989780e-01
-5.10421550e-01
-5.10767195e-01
-5.11034497e-01
-5.11229720e-01
-5.11360140e-01
-5.11430227e-01
-5.11445610e-01
-5.11408505e-01
-5.11322876e-01
-5.11188985e-01
-5.11009572e-01
-5.10783482e-01
-5.10512750e-01
-5.10195323e-01
-5.09832975e-01
-5.09423192e-01
-5.08967831e-01
-5.08464258e-01
-5.07914671e-01
-5.07316574e-01
-5.06672695e-01
-5.05980879e-01
-5.05244515e-01
-5.04461953e-01
-5.03637340e-01
-5.02769664e-01
-5.01863899e-01
-5.00919784e-01
-4.99943168e-01
-4.98934625e-01
-4.97900902e-01
-4.96843467e-01
-4.95769945e-01
-4.94682709e-01
-4.93590192e-01
-4.92495625e-01
-4.91408114e-01
-4.90331622e-01
-4.89275714e-01
-4.88244890e-01
-4.87248892e-01
-4.86292491e-01
-4.85385276e-01
-4.84532001e-01
-4.83741770e-01
-4.83019046e-01
-4.82372160e-01
-4.81805071e-01
-4.81325122e-01
-4.80935613e-01
-4.80642714e-01
-4.80448892e-01
-4.80358860e-01
-4.80373865e-01
-4.80496563e-01
-4.80726171e-01
-4.81062200e-01
-4.81500561e-01
-4.82036250e-01
-4.82660689e-01
-4.83219376e-01
-5.09556423e-01
-5.10352366e-01
-5.10897242e-01
-5.11345063e-01
-5.11703719e-01
-5.11980588e-01
-5.12184211e-01
-5.12320619e-01
-5.12396697e-01
-5.12415907e-01
-5.12383059e-01
-5.12299207e-01
-5.12167549e-01
-5.11987356e-01
-5.11760847e-01
-5.11486151e-01
-5.11165051e-01
-5.10795040e-01
-5.10377874e-01
-5.09910794e-01
-5.09395819e-01
-5.08830231e-01
-5.08216517e-01
-5.07552221e-01
-5.06840450e-01
-5.06079186e-01
-5.05272263e-01
-5.04418249e-01
-5.03521792e-01
-5.02582169e-01
-5.01604905e-01
-5.00590095e-01
-4.99544184e-01
-4.98468166e-01
-4.97369412e-01
-4.96249862e-01
-4.95117778e-01
-4.93976030e-01
-4.92833669e-01
-4.91694408e-01
-4.90567905e-01
-4.89458549e-01
-4.88376340e-01
-4.87326094e-01
-4.86317831e-01
-4.85356500e-01
-4.84451795e-01
-4.83608518e-01
-4.82835738e-01
-4.82137902e-01
-4.81523265e-01
-4.80995832e-01
-4.80562974e-01
-4.80228255e-01
-4.79998120e-01
-4.79875608e-01
-4.79865975e-01
-4.79971240e-01
-4.80194581e-01
-4.80535688e-01
-4.80993851e-01
-4.81564238e-01
-4.82239911e-01
-4.82865041e-01
-5.10522701e-01
-5.11345468e-01
-5.11910997e-01
-5.12374862e-01
-5.12745141e-01
-5.13031706e-01
-5.13242488e-01
-5.13386018e-01
-5.13467378e-01
-5.13492492e-01
-5.13463403e-01
-5.13383871e-01
-5.13253676e-01
-5.13075250e-01
-5.12846944e-01
-5.12570565e-01
-5.12243658e-01
-5.11867895e-01
-5.11440453e-01
-5.10963195e-01
-5.10433240e-01
-5.09852866e-01
-5.09219369e-01
-5.08535597e-01
-5.07799210e-01
-5.07013746e-01
-5.06177382e-01
-5.05294441e-01
-5.04363758e-01
-5.03390517e-01
-5.02374334e-01
-5.01321316e-01
-5.00231966e-01
-4.99113348e-01
-4.97966929e-01
-4.96800726e-01
-4.95617192e-01
-4.94425232e-01
-4.93228239e-01
-4.92035861e-01
-4.90852295e-01
-4.89687696e-01
-4.88546836e-01
-4.87440060e-01
-4.86372422e-01
-4.85354092e-01
-4.84390101e-01
-4.83490111e-01
-4.82658891e-01
-4.81905388e-01
-4.81234029e-01
-4.80653029e-01
-4.80166597e-01
-4.79782382e-01
-4.79504617e-01
-4.79340552e-01
-4.79294493e-01
-4.79373012e-01
-4.79579746e-01
-4.79919141e-01
-4.80391879e-01
-4.80997052e-01
-4.81728445e-01
-4.82431026e-01
-5.11600443e-01
-5.12450943e-01
-5.13037144e-01
-5.13515307e-01
-5.13896430e-01
-5.14190791e-01
-5.14409212e-01
-5.14559037e-01
-5.14647767e-01
-5.14678751e-01
-5.14656448e-01
-5.14581219e-01
-5.14455690e-01
-5.14278428e-01
-5.14051226e-01
-5.13771689e-01
-5.13441395e-01
-5.13057495e-01
-5.12621717e-01
-5.12131080e-01
-5.11587681e-01
-5.10988641e-01
-5.10336581e-01
-5.09628903e-01
-5.08868872e-01
-5.08054330e-01
-5.07189283e-01
-5.06272160e-01
-5.05307798e-01
-5.04295350e-01
-5.03240561e-01
-5.02143436e-01
-5.01010686e-01
-4.99843277e-01
-4.98648913e-01
-4.97429578e-01
-4.96193949e-01
-4.94945025e-01
-4.93692347e-01
-4.92439838e-01
-4.91197702e-01
-4.89970587e-01
-4.88769057e-01
-4.87598194e-01
-4.86468550e-01
-4.85385300e-01
-4.84358603e-01
-4.83393436e-01
-4.82499285e-01
-4.81680800e-01
-4.80946746e-01
-4.80301588e-01
-4.79753642e-01
-4.79307645e-01
-4.78972001e-01
-4.78752333e-01
-4.78657621e-01
-4.78694611e-01
-4.78872510e-01
-4.79197936e-01
-4.79677721e-01
-4.80314081e-01
-4.81105379e-01
-4.81897219e-01
-5.12797299e-01
-5.13676724e-01
-5.14281812e-01
-5.14772189e-01
-5.15160859e-01
-5.15462030e-01
-5.15686512e-01
-5.15844310e-01
-5.15940685e-01
-5.15981060e-01
-5.15966447e-01
-5.15899588e-01
-5.15779161e-01
-5.15606815e-01
-5.15380132e-01
-5.15100531e-01
-5.14765131e-01
-5.14375519e-01
-5.13928669e-01
-5.13426536e-01
-5.12866139e-01
-5.12249925e-01
-5.11575119e-01
-5.10844756e-01
-5.10056413e-01
-5.09213813e-01
-5.08315031e-01
-5.07364567e-01
-5.06361145e-01
-5.05310135e-01
-5.04211055e-01
-5.03070229e-01
-5.01888101e-01
-5.00672006e-01
-4.99423420e-01
-4.98150704e-01
-4.96856402e-01
-4.95549847e-01
-4.94234607e-01
-4.92920828e-01
-4.91612945e-01
-4.90321641e-01
-4.89051946e-01
-4.87814704e-01
-4.86615176e-01
-4.85463941e-01
-4.84366129e-01
-4.83331681e-01
-4.82365363e-01
-4.81476323e-01
-4.80669022e-01
-4.79952040e-01
-4.79330037e-01
-4.78811741e-01
-4.78402995e-01
-4.78113797e-01
-4.77952387e-01
-4.77931061e-01
-4.78060999e-01
-4.78356265e-01
-4.78828670e-01
-4.79488998e-01
-4.80341115e-01
-4.81235306e-01
-5.14124141e-01
-5.15032496e-01
-5.15653260e-01
-5.16150186e-01
-5.16542502e-01
-5.16846822e-01
-5.17077658e-01
-5.17243507e-01
-5.17351390e-01
-5.17403125e-01
-5.17401411e-01
-5.17344773e-01
-5.17234404e-01
-5.17067628e-01
-5.16845501e-01
-5.16565018e-01
-5.16227568e-01
-5.15830099e-01
-5.15374456e-01
-5.14857645e-01
-5.14282002e-01
-5.13644681e-01
-5.12948559e-01
-5.12191045e-01
-5.11375630e-01
-5.10500117e-01
-5.09568701e-01
-5.08579732e-01
-5.07538212e-01
-5.06443198e-01
-5.05300607e-01
-5.04110364e-01
-5.02879385e-01
-5.01608604e-01
-5.00305995e-01
-4.98973588e-01
-4.97620410e-01
-4.96249593e-01
-4.94871112e-01
-4.93489097e-01
-4.92114241e-01
-4.90751433e-01
-4.89411717e-01
-4.88100381e-01
-4.86828360e-01
-4.85600910e-01
-4.84428392e-01
-4.83315672e-01
-4.82272222e-01
-4.81302409e-01
-4.80414880e-01
-4.79613871e-01
-4.78907854e-01
-4.78301994e-01
-4.77805992e-01
-4.77427758e-01
-4.77180313e-01
-4.77076572e-01
-4.77134897e-01
-4.77374381e-01
-4.77817857e-01
-4.78485953e-01
-4.79395240e-01
-4.80404027e-01
-5.15596527e-01
-5.16532374e-01
-5.17160388e-01
-5.17654764e-01
-5.18042332e-01
-5.18346543e-01
-5.18582281e-01
-5.18759798e-01
-5.18882230e-01
-5.18952014e-01
-5.18967002e-01
-5.18927298e-01
-5.18829427e-01
-5.18673637e-01
-5.18456519e-01
-5.18179087e-01
-5.17838221e-01
-5.17435657e-01
-5.16968473e-01
-5.16438985e-01
-5.15844404e-01
-5.15187558e-01
-5.14465818e-01
-5.13682538e-01
-5.12835357e-01
-5.11928231e-01
-5.10959213e-01
-5.09932977e-01
-5.08848164e-01
-5.07710287e-01
-5.06518766e-01
-5.05280071e-01
-5.03994575e-01
-5.02669805e-01
-5.01307223e-01
-4.99915460e-01
-4.98497134e-01
-4.97061934e-01
-4.95613590e-01
-4.94162677e-01
-4.92713851e-01
-4.91278244e-01
-4.89861097e-01
-4.88473632e-01
-4.87121204e-01
-4.85814579e-01
-4.84558749e-01
-4.83363545e-01
-4.82233280e-01
-4.81176665e-01
-4.80197444e-01
-4.79303604e-01
-4.78499164e-01
-4.77792670e-01
-4.77190300e-01
-4.76703638e-01
-4.76344199e-01
-4.76130402e-01
-4.76083393e-01
-4.76232581e-01
-4.76611466e-01
-4.77258946e-01
-4.78210447e-01
-4.79343394e-01
-5.17239962e-01
-5.18196161e-01
-5.18814709e-01
-5.19288397e-01
-5.19659644e-01
-5.19957512e-01
-5.20199851e-01
-5.20392732e-01
-5.20538218e-01
-5.20632564e-01
-5.20673589e-01
-5.20655908e-01
-5.20578048e-01
-5.20435566e-01
-5.20228680e-01
-5.19954015e-01
-5.19613130e-01
-5.19203247e-01
-5.18726762e-01
-5.18181119e-01
-5.17569245e-01
-5.16888661e-01
-5.16142726e-01
-5.15329068e-01
-5.14451517e-01
-5.13507946e-01
-5.12502764e-01
-5.11434282e-01
-5.10307633e-01
-5.09121774e-01
-5.07882717e-01
-5.06590280e-01
-5.05251493e-01
-5.03867218e-01
-5.02445604e-01
-5.00988685e-01
-4.99505750e-01
-4.98000031e-01
-4.96481852e-01
-4.94955526e-01
-4.93432144e-01
-4.91916803e-01
-4.90420915e-01
-4.88949890e-01
-4.87514869e-01
-4.86121003e-01
-4.84778542e-01
-4.83491861e-01
-4.82269869e-01
-4.81115964e-01
-4.80037738e-01
-4.79038054e-01
-4.78124064e-01
-4.77299598e-01
-4.76573550e-01
-4.75953823e-01
-4.75455221e-01
-4.75095268e-01
-4.74901783e-01
-4.74910633e-01
-4.75172089e-01
-4.75747466e-01
-4.76706494e-01
-4.77962708e-01
-5.19098491e-01
-5.20054490e-01
-5.20627465e-01
-5.21050026e-01
-5.21385950e-01
-5.21672789e-01
-5.21924461e-01
-5.22143167e-01
-5.22322003e-01
-5.22454253e-01
-5.22530455e-01
-5.22545609e-01
-5.22492928e-01
-5.22370961e-01
-5.22175593e-01
-5.21907993e-01
-5.21565534e-01
-5.21150809e-01
-5.20661711e-01
-5.20101491e-01
-5.19468077e-01
-5.18765045e-01
-5.17990248e-01
-5.17147547e-01
-5.16234815e-01
-5.15256307e-01
-5.14210122e-01
-5.13101076e-01
-5.11927737e-01
-5.10695674e-01
-5.09404177e-01
-5.08059752e-01
-5.06662647e-01
-5.05220459e-01
-5.03734583e-01
-5.02213798e-01
-5.00660744e-01
-4.99085358e-01
-4.97491489e-01
-4.95890039e-01
-4.94285842e-01
-4.92690372e-01
-4.91109009e-01
-4.89553205e-01
-4.88028271e-01
-4.86544913e-01
-4.85107697e-01
-4.83725901e-01
-4.82402835e-01
-4.81145989e-01
-4.79957393e-01
-4.78843078e-01
-4.77804679e-01
-4.76848251e-01
-4.75977382e-01
-4.75201528e-01
-4.74531086e-01
-4.73985806e-01
-4.73592831e-01
-4.73396428e-01
-4.73460222e-01
-4.73877330e-01
-4.74768577e-01
-4.76121053e-01
-5.21255416e-01
-5.22152408e-01
-5.22606929e-01
-5.22925875e-01
-5.23203273e-01
-5.23475921e-01
-5.23748745e-01
-5.24008901e-01
-5.24240724e-01
-5.24426416e-01
-5.24553931e-01
-5.24611563e-01
-5.24594426e-01
-5.24496638e-01
-5.24318446e-01
-5.24057255e-01
-5.23715954e-01
-5.23293163e-01
-5.22792774e-01
-5.22213491e-01
-5.21559440e-01
-5.20829020e-01
-5.20026389e-01
-5.19149666e-01
-5.18203133e-01
-5.17184847e-01
-5.16099420e-01
-5.14945135e-01
-5.13727174e-01
-5.12444352e-01
-5.11102655e-01
-5.09701721e-01
-5.08248554e-01
-5.06743865e-01
-5.05195834e-01
-5.03606425e-01
-5.01985050e-01
-5.00334979e-01
-4.98666757e-01
-4.96984824e-01
-4.95300550e-01
-4.93619170e-01
-4.91952327e-01
-4.90305442e-01
-4.88689660e-01
-4.87109815e-01
-4.85575699e-01
-4.84090791e-01
-4.82662825e-01
-4.81293472e-01
-4.79988190e-01
-4.78747063e-01
-4.77573964e-01
-4.76468753e-01
-4.75435841e-01
-4.74478087e-01
-4.73605152e-01
-4.72830054e-01
-4.72178959e-01
-4.71693641e-01
-4.71448044e-01
-4.71563801e-01
-4.72235901e-01
-4.73588058e-01
-5.23874595e-01
-5.24551410e-01
-5.24741530e-01
-5.24878879e-01
-5.25073940e-01
-5.25342835e-01
-5.25660255e-01
-5.25991879e-01
-5.26302749e-01
-5.26566843e-01
-5.26762543e-01
-5.26878148e-01
-5.26903936e-01
-5.26838116e-01
-5.26677724e-01
-5.26425982e-01
-5.26082576e-01
-5.25652497e-01
-5.25135768e-01
-5.24537561e-01
-5.23857309e-01
-5.23099865e-01
-5.22263958e-01
-5.21354169e-01
-5.20368763e-01
-5.19312315e-01
-5.18182988e-01
-5.16985663e-01
-5.15718779e-01
-5.14387830e-01
-5.12991884e-01
-5.11537328e-01
-5.10024179e-01
-5.08459943e-01
-5.06845842e-01
-5.05190645e-01
-5.03496924e-01
-5.01774714e-01
-5.00027904e-01
-4.98267585e-01
-4.96498693e-01
-4.94732897e-01
-4.92975623e-01
-4.91238368e-01
-4.89526231e-01
-4.87849581e-01
-4.86212253e-01
-4.84622514e-01
-4.83082122e-01
-4.81596561e-01
-4.80165156e-01
-4.78790584e-01
-4.77470215e-01
-4.76204900e-01
-4.74991709e-01
-4.73832064e-01
-4.72726269e-01
-4.71681662e-01
-4.70710864e-01
-4.69844393e-01
-4.69143098e-01
-4.68737529e-01
-4.68894264e-01
-4.69970415e-01
-5.27285037e-01
-5.27301204e-01
-5.26961457e-01
-5.26823584e-01
-5.26937028e-01
-5.27239135e-01
-5.27650130e-01
-5.28097653e-01
-5.28527591e-01
-5.28898860e-01
-5.29186654e-01
-5.29373512e-01
-5.29453417e-01
-5.29422089e-01
-5.29282947e-01
-5.29037146e-01
-5.28691438e-01
-5.28247950e-01
-5.27713675e-01
-5.27089815e-01
-5.26382529e-01
-5.25591697e-01
-5.24722613e-01
-5.23774108e-01
-5.22750974e-01
-5.21651475e-01
-5.20480340e-01
-5.19235761e-01
-5.17922813e-01
-5.16540061e-01
-5.15093288e-01
-5.13581827e-01
-5.12012468e-01
-5.10385651e-01
-5.08709400e-01
-5.06985498e-01
-5.05223311e-01
-5.03426044e-01
-5.01604312e-01
-4.99762586e-01
-4.97912366e-01
-4.96058925e-01
-4.94213958e-01
-4.92382756e-01
-4.90576222e-01
-4.88798629e-01
-4.87058940e-01
-4.85359334e-01
-4.83705793e-01
-4.82097590e-01
-4.80537140e-01
-4.79020607e-01
-4.77546984e-01
-4.76109922e-01
-4.74705899e-01
-4.73327241e-01
-4.71969161e-01
-4.70623959e-01
-4.69287322e-01
-4.67956280e-01
-4.66644480e-01
-4.65417271e-01
-4.64519382e-01
-4.64573360e-01
-5.32113725e-01
-5.30296476e-01
-5.29045084e-01
-5.28602265e-01
-5.28707359e-01
-5.29134061e-01
-5.29718504e-01
-5.30348612e-01
-5.30946161e-01
-5.31462200e-01
-5.31864701e-01
-5.32139410e-01
-5.32278824e-01
-5.32286019e-01
-5.32164053e-01
-5.31922345e-01
-5.31566328e-01
-5.31105985e-01
-5.30545435e-01
-5.29893082e-01
-5.29150790e-01
-5.28325182e-01
-5.27416187e-01
-5.26429171e-01
-5.25362827e-01
-5.24221921e-01
-5.23004596e-01
-5.21715603e-01
-5.20353118e-01
-5.18922350e-01
-5.17422003e-01
-5.15858129e-01
-5.14230378e-01
-5.12545959e-01
-5.10805796e-01
-5.09018460e-01
-5.07186342e-01
-5.05319409e-01
-5.03421490e-01
-5.01503712e-01
-4.99571007e-01
-4.97635079e-01
-4.95701255e-01
-4.93780864e-01
-4.91878571e-01
-4.90004089e-01
-4.88160175e-01
-4.86353623e-01
-4.84584129e-01
-4.82854554e-01
-4.81160835e-01
-4.79501492e-01
-4.77868685e-01
-4.76256804e-01
-4.74654555e-01
-4.73052126e-01
-4.71433602e-01
-4.69781200e-01
-4.68065420e-01
-4.66241452e-01
-4.64229605e-01
-4.61901876e-01
-4.59126718e-01
-4.56197336e-01
-5.47744278e-01
-5.54747551e-01
-5.64240597e-01
-5.74078526e-01
-5.83320758e-01
-5.91541078e-01
-5.98547195e-01
-6.04269396e-01
-6.08716790e-01
-6.11944916e-01
-6.14043759e-01
-6.15117497e-01
-6.15281390e-01
-6.14645696e-01
-6.13318463e-01
-6.11392425e-01
-6.08952697e-01
-6.06065667e-01
-6.02790207e-01
-5.99167267e-01
-5.95233145e-01
-5.91008692e-01
-5.86513564e-01
-5.81754466e-01
-5.76739849e-01
-5.71467085e-01
-5.65937431e-01
-5.60142340e-01
-5.54078689e-01
-5.47734525e-01
-5.41104615e-01
-5.34175941e-01
-5.26943602e-01
-5.19396357e-01
-5.11532866e-01
-5.03347546e-01
-4.94847083e-01
-4.86036797e-01
-4.76937306e-01
-4.67571481e-01
-4.57981019e-01
-4.48213942e-01
-4.38340629e-01
-4.28441576e-01
-4.18622219e-01
-4.09000395e-01
-3.99719030e-01
-3.90932563e-01
-3.82816497e-01
-3.75552130e-01
-3.69332334e-01
-3.64344574e-01
-3.60773226e-01
-3.58782080e-01
-3.58514887e-01
-3.60079710e-01
-3.63549973e-01
-3.68952210e-01
-3.76266051e-01
-3.85406073e-01
-3.96189725e-01
-4.08218272e-01
-4.20513084e-01
-4.30183262e-01
-5.32017135e-01
-5.30153403e-01
-5.28362957e-01
-5.27022657e-01
-5.26009240e-01
-5.25228161e-01
-5.24631163e-01
-5.24198390e-01
-5.23917076e-01
-5.23777084e-01
-5.23761405e-01
-5.23851589e-01
-5.24022051e-01
-5.24249108e-01
-5.24504877e-01
-5.24767111e-01
-5.25011223e-01
-5.25220203e-01
-5.25374803e-01
-5.25463739e-01
-5.25472565e-01
-5.25394492e-01
-5.25218400e-01
-5.24940414e-01
-5.24551317e-01
-5.24048849e-01
-5.23424648e-01
-5.22677154e-01
-5.21798176e-01
-5.20786256e-01
-5.19632975e-01
-5.18336640e-01
-5.16888478e-01
-5.15286544e-01
-5.13521967e-01
-5.11593008e-01
-5.09491557e-01
-5.07217290e-01
-5.04764614e-01
-5.02136872e-01
-4.99333907e-01
-4.96366191e-01
-4.93243079e-01
-4.89986582e-01
-4.86620165e-01
-4.83181631e-01
-4.79712023e-01
-4.76266802e-01
-4.72904141e-01
-4.69693467e-01
-4.66702505e-01
-4.64002560e-01
-4.61654273e-01
-4.59709947e-01
-4.58199031e-01
-4.57128778e-01
-4.56471001e-01
-4.56161843e-01
-4.56089011e-01
-4.56086436e-01
-4.55913553e-01
-4.55240179e-01
-4.53688200e-01
-4.51254539e-01
-5.27762998e-01
-5.28066166e-01
-5.27581152e-01
-5.26967286e-01
-5.26381356e-01
-5.25868095e-01
-5.25445460e-01
-5.25121953e-01
-5.24903731e-01
-5.24788774e-01
-5.24771814e-01
-5.24838628e-01
-5.24974019e-01
-5.25156134e-01
-5.25365950e-01
-5.25580248e-01
-5.25781552e-01
-5.25949327e-01
-5.26070186e-01
-5.26127566e-01
-5.26112388e-01
-5.26011625e-01
-5.25819600e-01
-5.25525771e-01
-5.25126711e-01
-5.24613315e-01
-5.23983397e-01
-5.23228462e-01
-5.22346798e-01
-5.21329929e-01
-5.20176090e-01
-5.18876480e-01
-5.17429013e-01
-5.15824541e-01
-5.14060777e-01
-5.12128682e-01
-5.10026506e-01
-5.07746533e-01
-5.05289197e-01
-5.02650395e-01
-4.99835602e-01
-4.96847882e-01
-4.93701841e-01
-4.90412323e-01
-4.87007810e-01
-4.83519517e-01
-4.79993563e-01
-4.76479856e-01
-4.73042080e-01
-4.69745586e-01
-4.66664291e-01
-4.63867089e-01
-4.61421408e-01
-4.59378639e-01
-4.57775367e-01
-4.56619679e-01
-4.55892329e-01
-4.55536674e-01
-4.55462746e-01
-4.55545451e-01
-4.55642712e-01
-4.55636644e-01
-4.55570905e-01
-4.55859772e-01
-5.25467105e-01
-5.26621840e-01
-5.26928303e-01
-5.26895643e-01
-5.26714597e-01
-5.26484248e-01
-5.26258083e-01
-5.26069856e-01
-5.25937945e-01
-5.25873414e-01
-5.25876136e-01
-5.25942283e-01
-5.26059197e-01
-5.26214280e-01
-5.26388746e-01
-5.26567307e-01
-5.26730358e-01
-5.26864056e-01
-5.26950926e-01
-5.26980338e-01
-5.26937813e-01
-5.26816034e-01
-5.26603180e-01
-5.26294554e-01
-5.25880205e-01
-5.25357161e-01
-5.24716511e-01
-5.23956173e-01
-5.23067578e-01
-5.22048858e-01
-5.20891263e-01
-5.19592667e-01
-5.18143868e-01
-5.16542308e-01
-5.14778430e-01
-5.12849552e-01
-5.10746474e-01
-5.08467457e-01
-5.06005299e-01
-5.03361377e-01
-5.00533385e-01
-4.97529337e-01
-4.94356072e-01
-4.91032981e-01
-4.87581140e-01
-4.84036260e-01
-4.80438008e-01
-4.76841314e-01
-4.73305109e-01
-4.69900947e-01
-4.66700352e-01
-4.63780000e-01
-4.61207538e-01
-4.59043672e-01
-4.57327823e-01
-4.56079270e-01
-4.55285913e-01
-4.54908598e-01
-4.54878494e-01
-4.55112325e-01
-4.55531463e-01
-4.56111694e-01
-4.56961829e-01
-4.58286967e-01
-5.24407104e-01
-5.25897291e-01
-5.26644409e-01
-5.27012210e-01
-5.27155866e-01
-5.27175845e-01
-5.27139157e-01
-5.27088628e-01
-5.27054130e-01
-5.27051440e-01
-5.27089906e-01
-5.27168166e-01
-5.27282415e-01
-5.27420816e-01
-5.27572720e-01
-5.27721692e-01
-5.27855335e-01
-5.27956797e-01
-5.28015035e-01
-5.28014931e-01
-5.27948034e-01
-5.27801551e-01
-5.27569640e-01
-5.27241538e-01
-5.26813437e-01
-5.26275959e-01
-5.25626574e-01
-5.24856580e-01
-5.23963983e-01
-5.22940131e-01
-5.21782941e-01
-5.20483341e-01
-5.19038745e-01
-5.17439460e-01
-5.15682328e-01
-5.13757293e-01
-5.11661158e-01
-5.09384516e-01
-5.06925602e-01
-5.04277806e-01
-5.01443577e-01
-4.98422697e-01
-4.95226120e-01
-4.91865030e-01
-4.88364279e-01
-4.84751993e-01
-4.81071934e-01
-4.77373004e-01
-4.73719515e-01
-4.70179662e-01
-4.66832596e-01
-4.63755162e-01
-4.61025344e-01
-4.58707747e-01
-4.56854699e-01
-4.55493093e-01
-4.54626863e-01
-4.54230212e-01
-4.54257431e-01
-4.54649569e-01
-4.55359153e-01
-4.56376636e-01
-4.57766636e-01
-4.59530521e-01
-5.24167715e-01
-5.25795781e-01
-5.26786620e-01
-5.27417300e-01
-5.27800415e-01
-5.28023770e-01
-5.28150553e-01
-5.28228051e-01
-5.28287491e-01
-5.28351507e-01
-5.28430704e-01
-5.28531244e-01
-5.28649828e-01
-5.28782258e-01
-5.28917163e-01
-5.29045370e-01
-5.29152251e-01
-5.29227667e-01
-5.29256916e-01
-5.29231181e-01
-5.29137245e-01
-5.28968453e-01
-5.28713444e-01
-5.28367655e-01
-5.27921282e-01
-5.27371318e-01
-5.26708933e-01
-5.25931981e-01
-5.25031949e-01
-5.24006854e-01
-5.22847907e-01
-5.21552694e-01
-5.20111710e-01
-5.18521743e-01
-5.16772449e-01
-5.14859875e-01
-5.12773283e-01
-5.10508771e-01
-5.08056585e-01
-5.05414827e-01
-5.02577472e-01
-4.99548135e-01
-4.96328944e-01
-4.92934195e-01
-4.89380039e-01
-4.85697574e-01
-4.81922929e-01
-4.78108942e-01
-4.74314779e-01
-4.70614986e-01
-4.67087590e-01
-4.63819446e-01
-4.60892370e-01
-4.58384921e-01
-4.56357943e-01
-4.54855337e-01
-4.53893104e-01
-4.53464202e-01
-4.53536868e-01
-4.54068668e-01
-4.55016812e-01
-4.56358142e-01
-4.58096685e-01
-4.60110269e-01
-5.24520881e-01
-5.26213761e-01
-5.27346777e-01
-5.28149089e-01
-5.28704305e-01
-5.29083223e-01
-5.29344050e-01
-5.29529929e-01
-5.29674770e-01
-5.29800135e-01
-5.29921923e-01
-5.30045795e-01
-5.30174900e-01
-5.30304148e-01
-5.30428951e-01
-5.30538277e-01
-5.30624154e-01
-5.30673411e-01
-5.30677754e-01
-5.30624256e-01
-5.30505951e-01
-5.30311244e-01
-5.30035027e-01
-5.29667213e-01
-5.29204373e-01
-5.28637587e-01
-5.27964561e-01
-5.27176962e-01
-5.26272945e-01
-5.25244121e-01
-5.24088399e-01
-5.22796735e-01
-5.21366204e-01
-5.19786690e-01
-5.18054105e-01
-5.16157215e-01
-5.14090964e-01
-5.11843652e-01
-5.09410364e-01
-5.06780748e-01
-5.03952558e-01
-5.00920266e-01
-4.97688677e-01
-4.94262514e-01
-4.90659870e-01
-4.86902602e-01
-4.83029054e-01
-4.79084624e-01
-4.75132667e-01
-4.71244142e-01
-4.67505271e-01
-4.64005125e-01
-4.60839095e-01
-4.58094392e-01
-4.55850281e-01
-4.54164021e-01
-4.53071756e-01
-4.52580093e-01
-4.52672958e-01
-4.53312925e-01
-4.54454553e-01
-4.56050119e-01
-4.58056450e-01
-4.60280650e-01
-5.25340104e-01
-5.27075365e-01
-5.28299849e-01
-5.29219047e-01
-5.29896566e-01
-5.30392633e-01
-5.30756968e-01
-5.31031376e-01
-5.31246168e-01
-5.31425627e-01
-5.31583729e-01
-5.31730914e-01
-5.31868795e-01
-5.31998109e-01
-5.32112367e-01
-5.32206757e-01
-5.32270619e-01
-5.32297054e-01
-5.32274175e-01
-5.32195295e-01
-5.32049046e-01
-5.31830094e-01
-5.31528297e-01
-5.31139930e-01
-5.30656077e-01
-5.30074329e-01
-5.29386581e-01
-5.28591154e-01
-5.27680143e-01
-5.26651884e-01
-5.25498001e-01
-5.24216121e-01
-5.22796769e-01
-5.21236255e-01
-5.19523581e-01
-5.17653439e-01
-5.15613335e-01
-5.13396684e-01
-5.10990396e-01
-5.08388087e-01
-5.05578413e-01
-5.02558426e-01
-4.99322906e-01
-4.95877829e-01
-4.92230780e-01
-4.88404236e-01
-4.84426771e-01
-4.80345377e-01
-4.76216578e-01
-4.72116412e-01
-4.68130036e-01
-4.64357732e-01
-4.60901789e-01
-4.57867826e-01
-4.55349521e-01
-4.53427181e-01
-4.52154085e-01
-4.51557298e-01
-4.51631144e-01
-4.52344464e-01
-4.53642346e-01
-4.55456194e-01
-4.57705923e-01
-4.60158549e-01
-5.26555298e-01
-5.28330943e-01
-5.29624388e-01
-5.30627744e-01
-5.31394784e-01
-5.31976554e-01
-5.32419478e-01
-5.32760414e-01
-5.33030451e-01
-5.33250800e-01
-5.33438569e-01
-5.33601878e-01
-5.33746954e-01
-5.33872298e-01
-5.33976883e-01
-5.34053273e-01
-5.34096677e-01
-5.34096928e-01
-5.34048191e-01
-5.33939818e-01
-5.33766610e-01
-5.33518658e-01
-5.33192123e-01
-5.32778225e-01
-5.32274506e-01
-5.31673143e-01
-5.30972649e-01
-5.30165659e-01
-5.29250996e-01
-5.28221084e-01
-5.27074284e-01
-5.25802070e-01
-5.24401556e-01
-5.22862576e-01
-5.21180329e-01
-5.19342553e-01
-5.17342237e-01
-5.15165115e-01
-5.12802466e-01
-5.10239200e-01
-5.07466815e-01
-5.04472390e-01
-5.01251776e-01
-4.97799765e-01
-4.94123474e-01
-4.90233739e-01
-4.86158301e-01
-4.81933946e-01
-4.77618469e-01
-4.73282324e-01
-4.69017582e-01
-4.64927266e-01
-4.61129365e-01
-4.57742575e-01
-4.54884958e-01
-4.52657404e-01
-4.51140058e-01
-4.50378585e-01
-4.50384376e-01
-4.51129331e-01
-4.52553249e-01
-4.54567152e-01
-4.57064829e-01
-4.59785219e-01
-5.28128530e-01
-5.29952438e-01
-5.31306247e-01
-5.32376461e-01
-5.33210026e-01
-5.33855097e-01
-5.34353605e-01
-5.34742595e-01
-5.35049915e-01
-5.35298886e-01
-5.35503866e-01
-5.35676495e-01
-5.35820401e-01
-5.35938644e-01
-5.36027455e-01
-5.36084648e-01
-5.36102299e-01
-5.36075910e-01
-5.35995995e-01
-5.35857847e-01
-5.35652083e-01
-5.35374951e-01
-5.35017963e-01
-5.34578694e-01
-5.34049666e-01
-5.33429598e-01
-5.32711698e-01
-5.31895293e-01
-5.30973675e-01
-5.29946035e-01
-5.28804988e-01
-5.27548719e-01
-5.26168331e-01
-5.24660108e-01
-5.23012840e-01
-5.21220147e-01
-5.19267972e-01
-5.17146949e-01
-5.14840318e-01
-5.12336398e-01
-5.09617243e-01
-5.06671348e-01
-5.03483417e-01
-5.00047430e-01
-4.96357834e-01
-4.92422944e-01
-4.88257526e-01
-4.83896022e-01
-4.79385799e-01
-4.74798790e-01
-4.70223665e-01
-4.65773515e-01
-4.61574530e-01
-4.57767340e-01
-4.54490801e-01
-4.51877029e-01
-4.50032677e-01
-4.49032485e-01
-4.48905159e-01
-4.49633386e-01
-4.51151510e-01
-4.53356516e-01
-4.56118732e-01
-4.59155843e-01
-5.30042825e-01
-5.31927114e-01
-5.33341571e-01
-5.34468937e-01
-5.35354756e-01
-5.36044337e-01
-5.36580459e-01
-5.36997930e-01
-5.37326708e-01
-5.37587725e-01
-5.37798300e-01
-5.37967439e-01
-5.38102557e-01
-5.38203872e-01
-5.38272153e-01
-5.38302102e-01
-5.38290925e-01
-5.38230651e-01
-5.38117361e-01
-5.37942460e-01
-5.37702466e-01
-5.37389331e-01
-5.37000737e-01
-5.36529611e-01
-5.35974879e-01
-5.35330328e-01
-5.34595764e-01
-5.33765360e-01
-5.32839144e-01
-5.31810960e-01
-5.30680194e-01
-5.29439478e-01
-5.28086554e-01
-5.26611852e-01
-5.25010411e-01
-5.23269492e-01
-5.21380508e-01
-5.19326881e-01
-5.17096008e-01
-5.14667654e-01
-5.12026064e-01
-5.09149286e-01
-5.06021644e-01
-5.02624429e-01
-4.98948963e-01
-4.94989018e-01
-4.90754440e-01
-4.86265195e-01
-4.81564841e-01
-4.76715080e-01
-4.71807102e-01
-4.66954126e-01
-4.62297336e-01
-4.57993094e-01
-4.54210453e-01
-4.51111574e-01
-4.48841715e-01
-4.47507268e-01
-4.47166212e-01
-4.47814782e-01
-4.49390284e-01
-4.51776592e-01
-4.54824926e-01
-4.58231017e-01
-5.32295282e-01
-5.34255489e-01
-5.35734865e-01
-5.36915805e-01
-5.37842671e-01
-5.38562730e-01
-5.39118291e-01
-5.39547216e-01
-5.39878378e-01
-5.40135948e-01
-5.40335229e-01
-5.40488688e-01
-5.40601072e-01
-5.40676541e-01
-5.40712794e-01
-5.40709062e-01
-5.40659173e-01
-5.40560227e-01
-5.40404615e-01
-5.40189267e-01
-5.39906684e-01
-5.39554707e-01
-5.39126697e-01
-5.38621764e-01
-5.38034250e-01
-5.37364376e-01
-5.36607147e-01
-5.35763368e-01
-5.34828095e-01
-5.33801920e-01
-5.32679102e-01
-5.31459011e-01
-5.30134053e-01
-5.28701182e-01
-5.27149744e-01
-5.25472981e-01
-5.23655962e-01
-5.21687052e-01
-5.19546172e-01
-5.17216302e-01
-5.14672415e-01
-5.11893224e-01
-5.08851265e-01
-5.05525225e-01
-5.01891750e-01
-4.97938684e-01
-4.93659036e-01
-4.89065116e-01
-4.84184414e-01
-4.79073578e-01
-4.73814483e-01
-4.68525167e-01
-4.63352348e-01
-4.58474670e-01
-4.54087045e-01
-4.50392440e-01
-4.47576941e-01
-4.45793099e-01
-4.45134322e-01
-4.45623818e-01
-4.47206076e-01
-4.49758705e-01
-4.53112682e-01
-4.56941558e-01
-5.34894806e-01
-5.36948448e-01
-5.38500696e-01
-5.39733395e-01
-5.40693465e-01
-5.41429481e-01
-5.41988223e-01
-5.42408543e-01
-5.42723722e-01
-5.42957385e-01
-5.43128695e-01
-5.43248165e-01
-5.43324253e-01
-5.43358304e-01
-5.43352028e-01
-5.43301379e-01
-5.43204705e-01
-5.43055540e-01
-5.42851319e-01
-5.42585154e-01
-5.42255050e-01
-5.41854784e-01
-5.41383595e-01
-5.40836306e-01
-5.40213445e-01
-5.39510752e-01
-5.38729674e-01
-5.37866382e-01
-5.36922565e-01
-5.35894063e-01
-5.34781859e-01
-5.33580441e-01
-5.32288885e-01
-5.30899042e-01
-5.29406616e-01
-5.27799310e-01
-5.26067826e-01
-5.24194144e-01
-5.22162461e-01
-5.19947878e-01
-5.17527409e-01
-5.14869515e-01
-5.11945508e-01
-5.08720551e-01
-5.05165960e-01
-5.01252415e-01
-4.96963662e-01
-4.92292451e-01
-4.87255597e-01
-4.81892139e-01
-4.76278146e-01
-4.70524392e-01
-4.64786571e-01
-4.59256874e-01
-4.54162931e-01
-4.49746958e-01
-4.46249148e-01
-4.43874993e-01
-4.42770997e-01
-4.42996930e-01
-4.44518047e-01
-4.47208982e-01
-4.50883135e-01
-4.55187299e-01
-5.37860225e-01
-5.40027894e-01
-5.41662316e-01
-5.42947079e-01
-5.43931332e-01
-5.44669368e-01
-5.45211384e-01
-5.45602558e-01
-5.45878000e-01
-5.46066509e-01
-5.46186802e-01
-5.46253496e-01
-5.46272931e-01
-5.46250216e-01
-5.46184034e-01
-5.46074344e-01
-5.45916036e-01
-5.45707141e-01
-5.45441401e-01
-5.45116942e-01
-5.44727889e-01
-5.44273492e-01
-5.43748932e-01
-5.43154885e-01
-5.42487661e-01
-5.41749164e-01
-5.40936498e-01
-5.40052249e-01
-5.39093669e-01
-5.38063194e-01
-5.36957297e-01
-5.35777133e-01
-5.34517157e-01
-5.33175777e-01
-5.31743829e-01
-5.30215145e-01
-5.28575012e-01
-5.26810593e-01
-5.24899573e-01
-5.22820490e-01
-5.20541900e-01
-5.18032851e-01
-5.15253125e-01
-5.12164348e-01
-5.08722129e-01
-5.04888550e-01
-5.00627167e-01
-4.95917590e-01
-4.90753951e-01
-4.85161426e-01
-4.79197208e-01
-4.72966409e-01
-4.66621252e-01
-4.60369769e-01
-4.54464768e-01
-4.49195801e-01
-4.44859698e-01
-4.41732132e-01
-4.40025073e-01
-4.39855740e-01
-4.41221823e-01
-4.44006246e-01
-4.48004571e-01
-4.52834348e-01
-5.41221118e-01
-5.43526252e-01
-5.45254392e-01
-5.46590322e-01
-5.47589061e-01
-5.48310491e-01
-5.48813506e-01
-5.49148347e-01
-5.49357679e-01
-5.49472410e-01
-5.49516669e-01
-5.49504366e-01
-5.49445866e-01
-5.49343830e-01
-5.49200601e-01
-5.49012861e-01
-5.48779431e-01
-5.48494725e-01
-5.48156923e-01
-5.47760371e-01
-5.47304155e-01
-5.46783620e-01
-5.46199363e-01
-5.45548038e-01
-5.44831749e-01
-5.44048279e-01
-5.43200835e-01
-5.42287816e-01
-5.41312824e-01
-5.40274071e-01
-5.39174547e-01
-5.38011149e-01
-5.36784892e-01
-5.35489825e-01
-5.34123166e-01
-5.32674094e-01
-5.31133710e-01
-5.29483827e-01
-5.27706730e-01
-5.25774201e-01
-5.23657188e-01
-5.21315486e-01
-5.18707701e-01
-5.15782309e-01
-5.12488630e-01
-5.08770376e-01
-5.04578682e-01
-4.99869393e-01
-4.94619118e-01
-4.88826905e-01
-4.82532906e-01
-4.75822700e-01
-4.68844478e-01
-4.61809223e-01
-4.54996353e-01
-4.48737229e-01
-4.43396035e-01
-4.39326983e-01
-4.36830258e-01
-4.36099013e-01
-4.37186401e-01
-4.39994736e-01
-4.44307720e-01
-4.49708491e-01
-5.45018434e-01
-5.47489261e-01
-5.49323282e-01
-5.50708664e-01
-5.51706796e-01
-5.52388459e-01
-5.52821548e-01
-5.53067465e-01
-5.53174911e-01
-5.53182830e-01
-5.53117145e-01
-5.52996892e-01
-5.52831139e-01
-5.52626220e-01
-5.52381573e-01
-5.52097305e-01
-5.51768684e-01
-5.51393913e-01
-5.50967404e-01
-5.50487837e-01
-5.49950450e-01
-5.49355451e-01
-5.48699528e-01
-5.47984647e-01
-5.47208948e-01
-5.46375898e-01
-5.45484698e-01
-5.44539736e-01
-5.43540596e-01
-5.42491719e-01
-5.41392086e-01
-5.40244976e-01
-5.39047388e-01
-5.37799757e-01
-5.36495178e-01
-5.35128950e-01
-5.33687681e-01
-5.32158567e-01
-5.30518513e-01
-5.28743155e-01
-5.26796279e-01
-5.24638804e-01
-5.22219047e-01
-5.19482223e-01
-5.16362531e-01
-5.12794213e-01
-5.08706893e-01
-5.04039645e-01
-4.98741214e-01
-4.92788291e-01
-4.86191249e-01
-4.79015730e-01
-4.71390836e-01
-4.63527489e-01
-4.55718409e-01
-4.48337942e-01
-4.41815466e-01
-4.36599145e-01
-4.33093763e-01
-4.31598063e-01
-4.32244740e-01
-4.34978016e-01
-4.39576515e-01
-4.45587516e-01
-5.49307718e-01
-5.51978042e-01
-5.53931683e-01
-5.55360213e-01
-5.56336433e-01
-5.56944126e-01
-5.57267231e-01
-5.57378948e-01
-5.57340580e-01
-5.57197077e-01
-5.56981963e-01
-5.56715106e-01
-5.56409910e-01
-5.56070537e-01
-5.55699518e-01
-5.55293503e-01
-5.54850842e-01
-5.54365883e-01
-5.53836614e-01
-5.53257798e-01
-5.52628842e-01
-5.51946046e-01
-5.51210805e-01
-5.50421184e-01
-5.49580474e-01
-5.48688242e-01
-5.47749207e-01
-5.46763868e-01
-5.45737624e-01
-5.44671059e-01
-5.43569197e-01
-5.42431503e-01
-5.41261143e-01
-5.40054742e-01
-5.38811510e-01
-5.37522797e-01
-5.36180948e-01
-5.34768734e-01
-5.33267857e-01
-5.31648405e-01
-5.29877087e-01
-5.27907073e-01
-5.25686291e-01
-5.23148395e-01
-5.20221942e-01
-5.16823753e-01
-5.12870411e-01
-5.08275904e-01
-5.02967358e-01
-4.96889016e-01
-4.90023675e-01
-4.82403495e-01
-4.74135380e-01
-4.65413453e-01
-4.56537984e-01
-4.47912821e-01
-4.40034661e-01
-4.33449079e-01
-4.28688579e-01
-4.26184468e-01
-4.26186193e-01
-4.28707103e-01
-4.33538139e-01
-4.40189475e-01
-5.54162826e-01
-5.57075064e-01
-5.59161807e-01
-5.60621306e-01
-5.61541330e-01
-5.62027268e-01
-5.62182883e-01
-5.62101453e-01
-5.61857289e-01
-5.61507753e-01
-5.61091044e-01
-5.60633193e-01
-5.60146846e-01
-5.59639274e-01
-5.59109744e-01
-5.58557240e-01
-5.57976043e-01
-5.57363144e-01
-5.56712365e-01
-5.56021758e-01
-5.55286662e-01
-5.54507317e-01
-5.53681153e-01
-5.52810726e-01
-5.51895434e-01
-5.50939779e-01
-5.49944638e-01
-5.48915800e-01
-5.47854876e-01
-5.46768020e-01
-5.45656535e-01
-5.44525652e-01
-5.43374876e-01
-5.42206673e-01
-5.41016581e-01
-5.39801658e-01
-5.38550372e-01
-5.37250688e-01
-5.35879810e-01
-5.34411855e-01
-5.32807651e-01
-5.31022148e-01
-5.28994752e-01
-5.26657003e-01
-5.23924407e-01
-5.20705513e-01
-5.16896919e-01
-5.12395657e-01
-5.07099791e-01
-5.00926614e-01
-4.93821392e-01
-4.85783135e-01
-4.76881682e-01
-4.67287873e-01
-4.57290480e-01
-4.47314198e-01
-4.37910194e-01
-4.29726851e-01
-4.23437221e-01
-4.19640216e-01
-4.18742032e-01
-4.20868451e-01
-4.25847535e-01
-4.33158759e-01
-5.59683464e-01
-5.62891011e-01
-5.65123860e-01
-5.66589701e-01
-5.67401373e-01
-5.67694023e-01
-5.67603055e-01
-5.67246331e-01
-5.66719488e-01
-5.66091548e-01
-5.65410865e-01
-5.64705432e-01
-5.63991693e-01
-5.63274085e-01
-5.62553428e-01
-5.61824234e-01
-5.61082238e-01
-5.60319736e-01
-5.59532685e-01
-5.58714662e-01
-5.57863950e-01
-5.56976578e-01
-5.56053630e-01
-5.55093647e-01
-5.54100246e-01
-5.53074043e-01
-5.52020568e-01
-5.50941820e-01
-5.49844397e-01
-5.48730743e-01
-5.47607394e-01
-5.46475946e-01
-5.45341283e-01
-5.44202283e-01
-5.43059862e-01
-5.41907427e-01
-5.40738580e-01
-5.39537331e-01
-5.38285342e-01
-5.36951988e-01
-5.35501144e-01
-5.33881368e-01
-5.32032507e-01
-5.29876631e-01
-5.27325226e-01
-5.24272142e-01
-5.20602879e-01
-5.16191692e-01
-5.10915450e-01
-5.04657957e-01
-4.97331620e-01
-4.88892199e-01
-4.79370401e-01
-4.68896783e-01
-4.57737829e-01
-4.46317034e-01
-4.35228782e-01
-4.25214132e-01
-4.17099803e-01
-4.11680576e-01
-4.09571630e-01
-4.11064864e-01
-4.16069025e-01
-4.24046256e-01
-5.66005786e-01
-5.69577890e-01
-5.71965165e-01
-5.73393437e-01
-5.74013730e-01
-5.74008987e-01
-5.73557953e-01
-5.72815984e-01
-5.71903271e-01
-5.70907181e-01
-5.69883334e-01
-5.68865583e-01
-5.67868485e-01
-5.66897253e-01
-5.65947540e-01
-5.65013705e-01
-5.64085798e-01
-5.63156656e-01
-5.62216954e-01
-5.61261871e-01
-5.60284942e-01
-5.59284764e-01
-5.58258094e-01
-5.57206801e-01
-5.56130452e-01
-5.55033560e-01
-5.53917781e-01
-5.52789422e-01
-5.51651325e-01
-5.50510534e-01
-5.49369912e-01
-5.48235844e-01
-5.47109592e-01
-5.45994887e-01
-5.44889015e-01
-5.43790131e-01
-5.42688056e-01
-5.41571160e-01
-5.40416893e-01
-5.39198129e-01
-5.37873567e-01
-5.36393621e-01
-5.34691056e-01
-5.32686866e-01
-5.30281986e-01
-5.27364194e-01
-5.23802508e-01
-5.19457071e-01
-5.14178897e-01
-5.07825903e-01
-5.00271891e-01
-4.91432932e-01
-4.81289776e-01
-4.69927300e-01
-4.57569309e-01
-4.44621815e-01
-4.31696936e-01
-4.19616184e-01
-4.09357315e-01
-4.01940035e-01
-3.98241372e-01
-3.98793698e-01
-4.03649097e-01
-4.12283588e-01
-5.73321148e-01
-5.77347529e-01
-5.79887179e-01
-5.81198597e-01
-5.81497916e-01
-5.81040096e-01
-5.80070137e-01
-5.78792096e-01
-5.77361067e-01
-5.75882290e-01
-5.74422197e-01
-5.73014848e-01
-5.71674923e-01
-5.70401303e-01
-5.69187171e-01
-5.68019425e-01
-5.66886317e-01
-5.65773930e-01
-5.64672637e-01
-5.63571863e-01
-5.62466249e-01
-5.61349453e-01
-5.60220430e-01
-5.59076658e-01
-5.57920690e-01
-5.56752985e-01
-5.55578735e-01
-5.54400387e-01
-5.53224684e-01
-5.52054925e-01
-5.50898097e-01
-5.49756888e-01
-5.48636781e-01
-5.47537803e-01
-5.46461409e-01
-5.45401946e-01
-5.44353156e-01
-5.43299328e-01
-5.42221279e-01
-5.41087222e-01
-5.39858179e-01
-5.38478764e-01
-5.36882214e-01
-5.34981595e-01
-5.32675091e-01
-5.29838714e-01
-5.26333203e-01
-5.22000223e-01
-5.16673325e-01
-5.10180928e-01
-5.02365360e-01
-4.93097653e-01
-4.82310358e-01
-4.70029971e-01
-4.56427305e-01
-4.41865226e-01
-4.26950532e-01
-4.12556982e-01
-3.99805018e-01
-3.89954414e-01
-3.84203515e-01
-3.83414756e-01
-3.87880039e-01
-3.97144776e-01
-5.81906165e-01
-5.86503588e-01
-5.89167812e-01
-5.90223209e-01
-5.89995299e-01
-5.88854614e-01
-5.87140538e-01
-5.85125701e-01
-5.83004916e-01
-5.80905419e-01
-5.78898568e-01
-5.77018342e-01
-5.75271163e-01
-5.73649875e-01
-5.72137030e-01
-5.70714090e-01
-5.69359939e-01
-5.68057509e-01
-5.66789652e-01
-5.65544839e-01
-5.64311693e-01
-5.63084585e-01
-5.61857470e-01
-5.60629704e-01
-5.59399467e-01
-5.58169867e-01
-5.56942079e-01
-5.55721697e-01
-5.54511627e-01
-5.53318602e-01
-5.52145839e-01
-5.50999583e-01
-5.49881528e-01
-5.48795223e-01
-5.47738222e-01
-5.46708194e-01
-5.45694748e-01
-5.44685075e-01
-5.43655436e-01
-5.42576219e-01
-5.41403153e-01
-5.40081812e-01
-5.38538840e-01
-5.36686225e-01
-5.34413222e-01
-5.31591244e-01
-5.28067828e-01
-5.23673837e-01
-5.18221839e-01
-5.11518631e-01
-5.03372111e-01
-4.93614343e-01
-4.82123748e-01
-4.68866925e-01
-4.53944909e-01
-4.37659452e-01
-4.20578450e-01
-4.03597433e-01
-3.87952764e-01
-3.75152076e-01
-3.66768994e-01
-3.64109874e-01
-3.67844122e-01
-3.77688992e-01
-5.92176211e-01
-5.97492180e-01
-6.00197690e-01
-6.00750274e-01
-5.99668202e-01
-5.97502849e-01
-5.94731794e-01
-5.91713953e-01
-5.88691309e-01
-5.85806844e-01
-5.83132928e-01
-5.80692085e-01
-5.78478828e-01
-5.76469642e-01
-5.74635659e-01
-5.72944345e-01
-5.71366971e-01
-5.69875913e-01
-5.68450039e-01
-5.67069998e-01
-5.65723105e-01
-5.64397735e-01
-5.63088328e-01
-5.61789357e-01
-5.60500635e-01
-5.59221021e-01
-5.57954028e-01
-5.56701322e-01
-5.55468549e-01
-5.54258634e-01
-5.53077706e-01
-5.51928188e-01
-5.50814668e-01
-5.49736742e-01
-5.48694666e-01
-5.47681906e-01
-5.46690398e-01
-5.45702741e-01
-5.44696923e-01
-5.43638162e-01
-5.42483015e-01
-5.41170996e-01
-5.39628204e-01
-5.37759107e-01
-5.35450167e-01
-5.32562661e-01
-5.28937377e-01
-5.24390060e-01
-5.18719194e-01
-5.11706879e-01
-5.03133374e-01
-4.92788576e-01
-4.80500461e-01
-4.66167117e-01
-4.49811929e-01
-4.31650385e-01
-4.12181074e-01
-3.92276450e-01
-3.73253197e-01
-3.56854958e-01
-3.45083841e-01
-3.39824973e-01
-3.42329173e-01
-3.52665810e-01
-6.04780696e-01
-6.10988812e-01
-6.13530388e-01
-6.13142825e-01
-6.10684297e-01
-6.06991863e-01
-6.02733094e-01
-5.98372301e-01
-5.94192709e-01
-5.90342902e-01
-5.86878338e-01
-5.83799262e-01
-5.81073180e-01
-5.78654759e-01
-5.76492850e-01
-5.74540010e-01
-5.72751768e-01
-5.71091919e-01
-5.69528574e-01
-5.68038250e-01
-5.66600710e-01
-5.65203043e-01
-5.63834047e-01
-5.62488650e-01
-5.61162097e-01
-5.59854736e-01
-5.58566066e-01
-5.57299815e-01
-5.56057849e-01
-5.54845413e-01
-5.53664878e-01
-5.52521007e-01
-5.51414489e-01
-5.50347081e-01
-5.49314868e-01
-5.48313106e-01
-5.47329153e-01
-5.46346841e-01
-5.45339036e-01
-5.44271415e-01
-5.43094688e-01
-5.41747777e-01
-5.40149895e-01
-5.38203371e-01
-5.35786098e-01
-5.32754638e-01
-5.28938061e-01
-5.24142592e-01
-5.18148639e-01
-5.10719291e-01
-5.01603799e-01
-4.90554498e-01
-4.77343691e-01
-4.61799472e-01
-4.43851842e-01
-4.23609266e-01
-4.01458885e-01
-3.78198707e-01
-3.55166674e-01
-3.34314041e-01
-3.18112774e-01
-3.09194763e-01
-3.09690764e-01
-3.20351271e-01
-6.20784386e-01
-6.28044821e-01
-6.29954319e-01
-6.27844766e-01
-6.23178909e-01
-6.17228348e-01
-6.10908135e-01
-6.04786810e-01
-5.99167206e-01
-5.94171123e-01
-5.89811930e-01
-5.86042160e-01
-5.82788381e-01
-5.79967783e-01
-5.77501889e-01
-5.75318632e-01
-5.73357812e-01
-5.71567769e-01
-5.69908496e-01
-5.68346639e-01
-5.66858421e-01
-5.65424236e-01
-5.64031998e-01
-5.62671675e-01
-5.61339134e-01
-5.60030658e-01
-5.58747185e-01
-5.57488780e-01
-5.56259128e-01
-5.55059906e-01
-5.53895385e-01
-5.52766640e-01
-5.51676109e-01
-5.50621574e-01
-5.49600515e-01
-5.48603786e-01
-5.47619597e-01
-5.46626827e-01
-5.45598473e-01
-5.44494582e-01
-5.43265085e-01
-5.41842423e-01
-5.40143842e-01
-5.38063985e-01
-5.35476982e-01
-5.32229627e-01
-5.28144007e-01
-5.23012358e-01
-5.16601592e-01
-5.08651727e-01
-4.98884838e-01
-4.87010866e-01
-4.72746906e-01
-4.55840388e-01
-4.36115518e-01
-4.13541295e-01
-3.88345317e-01
-3.61173575e-01
-3.33297321e-01
-3.06804792e-01
-2.84660973e-01
-2.70447001e-01
-2.67626845e-01
-2.78243187e-01
-6.42026752e-01
-6.50339809e-01
-6.50575631e-01
-6.45343215e-01
-6.37158415e-01
-6.27916792e-01
-6.18805354e-01
-6.10452878e-01
-6.03115821e-01
-5.96832435e-01
-5.91525528e-01
-5.87069294e-01
-5.83323954e-01
-5.80157386e-01
-5.77451157e-01
-5.75106149e-01
-5.73039352e-01
-5.71185400e-01
-5.69491132e-01
-5.67916881e-01
-5.66430861e-01
-5.65011148e-01
-5.63640312e-01
-5.62308145e-01
-5.61006502e-01
-5.59732604e-01
-5.58483985e-01
-5.57262173e-01
-5.56067634e-01
-5.54903662e-01
-5.53771227e-01
-5.52672908e-01
-5.51607568e-01
-5.50574165e-01
-5.49566177e-01
-5.48575118e-01
-5.47584642e-01
-5.46573610e-01
-5.45509804e-01
-5.44352431e-01
-5.43045449e-01
-5.41519467e-01
-5.39684817e-01
-5.37432984e-01
-5.34629744e-01
-5.31116525e-01
-5.26704241e-01
-5.21175314e-01
-5.14279223e-01
-5.05736421e-01
-4.95237352e-01
-4.82450793e-01
-4.67030699e-01
-4.48636933e-01
-4.26965339e-01
-4.01809936e-01
-3.73167876e-01
-3.41423639e-01
-3.07626263e-01
-2.73847027e-01
-2.43491380e-01
-2.21316097e-01
-2.12806337e-01
-2.22468937e-01
-6.71876809e-01
-6.80602061e-01
-6.76868975e-01
-6.66011637e-01
-6.52289816e-01
-6.38370726e-01
-6.25625151e-01
-6.14591175e-01
-6.05345008e-01
-5.97738282e-01
-5.91536993e-01
-5.86491611e-01
-5.82372625e-01
-5.78981231e-01
-5.76153930e-01
-5.73757659e-01
-5.71688137e-01
-5.69862607e-01
-5.68218492e-01
-5.66706775e-01
-5.65292081e-01
-5.63946985e-01
-5.62653347e-01
-5.61397266e-01
-5.60171291e-01
-5.58969739e-01
-5.57791479e-01
-5.56635388e-01
-5.55503467e-01
-5.54396306e-01
-5.53316328e-01
-5.52263147e-01
-5.51236784e-01
-5.50232825e-01
-5.49245428e-01
-5.48262207e-01
-5.47266877e-01
-5.46233777e-01
-5.45130017e-01
-5.43909600e-01
-5.42514981e-01
-5.40870808e-01
-5.38884914e-01
-5.36441830e-01
-5.33403358e-01
-5.29602177e-01
-5.24842345e-01
-5.18893474e-01
-5.11491637e-01
-5.02334719e-01
-4.91084370e-01
-4.77363545e-01
-4.60761398e-01
-4.40837463e-01
-4.17140060e-01
-3.89241624e-01
-3.56823538e-01
-3.19846732e-01
-2.78879706e-01
-2.35635054e-01
-1.93682806e-01
-1.59070759e-01
-1.40295991e-01
-1.46590026e-01
-7.16898987e-01
-7.23245507e-01
-7.10513054e-01
-6.89655041e-01
-6.67458403e-01
-6.47197468e-01
-6.30033088e-01
-6.16065769e-01
-6.04947014e-01
-5.96193190e-01
-5.89326395e-01
-5.83930484e-01
-5.79662666e-01
-5.76251025e-01
-5.73482387e-01
-5.71193206e-01
-5.69257364e-01
-5.67580071e-01
-5.66088778e-01
-5.64730405e-01
-5.63464652e-01
-5.62263522e-01
-5.61106067e-01
-5.59979336e-01
-5.58873896e-01
-5.57785628e-01
-5.56711632e-01
-5.55652512e-01
-5.54608410e-01
-5.53581534e-01
-5.52572179e-01
-5.51581294e-01
-5.50606375e-01
-5.49643914e-01
-5.48685058e-01
-5.47717785e-01
-5.46722244e-01
-5.45672516e-01
-5.44531565e-01
-5.43252470e-01
-5.41772956e-01
-5.40016039e-01
-5.37884190e-01
-5.35259407e-01
-5.31997143e-01
-5.27925925e-01
-5.22841202e-01
-5.16504606e-01
-5.08637749e-01
-4.98920879e-01
-4.86986130e-01
-4.72414595e-01
-4.54727802e-01
-4.33382367e-01
-4.07761707e-01
-3.77179593e-01
-3.40908737e-01
-2.98290004e-01
-2.49019317e-01
-1.93792795e-01
-1.35503824e-01
-8.10015268e-02
-4.28360775e-02
-3.91680394e-02
-7.90692467e-01
-7.85001295e-01
-7.52431990e-01
-7.14348828e-01
-6.79928309e-01
-6.51831832e-01
-6.29972971e-01
-6.13357842e-01
-6.00857408e-01
-5.91478384e-01
-5.84427314e-01
-5.79096079e-01
-5.75028802e-01
-5.71885578e-01
-5.69414916e-01
-5.67429654e-01
-5.65791892e-01
-5.64398810e-01
-5.63175495e-01
-5.62066262e-01
-5.61031785e-01
-5.60043249e-01
-5.59081797e-01
-5.58134103e-01
-5.57193091e-01
-5.56254207e-01
-5.55316827e-01
-5.54380849e-01
-5.53448453e-01
-5.52520779e-01
-5.51599826e-01
-5.50685061e-01
-5.49775279e-01
-5.48865037e-01
-5.47946324e-01
-5.47004717e-01
-5.46020715e-01
-5.44965552e-01
-5.43802059e-01
-5.42480072e-01
-5.40936752e-01
-5.39091553e-01
-5.36845959e-01
-5.34078056e-01
-5.30641673e-01
-5.26360578e-01
-5.21026946e-01
-5.14395003e-01
-5.06178315e-01
-4.96041925e-01
-4.83596680e-01
-4.68386876e-01
-4.49876773e-01
-4.27426505e-01
-4.00260900e-01
-3.67423148e-01
-3.27723797e-01
-2.79708336e-01
-2.21744232e-01
-1.52480817e-01
-7.22458856e-02
1.37171541e-02
8.94036371e-02
1.21058514e-01
-9.22888466e-01
-8.73877136e-01
-7.99357574e-01
-7.33838149e-01
-6.84010917e-01
-6.48087486e-01
-6.22668065e-01
-6.04744323e-01
-5.92065097e-01
-5.83041994e-01
-5.76574309e-01
-5.71900657e-01
-5.68489965e-01
-5.65968921e-01
-5.64071670e-01
-5.62608235e-01
-5.61441156e-01
-5.60471802e-01
-5.59628506e-01
-5.58860728e-01
-5.58132222e-01
-5.57418842e-01
-5.56704030e-01
-5.55978426e-01
-5.55236454e-01
-5.54476867e-01
-5.53699850e-01
-5.52908044e-01
-5.52103847e-01
-5.51290659e-01
-5.50470187e-01
-5.49643720e-01
-5.48809325e-01
-5.47962982e-01
-5.47095570e-01
-5.46193736e-01
-5.45236571e-01
-5.44196096e-01
-5.43033548e-01
-5.41699387e-01
-5.40129152e-01
-5.38242904e-01
-5.35940641e-01
-5.33101142e-01
-5.29576900e-01
-5.25192263e-01
-5.19737706e-01
-5.12966816e-01
-5.04589069e-01
-4.94264103e-01
-4.81590287e-01
-4.66091539e-01
-4.47193733e-01
-4.24190683e-01
-3.96186134e-01
-3.62002422e-01
-3.20030596e-01
-2.68001139e-01
-2.02669427e-01
-1.19552402e-01
-1.33555609e-02
1.18775756e-01
2.65738861e-01
3.74011567e-01
-1.17882458e+00
-9.88306946e-01
-8.33810842e-01
-7.32953245e-01
-6.69928808e-01
-6.30432106e-01
-6.05245721e-01
-5.88865093e-01
-5.78029307e-01
-5.70771879e-01
-5.65873772e-01
-5.62555383e-01
-5.60303788e-01
-5.58772371e-01
-5.57722669e-01
-5.56987679e-01
-5.56450086e-01
-5.56026683e-01
-5.55659453e-01
-5.55307821e-01
-5.54944906e-01
-5.54553029e-01
-5.54122286e-01
-5.53647536e-01
-5.53128115e-01
-5.52565514e-01
-5.51963675e-01
-5.51326967e-01
-5.50660754e-01
-5.49969460e-01
-5.49257206e-01
-5.48525819e-01
-5.47775395e-01
-5.47002139e-01
-5.46198722e-01
-5.45351862e-01
-5.44442361e-01
-5.43442339e-01
-5.42314847e-01
-5.41010692e-01
-5.39467559e-01
-5.37606371e-01
-5.35329866e-01
-5.32518475e-01
-5.29028264e-01
-5.24686214e-01
-5.19287265e-01
-5.12588485e-01
-5.04304230e-01
-4.94097450e-01
-4.81569852e-01
-4.66244923e-01
-4.47543612e-01
-4.24742422e-01
-3.96904633e-01
-3.62758020e-01
-3.20475780e-01
-2.67266047e-01
-1.98590497e-01
-1.06685572e-01
2.19570638e-02
2.09168547e-01
4.78297727e-01
7.92316746e-01
-1.69687113e+00
-1.07148229e+00
-8.09399803e-01
-6.89150802e-01
-6.28894050e-01
-5.96363683e-01
-5.77750248e-01
-5.66661092e-01
-5.59909293e-01
-5.55789158e-01
-5.53324258e-01
-5.51921428e-01
-5.51201759e-01
-5.50914239e-01
-5.50887900e-01
-5.51004947e-01
-5.51183482e-01
-5.51367365e-01
-5.51518421e-01
-5.51612133e-01
-5.51633434e-01
-5.51574848e-01
-5.51433855e-01
-5.51212201e-01
-5.50914009e-01
-5.50545678e-01
-5.50114348e-01
-5.49628080e-01
-5.49094453e-01
-5.48520839e-01
-5.47912984e-01
-5.47275246e-01
-5.46609050e-01
-5.45912972e-01
-5.45180973e-01
-5.44402218e-01
-5.43559004e-01
-5.42626218e-01
-5.41568880e-01
-5.40341159e-01
-5.38883476e-01
-5.37121021e-01
-5.34960384e-01
-5.32287526e-01
-5.28963899e-01
-5.24823751e-01
-5.19669526e-01
-5.13268064e-01
-5.05344436e-01
-4.95575510e-01
-4.83579502e-01
-4.68902086e-01
-4.50993206e-01
-4.29170528e-01
-4.02555334e-01
-3.69958562e-01
-3.29662719e-01
-2.78978982e-01
-2.13267227e-01
-1.23569101e-01
9.56620711e-03
2.32454859e-01
6.56385389e-01
1.51473005e+00
SCALARS vorticity double 1
LOOKUP_TABLE default
9.46846358e-04
-7.96907414e-04
2.39804727e-03
1.24244774e-02
2.76999580e-02
4.74224537e-02
7.09784779e-02
9.77649060e-02
1.27171314e-01
1.58603457e-01
1.91505546e-01
2.25374614e-01
2.59765695e-01
2.94292137e-01
3.28621374e-01
3.62469539e-01
3.95594309e-01
4.27788413e-01
4.58872689e-01
4.88690533e-01
5.17102453e-01
5.43982153e-01
5.69212855e-01
5.92685005e-01
6.14294165e-01
6.33940012e-01
6.51525434e-01
6.66956436e-01
6.80142073e-01
6.90994953e-01
6.99431734e-01
7.05374010e-01
7.08749225e-01
7.09491831e-01
7.07544573e-01
7.02859901e-01
6.95401640e-01
6.85146707e-01
6.72087230e-01
6.56232646e-01
6.37612336e-01
6.16278175e-01
5.92307717e-01
5.65807197e-01
5.36915210e-01
5.05806024e-01
4.72693525e-01
4.37834508e-01
4.01532417e-01
3.64139994e-01
3.26062028e-01
2.87756379e-01
2.49734475e-01
2.12559048e-01
1.76840005e-01
1.43225131e-01
1.12384612e-01
8.49815214e-02
6.16174549e-02
4.27233114e-02
2.83347668e-02
1.76139975e-02
7.87738591e-03
7.16915641e-04
8.78726635e-03
9.62453173e-03
1.41476797e-02
2.44310304e-02
3.90259033e-02
5.73429253e-02
7.89677085e-02
1.03465090e-01
1.30358724e-01
1.59156458e-01
1.89377914e-01
2.20573318e-01
2.52333884e-01
2.84295689e-01
3.16139487e-01
3.47587746e-01
3.78400361e-01
4.08369557e-01
4.37314818e-01
4.65077938e-01
4.91518687e-01
5.16510968e-01
5.39939741e-01
5.61698493e-01
5.81687419e-01
5.99812063e-01
6.15982518e-01
6.30112965e-01
6.42121618e-01
6.51930897e-01
6.59467886e-01
6.64664955e-01
6.67460583e-01
6.67800329e-01
6.65637957e-01
6.60936727e-01
6.53670829e-01
6.43827020e-01
6.31406404e-01
6.16426461e-01
5.98923226e-01
5.78953734e-01
5.56598597e-01
5.31964832e-01
5.05188742e-01
4.76438957e-01
4.45919362e-01
4.13871992e-01
3.80579519e-01
3.46367355e-01
3.11604870e-01
2.76705625e-01
2.42125895e-01
2.08361048e-01
1.75938403e-01
1.45404955e-01
1.17306007e-01
9.21480603e-02
7.03318065e-02
5.20276853e-02
3.69320061e-02
2.37533419e-02
9.05725457e-03
-8.72505371e-04
1.91783883e-02
2.48302779e-02
3.31137556e-02
4.39330453e-02
5.73241908e-02
7.32232918e-02
9.15220514e-02
1.12033749e-01
1.34493849e-01
1.58584218e-01
1.83960898e-01
2.10276486e-01
2.37195626e-01
2.64404590e-01
2.91616445e-01
3.18572979e-01
3.45044462e-01
3.70827948e-01
3.95744763e-01
4.19637578e-01
4.42367434e-01
4.63810881e-01
4.83857426e-01
5.02407328e-01
5.19369806e-01
5.34661629e-01
5.48206110e-01
5.59932422e-01
5.69775250e-01
5.77674687e-01
5.83576393e-01
5.87431928e-01
5.89199294e-01
5.88843614e-01
5.86337984e-01
5.81664456e-01
5.74815175e-01
5.65793658e-01
5.54616215e-01
5.41313525e-01
5.25932326e-01
5.08537256e-01
4.89212760e-01
4.68065080e-01
4.45224229e-01
4.20845901e-01
3.95113207e-01
3.68238104e-01
3.40462352e-01
3.12057782e-01
2.83325560e-01
2.54594078e-01
2.26214837e-01
1.98555499e-01
1.71988677e-01
1.46874154e-01
1.23530455e-01
1.02189040e-01
8.29206889e-02
6.55199447e-02
4.93293147e-02
3.29800855e-02
1.40542659e-02
2.33927249e-03
3.02937798e-02
3.82517251e-02
4.94240228e-02
6.06551666e-02
7.28422815e-02
8.64118093e-02
1.01568599e-01
1.18359463e-01
1.36707109e-01
1.56444460e-01
1.77346693e-01
1.99157265e-01
2.21607426e-01
2.44430122e-01
2.67369410e-01
2.90186368e-01
3.12662310e-01
3.34600014e-01
3.55823531e-01
3.76177053e-01
3.95523220e-01
4.13741153e-01
4.30724432e-01
4.46379176e-01
4.60622322e-01
4.73380166e-01
4.84587190e-01
4.94185187e-01
5.02122658e-01
5.08354471e-01
5.12841760e-01
5.15552029e-01
5.16459440e-01
5.15545282e-01
5.12798580e-01
5.08216858e-01
5.01807028e-01
4.93586403e-01
4.83583821e-01
4.71840864e-01
4.58413148e-01
4.43371654e-01
4.26804056e-01
4.08815995e-01
3.89532221e-01
3.69097521e-01
3.47677322e-01
3.25457824e-01
3.02645502e-01
2.79465753e-01
2.56160375e-01
2.32983491e-01
2.10195313e-01
1.88052906e-01
1.66796615e-01
1.46630101e-01
1.27690700e-01
1.10005614e-01
9.34293630e-02
7.75618123e-02
6.16548909e-02
4.45233390e-02
2.44713088e-02
1.20994806e-02
4.49970922e-02
5.35743779e-02
6.56755807e-02
7.63985123e-02
8.69359318e-02
9.79919251e-02
1.09995385e-01
1.23175479e-01
1.37605419e-01
1.53241409e-01
1.69957242e-01
1.87572688e-01
2.05875750e-01
2.24639679e-01
2.43635631e-01
2.62641731e-01
2.81449148e-01
2.99865789e-01
3.17718113e-01
3.34851573e-01
3.51130063e-01
3.66434735e-01
3.80662466e-01
3.93724175e-01
4.05543171e-01
4.16053639e-01
4.25199324e-01
4.32932464e-01
4.39212980e-01
4.44007913e-01
4.47291112e-01
4.49043126e-01
4.49251312e-01
4.47910110e-01
4.45021489e-01
4.40595522e-01
4.34651106e-01
4.27216764e-01
4.18331549e-01
4.08045983e-01
3.96423023e-01
3.83538980e-01
3.69484353e-01
3.54364498e-01
3.38300038e-01
3.21426929e-01
3.03896055e-01
2.85872221e-01
2.67532363e-01
2.49062791e-01
2.30655179e-01
2.12500943e-01
1.94783526e-01
1.77667875e-01
1.61286105e-01
1.45717864e-01
1.30963304e-01
1.16906486e-01
1.03269011e-01
8.95600858e-02
7.50381524e-02
5.86944318e-02
3.92196572e-02
2.71355730e-02
6.42470099e-02
7.22569904e-02
8.34259540e-02
9.25198157e-02
1.00755278e-01
1.08947243e-01
1.17652046e-01
1.27220683e-01
1.37835215e-01
1.49544877e-01
1.62299779e-01
1.75979689e-01
1.90417637e-01
2.05418919e-01
2.20776101e-01
2.36280495e-01
2.51730525e-01
2.66937450e-01
2.81728868e-01
2.95950483e-01
3.09466530e-01
3.22159260e-01
3.33927798e-01
3.44686664e-01
3.54364150e-01
3.62900734e-01
3.70247625e-01
3.76365514e-01
3.81223569e-01
3.84798675e-01
3.87074939e-01
3.88043408e-01
3.87702026e-01
3.86055767e-01
3.83116949e-01
3.78905693e-01
3.73450502e-01
3.66788937e-01
3.58968340e-01
3.50046584e-01
3.40092771e-01
3.29187834e-01
3.17424959e-01
3.04909738e-01
2.91759967e-01
2.78104961e-01
2.64084278e-01
2.49845715e-01
2.35542430e-01
2.21328997e-01
2.07356209e-01
1.93764321e-01
1.80674409e-01
1.68177360e-01
1.56319861e-01
1.45086529e-01
1.34377131e-01
1.23978340e-01
1.13532057e-01
1.02508516e-01
9.01979093e-02
7.57193348e-02
5.79797276e-02
4.68652722e-02
8.81398402e-02
9.47322297e-02
1.03457020e-01
1.09869393e-01
1.15113741e-01
1.20022962e-01
1.25210103e-01
1.31096177e-01
1.37933674e-01
1.45835888e-01
1.54807233e-01
1.64770801e-01
1.75592136e-01
1.87099304e-01
1.99099480e-01
2.11392211e-01
2.23779583e-01
2.36073563e-01
2.48100890e-01
2.59705930e-01
2.70751903e-01
2.81120896e-01
2.90713032e-01
2.99445113e-01
3.07248994e-01
3.14069897e-01
3.19864802e-01
3.24601023e-01
3.28255012e-01
3.30811427e-01
3.32262465e-01
3.32607449e-01
3.31852653e-01
3.30011337e-01
3.27103971e-01
3.23158615e-01
3.18211414e-01
3.12307188e-01
3.05500046e-01
2.97853992e-01
2.89443434e-01
2.80353532e-01
2.70680292e-01
2.60530301e-01
2.50019996e-01
2.39274347e-01
2.28424841e-01
2.17606630e-01
2.06954725e-01
1.96599093e-01
1.86658515e-01
1.77233027e-01
1.68394761e-01
1.60176938e-01
1.52560750e-01
1.45459777e-01
1.38701621e-01
1.32007098e-01
1.24969840e-01
1.17044293e-01
1.07552785e-01
9.57027992e-02
8.05379957e-02
7.08632407e-02
1.16428364e-01
1.20985466e-01
1.26091945e-01
1.28925454e-01
1.30540203e-01
1.31745951e-01
1.33169709e-01
1.35265046e-01
1.38323899e-01
1.42498549e-01
1.47827683e-01
1.54261874e-01
1.61686791e-01
1.69943693e-01
1.78847025e-01
1.88198998e-01
1.97801121e-01
2.07462835e-01
2.17007511e-01
2.26276163e-01
2.35129307e-01
2.43447372e-01
2.51130071e-01
2.58095097e-01
2.64276441e-01
2.69622574e-01
2.74094668e-01
2.77664988e-01
2.80315514e-01
2.82036845e-01
2.82827383e-01
2.82692807e-01
2.81645801e-01
2.79706020e-01
2.76900258e-01
2.73262786e-01
2.68835812e-01
2.63670026e-01
2.57825152e-01
2.51370467e-01
2.44385177e-01
2.36958580e-01
2.29189898e-01
2.21187673e-01
2.13068600e-01
2.04955681e-01
1.96975572e-01
1.89255021e-01
1.81916279e-01
1.75071408e-01
1.68815390e-01
1.63217985e-01
1.58314282e-01
1.54093932e-01
1.50489067e-01
1.47360930e-01
1.44485352e-01
1.41537815e-01
1.38081082e-01
1.33562521e-01
1.27329291e-01
1.18648748e-01
1.06657299e-01
9.87296891e-02
1.48752704e-01
1.50819995e-01
1.51406522e-01
1.49927804e-01
1.47359287e-01
1.44475022e-01
1.41893792e-01
1.40077494e-01
1.39334676e-01
1.39836470e-01
1.41638695e-01
1.44705166e-01
1.48930053e-01
1.54158465e-01
1.60204701e-01
1.66867791e-01
1.73944091e-01
1.81236931e-01
1.88563466e-01
1.95759072e-01
2.02679653e-01
2.09202327e-01
2.15224895e-01
2.20664519e-01
2.25455919e-01
2.29549395e-01
2.32908851e-01
2.35509997e-01
2.37338783e-01
2.38390150e-01
2.38667090e-01
2.38180008e-01
2.36946395e-01
2.34990739e-01
2.32344677e-01
2.29047322e-01
2.25145726e-01
2.20695408e-01
2.15760905e-01
2.10416236e-01
2.04745202e-01
1.98841416e-01
1.92807939e-01
1.86756403e-01
1.80805486e-01
1.75078621e-01
1.69700805e-01
1.64794428e-01
1.60474020e-01
1.56839884e-01
1.53970582e-01
1.51914327e-01
1.50679332e-01
1.50223300e-01
1.50442255e-01
1.51159015e-01
1.52111658e-01
1.52942926e-01
1.53193354e-01
1.52304444e-01
1.49638329e-01
1.44499787e-01
1.36086314e-01
1.30090471e-01
1.84739133e-01
1.83977961e-01
1.79350256e-01
1.72970465e-01
1.65754878e-01
1.58442974e-01
1.51635905e-01
1.45789580e-01
1.41213364e-01
1.38081860e-01
1.36453982e-01
1.36294472e-01
1.37495511e-01
1.39897289e-01
1.43306765e-01
1.47513956e-01
1.52305380e-01
1.57474499e-01
1.62829242e-01
1.68196893e-01
1.73426715e-01
1.78390780e-01
1.82983443e-01
1.87119913e-01
1.90734292e-01
1.93777378e-01
1.96214479e-01
1.98023404e-01
1.99192719e-01
1.99720341e-01
1.99612476e-01
1.98882913e-01
1.97552631e-01
1.95649706e-01
1.93209454e-01
1.90274786e-01
1.86896694e-01
1.83134819e-01
1.79058006e-01
1.74744776e-01
1.70283582e-01
1.65772757e-01
1.61320005e-01
1.57041313e-01
1.53059128e-01
1.49499692e-01
1.46489394e-01
1.44150064e-01
1.42593138e-01
1.41912688e-01
1.42177350e-01
1.43421264e-01
1.45634212e-01
1.48751231e-01
1.52642101e-01
1.57101132e-01
1.61837790e-01
1.66469118e-01
1.70516561e-01
1.73412830e-01
1.74524134e-01
1.73173187e-01
1.68591873e-01
1.64622434e-01
2.24043496e-01
2.20196756e-01
2.09813805e-01
1.98061047e-01
1.85815382e-01
1.73788480e-01
1.62561607e-01
1.52576969e-01
1.44134290e-01
1.37400244e-01
1.32425634e-01
1.29165737e-01
1.27501478e-01
1.27260119e-01
1.28234494e-01
1.30199963e-01
1.32928574e-01
1.36200144e-01
1.39810307e-01
1.43575752e-01
1.47337029e-01
1.50959411e-01
1.54332281e-01
1.57367530e-01
1.59997361e-01
1.62171853e-01
1.63856533e-01
1.65030135e-01
1.65682677e-01
1.65813899e-01
1.65432099e-01
1.64553351e-01
1.63201087e-01
1.61405995e-01
1.59206200e-01
1.56647654e-01
1.53784682e-01
1.50680602e-01
1.47408338e-01
1.44050909e-01
1.40701693e-01
1.37464328e-01
1.34452099e-01
1.31786691e-01
1.29596125e-01
1.28011770e-01
1.27164301e-01
1.27178512e-01
1.28166952e-01
1.30222380e-01
1.33409150e-01
1.37753659e-01
1.43234157e-01
1.49770298e-01
1.57212924e-01
1.65334648e-01
1.73821858e-01
1.82269119e-01
1.90178410e-01
1.96968324e-01
2.01997779e-01
2.04589680e-01
2.03986640e-01
2.02076914e-01
2.66368915e-01
2.59236306e-01
2.42667290e-01
2.25158958e-01
2.07566164e-01
1.90581201e-01
1.74766775e-01
1.60547714e-01
1.48207327e-01
1.37895999e-01
1.29647528e-01
1.23399027e-01
1.19012080e-01
1.16293786e-01
1.15016557e-01
1.14935746e-01
1.15804453e-01
1.17385156e-01
1.19458163e-01
1.21827082e-01
1.24321702e-01
1.26798781e-01
1.29141261e-01
1.31256418e-01
1.33073385e-01
1.34540430e-01
1.35622254e-01
1.36297517e-01
1.36556712e-01
1.36400464e-01
1.35838254e-01
1.34887585e-01
1.33573546e-01
1.31928724e-01
1.29993432e-01
1.27816160e-01
1.25454200e-01
1.22974345e-01
1.20453575e-01
1.17979603e-01
1.15651169e-01
1.13577922e-01
1.11879757e-01
1.10685435e-01
1.10130327e-01
1.10353160e-01
1.11491613e-01
1.13676702e-01
1.17025902e-01
1.21635052e-01
1.27569141e-01
1.34852198e-01
1.43456613e-01
1.53292367e-01
1.64196740e-01
1.75925166e-01
1.88143941e-01
2.00425784e-01
2.12250573e-01
2.23016001e-01
2.32062145e-01
2.38695641e-01
2.42148695e-01
2.42294379e-01
3.11472915e-01
3.00891873e-01
2.77782278e-01
2.54200161e-01
2.30992891e-01
2.08841726e-01
1.88293684e-01
1.69754798e-01
1.53487554e-01
1.39619801e-01
1.28161201e-01
1.19023355e-01
1.12041429e-01
1.06995837e-01
1.03632770e-01
1.01682547e-01
1.00875058e-01
1.00951889e-01
1.01675091e-01
1.02832785e-01
1.04242019e-01
1.05749399e-01
1.07230044e-01
1.08585420e-01
1.09740538e-01
1.10640894e-01
1.11249474e-01
1.11544027e-01
1.11514734e-01
1.11162351e-01
1.10496847e-01
1.09536511e-01
1.08307510e-01
1.06843838e-01
1.05187593e-01
1.03389513e-01
1.01509697e-01
9.96183956e-02
9.77967927e-02
9.61376303e-02
9.47455525e-02
9.37370098e-02
9.32395626e-02
9.33904146e-02
9.43340106e-02
9.62185437e-02
9.91912462e-02
1.03392369e-01
1.08947818e-01
1.15960484e-01
1.24500385e-01
1.34593885e-01
1.46212332e-01
1.59260677e-01
1.73566714e-01
1.88871698e-01
2.04823143e-01
2.20970863e-01
2.36768533e-01
2.51585222e-01
2.64730509e-01
2.75479199e-01
2.83033963e-01
2.85213534e-01
3.59167840e-01
3.44999406e-01
3.15044111e-01
2.85112927e-01
2.56057911e-01
2.28556893e-01
2.03144517e-01
1.80207716e-01
1.59985100e-01
1.42577102e-01
1.27963311e-01
1.16023471e-01
1.06560037e-01
9.93208142e-02
9.40204117e-02
9.03594130e-02
8.80404707e-02
8.67808999e-02
8.63216988e-02
8.64332142e-02
8.69178864e-02
8.76106337e-02
8.83774803e-02
8.91130143e-02
8.97371935e-02
9.01919259e-02
9.04377462e-02
9.04508159e-02
9.02203821e-02
8.97467686e-02
8.90399133e-02
8.81184383e-02
8.70092058e-02
8.57473066e-02
8.43764067e-02
8.29493779e-02
8.15291172e-02
8.01894573e-02
7.90160487e-02
7.81070837e-02
7.75737121e-02
7.75399890e-02
7.81421794e-02
7.95272420e-02
8.18503153e-02
8.52710420e-02
8.99485892e-02
9.60352653e-02
1.03668685e-01
1.12962511e-01
1.23995902e-01
1.36801917e-01
1.51355267e-01
1.67560007e-01
1.85237881e-01
2.04118178e-01
2.23830025e-01
2.43898286e-01
2.63745388e-01
2.82703346e-01
3.00039305e-01
3.14981067e-01
3.26683880e-01
3.30875491e-01
4.09319138e-01
3.91436425e-01
3.54358135e-01
3.17827349e-01
2.82711246e-01
2.49691000e-01
2.19292087e-01
1.91882402e-01
1.67674274e-01
1.46736563e-01
1.29013572e-01
1.14347490e-01
1.02502313e-01
9.31877690e-02
8.60818876e-02
8.08511009e-02
7.71670307e-02
7.47195310e-02
7.32259142e-02
7.24366052e-02
7.21376985e-02
7.21510216e-02
7.23323618e-02
7.25684857e-02
7.27735098e-02
7.28850761e-02
7.28606779e-02
7.26743686e-02
7.23139996e-02
7.17790537e-02
7.10790898e-02
7.02327706e-02
6.92674288e-02
6.82190985e-02
6.71329416e-02
6.60639747e-02
6.50780037e-02
6.42526527e-02
6.36783651e-02
6.34592346e-02
6.37135140e-02
6.45736271e-02
6.61855070e-02
6.87070692e-02
7.23056347e-02
7.71541237e-02
8.34258660e-02
9.12879041e-02
1.00892723e-01
1.12368411e-01
1.25807352e-01
1.41253701e-01
1.58690018e-01
1.78023687e-01
1.99073903e-01
2.21560180e-01
2.45093478e-01
2.69171312e-01
2.93179282e-01
3.16403260e-01
3.38055393e-01
3.57300914e-01
3.73229894e-01
3.79427025e-01
4.61841137e-01
4.40120502e-01
3.95652021e-01
3.52280418e-01
3.10897376e-01
2.72193470e-01
2.36687823e-01
2.04729244e-01
1.76501462e-01
1.52037830e-01
1.31242447e-01
1.13914567e-01
9.97743104e-02
8.84881560e-02
7.96928345e-02
7.30164560e-02
6.80960335e-02
6.45909613e-02
6.21924035e-02
6.06288745e-02
5.96685328e-02
5.91188525e-02
5.88243795e-02
5.86632550e-02
5.85431013e-02
5.83967574e-02
5.81782244e-02
5.78590688e-02
5.74254259e-02
5.68756741e-02
5.62187817e-02
5.54732994e-02
5.46669334e-02
5.38366296e-02
5.30290771e-02
5.23015400e-02
5.17229063e-02
5.13748426e-02
5.13529165e-02
5.17675484e-02
5.27446239e-02
5.44255976e-02
5.69668952e-02
6.05384243e-02
6.53209921e-02
7.15024432e-02
7.92723376e-02
8.88150242e-02
1.00301003e-01
1.13876542e-01
1.29651603e-01
1.47686268e-01
1.67976047e-01
1.90436650e-01
2.14889070e-01
2.41046069e-01
2.68501335e-01
2.96722982e-01
3.25054081e-01
3.52724623e-01
3.78878056e-01
4.02600069e-01
4.22896521e-01
4.31122731e-01
5.16692788e-01
4.91006047e-01
4.38875328e-01
3.88417797e-01
3.40558673e-01
2.96003475e-01
2.55267231e-01
2.18679124e-01
1.86391584e-01
1.58398304e-01
1.34558170e-01
1.14622156e-01
9.82612027e-02
8.50935430e-02
7.47100807e-02
6.66966391e-02
6.06522433e-02
5.62030201e-02
5.30117025e-02
5.07830714e-02
4.92659180e-02
4.82522491e-02
4.75745089e-02
4.71015471e-02
4.67339749e-02
4.63994225e-02
4.60480803e-02
4.56487754e-02
4.51857338e-02
4.46560858e-02
4.40681169e-02
4.34402194e-02
4.28004783e-02
4.21868028e-02
4.16475122e-02
4.12422651e-02
4.10432271e-02
4.11363445e-02
4.16225952e-02
4.26190613e-02
4.42596635e-02
4.66953753e-02
5.00937320e-02
5.46374310e-02
6.05218230e-02
6.79510878e-02
7.71328979e-02
8.82713849e-02
1.01558259e-01
1.17161980e-01
1.35214950e-01
1.55798859e-01
1.78928446e-01
2.04534248e-01
2.32445182e-01
2.62372151e-01
2.93894198e-01
3.26449267e-01
3.59332716e-01
3.91708367e-01
4.22635568e-01
4.51100800e-01
4.76003500e-01
4.86328839e-01
5.73872162e-01
5.44080180e-01
4.83996976e-01
4.26192844e-01
3.71635887e-01
3.21051774e-01
2.74952940e-01
2.33647495e-01
1.97253030e-01
1.65718752e-01
1.38852891e-01
1.16352568e-01
9.78341808e-02
8.28627829e-02
7.09790658e-02
6.17227787e-02
5.46517749e-02
4.93563001e-02
4.54685595e-02
4.26679544e-02
4.06826400e-02
3.92881964e-02
3.83042485e-02
3.75898255e-02
3.70381387e-02
3.65713282e-02
3.61355712e-02
3.56968178e-02
3.52372969e-02
3.47528497e-02
3.42510770e-02
3.37502518e-02
3.32789107e-02
3.28760340e-02
3.25917035e-02
3.24881299e-02
3.26409252e-02
3.31404955e-02
3.40934106e-02
3.56236042e-02
3.78732358e-02
4.10030444e-02
4.51920022e-02
5.06360758e-02
5.75458832e-02
6.61430372e-02
7.66549495e-02
8.93078780e-02
1.04317998e-01
1.21880313e-01
1.42155261e-01
1.65253006e-01
1.91215550e-01
2.19997088e-01
2.51443426e-01
2.85271677e-01
3.21052047e-01
3.58194230e-01
3.95942279e-01
4.33383479e-01
4.69475527e-01
5.03081831e-01
5.32967601e-01
5.45527533e-01
6.33411455e-01
5.99357602e-01
5.31000670e-01
4.65562906e-01
4.04065694e-01
3.47259773e-01
2.95655345e-01
2.49536513e-01
2.08981065e-01
1.73887743e-01
1.44007887e-01
1.18978737e-01
9.83566093e-02
8.16484509e-02
6.83404806e-02
5.79227742e-02
4.99090389e-02
4.38512370e-02
3.93491490e-02
3.60553354e-02
3.36762162e-02
3.19701377e-02
3.07433302e-02
2.98446010e-02
2.91594941e-02
2.86044878e-02
2.81216486e-02
2.76740064e-02
2.72417951e-02
2.68196036e-02
2.64144185e-02
2.60444876e-02
2.57389166e-02
2.55378855e-02
2.54933741e-02
2.56702707e-02
2.61477415e-02
2.70207253e-02
2.84014164e-02
3.04205827e-02
3.32285677e-02
3.69958016e-02
4.19126510e-02
4.81884135e-02
5.60492599e-02
6.57349015e-02
7.74937460e-02
9.15762764e-02
1.08226368e-01
1.27670246e-01
1.50102787e-01
1.75670963e-01
2.04454320e-01
2.36442707e-01
2.71511848e-01
3.09397961e-01
3.49673391e-01
3.91726333e-01
4.34749469e-01
4.77744323e-01
5.19547214e-01
5.58868789e-01
5.94303351e-01
6.09323414e-01
6.95371038e-01
6.56874579e-01
5.79877880e-01
5.06482359e-01
4.37774841e-01
3.74535495e-01
3.17270708e-01
2.66235220e-01
2.21459797e-01
1.82785009e-01
1.49897920e-01
1.22369249e-01
9.96894580e-02
8.13024990e-02
6.66360363e-02
5.51271166e-02
4.62425862e-02
3.94939683e-02
3.44469460e-02
3.07259739e-02
2.80148095e-02
2.60539103e-02
2.46356680e-02
2.35983872e-02
2.28197814e-02
2.22105933e-02
2.17087672e-02
2.12744486e-02
2.08859463e-02
2.05366954e-02
2.02331839e-02
1.99937660e-02
1.98482492e-02
1.98381414e-02
2.00174252e-02
2.04537344e-02
2.12297979e-02
2.24450200e-02
2.42170538e-02
2.66832330e-02
3.00017077e-02
3.43521380e-02
3.99357814e-02
4.69748101e-02
5.57106638e-02
6.64012359e-02
7.93166342e-02
9.47332252e-02
1.12925597e-01
1.34156020e-01
1.58660933e-01
1.86633962e-01
2.18205077e-01
2.53415671e-01
2.92189803e-01
3.34302495e-01
3.79347067e-01
4.26705025e-01
4.75524467e-01
5.24715746e-01
5.72972961e-01
6.18817045e-01
6.60621655e-01
6.78449954e-01
7.59833702e-01
7.16681190e-01
6.30617106e-01
5.48891028e-01
4.72669761e-01
4.02765760e-01
3.39676439e-01
2.83617805e-01
2.34562935e-01
1.92284045e-01
1.56395068e-01
1.26392878e-01
1.01696187e-01
8.16812433e-02
6.57134101e-02
5.31737232e-02
4.34798076e-02
3.61009012e-02
3.05671746e-02
2.64739224e-02
2.34814853e-02
2.13119185e-02
1.97434518e-02
1.86037072e-02
1.77624953e-02
1.71248255e-02
1.66245775e-02
1.62191067e-02
1.58849178e-02
1.56144285e-02
1.54137749e-02
1.53015605e-02
1.53084273e-02
1.54773129e-02
1.58642588e-02
1.65396279e-02
1.75895996e-02
1.91178034e-02
2.12469631e-02
2.41204142e-02
2.79033722e-02
3.27838145e-02
3.89728523e-02
4.67044467e-02
5.62343184e-02
6.78378552e-02
8.18067820e-02
9.84442670e-02
1.18058049e-01
1.40951031e-01
1.67408674e-01
1.97682369e-01
2.31967959e-01
2.70378636e-01
3.12911769e-01
3.59409912e-01
4.09517510e-01
4.62636926e-01
5.17890792e-01
5.74101910e-01
6.29803552e-01
6.83282376e-01
7.32623305e-01
7.53775876e-01
8.26896974e-01
7.78830596e-01
6.83186915e-01
5.92695354e-01
5.08619658e-01
4.31803430e-01
3.62723201e-01
3.01540163e-01
2.48153828e-01
2.02254550e-01
1.63372590e-01
1.30923146e-01
1.04247477e-01
8.26499633e-02
6.54305555e-02
5.19119015e-02
4.14605530e-02
3.35020163e-02
2.75298367e-02
2.31093191e-02
1.98767979e-02
1.75355381e-02
1.58493807e-02
1.46351638e-02
1.37547863e-02
1.31075828e-02
1.26234713e-02
1.22571512e-02
1.19834736e-02
1.17939984e-02
1.16946654e-02
1.17044702e-02
1.18550007e-02
1.21906894e-02
1.27696260e-02
1.36647913e-02
1.49655652e-02
1.67793819e-02
1.92334025e-02
2.24760936e-02
2.66786003e-02
3.20358205e-02
3.87670837e-02
4.71163432e-02
5.73517667e-02
6.97645851e-02
8.46669813e-02
1.02388715e-01
1.23272024e-01
1.47664158e-01
1.75906667e-01
2.08320321e-01
2.45184272e-01
2.86707956e-01
3.32994284e-01
3.83993165e-01
4.39445677e-01
4.98821703e-01
5.61258389e-01
6.25513132e-01
6.89949921e-01
7.52571688e-01
8.11082544e-01
8.36306858e-01
8.96662766e-01
8.43361858e-01
7.37507636e-01
6.37737493e-01
5.45429678e-01
4.61448032e-01
3.86223517e-01
3.19835300e-01
2.62085794e-01
2.12565810e-01
1.70709854e-01
1.35843719e-01
1.07226445e-01
8.40875757e-02
6.56596989e-02
5.12056571e-02
4.00398075e-02
3.15429972e-02
2.51713818e-02
2.04596725e-02
1.70197516e-02
1.45357958e-02
1.27570901e-02
1.14896283e-02
1.05874207e-02
9.94420982e-03
9.48607683e-03
9.16521389e-03
8.95498183e-03
8.84624495e-03
8.84489976e-03
8.97046015e-03
9.25554448e-03
9.74609517e-03
1.05021725e-02
1.15991631e-02
1.31292655e-02
1.52031162e-02
1.79514496e-02
2.15266864e-02
2.61043818e-02
3.18844648e-02
3.90922351e-02
4.79790709e-02
5.88228113e-02
7.19277255e-02
8.76239300e-02
1.06265983e-01
1.28230230e-01
1.53910199e-01
1.83709062e-01
2.18027703e-01
2.57246534e-01
3.01698639e-01
3.51631499e-01
4.07154491e-01
4.68170131e-01
5.34289497e-01
6.04737545e-01
6.78263117e-01
7.53079026e-01
8.26860406e-01
8.96810811e-01
9.27177294e-01
9.69218239e-01
9.10269253e-01
7.93401701e-01
6.83743713e-01
5.82798803e-01
4.91417656e-01
4.09937115e-01
3.38309061e-01
2.76204643e-01
2.23092892e-01
1.78299914e-01
1.41055918e-01
1.10535272e-01
8.58920476e-02
6.62914710e-02
5.09366387e-02
3.90896117e-02
3.00863005e-02
2.33450883e-02
1.83696888e-02
1.47471752e-02
1.21423653e-02
1.02898180e-02
8.98460872e-03
8.07286547e-03
7.44280856e-03
7.01679459e-03
6.74464943e-03
6.59839528e-03
6.56835305e-03
6.66051061e-03
6.89500414e-03
7.30553088e-03
7.93951400e-03
8.85883875e-03
1.01410011e-02
1.18805171e-02
1.41904732e-02
1.72041088e-02
2.10763634e-02
2.59853375e-02
3.21336598e-02
3.97497683e-02
4.90891461e-02
6.04355414e-02
7.41021923e-02
9.04330026e-02
1.09803512e-01
1.32621313e-01
1.59325283e-01
1.90382623e-01
2.26282109e-01
2.67521291e-01
3.14584411e-01
3.67906840e-01
4.27820790e-01
4.94476653e-01
5.67735521e-01
6.47033243e-01
7.31227318e-01
8.18455534e-01
9.06053475e-01
9.90582500e-01
1.02761744e+00
1.04459667e+00
9.79441423e-01
8.50502746e-01
7.30237018e-01
6.20254654e-01
5.21310268e-01
4.33554723e-01
3.56739510e-01
2.90356990e-01
2.33728847e-01
1.86062312e-01
1.46490242e-01
1.14104611e-01
8.79874569e-02
6.72397562e-02
5.10070701e-02
3.85004172e-02
2.90112601e-02
2.19201911e-02
1.66996400e-02
1.29114943e-02
1.02008595e-02
8.28729580e-03
6.95478778e-03
6.04150469e-03
5.43014633e-03
5.03940653e-03
4.81684403e-03
4.73326315e-03
4.77856367e-03
4.95893418e-03
5.29520656e-03
5.82217465e-03
6.58867087e-03
7.65821324e-03
9.11004485e-03
1.10404211e-02
1.35640173e-02
1.68153751e-02
2.09503295e-02
2.61474162e-02
3.26092871e-02
4.05642185e-02
5.02678182e-02
6.20050711e-02
7.60928433e-02
9.28829396e-02
1.12765703e-01
1.36173989e-01
1.63587076e-01
1.95533665e-01
2.32592499e-01
2.75388252e-01
3.24579031e-01
3.80830066e-01
4.44765871e-01
5.16890588e-01
5.97464386e-01
6.86325111e-01
7.82653435e-01
8.84702166e-01
9.89549477e-01
1.09298582e+00
1.13886820e+00
1.12268639e+00
1.05053211e+00
9.08083980e-01
7.76388670e-01
6.57055271e-01
5.50554974e-01
4.56685948e-01
3.74886891e-01
3.04410771e-01
2.44408111e-01
1.93964972e-01
1.52124676e-01
1.17907631e-01
9.03339049e-02
6.84479838e-02
5.13430589e-02
3.81820436e-02
2.82132415e-02
2.07796807e-02
1.53221505e-02
1.13767554e-02
8.56826630e-03
6.60071224e-03
5.24659078e-03
4.33585455e-03
3.74554615e-03
3.39065235e-03
3.21648692e-03
3.19269690e-03
3.30883940e-03
3.57137509e-03
4.00187632e-03
4.63622219e-03
5.52456007e-03
6.73182148e-03
8.33861199e-03
1.04423164e-02
1.31583072e-02
1.66211751e-02
2.09859626e-02
2.64294197e-02
3.31513770e-02
4.13763676e-02
5.13557026e-02
6.33702236e-02
7.77339978e-02
9.47991916e-02
1.14962332e-01
1.38672030e-01
1.66438074e-01
1.98841431e-01
2.36544164e-01
2.80297388e-01
3.30943885e-01
3.89409756e-01
4.56675806e-01
5.33714169e-01
6.21368697e-01
7.20150861e-01
8.29921164e-01
9.49441451e-01
1.07583658e+00
1.20412288e+00
1.26197859e+00
1.20301046e+00
1.12267090e+00
9.64728224e-01
8.20769376e-01
6.92050006e-01
5.78361921e-01
4.78865208e-01
3.92527763e-01
3.18299003e-01
2.55149351e-01
2.02061053e-01
1.58013756e-01
1.21981293e-01
9.29418770e-02
6.98977494e-02
5.18986866e-02
3.80643148e-02
2.76017193e-02
1.98165205e-02
1.41170748e-02
1.00125364e-02
7.10614841e-03
5.08537345e-03
3.71041337e-03
2.80242738e-03
2.23242376e-03
1.91146357e-03
1.78251025e-03
1.81402472e-03
1.99523388e-03
2.33289796e-03
2.84934243e-03
3.58150472e-03
4.58074561e-03
5.91320112e-03
7.66047392e-03
9.92050927e-03
1.28085357e-02
1.64580137e-02
2.10215815e-02
2.66720677e-02
3.36036932e-02
4.20336732e-02
5.22044803e-02
6.43871080e-02
7.88857057e-02
9.60440080e-02
1.16253970e-01
1.39967028e-01
1.67708297e-01
2.00093904e-01
2.37851289e-01
2.81841733e-01
3.33083171e-01
3.92769134e-01
4.62275591e-01
5.43140055e-01
6.36984844e-01
7.45336774e-01
8.69269852e-01
1.00877654e+00
1.16179616e+00
1.32299502e+00
1.39733967e+00
1.28417941e+00
1.19379329e+00
1.01769297e+00
8.60950696e-01
7.23508366e-01
6.03700488e-01
4.99606358e-01
4.09537912e-01
3.32104705e-01
2.66130198e-01
2.10549175e-01
1.64333968e-01
1.26458438e-01
9.58931773e-02
7.16208820e-02
5.26612858e-02
3.80973084e-02
2.70969038e-02
1.89277197e-02
1.29637987e-02
8.68502552e-03
5.67087395e-03
3.59032853e-03
2.18979919e-03
1.28055558e-03
7.26817039e-04
4.35229801e-04
3.46113394e-04
4.26582215e-04
6.65458339e-04
1.06977167e-03
1.66258476e-03
2.48185838e-03
3.58008480e-03
5.02443779e-03
6.89722980e-03
9.29650648e-03
1.23366688e-02
1.61490652e-02
2.08825749e-02
2.67042657e-02
3.38003048e-02
4.23773633e-02
5.26648573e-02
6.49184240e-02
7.94251287e-02
9.65109520e-02
1.16551204e-01
1.39984581e-01
1.67331683e-01
1.99218919e-01
2.36408773e-01
2.79837423e-01
3.30660345e-01
3.90305535e-01
4.60531174e-01
5.43478067e-01
6.41692512e-01
7.58064745e-01
8.95568942e-01
1.05659094e+00
1.24150890e+00
1.44620939e+00
1.54361202e+00
1.36253766e+00
1.25905581e+00
1.06172037e+00
8.92933719e-01
7.48983624e-01
6.25382305e-01
5.18565606e-01
4.26064955e-01
3.46213969e-01
2.77811704e-01
2.19868929e-01
1.71453365e-01
1.31615666e-01
9.93713777e-02
7.37164005e-02
5.36583066e-02
3.82509093e-02
2.66241499e-02
1.80052209e-02
1.17297710e-02
7.24400602e-03
4.09959419e-03
1.94369425e-03
5.06332461e-04
-4.13008752e-04
-9.58225309e-04
-1.22797150e-03
-1.28513763e-03
-1.16429766e-03
-8.77228140e-04
-4.16729011e-04
2.40950210e-04
1.13476372e-03
2.31829157e-03
3.85966153e-03
5.84173487e-03
8.36238691e-03
1.15347589e-02
1.54874453e-02
2.03646351e-02
2.63263324e-02
3.35488393e-02
4.22258020e-02
5.25701747e-02
6.48175796e-02
7.92315964e-02
9.61116609e-02
1.15804347e-01
1.38719028e-01
1.65349142e-01
1.96300684e-01
2.32330076e-01
2.74394319e-01
3.23717371e-01
3.81877877e-01
4.50924494e-01
5.33524363e-01
6.33143763e-01
7.54235155e-01
9.02331705e-01
1.08376142e+00
1.30427473e+00
1.56518930e+00
1.69526244e+00
1.42892447e+00
1.30707446e+00
1.08698174e+00
9.10554174e-01
7.65431952e-01
6.42413393e-01
5.35914085e-01
4.42850565e-01
3.61574046e-01
2.91136699e-01
2.30848147e-01
1.80036619e-01
1.37944342e-01
1.03706072e-01
7.63743926e-02
5.49661765e-02
3.85129694e-02
2.61047488e-02
1.69217842e-02
1.02532291e-02
5.50361774e-03
2.18983418e-03
-6.84182758e-05
-1.56177810e-03
-2.50565619e-03
-3.05422971e-03
-3.31291038e-03
-3.34874612e-03
-3.19859124e-03
-2.87517354e-03
-2.37131380e-03
-1.66266133e-03
-7.09289261e-04
5.43484735e-04
2.16476996e-03
4.23799214e-03
6.86083578e-03
1.01450966e-02
1.42164255e-02
1.92139804e-02
2.52901349e-02
3.26104352e-02
4.13541255e-02
5.17156108e-02
6.39073448e-02
7.81647014e-02
9.47535304e-02
1.13981249e-01
1.36212578e-01
1.61891401e-01
1.91570816e-01
2.25954353e-01
2.65952771e-01
3.12763201e-01
3.67981223e-01
4.33762780e-01
5.13063001e-01
6.09993853e-01
7.30358250e-01
8.82409304e-01
1.07774625e+00
1.33164579e+00
1.66008283e+00
1.83705077e+00
1.46164727e+00
1.31120852e+00
1.07628995e+00
9.05623403e-01
7.70134898e-01
6.54903869e-01
5.53059327e-01
4.61774467e-01
3.80100794e-01
3.07833647e-01
2.44925611e-01
1.91202690e-01
1.46256206e-01
1.09437711e-01
7.99099166e-02
5.67216024e-02
3.88847357e-02
2.54406451e-02
1.55087771e-02
8.31671136e-03
3.21338424e-03
-3.30799788e-04
-2.73277140e-03
-4.31068289e-03
-5.29973274e-03
-5.86776599e-03
-6.12921574e-03
-6.15676982e-03
-5.99049272e-03
-5.64463386e-03
-5.11234415e-03
-4.36881876e-03
-3.37316620e-03
-2.06952640e-03
-3.87642037e-04
1.75669358e-03
4.46126070e-03
7.83682350e-03
1.20064508e-02
1.71046208e-02
2.32764159e-02
3.06768492e-02
3.94707955e-02
4.98337262e-02
6.19538667e-02
7.60361478e-02
9.23087493e-02
1.11032908e-01
1.32517179e-01
1.57137529e-01
1.85365443e-01
2.17807165e-01
2.55258923e-01
2.98785936e-01
3.49838170e-01
4.10425842e-01
4.83397027e-01
5.72899718e-01
6.85192357e-01
8.30131879e-01
1.02395922e+00
1.29427028e+00
1.68667765e+00
1.93280586e+00
1.41531008e+00
1.21091857e+00
1.00461929e+00
8.71184341e-01
7.63444731e-01
6.65882044e-01
5.73832076e-01
4.86678066e-01
4.05283037e-01
3.30869960e-01
2.64486819e-01
2.06763950e-01
1.57843234e-01
1.17414494e-01
8.48120189e-02
5.91358548e-02
3.93710905e-02
2.44888188e-02
1.35206234e-02
5.60567137e-03
1.37111689e-05
-3.85049481e-03
-6.45515497e-03
-8.15666045e-03
-9.21751029e-03
-9.82437691e-03
-1.01040999e-02
-1.01372489e-02
-9.96846858e-03
-9.61441834e-03
-9.06902774e-03
-8.30729506e-03
-7.28734679e-03
-5.95203873e-03
-4.22962924e-03
-2.03472586e-03
7.31184565e-04
4.17855471e-03
8.42884133e-03
1.36129188e-02
1.98699070e-02
2.73457093e-02
3.61924236e-02
4.65681235e-02
5.86381849e-02
7.25778927e-02
8.85774931e-02
1.06849816e-01
1.27641771e-01
1.51250635e-01
1.78047052e-01
2.08507330e-01
2.43258881e-01
2.83145304e-01
3.29321132e-01
3.83395303e-01
4.47658770e-01
5.25473788e-01
6.22004134e-01
7.45752089e-01
9.12223973e-01
1.15386324e+00
1.55038602e+00
1.90910910e+00
8.64508429e-01
8.59932722e-01
8.26180376e-01
7.75507860e-01
7.12299553e-01
6.40463927e-01
5.63714806e-01
4.85573688e-01
4.09225809e-01
3.37340107e-01
2.71926264e-01
2.14268775e-01
1.64947076e-01
1.23928652e-01
9.07083947e-02
6.44650680e-02
4.42094630e-02
2.89077372e-02
1.75718631e-02
9.31708707e-03
3.39066597e-03
-8.21029439e-04
-3.80004722e-03
-5.91249209e-03
-7.42756600e-03
-8.53650862e-03
-9.36959042e-03
-1.00100803e-02
-1.05050605e-02
-1.08732023e-02
-1.11100091e-02
-1.11909946e-02
-1.10733617e-02
-1.06966410e-02
-9.98271614e-03
-8.83559613e-03
-7.14118683e-03
-4.76732038e-03
-1.56413345e-03
2.63503937e-03
8.01231249e-03
1.47633480e-02
2.30950990e-02
3.32231876e-02
4.53692720e-02
5.97585316e-02
7.66178939e-02
9.61754361e-02
1.18662074e-01
1.44316527e-01
1.73395441e-01
2.06190439e-01
2.43054921e-01
2.84443247e-01
3.30965967e-01
3.83464430e-01
4.43109102e-01
5.11525687e-01
5.90955028e-01
6.84455481e-01
7.96166358e-01
9.31666579e-01
1.09841725e+00
1.19804222e+00
3.19602551e-01
5.01632882e-01
6.26046570e-01
6.48887062e-01
6.24716573e-01
5.76241298e-01
5.15038254e-01
4.48198083e-01
3.80609951e-01
3.15779324e-01
2.56138752e-01
2.03201821e-01
1.57692558e-01
1.19690266e-01
8.87910512e-02
6.42708132e-02
4.52333733e-02
3.07311880e-02
1.98533976e-02
1.17815976e-02
5.81809122e-03
1.39332366e-03
-1.94068893e-03
-4.52467910e-03
-6.60980252e-03
-8.37510416e-03
-9.94327854e-03
-1.13932920e-02
-1.27701683e-02
-1.40914826e-02
-1.53516197e-02
-1.65235478e-02
-1.75593661e-02
-1.83892746e-02
-1.89202435e-02
-1.90338834e-02
-1.85847831e-02
-1.73987194e-02
-1.52719935e-02
-1.19712541e-02
-7.23503039e-03
-7.76317478e-04
7.71266474e-03
1.85542397e-02
3.20767112e-02
4.86043292e-02
6.84454647e-02
9.18802233e-02
1.19148033e-01
1.50436940e-01
1.85876035e-01
2.25532774e-01
2.69416373e-01
3.17486506e-01
3.69663225e-01
4.25824744e-01
4.85762427e-01
5.49018351e-01
6.14425837e-01
6.78879676e-01
7.33985781e-01
7.56340578e-01
6.76844853e-01
4.98631930e-01
2.95815108e-01
3.99429133e-01
5.22618050e-01
5.63441346e-01
5.55557233e-01
5.19494488e-01
4.67823688e-01
4.08675261e-01
3.47576662e-01
2.88348021e-01
2.33548864e-01
1.84735864e-01
1.42655120e-01
1.07418164e-01
7.86731779e-02
5.57658639e-02
3.78801122e-02
2.41505693e-02
1.37439454e-02
5.91041003e-03
9.70047568e-06
-4.48185812e-03
-7.97711293e-03
-1.07910498e-02
-1.31567355e-02
-1.52412081e-02
-1.71595991e-02
-1.89865007e-02
-2.07644094e-02
-2.25092545e-02
-2.42134587e-02
-2.58468225e-02
-2.73558120e-02
-2.86615434e-02
-2.96570330e-02
-3.02039667e-02
-3.01295577e-02
-2.92237453e-02
-2.72373359e-02
-2.38813741e-02
-1.88283814e-02
-1.17157782e-02
-2.15211368e-03
1.02736332e-02
2.59792270e-02
4.53728131e-02
6.88330341e-02
9.66862054e-02
1.29181403e-01
1.66464884e-01
2.08555503e-01
2.55322704e-01
3.06467693e-01
3.61505538e-01
4.19740022e-01
4.80210629e-01
5.41567058e-01
6.01777997e-01
6.57482775e-01
7.02595132e-01
7.25397665e-01
7.02906485e-01
5.92263105e-01
4.92554704e-01
3.70376764e-01
4.24984378e-01
5.03434988e-01
5.30096236e-01
5.19628967e-01
4.85062656e-01
4.36279975e-01
3.80473743e-01
3.22809484e-01
2.66918116e-01
2.15225105e-01
1.69185697e-01
1.29478901e-01
9.61857654e-02
6.89576082e-02
4.71695379e-02
3.00518427e-02
1.67936419e-02
6.61697033e-03
-1.17683095e-03
-7.18389424e-03
-1.18920040e-02
-1.56863538e-02
-1.88618117e-02
-2.16377765e-02
-2.41729004e-02
-2.65780275e-02
-2.89264988e-02
-3.12615667e-02
-3.36009912e-02
-3.59391115e-02
-3.82467410e-02
-4.04692989e-02
-4.25235581e-02
-4.42934296e-02
-4.56251786e-02
-4.63225350e-02
-4.61421652e-02
-4.47900714e-02
-4.19195126e-02
-3.71311471e-02
-2.99761273e-02
-1.99629551e-02
-6.56887755e-03
1.07434234e-02
3.25032880e-02
5.92033863e-02
9.12650747e-02
1.28998598e-01
1.72559703e-01
2.21904899e-01
2.76747954e-01
3.36519580e-01
4.00329823e-01
4.66926975e-01
5.34635809e-01
6.01238734e-01
6.63732628e-01
7.17850789e-01
7.57200599e-01
7.71925470e-01
7.47309728e-01
6.64808346e-01
6.07043869e-01
4.91487441e-01
5.10886897e-01
5.38795983e-01
5.37949765e-01
5.13255174e-01
4.71681877e-01
4.19827012e-01
3.63150145e-01
3.05864004e-01
2.51030613e-01
2.00706917e-01
1.56099741e-01
1.17723871e-01
8.55608735e-02
5.92128598e-02
3.80429320e-02
2.12945232e-02
8.18464339e-03
-2.03027127e-03
-1.00138685e-02
-1.63304254e-02
-2.14410625e-02
-2.57102818e-02
-2.94181945e-02
-3.27748732e-02
-3.59343473e-02
-3.90067388e-02
-4.20677628e-02
-4.51653449e-02
-4.83234079e-02
-5.15430685e-02
-5.48015420e-02
-5.80491002e-02
-6.12044192e-02
-6.41486890e-02
-6.67188699e-02
-6.87005615e-02
-6.98210056e-02
-6.97428829e-02
-6.80596560e-02
-6.42933930e-02
-5.78961217e-02
-4.82559397e-02
-3.47091855e-02
-1.65600279e-02
6.89128697e-03
3.63105876e-02
7.22819724e-02
1.15250610e-01
1.65457930e-01
2.22872457e-01
2.87120834e-01
3.57424268e-01
4.32544634e-01
5.10740875e-01
5.89728658e-01
6.66624390e-01
7.37840660e-01
7.98894631e-01
8.44125478e-01
8.66473794e-01
8.57927932e-01
8.12204110e-01
7.80563053e-01
6.33397744e-01
6.25689521e-01
6.07329131e-01
5.75212215e-01
5.30382741e-01
4.76212846e-01
4.16697418e-01
3.55565478e-01
2.95894174e-01
2.39985467e-01
1.89374242e-01
1.44904486e-01
1.06842105e-01
7.50051970e-02
4.88970022e-02
2.78293591e-02
1.10276724e-02
-2.28774490e-03
-1.28451854e-02
-2.12879398e-02
-2.81595155e-02
-3.39027243e-02
-3.88677459e-02
-4.33249648e-02
-4.74793514e-02
-5.14841687e-02
-5.54526526e-02
-5.94669848e-02
-6.35843238e-02
-6.78399419e-02
-7.22476467e-02
-7.67977366e-02
-8.14527470e-02
-8.61412675e-02
-9.07501180e-02
-9.51152386e-02
-9.90117145e-02
-1.02143497e-01
-1.04133521e-01
-1.04515153e-01
-1.02726102e-01
-9.81062479e-02
-8.99010822e-02
-7.72727577e-02
-5.93209127e-02
-3.51154796e-02
-3.74342446e-03
3.56293034e-02
8.36805593e-02
1.40841372e-01
2.07196202e-01
2.82381296e-01
3.65490921e-01
4.55002822e-01
5.48733300e-01
6.43828149e-01
7.36788161e-01
8.23520819e-01
8.99413275e-01
9.59459006e-01
9.98581119e-01
1.01251702e+00
9.99888380e-01
9.85913544e-01
7.84953669e-01
7.55211742e-01
6.96076715e-01
6.32720558e-01
5.65174143e-01
4.95038995e-01
4.24593799e-01
3.56165216e-01
2.91757108e-01
2.32869204e-01
1.80442439e-01
1.34885865e-01
9.61534765e-02
6.38474138e-02
3.73291529e-02
1.58246124e-02
-1.48649978e-03
-1.54023359e-02
-2.66527623e-02
-3.58735553e-02
-4.35971510e-02
-5.02553919e-02
-5.61898136e-02
-6.16656824e-02
-6.68869069e-02
-7.20098601e-02
-7.71549424e-02
-8.24152939e-02
-8.78624659e-02
-9.35490760e-02
-9.95085883e-02
-1.05752383e-01
-1.12264294e-01
-1.18992788e-01
-1.25840979e-01
-1.32654743e-01
-1.39209286e-01
-1.45194694e-01
-1.50201199e-01
-1.53705185e-01
-1.55057325e-01
-1.53474648e-01
-1.48038823e-01
-1.37703454e-01
-1.21313595e-01
-9.76409909e-02
-6.54384584e-02
-2.35161608e-02
2.91589331e-02
9.33416777e-02
1.69370493e-01
2.57022020e-01
3.55373853e-01
4.62695228e-01
5.76388181e-01
6.93000410e-01
8.08325108e-01
9.17594166e-01
1.01576618e+00
1.09792293e+00
1.15983318e+00
1.19881705e+00
1.21506071e+00
1.21423248e+00
9.41882070e-01
8.93264621e-01
7.97706433e-01
7.04179966e-01
6.12908681e-01
5.24808208e-01
4.41147110e-01
3.63223849e-01
2.92128114e-01
2.28598989e-01
1.72969354e-01
1.25177342e-01
8.48237862e-02
5.12556895e-02
2.36584743e-02
1.14347984e-03
-1.71784860e-02
-3.21423445e-02
-4.44936721e-02
-5.48714715e-02
-6.38052158e-02
-7.17219550e-02
-7.89594470e-02
-8.57819302e-02
-9.23960096e-02
-9.89649717e-02
-1.05620540e-01
-1.12471596e-01
-1.19609721e-01
-1.27111564e-01
-1.35038144e-01
-1.43431153e-01
-1.52306335e-01
-1.61643986e-01
-1.71376643e-01
-1.81374078e-01
-1.91425834e-01
-2.01221737e-01
-2.10331083e-01
-2.18181572e-01
-2.24039548e-01
-2.26993724e-01
-2.25945245e-01
-2.19607805e-01
-2.06522256e-01
-1.85090872e-01
-1.53636634e-01
-1.10492529e-01
-5.41243062e-02
1.67129857e-02
1.02789290e-01
2.04196387e-01
3.20147619e-01
4.48809924e-01
5.87204906e-01
7.31218162e-01
8.75750790e-01
1.01503266e+00
1.14309649e+00
1.25439321e+00
1.34452341e+00
1.41106483e+00
1.45444959e+00
1.46485737e+00
1.10301769e+00
1.03738953e+00
9.08247999e-01
7.85512904e-01
6.70058972e-01
5.62694447e-01
4.64148280e-01
3.74997156e-01
2.95583345e-01
2.25957206e-01
1.65859888e-01
1.14746473e-01
7.18404789e-02
3.62066303e-02
6.82865570e-03
-1.73189039e-02
-3.72123843e-02
-5.37379083e-02
-6.76678689e-02
-7.96529010e-02
-9.02258567e-02
-9.98138726e-02
-1.08754874e-01
-1.17315536e-01
-1.25708532e-01
-1.34107667e-01
-1.42660114e-01
-1.51495397e-01
-1.60731036e-01
-1.70474858e-01
-1.80824016e-01
-1.91860703e-01
-2.03644505e-01
-2.16201277e-01
-2.29508448e-01
-2.43476663e-01
-2.57927846e-01
-2.72569906e-01
-2.86968711e-01
-3.00518311e-01
-3.12411115e-01
-3.21610419e-01
-3.26828752e-01
-3.26516626e-01
-3.18867540e-01
-3.01846285e-01
-2.73248439e-01
-2.30799060e-01
-1.72297354e-01
-9.58108216e-02
8.35673951e-05
1.16022941e-01
2.51571117e-01
4.04959161e-01
5.72906972e-01
7.50587801e-01
9.31795296e-01
1.10935346e+00
1.27577239e+00
1.42410240e+00
1.54889083e+00
1.64711430e+00
1.71894093e+00
1.74062487e+00
1.26861750e+00
1.18692996e+00
1.02567531e+00
8.74162627e-01
7.34075091e-01
6.06402535e-01
4.91616787e-01
3.89785789e-01
3.00638011e-01
2.23604103e-01
1.57858739e-01
1.02373568e-01
5.59816757e-02
1.74477222e-02
-1.44642171e-02
-4.09323532e-02
-6.30333352e-02
-8.17148391e-02
-9.77839596e-02
-1.11908873e-01
-1.24630268e-01
-1.36378852e-01
-1.47495658e-01
-1.58252556e-01
-1.68871168e-01
-1.79539094e-01
-1.90422868e-01
-2.01677448e-01
-2.13452192e-01
-2.25893355e-01
-2.39143069e-01
-2.53334711e-01
-2.68584449e-01
-2.84978680e-01
-3.02557032e-01
-3.21290626e-01
-3.41055404e-01
-3.61600518e-01
-3.82512144e-01
-4.03173606e-01
-4.22723393e-01
-4.40013681e-01
-4.53573210e-01
-4.61579944e-01
-4.61850717e-01
-4.51856975e-01
-4.28777388e-01
-3.89599137e-01
-3.31279275e-01
-2.50974809e-01
-1.46343816e-01
-1.59088504e-02
1.40542606e-01
3.21567435e-01
5.23756359e-01
7.41593985e-01
9.67585945e-01
1.19273089e+00
1.40736237e+00
1.60230146e+00
1.77016534e+00
1.90660545e+00
2.01123357e+00
2.04587329e+00
1.43963022e+00
1.34215146e+00
1.14908666e+00
9.68559204e-01
8.03115231e-01
6.54063941e-01
5.21774029e-01
4.05933041e-01
3.05743289e-01
2.20064877e-01
1.47526318e-01
8.66179184e-02
3.57748171e-02
-6.54965179e-03
-4.18226258e-02
-7.13852404e-02
-9.64226446e-02
-1.17950299e-01
-1.36814586e-01
-1.53704581e-01
-1.69171339e-01
-1.83651217e-01
-1.97490268e-01
-2.10967569e-01
-2.24316011e-01
-2.37739814e-01
-2.51428396e-01
-2.65566561e-01
-2.80341042e-01
-2.95943416e-01
-3.12569343e-01
-3.30413882e-01
-3.49662562e-01
-3.70477690e-01
-3.92979339e-01
-4.17220422e-01
-4.43155335e-01
-4.70601835e-01
-4.99196187e-01
-5.28342146e-01
-5.57155185e-01
-5.84404483e-01
-6.08456741e-01
-6.27227838e-01
-6.38150681e-01
-6.38170301e-01
-6.23779984e-01
-5.91114549e-01
-5.36117993e-01
-4.54801396e-01
-3.43601492e-01
-1.99838715e-01
-2.22536786e-02
1.88427794e-01
4.28987379e-01
6.93387966e-01
9.72776081e-01
1.25595252e+00
1.53039006e+00
1.78375614e+00
2.00573990e+00
2.18984467e+00
2.33476328e+00
2.38559031e+00
1.61738983e+00
1.50383596e+00
1.27824189e+00
1.06775000e+00
8.75804993e-01
7.04098803e-01
5.52967513e-01
4.21778394e-01
3.09248951e-01
2.13691115e-01
1.33194931e-01
6.57678964e-02
9.44133080e-03
-3.76497581e-02
-7.72100375e-02
-1.10748457e-01
-1.39562072e-01
-1.64736315e-01
-1.87158202e-01
-2.07538582e-01
-2.26439583e-01
-2.44303965e-01
-2.61483786e-01
-2.78266648e-01
-2.94898480e-01
-3.11602433e-01
-3.28593782e-01
-3.46090964e-01
-3.64322866e-01
-3.83532422e-01
-4.03976385e-01
-4.25920979e-01
-4.49632894e-01
-4.75364936e-01
-5.03335488e-01
-5.33700871e-01
-5.66519714e-01
-6.01708591e-01
-6.38988522e-01
-6.77822457e-01
-7.17344742e-01
-7.56284789e-01
-7.92888871e-01
-8.24846253e-01
-8.49228708e-01
-8.62455992e-01
-8.60303727e-01
-8.37974165e-01
-7.90253589e-01
-7.11781375e-01
-5.97452870e-01
-4.42968209e-01
-2.45518224e-01
-4.56323289e-03
2.77390350e-01
5.94171922e-01
9.35699059e-01
1.28833295e+00
1.63601674e+00
1.96222231e+00
2.25248713e+00
2.49707199e+00
2.69314186e+00
2.76501110e+00
1.80350112e+00
1.67309932e+00
1.41330099e+00
1.17114982e+00
9.51039852e-01
7.55073633e-01
5.83569506e-01
4.35580079e-01
3.09336505e-01
2.02596178e-01
1.12902161e-01
3.77708106e-02
-2.51769504e-02
-7.81286160e-02
-1.23028218e-01
-1.61552537e-01
-1.95109397e-01
-2.24852551e-01
-2.51707986e-01
-2.76406974e-01
-2.99521868e-01
-3.21501554e-01
-3.42704389e-01
-3.63427339e-01
-3.83930719e-01
-4.04458453e-01
-4.25254037e-01
-4.46572499e-01
-4.68688576e-01
-4.91901195e-01
-5.16534099e-01
-5.42932205e-01
-5.71453037e-01
-6.02452310e-01
-6.36262558e-01
-6.73163553e-01
-7.13343221e-01
-7.56847845e-01
-8.03520623e-01
-8.52928127e-01
-9.04275064e-01
-9.56308955e-01
-1.00721816e+00
-1.05452905e+00
-1.09501152e+00
-1.12460588e+00
-1.13838962e+00
-1.13060791e+00
-1.09479812e+00
-1.02404354e+00
-9.11393394e-01
-7.50481062e-01
-5.36354292e-01
-2.66492974e-01
5.80745099e-02
4.31736285e-01
8.43626139e-01
1.27767586e+00
1.71373669e+00
2.12994600e+00
2.50616852e+00
2.82790981e+00
3.08979369e+00
3.18937897e+00
1.99982126e+00
1.85132110e+00
1.55467416e+00
1.27836621e+00
1.02782029e+00
8.05559373e-01
6.11857124e-01
4.45410468e-01
3.03922587e-01
1.84561126e-01
8.42961760e-02
1.36459154e-04
-7.07157420e-02
-1.30772340e-01
-1.82214448e-01
-2.26882094e-01
-2.66288511e-01
-3.01650679e-01
-3.33929351e-01
-3.63873178e-01
-3.92062883e-01
-4.18952697e-01
-4.44907374e-01
-4.70234013e-01
-4.95208566e-01
-5.20097324e-01
-5.45173844e-01
-5.70731820e-01
-5.97094215e-01
-6.24618790e-01
-6.53699843e-01
-6.84765691e-01
-7.18271067e-01
-7.54683346e-01
-7.94461214e-01
-8.38024192e-01
-8.85711323e-01
-9.37727307e-01
-9.94074573e-01
-1.05447017e+00
-1.11824708e+00
-1.18424079e+00
-1.25066347e+00
-1.31497076e+00
-1.37372935e+00
-1.42249801e+00
-1.45574069e+00
-1.46679766e+00
-1.44794978e+00
-1.39062081e+00
-1.28577144e+00
-1.12454268e+00
-8.99196628e-01
-6.04369316e-01
-2.38577851e-01
1.94197275e-01
6.83198772e-01
1.21035971e+00
1.75114218e+00
2.27720202e+00
2.76088642e+00
3.18087693e+00
3.52765431e+00
3.66375429e+00
2.20849782e+00
2.04013757e+00
1.70293222e+00
1.38906419e+00
1.10510046e+00
8.53980823e-01
6.35868584e-01
4.49018859e-01
2.90525609e-01
1.56902608e-01
4.45034437e-02
-5.01954154e-02
-1.30420066e-01
-1.99006395e-01
-2.58366229e-01
-3.10493954e-01
-3.56999141e-01
-3.99154183e-01
-4.37948702e-01
-4.74144904e-01
-5.08329938e-01
-5.40962961e-01
-5.72415816e-01
-6.03007129e-01
-6.33030224e-01
-6.62775535e-01
-6.92548306e-01
-7.22682235e-01
-7.53549546e-01
-7.85567645e-01
-8.19202199e-01
-8.54966090e-01
-8.93413336e-01
-9.35126706e-01
-9.80697430e-01
-1.03069510e+00
-1.08562572e+00
-1.14587559e+00
-1.21163920e+00
-1.28282888e+00
-1.35896539e+00
-1.43904884e+00
-1.52141125e+00
-1.60355407e+00
-1.68197695e+00
-1.75200869e+00
-1.80765695e+00
-1.84150227e+00
-1.84467315e+00
-1.80695386e+00
-1.71709457e+00
-1.56340945e+00
-1.33475646e+00
-1.02197447e+00
-6.19787365e-01
-1.29041392e-01
4.41092035e-01
1.07161352e+00
1.73380827e+00
2.39188361e+00
3.00854673e+00
3.55290465e+00
4.00887141e+00
4.19282453e+00
2.43205191e+00
2.24147691e+00
1.85874542e+00
1.50284027e+00
1.18162624e+00
8.98438467e-01
6.53219346e-01
4.43646050e-01
2.66079686e-01
1.16286324e-01
-1.00576150e-02
-1.17039679e-01
-2.08324673e-01
-2.87069106e-01
-3.55905093e-01
-4.16968705e-01
-4.71954056e-01
-5.22179665e-01
-5.68657853e-01
-6.12161217e-01
-6.53282697e-01
-6.92487627e-01
-7.30157387e-01
-7.66625163e-01
-8.02204717e-01
-8.37213315e-01
-8.71989840e-01
-9.06909003e-01
-9.42392221e-01
-9.78915400e-01
-1.01701348e+00
-1.05728118e+00
-1.10036889e+00
-1.14697249e+00
-1.19781508e+00
-1.25361871e+00
-1.31506352e+00
-1.38273185e+00
-1.45703445e+00
-1.53811658e+00
-1.62574146e+00
-1.71915002e+00
-1.81689624e+00
-1.91665958e+00
-2.01503813e+00
-2.10732973e+00
-2.18731406e+00
-2.24705662e+00
-2.27676888e+00
-2.26477737e+00
-2.19768144e+00
-2.06081164e+00
-1.83913347e+00
-1.51875434e+00
-1.08915387e+00
-5.46117159e-01
1.04942343e-01
8.46040307e-01
1.64534753e+00
2.45916154e+00
3.23831410e+00
3.93881721e+00
4.53448043e+00
4.78069889e+00
2.67350661e+00
2.45762854e+00
2.02282647e+00
1.61907473e+00
1.25573071e+00
9.36471993e-01
6.60848592e-01
4.25761692e-01
2.26667166e-01
5.84578573e-02
-8.39441345e-02
-2.05227781e-01
-3.09506212e-01
-4.00249824e-01
-4.80296956e-01
-5.51910163e-01
-6.16855369e-01
-6.76488593e-01
-7.31840619e-01
-7.83694096e-01
-8.32650438e-01
-8.79185858e-01
-9.23697054e-01
-9.66537781e-01
-1.00804781e+00
-1.04857577e+00
-1.08849728e+00
-1.12822940e+00
-1.16824209e+00
-1.20906705e+00
-1.25130372e+00
-1.29562205e+00
-1.34276081e+00
-1.39352014e+00
-1.44874644e+00
-1.50930724e+00
-1.57605339e+00
-1.64976577e+00
-1.73108323e+00
-1.82040883e+00
-1.91779127e+00
-2.02277907e+00
-2.13424543e+00
-2.25018283e+00
-2.36746785e+00
-2.48159887e+00
-2.58641342e+00
-2.67379832e+00
-2.73341828e+00
-2.75250874e+00
-2.71581237e+00
-2.60578773e+00
-2.40328124e+00
-2.08891498e+00
-1.64546324e+00
-1.06139699e+00
-3.35465637e-01
5.18427750e-01
1.46768294e+00
2.46123520e+00
3.43604626e+00
4.33074674e+00
5.10403825e+00
5.43068097e+00
2.93657120e+00
2.69134339e+00
2.19584989e+00
1.73672073e+00
1.32503984e+00
9.64716203e-01
6.54646350e-01
3.90675118e-01
1.67121450e-01
-2.21554678e-02
-1.83080930e-01
-3.20986729e-01
-4.40442235e-01
-5.45221902e-01
-6.38354221e-01
-7.22213118e-01
-7.98625867e-01
-8.68981409e-01
-9.34330013e-01
-9.95469915e-01
-1.05301969e+00
-1.10747691e+00
-1.15926463e+00
-1.20876781e+00
-1.25636161e+00
-1.30243356e+00
-1.34740123e+00
-1.39172649e+00
-1.43592737e+00
-1.48058771e+00
-1.52636468e+00
-1.57399349e+00
-1.62428848e+00
-1.67813899e+00
-1.73649810e+00
-1.80036198e+00
-1.87073695e+00
-1.94859120e+00
-2.03478777e+00
-2.12999514e+00
-2.23457205e+00
-2.34842285e+00
-2.47082009e+00
-2.60019118e+00
-2.73386620e+00
-2.86778457e+00
-2.99615928e+00
-3.11110145e+00
-3.20221582e+00
-3.25619636e+00
-3.25648634e+00
-3.18312825e+00
-3.01302281e+00
-2.72093730e+00
-2.28171593e+00
-1.67416110e+00
-8.86812317e-01
7.48547378e-02
1.18157659e+00
2.37719440e+00
3.58368580e+00
4.71744153e+00
5.71519687e+00
6.14502005e+00
3.22589425e+00
2.94596089e+00
2.37830509e+00
1.85396449e+00
1.38601121e+00
9.78367535e-01
6.28878259e-01
3.31937552e-01
8.04209684e-02
-1.33046041e-01
-3.15344981e-01
-4.72494987e-01
-6.09528347e-01
-7.30513069e-01
-8.38653755e-01
-9.36425701e-01
-1.02571470e+00
-1.10794731e+00
-1.18420425e+00
-1.25531482e+00
-1.32193284e+00
-1.38459621e+00
-1.44377287e+00
-1.49989590e+00
-1.55339044e+00
-1.60469452e+00
-1.65427584e+00
-1.70264556e+00
-1.75037020e+00
-1.79808203e+00
-1.84648783e+00
-1.89637572e+00
-1.94861897e+00
-2.00417556e+00
-2.06408142e+00
-2.12943522e+00
-2.20137181e+00
-2.28102112e+00
-2.36944914e+00
-2.46757703e+00
-2.57607453e+00
-2.69522356e+00
-2.82474743e+00
-2.96360097e+00
-3.10971562e+00
-3.25969237e+00
-3.40843328e+00
-3.54870162e+00
-3.67060231e+00
-3.76098521e+00
-3.80280328e+00
-3.77452043e+00
-3.64978036e+00
-3.39772858e+00
-2.98461279e+00
-2.37748425e+00
-1.55078119e+00
-4.95941150e-01
7.67432781e-01
2.18299861e+00
3.65856246e+00
5.08339338e+00
6.36318215e+00
6.92463543e+00
3.54740270e+00
3.22554725e+00
2.57020353e+00
1.96764124e+00
1.43317320e+00
9.70321840e-01
5.75267957e-01
2.40399628e-01
-4.32538297e-02
-2.84547309e-01
-4.91444699e-01
-6.70701973e-01
-8.27824125e-01
-9.67168336e-01
-1.09211169e+00
-1.20523481e+00
-1.30849530e+00
-1.40337872e+00
-1.49102350e+00
-1.57232045e+00
-1.64798994e+00
-1.71864056e+00
-1.78481308e+00
-1.84701340e+00
-1.90573729e+00
-1.96148965e+00
-2.01479998e+00
-2.06623556e+00
-2.11641329e+00
-2.16601054e+00
-2.21577520e+00
-2.26653437e+00
-2.31920100e+00
-2.37477715e+00
-2.43435208e+00
-2.49909308e+00
-2.57022634e+00
-2.64900470e+00
-2.73665897e+00
-2.83432905e+00
-2.94297063e+00
-3.06323333e+00
-3.19530522e+00
-3.33871787e+00
-3.49210409e+00
-3.65289753e+00
-3.81695803e+00
-3.97810055e+00
-4.12749870e+00
-4.25293235e+00
-4.33786285e+00
-4.36036907e+00
-4.29209513e+00
-4.09758573e+00
-3.73474084e+00
-3.15756533e+00
-2.32271057e+00
-1.20101984e+00
2.06372106e-01
1.85156463e+00
3.63251626e+00
5.40764094e+00
7.04009870e+00
7.76879226e+00
3.90873129e+00
3.53499816e+00
2.77048451e+00
2.07219424e+00
1.45782795e+00
9.29740634e-01
4.81499195e-01
1.02699819e-01
-2.18003872e-01
-4.91251822e-01
-7.26240845e-01
-9.30527386e-01
-1.11011463e+00
-1.26966565e+00
-1.41275223e+00
-1.54209267e+00
-1.65975810e+00
-1.76734129e+00
-1.86608945e+00
-1.95700575e+00
-2.04092533e+00
-2.11857137e+00
-2.19059610e+00
-2.25761093e+00
-2.32020901e+00
-2.37898269e+00
-2.43453789e+00
-2.48750677e+00
-2.53855952e+00
-2.58841576e+00
-2.63785572e+00
-2.68773078e+00
-2.73897275e+00
-2.79260076e+00
-2.84972419e+00
-2.91153973e+00
-2.97932012e+00
-3.05439172e+00
-3.13809780e+00
-3.23174389e+00
-3.33652141e+00
-3.45340544e+00
-3.58302159e+00
-3.72547609e+00
-3.88014053e+00
-4.04537849e+00
-4.21819370e+00
-4.39376839e+00
-4.56484437e+00
-4.72088265e+00
-4.84692706e+00
-4.92211584e+00
-4.91787361e+00
-4.79604239e+00
-4.50765603e+00
-3.99377002e+00
-3.19059832e+00
-2.04164950e+00
-5.18442254e-01
1.35294728e+00
3.47069324e+00
5.66198321e+00
7.73388588e+00
8.67464698e+00
4.31970919e+00
3.87997707e+00
2.97580213e+00
2.15777277e+00
1.44578616e+00
8.39617380e-01
3.28733239e-01
-1.01180408e-01
-4.64546999e-01
-7.74178142e-01
-1.04070021e+00
-1.27257347e+00
-1.47636913e+00
-1.65712246e+00
-1.81867368e+00
-1.96396073e+00
-2.09525481e+00
-2.21434242e+00
-2.32266201e+00
-2.42140472e+00
-2.51158739e+00
-2.59410533e+00
-2.66977026e+00
-2.73933804e+00
-2.80352949e+00
-2.86304687e+00
-2.91858774e+00
-2.97085764e+00
-3.02058222e+00
-3.06851954e+00
-3.11547243e+00
-3.16230085e+00
-3.20993364e+00
-3.25937874e+00
-3.31173073e+00
-3.36817381e+00
-3.42997834e+00
-3.49848839e+00
-3.57509742e+00
-3.66120918e+00
-3.75818017e+00
-3.86724016e+00
-3.98938634e+00
-4.12524581e+00
-4.27489847e+00
-4.43764791e+00
-4.61171915e+00
-4.79384739e+00
-4.97869892e+00
-5.15803253e+00
-5.31947101e+00
-5.44472376e+00
-5.50712523e+00
-5.46851804e+00
-5.27595751e+00
-4.85962064e+00
-4.13472686e+00
-3.01183916e+00
-1.42024044e+00
6.54622089e-01
3.12980126e+00
5.80812606e+00
8.42654422e+00
9.63643616e+00
4.79273929e+00
4.26635601e+00
3.17802945e+00
2.20668025e+00
1.37332988e+00
6.72583572e-01
8.74633322e-02
-4.01863574e-01
-8.13849559e-01
-1.16400313e+00
-1.46467958e+00
-1.72544473e+00
-1.95360761e+00
-2.15473938e+00
-2.33311146e+00
-2.49203974e+00
-2.63414411e+00
-2.76153923e+00
-2.87597246e+00
-2.97892273e+00
-3.07167111e+00
-3.15535126e+00
-3.23098609e+00
-3.29951478e+00
-3.36181373e+00
-3.41871358e+00
-3.47101398e+00
-3.51949733e+00
-3.56494230e+00
-3.60813736e+00
-3.64989481e+00
-3.69106495e+00
-3.73255011e+00
-3.77531797e+00
-3.82041297e+00
-3.86896478e+00
-3.92219184e+00
-3.98139828e+00
-4.04796164e+00
-4.12330901e+00
-4.20887872e+00
-4.30606461e+00
-4.41613962e+00
-4.54015442e+00
-4.67880518e+00
-4.83226020e+00
-4.99992683e+00
-5.18012487e+00
-5.36960517e+00
-5.56280837e+00
-5.75069315e+00
-5.91888135e+00
-6.04479787e+00
-6.09351232e+00
-6.01230508e+00
-5.72489888e+00
-5.12818636e+00
-4.09719443e+00
-2.50683120e+00
-2.78033735e-01
2.55557658e+00
5.79293405e+00
9.09081473e+00
1.06437091e+01
5.34253577e+00
4.69830230e+00
3.35904848e+00
2.18659539e+00
1.19989152e+00
3.83618302e-01
-2.89387102e-01
-8.46840414e-01
-1.31258854e+00
-1.70563824e+00
-2.04060491e+00
-2.32857459e+00
-2.57795610e+00
-2.79518442e+00
-2.98525679e+00
-3.15212505e+00
-3.29897694e+00
-3.42843588e+00
-3.54270259e+00
-3.64365594e+00
-3.73292527e+00
-3.81194328e+00
-3.88198536e+00
-3.94419983e+00
-3.99963213e+00
-4.04924508e+00
-4.09393675e+00
-4.13455700e+00
-4.17192344e+00
-4.20683725e+00
-4.24009923e+00
-4.27252597e+00
-4.30496604e+00
-4.33831587e+00
-4.37353449e+00
-4.41165636e+00
-4.45380097e+00
-4.50117774e+00
-4.55508449e+00
-4.61689750e+00
-4.68805115e+00
-4.77000498e+00
-4.86419604e+00
-4.97197397e+00
-5.09451511e+00
-5.23270915e+00
-5.38700518e+00
-5.55719040e+00
-5.74204838e+00
-5.93879583e+00
-6.14211475e+00
-6.34246941e+00
-6.52322687e+00
-6.65593990e+00
-6.69318070e+00
-6.55894516e+00
-6.13859526e+00
-5.27436373e+00
-3.77849225e+00
-1.48077536e+00
1.67927573e+00
5.54040484e+00
9.68355204e+00
1.16770905e+01
5.98361911e+00
5.17278033e+00
3.47964119e+00
2.03734681e+00
8.54608482e-01
-1.02601070e-01
-8.77719789e-01
-1.50998892e+00
-2.03079995e+00
-2.46404288e+00
-2.82760497e+00
-3.13490227e+00
-3.39611429e+00
-3.61909354e+00
-3.81001024e+00
-3.97380293e+00
-4.11449351e+00
-4.23540895e+00
-4.33933945e+00
-4.42865306e+00
-4.50538030e+00
-4.57127800e+00
-4.62787859e+00
-4.67652925e+00
-4.71842384e+00
-4.75462991e+00
-4.78611218e+00
-4.81375387e+00
-4.83837641e+00
-4.86075845e+00
-4.88165431e+00
-4.90181228e+00
-4.92199276e+00
-4.94298607e+00
-4.96562972e+00
-4.99082445e+00
-5.01954840e+00
-5.05286838e+00
-5.09194697e+00
-5.13804441e+00
-5.19251368e+00
-5.25678776e+00
-5.33235793e+00
-5.42074223e+00
-5.52344295e+00
-5.64189078e+00
-5.77736914e+00
-5.93090273e+00
-6.10307322e+00
-6.29368189e+00
-6.50109596e+00
-6.72096560e+00
-6.94375011e+00
-7.15013836e+00
-7.30308395e+00
-7.33517915e+00
-7.13139865e+00
-6.51152105e+00
-5.22556244e+00
-2.98843234e+00
4.13336286e-01
4.93818437e+00
1.01319902e+01
1.26978104e+01
6.72095164e+00
5.66448443e+00
3.45515968e+00
1.64459555e+00
2.11575482e-01
-9.13152957e-01
-1.79963429e+00
-2.50469275e+00
-3.07100333e+00
-3.52987691e+00
-3.90432405e+00
-4.21147899e+00
-4.46432636e+00
-4.67288780e+00
-4.84503246e+00
-4.98703536e+00
-5.10396814e+00
-5.19997755e+00
-5.27848779e+00
-5.34235042e+00
-5.39395760e+00
-5.43532906e+00
-5.46818033e+00
-5.49397707e+00
-5.51397943e+00
-5.52927884e+00
-5.54082928e+00
-5.54947465e+00
-5.55597304e+00
-5.56101919e+00
-5.56526537e+00
-5.56934151e+00
-5.57387464e+00
-5.57950797e+00
-5.58691953e+00
-5.59684016e+00
-5.61007062e+00
-5.62749721e+00
-5.65010539e+00
-5.67899062e+00
-5.71536591e+00
-5.76056556e+00
-5.81604518e+00
-5.88337842e+00
-5.96425163e+00
-6.06045756e+00
-6.17388853e+00
-6.30652436e+00
-6.46039754e+00
-6.63748752e+00
-6.83942755e+00
-7.06676717e+00
-7.31726131e+00
-7.58217346e+00
-7.83883729e+00
-8.03687604e+00
-8.07533922e+00
-7.77077789e+00
-6.82605314e+00
-4.83075238e+00
-1.35274479e+00
3.81554296e+00
1.03046850e+01
1.36219000e+01
7.52045126e+00
6.08453268e+00
3.10067393e+00
7.86923643e-01
-9.54708214e-01
-2.26087060e+00
-3.24686856e+00
-3.99794444e+00
-4.57474804e+00
-5.02035753e+00
-5.36576859e+00
-5.63368032e+00
-5.84101716e+00
-6.00060865e+00
-6.12232382e+00
-6.21385176e+00
-6.28124947e+00
-6.32933348e+00
-6.36196489e+00
-6.38226021e+00
-6.39274968e+00
-6.39549793e+00
-6.39219730e+00
-6.38424102e+00
-6.37278147e+00
-6.35877729e+00
-6.34303221e+00
-6.32622764e+00
-6.30895072e+00
-6.29171894e+00
-6.27500247e+00
-6.25924482e+00
-6.24488252e+00
-6.23236406e+00
-6.22216867e+00
-6.21482475e+00
-6.21092827e+00
-6.21116085e+00
-6.21630754e+00
-6.22727403e+00
-6.24510340e+00
-6.27099252e+00
-6.30630903e+00
-6.35261041e+00
-6.41166791e+00
-6.48549939e+00
-6.57641646e+00
-6.68709108e+00
-6.82064248e+00
-6.98073000e+00
-7.17159517e+00
-7.39789413e+00
-7.66392917e+00
-7.97139964e+00
-8.31384602e+00
-8.66436513e+00
-8.95112302e+00
-9.01439380e+00
-8.54469230e+00
-7.02502232e+00
-3.75330435e+00
1.90953145e+00
9.94964758e+00
1.42581340e+01
8.22114920e+00
6.16444466e+00
2.00441270e+00
-9.68734190e-01
-3.04326688e+00
-4.48902132e+00
-5.50165212e+00
-6.21378064e+00
-6.71445034e+00
-7.06411167e+00
-7.30452274e+00
-7.46505753e+00
-7.56673277e+00
-7.62481757e+00
-7.65055613e+00
-7.65232640e+00
-7.63643331e+00
-7.60766098e+00
-7.56966335e+00
-7.52524466e+00
-7.47656391e+00
-7.42528591e+00
-7.37269445e+00
-7.31977828e+00
-7.26729733e+00
-7.21583447e+00
-7.16583666e+00
-7.11764831e+00
-7.07153899e+00
-7.02772689e+00
-6.98639962e+00
-6.94773294e+00
-6.91190844e+00
-6.87913066e+00
-6.84964422e+00
-6.82375123e+00
-6.80182937e+00
-6.78435086e+00
-6.77190247e+00
-6.76520701e+00
-6.76514652e+00
-6.77278805e+00
-6.78941338e+00
-6.81655476e+00
-6.85604061e+00
-6.91005665e+00
-6.98123109e+00
-7.07275552e+00
-7.18855590e+00
-7.33352684e+00
-7.51382865e+00
-7.73719584e+00
-8.01306307e+00
-8.35194934e+00
-8.76268168e+00
-9.24418429e+00
-9.76502170e+00
-1.02185516e+01
-1.03377943e+01
-9.56584761e+00
-6.93784678e+00
-1.18094818e+00
8.56403745e+00
1.41664453e+01
8.27801909e+00
5.11885203e+00
-7.62984381e-01
-4.45524159e+00
-6.72089276e+00
-8.09743091e+00
-8.92003155e+00
-9.39324134e+00
-9.64307129e+00
-9.74858328e+00
-9.76036291e+00
-9.71137719e+00
-9.62346628e+00
-9.51130256e+00
-9.38485322e+00
-9.25094169e+00
-9.11425633e+00
-8.97801385e+00
-8.84440343e+00
-8.71488904e+00
-8.59041859e+00
-8.47157084e+00
-8.35866019e+00
-8.25181234e+00
-8.15101991e+00
-8.05618384e+00
-7.96714481e+00
-7.88370773e+00
-7.80566128e+00
-7.73279423e+00
-7.66490967e+00
-7.60183807e+00
-7.54345007e+00
-7.48966940e+00
-7.44048666e+00
-7.39597437e+00
-7.35630366e+00
-7.32176311e+00
-7.29278014e+00
-7.26994544e+00
-7.25404121e+00
-7.24607425e+00
-7.24731537e+00
-7.25934783e+00
-7.28412866e+00
-7.32406919e+00
-7.38214446e+00
-7.46204629e+00
-7.56840173e+00
-7.70708760e+00
-7.88568000e+00
-8.11407540e+00
-8.40527763e+00
-8.77617595e+00
-9.24761994e+00
-9.84166689e+00
-1.05702843e+01
-1.14016929e+01
-1.21754360e+01
-1.24199119e+01
-1.10437589e+01
-6.04134894e+00
5.12882712e+00
1.23662084e+01
6.01781778e+00
6.41006947e-01
-7.25498630e+00
-1.11387845e+01
-1.29274163e+01
-1.36353137e+01
-1.37830885e+01
-1.36415578e+01
-1.33545972e+01
-1.30000452e+01
-1.26205119e+01
-1.22393802e+01
-1.18693293e+01
-1.15169790e+01
-1.11854758e+01
-1.08759602e+01
-1.05884154e+01
-1.03221659e+01
-1.00761747e+01
-9.84922258e+00
-9.64001650e+00
-9.44725564e+00
-9.26967118e+00
-9.10604987e+00
-8.95524771e+00
-8.81619750e+00
-8.68791286e+00
-8.56949029e+00
-8.46011063e+00
-8.35904040e+00
-8.26563401e+00
-8.17933702e+00
-8.09969112e+00
-8.02634107e+00
-7.95904414e+00
-7.89768220e+00
-7.84227720e+00
-7.79301020e+00
-7.75024452e+00
-7.71455378e+00
-7.68675535e+00
-7.66795051e+00
-7.65957281e+00
-7.66344712e+00
-7.68186314e+00
-7.71766950e+00
-7.77439790e+00
-7.85643266e+00
-7.96924989e+00
-8.11976463e+00
-8.31684572e+00
-8.57208819e+00
-8.90096825e+00
-9.32451949e+00
-9.87156199e+00
-1.05809558e+01
-1.15013068e+01
-1.26790396e+01
-1.41070117e+01
-1.55592945e+01
-1.61531015e+01
-1.34472245e+01
-2.40103766e+00
6.85151379e+00
-3.34522961e+00
-1.39572322e+01
-2.14196882e+01
-2.29067733e+01
-2.23544632e+01
-2.11588903e+01
-1.98333333e+01
-1.85634983e+01
-1.74090265e+01
-1.63809146e+01
-1.54722546e+01
-1.46705441e+01
-1.39625103e+01
-1.33358629e+01
-1.27797998e+01
-1.22850260e+01
-1.18436035e+01
-1.14487596e+01
-1.10947033e+01
-1.07764650e+01
-1.04897620e+01
-1.02308885e+01
-9.99662530e+00
-9.78416641e+00
-9.59105971e+00
-9.41515852e+00
-9.25458263e+00
-9.10768715e+00
-8.97303805e+00
-8.84939366e+00
-8.73569143e+00
-8.63103971e+00
-8.53471433e+00
-8.44615988e+00
-8.36499584e+00
-8.29102764e+00
-8.22426303e+00
-8.16493388e+00
-8.11352410e+00
-8.07080394e+00
-8.03787145e+00
-8.01620204e+00
-8.00770745e+00
-8.01480619e+00
-8.04050900e+00
-8.08852462e+00
-8.16339521e+00
-8.27067620e+00
-8.41718567e+00
-8.61136439e+00
-8.86381611e+00
-9.18814382e+00
-9.60227804e+00
-1.01306225e+01
-1.08075445e+01
-1.16829889e+01
-1.28310354e+01
-1.43607110e+01
-1.64193984e+01
-1.91395363e+01
-2.23303175e+01
-2.42643845e+01
-1.80484825e+01
-5.79621559e+00
-9.66102967e+00
-2.33189668e+01
-2.90112883e+01
-2.89352588e+01
-2.70748834e+01
-2.48510860e+01
-2.27424819e+01
-2.08822794e+01
-1.92816791e+01
-1.79135107e+01
-1.67426955e+01
-1.57364649e+01
-1.48670486e+01
-1.41117296e+01
-1.34521234e+01
-1.28733441e+01
-1.23632713e+01
-1.19119581e+01
-1.15111726e+01
-1.11540448e+01
-1.08347973e+01
-1.05485364e+01
-1.02910918e+01
-1.00588902e+01
-9.84885678e+00
-9.65833745e+00
-9.48503718e+00
-9.32697168e+00
-9.18242990e+00
-9.04994547e+00
-8.92827605e+00
-8.81638966e+00
-8.71345755e+00
-8.61885326e+00
-8.53215783e+00
-8.45317111e+00
-8.38192948e+00
-8.31873013e+00
-8.26416218e+00
-8.21914534e+00
-8.18497611e+00
-8.16338291e+00
-8.15659046e+00
-8.16739593e+00
-8.19925871e+00
-8.25640962e+00
-8.34398638e+00
-8.46821003e+00
-8.63662380e+00
-8.85843374e+00
-9.14501431e+00
-9.51068972e+00
-9.97397739e+00
-1.05596188e+01
-1.13019559e+01
-1.22506003e+01
-1.34798649e+01
-1.51035434e+01
-1.72927696e+01
-2.02685634e+01
-2.41129558e+01
-2.77700726e+01
-2.55931938e+01
-1.21047721e+01
